ISO-10303-21;
HEADER;
FILE_DESCRIPTION(('Open CASCADE Model'),'2;1');
FILE_NAME('Open CASCADE Shape Model','2026-09-20T19:28:58',('Author'),(
    'Open CASCADE'),'Open CASCADE STEP processor 7.9','Open CASCADE 7.9'
  ,'Unknown');
FILE_SCHEMA(('AUTOMOTIVE_DESIGN { 1 0 10303 214 1 1 1 1 }'));
ENDSEC;
DATA;
#1 = APPLICATION_PROTOCOL_DEFINITION('international standard',
  'automotive_design',2000,#2);
#2 = APPLICATION_CONTEXT(
  'core data for automotive mechanical design processes');
#3 = SHAPE_DEFINITION_REPRESENTATION(#4,#10);
#4 = PRODUCT_DEFINITION_SHAPE('','',#5);
#5 = PRODUCT_DEFINITION('design','',#6,#9);
#6 = PRODUCT_DEFINITION_FORMATION('','',#7);
#7 = PRODUCT('Open CASCADE STEP translator 7.9 11',
  'Open CASCADE STEP translator 7.9 11','',(#8));
#8 = PRODUCT_CONTEXT('',#2,'mechanical');
#9 = PRODUCT_DEFINITION_CONTEXT('part definition',#2,'design');
#10 = SHAPE_REPRESENTATION('',(#11,#15,#19,#23),#27);
#11 = AXIS2_PLACEMENT_3D('',#12,#13,#14);
#12 = CARTESIAN_POINT('',(0.,0.,0.));
#13 = DIRECTION('',(0.,0.,1.));
#14 = DIRECTION('',(1.,0.,-0.));
#15 = AXIS2_PLACEMENT_3D('',#16,#17,#18);
#16 = CARTESIAN_POINT('',(0.,0.,0.));
#17 = DIRECTION('',(0.,0.,1.));
#18 = DIRECTION('',(1.,0.,-0.));
#19 = AXIS2_PLACEMENT_3D('',#20,#21,#22);
#20 = CARTESIAN_POINT('',(0.,0.,0.));
#21 = DIRECTION('',(0.,0.,1.));
#22 = DIRECTION('',(1.,0.,-0.));
#23 = AXIS2_PLACEMENT_3D('',#24,#25,#26);
#24 = CARTESIAN_POINT('',(0.,0.,0.));
#25 = DIRECTION('',(0.,0.,1.));
#26 = DIRECTION('',(1.,0.,-0.));
#27 = ( GEOMETRIC_REPRESENTATION_CONTEXT(3) 
GLOBAL_UNCERTAINTY_ASSIGNED_CONTEXT((#31)) GLOBAL_UNIT_ASSIGNED_CONTEXT(
(#28,#29,#30)) REPRESENTATION_CONTEXT('Context #1',
  '3D Context with UNIT and UNCERTAINTY') );
#28 = ( LENGTH_UNIT() NAMED_UNIT(*) SI_UNIT(.MILLI.,.METRE.) );
#29 = ( NAMED_UNIT(*) PLANE_ANGLE_UNIT() SI_UNIT($,.RADIAN.) );
#30 = ( NAMED_UNIT(*) SI_UNIT($,.STERADIAN.) SOLID_ANGLE_UNIT() );
#31 = UNCERTAINTY_MEASURE_WITH_UNIT(LENGTH_MEASURE(2.E-07),#28,
  'distance_accuracy_value','confusion accuracy');
#32 = PRODUCT_RELATED_PRODUCT_CATEGORY('part',$,(#7));
#33 = SHAPE_DEFINITION_REPRESENTATION(#34,#40);
#34 = PRODUCT_DEFINITION_SHAPE('','',#35);
#35 = PRODUCT_DEFINITION('design','',#36,#39);
#36 = PRODUCT_DEFINITION_FORMATION('','',#37);
#37 = PRODUCT('Open CASCADE STEP translator 7.9 11.1',
  'Open CASCADE STEP translator 7.9 11.1','',(#38));
#38 = PRODUCT_CONTEXT('',#2,'mechanical');
#39 = PRODUCT_DEFINITION_CONTEXT('part definition',#2,'design');
#40 = ADVANCED_BREP_SHAPE_REPRESENTATION('',(#11,#41),#5545);
#41 = MANIFOLD_SOLID_BREP('',#42);
#42 = CLOSED_SHELL('',(#43,#2043,#2152,#2367,#2444,#2493,#2543,#2615,
    #2643,#2721,#2775,#2830,#2884,#2939,#2993,#3049,#3105,#3137,#3216,
    #3271,#3326,#3382,#3438,#3493,#3548,#3581,#3657,#3712,#3766,#3821,
    #3875,#3930,#3984,#4017,#4044,#4051,#4107,#4134,#4141,#4191,#4246,
    #4273,#4323,#4350,#4400,#4427,#4431,#4458,#4535,#4589,#4643,#4698,
    #4753,#4807,#4861,#4894,#4972,#4999,#5049,#5076,#5126,#5153,#5201,
    #5207,#5211,#5218,#5268,#5323,#5373,#5400,#5427,#5477,#5525,#5531,
    #5538));
#43 = ADVANCED_FACE('',(#44,#884,#1643),#58,.T.);
#44 = FACE_BOUND('',#45,.F.);
#45 = EDGE_LOOP('',(#46,#80,#113,#136,#215,#241,#320,#343,#371,#392,#393
    ,#425,#458,#519,#545,#606,#639,#669,#670,#698,#725,#753,#780,#813,
    #840,#863));
#46 = ORIENTED_EDGE('',*,*,#47,.F.);
#47 = EDGE_CURVE('',#48,#50,#52,.T.);
#48 = VERTEX_POINT('',#49);
#49 = CARTESIAN_POINT('',(-675.,238.94298483111,22.5));
#50 = VERTEX_POINT('',#51);
#51 = CARTESIAN_POINT('',(-1.11E+03,238.94298483111,22.5));
#52 = SURFACE_CURVE('',#53,(#57,#68),.PCURVE_S1.);
#53 = LINE('',#54,#55);
#54 = CARTESIAN_POINT('',(-1.11E+03,238.94298483111,22.5));
#55 = VECTOR('',#56,1.);
#56 = DIRECTION('',(-1.,-0.,-0.));
#57 = PCURVE('',#58,#63);
#58 = CYLINDRICAL_SURFACE('',#59,240.);
#59 = AXIS2_PLACEMENT_3D('',#60,#61,#62);
#60 = CARTESIAN_POINT('',(-1.11E+03,0.,0.));
#61 = DIRECTION('',(-1.,-0.,-0.));
#62 = DIRECTION('',(0.,1.,0.));
#63 = DEFINITIONAL_REPRESENTATION('',(#64),#67);
#64 = B_SPLINE_CURVE_WITH_KNOTS('',1,(#65,#66),.UNSPECIFIED.,.F.,.F.,(2,
    2),(-480.,6.000000212225E-07),.PIECEWISE_BEZIER_KNOTS.);
#65 = CARTESIAN_POINT('',(-9.388787510752E-02,-480.));
#66 = CARTESIAN_POINT('',(-9.388787510752E-02,6.000000212225E-07));
#67 = ( GEOMETRIC_REPRESENTATION_CONTEXT(2) 
PARAMETRIC_REPRESENTATION_CONTEXT() REPRESENTATION_CONTEXT('2D SPACE',''
  ) );
#68 = PCURVE('',#69,#74);
#69 = PLANE('',#70);
#70 = AXIS2_PLACEMENT_3D('',#71,#72,#73);
#71 = CARTESIAN_POINT('',(-1.125E+03,-525.,22.5));
#72 = DIRECTION('',(0.,0.,1.));
#73 = DIRECTION('',(1.,0.,0.));
#74 = DEFINITIONAL_REPRESENTATION('',(#75),#79);
#75 = LINE('',#76,#77);
#76 = CARTESIAN_POINT('',(15.,763.94298483111));
#77 = VECTOR('',#78,1.);
#78 = DIRECTION('',(-1.,0.));
#79 = ( GEOMETRIC_REPRESENTATION_CONTEXT(2) 
PARAMETRIC_REPRESENTATION_CONTEXT() REPRESENTATION_CONTEXT('2D SPACE',''
  ) );
#80 = ORIENTED_EDGE('',*,*,#81,.T.);
#81 = EDGE_CURVE('',#48,#82,#84,.T.);
#82 = VERTEX_POINT('',#83);
#83 = CARTESIAN_POINT('',(-675.,240.,0.));
#84 = SURFACE_CURVE('',#85,(#90,#97),.PCURVE_S1.);
#85 = CIRCLE('',#86,240.);
#86 = AXIS2_PLACEMENT_3D('',#87,#88,#89);
#87 = CARTESIAN_POINT('',(-675.,0.,0.));
#88 = DIRECTION('',(-1.,0.,0.));
#89 = DIRECTION('',(0.,1.,0.));
#90 = PCURVE('',#58,#91);
#91 = DEFINITIONAL_REPRESENTATION('',(#92),#96);
#92 = LINE('',#93,#94);
#93 = CARTESIAN_POINT('',(-6.28318530718,-435.));
#94 = VECTOR('',#95,1.);
#95 = DIRECTION('',(1.,-0.));
#96 = ( GEOMETRIC_REPRESENTATION_CONTEXT(2) 
PARAMETRIC_REPRESENTATION_CONTEXT() REPRESENTATION_CONTEXT('2D SPACE',''
  ) );
#97 = PCURVE('',#98,#103);
#98 = PLANE('',#99);
#99 = AXIS2_PLACEMENT_3D('',#100,#101,#102);
#100 = CARTESIAN_POINT('',(-675.,-525.,-22.5));
#101 = DIRECTION('',(1.,0.,0.));
#102 = DIRECTION('',(0.,0.,1.));
#103 = DEFINITIONAL_REPRESENTATION('',(#104),#112);
#104 = ( BOUNDED_CURVE() B_SPLINE_CURVE(2,(#105,#106,#107,#108,#109,#110
,#111),.UNSPECIFIED.,.T.,.F.) B_SPLINE_CURVE_WITH_KNOTS((1,2,2,2,2,1),(
    -2.094395102393,0.,2.094395102393,4.188790204786,6.28318530718,
8.377580409573),.UNSPECIFIED.) CURVE() GEOMETRIC_REPRESENTATION_ITEM() 
RATIONAL_B_SPLINE_CURVE((1.,0.5,1.,0.5,1.,0.5,1.)) REPRESENTATION_ITEM(
  '') );
#105 = CARTESIAN_POINT('',(22.5,-765.));
#106 = CARTESIAN_POINT('',(-393.1921938165,-765.));
#107 = CARTESIAN_POINT('',(-185.3460969082,-405.));
#108 = CARTESIAN_POINT('',(22.5,-45.));
#109 = CARTESIAN_POINT('',(230.34609690826,-405.));
#110 = CARTESIAN_POINT('',(438.19219381653,-765.));
#111 = CARTESIAN_POINT('',(22.5,-765.));
#112 = ( GEOMETRIC_REPRESENTATION_CONTEXT(2) 
PARAMETRIC_REPRESENTATION_CONTEXT() REPRESENTATION_CONTEXT('2D SPACE',''
  ) );
#113 = ORIENTED_EDGE('',*,*,#114,.T.);
#114 = EDGE_CURVE('',#82,#115,#117,.T.);
#115 = VERTEX_POINT('',#116);
#116 = CARTESIAN_POINT('',(-349.6643191323,240.,0.));
#117 = SEAM_CURVE('',#118,(#122,#129),.PCURVE_S1.);
#118 = LINE('',#119,#120);
#119 = CARTESIAN_POINT('',(-1.11E+03,240.,0.));
#120 = VECTOR('',#121,1.);
#121 = DIRECTION('',(1.,0.,0.));
#122 = PCURVE('',#58,#123);
#123 = DEFINITIONAL_REPRESENTATION('',(#124),#128);
#124 = LINE('',#125,#126);
#125 = CARTESIAN_POINT('',(-6.28318530718,0.));
#126 = VECTOR('',#127,1.);
#127 = DIRECTION('',(-0.,-1.));
#128 = ( GEOMETRIC_REPRESENTATION_CONTEXT(2) 
PARAMETRIC_REPRESENTATION_CONTEXT() REPRESENTATION_CONTEXT('2D SPACE',''
  ) );
#129 = PCURVE('',#58,#130);
#130 = DEFINITIONAL_REPRESENTATION('',(#131),#135);
#131 = LINE('',#132,#133);
#132 = CARTESIAN_POINT('',(-0.,0.));
#133 = VECTOR('',#134,1.);
#134 = DIRECTION('',(-0.,-1.));
#135 = ( GEOMETRIC_REPRESENTATION_CONTEXT(2) 
PARAMETRIC_REPRESENTATION_CONTEXT() REPRESENTATION_CONTEXT('2D SPACE',''
  ) );
#136 = ORIENTED_EDGE('',*,*,#137,.T.);
#137 = EDGE_CURVE('',#115,#138,#140,.T.);
#138 = VERTEX_POINT('',#139);
#139 = CARTESIAN_POINT('',(-326.,239.16521486202,20.));
#140 = SURFACE_CURVE('',#141,(#162,#186),.PCURVE_S1.);
#141 = B_SPLINE_CURVE_WITH_KNOTS('',7,(#142,#143,#144,#145,#146,#147,
    #148,#149,#150,#151,#152,#153,#154,#155,#156,#157,#158,#159,#160,
    #161),.UNSPECIFIED.,.F.,.F.,(8,6,6,8),(0.,0.270560603203,
    0.444391679375,1.),.UNSPECIFIED.);
#142 = CARTESIAN_POINT('',(-349.6643191323,240.,1.42108547152E-14));
#143 = CARTESIAN_POINT('',(-349.3973552814,240.,1.579379441475));
#144 = CARTESIAN_POINT('',(-349.0121529327,239.98787465844,3.1099359811)
  );
#145 = CARTESIAN_POINT('',(-348.5186774652,239.96497114581,4.58053130345
    ));
#146 = CARTESIAN_POINT('',(-347.9282862704,239.93309092579,
    5.981478517777));
#147 = CARTESIAN_POINT('',(-347.253677798,239.89428124268,7.304720925335
    ));
#148 = CARTESIAN_POINT('',(-346.5088401131,239.85063482438,
    8.544010380463));
#149 = CARTESIAN_POINT('',(-345.1951131781,239.77419847041,
    10.434633354658));
#150 = CARTESIAN_POINT('',(-344.656991153,239.74301682346,
    11.139971769355));
#151 = CARTESIAN_POINT('',(-344.0971775867,239.71098478738,
    11.811376989763));
#152 = CARTESIAN_POINT('',(-343.5179779862,239.67849225583,
    12.449227343034));
#153 = CARTESIAN_POINT('',(-342.9214798638,239.64588831717,
    13.05397906951));
#154 = CARTESIAN_POINT('',(-342.3095739345,239.61348248274,
    13.626142409019));
#155 = CARTESIAN_POINT('',(-339.6844030469,239.47946852482,
    15.892603454801));
#156 = CARTESIAN_POINT('',(-337.5425648142,239.38206472104,
    17.293602271439));
#157 = CARTESIAN_POINT('',(-335.3097352322,239.2980214538,
    18.389060400798));
#158 = CARTESIAN_POINT('',(-333.0187347699,239.23233311608,
    19.197396044901));
#159 = CARTESIAN_POINT('',(-330.6925966241,239.18762411578,
    19.732020762465));
#160 = CARTESIAN_POINT('',(-328.3479145426,239.16521486202,20.));
#161 = CARTESIAN_POINT('',(-326.,239.16521486202,20.));
#162 = PCURVE('',#58,#163);
#163 = DEFINITIONAL_REPRESENTATION('',(#164),#185);
#164 = B_SPLINE_CURVE_WITH_KNOTS('',7,(#165,#166,#167,#168,#169,#170,
    #171,#172,#173,#174,#175,#176,#177,#178,#179,#180,#181,#182,#183,
    #184),.UNSPECIFIED.,.F.,.F.,(8,6,6,8),(0.,0.270560603203,
    0.444391679375,1.),.UNSPECIFIED.);
#165 = CARTESIAN_POINT('',(0.,-760.3356808676));
#166 = CARTESIAN_POINT('',(-6.580747672811E-03,-760.6026447185));
#167 = CARTESIAN_POINT('',(-1.295806637555E-02,-760.9878470672));
#168 = CARTESIAN_POINT('',(-1.908601306123E-02,-761.4813225347));
#169 = CARTESIAN_POINT('',(-2.492455928799E-02,-762.0717137295));
#170 = CARTESIAN_POINT('',(-3.044028260677E-02,-762.7463222019));
#171 = CARTESIAN_POINT('',(-3.560711999917E-02,-763.4911598868));
#172 = CARTESIAN_POINT('',(-4.349115113765E-02,-764.8048868218));
#173 = CARTESIAN_POINT('',(-4.643291076848E-02,-765.3430088469));
#174 = CARTESIAN_POINT('',(-4.92335883576E-02,-765.9028224132));
#175 = CARTESIAN_POINT('',(-5.189472166809E-02,-766.4820220137));
#176 = CARTESIAN_POINT('',(-5.441816461559E-02,-767.0785201361));
#177 = CARTESIAN_POINT('',(-5.680599175726E-02,-767.6904260655));
#178 = CARTESIAN_POINT('',(-6.626607365599E-02,-770.3155969531));
#179 = CARTESIAN_POINT('',(-7.211734673357E-02,-772.4574351857));
#180 = CARTESIAN_POINT('',(-7.669507635462E-02,-774.6902647677));
#181 = CARTESIAN_POINT('',(-8.00742288089E-02,-776.98126523));
#182 = CARTESIAN_POINT('',(-8.230960960088E-02,-779.3074033758));
#183 = CARTESIAN_POINT('',(-8.343008661062E-02,-781.6520854573));
#184 = CARTESIAN_POINT('',(-8.343008661062E-02,-784.));
#185 = ( GEOMETRIC_REPRESENTATION_CONTEXT(2) 
PARAMETRIC_REPRESENTATION_CONTEXT() REPRESENTATION_CONTEXT('2D SPACE',''
  ) );
#186 = PCURVE('',#187,#192);
#187 = CYLINDRICAL_SURFACE('',#188,24.);
#188 = AXIS2_PLACEMENT_3D('',#189,#190,#191);
#189 = CARTESIAN_POINT('',(-326.,202.5,-4.));
#190 = DIRECTION('',(0.,1.,0.));
#191 = DIRECTION('',(-1.,0.,0.));
#192 = DEFINITIONAL_REPRESENTATION('',(#193),#214);
#193 = B_SPLINE_CURVE_WITH_KNOTS('',7,(#194,#195,#196,#197,#198,#199,
    #200,#201,#202,#203,#204,#205,#206,#207,#208,#209,#210,#211,#212,
    #213),.UNSPECIFIED.,.F.,.F.,(8,6,6,8),(0.,0.270560603203,
    0.444391679375,1.),.UNSPECIFIED.);
#194 = CARTESIAN_POINT('',(0.16744807922,37.5));
#195 = CARTESIAN_POINT('',(0.234189041959,37.5));
#196 = CARTESIAN_POINT('',(0.299745285075,37.487874658446));
#197 = CARTESIAN_POINT('',(0.364075491966,37.464971145819));
#198 = CARTESIAN_POINT('',(0.427110992541,37.433090925794));
#199 = CARTESIAN_POINT('',(0.488753332112,37.39428124268));
#200 = CARTESIAN_POINT('',(0.548867533267,37.35063482438));
#201 = CARTESIAN_POINT('',(0.644794423199,37.274198470414));
#202 = CARTESIAN_POINT('',(0.681723526396,37.243016823467));
#203 = CARTESIAN_POINT('',(0.71809345893,37.210984787381));
#204 = CARTESIAN_POINT('',(0.753936545627,37.178492255836));
#205 = CARTESIAN_POINT('',(0.789282913282,37.145888317173));
#206 = CARTESIAN_POINT('',(0.82416106641,37.113482482742));
#207 = CARTESIAN_POINT('',(0.968669139168,36.979468524823));
#208 = CARTESIAN_POINT('',(1.074368001226,36.882064721049));
#209 = CARTESIAN_POINT('',(1.176793619628,36.798021453805));
#210 = CARTESIAN_POINT('',(1.276819186065,36.732333116082));
#211 = CARTESIAN_POINT('',(1.375271614962,36.687624115782));
#212 = CARTESIAN_POINT('',(1.472966554185,36.665214862028));
#213 = CARTESIAN_POINT('',(1.570796326795,36.665214862028));
#214 = ( GEOMETRIC_REPRESENTATION_CONTEXT(2) 
PARAMETRIC_REPRESENTATION_CONTEXT() REPRESENTATION_CONTEXT('2D SPACE',''
  ) );
#215 = ORIENTED_EDGE('',*,*,#216,.F.);
#216 = EDGE_CURVE('',#217,#138,#219,.T.);
#217 = VERTEX_POINT('',#218);
#218 = CARTESIAN_POINT('',(526.,239.16521486202,20.));
#219 = SURFACE_CURVE('',#220,(#224,#230),.PCURVE_S1.);
#220 = LINE('',#221,#222);
#221 = CARTESIAN_POINT('',(-1.11E+03,239.16521486202,20.));
#222 = VECTOR('',#223,1.);
#223 = DIRECTION('',(-1.,-0.,-0.));
#224 = PCURVE('',#58,#225);
#225 = DEFINITIONAL_REPRESENTATION('',(#226),#229);
#226 = B_SPLINE_CURVE_WITH_KNOTS('',1,(#227,#228),.UNSPECIFIED.,.F.,.F.,
  (2,2),(-1.7212E+03,-698.8),.PIECEWISE_BEZIER_KNOTS.);
#227 = CARTESIAN_POINT('',(-8.343008661062E-02,-1.7212E+03));
#228 = CARTESIAN_POINT('',(-8.343008661062E-02,-698.8));
#229 = ( GEOMETRIC_REPRESENTATION_CONTEXT(2) 
PARAMETRIC_REPRESENTATION_CONTEXT() REPRESENTATION_CONTEXT('2D SPACE',''
  ) );
#230 = PCURVE('',#231,#236);
#231 = PLANE('',#232);
#232 = AXIS2_PLACEMENT_3D('',#233,#234,#235);
#233 = CARTESIAN_POINT('',(-350.,202.5,20.));
#234 = DIRECTION('',(0.,0.,1.));
#235 = DIRECTION('',(1.,0.,0.));
#236 = DEFINITIONAL_REPRESENTATION('',(#237),#240);
#237 = B_SPLINE_CURVE_WITH_KNOTS('',1,(#238,#239),.UNSPECIFIED.,.F.,.F.,
  (2,2),(-1.7212E+03,-698.8),.PIECEWISE_BEZIER_KNOTS.);
#238 = CARTESIAN_POINT('',(961.2,36.665214862028));
#239 = CARTESIAN_POINT('',(-61.2,36.665214862028));
#240 = ( GEOMETRIC_REPRESENTATION_CONTEXT(2) 
PARAMETRIC_REPRESENTATION_CONTEXT() REPRESENTATION_CONTEXT('2D SPACE',''
  ) );
#241 = ORIENTED_EDGE('',*,*,#242,.F.);
#242 = EDGE_CURVE('',#243,#217,#245,.T.);
#243 = VERTEX_POINT('',#244);
#244 = CARTESIAN_POINT('',(549.66431913239,240.,0.));
#245 = SURFACE_CURVE('',#246,(#267,#291),.PCURVE_S1.);
#246 = B_SPLINE_CURVE_WITH_KNOTS('',7,(#247,#248,#249,#250,#251,#252,
    #253,#254,#255,#256,#257,#258,#259,#260,#261,#262,#263,#264,#265,
    #266),.UNSPECIFIED.,.F.,.F.,(8,6,6,8),(0.,0.270560604073,
    0.444391677696,1.),.UNSPECIFIED.);
#247 = CARTESIAN_POINT('',(549.66431913239,240.,1.42108547152E-14));
#248 = CARTESIAN_POINT('',(549.39735528145,240.,1.579379441408));
#249 = CARTESIAN_POINT('',(549.0121529327,239.98787465844,3.109935981172
    ));
#250 = CARTESIAN_POINT('',(548.51867746517,239.96497114581,4.58053130349
    ));
#251 = CARTESIAN_POINT('',(547.92828627041,239.93309092579,
    5.981478517725));
#252 = CARTESIAN_POINT('',(547.25367779814,239.89428124268,
    7.304720925292));
#253 = CARTESIAN_POINT('',(546.50884011307,239.85063482437,
    8.544010380511));
#254 = CARTESIAN_POINT('',(545.19511318736,239.77419847095,
    10.434633341404));
#255 = CARTESIAN_POINT('',(544.65699114266,239.7430168229,
    11.139971780548));
#256 = CARTESIAN_POINT('',(544.09717757926,239.71098478694,
    11.811377000271));
#257 = CARTESIAN_POINT('',(543.5179779951,239.67849225629,
    12.449227335214));
#258 = CARTESIAN_POINT('',(542.92147987389,239.64588831772,
    13.053979057767));
#259 = CARTESIAN_POINT('',(542.3095739234,239.61348248217,
    13.626142418594));
#260 = CARTESIAN_POINT('',(539.68440304698,239.47946852482,
    15.892603454724));
#261 = CARTESIAN_POINT('',(537.54256481405,239.38206472103,
    17.29360227164));
#262 = CARTESIAN_POINT('',(535.30973523229,239.29802145381,
    18.389060400575));
#263 = CARTESIAN_POINT('',(533.01873477018,239.23233311607,
    19.19739604502));
#264 = CARTESIAN_POINT('',(530.69259662382,239.18762411578,
    19.73202076244));
#265 = CARTESIAN_POINT('',(528.34791454274,239.16521486202,20.));
#266 = CARTESIAN_POINT('',(526.,239.16521486202,20.));
#267 = PCURVE('',#58,#268);
#268 = DEFINITIONAL_REPRESENTATION('',(#269),#290);
#269 = B_SPLINE_CURVE_WITH_KNOTS('',7,(#270,#271,#272,#273,#274,#275,
    #276,#277,#278,#279,#280,#281,#282,#283,#284,#285,#286,#287,#288,
    #289),.UNSPECIFIED.,.F.,.F.,(8,6,6,8),(0.,0.270560604073,
    0.444391677696,1.),.UNSPECIFIED.);
#270 = CARTESIAN_POINT('',(0.,-1.659664319132E+03));
#271 = CARTESIAN_POINT('',(-6.580747672534E-03,-1.659397355281E+03));
#272 = CARTESIAN_POINT('',(-1.295806637585E-02,-1.659012152933E+03));
#273 = CARTESIAN_POINT('',(-1.908601306139E-02,-1.658518677465E+03));
#274 = CARTESIAN_POINT('',(-2.492455928777E-02,-1.65792828627E+03));
#275 = CARTESIAN_POINT('',(-3.04402826066E-02,-1.657253677798E+03));
#276 = CARTESIAN_POINT('',(-3.560711999937E-02,-1.656508840113E+03));
#277 = CARTESIAN_POINT('',(-4.349115108238E-02,-1.655195113187E+03));
#278 = CARTESIAN_POINT('',(-4.643291081518E-02,-1.654656991143E+03));
#279 = CARTESIAN_POINT('',(-4.923358840142E-02,-1.654097177579E+03));
#280 = CARTESIAN_POINT('',(-5.189472163545E-02,-1.653517977995E+03));
#281 = CARTESIAN_POINT('',(-5.44181645666E-02,-1.652921479874E+03));
#282 = CARTESIAN_POINT('',(-5.680599179723E-02,-1.652309573923E+03));
#283 = CARTESIAN_POINT('',(-6.626607365567E-02,-1.649684403047E+03));
#284 = CARTESIAN_POINT('',(-7.211734673441E-02,-1.647542564814E+03));
#285 = CARTESIAN_POINT('',(-7.669507635369E-02,-1.645309735232E+03));
#286 = CARTESIAN_POINT('',(-8.007422880939E-02,-1.64301873477E+03));
#287 = CARTESIAN_POINT('',(-8.230960960078E-02,-1.640692596624E+03));
#288 = CARTESIAN_POINT('',(-8.343008661062E-02,-1.638347914543E+03));
#289 = CARTESIAN_POINT('',(-8.343008661062E-02,-1.636E+03));
#290 = ( GEOMETRIC_REPRESENTATION_CONTEXT(2) 
PARAMETRIC_REPRESENTATION_CONTEXT() REPRESENTATION_CONTEXT('2D SPACE',''
  ) );
#291 = PCURVE('',#292,#297);
#292 = CYLINDRICAL_SURFACE('',#293,24.);
#293 = AXIS2_PLACEMENT_3D('',#294,#295,#296);
#294 = CARTESIAN_POINT('',(526.,202.5,-4.));
#295 = DIRECTION('',(0.,1.,0.));
#296 = DIRECTION('',(1.,0.,-0.));
#297 = DEFINITIONAL_REPRESENTATION('',(#298),#319);
#298 = B_SPLINE_CURVE_WITH_KNOTS('',7,(#299,#300,#301,#302,#303,#304,
    #305,#306,#307,#308,#309,#310,#311,#312,#313,#314,#315,#316,#317,
    #318),.UNSPECIFIED.,.F.,.F.,(8,6,6,8),(0.,0.270560604073,
    0.444391677696,1.),.UNSPECIFIED.);
#299 = CARTESIAN_POINT('',(-0.16744807922,37.5));
#300 = CARTESIAN_POINT('',(-0.234189041957,37.5));
#301 = CARTESIAN_POINT('',(-0.299745285078,37.487874658446));
#302 = CARTESIAN_POINT('',(-0.364075491968,37.464971145818));
#303 = CARTESIAN_POINT('',(-0.427110992538,37.433090925794));
#304 = CARTESIAN_POINT('',(-0.48875333211,37.394281242682));
#305 = CARTESIAN_POINT('',(-0.548867533269,37.350634824378));
#306 = CARTESIAN_POINT('',(-0.644794422527,37.27419847095));
#307 = CARTESIAN_POINT('',(-0.681723527035,37.243016822907));
#308 = CARTESIAN_POINT('',(-0.718093459467,37.210984786947));
#309 = CARTESIAN_POINT('',(-0.753936545136,37.178492256291));
#310 = CARTESIAN_POINT('',(-0.789282912633,37.145888317728));
#311 = CARTESIAN_POINT('',(-0.82416106702,37.113482482176));
#312 = CARTESIAN_POINT('',(-0.968669139163,36.979468524827));
#313 = CARTESIAN_POINT('',(-1.074368001237,36.882064721037));
#314 = CARTESIAN_POINT('',(-1.176793619622,36.798021453818));
#315 = CARTESIAN_POINT('',(-1.276819186058,36.732333116075));
#316 = CARTESIAN_POINT('',(-1.375271614973,36.687624115783));
#317 = CARTESIAN_POINT('',(-1.47296655418,36.665214862028));
#318 = CARTESIAN_POINT('',(-1.570796326795,36.665214862028));
#319 = ( GEOMETRIC_REPRESENTATION_CONTEXT(2) 
PARAMETRIC_REPRESENTATION_CONTEXT() REPRESENTATION_CONTEXT('2D SPACE',''
  ) );
#320 = ORIENTED_EDGE('',*,*,#321,.T.);
#321 = EDGE_CURVE('',#243,#322,#324,.T.);
#322 = VERTEX_POINT('',#323);
#323 = CARTESIAN_POINT('',(1.11E+03,240.,0.));
#324 = SEAM_CURVE('',#325,(#329,#336),.PCURVE_S1.);
#325 = LINE('',#326,#327);
#326 = CARTESIAN_POINT('',(-1.11E+03,240.,0.));
#327 = VECTOR('',#328,1.);
#328 = DIRECTION('',(1.,0.,0.));
#329 = PCURVE('',#58,#330);
#330 = DEFINITIONAL_REPRESENTATION('',(#331),#335);
#331 = LINE('',#332,#333);
#332 = CARTESIAN_POINT('',(-6.28318530718,0.));
#333 = VECTOR('',#334,1.);
#334 = DIRECTION('',(-0.,-1.));
#335 = ( GEOMETRIC_REPRESENTATION_CONTEXT(2) 
PARAMETRIC_REPRESENTATION_CONTEXT() REPRESENTATION_CONTEXT('2D SPACE',''
  ) );
#336 = PCURVE('',#58,#337);
#337 = DEFINITIONAL_REPRESENTATION('',(#338),#342);
#338 = LINE('',#339,#340);
#339 = CARTESIAN_POINT('',(-0.,0.));
#340 = VECTOR('',#341,1.);
#341 = DIRECTION('',(-0.,-1.));
#342 = ( GEOMETRIC_REPRESENTATION_CONTEXT(2) 
PARAMETRIC_REPRESENTATION_CONTEXT() REPRESENTATION_CONTEXT('2D SPACE',''
  ) );
#343 = ORIENTED_EDGE('',*,*,#344,.T.);
#344 = EDGE_CURVE('',#322,#345,#347,.T.);
#345 = VERTEX_POINT('',#346);
#346 = CARTESIAN_POINT('',(1.11E+03,5.878304635907E-14,240.));
#347 = SURFACE_CURVE('',#348,(#353,#360),.PCURVE_S1.);
#348 = CIRCLE('',#349,240.);
#349 = AXIS2_PLACEMENT_3D('',#350,#351,#352);
#350 = CARTESIAN_POINT('',(1.11E+03,0.,0.));
#351 = DIRECTION('',(1.,0.,0.));
#352 = DIRECTION('',(0.,1.,0.));
#353 = PCURVE('',#58,#354);
#354 = DEFINITIONAL_REPRESENTATION('',(#355),#359);
#355 = LINE('',#356,#357);
#356 = CARTESIAN_POINT('',(-0.,-2.22E+03));
#357 = VECTOR('',#358,1.);
#358 = DIRECTION('',(-1.,0.));
#359 = ( GEOMETRIC_REPRESENTATION_CONTEXT(2) 
PARAMETRIC_REPRESENTATION_CONTEXT() REPRESENTATION_CONTEXT('2D SPACE',''
  ) );
#360 = PCURVE('',#361,#366);
#361 = CONICAL_SURFACE('',#362,240.,0.741947268006);
#362 = AXIS2_PLACEMENT_3D('',#363,#364,#365);
#363 = CARTESIAN_POINT('',(1.11E+03,0.,0.));
#364 = DIRECTION('',(-1.,-0.,-0.));
#365 = DIRECTION('',(-0.,0.,1.));
#366 = DEFINITIONAL_REPRESENTATION('',(#367),#370);
#367 = B_SPLINE_CURVE_WITH_KNOTS('',1,(#368,#369),.UNSPECIFIED.,.F.,.F.,
  (2,2),(0.,1.570796326795),.PIECEWISE_BEZIER_KNOTS.);
#368 = CARTESIAN_POINT('',(-4.712388980385,0.));
#369 = CARTESIAN_POINT('',(-6.28318530718,0.));
#370 = ( GEOMETRIC_REPRESENTATION_CONTEXT(2) 
PARAMETRIC_REPRESENTATION_CONTEXT() REPRESENTATION_CONTEXT('2D SPACE',''
  ) );
#371 = ORIENTED_EDGE('',*,*,#372,.T.);
#372 = EDGE_CURVE('',#345,#322,#373,.T.);
#373 = SURFACE_CURVE('',#374,(#379,#386),.PCURVE_S1.);
#374 = CIRCLE('',#375,240.);
#375 = AXIS2_PLACEMENT_3D('',#376,#377,#378);
#376 = CARTESIAN_POINT('',(1.11E+03,0.,0.));
#377 = DIRECTION('',(1.,0.,0.));
#378 = DIRECTION('',(0.,1.,0.));
#379 = PCURVE('',#58,#380);
#380 = DEFINITIONAL_REPRESENTATION('',(#381),#385);
#381 = LINE('',#382,#383);
#382 = CARTESIAN_POINT('',(-0.,-2.22E+03));
#383 = VECTOR('',#384,1.);
#384 = DIRECTION('',(-1.,0.));
#385 = ( GEOMETRIC_REPRESENTATION_CONTEXT(2) 
PARAMETRIC_REPRESENTATION_CONTEXT() REPRESENTATION_CONTEXT('2D SPACE',''
  ) );
#386 = PCURVE('',#361,#387);
#387 = DEFINITIONAL_REPRESENTATION('',(#388),#391);
#388 = B_SPLINE_CURVE_WITH_KNOTS('',1,(#389,#390),.UNSPECIFIED.,.F.,.F.,
  (2,2),(1.570796326795,6.28318530718),.PIECEWISE_BEZIER_KNOTS.);
#389 = CARTESIAN_POINT('',(0.,0.));
#390 = CARTESIAN_POINT('',(-4.712388980385,0.));
#391 = ( GEOMETRIC_REPRESENTATION_CONTEXT(2) 
PARAMETRIC_REPRESENTATION_CONTEXT() REPRESENTATION_CONTEXT('2D SPACE',''
  ) );
#392 = ORIENTED_EDGE('',*,*,#321,.F.);
#393 = ORIENTED_EDGE('',*,*,#394,.F.);
#394 = EDGE_CURVE('',#395,#243,#397,.T.);
#395 = VERTEX_POINT('',#396);
#396 = CARTESIAN_POINT('',(550.,239.96666435153,-4.));
#397 = SURFACE_CURVE('',#398,(#405,#415),.PCURVE_S1.);
#398 = B_SPLINE_CURVE_WITH_KNOTS('',5,(#399,#400,#401,#402,#403,#404),
  .UNSPECIFIED.,.F.,.F.,(6,6),(0.,1.),.PIECEWISE_BEZIER_KNOTS.);
#399 = CARTESIAN_POINT('',(550.,239.96666435153,-4.));
#400 = CARTESIAN_POINT('',(550.,239.98012229246,-3.192635700956));
#401 = CARTESIAN_POINT('',(549.96604956821,239.99018382566,
    -2.385275769321));
#402 = CARTESIAN_POINT('',(549.89815309786,239.99678753453,
    -1.581641663346));
#403 = CARTESIAN_POINT('',(549.79707064397,240.,-0.785368533828));
#404 = CARTESIAN_POINT('',(549.66431913239,240.,-1.50990331349E-14));
#405 = PCURVE('',#58,#406);
#406 = DEFINITIONAL_REPRESENTATION('',(#407),#414);
#407 = B_SPLINE_CURVE_WITH_KNOTS('',5,(#408,#409,#410,#411,#412,#413),
  .UNSPECIFIED.,.F.,.F.,(6,6),(0.,1.),.PIECEWISE_BEZIER_KNOTS.);
#408 = CARTESIAN_POINT('',(-6.266517868812,-1.66E+03));
#409 = CARTESIAN_POINT('',(-6.269882354046,-1.66E+03));
#410 = CARTESIAN_POINT('',(-6.273246585204,-1.659966049568E+03));
#411 = CARTESIAN_POINT('',(-6.276595133565,-1.659898153098E+03));
#412 = CARTESIAN_POINT('',(-6.279912938289,-1.659797070644E+03));
#413 = CARTESIAN_POINT('',(-6.28318530718,-1.659664319132E+03));
#414 = ( GEOMETRIC_REPRESENTATION_CONTEXT(2) 
PARAMETRIC_REPRESENTATION_CONTEXT() REPRESENTATION_CONTEXT('2D SPACE',''
  ) );
#415 = PCURVE('',#292,#416);
#416 = DEFINITIONAL_REPRESENTATION('',(#417),#424);
#417 = B_SPLINE_CURVE_WITH_KNOTS('',5,(#418,#419,#420,#421,#422,#423),
  .UNSPECIFIED.,.F.,.F.,(6,6),(0.,1.),.PIECEWISE_BEZIER_KNOTS.);
#418 = CARTESIAN_POINT('',(0.,37.46666435153));
#419 = CARTESIAN_POINT('',(-3.364017912685E-02,37.480122292469));
#420 = CARTESIAN_POINT('',(-6.728017674024E-02,37.490183825663));
#421 = CARTESIAN_POINT('',(-0.100844242687,37.496787534537));
#422 = CARTESIAN_POINT('',(-0.134260201325,37.5));
#423 = CARTESIAN_POINT('',(-0.16744807922,37.5));
#424 = ( GEOMETRIC_REPRESENTATION_CONTEXT(2) 
PARAMETRIC_REPRESENTATION_CONTEXT() REPRESENTATION_CONTEXT('2D SPACE',''
  ) );
#425 = ORIENTED_EDGE('',*,*,#426,.T.);
#426 = EDGE_CURVE('',#395,#427,#429,.T.);
#427 = VERTEX_POINT('',#428);
#428 = CARTESIAN_POINT('',(550.,237.28463919942,-36.));
#429 = SURFACE_CURVE('',#430,(#435,#442),.PCURVE_S1.);
#430 = CIRCLE('',#431,240.);
#431 = AXIS2_PLACEMENT_3D('',#432,#433,#434);
#432 = CARTESIAN_POINT('',(550.,0.,0.));
#433 = DIRECTION('',(-1.,0.,0.));
#434 = DIRECTION('',(0.,1.,0.));
#435 = PCURVE('',#58,#436);
#436 = DEFINITIONAL_REPRESENTATION('',(#437),#441);
#437 = LINE('',#438,#439);
#438 = CARTESIAN_POINT('',(-6.28318530718,-1.66E+03));
#439 = VECTOR('',#440,1.);
#440 = DIRECTION('',(1.,-0.));
#441 = ( GEOMETRIC_REPRESENTATION_CONTEXT(2) 
PARAMETRIC_REPRESENTATION_CONTEXT() REPRESENTATION_CONTEXT('2D SPACE',''
  ) );
#442 = PCURVE('',#443,#448);
#443 = PLANE('',#444);
#444 = AXIS2_PLACEMENT_3D('',#445,#446,#447);
#445 = CARTESIAN_POINT('',(550.,202.5,-60.));
#446 = DIRECTION('',(1.,0.,0.));
#447 = DIRECTION('',(0.,0.,1.));
#448 = DEFINITIONAL_REPRESENTATION('',(#449),#457);
#449 = ( BOUNDED_CURVE() B_SPLINE_CURVE(2,(#450,#451,#452,#453,#454,#455
,#456),.UNSPECIFIED.,.T.,.F.) B_SPLINE_CURVE_WITH_KNOTS((1,2,2,2,2,1),(
    -2.094395102393,0.,2.094395102393,4.188790204786,6.28318530718,
8.377580409573),.UNSPECIFIED.) CURVE() GEOMETRIC_REPRESENTATION_ITEM() 
RATIONAL_B_SPLINE_CURVE((1.,0.5,1.,0.5,1.,0.5,1.)) REPRESENTATION_ITEM(
  '') );
#450 = CARTESIAN_POINT('',(60.,-37.5));
#451 = CARTESIAN_POINT('',(-355.6921938165,-37.5));
#452 = CARTESIAN_POINT('',(-147.8460969082,322.5));
#453 = CARTESIAN_POINT('',(60.,682.5));
#454 = CARTESIAN_POINT('',(267.84609690826,322.5));
#455 = CARTESIAN_POINT('',(475.69219381653,-37.5));
#456 = CARTESIAN_POINT('',(60.,-37.5));
#457 = ( GEOMETRIC_REPRESENTATION_CONTEXT(2) 
PARAMETRIC_REPRESENTATION_CONTEXT() REPRESENTATION_CONTEXT('2D SPACE',''
  ) );
#458 = ORIENTED_EDGE('',*,*,#459,.T.);
#459 = EDGE_CURVE('',#427,#460,#462,.T.);
#460 = VERTEX_POINT('',#461);
#461 = CARTESIAN_POINT('',(526.,232.37900077244,-60.));
#462 = SURFACE_CURVE('',#463,(#478,#496),.PCURVE_S1.);
#463 = B_SPLINE_CURVE_WITH_KNOTS('',7,(#464,#465,#466,#467,#468,#469,
    #470,#471,#472,#473,#474,#475,#476,#477),.UNSPECIFIED.,.F.,.F.,(8,6,
    8),(0.,0.447686115965,1.),.UNSPECIFIED.);
#464 = CARTESIAN_POINT('',(550.,237.28463919942,-36.));
#465 = CARTESIAN_POINT('',(550.,236.83496541892,-38.96390779897));
#466 = CARTESIAN_POINT('',(549.57296317212,236.35407695835,
    -41.84231053388));
#467 = CARTESIAN_POINT('',(548.76324315188,235.85696428914,
    -44.56436699938));
#468 = CARTESIAN_POINT('',(547.62662594359,235.36273234314,
    -47.07262976888));
#469 = CARTESIAN_POINT('',(546.22989916257,234.89192754171,
    -49.3236767011));
#470 = CARTESIAN_POINT('',(544.64945955043,234.4613572377,
    -51.29166594652));
#471 = CARTESIAN_POINT('',(540.89929455293,233.61272800739,
    -55.04183094401));
#472 = CARTESIAN_POINT('',(538.62191721104,233.20838028624,
    -56.7293444314));
#473 = CARTESIAN_POINT('',(536.21066168672,232.87894997971,
    -58.0519142023));
#474 = CARTESIAN_POINT('',(533.71222217956,232.62965363547,
    -59.02923921274));
#475 = CARTESIAN_POINT('',(531.16077920108,232.46267908874,
    -59.67591187797));
#476 = CARTESIAN_POINT('',(528.58203852251,232.37900077244,-60.));
#477 = CARTESIAN_POINT('',(526.,232.37900077244,-60.));
#478 = PCURVE('',#58,#479);
#479 = DEFINITIONAL_REPRESENTATION('',(#480),#495);
#480 = B_SPLINE_CURVE_WITH_KNOTS('',7,(#481,#482,#483,#484,#485,#486,
    #487,#488,#489,#490,#491,#492,#493,#494),.UNSPECIFIED.,.F.,.F.,(8,6,
    8),(0.,0.447686115965,1.),.UNSPECIFIED.);
#481 = CARTESIAN_POINT('',(-6.132617034403,-1.66E+03));
#482 = CARTESIAN_POINT('',(-6.120126096056,-1.66E+03));
#483 = CARTESIAN_POINT('',(-6.107967886221,-1.659572963172E+03));
#484 = CARTESIAN_POINT('',(-6.09644044234,-1.658763243152E+03));
#485 = CARTESIAN_POINT('',(-6.085789867035,-1.657626625944E+03));
#486 = CARTESIAN_POINT('',(-6.076208227181,-1.656229899163E+03));
#487 = CARTESIAN_POINT('',(-6.067814526163,-1.65464945955E+03));
#488 = CARTESIAN_POINT('',(-6.05179375564,-1.650899294553E+03));
#489 = CARTESIAN_POINT('',(-6.044563996613,-1.648621917211E+03));
#490 = CARTESIAN_POINT('',(-6.038885102853,-1.646210661687E+03));
#491 = CARTESIAN_POINT('',(-6.034682546401,-1.64371222218E+03));
#492 = CARTESIAN_POINT('',(-6.031899704069,-1.641160779201E+03));
#493 = CARTESIAN_POINT('',(-6.030505052038,-1.638582038523E+03));
#494 = CARTESIAN_POINT('',(-6.030505052038,-1.636E+03));
#495 = ( GEOMETRIC_REPRESENTATION_CONTEXT(2) 
PARAMETRIC_REPRESENTATION_CONTEXT() REPRESENTATION_CONTEXT('2D SPACE',''
  ) );
#496 = PCURVE('',#497,#502);
#497 = CYLINDRICAL_SURFACE('',#498,24.);
#498 = AXIS2_PLACEMENT_3D('',#499,#500,#501);
#499 = CARTESIAN_POINT('',(526.,202.5,-36.));
#500 = DIRECTION('',(0.,1.,0.));
#501 = DIRECTION('',(1.,0.,-0.));
#502 = DEFINITIONAL_REPRESENTATION('',(#503),#518);
#503 = B_SPLINE_CURVE_WITH_KNOTS('',7,(#504,#505,#506,#507,#508,#509,
    #510,#511,#512,#513,#514,#515,#516,#517),.UNSPECIFIED.,.F.,.F.,(8,6,
    8),(0.,0.447686115965,1.),.UNSPECIFIED.);
#504 = CARTESIAN_POINT('',(0.,34.784639199422));
#505 = CARTESIAN_POINT('',(0.123496158291,34.334965418923));
#506 = CARTESIAN_POINT('',(0.243429622589,33.854076958357));
#507 = CARTESIAN_POINT('',(0.359924829236,33.35696428914));
#508 = CARTESIAN_POINT('',(0.472866873384,32.862732343147));
#509 = CARTESIAN_POINT('',(0.581921588011,32.391927541716));
#510 = CARTESIAN_POINT('',(0.686468220599,31.961357237705));
#511 = CARTESIAN_POINT('',(0.907448812291,31.112728007395));
#512 = CARTESIAN_POINT('',(1.024265956048,30.708380286249));
#513 = CARTESIAN_POINT('',(1.137241883317,30.378949979711));
#514 = CARTESIAN_POINT('',(1.247418789932,30.129653635478));
#515 = CARTESIAN_POINT('',(1.355764130171,29.96267908874));
#516 = CARTESIAN_POINT('',(1.463211388357,29.879000772445));
#517 = CARTESIAN_POINT('',(1.570796326795,29.879000772445));
#518 = ( GEOMETRIC_REPRESENTATION_CONTEXT(2) 
PARAMETRIC_REPRESENTATION_CONTEXT() REPRESENTATION_CONTEXT('2D SPACE',''
  ) );
#519 = ORIENTED_EDGE('',*,*,#520,.T.);
#520 = EDGE_CURVE('',#460,#521,#523,.T.);
#521 = VERTEX_POINT('',#522);
#522 = CARTESIAN_POINT('',(-326.,232.37900077244,-60.));
#523 = SURFACE_CURVE('',#524,(#528,#534),.PCURVE_S1.);
#524 = LINE('',#525,#526);
#525 = CARTESIAN_POINT('',(-1.11E+03,232.37900077244,-60.));
#526 = VECTOR('',#527,1.);
#527 = DIRECTION('',(-1.,-0.,-0.));
#528 = PCURVE('',#58,#529);
#529 = DEFINITIONAL_REPRESENTATION('',(#530),#533);
#530 = B_SPLINE_CURVE_WITH_KNOTS('',1,(#531,#532),.UNSPECIFIED.,.F.,.F.,
  (2,2),(-1.7212E+03,-698.8),.PIECEWISE_BEZIER_KNOTS.);
#531 = CARTESIAN_POINT('',(-6.030505052038,-1.7212E+03));
#532 = CARTESIAN_POINT('',(-6.030505052038,-698.8));
#533 = ( GEOMETRIC_REPRESENTATION_CONTEXT(2) 
PARAMETRIC_REPRESENTATION_CONTEXT() REPRESENTATION_CONTEXT('2D SPACE',''
  ) );
#534 = PCURVE('',#535,#540);
#535 = PLANE('',#536);
#536 = AXIS2_PLACEMENT_3D('',#537,#538,#539);
#537 = CARTESIAN_POINT('',(-350.,202.5,-60.));
#538 = DIRECTION('',(0.,0.,1.));
#539 = DIRECTION('',(1.,0.,0.));
#540 = DEFINITIONAL_REPRESENTATION('',(#541),#544);
#541 = B_SPLINE_CURVE_WITH_KNOTS('',1,(#542,#543),.UNSPECIFIED.,.F.,.F.,
  (2,2),(-1.7212E+03,-698.8),.PIECEWISE_BEZIER_KNOTS.);
#542 = CARTESIAN_POINT('',(961.2,29.879000772445));
#543 = CARTESIAN_POINT('',(-61.2,29.879000772445));
#544 = ( GEOMETRIC_REPRESENTATION_CONTEXT(2) 
PARAMETRIC_REPRESENTATION_CONTEXT() REPRESENTATION_CONTEXT('2D SPACE',''
  ) );
#545 = ORIENTED_EDGE('',*,*,#546,.F.);
#546 = EDGE_CURVE('',#547,#521,#549,.T.);
#547 = VERTEX_POINT('',#548);
#548 = CARTESIAN_POINT('',(-350.,237.28463919942,-36.));
#549 = SURFACE_CURVE('',#550,(#565,#583),.PCURVE_S1.);
#550 = B_SPLINE_CURVE_WITH_KNOTS('',7,(#551,#552,#553,#554,#555,#556,
    #557,#558,#559,#560,#561,#562,#563,#564),.UNSPECIFIED.,.F.,.F.,(8,6,
    8),(0.,0.447686112954,1.),.UNSPECIFIED.);
#551 = CARTESIAN_POINT('',(-350.,237.28463919942,-36.));
#552 = CARTESIAN_POINT('',(-350.,236.83496541892,-38.96390779897));
#553 = CARTESIAN_POINT('',(-349.5729631721,236.35407695835,
    -41.84231053388));
#554 = CARTESIAN_POINT('',(-348.7632431518,235.85696428914,
    -44.56436699938));
#555 = CARTESIAN_POINT('',(-347.6266259435,235.36273234314,
    -47.07262976889));
#556 = CARTESIAN_POINT('',(-346.2298991625,234.89192754171,
    -49.3236767011));
#557 = CARTESIAN_POINT('',(-344.6494595504,234.4613572377,
    -51.29166594652));
#558 = CARTESIAN_POINT('',(-340.8992945277,233.61272800168,
    -55.04183096923));
#559 = CARTESIAN_POINT('',(-338.6219173168,233.20838030379,
    -56.7293443547));
#560 = CARTESIAN_POINT('',(-336.2106614869,232.87894995531,
    -58.05191430809));
#561 = CARTESIAN_POINT('',(-333.7122223859,232.62965365285,
    -59.02923913791));
#562 = CARTESIAN_POINT('',(-331.1607790837,232.46267908336,-59.675911901
    ));
#563 = CARTESIAN_POINT('',(-328.5820385532,232.37900077244,-60.));
#564 = CARTESIAN_POINT('',(-326.,232.37900077244,-60.));
#565 = PCURVE('',#58,#566);
#566 = DEFINITIONAL_REPRESENTATION('',(#567),#582);
#567 = B_SPLINE_CURVE_WITH_KNOTS('',7,(#568,#569,#570,#571,#572,#573,
    #574,#575,#576,#577,#578,#579,#580,#581),.UNSPECIFIED.,.F.,.F.,(8,6,
    8),(0.,0.447686112954,1.),.UNSPECIFIED.);
#568 = CARTESIAN_POINT('',(-6.132617034403,-760.));
#569 = CARTESIAN_POINT('',(-6.120126096056,-760.));
#570 = CARTESIAN_POINT('',(-6.107967886221,-760.4270368278));
#571 = CARTESIAN_POINT('',(-6.09644044234,-761.2367568481));
#572 = CARTESIAN_POINT('',(-6.085789867035,-762.3733740564));
#573 = CARTESIAN_POINT('',(-6.076208227181,-763.7701008374));
#574 = CARTESIAN_POINT('',(-6.067814526163,-765.3505404495));
#575 = CARTESIAN_POINT('',(-6.051793755532,-769.1007054722));
#576 = CARTESIAN_POINT('',(-6.044563996941,-771.3780826831));
#577 = CARTESIAN_POINT('',(-6.038885102401,-773.789338513));
#578 = CARTESIAN_POINT('',(-6.034682546721,-776.287777614));
#579 = CARTESIAN_POINT('',(-6.031899703971,-778.8392209162));
#580 = CARTESIAN_POINT('',(-6.030505052038,-781.4179614467));
#581 = CARTESIAN_POINT('',(-6.030505052038,-784.));
#582 = ( GEOMETRIC_REPRESENTATION_CONTEXT(2) 
PARAMETRIC_REPRESENTATION_CONTEXT() REPRESENTATION_CONTEXT('2D SPACE',''
  ) );
#583 = PCURVE('',#584,#589);
#584 = CYLINDRICAL_SURFACE('',#585,24.);
#585 = AXIS2_PLACEMENT_3D('',#586,#587,#588);
#586 = CARTESIAN_POINT('',(-326.,202.5,-36.));
#587 = DIRECTION('',(0.,1.,0.));
#588 = DIRECTION('',(-1.,0.,0.));
#589 = DEFINITIONAL_REPRESENTATION('',(#590),#605);
#590 = B_SPLINE_CURVE_WITH_KNOTS('',7,(#591,#592,#593,#594,#595,#596,
    #597,#598,#599,#600,#601,#602,#603,#604),.UNSPECIFIED.,.F.,.F.,(8,6,
    8),(0.,0.447686112954,1.),.UNSPECIFIED.);
#591 = CARTESIAN_POINT('',(0.,34.784639199422));
#592 = CARTESIAN_POINT('',(-0.123496158291,34.334965418923));
#593 = CARTESIAN_POINT('',(-0.243429622589,33.854076958357));
#594 = CARTESIAN_POINT('',(-0.359924829236,33.35696428914));
#595 = CARTESIAN_POINT('',(-0.472866873385,32.862732343146));
#596 = CARTESIAN_POINT('',(-0.581921588011,32.391927541717));
#597 = CARTESIAN_POINT('',(-0.6864682206,31.961357237705));
#598 = CARTESIAN_POINT('',(-0.907448813777,31.112728001688));
#599 = CARTESIAN_POINT('',(-1.024265950382,30.708380303791));
#600 = CARTESIAN_POINT('',(-1.137241893291,30.37894995531));
#601 = CARTESIAN_POINT('',(-1.247418780215,30.12965365285));
#602 = CARTESIAN_POINT('',(-1.355764135394,29.962679083369));
#603 = CARTESIAN_POINT('',(-1.463211387076,29.879000772445));
#604 = CARTESIAN_POINT('',(-1.570796326795,29.879000772445));
#605 = ( GEOMETRIC_REPRESENTATION_CONTEXT(2) 
PARAMETRIC_REPRESENTATION_CONTEXT() REPRESENTATION_CONTEXT('2D SPACE',''
  ) );
#606 = ORIENTED_EDGE('',*,*,#607,.F.);
#607 = EDGE_CURVE('',#608,#547,#610,.T.);
#608 = VERTEX_POINT('',#609);
#609 = CARTESIAN_POINT('',(-350.,239.96666435153,-4.));
#610 = SURFACE_CURVE('',#611,(#616,#623),.PCURVE_S1.);
#611 = CIRCLE('',#612,240.);
#612 = AXIS2_PLACEMENT_3D('',#613,#614,#615);
#613 = CARTESIAN_POINT('',(-350.,0.,0.));
#614 = DIRECTION('',(-1.,0.,0.));
#615 = DIRECTION('',(0.,1.,0.));
#616 = PCURVE('',#58,#617);
#617 = DEFINITIONAL_REPRESENTATION('',(#618),#622);
#618 = LINE('',#619,#620);
#619 = CARTESIAN_POINT('',(-6.28318530718,-760.));
#620 = VECTOR('',#621,1.);
#621 = DIRECTION('',(1.,-0.));
#622 = ( GEOMETRIC_REPRESENTATION_CONTEXT(2) 
PARAMETRIC_REPRESENTATION_CONTEXT() REPRESENTATION_CONTEXT('2D SPACE',''
  ) );
#623 = PCURVE('',#624,#629);
#624 = PLANE('',#625);
#625 = AXIS2_PLACEMENT_3D('',#626,#627,#628);
#626 = CARTESIAN_POINT('',(-350.,202.5,-60.));
#627 = DIRECTION('',(1.,0.,0.));
#628 = DIRECTION('',(0.,0.,1.));
#629 = DEFINITIONAL_REPRESENTATION('',(#630),#638);
#630 = ( BOUNDED_CURVE() B_SPLINE_CURVE(2,(#631,#632,#633,#634,#635,#636
,#637),.UNSPECIFIED.,.T.,.F.) B_SPLINE_CURVE_WITH_KNOTS((1,2,2,2,2,1),(
    -2.094395102393,0.,2.094395102393,4.188790204786,6.28318530718,
8.377580409573),.UNSPECIFIED.) CURVE() GEOMETRIC_REPRESENTATION_ITEM() 
RATIONAL_B_SPLINE_CURVE((1.,0.5,1.,0.5,1.,0.5,1.)) REPRESENTATION_ITEM(
  '') );
#631 = CARTESIAN_POINT('',(60.,-37.5));
#632 = CARTESIAN_POINT('',(-355.6921938165,-37.5));
#633 = CARTESIAN_POINT('',(-147.8460969082,322.5));
#634 = CARTESIAN_POINT('',(60.,682.5));
#635 = CARTESIAN_POINT('',(267.84609690826,322.5));
#636 = CARTESIAN_POINT('',(475.69219381653,-37.5));
#637 = CARTESIAN_POINT('',(60.,-37.5));
#638 = ( GEOMETRIC_REPRESENTATION_CONTEXT(2) 
PARAMETRIC_REPRESENTATION_CONTEXT() REPRESENTATION_CONTEXT('2D SPACE',''
  ) );
#639 = ORIENTED_EDGE('',*,*,#640,.T.);
#640 = EDGE_CURVE('',#608,#115,#641,.T.);
#641 = SURFACE_CURVE('',#642,(#649,#659),.PCURVE_S1.);
#642 = B_SPLINE_CURVE_WITH_KNOTS('',5,(#643,#644,#645,#646,#647,#648),
  .UNSPECIFIED.,.F.,.F.,(6,6),(0.,1.),.PIECEWISE_BEZIER_KNOTS.);
#643 = CARTESIAN_POINT('',(-350.,239.96666435153,-4.));
#644 = CARTESIAN_POINT('',(-350.,239.98012229246,-3.192635700957));
#645 = CARTESIAN_POINT('',(-349.9660495682,239.99018382566,
    -2.38527576932));
#646 = CARTESIAN_POINT('',(-349.8981530978,239.99678753453,
    -1.581641663345));
#647 = CARTESIAN_POINT('',(-349.7970706439,240.,-0.78536853383));
#648 = CARTESIAN_POINT('',(-349.6643191323,240.,-1.50990331349E-14));
#649 = PCURVE('',#58,#650);
#650 = DEFINITIONAL_REPRESENTATION('',(#651),#658);
#651 = B_SPLINE_CURVE_WITH_KNOTS('',5,(#652,#653,#654,#655,#656,#657),
  .UNSPECIFIED.,.F.,.F.,(6,6),(0.,1.),.PIECEWISE_BEZIER_KNOTS.);
#652 = CARTESIAN_POINT('',(-6.266517868812,-760.));
#653 = CARTESIAN_POINT('',(-6.269882354046,-760.));
#654 = CARTESIAN_POINT('',(-6.273246585204,-760.0339504317));
#655 = CARTESIAN_POINT('',(-6.276595133565,-760.1018469021));
#656 = CARTESIAN_POINT('',(-6.279912938289,-760.202929356));
#657 = CARTESIAN_POINT('',(-6.28318530718,-760.3356808676));
#658 = ( GEOMETRIC_REPRESENTATION_CONTEXT(2) 
PARAMETRIC_REPRESENTATION_CONTEXT() REPRESENTATION_CONTEXT('2D SPACE',''
  ) );
#659 = PCURVE('',#187,#660);
#660 = DEFINITIONAL_REPRESENTATION('',(#661),#668);
#661 = B_SPLINE_CURVE_WITH_KNOTS('',5,(#662,#663,#664,#665,#666,#667),
  .UNSPECIFIED.,.F.,.F.,(6,6),(0.,1.),.PIECEWISE_BEZIER_KNOTS.);
#662 = CARTESIAN_POINT('',(0.,37.46666435153));
#663 = CARTESIAN_POINT('',(3.364017912679E-02,37.480122292469));
#664 = CARTESIAN_POINT('',(6.728017674028E-02,37.490183825663));
#665 = CARTESIAN_POINT('',(0.100844242687,37.496787534537));
#666 = CARTESIAN_POINT('',(0.134260201325,37.5));
#667 = CARTESIAN_POINT('',(0.16744807922,37.5));
#668 = ( GEOMETRIC_REPRESENTATION_CONTEXT(2) 
PARAMETRIC_REPRESENTATION_CONTEXT() REPRESENTATION_CONTEXT('2D SPACE',''
  ) );
#669 = ORIENTED_EDGE('',*,*,#114,.F.);
#670 = ORIENTED_EDGE('',*,*,#671,.T.);
#671 = EDGE_CURVE('',#82,#672,#674,.T.);
#672 = VERTEX_POINT('',#673);
#673 = CARTESIAN_POINT('',(-675.,238.94298483111,-22.5));
#674 = SURFACE_CURVE('',#675,(#680,#687),.PCURVE_S1.);
#675 = CIRCLE('',#676,240.);
#676 = AXIS2_PLACEMENT_3D('',#677,#678,#679);
#677 = CARTESIAN_POINT('',(-675.,0.,0.));
#678 = DIRECTION('',(-1.,0.,0.));
#679 = DIRECTION('',(0.,1.,0.));
#680 = PCURVE('',#58,#681);
#681 = DEFINITIONAL_REPRESENTATION('',(#682),#686);
#682 = LINE('',#683,#684);
#683 = CARTESIAN_POINT('',(-6.28318530718,-435.));
#684 = VECTOR('',#685,1.);
#685 = DIRECTION('',(1.,-0.));
#686 = ( GEOMETRIC_REPRESENTATION_CONTEXT(2) 
PARAMETRIC_REPRESENTATION_CONTEXT() REPRESENTATION_CONTEXT('2D SPACE',''
  ) );
#687 = PCURVE('',#98,#688);
#688 = DEFINITIONAL_REPRESENTATION('',(#689),#697);
#689 = ( BOUNDED_CURVE() B_SPLINE_CURVE(2,(#690,#691,#692,#693,#694,#695
,#696),.UNSPECIFIED.,.T.,.F.) B_SPLINE_CURVE_WITH_KNOTS((1,2,2,2,2,1),(
    -2.094395102393,0.,2.094395102393,4.188790204786,6.28318530718,
8.377580409573),.UNSPECIFIED.) CURVE() GEOMETRIC_REPRESENTATION_ITEM() 
RATIONAL_B_SPLINE_CURVE((1.,0.5,1.,0.5,1.,0.5,1.)) REPRESENTATION_ITEM(
  '') );
#690 = CARTESIAN_POINT('',(22.5,-765.));
#691 = CARTESIAN_POINT('',(-393.1921938165,-765.));
#692 = CARTESIAN_POINT('',(-185.3460969082,-405.));
#693 = CARTESIAN_POINT('',(22.5,-45.));
#694 = CARTESIAN_POINT('',(230.34609690826,-405.));
#695 = CARTESIAN_POINT('',(438.19219381653,-765.));
#696 = CARTESIAN_POINT('',(22.5,-765.));
#697 = ( GEOMETRIC_REPRESENTATION_CONTEXT(2) 
PARAMETRIC_REPRESENTATION_CONTEXT() REPRESENTATION_CONTEXT('2D SPACE',''
  ) );
#698 = ORIENTED_EDGE('',*,*,#699,.T.);
#699 = EDGE_CURVE('',#672,#700,#702,.T.);
#700 = VERTEX_POINT('',#701);
#701 = CARTESIAN_POINT('',(-1.11E+03,238.94298483111,-22.5));
#702 = SURFACE_CURVE('',#703,(#707,#713),.PCURVE_S1.);
#703 = LINE('',#704,#705);
#704 = CARTESIAN_POINT('',(-1.11E+03,238.94298483111,-22.5));
#705 = VECTOR('',#706,1.);
#706 = DIRECTION('',(-1.,-0.,-0.));
#707 = PCURVE('',#58,#708);
#708 = DEFINITIONAL_REPRESENTATION('',(#709),#712);
#709 = B_SPLINE_CURVE_WITH_KNOTS('',1,(#710,#711),.UNSPECIFIED.,.F.,.F.,
  (2,2),(-480.,6.000000212225E-07),.PIECEWISE_BEZIER_KNOTS.);
#710 = CARTESIAN_POINT('',(-6.189297432072,-480.));
#711 = CARTESIAN_POINT('',(-6.189297432072,6.000000212225E-07));
#712 = ( GEOMETRIC_REPRESENTATION_CONTEXT(2) 
PARAMETRIC_REPRESENTATION_CONTEXT() REPRESENTATION_CONTEXT('2D SPACE',''
  ) );
#713 = PCURVE('',#714,#719);
#714 = PLANE('',#715);
#715 = AXIS2_PLACEMENT_3D('',#716,#717,#718);
#716 = CARTESIAN_POINT('',(-1.125E+03,-525.,-22.5));
#717 = DIRECTION('',(0.,0.,1.));
#718 = DIRECTION('',(1.,0.,0.));
#719 = DEFINITIONAL_REPRESENTATION('',(#720),#724);
#720 = LINE('',#721,#722);
#721 = CARTESIAN_POINT('',(15.,763.94298483111));
#722 = VECTOR('',#723,1.);
#723 = DIRECTION('',(-1.,0.));
#724 = ( GEOMETRIC_REPRESENTATION_CONTEXT(2) 
PARAMETRIC_REPRESENTATION_CONTEXT() REPRESENTATION_CONTEXT('2D SPACE',''
  ) );
#725 = ORIENTED_EDGE('',*,*,#726,.F.);
#726 = EDGE_CURVE('',#727,#700,#729,.T.);
#727 = VERTEX_POINT('',#728);
#728 = CARTESIAN_POINT('',(-1.11E+03,-238.9429848311,-22.5));
#729 = SURFACE_CURVE('',#730,(#735,#742),.PCURVE_S1.);
#730 = CIRCLE('',#731,240.);
#731 = AXIS2_PLACEMENT_3D('',#732,#733,#734);
#732 = CARTESIAN_POINT('',(-1.11E+03,0.,0.));
#733 = DIRECTION('',(1.,0.,0.));
#734 = DIRECTION('',(0.,1.,0.));
#735 = PCURVE('',#58,#736);
#736 = DEFINITIONAL_REPRESENTATION('',(#737),#741);
#737 = LINE('',#738,#739);
#738 = CARTESIAN_POINT('',(-0.,0.));
#739 = VECTOR('',#740,1.);
#740 = DIRECTION('',(-1.,0.));
#741 = ( GEOMETRIC_REPRESENTATION_CONTEXT(2) 
PARAMETRIC_REPRESENTATION_CONTEXT() REPRESENTATION_CONTEXT('2D SPACE',''
  ) );
#742 = PCURVE('',#743,#748);
#743 = CONICAL_SURFACE('',#744,20.,0.741947268006);
#744 = AXIS2_PLACEMENT_3D('',#745,#746,#747);
#745 = CARTESIAN_POINT('',(-1.35E+03,0.,0.));
#746 = DIRECTION('',(1.,0.,0.));
#747 = DIRECTION('',(-0.,0.,1.));
#748 = DEFINITIONAL_REPRESENTATION('',(#749),#752);
#749 = B_SPLINE_CURVE_WITH_KNOTS('',1,(#750,#751),.UNSPECIFIED.,.F.,.F.,
  (2,2),(1.570796326795,6.28318530718),.PIECEWISE_BEZIER_KNOTS.);
#750 = CARTESIAN_POINT('',(0.,240.));
#751 = CARTESIAN_POINT('',(4.712388980385,240.));
#752 = ( GEOMETRIC_REPRESENTATION_CONTEXT(2) 
PARAMETRIC_REPRESENTATION_CONTEXT() REPRESENTATION_CONTEXT('2D SPACE',''
  ) );
#753 = ORIENTED_EDGE('',*,*,#754,.F.);
#754 = EDGE_CURVE('',#755,#727,#757,.T.);
#755 = VERTEX_POINT('',#756);
#756 = CARTESIAN_POINT('',(-675.,-238.9429848311,-22.5));
#757 = SURFACE_CURVE('',#758,(#762,#768),.PCURVE_S1.);
#758 = LINE('',#759,#760);
#759 = CARTESIAN_POINT('',(-1.11E+03,-238.9429848311,-22.5));
#760 = VECTOR('',#761,1.);
#761 = DIRECTION('',(-1.,-0.,-0.));
#762 = PCURVE('',#58,#763);
#763 = DEFINITIONAL_REPRESENTATION('',(#764),#767);
#764 = B_SPLINE_CURVE_WITH_KNOTS('',1,(#765,#766),.UNSPECIFIED.,.F.,.F.,
  (2,2),(-480.,6.000000212225E-07),.PIECEWISE_BEZIER_KNOTS.);
#765 = CARTESIAN_POINT('',(-3.235480528697,-480.));
#766 = CARTESIAN_POINT('',(-3.235480528697,6.000000212225E-07));
#767 = ( GEOMETRIC_REPRESENTATION_CONTEXT(2) 
PARAMETRIC_REPRESENTATION_CONTEXT() REPRESENTATION_CONTEXT('2D SPACE',''
  ) );
#768 = PCURVE('',#769,#774);
#769 = PLANE('',#770);
#770 = AXIS2_PLACEMENT_3D('',#771,#772,#773);
#771 = CARTESIAN_POINT('',(-1.125E+03,-525.,-22.5));
#772 = DIRECTION('',(0.,0.,1.));
#773 = DIRECTION('',(1.,0.,0.));
#774 = DEFINITIONAL_REPRESENTATION('',(#775),#779);
#775 = LINE('',#776,#777);
#776 = CARTESIAN_POINT('',(15.,286.05701516889));
#777 = VECTOR('',#778,1.);
#778 = DIRECTION('',(-1.,0.));
#779 = ( GEOMETRIC_REPRESENTATION_CONTEXT(2) 
PARAMETRIC_REPRESENTATION_CONTEXT() REPRESENTATION_CONTEXT('2D SPACE',''
  ) );
#780 = ORIENTED_EDGE('',*,*,#781,.T.);
#781 = EDGE_CURVE('',#755,#782,#784,.T.);
#782 = VERTEX_POINT('',#783);
#783 = CARTESIAN_POINT('',(-675.,-238.9429848311,22.5));
#784 = SURFACE_CURVE('',#785,(#790,#797),.PCURVE_S1.);
#785 = CIRCLE('',#786,240.);
#786 = AXIS2_PLACEMENT_3D('',#787,#788,#789);
#787 = CARTESIAN_POINT('',(-675.,0.,0.));
#788 = DIRECTION('',(-1.,0.,0.));
#789 = DIRECTION('',(0.,1.,0.));
#790 = PCURVE('',#58,#791);
#791 = DEFINITIONAL_REPRESENTATION('',(#792),#796);
#792 = LINE('',#793,#794);
#793 = CARTESIAN_POINT('',(-6.28318530718,-435.));
#794 = VECTOR('',#795,1.);
#795 = DIRECTION('',(1.,-0.));
#796 = ( GEOMETRIC_REPRESENTATION_CONTEXT(2) 
PARAMETRIC_REPRESENTATION_CONTEXT() REPRESENTATION_CONTEXT('2D SPACE',''
  ) );
#797 = PCURVE('',#798,#803);
#798 = PLANE('',#799);
#799 = AXIS2_PLACEMENT_3D('',#800,#801,#802);
#800 = CARTESIAN_POINT('',(-675.,-525.,-22.5));
#801 = DIRECTION('',(1.,0.,0.));
#802 = DIRECTION('',(0.,0.,1.));
#803 = DEFINITIONAL_REPRESENTATION('',(#804),#812);
#804 = ( BOUNDED_CURVE() B_SPLINE_CURVE(2,(#805,#806,#807,#808,#809,#810
,#811),.UNSPECIFIED.,.T.,.F.) B_SPLINE_CURVE_WITH_KNOTS((1,2,2,2,2,1),(
    -2.094395102393,0.,2.094395102393,4.188790204786,6.28318530718,
8.377580409573),.UNSPECIFIED.) CURVE() GEOMETRIC_REPRESENTATION_ITEM() 
RATIONAL_B_SPLINE_CURVE((1.,0.5,1.,0.5,1.,0.5,1.)) REPRESENTATION_ITEM(
  '') );
#805 = CARTESIAN_POINT('',(22.5,-765.));
#806 = CARTESIAN_POINT('',(-393.1921938165,-765.));
#807 = CARTESIAN_POINT('',(-185.3460969082,-405.));
#808 = CARTESIAN_POINT('',(22.5,-45.));
#809 = CARTESIAN_POINT('',(230.34609690826,-405.));
#810 = CARTESIAN_POINT('',(438.19219381653,-765.));
#811 = CARTESIAN_POINT('',(22.5,-765.));
#812 = ( GEOMETRIC_REPRESENTATION_CONTEXT(2) 
PARAMETRIC_REPRESENTATION_CONTEXT() REPRESENTATION_CONTEXT('2D SPACE',''
  ) );
#813 = ORIENTED_EDGE('',*,*,#814,.T.);
#814 = EDGE_CURVE('',#782,#815,#817,.T.);
#815 = VERTEX_POINT('',#816);
#816 = CARTESIAN_POINT('',(-1.11E+03,-238.9429848311,22.5));
#817 = SURFACE_CURVE('',#818,(#822,#828),.PCURVE_S1.);
#818 = LINE('',#819,#820);
#819 = CARTESIAN_POINT('',(-1.11E+03,-238.9429848311,22.5));
#820 = VECTOR('',#821,1.);
#821 = DIRECTION('',(-1.,-0.,-0.));
#822 = PCURVE('',#58,#823);
#823 = DEFINITIONAL_REPRESENTATION('',(#824),#827);
#824 = B_SPLINE_CURVE_WITH_KNOTS('',1,(#825,#826),.UNSPECIFIED.,.F.,.F.,
  (2,2),(-480.,6.000000212225E-07),.PIECEWISE_BEZIER_KNOTS.);
#825 = CARTESIAN_POINT('',(-3.047704778482,-480.));
#826 = CARTESIAN_POINT('',(-3.047704778482,6.000000212225E-07));
#827 = ( GEOMETRIC_REPRESENTATION_CONTEXT(2) 
PARAMETRIC_REPRESENTATION_CONTEXT() REPRESENTATION_CONTEXT('2D SPACE',''
  ) );
#828 = PCURVE('',#829,#834);
#829 = PLANE('',#830);
#830 = AXIS2_PLACEMENT_3D('',#831,#832,#833);
#831 = CARTESIAN_POINT('',(-1.125E+03,-525.,22.5));
#832 = DIRECTION('',(0.,0.,1.));
#833 = DIRECTION('',(1.,0.,0.));
#834 = DEFINITIONAL_REPRESENTATION('',(#835),#839);
#835 = LINE('',#836,#837);
#836 = CARTESIAN_POINT('',(15.,286.05701516889));
#837 = VECTOR('',#838,1.);
#838 = DIRECTION('',(-1.,0.));
#839 = ( GEOMETRIC_REPRESENTATION_CONTEXT(2) 
PARAMETRIC_REPRESENTATION_CONTEXT() REPRESENTATION_CONTEXT('2D SPACE',''
  ) );
#840 = ORIENTED_EDGE('',*,*,#841,.F.);
#841 = EDGE_CURVE('',#842,#815,#844,.T.);
#842 = VERTEX_POINT('',#843);
#843 = CARTESIAN_POINT('',(-1.11E+03,5.878304635907E-14,240.));
#844 = SURFACE_CURVE('',#845,(#850,#857),.PCURVE_S1.);
#845 = CIRCLE('',#846,240.);
#846 = AXIS2_PLACEMENT_3D('',#847,#848,#849);
#847 = CARTESIAN_POINT('',(-1.11E+03,0.,0.));
#848 = DIRECTION('',(1.,0.,0.));
#849 = DIRECTION('',(0.,1.,0.));
#850 = PCURVE('',#58,#851);
#851 = DEFINITIONAL_REPRESENTATION('',(#852),#856);
#852 = LINE('',#853,#854);
#853 = CARTESIAN_POINT('',(-0.,0.));
#854 = VECTOR('',#855,1.);
#855 = DIRECTION('',(-1.,0.));
#856 = ( GEOMETRIC_REPRESENTATION_CONTEXT(2) 
PARAMETRIC_REPRESENTATION_CONTEXT() REPRESENTATION_CONTEXT('2D SPACE',''
  ) );
#857 = PCURVE('',#743,#858);
#858 = DEFINITIONAL_REPRESENTATION('',(#859),#862);
#859 = B_SPLINE_CURVE_WITH_KNOTS('',1,(#860,#861),.UNSPECIFIED.,.F.,.F.,
  (2,2),(1.570796326795,6.28318530718),.PIECEWISE_BEZIER_KNOTS.);
#860 = CARTESIAN_POINT('',(0.,240.));
#861 = CARTESIAN_POINT('',(4.712388980385,240.));
#862 = ( GEOMETRIC_REPRESENTATION_CONTEXT(2) 
PARAMETRIC_REPRESENTATION_CONTEXT() REPRESENTATION_CONTEXT('2D SPACE',''
  ) );
#863 = ORIENTED_EDGE('',*,*,#864,.F.);
#864 = EDGE_CURVE('',#50,#842,#865,.T.);
#865 = SURFACE_CURVE('',#866,(#871,#878),.PCURVE_S1.);
#866 = CIRCLE('',#867,240.);
#867 = AXIS2_PLACEMENT_3D('',#868,#869,#870);
#868 = CARTESIAN_POINT('',(-1.11E+03,0.,0.));
#869 = DIRECTION('',(1.,0.,0.));
#870 = DIRECTION('',(0.,1.,0.));
#871 = PCURVE('',#58,#872);
#872 = DEFINITIONAL_REPRESENTATION('',(#873),#877);
#873 = LINE('',#874,#875);
#874 = CARTESIAN_POINT('',(-0.,0.));
#875 = VECTOR('',#876,1.);
#876 = DIRECTION('',(-1.,0.));
#877 = ( GEOMETRIC_REPRESENTATION_CONTEXT(2) 
PARAMETRIC_REPRESENTATION_CONTEXT() REPRESENTATION_CONTEXT('2D SPACE',''
  ) );
#878 = PCURVE('',#743,#879);
#879 = DEFINITIONAL_REPRESENTATION('',(#880),#883);
#880 = B_SPLINE_CURVE_WITH_KNOTS('',1,(#881,#882),.UNSPECIFIED.,.F.,.F.,
  (2,2),(0.,1.570796326795),.PIECEWISE_BEZIER_KNOTS.);
#881 = CARTESIAN_POINT('',(4.712388980385,240.));
#882 = CARTESIAN_POINT('',(6.28318530718,240.));
#883 = ( GEOMETRIC_REPRESENTATION_CONTEXT(2) 
PARAMETRIC_REPRESENTATION_CONTEXT() REPRESENTATION_CONTEXT('2D SPACE',''
  ) );
#884 = FACE_BOUND('',#885,.F.);
#885 = EDGE_LOOP('',(#886,#1039,#1169,#1266,#1292,#1401,#1531,#1619));
#886 = ORIENTED_EDGE('',*,*,#887,.F.);
#887 = EDGE_CURVE('',#888,#890,#892,.T.);
#888 = VERTEX_POINT('',#889);
#889 = CARTESIAN_POINT('',(128.71655682973,-65.,-231.0303010429));
#890 = VERTEX_POINT('',#891);
#891 = CARTESIAN_POINT('',(145.,-76.11940272208,-227.6089552922));
#892 = SURFACE_CURVE('',#893,(#938,#986),.PCURVE_S1.);
#893 = B_SPLINE_CURVE_WITH_KNOTS('',8,(#894,#895,#896,#897,#898,#899,
    #900,#901,#902,#903,#904,#905,#906,#907,#908,#909,#910,#911,#912,
    #913,#914,#915,#916,#917,#918,#919,#920,#921,#922,#923,#924,#925,
    #926,#927,#928,#929,#930,#931,#932,#933,#934,#935,#936,#937),
  .UNSPECIFIED.,.F.,.F.,(9,7,7,7,7,7,9),(0.,0.108906287335,
    0.235250103188,0.318589826035,0.41590895174,0.583082324736,1.),
  .UNSPECIFIED.);
#894 = CARTESIAN_POINT('',(128.71655682973,-65.,-231.0303010429));
#895 = CARTESIAN_POINT('',(128.82308747841,-65.32502439818,
    -230.9388559563));
#896 = CARTESIAN_POINT('',(128.93746232802,-65.64513383496,
    -230.8482297005));
#897 = CARTESIAN_POINT('',(129.05934930951,-65.96004826401,
    -230.7585301401));
#898 = CARTESIAN_POINT('',(129.18840842822,-66.26953836345,
    -230.6698528489));
#899 = CARTESIAN_POINT('',(129.32429741396,-66.57342101179,
    -230.5822816902));
#900 = CARTESIAN_POINT('',(129.46667737089,-66.8715547639,
    -230.4958893969));
#901 = CARTESIAN_POINT('',(129.61521842762,-67.16383532697,
    -230.4107381523));
#902 = CARTESIAN_POINT('',(129.94871201222,-67.78239658599,
    -230.2295952694));
#903 = CARTESIAN_POINT('',(130.13568200021,-68.10662018135,
    -230.1340532435));
#904 = CARTESIAN_POINT('',(130.33002661803,-68.42276234173,
    -230.0403323695));
#905 = CARTESIAN_POINT('',(130.53127642272,-68.7307677931,
    -229.9484972153));
#906 = CARTESIAN_POINT('',(130.73898526883,-69.0306204967,
    -229.8585996105));
#907 = CARTESIAN_POINT('',(130.95273431598,-69.3223386775,-229.770679617
    ));
#908 = CARTESIAN_POINT('',(131.17213603629,-69.60596985265,
    -229.6847664997));
#909 = CARTESIAN_POINT('',(131.54505772712,-70.06338946869,
    -229.5455457432));
#910 = CARTESIAN_POINT('',(131.69558118074,-70.24170290392,
    -229.491094299));
#911 = CARTESIAN_POINT('',(131.84830619402,-70.41654576677,
    -229.4375313074));
#912 = CARTESIAN_POINT('',(132.00313488928,-70.58794013268,
    -229.3848615457));
#913 = CARTESIAN_POINT('',(132.15997402367,-70.75591033976,
    -229.3330886823));
#914 = CARTESIAN_POINT('',(132.31873511292,-70.9204827771,
    -229.2822153355));
#915 = CARTESIAN_POINT('',(132.47933455516,-71.08168567307,
    -229.2322431303));
#916 = CARTESIAN_POINT('',(132.83128708185,-71.42389206487,-229.12587132
    ));
#917 = CARTESIAN_POINT('',(133.02327843126,-71.60367952061,
    -229.0698001795));
#918 = CARTESIAN_POINT('',(133.21754263895,-71.77895914591,
    -229.0149602925));
#919 = CARTESIAN_POINT('',(133.41396130774,-71.94977921247,
    -228.9613517528));
#920 = CARTESIAN_POINT('',(133.61242280711,-72.11618836863,
    -228.9089737912));
#921 = CARTESIAN_POINT('',(133.81282227328,-72.27823563934,
    -228.8578247754));
#922 = CARTESIAN_POINT('',(134.01506160916,-72.43597042621,
    -228.8079022099));
#923 = CARTESIAN_POINT('',(134.56945687764,-72.85307460748,
    -228.675547491));
#924 = CARTESIAN_POINT('',(134.92501312975,-73.10411993162,
    -228.5955040736));
#925 = CARTESIAN_POINT('',(135.28526138347,-73.3428354167,
    -228.5190542494));
#926 = CARTESIAN_POINT('',(135.64978246053,-73.56946092515,
    -228.4461790925));
#927 = CARTESIAN_POINT('',(136.01819354751,-73.78422306517,
    -228.3768583174));
#928 = CARTESIAN_POINT('',(136.39014750222,-73.98733721069,
    -228.3110701158));
#929 = CARTESIAN_POINT('',(136.76533278062,-74.17900772115,
    -228.2487914993));
#930 = CARTESIAN_POINT('',(138.08652938058,-74.80937672439,
    -228.0433754967));
#931 = CARTESIAN_POINT('',(139.04766491136,-75.18919922685,
    -227.9184825181));
#932 = CARTESIAN_POINT('',(140.02284633353,-75.5020717823,
    -227.8148935326));
#933 = CARTESIAN_POINT('',(141.00854290286,-75.75014164853,
    -227.7323439965));
#934 = CARTESIAN_POINT('',(142.00163189662,-75.9350479966,
    -227.6706092063));
#935 = CARTESIAN_POINT('',(142.99939293309,-76.05792138134,
    -227.6295165219));
#936 = CARTESIAN_POINT('',(143.99949090689,-76.11940272208,
    -227.6089552922));
#937 = CARTESIAN_POINT('',(145.,-76.11940272208,-227.6089552922));
#938 = PCURVE('',#58,#939);
#939 = DEFINITIONAL_REPRESENTATION('',(#940),#985);
#940 = B_SPLINE_CURVE_WITH_KNOTS('',8,(#941,#942,#943,#944,#945,#946,
    #947,#948,#949,#950,#951,#952,#953,#954,#955,#956,#957,#958,#959,
    #960,#961,#962,#963,#964,#965,#966,#967,#968,#969,#970,#971,#972,
    #973,#974,#975,#976,#977,#978,#979,#980,#981,#982,#983,#984),
  .UNSPECIFIED.,.F.,.F.,(9,7,7,7,7,7,9),(0.,0.108906287335,
    0.235250103188,0.318589826035,0.41590895174,0.583082324736,1.),
  .UNSPECIFIED.);
#941 = CARTESIAN_POINT('',(-4.438130366896,-1.23871655683E+03));
#942 = CARTESIAN_POINT('',(-4.43672351941,-1.238823087478E+03));
#943 = CARTESIAN_POINT('',(-4.435337309588,-1.238937462328E+03));
#944 = CARTESIAN_POINT('',(-4.433972978135,-1.23905934931E+03));
#945 = CARTESIAN_POINT('',(-4.432631549,-1.239188408428E+03));
#946 = CARTESIAN_POINT('',(-4.431313848167,-1.239324297414E+03));
#947 = CARTESIAN_POINT('',(-4.430020522441,-1.239466677371E+03));
#948 = CARTESIAN_POINT('',(-4.428752058233,-1.239615218428E+03));
#949 = CARTESIAN_POINT('',(-4.426066478249,-1.239948712012E+03));
#950 = CARTESIAN_POINT('',(-4.424658114761,-1.240135682E+03));
#951 = CARTESIAN_POINT('',(-4.423284194762,-1.240330026618E+03));
#952 = CARTESIAN_POINT('',(-4.42194501123,-1.240531276423E+03));
#953 = CARTESIAN_POINT('',(-4.42064068617,-1.240738985269E+03));
#954 = CARTESIAN_POINT('',(-4.419371191533,-1.240952734316E+03));
#955 = CARTESIAN_POINT('',(-4.418136370136,-1.241172136036E+03));
#956 = CARTESIAN_POINT('',(-4.416144132055,-1.241545057727E+03));
#957 = CARTESIAN_POINT('',(-4.415367290477,-1.241695581181E+03));
#958 = CARTESIAN_POINT('',(-4.414605360174,-1.241848306194E+03));
#959 = CARTESIAN_POINT('',(-4.413858258308,-1.242003134889E+03));
#960 = CARTESIAN_POINT('',(-4.413125891789,-1.242159974024E+03));
#961 = CARTESIAN_POINT('',(-4.412408158172,-1.242318735113E+03));
#962 = CARTESIAN_POINT('',(-4.411704946566,-1.242479334555E+03));
#963 = CARTESIAN_POINT('',(-4.410211789858,-1.242831287082E+03));
#964 = CARTESIAN_POINT('',(-4.409427089453,-1.243023278431E+03));
#965 = CARTESIAN_POINT('',(-4.408661847177,-1.243217542639E+03));
#966 = CARTESIAN_POINT('',(-4.407915870448,-1.243413961308E+03));
#967 = CARTESIAN_POINT('',(-4.407188964241,-1.243612422807E+03));
#968 = CARTESIAN_POINT('',(-4.406480931089,-1.243812822273E+03));
#969 = CARTESIAN_POINT('',(-4.405791571083,-1.244015061609E+03));
#970 = CARTESIAN_POINT('',(-4.40396823818,-1.244569456878E+03));
#971 = CARTESIAN_POINT('',(-4.40287033479,-1.24492501313E+03));
#972 = CARTESIAN_POINT('',(-4.401825925963,-1.245285261383E+03));
#973 = CARTESIAN_POINT('',(-4.400834033822,-1.245649782461E+03));
#974 = CARTESIAN_POINT('',(-4.399893732113,-1.246018193548E+03));
#975 = CARTESIAN_POINT('',(-4.399004137791,-1.246390147502E+03));
#976 = CARTESIAN_POINT('',(-4.398164410433,-1.246765332781E+03));
#977 = CARTESIAN_POINT('',(-4.395401936155,-1.248086529381E+03));
#978 = CARTESIAN_POINT('',(-4.393735987078,-1.249047664911E+03));
#979 = CARTESIAN_POINT('',(-4.392362760027,-1.250022846334E+03));
#980 = CARTESIAN_POINT('',(-4.391273410333,-1.251008542903E+03));
#981 = CARTESIAN_POINT('',(-4.390461161073,-1.252001631897E+03));
#982 = CARTESIAN_POINT('',(-4.389921316754,-1.252999392933E+03));
#983 = CARTESIAN_POINT('',(-4.389651198484,-1.253999490907E+03));
#984 = CARTESIAN_POINT('',(-4.389651198484,-1.255E+03));
#985 = ( GEOMETRIC_REPRESENTATION_CONTEXT(2) 
PARAMETRIC_REPRESENTATION_CONTEXT() REPRESENTATION_CONTEXT('2D SPACE',''
  ) );
#986 = PCURVE('',#987,#992);
#987 = SPHERICAL_SURFACE('',#988,25.);
#988 = AXIS2_PLACEMENT_3D('',#989,#990,#991);
#989 = CARTESIAN_POINT('',(145.,-65.,-250.));
#990 = DIRECTION('',(-0.,-0.,-1.));
#991 = DIRECTION('',(-1.,0.,0.));
#992 = DEFINITIONAL_REPRESENTATION('',(#993),#1038);
#993 = B_SPLINE_CURVE_WITH_KNOTS('',8,(#994,#995,#996,#997,#998,#999,
    #1000,#1001,#1002,#1003,#1004,#1005,#1006,#1007,#1008,#1009,#1010,
    #1011,#1012,#1013,#1014,#1015,#1016,#1017,#1018,#1019,#1020,#1021,
    #1022,#1023,#1024,#1025,#1026,#1027,#1028,#1029,#1030,#1031,#1032,
    #1033,#1034,#1035,#1036,#1037),.UNSPECIFIED.,.F.,.F.,(9,7,7,7,7,7,9)
  ,(0.,0.108906287335,0.235250103188,0.318589826035,0.41590895174,
    0.583082324736,1.),.UNSPECIFIED.);
#994 = CARTESIAN_POINT('',(0.,-0.861450242687));
#995 = CARTESIAN_POINT('',(-1.996042205495E-02,-0.867066075016));
#996 = CARTESIAN_POINT('',(-3.991748016968E-02,-0.872673609654));
#997 = CARTESIAN_POINT('',(-5.9868142747E-02,-0.878266276764));
#998 = CARTESIAN_POINT('',(-7.981074215161E-02,-0.883837977469));
#999 = CARTESIAN_POINT('',(-9.974485853256E-02,-0.889383078179));
#1000 = CARTESIAN_POINT('',(-0.119671203646,-0.894896404922));
#1001 = CARTESIAN_POINT('',(-0.139591504677,-0.900373237668));
#1002 = CARTESIAN_POINT('',(-0.182614262926,-0.912115767442));
#1003 = CARTESIAN_POINT('',(-0.205714992087,-0.918367215451));
#1004 = CARTESIAN_POINT('',(-0.228815558042,-0.924557186715));
#1005 = CARTESIAN_POINT('',(-0.251921669776,-0.930679763846));
#1006 = CARTESIAN_POINT('',(-0.275039796868,-0.936729561954));
#1007 = CARTESIAN_POINT('',(-0.298177203603,-0.942701716538));
#1008 = CARTESIAN_POINT('',(-0.321341983074,-0.948591871385));
#1009 = CARTESIAN_POINT('',(-0.359847155963,-0.958224833046));
#1010 = CARTESIAN_POINT('',(-0.375166801265,-0.962016082827));
#1011 = CARTESIAN_POINT('',(-0.390504503484,-0.96576878134));
#1012 = CARTESIAN_POINT('',(-0.405862715608,-0.969481838828));
#1013 = CARTESIAN_POINT('',(-0.421243879833,-0.973154210294));
#1014 = CARTESIAN_POINT('',(-0.436650440075,-0.976784895543));
#1015 = CARTESIAN_POINT('',(-0.452084854483,-0.980372939226));
#1016 = CARTESIAN_POINT('',(-0.485608418726,-0.988056475473));
#1017 = CARTESIAN_POINT('',(-0.503708466699,-0.992136098544));
#1018 = CARTESIAN_POINT('',(-0.521853673401,-0.996154847668));
#1019 = CARTESIAN_POINT('',(-0.540047812446,-1.000111302564));
#1020 = CARTESIAN_POINT('',(-0.558294509523,-1.004004075091));
#1021 = CARTESIAN_POINT('',(-0.576597242393,-1.007831809255));
#1022 = CARTESIAN_POINT('',(-0.594959340889,-1.011593181203));
#1023 = CARTESIAN_POINT('',(-0.645033574818,-1.021631914109));
#1024 = CARTESIAN_POINT('',(-0.676866817641,-1.027777107182));
#1025 = CARTESIAN_POINT('',(-0.708900586027,-1.033716081808));
#1026 = CARTESIAN_POINT('',(-0.741148845526,-1.03944232204));
#1027 = CARTESIAN_POINT('',(-0.773622841269,-1.044949306475));
#1028 = CARTESIAN_POINT('',(-0.806331268664,-1.05023059779));
#1029 = CARTESIAN_POINT('',(-0.839280430117,-1.055279907949));
#1030 = CARTESIAN_POINT('',(-0.955257558149,-1.072089983515));
#1031 = CARTESIAN_POINT('',(-1.039536496797,-1.082604188086));
#1032 = CARTESIAN_POINT('',(-1.125395272238,-1.091544098544));
#1033 = CARTESIAN_POINT('',(-1.212752493255,-1.098813840594));
#1034 = CARTESIAN_POINT('',(-1.301374571901,-1.104327375981));
#1035 = CARTESIAN_POINT('',(-1.390875947839,-1.108022922019));
#1036 = CARTESIAN_POINT('',(-1.480817654549,-1.109872059898));
#1037 = CARTESIAN_POINT('',(-1.570796326795,-1.109872059898));
#1038 = ( GEOMETRIC_REPRESENTATION_CONTEXT(2) 
PARAMETRIC_REPRESENTATION_CONTEXT() REPRESENTATION_CONTEXT('2D SPACE',''
  ) );
#1039 = ORIENTED_EDGE('',*,*,#1040,.T.);
#1040 = EDGE_CURVE('',#888,#1041,#1043,.T.);
#1041 = VERTEX_POINT('',#1042);
#1042 = CARTESIAN_POINT('',(128.71655682973,65.,-231.0303010429));
#1043 = SURFACE_CURVE('',#1044,(#1082,#1123),.PCURVE_S1.);
#1044 = B_SPLINE_CURVE_WITH_KNOTS('',8,(#1045,#1046,#1047,#1048,#1049,
    #1050,#1051,#1052,#1053,#1054,#1055,#1056,#1057,#1058,#1059,#1060,
    #1061,#1062,#1063,#1064,#1065,#1066,#1067,#1068,#1069,#1070,#1071,
    #1072,#1073,#1074,#1075,#1076,#1077,#1078,#1079,#1080,#1081),
  .UNSPECIFIED.,.F.,.F.,(9,7,7,7,7,9),(0.,0.242178714208,0.500359805623,
    0.810125321408,0.952764556255,1.),.UNSPECIFIED.);
#1045 = CARTESIAN_POINT('',(128.71655702639,-65.0000006,-231.0303008741)
  );
#1046 = CARTESIAN_POINT('',(127.51045961273,-61.32020442134,
    -232.0656055632));
#1047 = CARTESIAN_POINT('',(126.52294654896,-57.50936420525,
    -233.0654931451));
#1048 = CARTESIAN_POINT('',(125.71272150951,-53.63912285171,
    -234.0020923373));
#1049 = CARTESIAN_POINT('',(125.04453731669,-49.75029417804,
    -234.8638671339));
#1050 = CARTESIAN_POINT('',(124.49009242262,-45.86288005877,
    -235.6481328649));
#1051 = CARTESIAN_POINT('',(124.02704346581,-41.97560488716,
    -236.3573933195));
#1052 = CARTESIAN_POINT('',(123.63828200714,-38.06665840389,
    -236.9958260937));
#1053 = CARTESIAN_POINT('',(122.96323380766,-29.86267238612,
    -238.1732767302));
#1054 = CARTESIAN_POINT('',(122.68968697473,-25.61110609542,
    -238.6954864382));
#1055 = CARTESIAN_POINT('',(122.47755824182,-21.35034785402,
    -239.1305954063));
#1056 = CARTESIAN_POINT('',(122.31700896577,-17.0855819028,
    -239.4783199225));
#1057 = CARTESIAN_POINT('',(122.20105338226,-12.81896962919,
    -239.7389564873));
#1058 = CARTESIAN_POINT('',(122.12517097824,-8.550587476066,
    -239.9128161945));
#1059 = CARTESIAN_POINT('',(122.08715036628,-4.279319638981,
    -239.9999339168));
#1060 = CARTESIAN_POINT('',(122.08708694923,5.126168686277,
    -240.0000792235));
#1061 = CARTESIAN_POINT('',(122.14174399646,10.242990923418,
    -239.8748456068));
#1062 = CARTESIAN_POINT('',(122.25059833089,15.352659090786,
    -239.6254164929));
#1063 = CARTESIAN_POINT('',(122.41826194811,20.460692527435,
    -239.251726961));
#1064 = CARTESIAN_POINT('',(122.65411675052,25.568571107472,
    -238.7526546259));
#1065 = CARTESIAN_POINT('',(122.97304119461,30.671690200118,
    -238.1272804754));
#1066 = CARTESIAN_POINT('',(123.39639965482,35.757223075126,
    -237.3765135006));
#1067 = CARTESIAN_POINT('',(124.21101872527,43.122321157113,
    -236.1059471517));
#1068 = CARTESIAN_POINT('',(124.49611395808,45.433193071526,
    -235.6804622607));
#1069 = CARTESIAN_POINT('',(124.81300479588,47.736799733434,
    -235.2296700788));
#1070 = CARTESIAN_POINT('',(125.1658572351,50.034848769454,
    -234.7532812092));
#1071 = CARTESIAN_POINT('',(125.55951472563,52.326709837956,
    -234.2513582325));
#1072 = CARTESIAN_POINT('',(125.99954645616,54.609305201205,
    -233.7245818433));
#1073 = CARTESIAN_POINT('',(126.49228987479,56.876923049389,
    -233.1745625348));
#1074 = CARTESIAN_POINT('',(127.22788191666,59.864071540165,
    -232.4153197142));
#1075 = CARTESIAN_POINT('',(127.41754806372,60.60504127609,
    -232.224099087));
#1076 = CARTESIAN_POINT('',(127.6142392069,61.343869839517,
    -232.030553978));
#1077 = CARTESIAN_POINT('',(127.8183242945,62.080476346623,
    -231.8347245087));
#1078 = CARTESIAN_POINT('',(128.03018838462,62.814692230473,
    -231.636675789));
#1079 = CARTESIAN_POINT('',(128.25023312746,63.546261496902,
    -231.4365008134));
#1080 = CARTESIAN_POINT('',(128.47887724761,64.274840980401,
    -231.2343233574));
#1081 = CARTESIAN_POINT('',(128.71655702639,65.0000006,-231.0303008741)
  );
#1082 = PCURVE('',#58,#1083);
#1083 = DEFINITIONAL_REPRESENTATION('',(#1084),#1122);
#1084 = B_SPLINE_CURVE_WITH_KNOTS('',8,(#1085,#1086,#1087,#1088,#1089,
    #1090,#1091,#1092,#1093,#1094,#1095,#1096,#1097,#1098,#1099,#1100,
    #1101,#1102,#1103,#1104,#1105,#1106,#1107,#1108,#1109,#1110,#1111,
    #1112,#1113,#1114,#1115,#1116,#1117,#1118,#1119,#1120,#1121),
  .UNSPECIFIED.,.F.,.F.,(9,7,7,7,7,9),(0.,0.242178714208,0.500359805623,
    0.810125321408,0.952764556255,1.),.UNSPECIFIED.);
#1085 = CARTESIAN_POINT('',(-4.438130364299,-1.238716557026E+03));
#1086 = CARTESIAN_POINT('',(-4.4540581286,-1.237510459613E+03));
#1087 = CARTESIAN_POINT('',(-4.4704715365,-1.236522946549E+03));
#1088 = CARTESIAN_POINT('',(-4.487057932105,-1.23571272151E+03));
#1089 = CARTESIAN_POINT('',(-4.503648353617,-1.235044537317E+03));
#1090 = CARTESIAN_POINT('',(-4.520166453076,-1.234490092423E+03));
#1091 = CARTESIAN_POINT('',(-4.536626103147,-1.234027043466E+03));
#1092 = CARTESIAN_POINT('',(-4.553126096925,-1.233638282007E+03));
#1093 = CARTESIAN_POINT('',(-4.587659639541,-1.232963233808E+03));
#1094 = CARTESIAN_POINT('',(-4.605503938089,-1.232689686975E+03));
#1095 = CARTESIAN_POINT('',(-4.62334321169,-1.232477558242E+03));
#1096 = CARTESIAN_POINT('',(-4.641164631955,-1.232317008966E+03));
#1097 = CARTESIAN_POINT('',(-4.658967975075,-1.232201053382E+03));
#1098 = CARTESIAN_POINT('',(-4.676761526745,-1.232125170978E+03));
#1099 = CARTESIAN_POINT('',(-4.694558481887,-1.232087150366E+03));
#1100 = CARTESIAN_POINT('',(-4.73374801658,-1.232087086949E+03));
#1101 = CARTESIAN_POINT('',(-4.755068100768,-1.232141743996E+03));
#1102 = CARTESIAN_POINT('',(-4.776373251652,-1.232250598331E+03));
#1103 = CARTESIAN_POINT('',(-4.797701016103,-1.232418261948E+03));
#1104 = CARTESIAN_POINT('',(-4.819072398688,-1.232654116751E+03));
#1105 = CARTESIAN_POINT('',(-4.840483638954,-1.232973041195E+03));
#1106 = CARTESIAN_POINT('',(-4.861896715639,-1.233396399655E+03));
#1107 = CARTESIAN_POINT('',(-4.893037917525,-1.234211018725E+03));
#1108 = CARTESIAN_POINT('',(-4.902827781486,-1.234496113958E+03));
#1109 = CARTESIAN_POINT('',(-4.912607184192,-1.234813004796E+03));
#1110 = CARTESIAN_POINT('',(-4.922384745943,-1.235165857235E+03));
#1111 = CARTESIAN_POINT('',(-4.932159262937,-1.235559514726E+03));
#1112 = CARTESIAN_POINT('',(-4.941919048443,-1.235999546456E+03));
#1113 = CARTESIAN_POINT('',(-4.951640837996,-1.236492289875E+03));
#1114 = CARTESIAN_POINT('',(-4.964483033101,-1.237227881917E+03));
#1115 = CARTESIAN_POINT('',(-4.967671536935,-1.237417548064E+03));
#1116 = CARTESIAN_POINT('',(-4.970853829539,-1.237614239207E+03));
#1117 = CARTESIAN_POINT('',(-4.974029592143,-1.237818324295E+03));
#1118 = CARTESIAN_POINT('',(-4.977198125377,-1.238030188385E+03));
#1119 = CARTESIAN_POINT('',(-4.980358346907,-1.238250233127E+03));
#1120 = CARTESIAN_POINT('',(-4.983508789063,-1.238478877248E+03));
#1121 = CARTESIAN_POINT('',(-4.98664759647,-1.238716557026E+03));
#1122 = ( GEOMETRIC_REPRESENTATION_CONTEXT(2) 
PARAMETRIC_REPRESENTATION_CONTEXT() REPRESENTATION_CONTEXT('2D SPACE',''
  ) );
#1123 = PCURVE('',#1124,#1129);
#1124 = CYLINDRICAL_SURFACE('',#1125,25.);
#1125 = AXIS2_PLACEMENT_3D('',#1126,#1127,#1128);
#1126 = CARTESIAN_POINT('',(145.,-90.,-250.));
#1127 = DIRECTION('',(0.,1.,0.));
#1128 = DIRECTION('',(-1.,0.,0.));
#1129 = DEFINITIONAL_REPRESENTATION('',(#1130),#1168);
#1130 = B_SPLINE_CURVE_WITH_KNOTS('',8,(#1131,#1132,#1133,#1134,#1135,
    #1136,#1137,#1138,#1139,#1140,#1141,#1142,#1143,#1144,#1145,#1146,
    #1147,#1148,#1149,#1150,#1151,#1152,#1153,#1154,#1155,#1156,#1157,
    #1158,#1159,#1160,#1161,#1162,#1163,#1164,#1165,#1166,#1167),
  .UNSPECIFIED.,.F.,.F.,(9,7,7,7,7,9),(0.,0.242178714208,0.500359805623,
    0.810125321408,0.952764556255,1.),.UNSPECIFIED.);
#1131 = CARTESIAN_POINT('',(0.861450253053,24.9999994));
#1132 = CARTESIAN_POINT('',(0.797870045183,28.679795578656));
#1133 = CARTESIAN_POINT('',(0.741846899783,32.490635794754));
#1134 = CARTESIAN_POINT('',(0.692462281647,36.360877148276));
#1135 = CARTESIAN_POINT('',(0.648944711602,40.249705821965));
#1136 = CARTESIAN_POINT('',(0.610583432964,44.137119941218));
#1137 = CARTESIAN_POINT('',(0.576731301183,48.024395112844));
#1138 = CARTESIAN_POINT('',(0.546842330269,51.933341596104));
#1139 = CARTESIAN_POINT('',(0.492553030066,60.137327613874));
#1140 = CARTESIAN_POINT('',(0.468989357184,64.388893904577));
#1141 = CARTESIAN_POINT('',(0.449636802131,68.649652145977));
#1142 = CARTESIAN_POINT('',(0.434320014266,72.914418097195));
#1143 = CARTESIAN_POINT('',(0.422909881486,77.181030370808));
#1144 = CARTESIAN_POINT('',(0.41532181086,81.449412523933));
#1145 = CARTESIAN_POINT('',(0.411519730174,85.720680361019));
#1146 = CARTESIAN_POINT('',(0.411513388468,95.126168686277));
#1147 = CARTESIAN_POINT('',(0.416979060976,100.2429909234));
#1148 = CARTESIAN_POINT('',(0.427864846958,105.35265909082));
#1149 = CARTESIAN_POINT('',(0.444247427499,110.46069252738));
#1150 = CARTESIAN_POINT('',(0.466316911274,115.5685711075));
#1151 = CARTESIAN_POINT('',(0.49436827882,120.6716902001));
#1152 = CARTESIAN_POINT('',(0.528789218851,125.75722307512));
#1153 = CARTESIAN_POINT('',(0.589160643574,133.12232115711));
#1154 = CARTESIAN_POINT('',(0.609643270514,135.43319307152));
#1155 = CARTESIAN_POINT('',(0.631674802207,137.73679973343));
#1156 = CARTESIAN_POINT('',(0.655372637953,140.03484876945));
#1157 = CARTESIAN_POINT('',(0.680866379098,142.32670983795));
#1158 = CARTESIAN_POINT('',(0.708295877332,144.6093052012));
#1159 = CARTESIAN_POINT('',(0.737811672061,146.87692304938));
#1160 = CARTESIAN_POINT('',(0.780097278364,149.86407154016));
#1161 = CARTESIAN_POINT('',(0.790869725755,150.60504127609));
#1162 = CARTESIAN_POINT('',(0.801906264184,151.34386983951));
#1163 = CARTESIAN_POINT('',(0.813218131252,152.08047634662));
#1164 = CARTESIAN_POINT('',(0.824816732348,152.81469223047));
#1165 = CARTESIAN_POINT('',(0.836713676006,153.5462614969));
#1166 = CARTESIAN_POINT('',(0.84892080927,154.2748409804));
#1167 = CARTESIAN_POINT('',(0.861450253053,155.0000006));
#1168 = ( GEOMETRIC_REPRESENTATION_CONTEXT(2) 
PARAMETRIC_REPRESENTATION_CONTEXT() REPRESENTATION_CONTEXT('2D SPACE',''
  ) );
#1169 = ORIENTED_EDGE('',*,*,#1170,.F.);
#1170 = EDGE_CURVE('',#1171,#1041,#1173,.T.);
#1171 = VERTEX_POINT('',#1172);
#1172 = CARTESIAN_POINT('',(145.,76.119402722085,-227.6089552922));
#1173 = SURFACE_CURVE('',#1174,(#1201,#1231),.PCURVE_S1.);
#1174 = B_SPLINE_CURVE_WITH_KNOTS('',7,(#1175,#1176,#1177,#1178,#1179,
    #1180,#1181,#1182,#1183,#1184,#1185,#1186,#1187,#1188,#1189,#1190,
    #1191,#1192,#1193,#1194,#1195,#1196,#1197,#1198,#1199,#1200),
  .UNSPECIFIED.,.F.,.F.,(8,6,6,6,8),(0.,0.425067264819,0.583806130658,
    0.764600381652,1.),.UNSPECIFIED.);
#1175 = CARTESIAN_POINT('',(145.,76.119402722085,-227.6089552922));
#1176 = CARTESIAN_POINT('',(143.83281522122,76.119402722085,
    -227.6089552922));
#1177 = CARTESIAN_POINT('',(142.66710498806,76.033990807885,
    -227.6375199391));
#1178 = CARTESIAN_POINT('',(141.5055771545,75.863537708485,
    -227.6945236107));
#1179 = CARTESIAN_POINT('',(140.35204381465,75.606652500418,
    -227.7802115271));
#1180 = CARTESIAN_POINT('',(139.2114021973,75.260845466395,
    -227.8949635555));
#1181 = CARTESIAN_POINT('',(138.08954554109,74.822757637417,
    -228.0391901827));
#1182 = CARTESIAN_POINT('',(136.58451362575,74.08707638048,
    -228.2786660355));
#1183 = CARTESIAN_POINT('',(136.17895690801,73.873452921619,
    -228.3479776071));
#1184 = CARTESIAN_POINT('',(135.77745365165,73.645973889726,
    -228.4215181053));
#1185 = CARTESIAN_POINT('',(135.3804502099,73.404352886963,
    -228.4993183968));
#1186 = CARTESIAN_POINT('',(134.98845131588,73.148286499355,
    -228.5814068733));
#1187 = CARTESIAN_POINT('',(134.60202085664,72.877452008929,
    -228.6678092588));
#1188 = CARTESIAN_POINT('',(133.78871759637,72.265816970878,
    -228.8618981999));
#1189 = CARTESIAN_POINT('',(133.36372689238,71.92055457401,
    -228.9708642104));
#1190 = CARTESIAN_POINT('',(132.94770561345,71.555181420415,
    -229.0854887689));
#1191 = CARTESIAN_POINT('',(132.54174475339,71.169180486971,
    -229.2057913515));
#1192 = CARTESIAN_POINT('',(132.14712095899,70.762071715929,
    -229.3317615774));
#1193 = CARTESIAN_POINT('',(131.76528962903,70.333425595992,
    -229.4633544873));
#1194 = CARTESIAN_POINT('',(130.91950889647,69.296227150264,
    -229.7790437163));
#1195 = CARTESIAN_POINT('',(130.46567141717,68.672540280978,
    -229.9669628377));
#1196 = CARTESIAN_POINT('',(130.03992455101,68.010963614501,
    -230.164075649));
#1197 = CARTESIAN_POINT('',(129.64680449534,67.311349732838,
    -230.3699441257));
#1198 = CARTESIAN_POINT('',(129.29151152517,66.574560417695,
    -230.5837894215));
#1199 = CARTESIAN_POINT('',(128.97966185557,65.802731925019,
    -230.8044537195));
#1200 = CARTESIAN_POINT('',(128.71655682973,65.,-231.0303010429));
#1201 = PCURVE('',#58,#1202);
#1202 = DEFINITIONAL_REPRESENTATION('',(#1203),#1230);
#1203 = B_SPLINE_CURVE_WITH_KNOTS('',7,(#1204,#1205,#1206,#1207,#1208,
    #1209,#1210,#1211,#1212,#1213,#1214,#1215,#1216,#1217,#1218,#1219,
    #1220,#1221,#1222,#1223,#1224,#1225,#1226,#1227,#1228,#1229),
  .UNSPECIFIED.,.F.,.F.,(8,6,6,6,8),(0.,0.425067264819,0.583806130658,
    0.764600381652,1.),.UNSPECIFIED.);
#1204 = CARTESIAN_POINT('',(-5.035126762286,-1.255E+03));
#1205 = CARTESIAN_POINT('',(-5.035126762286,-1.253832815221E+03));
#1206 = CARTESIAN_POINT('',(-5.034751504677,-1.252667104988E+03));
#1207 = CARTESIAN_POINT('',(-5.03400262021,-1.251505577155E+03));
#1208 = CARTESIAN_POINT('',(-5.032874289116,-1.250352043815E+03));
#1209 = CARTESIAN_POINT('',(-5.031356169994,-1.249211402197E+03));
#1210 = CARTESIAN_POINT('',(-5.029434438062,-1.248089545541E+03));
#1211 = CARTESIAN_POINT('',(-5.026210785254,-1.246584513626E+03));
#1212 = CARTESIAN_POINT('',(-5.025275008783,-1.246178956908E+03));
#1213 = CARTESIAN_POINT('',(-5.024278880793,-1.245777453652E+03));
#1214 = CARTESIAN_POINT('',(-5.023221224981,-1.24538045021E+03));
#1215 = CARTESIAN_POINT('',(-5.022100799897,-1.244988451316E+03));
#1216 = CARTESIAN_POINT('',(-5.020916289757,-1.244602020857E+03));
#1217 = CARTESIAN_POINT('',(-5.018242575318,-1.243788717596E+03));
#1218 = CARTESIAN_POINT('',(-5.016734038315,-1.243363726892E+03));
#1219 = CARTESIAN_POINT('',(-5.015138495382,-1.242947705613E+03));
#1220 = CARTESIAN_POINT('',(-5.013453861377,-1.242541744753E+03));
#1221 = CARTESIAN_POINT('',(-5.011678232127,-1.242147120959E+03));
#1222 = CARTESIAN_POINT('',(-5.009809943084,-1.241765289629E+03));
#1223 = CARTESIAN_POINT('',(-5.005292537884,-1.240919508896E+03));
#1224 = CARTESIAN_POINT('',(-5.002578455626,-1.240465671417E+03));
#1225 = CARTESIAN_POINT('',(-4.999702158719,-1.240039924551E+03));
#1226 = CARTESIAN_POINT('',(-4.996663548255,-1.239646804495E+03));
#1227 = CARTESIAN_POINT('',(-4.993466941483,-1.239291511525E+03));
#1228 = CARTESIAN_POINT('',(-4.99012216808,-1.238979661856E+03));
#1229 = CARTESIAN_POINT('',(-4.986647593873,-1.23871655683E+03));
#1230 = ( GEOMETRIC_REPRESENTATION_CONTEXT(2) 
PARAMETRIC_REPRESENTATION_CONTEXT() REPRESENTATION_CONTEXT('2D SPACE',''
  ) );
#1231 = PCURVE('',#1232,#1237);
#1232 = SPHERICAL_SURFACE('',#1233,25.);
#1233 = AXIS2_PLACEMENT_3D('',#1234,#1235,#1236);
#1234 = CARTESIAN_POINT('',(145.,65.,-250.));
#1235 = DIRECTION('',(-0.,-1.,-0.));
#1236 = DIRECTION('',(-1.,0.,0.));
#1237 = DEFINITIONAL_REPRESENTATION('',(#1238),#1265);
#1238 = B_SPLINE_CURVE_WITH_KNOTS('',7,(#1239,#1240,#1241,#1242,#1243,
    #1244,#1245,#1246,#1247,#1248,#1249,#1250,#1251,#1252,#1253,#1254,
    #1255,#1256,#1257,#1258,#1259,#1260,#1261,#1262,#1263,#1264),
  .UNSPECIFIED.,.F.,.F.,(8,6,6,6,8),(0.,0.425067264819,0.583806130658,
    0.764600381652,1.),.UNSPECIFIED.);
#1239 = CARTESIAN_POINT('',(-1.570796326795,-0.460924266897));
#1240 = CARTESIAN_POINT('',(-1.518669023491,-0.460924266897));
#1241 = CARTESIAN_POINT('',(-1.466607657699,-0.457109673384));
#1242 = CARTESIAN_POINT('',(-1.414916098412,-0.44949725853));
#1243 = CARTESIAN_POINT('',(-1.363947106995,-0.438069793863));
#1244 = CARTESIAN_POINT('',(-1.314052577284,-0.422807421631));
#1245 = CARTESIAN_POINT('',(-1.265532003709,-0.403684661235));
#1246 = CARTESIAN_POINT('',(-1.20111133751,-0.371989262426));
#1247 = CARTESIAN_POINT('',(-1.183821970346,-0.362820380617));
#1248 = CARTESIAN_POINT('',(-1.166772384687,-0.35309615964));
#1249 = CARTESIAN_POINT('',(-1.149975790319,-0.342811459875));
#1250 = CARTESIAN_POINT('',(-1.133445377022,-0.331960518201));
#1251 = CARTESIAN_POINT('',(-1.117194151011,-0.320536651907));
#1252 = CARTESIAN_POINT('',(-1.083058220842,-0.29485875182));
#1253 = CARTESIAN_POINT('',(-1.065262017006,-0.280433324732));
#1254 = CARTESIAN_POINT('',(-1.04786382243,-0.26524270898));
#1255 = CARTESIAN_POINT('',(-1.030884764753,-0.249274223887));
#1256 = CARTESIAN_POINT('',(-1.014348574041,-0.232515564902));
#1257 = CARTESIAN_POINT('',(-0.998281169747,-0.214954558631));
#1258 = CARTESIAN_POINT('',(-0.96243773298,-0.172651897874));
#1259 = CARTESIAN_POINT('',(-0.943010782027,-0.147347520397));
#1260 = CARTESIAN_POINT('',(-0.924490387914,-0.120636028091));
#1261 = CARTESIAN_POINT('',(-0.906963709417,-9.250808428553E-02));
#1262 = CARTESIAN_POINT('',(-0.890534186049,-6.298241172373E-02));
#1263 = CARTESIAN_POINT('',(-0.875319994992,-3.210927700075E-02));
#1264 = CARTESIAN_POINT('',(-0.861450242687,0.));
#1265 = ( GEOMETRIC_REPRESENTATION_CONTEXT(2) 
PARAMETRIC_REPRESENTATION_CONTEXT() REPRESENTATION_CONTEXT('2D SPACE',''
  ) );
#1266 = ORIENTED_EDGE('',*,*,#1267,.F.);
#1267 = EDGE_CURVE('',#1268,#1171,#1270,.T.);
#1268 = VERTEX_POINT('',#1269);
#1269 = CARTESIAN_POINT('',(355.,76.119402722085,-227.6089552922));
#1270 = SURFACE_CURVE('',#1271,(#1275,#1281),.PCURVE_S1.);
#1271 = LINE('',#1272,#1273);
#1272 = CARTESIAN_POINT('',(-1.11E+03,76.119402722085,-227.6089552922));
#1273 = VECTOR('',#1274,1.);
#1274 = DIRECTION('',(-1.,-0.,-0.));
#1275 = PCURVE('',#58,#1276);
#1276 = DEFINITIONAL_REPRESENTATION('',(#1277),#1280);
#1277 = B_SPLINE_CURVE_WITH_KNOTS('',1,(#1278,#1279),.UNSPECIFIED.,.F.,
  .F.,(2,2),(-1.4650000006E+03,-1.2549999994E+03),
  .PIECEWISE_BEZIER_KNOTS.);
#1278 = CARTESIAN_POINT('',(-5.035126762286,-1.4650000006E+03));
#1279 = CARTESIAN_POINT('',(-5.035126762286,-1.2549999994E+03));
#1280 = ( GEOMETRIC_REPRESENTATION_CONTEXT(2) 
PARAMETRIC_REPRESENTATION_CONTEXT() REPRESENTATION_CONTEXT('2D SPACE',''
  ) );
#1281 = PCURVE('',#1282,#1287);
#1282 = CYLINDRICAL_SURFACE('',#1283,25.);
#1283 = AXIS2_PLACEMENT_3D('',#1284,#1285,#1286);
#1284 = CARTESIAN_POINT('',(120.,65.,-250.));
#1285 = DIRECTION('',(1.,0.,0.));
#1286 = DIRECTION('',(-0.,1.,0.));
#1287 = DEFINITIONAL_REPRESENTATION('',(#1288),#1291);
#1288 = B_SPLINE_CURVE_WITH_KNOTS('',1,(#1289,#1290),.UNSPECIFIED.,.F.,
  .F.,(2,2),(-1.4650000006E+03,-1.2549999994E+03),
  .PIECEWISE_BEZIER_KNOTS.);
#1289 = CARTESIAN_POINT('',(1.109872059898,235.0000006));
#1290 = CARTESIAN_POINT('',(1.109872059898,24.9999994));
#1291 = ( GEOMETRIC_REPRESENTATION_CONTEXT(2) 
PARAMETRIC_REPRESENTATION_CONTEXT() REPRESENTATION_CONTEXT('2D SPACE',''
  ) );
#1292 = ORIENTED_EDGE('',*,*,#1293,.F.);
#1293 = EDGE_CURVE('',#1294,#1268,#1296,.T.);
#1294 = VERTEX_POINT('',#1295);
#1295 = CARTESIAN_POINT('',(371.28344317026,65.,-231.0303010429));
#1296 = SURFACE_CURVE('',#1297,(#1328,#1362),.PCURVE_S1.);
#1297 = B_SPLINE_CURVE_WITH_KNOTS('',8,(#1298,#1299,#1300,#1301,#1302,
    #1303,#1304,#1305,#1306,#1307,#1308,#1309,#1310,#1311,#1312,#1313,
    #1314,#1315,#1316,#1317,#1318,#1319,#1320,#1321,#1322,#1323,#1324,
    #1325,#1326,#1327),.UNSPECIFIED.,.F.,.F.,(9,7,7,7,9),(0.,
    0.235661050277,0.416580924861,0.58344798831,1.),.UNSPECIFIED.);
#1298 = CARTESIAN_POINT('',(371.28344317026,65.,-231.0303010429));
#1299 = CARTESIAN_POINT('',(371.05295524695,65.703217332238,
    -230.8324519885));
#1300 = CARTESIAN_POINT('',(370.78582303648,66.383201491865,
    -230.6384996409));
#1301 = CARTESIAN_POINT('',(370.48537153089,67.037359384488,
    -230.4494698651));
#1302 = CARTESIAN_POINT('',(370.15508372155,67.664101933327,
    -230.2661484221));
#1303 = CARTESIAN_POINT('',(369.79832515614,68.26257072691,
    -230.0891183663));
#1304 = CARTESIAN_POINT('',(369.41818988762,68.832480321338,
    -229.9187820892));
#1305 = CARTESIAN_POINT('',(369.01739825011,69.374012289517,
    -229.755380219));
#1306 = CARTESIAN_POINT('',(368.2763355295,70.282059237726,
    -229.4789796046));
#1307 = CARTESIAN_POINT('',(367.94366870555,70.65996411484,
    -229.3631032022));
#1308 = CARTESIAN_POINT('',(367.60119814068,71.021646996647,
    -229.251440537));
#1309 = CARTESIAN_POINT('',(367.2498568076,71.367370453219,
    -229.1440240217));
#1310 = CARTESIAN_POINT('',(366.89048832194,71.697422777336,
    -229.040868662));
#1311 = CARTESIAN_POINT('',(366.52384501746,72.012114065148,
    -228.941973352));
#1312 = CARTESIAN_POINT('',(366.15058471063,72.311769969341,
    -228.8473231216));
#1313 = CARTESIAN_POINT('',(365.42141087336,72.859542764612,
    -228.6734856929));
#1314 = CARTESIAN_POINT('',(365.066429343,73.109834478686,-228.593674982
    ));
#1315 = CARTESIAN_POINT('',(364.7067743117,73.34785294419,-228.51744219)
  );
#1316 = CARTESIAN_POINT('',(364.34286129776,73.573835822825,
    -228.4447686556));
#1317 = CARTESIAN_POINT('',(363.97506988768,73.788007554008,
    -228.3756344036));
#1318 = CARTESIAN_POINT('',(363.603744422,73.99058136756,-228.310017979)
  );
#1319 = CARTESIAN_POINT('',(363.22919406844,74.18175951588,
    -228.2478967807));
#1320 = CARTESIAN_POINT('',(361.90933059019,74.810998252307,
    -228.0428420616));
#1321 = CARTESIAN_POINT('',(360.94887254517,75.190293541886,
    -227.9181200406));
#1322 = CARTESIAN_POINT('',(359.97434391544,75.502765030507,
    -227.8146627751));
#1323 = CARTESIAN_POINT('',(358.98926942312,75.750539937631,
    -227.7322110085));
#1324 = CARTESIAN_POINT('',(357.99677051467,75.935240010748,
    -227.6705449892));
#1325 = CARTESIAN_POINT('',(356.99956967067,76.057983335177,
    -227.629495803));
#1326 = CARTESIAN_POINT('',(356.00000491929,76.119402722085,
    -227.6089552922));
#1327 = CARTESIAN_POINT('',(355.,76.119402722085,-227.6089552922));
#1328 = PCURVE('',#58,#1329);
#1329 = DEFINITIONAL_REPRESENTATION('',(#1330),#1361);
#1330 = B_SPLINE_CURVE_WITH_KNOTS('',8,(#1331,#1332,#1333,#1334,#1335,
    #1336,#1337,#1338,#1339,#1340,#1341,#1342,#1343,#1344,#1345,#1346,
    #1347,#1348,#1349,#1350,#1351,#1352,#1353,#1354,#1355,#1356,#1357,
    #1358,#1359,#1360),.UNSPECIFIED.,.F.,.F.,(9,7,7,7,9),(0.,
    0.235661050277,0.416580924861,0.58344798831,1.),.UNSPECIFIED.);
#1331 = CARTESIAN_POINT('',(-4.986647593873,-1.48128344317E+03));
#1332 = CARTESIAN_POINT('',(-4.989691425479,-1.481052955247E+03));
#1333 = CARTESIAN_POINT('',(-4.99263767283,-1.480785823036E+03));
#1334 = CARTESIAN_POINT('',(-4.995474820517,-1.480485371531E+03));
#1335 = CARTESIAN_POINT('',(-4.998195639445,-1.480155083722E+03));
#1336 = CARTESIAN_POINT('',(-5.0007960468,-1.479798325156E+03));
#1337 = CARTESIAN_POINT('',(-5.003274450894,-1.479418189888E+03));
#1338 = CARTESIAN_POINT('',(-5.005631308354,-1.47901739825E+03));
#1339 = CARTESIAN_POINT('',(-5.009586233553,-1.47827633553E+03));
#1340 = CARTESIAN_POINT('',(-5.011233194042,-1.477943668706E+03));
#1341 = CARTESIAN_POINT('',(-5.012810387209,-1.477601198141E+03));
#1342 = CARTESIAN_POINT('',(-5.014318825406,-1.477249856808E+03));
#1343 = CARTESIAN_POINT('',(-5.015759642539,-1.476890488322E+03));
#1344 = CARTESIAN_POINT('',(-5.017134077368,-1.476523845017E+03));
#1345 = CARTESIAN_POINT('',(-5.018443446291,-1.476150584711E+03));
#1346 = CARTESIAN_POINT('',(-5.020838009313,-1.475421410873E+03));
#1347 = CARTESIAN_POINT('',(-5.021932626514,-1.475066429343E+03));
#1348 = CARTESIAN_POINT('',(-5.022973993674,-1.474706774312E+03));
#1349 = CARTESIAN_POINT('',(-5.023963079578,-1.474342861298E+03));
#1350 = CARTESIAN_POINT('',(-5.024900801463,-1.473975069888E+03));
#1351 = CARTESIAN_POINT('',(-5.025788033409,-1.473603744422E+03));
#1352 = CARTESIAN_POINT('',(-5.026625606982,-1.473229194068E+03));
#1353 = CARTESIAN_POINT('',(-5.029383137156,-1.47190933059E+03));
#1354 = CARTESIAN_POINT('',(-5.031046776955,-1.470948872545E+03));
#1355 = CARTESIAN_POINT('',(-5.032418245094,-1.469974343915E+03));
#1356 = CARTESIAN_POINT('',(-5.033506300039,-1.468989269423E+03));
#1357 = CARTESIAN_POINT('',(-5.034317643312,-1.467996770515E+03));
#1358 = CARTESIAN_POINT('',(-5.034856916209,-1.466999569671E+03));
#1359 = CARTESIAN_POINT('',(-5.035126762286,-1.466000004919E+03));
#1360 = CARTESIAN_POINT('',(-5.035126762286,-1.465E+03));
#1361 = ( GEOMETRIC_REPRESENTATION_CONTEXT(2) 
PARAMETRIC_REPRESENTATION_CONTEXT() REPRESENTATION_CONTEXT('2D SPACE',''
  ) );
#1362 = PCURVE('',#1363,#1368);
#1363 = SPHERICAL_SURFACE('',#1364,25.);
#1364 = AXIS2_PLACEMENT_3D('',#1365,#1366,#1367);
#1365 = CARTESIAN_POINT('',(355.,65.,-250.));
#1366 = DIRECTION('',(-0.,-1.,-0.));
#1367 = DIRECTION('',(1.,-0.,0.));
#1368 = DEFINITIONAL_REPRESENTATION('',(#1369),#1400);
#1369 = B_SPLINE_CURVE_WITH_KNOTS('',8,(#1370,#1371,#1372,#1373,#1374,
    #1375,#1376,#1377,#1378,#1379,#1380,#1381,#1382,#1383,#1384,#1385,
    #1386,#1387,#1388,#1389,#1390,#1391,#1392,#1393,#1394,#1395,#1396,
    #1397,#1398,#1399),.UNSPECIFIED.,.F.,.F.,(9,7,7,7,9),(0.,
    0.235661050277,0.416580924861,0.58344798831,1.),.UNSPECIFIED.);
#1370 = CARTESIAN_POINT('',(0.861450242687,0.));
#1371 = CARTESIAN_POINT('',(0.873600563249,-2.812869328953E-02));
#1372 = CARTESIAN_POINT('',(0.886761571286,-5.532805590757E-02));
#1373 = CARTESIAN_POINT('',(0.900852298014,-8.15283024656E-02));
#1374 = CARTESIAN_POINT('',(0.915797267233,-0.106690299791));
#1375 = CARTESIAN_POINT('',(0.93152792649,-0.130794442539));
#1376 = CARTESIAN_POINT('',(0.947983510674,-0.153836074923));
#1377 = CARTESIAN_POINT('',(0.965112742624,-0.175823585481));
#1378 = CARTESIAN_POINT('',(0.996516208557,-0.212860191021));
#1379 = CARTESIAN_POINT('',(1.010527818354,-0.228332782641));
#1380 = CARTESIAN_POINT('',(1.024894920327,-0.243201160393));
#1381 = CARTESIAN_POINT('',(1.039601000665,-0.257473045036));
#1382 = CARTESIAN_POINT('',(1.054630659096,-0.271156112883));
#1383 = CARTESIAN_POINT('',(1.069969693391,-0.284258163944));
#1384 = CARTESIAN_POINT('',(1.08560532544,-0.296787139679));
#1385 = CARTESIAN_POINT('',(1.116211142098,-0.319785558201));
#1386 = CARTESIAN_POINT('',(1.131137530051,-0.330338520964));
#1387 = CARTESIAN_POINT('',(1.146296501025,-0.340415838938));
#1388 = CARTESIAN_POINT('',(1.16167866228,-0.350022543886));
#1389 = CARTESIAN_POINT('',(1.17727448146,-0.359163015265));
#1390 = CARTESIAN_POINT('',(1.193074346286,-0.367841166888));
#1391 = CARTESIAN_POINT('',(1.209068662531,-0.376060543991));
#1392 = CARTESIAN_POINT('',(1.265636616993,-0.403205153552));
#1393 = CARTESIAN_POINT('',(1.307165485489,-0.41974086554));
#1394 = CARTESIAN_POINT('',(1.349697119227,-0.433489258809));
#1395 = CARTESIAN_POINT('',(1.393062687025,-0.444471512447));
#1396 = CARTESIAN_POINT('',(1.437066045632,-0.452699430845));
#1397 = CARTESIAN_POINT('',(1.481494117027,-0.458181232937));
#1398 = CARTESIAN_POINT('',(1.526135395054,-0.460924266897));
#1399 = CARTESIAN_POINT('',(1.570796326795,-0.460924266897));
#1400 = ( GEOMETRIC_REPRESENTATION_CONTEXT(2) 
PARAMETRIC_REPRESENTATION_CONTEXT() REPRESENTATION_CONTEXT('2D SPACE',''
  ) );
#1401 = ORIENTED_EDGE('',*,*,#1402,.F.);
#1402 = EDGE_CURVE('',#1403,#1294,#1405,.T.);
#1403 = VERTEX_POINT('',#1404);
#1404 = CARTESIAN_POINT('',(371.28344317026,-65.,-231.0303010429));
#1405 = SURFACE_CURVE('',#1406,(#1444,#1485),.PCURVE_S1.);
#1406 = B_SPLINE_CURVE_WITH_KNOTS('',8,(#1407,#1408,#1409,#1410,#1411,
    #1412,#1413,#1414,#1415,#1416,#1417,#1418,#1419,#1420,#1421,#1422,
    #1423,#1424,#1425,#1426,#1427,#1428,#1429,#1430,#1431,#1432,#1433,
    #1434,#1435,#1436,#1437,#1438,#1439,#1440,#1441,#1442,#1443),
  .UNSPECIFIED.,.F.,.F.,(9,7,7,7,7,9),(0.,0.242178714726,0.500359805975,
    0.810125321545,0.952764556288,1.),.UNSPECIFIED.);
#1407 = CARTESIAN_POINT('',(371.2834429736,-65.0000006,-231.0303008741)
  );
#1408 = CARTESIAN_POINT('',(372.48954038404,-61.32020443117,
    -232.0656055604));
#1409 = CARTESIAN_POINT('',(373.47705346354,-57.50936415954,
    -233.0654931567));
#1410 = CARTESIAN_POINT('',(374.28727846704,-53.63912295263,
    -234.0020923138));
#1411 = CARTESIAN_POINT('',(374.95546270883,-49.75029404811,
    -234.8638671616));
#1412 = CARTESIAN_POINT('',(375.50990756078,-45.86288016115,
    -235.6481328452));
#1413 = CARTESIAN_POINT('',(375.97295654017,-41.97560483937,
    -236.3573933277));
#1414 = CARTESIAN_POINT('',(376.36171799194,-38.0666584149,
    -236.9958260921));
#1415 = CARTESIAN_POINT('',(377.03676619232,-29.86267238614,
    -238.1732767302));
#1416 = CARTESIAN_POINT('',(377.31031302526,-25.61110609543,
    -238.6954864382));
#1417 = CARTESIAN_POINT('',(377.52244175817,-21.35034785399,
    -239.1305954063));
#1418 = CARTESIAN_POINT('',(377.68299103422,-17.0855819028,
    -239.4783199225));
#1419 = CARTESIAN_POINT('',(377.79894661773,-12.81896962922,
    -239.7389564873));
#1420 = CARTESIAN_POINT('',(377.87482902175,-8.550587476052,
    -239.9128161945));
#1421 = CARTESIAN_POINT('',(377.91284963371,-4.279319638971,
    -239.9999339168));
#1422 = CARTESIAN_POINT('',(377.91291305076,5.126168685988,
    -240.0000792235));
#1423 = CARTESIAN_POINT('',(377.85825600353,10.242990923996,
    -239.8748456068));
#1424 = CARTESIAN_POINT('',(377.7494016691,15.352659090422,
    -239.6254164928));
#1425 = CARTESIAN_POINT('',(377.58173805185,20.460692527516,
    -239.251726961));
#1426 = CARTESIAN_POINT('',(377.34588324953,25.568571107146,
    -238.752654626));
#1427 = CARTESIAN_POINT('',(377.02695880532,30.671690200622,
    -238.1272804753));
#1428 = CARTESIAN_POINT('',(376.6036003452,35.757223074913,
    -237.3765135006));
#1429 = CARTESIAN_POINT('',(375.78898127472,43.122321157127,
    -236.1059471517));
#1430 = CARTESIAN_POINT('',(375.50388604191,45.433193071495,
    -235.6804622607));
#1431 = CARTESIAN_POINT('',(375.18699520412,47.736799733396,
    -235.2296700788));
#1432 = CARTESIAN_POINT('',(374.83414276489,50.034848769455,
    -234.7532812092));
#1433 = CARTESIAN_POINT('',(374.44048527435,52.326709837997,
    -234.2513582324));
#1434 = CARTESIAN_POINT('',(374.00045354382,54.609305201232,
    -233.7245818433));
#1435 = CARTESIAN_POINT('',(373.50771012521,56.876923049356,
    -233.1745625348));
#1436 = CARTESIAN_POINT('',(372.77211808332,59.864071540207,
    -232.4153197142));
#1437 = CARTESIAN_POINT('',(372.58245193625,60.60504127614,
    -232.224099087));
#1438 = CARTESIAN_POINT('',(372.38576079308,61.34386983955,
    -232.0305539779));
#1439 = CARTESIAN_POINT('',(372.18167570549,62.080476346628,
    -231.8347245087));
#1440 = CARTESIAN_POINT('',(371.96981161537,62.814692230451,
    -231.636675789));
#1441 = CARTESIAN_POINT('',(371.74976687254,63.546261496866,
    -231.4365008134));
#1442 = CARTESIAN_POINT('',(371.52112275239,64.274840980372,
    -231.2343233574));
#1443 = CARTESIAN_POINT('',(371.2834429736,65.0000006,-231.0303008741));
#1444 = PCURVE('',#58,#1445);
#1445 = DEFINITIONAL_REPRESENTATION('',(#1446),#1484);
#1446 = B_SPLINE_CURVE_WITH_KNOTS('',8,(#1447,#1448,#1449,#1450,#1451,
    #1452,#1453,#1454,#1455,#1456,#1457,#1458,#1459,#1460,#1461,#1462,
    #1463,#1464,#1465,#1466,#1467,#1468,#1469,#1470,#1471,#1472,#1473,
    #1474,#1475,#1476,#1477,#1478,#1479,#1480,#1481,#1482,#1483),
  .UNSPECIFIED.,.F.,.F.,(9,7,7,7,7,9),(0.,0.242178714726,0.500359805975,
    0.810125321545,0.952764556288,1.),.UNSPECIFIED.);
#1447 = CARTESIAN_POINT('',(-4.438130364299,-1.481283442974E+03));
#1448 = CARTESIAN_POINT('',(-4.454058128557,-1.482489540384E+03));
#1449 = CARTESIAN_POINT('',(-4.470471536697,-1.483477053464E+03));
#1450 = CARTESIAN_POINT('',(-4.487057931673,-1.484287278467E+03));
#1451 = CARTESIAN_POINT('',(-4.503648354171,-1.484955462709E+03));
#1452 = CARTESIAN_POINT('',(-4.520166452641,-1.485509907561E+03));
#1453 = CARTESIAN_POINT('',(-4.536626103349,-1.48597295654E+03));
#1454 = CARTESIAN_POINT('',(-4.553126096878,-1.486361717992E+03));
#1455 = CARTESIAN_POINT('',(-4.587659639541,-1.487036766192E+03));
#1456 = CARTESIAN_POINT('',(-4.605503938089,-1.487310313025E+03));
#1457 = CARTESIAN_POINT('',(-4.62334321169,-1.487522441758E+03));
#1458 = CARTESIAN_POINT('',(-4.641164631955,-1.487682991034E+03));
#1459 = CARTESIAN_POINT('',(-4.658967975075,-1.487798946618E+03));
#1460 = CARTESIAN_POINT('',(-4.676761526745,-1.487874829022E+03));
#1461 = CARTESIAN_POINT('',(-4.694558481887,-1.487912849634E+03));
#1462 = CARTESIAN_POINT('',(-4.733748016579,-1.487912913051E+03));
#1463 = CARTESIAN_POINT('',(-4.75506810077,-1.487858256004E+03));
#1464 = CARTESIAN_POINT('',(-4.776373251649,-1.487749401669E+03));
#1465 = CARTESIAN_POINT('',(-4.797701016104,-1.487581738052E+03));
#1466 = CARTESIAN_POINT('',(-4.819072398686,-1.48734588325E+03));
#1467 = CARTESIAN_POINT('',(-4.840483638957,-1.487026958805E+03));
#1468 = CARTESIAN_POINT('',(-4.861896715638,-1.486603600345E+03));
#1469 = CARTESIAN_POINT('',(-4.893037917525,-1.485788981275E+03));
#1470 = CARTESIAN_POINT('',(-4.902827781485,-1.485503886042E+03));
#1471 = CARTESIAN_POINT('',(-4.912607184192,-1.485186995204E+03));
#1472 = CARTESIAN_POINT('',(-4.922384745943,-1.484834142765E+03));
#1473 = CARTESIAN_POINT('',(-4.932159262937,-1.484440485274E+03));
#1474 = CARTESIAN_POINT('',(-4.941919048443,-1.484000453544E+03));
#1475 = CARTESIAN_POINT('',(-4.951640837996,-1.483507710125E+03));
#1476 = CARTESIAN_POINT('',(-4.964483033101,-1.482772118083E+03));
#1477 = CARTESIAN_POINT('',(-4.967671536935,-1.482582451936E+03));
#1478 = CARTESIAN_POINT('',(-4.97085382954,-1.482385760793E+03));
#1479 = CARTESIAN_POINT('',(-4.974029592143,-1.482181675705E+03));
#1480 = CARTESIAN_POINT('',(-4.977198125377,-1.481969811615E+03));
#1481 = CARTESIAN_POINT('',(-4.980358346907,-1.481749766873E+03));
#1482 = CARTESIAN_POINT('',(-4.983508789063,-1.481521122752E+03));
#1483 = CARTESIAN_POINT('',(-4.98664759647,-1.481283442974E+03));
#1484 = ( GEOMETRIC_REPRESENTATION_CONTEXT(2) 
PARAMETRIC_REPRESENTATION_CONTEXT() REPRESENTATION_CONTEXT('2D SPACE',''
  ) );
#1485 = PCURVE('',#1486,#1491);
#1486 = CYLINDRICAL_SURFACE('',#1487,25.);
#1487 = AXIS2_PLACEMENT_3D('',#1488,#1489,#1490);
#1488 = CARTESIAN_POINT('',(355.,-90.,-250.));
#1489 = DIRECTION('',(0.,1.,0.));
#1490 = DIRECTION('',(1.,0.,-0.));
#1491 = DEFINITIONAL_REPRESENTATION('',(#1492),#1530);
#1492 = B_SPLINE_CURVE_WITH_KNOTS('',8,(#1493,#1494,#1495,#1496,#1497,
    #1498,#1499,#1500,#1501,#1502,#1503,#1504,#1505,#1506,#1507,#1508,
    #1509,#1510,#1511,#1512,#1513,#1514,#1515,#1516,#1517,#1518,#1519,
    #1520,#1521,#1522,#1523,#1524,#1525,#1526,#1527,#1528,#1529),
  .UNSPECIFIED.,.F.,.F.,(9,7,7,7,7,9),(0.,0.242178714726,0.500359805975,
    0.810125321545,0.952764556288,1.),.UNSPECIFIED.);
#1493 = CARTESIAN_POINT('',(-0.861450253053,24.9999994));
#1494 = CARTESIAN_POINT('',(-0.797870045353,28.679795568829));
#1495 = CARTESIAN_POINT('',(-0.741846899097,32.490635840453));
#1496 = CARTESIAN_POINT('',(-0.692462282984,36.360877047366));
#1497 = CARTESIAN_POINT('',(-0.648944710082,40.249705951881));
#1498 = CARTESIAN_POINT('',(-0.610583434007,44.137119838851));
#1499 = CARTESIAN_POINT('',(-0.576731300774,48.024395160627));
#1500 = CARTESIAN_POINT('',(-0.546842330342,51.933341585092));
#1501 = CARTESIAN_POINT('',(-0.492553030066,60.137327613852));
#1502 = CARTESIAN_POINT('',(-0.468989357183,64.388893904566));
#1503 = CARTESIAN_POINT('',(-0.449636802131,68.649652146013));
#1504 = CARTESIAN_POINT('',(-0.434320014266,72.914418097193));
#1505 = CARTESIAN_POINT('',(-0.422909881486,77.181030370774));
#1506 = CARTESIAN_POINT('',(-0.41532181086,81.44941252395));
#1507 = CARTESIAN_POINT('',(-0.411519730174,85.720680361029));
#1508 = CARTESIAN_POINT('',(-0.411513388468,95.126168685988));
#1509 = CARTESIAN_POINT('',(-0.416979060976,100.24299092399));
#1510 = CARTESIAN_POINT('',(-0.427864846959,105.35265909044));
#1511 = CARTESIAN_POINT('',(-0.444247427499,110.46069252748));
#1512 = CARTESIAN_POINT('',(-0.46631691127,115.56857110717));
#1513 = CARTESIAN_POINT('',(-0.494368278824,120.67169020061));
#1514 = CARTESIAN_POINT('',(-0.52878921885,125.75722307491));
#1515 = CARTESIAN_POINT('',(-0.589160643574,133.12232115712));
#1516 = CARTESIAN_POINT('',(-0.609643270514,135.43319307149));
#1517 = CARTESIAN_POINT('',(-0.631674802206,137.73679973339));
#1518 = CARTESIAN_POINT('',(-0.655372637953,140.03484876945));
#1519 = CARTESIAN_POINT('',(-0.680866379098,142.32670983799));
#1520 = CARTESIAN_POINT('',(-0.708295877332,144.60930520123));
#1521 = CARTESIAN_POINT('',(-0.737811672061,146.87692304935));
#1522 = CARTESIAN_POINT('',(-0.780097278364,149.8640715402));
#1523 = CARTESIAN_POINT('',(-0.790869725756,150.60504127614));
#1524 = CARTESIAN_POINT('',(-0.801906264184,151.34386983955));
#1525 = CARTESIAN_POINT('',(-0.813218131252,152.08047634662));
#1526 = CARTESIAN_POINT('',(-0.824816732348,152.81469223045));
#1527 = CARTESIAN_POINT('',(-0.836713676006,153.54626149686));
#1528 = CARTESIAN_POINT('',(-0.84892080927,154.27484098037));
#1529 = CARTESIAN_POINT('',(-0.861450253053,155.0000006));
#1530 = ( GEOMETRIC_REPRESENTATION_CONTEXT(2) 
PARAMETRIC_REPRESENTATION_CONTEXT() REPRESENTATION_CONTEXT('2D SPACE',''
  ) );
#1531 = ORIENTED_EDGE('',*,*,#1532,.F.);
#1532 = EDGE_CURVE('',#1533,#1403,#1535,.T.);
#1533 = VERTEX_POINT('',#1534);
#1534 = CARTESIAN_POINT('',(355.,-76.11940272208,-227.6089552922));
#1535 = SURFACE_CURVE('',#1536,(#1560,#1587),.PCURVE_S1.);
#1536 = B_SPLINE_CURVE_WITH_KNOTS('',8,(#1537,#1538,#1539,#1540,#1541,
    #1542,#1543,#1544,#1545,#1546,#1547,#1548,#1549,#1550,#1551,#1552,
    #1553,#1554,#1555,#1556,#1557,#1558,#1559),.UNSPECIFIED.,.F.,.F.,(9,
    7,7,9),(0.,0.582663457777,0.763767671261,1.),.UNSPECIFIED.);
#1537 = CARTESIAN_POINT('',(355.,-76.11940272208,-227.6089552922));
#1538 = CARTESIAN_POINT('',(356.40191679576,-76.11940272208,
    -227.6089552922));
#1539 = CARTESIAN_POINT('',(357.79878859547,-75.99868861422,
    -227.6493249901));
#1540 = CARTESIAN_POINT('',(359.18871241583,-75.75879757578,
    -227.7295545804));
#1541 = CARTESIAN_POINT('',(360.56636654374,-75.3967788245,
    -227.850221715));
#1542 = CARTESIAN_POINT('',(361.92413888082,-74.90813412632,
    -228.0120746272));
#1543 = CARTESIAN_POINT('',(363.25137433406,-74.28621576396,
    -228.2160250265));
#1544 = CARTESIAN_POINT('',(364.53497449225,-73.52344445053,
    -228.4627478581));
#1545 = CARTESIAN_POINT('',(366.1371986864,-72.32243577415,
    -228.8439524115));
#1546 = CARTESIAN_POINT('',(366.51107059318,-72.022921505,
    -228.9385733343));
#1547 = CARTESIAN_POINT('',(366.87833592192,-71.7083412965,
    -229.0374501946));
#1548 = CARTESIAN_POINT('',(367.23833551769,-71.37836770291,
    -229.1405983973));
#1549 = CARTESIAN_POINT('',(367.59031546764,-71.03268867536,
    -229.2480194913));
#1550 = CARTESIAN_POINT('',(367.93343030284,-70.67101379758,
    -229.3596989176));
#1551 = CARTESIAN_POINT('',(368.26674487903,-70.29307817013,
    -229.4756047154));
#1552 = CARTESIAN_POINT('',(369.00989095414,-69.38414395283,
    -229.7523227583));
#1553 = CARTESIAN_POINT('',(369.41206629333,-68.8416490269,
    -229.9160413842));
#1554 = CARTESIAN_POINT('',(369.79352044191,-68.2706196185,
    -230.086737157));
#1555 = CARTESIAN_POINT('',(370.15151361099,-67.67086711939,
    -230.2641693631));
#1556 = CARTESIAN_POINT('',(370.48292773442,-67.04267338999,
    -230.4479341231));
#1557 = CARTESIAN_POINT('',(370.78436953553,-66.38689787763,
    -230.6374452364));
#1558 = CARTESIAN_POINT('',(371.05232607209,-65.70513694113,
    -230.8319119097));
#1559 = CARTESIAN_POINT('',(371.28344317026,-65.,-231.0303010429));
#1560 = PCURVE('',#58,#1561);
#1561 = DEFINITIONAL_REPRESENTATION('',(#1562),#1586);
#1562 = B_SPLINE_CURVE_WITH_KNOTS('',8,(#1563,#1564,#1565,#1566,#1567,
    #1568,#1569,#1570,#1571,#1572,#1573,#1574,#1575,#1576,#1577,#1578,
    #1579,#1580,#1581,#1582,#1583,#1584,#1585),.UNSPECIFIED.,.F.,.F.,(9,
    7,7,9),(0.,0.582663457777,0.763767671261,1.),.UNSPECIFIED.);
#1563 = CARTESIAN_POINT('',(-4.389651198484,-1.465E+03));
#1564 = CARTESIAN_POINT('',(-4.389651198484,-1.466401916796E+03));
#1565 = CARTESIAN_POINT('',(-4.390181555046,-1.467798788595E+03));
#1566 = CARTESIAN_POINT('',(-4.39123551941,-1.469188712416E+03));
#1567 = CARTESIAN_POINT('',(-4.392825517173,-1.470566366544E+03));
#1568 = CARTESIAN_POINT('',(-4.394970308746,-1.471924138881E+03));
#1569 = CARTESIAN_POINT('',(-4.397697391093,-1.473251374334E+03));
#1570 = CARTESIAN_POINT('',(-4.401037677794,-1.474534974492E+03));
#1571 = CARTESIAN_POINT('',(-4.406287907207,-1.476137198686E+03));
#1572 = CARTESIAN_POINT('',(-4.407596676612,-1.476511070593E+03));
#1573 = CARTESIAN_POINT('',(-4.408970646859,-1.476878335922E+03));
#1574 = CARTESIAN_POINT('',(-4.410411141994,-1.477238335518E+03));
#1575 = CARTESIAN_POINT('',(-4.41191940907,-1.477590315468E+03));
#1576 = CARTESIAN_POINT('',(-4.413496590973,-1.477933430303E+03));
#1577 = CARTESIAN_POINT('',(-4.415143709865,-1.478266744879E+03));
#1578 = CARTESIAN_POINT('',(-4.419102556952,-1.479009890954E+03));
#1579 = CARTESIAN_POINT('',(-4.42146363691,-1.479412066293E+03));
#1580 = CARTESIAN_POINT('',(-4.42394694036,-1.479793520442E+03));
#1581 = CARTESIAN_POINT('',(-4.426552951962,-1.480151513611E+03));
#1582 = CARTESIAN_POINT('',(-4.429280092685,-1.480482927734E+03));
#1583 = CARTESIAN_POINT('',(-4.432124272082,-1.480784369536E+03));
#1584 = CARTESIAN_POINT('',(-4.435078226385,-1.481052326072E+03));
#1585 = CARTESIAN_POINT('',(-4.438130366896,-1.48128344317E+03));
#1586 = ( GEOMETRIC_REPRESENTATION_CONTEXT(2) 
PARAMETRIC_REPRESENTATION_CONTEXT() REPRESENTATION_CONTEXT('2D SPACE',''
  ) );
#1587 = PCURVE('',#1588,#1593);
#1588 = SPHERICAL_SURFACE('',#1589,25.);
#1589 = AXIS2_PLACEMENT_3D('',#1590,#1591,#1592);
#1590 = CARTESIAN_POINT('',(355.,-65.,-250.));
#1591 = DIRECTION('',(-0.,-0.,-1.));
#1592 = DIRECTION('',(1.,0.,0.));
#1593 = DEFINITIONAL_REPRESENTATION('',(#1594),#1618);
#1594 = B_SPLINE_CURVE_WITH_KNOTS('',8,(#1595,#1596,#1597,#1598,#1599,
    #1600,#1601,#1602,#1603,#1604,#1605,#1606,#1607,#1608,#1609,#1610,
    #1611,#1612,#1613,#1614,#1615,#1616,#1617),.UNSPECIFIED.,.F.,.F.,(9,
    7,7,9),(0.,0.582663457777,0.763767671261,1.),.UNSPECIFIED.);
#1595 = CARTESIAN_POINT('',(1.570796326795,-1.109872059898));
#1596 = CARTESIAN_POINT('',(1.44471790057,-1.109872059898));
#1597 = CARTESIAN_POINT('',(1.31909366976,-1.106241288055));
#1598 = CARTESIAN_POINT('',(1.194725316703,-1.099026851329));
#1599 = CARTESIAN_POINT('',(1.072710509936,-1.088321586299));
#1600 = CARTESIAN_POINT('',(0.953879055229,-1.074354821888));
#1601 = CARTESIAN_POINT('',(0.83836271881,-1.057411586627));
#1602 = CARTESIAN_POINT('',(0.725865156441,-1.037787537718));
#1603 = CARTESIAN_POINT('',(0.581224203875,-1.008854290899));
#1604 = CARTESIAN_POINT('',(0.547146376679,-1.001759353403));
#1605 = CARTESIAN_POINT('',(0.513265018243,-0.994438011215));
#1606 = CARTESIAN_POINT('',(0.479557369314,-0.986898764741));
#1607 = CARTESIAN_POINT('',(0.446000200866,-0.979150778965));
#1608 = CARTESIAN_POINT('',(0.412569233247,-0.971203881724));
#1609 = CARTESIAN_POINT('',(0.379238580374,-0.963068500502));
#1610 = CARTESIAN_POINT('',(0.302598013665,-0.943912109454));
#1611 = CARTESIAN_POINT('',(0.259345280615,-0.932768154807));
#1612 = CARTESIAN_POINT('',(0.216157525039,-0.921347467683));
#1613 = CARTESIAN_POINT('',(0.172987788338,-0.909681082987));
#1614 = CARTESIAN_POINT('',(0.129802074714,-0.897807784565));
#1615 = CARTESIAN_POINT('',(8.657713592337E-02,-0.885773961511));
#1616 = CARTESIAN_POINT('',(4.330392127514E-02,-0.873633730611));
#1617 = CARTESIAN_POINT('',(0.,-0.861450242687));
#1618 = ( GEOMETRIC_REPRESENTATION_CONTEXT(2) 
PARAMETRIC_REPRESENTATION_CONTEXT() REPRESENTATION_CONTEXT('2D SPACE',''
  ) );
#1619 = ORIENTED_EDGE('',*,*,#1620,.T.);
#1620 = EDGE_CURVE('',#1533,#890,#1621,.T.);
#1621 = SURFACE_CURVE('',#1622,(#1626,#1632),.PCURVE_S1.);
#1622 = LINE('',#1623,#1624);
#1623 = CARTESIAN_POINT('',(-1.11E+03,-76.11940272208,-227.6089552922));
#1624 = VECTOR('',#1625,1.);
#1625 = DIRECTION('',(-1.,-0.,-0.));
#1626 = PCURVE('',#58,#1627);
#1627 = DEFINITIONAL_REPRESENTATION('',(#1628),#1631);
#1628 = B_SPLINE_CURVE_WITH_KNOTS('',1,(#1629,#1630),.UNSPECIFIED.,.F.,
  .F.,(2,2),(-1.4650000006E+03,-1.2549999994E+03),
  .PIECEWISE_BEZIER_KNOTS.);
#1629 = CARTESIAN_POINT('',(-4.389651198484,-1.4650000006E+03));
#1630 = CARTESIAN_POINT('',(-4.389651198484,-1.2549999994E+03));
#1631 = ( GEOMETRIC_REPRESENTATION_CONTEXT(2) 
PARAMETRIC_REPRESENTATION_CONTEXT() REPRESENTATION_CONTEXT('2D SPACE',''
  ) );
#1632 = PCURVE('',#1633,#1638);
#1633 = CYLINDRICAL_SURFACE('',#1634,25.);
#1634 = AXIS2_PLACEMENT_3D('',#1635,#1636,#1637);
#1635 = CARTESIAN_POINT('',(120.,-65.,-250.));
#1636 = DIRECTION('',(1.,0.,0.));
#1637 = DIRECTION('',(0.,-1.,0.));
#1638 = DEFINITIONAL_REPRESENTATION('',(#1639),#1642);
#1639 = B_SPLINE_CURVE_WITH_KNOTS('',1,(#1640,#1641),.UNSPECIFIED.,.F.,
  .F.,(2,2),(-1.4650000006E+03,-1.2549999994E+03),
  .PIECEWISE_BEZIER_KNOTS.);
#1640 = CARTESIAN_POINT('',(-1.109872059898,235.0000006));
#1641 = CARTESIAN_POINT('',(-1.109872059898,24.9999994));
#1642 = ( GEOMETRIC_REPRESENTATION_CONTEXT(2) 
PARAMETRIC_REPRESENTATION_CONTEXT() REPRESENTATION_CONTEXT('2D SPACE',''
  ) );
#1643 = FACE_BOUND('',#1644,.F.);
#1644 = EDGE_LOOP('',(#1645,#1680,#1741,#1767,#1828,#1861,#1940,#1966));
#1645 = ORIENTED_EDGE('',*,*,#1646,.F.);
#1646 = EDGE_CURVE('',#1647,#1649,#1651,.T.);
#1647 = VERTEX_POINT('',#1648);
#1648 = CARTESIAN_POINT('',(-350.,-237.2846391994,-36.));
#1649 = VERTEX_POINT('',#1650);
#1650 = CARTESIAN_POINT('',(-350.,-239.9666643515,-4.));
#1651 = SURFACE_CURVE('',#1652,(#1657,#1664),.PCURVE_S1.);
#1652 = CIRCLE('',#1653,240.);
#1653 = AXIS2_PLACEMENT_3D('',#1654,#1655,#1656);
#1654 = CARTESIAN_POINT('',(-350.,0.,0.));
#1655 = DIRECTION('',(-1.,0.,0.));
#1656 = DIRECTION('',(0.,1.,0.));
#1657 = PCURVE('',#58,#1658);
#1658 = DEFINITIONAL_REPRESENTATION('',(#1659),#1663);
#1659 = LINE('',#1660,#1661);
#1660 = CARTESIAN_POINT('',(-6.28318530718,-760.));
#1661 = VECTOR('',#1662,1.);
#1662 = DIRECTION('',(1.,-0.));
#1663 = ( GEOMETRIC_REPRESENTATION_CONTEXT(2) 
PARAMETRIC_REPRESENTATION_CONTEXT() REPRESENTATION_CONTEXT('2D SPACE',''
  ) );
#1664 = PCURVE('',#1665,#1670);
#1665 = PLANE('',#1666);
#1666 = AXIS2_PLACEMENT_3D('',#1667,#1668,#1669);
#1667 = CARTESIAN_POINT('',(-350.,-202.5,-60.));
#1668 = DIRECTION('',(1.,0.,-0.));
#1669 = DIRECTION('',(0.,0.,-1.));
#1670 = DEFINITIONAL_REPRESENTATION('',(#1671),#1679);
#1671 = ( BOUNDED_CURVE() B_SPLINE_CURVE(2,(#1672,#1673,#1674,#1675,
#1676,#1677,#1678),.UNSPECIFIED.,.T.,.F.) B_SPLINE_CURVE_WITH_KNOTS((1,2
    ,2,2,2,1),(-2.094395102393,0.,2.094395102393,4.188790204786,
6.28318530718,8.377580409573),.UNSPECIFIED.) CURVE() 
GEOMETRIC_REPRESENTATION_ITEM() RATIONAL_B_SPLINE_CURVE((1.,0.5,1.,0.5,
1.,0.5,1.)) REPRESENTATION_ITEM('') );
#1672 = CARTESIAN_POINT('',(-60.,442.5));
#1673 = CARTESIAN_POINT('',(355.69219381653,442.5));
#1674 = CARTESIAN_POINT('',(147.84609690826,82.5));
#1675 = CARTESIAN_POINT('',(-60.,-277.5));
#1676 = CARTESIAN_POINT('',(-267.8460969082,82.5));
#1677 = CARTESIAN_POINT('',(-475.6921938165,442.5));
#1678 = CARTESIAN_POINT('',(-60.,442.5));
#1679 = ( GEOMETRIC_REPRESENTATION_CONTEXT(2) 
PARAMETRIC_REPRESENTATION_CONTEXT() REPRESENTATION_CONTEXT('2D SPACE',''
  ) );
#1680 = ORIENTED_EDGE('',*,*,#1681,.T.);
#1681 = EDGE_CURVE('',#1647,#1682,#1684,.T.);
#1682 = VERTEX_POINT('',#1683);
#1683 = CARTESIAN_POINT('',(-326.,-232.3790007724,-60.));
#1684 = SURFACE_CURVE('',#1685,(#1700,#1718),.PCURVE_S1.);
#1685 = B_SPLINE_CURVE_WITH_KNOTS('',7,(#1686,#1687,#1688,#1689,#1690,
    #1691,#1692,#1693,#1694,#1695,#1696,#1697,#1698,#1699),
  .UNSPECIFIED.,.F.,.F.,(8,6,8),(0.,0.447686112955,1.),.UNSPECIFIED.);
#1686 = CARTESIAN_POINT('',(-350.,-237.2846391994,-36.));
#1687 = CARTESIAN_POINT('',(-350.,-236.8349654189,-38.96390779898));
#1688 = CARTESIAN_POINT('',(-349.5729631721,-236.3540769583,
    -41.84231053388));
#1689 = CARTESIAN_POINT('',(-348.7632431518,-235.8569642891,
    -44.56436699938));
#1690 = CARTESIAN_POINT('',(-347.6266259435,-235.3627323431,
    -47.07262976888));
#1691 = CARTESIAN_POINT('',(-346.2298991625,-234.8919275417,
    -49.3236767011));
#1692 = CARTESIAN_POINT('',(-344.6494595504,-234.4613572377,
    -51.29166594652));
#1693 = CARTESIAN_POINT('',(-340.8992945277,-233.6127280016,
    -55.04183096922));
#1694 = CARTESIAN_POINT('',(-338.6219173168,-233.2083803037,
    -56.72934435472));
#1695 = CARTESIAN_POINT('',(-336.2106614869,-232.8789499553,
    -58.05191430807));
#1696 = CARTESIAN_POINT('',(-333.7122223859,-232.6296536528,
    -59.02923913792));
#1697 = CARTESIAN_POINT('',(-331.1607790837,-232.4626790833,
    -59.675911901));
#1698 = CARTESIAN_POINT('',(-328.5820385532,-232.3790007724,-60.));
#1699 = CARTESIAN_POINT('',(-326.,-232.3790007724,-60.));
#1700 = PCURVE('',#58,#1701);
#1701 = DEFINITIONAL_REPRESENTATION('',(#1702),#1717);
#1702 = B_SPLINE_CURVE_WITH_KNOTS('',7,(#1703,#1704,#1705,#1706,#1707,
    #1708,#1709,#1710,#1711,#1712,#1713,#1714,#1715,#1716),
  .UNSPECIFIED.,.F.,.F.,(8,6,8),(0.,0.447686112955,1.),.UNSPECIFIED.);
#1703 = CARTESIAN_POINT('',(-3.292160926366,-760.));
#1704 = CARTESIAN_POINT('',(-3.304651864714,-760.));
#1705 = CARTESIAN_POINT('',(-3.316810074549,-760.4270368278));
#1706 = CARTESIAN_POINT('',(-3.328337518429,-761.2367568481));
#1707 = CARTESIAN_POINT('',(-3.338988093735,-762.3733740564));
#1708 = CARTESIAN_POINT('',(-3.348569733588,-763.7701008374));
#1709 = CARTESIAN_POINT('',(-3.356963434606,-765.3505404495));
#1710 = CARTESIAN_POINT('',(-3.372984205237,-769.1007054722));
#1711 = CARTESIAN_POINT('',(-3.380213963829,-771.3780826831));
#1712 = CARTESIAN_POINT('',(-3.385892858368,-773.789338513));
#1713 = CARTESIAN_POINT('',(-3.390095414048,-776.287777614));
#1714 = CARTESIAN_POINT('',(-3.392878256799,-778.8392209162));
#1715 = CARTESIAN_POINT('',(-3.394272908732,-781.4179614467));
#1716 = CARTESIAN_POINT('',(-3.394272908732,-784.));
#1717 = ( GEOMETRIC_REPRESENTATION_CONTEXT(2) 
PARAMETRIC_REPRESENTATION_CONTEXT() REPRESENTATION_CONTEXT('2D SPACE',''
  ) );
#1718 = PCURVE('',#1719,#1724);
#1719 = CYLINDRICAL_SURFACE('',#1720,24.);
#1720 = AXIS2_PLACEMENT_3D('',#1721,#1722,#1723);
#1721 = CARTESIAN_POINT('',(-326.,-202.5,-36.));
#1722 = DIRECTION('',(-0.,-1.,-0.));
#1723 = DIRECTION('',(-1.,-0.,-0.));
#1724 = DEFINITIONAL_REPRESENTATION('',(#1725),#1740);
#1725 = B_SPLINE_CURVE_WITH_KNOTS('',7,(#1726,#1727,#1728,#1729,#1730,
    #1731,#1732,#1733,#1734,#1735,#1736,#1737,#1738,#1739),
  .UNSPECIFIED.,.F.,.F.,(8,6,8),(0.,0.447686112955,1.),.UNSPECIFIED.);
#1726 = CARTESIAN_POINT('',(0.,34.784639199422));
#1727 = CARTESIAN_POINT('',(0.123496158291,34.334965418923));
#1728 = CARTESIAN_POINT('',(0.243429622589,33.854076958357));
#1729 = CARTESIAN_POINT('',(0.359924829236,33.35696428914));
#1730 = CARTESIAN_POINT('',(0.472866873384,32.862732343147));
#1731 = CARTESIAN_POINT('',(0.581921588011,32.391927541716));
#1732 = CARTESIAN_POINT('',(0.686468220599,31.961357237705));
#1733 = CARTESIAN_POINT('',(0.907448813777,31.11272800169));
#1734 = CARTESIAN_POINT('',(1.024265950383,30.708380303787));
#1735 = CARTESIAN_POINT('',(1.137241893291,30.378949955314));
#1736 = CARTESIAN_POINT('',(1.247418780214,30.129653652848));
#1737 = CARTESIAN_POINT('',(1.355764135395,29.96267908337));
#1738 = CARTESIAN_POINT('',(1.463211387076,29.879000772445));
#1739 = CARTESIAN_POINT('',(1.570796326795,29.879000772445));
#1740 = ( GEOMETRIC_REPRESENTATION_CONTEXT(2) 
PARAMETRIC_REPRESENTATION_CONTEXT() REPRESENTATION_CONTEXT('2D SPACE',''
  ) );
#1741 = ORIENTED_EDGE('',*,*,#1742,.F.);
#1742 = EDGE_CURVE('',#1743,#1682,#1745,.T.);
#1743 = VERTEX_POINT('',#1744);
#1744 = CARTESIAN_POINT('',(526.,-232.3790007724,-60.));
#1745 = SURFACE_CURVE('',#1746,(#1750,#1756),.PCURVE_S1.);
#1746 = LINE('',#1747,#1748);
#1747 = CARTESIAN_POINT('',(-1.11E+03,-232.3790007724,-60.));
#1748 = VECTOR('',#1749,1.);
#1749 = DIRECTION('',(-1.,-0.,-0.));
#1750 = PCURVE('',#58,#1751);
#1751 = DEFINITIONAL_REPRESENTATION('',(#1752),#1755);
#1752 = B_SPLINE_CURVE_WITH_KNOTS('',1,(#1753,#1754),.UNSPECIFIED.,.F.,
  .F.,(2,2),(-1.7212E+03,-698.8),.PIECEWISE_BEZIER_KNOTS.);
#1753 = CARTESIAN_POINT('',(-3.394272908732,-1.7212E+03));
#1754 = CARTESIAN_POINT('',(-3.394272908732,-698.8));
#1755 = ( GEOMETRIC_REPRESENTATION_CONTEXT(2) 
PARAMETRIC_REPRESENTATION_CONTEXT() REPRESENTATION_CONTEXT('2D SPACE',''
  ) );
#1756 = PCURVE('',#1757,#1762);
#1757 = PLANE('',#1758);
#1758 = AXIS2_PLACEMENT_3D('',#1759,#1760,#1761);
#1759 = CARTESIAN_POINT('',(-350.,-202.5,-60.));
#1760 = DIRECTION('',(0.,0.,1.));
#1761 = DIRECTION('',(-1.,0.,0.));
#1762 = DEFINITIONAL_REPRESENTATION('',(#1763),#1766);
#1763 = B_SPLINE_CURVE_WITH_KNOTS('',1,(#1764,#1765),.UNSPECIFIED.,.F.,
  .F.,(2,2),(-1.7212E+03,-698.8),.PIECEWISE_BEZIER_KNOTS.);
#1764 = CARTESIAN_POINT('',(-961.2,29.879000772445));
#1765 = CARTESIAN_POINT('',(61.2,29.879000772445));
#1766 = ( GEOMETRIC_REPRESENTATION_CONTEXT(2) 
PARAMETRIC_REPRESENTATION_CONTEXT() REPRESENTATION_CONTEXT('2D SPACE',''
  ) );
#1767 = ORIENTED_EDGE('',*,*,#1768,.F.);
#1768 = EDGE_CURVE('',#1769,#1743,#1771,.T.);
#1769 = VERTEX_POINT('',#1770);
#1770 = CARTESIAN_POINT('',(550.,-237.2846391994,-36.));
#1771 = SURFACE_CURVE('',#1772,(#1787,#1805),.PCURVE_S1.);
#1772 = B_SPLINE_CURVE_WITH_KNOTS('',7,(#1773,#1774,#1775,#1776,#1777,
    #1778,#1779,#1780,#1781,#1782,#1783,#1784,#1785,#1786),
  .UNSPECIFIED.,.F.,.F.,(8,6,8),(0.,0.447686112955,1.),.UNSPECIFIED.);
#1773 = CARTESIAN_POINT('',(550.,-237.2846391994,-36.));
#1774 = CARTESIAN_POINT('',(550.,-236.8349654189,-38.96390779898));
#1775 = CARTESIAN_POINT('',(549.57296317212,-236.3540769583,
    -41.84231053387));
#1776 = CARTESIAN_POINT('',(548.76324315188,-235.8569642891,
    -44.56436699939));
#1777 = CARTESIAN_POINT('',(547.62662594359,-235.3627323431,
    -47.07262976888));
#1778 = CARTESIAN_POINT('',(546.22989916257,-234.8919275417,
    -49.3236767011));
#1779 = CARTESIAN_POINT('',(544.64945955043,-234.4613572377,
    -51.29166594652));
#1780 = CARTESIAN_POINT('',(540.89929452772,-233.6127280016,
    -55.04183096922));
#1781 = CARTESIAN_POINT('',(538.62191731687,-233.2083803037,
    -56.72934435471));
#1782 = CARTESIAN_POINT('',(536.21066148697,-232.8789499553,
    -58.05191430807));
#1783 = CARTESIAN_POINT('',(533.71222238591,-232.6296536528,
    -59.02923913792));
#1784 = CARTESIAN_POINT('',(531.1607790837,-232.4626790833,-59.675911901
    ));
#1785 = CARTESIAN_POINT('',(528.58203855324,-232.3790007724,-60.));
#1786 = CARTESIAN_POINT('',(526.,-232.3790007724,-60.));
#1787 = PCURVE('',#58,#1788);
#1788 = DEFINITIONAL_REPRESENTATION('',(#1789),#1804);
#1789 = B_SPLINE_CURVE_WITH_KNOTS('',7,(#1790,#1791,#1792,#1793,#1794,
    #1795,#1796,#1797,#1798,#1799,#1800,#1801,#1802,#1803),
  .UNSPECIFIED.,.F.,.F.,(8,6,8),(0.,0.447686112955,1.),.UNSPECIFIED.);
#1790 = CARTESIAN_POINT('',(-3.292160926366,-1.66E+03));
#1791 = CARTESIAN_POINT('',(-3.304651864714,-1.66E+03));
#1792 = CARTESIAN_POINT('',(-3.316810074549,-1.659572963172E+03));
#1793 = CARTESIAN_POINT('',(-3.328337518429,-1.658763243152E+03));
#1794 = CARTESIAN_POINT('',(-3.338988093735,-1.657626625944E+03));
#1795 = CARTESIAN_POINT('',(-3.348569733588,-1.656229899163E+03));
#1796 = CARTESIAN_POINT('',(-3.356963434606,-1.65464945955E+03));
#1797 = CARTESIAN_POINT('',(-3.372984205237,-1.650899294528E+03));
#1798 = CARTESIAN_POINT('',(-3.380213963829,-1.648621917317E+03));
#1799 = CARTESIAN_POINT('',(-3.385892858368,-1.646210661487E+03));
#1800 = CARTESIAN_POINT('',(-3.390095414048,-1.643712222386E+03));
#1801 = CARTESIAN_POINT('',(-3.392878256799,-1.641160779084E+03));
#1802 = CARTESIAN_POINT('',(-3.394272908732,-1.638582038553E+03));
#1803 = CARTESIAN_POINT('',(-3.394272908732,-1.636E+03));
#1804 = ( GEOMETRIC_REPRESENTATION_CONTEXT(2) 
PARAMETRIC_REPRESENTATION_CONTEXT() REPRESENTATION_CONTEXT('2D SPACE',''
  ) );
#1805 = PCURVE('',#1806,#1811);
#1806 = CYLINDRICAL_SURFACE('',#1807,24.);
#1807 = AXIS2_PLACEMENT_3D('',#1808,#1809,#1810);
#1808 = CARTESIAN_POINT('',(526.,-202.5,-36.));
#1809 = DIRECTION('',(-0.,-1.,-0.));
#1810 = DIRECTION('',(1.,-0.,-0.));
#1811 = DEFINITIONAL_REPRESENTATION('',(#1812),#1827);
#1812 = B_SPLINE_CURVE_WITH_KNOTS('',7,(#1813,#1814,#1815,#1816,#1817,
    #1818,#1819,#1820,#1821,#1822,#1823,#1824,#1825,#1826),
  .UNSPECIFIED.,.F.,.F.,(8,6,8),(0.,0.447686112955,1.),.UNSPECIFIED.);
#1813 = CARTESIAN_POINT('',(0.,34.784639199422));
#1814 = CARTESIAN_POINT('',(-0.123496158291,34.334965418923));
#1815 = CARTESIAN_POINT('',(-0.243429622589,33.854076958358));
#1816 = CARTESIAN_POINT('',(-0.359924829236,33.356964289139));
#1817 = CARTESIAN_POINT('',(-0.472866873384,32.862732343147));
#1818 = CARTESIAN_POINT('',(-0.581921588011,32.391927541716));
#1819 = CARTESIAN_POINT('',(-0.6864682206,31.961357237705));
#1820 = CARTESIAN_POINT('',(-0.907448813777,31.112728001689));
#1821 = CARTESIAN_POINT('',(-1.024265950383,30.708380303788));
#1822 = CARTESIAN_POINT('',(-1.137241893291,30.378949955313));
#1823 = CARTESIAN_POINT('',(-1.247418780214,30.129653652849));
#1824 = CARTESIAN_POINT('',(-1.355764135395,29.96267908337));
#1825 = CARTESIAN_POINT('',(-1.463211387076,29.879000772445));
#1826 = CARTESIAN_POINT('',(-1.570796326795,29.879000772445));
#1827 = ( GEOMETRIC_REPRESENTATION_CONTEXT(2) 
PARAMETRIC_REPRESENTATION_CONTEXT() REPRESENTATION_CONTEXT('2D SPACE',''
  ) );
#1828 = ORIENTED_EDGE('',*,*,#1829,.T.);
#1829 = EDGE_CURVE('',#1769,#1830,#1832,.T.);
#1830 = VERTEX_POINT('',#1831);
#1831 = CARTESIAN_POINT('',(550.,-239.9666643515,-4.));
#1832 = SURFACE_CURVE('',#1833,(#1838,#1845),.PCURVE_S1.);
#1833 = CIRCLE('',#1834,240.);
#1834 = AXIS2_PLACEMENT_3D('',#1835,#1836,#1837);
#1835 = CARTESIAN_POINT('',(550.,0.,0.));
#1836 = DIRECTION('',(-1.,0.,0.));
#1837 = DIRECTION('',(0.,1.,0.));
#1838 = PCURVE('',#58,#1839);
#1839 = DEFINITIONAL_REPRESENTATION('',(#1840),#1844);
#1840 = LINE('',#1841,#1842);
#1841 = CARTESIAN_POINT('',(-6.28318530718,-1.66E+03));
#1842 = VECTOR('',#1843,1.);
#1843 = DIRECTION('',(1.,-0.));
#1844 = ( GEOMETRIC_REPRESENTATION_CONTEXT(2) 
PARAMETRIC_REPRESENTATION_CONTEXT() REPRESENTATION_CONTEXT('2D SPACE',''
  ) );
#1845 = PCURVE('',#1846,#1851);
#1846 = PLANE('',#1847);
#1847 = AXIS2_PLACEMENT_3D('',#1848,#1849,#1850);
#1848 = CARTESIAN_POINT('',(550.,-202.5,-60.));
#1849 = DIRECTION('',(1.,0.,-0.));
#1850 = DIRECTION('',(0.,0.,-1.));
#1851 = DEFINITIONAL_REPRESENTATION('',(#1852),#1860);
#1852 = ( BOUNDED_CURVE() B_SPLINE_CURVE(2,(#1853,#1854,#1855,#1856,
#1857,#1858,#1859),.UNSPECIFIED.,.T.,.F.) B_SPLINE_CURVE_WITH_KNOTS((1,2
    ,2,2,2,1),(-2.094395102393,0.,2.094395102393,4.188790204786,
6.28318530718,8.377580409573),.UNSPECIFIED.) CURVE() 
GEOMETRIC_REPRESENTATION_ITEM() RATIONAL_B_SPLINE_CURVE((1.,0.5,1.,0.5,
1.,0.5,1.)) REPRESENTATION_ITEM('') );
#1853 = CARTESIAN_POINT('',(-60.,442.5));
#1854 = CARTESIAN_POINT('',(355.69219381653,442.5));
#1855 = CARTESIAN_POINT('',(147.84609690826,82.5));
#1856 = CARTESIAN_POINT('',(-60.,-277.5));
#1857 = CARTESIAN_POINT('',(-267.8460969082,82.5));
#1858 = CARTESIAN_POINT('',(-475.6921938165,442.5));
#1859 = CARTESIAN_POINT('',(-60.,442.5));
#1860 = ( GEOMETRIC_REPRESENTATION_CONTEXT(2) 
PARAMETRIC_REPRESENTATION_CONTEXT() REPRESENTATION_CONTEXT('2D SPACE',''
  ) );
#1861 = ORIENTED_EDGE('',*,*,#1862,.T.);
#1862 = EDGE_CURVE('',#1830,#1863,#1865,.T.);
#1863 = VERTEX_POINT('',#1864);
#1864 = CARTESIAN_POINT('',(526.,-239.165214862,20.));
#1865 = SURFACE_CURVE('',#1866,(#1887,#1911),.PCURVE_S1.);
#1866 = B_SPLINE_CURVE_WITH_KNOTS('',7,(#1867,#1868,#1869,#1870,#1871,
    #1872,#1873,#1874,#1875,#1876,#1877,#1878,#1879,#1880,#1881,#1882,
    #1883,#1884,#1885,#1886),.UNSPECIFIED.,.F.,.F.,(8,6,6,8),(0.,
    0.189337877695,0.482619488854,1.),.UNSPECIFIED.);
#1867 = CARTESIAN_POINT('',(550.,-239.9666643515,-4.));
#1868 = CARTESIAN_POINT('',(550.,-239.9874322695,-2.754097999391));
#1869 = CARTESIAN_POINT('',(549.92454204036,-240.0006218374,
    -1.509968736854));
#1870 = CARTESIAN_POINT('',(549.77401437023,-240.0061163563,
    -0.277059524552));
#1871 = CARTESIAN_POINT('',(549.55073688261,-240.0041453368,
    0.935314631611));
#1872 = CARTESIAN_POINT('',(549.25891427197,-239.995272283,
    2.118226647676));
#1873 = CARTESIAN_POINT('',(548.90459466473,-239.9803340244,
    3.263388834918));
#1874 = CARTESIAN_POINT('',(547.86215918767,-239.9293481195,
    6.067301839748));
#1875 = CARTESIAN_POINT('',(547.09754419482,-239.8862119476,
    7.662965964058));
#1876 = CARTESIAN_POINT('',(546.2226312446,-239.8342424765,
    9.145218316555));
#1877 = CARTESIAN_POINT('',(545.25603760416,-239.7766456318,
    10.511571603987));
#1878 = CARTESIAN_POINT('',(544.2146137705,-239.716263653,11.76152058879
    ));
#1879 = CARTESIAN_POINT('',(543.11372895578,-239.6554566133,
    12.896094012973));
#1880 = CARTESIAN_POINT('',(539.94510628023,-239.4914318323,
    15.719822344189));
#1881 = CARTESIAN_POINT('',(537.76918950261,-239.3906783005,
    17.181142470135));
#1882 = CARTESIAN_POINT('',(535.49580367709,-239.3034095167,
    18.322705918729));
#1883 = CARTESIAN_POINT('',(533.16049188528,-239.2350877783,
    19.164459125216));
#1884 = CARTESIAN_POINT('',(530.78797276318,-239.1885469302,
    19.720984475416));
#1885 = CARTESIAN_POINT('',(528.39577365763,-239.165214862,20.));
#1886 = CARTESIAN_POINT('',(526.,-239.165214862,20.));
#1887 = PCURVE('',#58,#1888);
#1888 = DEFINITIONAL_REPRESENTATION('',(#1889),#1910);
#1889 = B_SPLINE_CURVE_WITH_KNOTS('',7,(#1890,#1891,#1892,#1893,#1894,
    #1895,#1896,#1897,#1898,#1899,#1900,#1901,#1902,#1903,#1904,#1905,
    #1906,#1907,#1908,#1909),.UNSPECIFIED.,.F.,.F.,(8,6,6,8),(0.,
    0.189337877695,0.482619488854,1.),.UNSPECIFIED.);
#1890 = CARTESIAN_POINT('',(-3.158260091958,-1.66E+03));
#1891 = CARTESIAN_POINT('',(-3.153068112464,-1.66E+03));
#1892 = CARTESIAN_POINT('',(-3.147884044506,-1.65992454204E+03));
#1893 = CARTESIAN_POINT('',(-3.142747026648,-1.65977401437E+03));
#1894 = CARTESIAN_POINT('',(-3.137695622669,-1.659550736883E+03));
#1895 = CARTESIAN_POINT('',(-3.132766808331,-1.659258914272E+03));
#1896 = CARTESIAN_POINT('',(-3.127994956061,-1.658904594665E+03));
#1897 = CARTESIAN_POINT('',(-3.116310053868,-1.657862159188E+03));
#1898 = CARTESIAN_POINT('',(-3.109659285182,-1.657097544195E+03));
#1899 = CARTESIAN_POINT('',(-3.103479730515,-1.656222631245E+03));
#1900 = CARTESIAN_POINT('',(-3.097781752752,-1.655256037604E+03));
#1901 = CARTESIAN_POINT('',(-3.092567677846,-1.654214613771E+03));
#1902 = CARTESIAN_POINT('',(-3.087833552155,-1.653113728956E+03));
#1903 = CARTESIAN_POINT('',(-3.07604818442,-1.64994510628E+03));
#1904 = CARTESIAN_POINT('',(-3.069945252098,-1.647769189503E+03));
#1905 = CARTESIAN_POINT('',(-3.065174962766,-1.645495803677E+03));
#1906 = CARTESIAN_POINT('',(-3.061656141317,-1.643160491885E+03));
#1907 = CARTESIAN_POINT('',(-3.059329188943,-1.640787972763E+03));
#1908 = CARTESIAN_POINT('',(-3.058162566979,-1.638395773658E+03));
#1909 = CARTESIAN_POINT('',(-3.058162566979,-1.636E+03));
#1910 = ( GEOMETRIC_REPRESENTATION_CONTEXT(2) 
PARAMETRIC_REPRESENTATION_CONTEXT() REPRESENTATION_CONTEXT('2D SPACE',''
  ) );
#1911 = PCURVE('',#1912,#1917);
#1912 = CYLINDRICAL_SURFACE('',#1913,24.);
#1913 = AXIS2_PLACEMENT_3D('',#1914,#1915,#1916);
#1914 = CARTESIAN_POINT('',(526.,-202.5,-4.));
#1915 = DIRECTION('',(-0.,-1.,-0.));
#1916 = DIRECTION('',(1.,-0.,-0.));
#1917 = DEFINITIONAL_REPRESENTATION('',(#1918),#1939);
#1918 = B_SPLINE_CURVE_WITH_KNOTS('',7,(#1919,#1920,#1921,#1922,#1923,
    #1924,#1925,#1926,#1927,#1928,#1929,#1930,#1931,#1932,#1933,#1934,
    #1935,#1936,#1937,#1938),.UNSPECIFIED.,.F.,.F.,(8,6,6,8),(0.,
    0.189337877695,0.482619488854,1.),.UNSPECIFIED.);
#1919 = CARTESIAN_POINT('',(0.,37.46666435153));
#1920 = CARTESIAN_POINT('',(5.191258335871E-02,37.487432269507));
#1921 = CARTESIAN_POINT('',(0.103751300468,37.500621837403));
#1922 = CARTESIAN_POINT('',(0.155351032901,37.506116356368));
#1923 = CARTESIAN_POINT('',(0.206549173733,37.504145336809));
#1924 = CARTESIAN_POINT('',(0.257175894969,37.495272283023));
#1925 = CARTESIAN_POINT('',(0.307044753906,37.480334024437));
#1926 = CARTESIAN_POINT('',(0.431687297406,37.429348119513));
#1927 = CARTESIAN_POINT('',(0.505108040958,37.386211947666));
#1928 = CARTESIAN_POINT('',(0.576410010958,37.334242476568));
#1929 = CARTESIAN_POINT('',(0.645741949022,37.276645631887));
#1930 = CARTESIAN_POINT('',(0.713214890234,37.216263653023));
#1931 = CARTESIAN_POINT('',(0.778911992239,37.155456613313));
#1932 = CARTESIAN_POINT('',(0.955755512939,36.991431832313));
#1933 = CARTESIAN_POINT('',(1.063951622193,36.890678300545));
#1934 = CARTESIAN_POINT('',(1.168662109647,36.803409516715));
#1935 = CARTESIAN_POINT('',(1.270817087869,36.735087778343));
#1936 = CARTESIAN_POINT('',(1.371297639033,36.688546930256));
#1937 = CARTESIAN_POINT('',(1.470972424394,36.665214862028));
#1938 = CARTESIAN_POINT('',(1.570796326795,36.665214862028));
#1939 = ( GEOMETRIC_REPRESENTATION_CONTEXT(2) 
PARAMETRIC_REPRESENTATION_CONTEXT() REPRESENTATION_CONTEXT('2D SPACE',''
  ) );
#1940 = ORIENTED_EDGE('',*,*,#1941,.T.);
#1941 = EDGE_CURVE('',#1863,#1942,#1944,.T.);
#1942 = VERTEX_POINT('',#1943);
#1943 = CARTESIAN_POINT('',(-326.,-239.165214862,20.));
#1944 = SURFACE_CURVE('',#1945,(#1949,#1955),.PCURVE_S1.);
#1945 = LINE('',#1946,#1947);
#1946 = CARTESIAN_POINT('',(-1.11E+03,-239.165214862,20.));
#1947 = VECTOR('',#1948,1.);
#1948 = DIRECTION('',(-1.,-0.,-0.));
#1949 = PCURVE('',#58,#1950);
#1950 = DEFINITIONAL_REPRESENTATION('',(#1951),#1954);
#1951 = B_SPLINE_CURVE_WITH_KNOTS('',1,(#1952,#1953),.UNSPECIFIED.,.F.,
  .F.,(2,2),(-1.7212E+03,-698.8),.PIECEWISE_BEZIER_KNOTS.);
#1952 = CARTESIAN_POINT('',(-3.058162566979,-1.7212E+03));
#1953 = CARTESIAN_POINT('',(-3.058162566979,-698.8));
#1954 = ( GEOMETRIC_REPRESENTATION_CONTEXT(2) 
PARAMETRIC_REPRESENTATION_CONTEXT() REPRESENTATION_CONTEXT('2D SPACE',''
  ) );
#1955 = PCURVE('',#1956,#1961);
#1956 = PLANE('',#1957);
#1957 = AXIS2_PLACEMENT_3D('',#1958,#1959,#1960);
#1958 = CARTESIAN_POINT('',(-350.,-202.5,20.));
#1959 = DIRECTION('',(0.,0.,1.));
#1960 = DIRECTION('',(-1.,0.,0.));
#1961 = DEFINITIONAL_REPRESENTATION('',(#1962),#1965);
#1962 = B_SPLINE_CURVE_WITH_KNOTS('',1,(#1963,#1964),.UNSPECIFIED.,.F.,
  .F.,(2,2),(-1.7212E+03,-698.8),.PIECEWISE_BEZIER_KNOTS.);
#1963 = CARTESIAN_POINT('',(-961.2,36.665214862028));
#1964 = CARTESIAN_POINT('',(61.2,36.665214862028));
#1965 = ( GEOMETRIC_REPRESENTATION_CONTEXT(2) 
PARAMETRIC_REPRESENTATION_CONTEXT() REPRESENTATION_CONTEXT('2D SPACE',''
  ) );
#1966 = ORIENTED_EDGE('',*,*,#1967,.F.);
#1967 = EDGE_CURVE('',#1649,#1942,#1968,.T.);
#1968 = SURFACE_CURVE('',#1969,(#1990,#2014),.PCURVE_S1.);
#1969 = B_SPLINE_CURVE_WITH_KNOTS('',7,(#1970,#1971,#1972,#1973,#1974,
    #1975,#1976,#1977,#1978,#1979,#1980,#1981,#1982,#1983,#1984,#1985,
    #1986,#1987,#1988,#1989),.UNSPECIFIED.,.F.,.F.,(8,6,6,8),(0.,
    0.1893378768,0.482619486504,1.),.UNSPECIFIED.);
#1970 = CARTESIAN_POINT('',(-350.,-239.9666643515,-4.));
#1971 = CARTESIAN_POINT('',(-350.,-239.9874322695,-2.754097999223));
#1972 = CARTESIAN_POINT('',(-349.9245420403,-240.0006218373,
    -1.509968737074));
#1973 = CARTESIAN_POINT('',(-349.7740143702,-240.0061163563,
    -0.277059524646));
#1974 = CARTESIAN_POINT('',(-349.5507368825,-240.0041453368,
    0.935314631848));
#1975 = CARTESIAN_POINT('',(-349.2589142718,-239.995272283,
    2.118226647867));
#1976 = CARTESIAN_POINT('',(-348.9045946648,-239.9803340244,
    3.263388834662));
#1977 = CARTESIAN_POINT('',(-347.8621591876,-239.9293481195,
    6.06730183975));
#1978 = CARTESIAN_POINT('',(-347.0975441948,-239.8862119476,
    7.662965964056));
#1979 = CARTESIAN_POINT('',(-346.2226312446,-239.8342424765,
    9.145218316556));
#1980 = CARTESIAN_POINT('',(-345.2560376041,-239.7766456318,
    10.511571603989));
#1981 = CARTESIAN_POINT('',(-344.2146137705,-239.716263653,
    11.761520588788));
#1982 = CARTESIAN_POINT('',(-343.1137289557,-239.6554566133,
    12.896094012974));
#1983 = CARTESIAN_POINT('',(-339.945106261,-239.4914318313,
    15.719822361311));
#1984 = CARTESIAN_POINT('',(-337.7691895818,-239.3906783036,
    17.181142418229));
#1985 = CARTESIAN_POINT('',(-335.4958035292,-239.3034095123,
    18.322705990162));
#1986 = CARTESIAN_POINT('',(-333.1604920369,-239.2350877815,
    19.164459074762));
#1987 = CARTESIAN_POINT('',(-330.7879726773,-239.1885469292,
    19.720984490931));
#1988 = CARTESIAN_POINT('',(-328.39577368,-239.165214862,20.));
#1989 = CARTESIAN_POINT('',(-326.,-239.165214862,20.));
#1990 = PCURVE('',#58,#1991);
#1991 = DEFINITIONAL_REPRESENTATION('',(#1992),#2013);
#1992 = B_SPLINE_CURVE_WITH_KNOTS('',7,(#1993,#1994,#1995,#1996,#1997,
    #1998,#1999,#2000,#2001,#2002,#2003,#2004,#2005,#2006,#2007,#2008,
    #2009,#2010,#2011,#2012),.UNSPECIFIED.,.F.,.F.,(8,6,6,8),(0.,
    0.1893378768,0.482619486504,1.),.UNSPECIFIED.);
#1993 = CARTESIAN_POINT('',(-3.158260091958,-760.));
#1994 = CARTESIAN_POINT('',(-3.153068112463,-760.));
#1995 = CARTESIAN_POINT('',(-3.147884044507,-760.0754579596));
#1996 = CARTESIAN_POINT('',(-3.142747026649,-760.2259856297));
#1997 = CARTESIAN_POINT('',(-3.137695622668,-760.4492631174));
#1998 = CARTESIAN_POINT('',(-3.13276680833,-760.7410857281));
#1999 = CARTESIAN_POINT('',(-3.127994956062,-761.0954053351));
#2000 = CARTESIAN_POINT('',(-3.116310053868,-762.1378408123));
#2001 = CARTESIAN_POINT('',(-3.109659285182,-762.9024558051));
#2002 = CARTESIAN_POINT('',(-3.103479730515,-763.7773687553));
#2003 = CARTESIAN_POINT('',(-3.097781752752,-764.7439623958));
#2004 = CARTESIAN_POINT('',(-3.092567677846,-765.7853862294));
#2005 = CARTESIAN_POINT('',(-3.087833552155,-766.8862710442));
#2006 = CARTESIAN_POINT('',(-3.076048184348,-770.0548937389));
#2007 = CARTESIAN_POINT('',(-3.069945252315,-772.2308104181));
#2008 = CARTESIAN_POINT('',(-3.065174962467,-774.5041964707));
#2009 = CARTESIAN_POINT('',(-3.061656141528,-776.839507963));
#2010 = CARTESIAN_POINT('',(-3.059329188878,-779.2120273226));
#2011 = CARTESIAN_POINT('',(-3.058162566979,-781.6042263199));
#2012 = CARTESIAN_POINT('',(-3.058162566979,-784.));
#2013 = ( GEOMETRIC_REPRESENTATION_CONTEXT(2) 
PARAMETRIC_REPRESENTATION_CONTEXT() REPRESENTATION_CONTEXT('2D SPACE',''
  ) );
#2014 = PCURVE('',#2015,#2020);
#2015 = CYLINDRICAL_SURFACE('',#2016,24.);
#2016 = AXIS2_PLACEMENT_3D('',#2017,#2018,#2019);
#2017 = CARTESIAN_POINT('',(-326.,-202.5,-4.));
#2018 = DIRECTION('',(-0.,-1.,-0.));
#2019 = DIRECTION('',(-1.,-0.,-0.));
#2020 = DEFINITIONAL_REPRESENTATION('',(#2021),#2042);
#2021 = B_SPLINE_CURVE_WITH_KNOTS('',7,(#2022,#2023,#2024,#2025,#2026,
    #2027,#2028,#2029,#2030,#2031,#2032,#2033,#2034,#2035,#2036,#2037,
    #2038,#2039,#2040,#2041),.UNSPECIFIED.,.F.,.F.,(8,6,6,8),(0.,
    0.1893378768,0.482619486504,1.),.UNSPECIFIED.);
#2022 = CARTESIAN_POINT('',(0.,37.46666435153));
#2023 = CARTESIAN_POINT('',(-5.19125833657E-02,37.48743226951));
#2024 = CARTESIAN_POINT('',(-0.103751300459,37.500621837398));
#2025 = CARTESIAN_POINT('',(-0.155351032897,37.506116356372));
#2026 = CARTESIAN_POINT('',(-0.206549173743,37.504145336811));
#2027 = CARTESIAN_POINT('',(-0.257175894977,37.495272283016));
#2028 = CARTESIAN_POINT('',(-0.307044753895,37.480334024441));
#2029 = CARTESIAN_POINT('',(-0.431687297407,37.429348119513));
#2030 = CARTESIAN_POINT('',(-0.505108040958,37.386211947666));
#2031 = CARTESIAN_POINT('',(-0.576410010958,37.334242476568));
#2032 = CARTESIAN_POINT('',(-0.645741949022,37.276645631887));
#2033 = CARTESIAN_POINT('',(-0.713214890234,37.216263653023));
#2034 = CARTESIAN_POINT('',(-0.778911992239,37.155456613313));
#2035 = CARTESIAN_POINT('',(-0.955755514011,36.991431831318));
#2036 = CARTESIAN_POINT('',(-1.063951618111,36.890678303658));
#2037 = CARTESIAN_POINT('',(-1.168662116835,36.803409512321));
#2038 = CARTESIAN_POINT('',(-1.270817080854,36.735087781507));
#2039 = CARTESIAN_POINT('',(-1.371297642819,36.68854692927));
#2040 = CARTESIAN_POINT('',(-1.470972423458,36.665214862028));
#2041 = CARTESIAN_POINT('',(-1.570796326795,36.665214862028));
#2042 = ( GEOMETRIC_REPRESENTATION_CONTEXT(2) 
PARAMETRIC_REPRESENTATION_CONTEXT() REPRESENTATION_CONTEXT('2D SPACE',''
  ) );
#2043 = ADVANCED_FACE('',(#2044),#69,.T.);
#2044 = FACE_BOUND('',#2045,.T.);
#2045 = EDGE_LOOP('',(#2046,#2074,#2075,#2098,#2126));
#2046 = ORIENTED_EDGE('',*,*,#2047,.T.);
#2047 = EDGE_CURVE('',#2048,#50,#2050,.T.);
#2048 = VERTEX_POINT('',#2049);
#2049 = CARTESIAN_POINT('',(-1.125E+03,225.12843556512,22.5));
#2050 = SURFACE_CURVE('',#2051,(#2056,#2063),.PCURVE_S1.);
#2051 = HYPERBOLA('',#2052,24.545454545455,22.5);
#2052 = AXIS2_PLACEMENT_3D('',#2053,#2054,#2055);
#2053 = CARTESIAN_POINT('',(-1.371818181818E+03,0.,22.5));
#2054 = DIRECTION('',(0.,0.,1.));
#2055 = DIRECTION('',(1.,0.,-0.));
#2056 = PCURVE('',#69,#2057);
#2057 = DEFINITIONAL_REPRESENTATION('',(#2058),#2062);
#2058 = HYPERBOLA('',#2059,24.545454545455,22.5);
#2059 = AXIS2_PLACEMENT_2D('',#2060,#2061);
#2060 = CARTESIAN_POINT('',(-246.8181818181,525.));
#2061 = DIRECTION('',(1.,0.));
#2062 = ( GEOMETRIC_REPRESENTATION_CONTEXT(2) 
PARAMETRIC_REPRESENTATION_CONTEXT() REPRESENTATION_CONTEXT('2D SPACE',''
  ) );
#2063 = PCURVE('',#743,#2064);
#2064 = DEFINITIONAL_REPRESENTATION('',(#2065),#2073);
#2065 = B_SPLINE_CURVE_WITH_KNOTS('',6,(#2066,#2067,#2068,#2069,#2070,
    #2071,#2072),.UNSPECIFIED.,.F.,.F.,(7,7),(2.796269059195,
    3.058066251536),.PIECEWISE_BEZIER_KNOTS.);
#2066 = CARTESIAN_POINT('',(4.834312449715,180.));
#2067 = CARTESIAN_POINT('',(4.82900574987,188.74053524355));
#2068 = CARTESIAN_POINT('',(4.823974843208,197.94214277935));
#2069 = CARTESIAN_POINT('',(4.819202082171,207.63477528766));
#2070 = CARTESIAN_POINT('',(4.814671254974,217.85101958477));
#2071 = CARTESIAN_POINT('',(4.810367436623,228.6264358985));
#2072 = CARTESIAN_POINT('',(4.806276855492,240.));
#2073 = ( GEOMETRIC_REPRESENTATION_CONTEXT(2) 
PARAMETRIC_REPRESENTATION_CONTEXT() REPRESENTATION_CONTEXT('2D SPACE',''
  ) );
#2074 = ORIENTED_EDGE('',*,*,#47,.F.);
#2075 = ORIENTED_EDGE('',*,*,#2076,.F.);
#2076 = EDGE_CURVE('',#2077,#48,#2079,.T.);
#2077 = VERTEX_POINT('',#2078);
#2078 = CARTESIAN_POINT('',(-675.,525.,22.5));
#2079 = SURFACE_CURVE('',#2080,(#2084,#2091),.PCURVE_S1.);
#2080 = LINE('',#2081,#2082);
#2081 = CARTESIAN_POINT('',(-675.,525.,22.5));
#2082 = VECTOR('',#2083,1.);
#2083 = DIRECTION('',(0.,-1.,0.));
#2084 = PCURVE('',#69,#2085);
#2085 = DEFINITIONAL_REPRESENTATION('',(#2086),#2090);
#2086 = LINE('',#2087,#2088);
#2087 = CARTESIAN_POINT('',(450.,1.05E+03));
#2088 = VECTOR('',#2089,1.);
#2089 = DIRECTION('',(0.,-1.));
#2090 = ( GEOMETRIC_REPRESENTATION_CONTEXT(2) 
PARAMETRIC_REPRESENTATION_CONTEXT() REPRESENTATION_CONTEXT('2D SPACE',''
  ) );
#2091 = PCURVE('',#98,#2092);
#2092 = DEFINITIONAL_REPRESENTATION('',(#2093),#2097);
#2093 = LINE('',#2094,#2095);
#2094 = CARTESIAN_POINT('',(45.,-1.05E+03));
#2095 = VECTOR('',#2096,1.);
#2096 = DIRECTION('',(0.,1.));
#2097 = ( GEOMETRIC_REPRESENTATION_CONTEXT(2) 
PARAMETRIC_REPRESENTATION_CONTEXT() REPRESENTATION_CONTEXT('2D SPACE',''
  ) );
#2098 = ORIENTED_EDGE('',*,*,#2099,.F.);
#2099 = EDGE_CURVE('',#2100,#2077,#2102,.T.);
#2100 = VERTEX_POINT('',#2101);
#2101 = CARTESIAN_POINT('',(-1.125E+03,525.,22.5));
#2102 = SURFACE_CURVE('',#2103,(#2107,#2114),.PCURVE_S1.);
#2103 = LINE('',#2104,#2105);
#2104 = CARTESIAN_POINT('',(-1.125E+03,525.,22.5));
#2105 = VECTOR('',#2106,1.);
#2106 = DIRECTION('',(1.,0.,0.));
#2107 = PCURVE('',#69,#2108);
#2108 = DEFINITIONAL_REPRESENTATION('',(#2109),#2113);
#2109 = LINE('',#2110,#2111);
#2110 = CARTESIAN_POINT('',(0.,1.05E+03));
#2111 = VECTOR('',#2112,1.);
#2112 = DIRECTION('',(1.,0.));
#2113 = ( GEOMETRIC_REPRESENTATION_CONTEXT(2) 
PARAMETRIC_REPRESENTATION_CONTEXT() REPRESENTATION_CONTEXT('2D SPACE',''
  ) );
#2114 = PCURVE('',#2115,#2120);
#2115 = PLANE('',#2116);
#2116 = AXIS2_PLACEMENT_3D('',#2117,#2118,#2119);
#2117 = CARTESIAN_POINT('',(-1.125E+03,525.,-22.5));
#2118 = DIRECTION('',(0.,1.,0.));
#2119 = DIRECTION('',(0.,0.,1.));
#2120 = DEFINITIONAL_REPRESENTATION('',(#2121),#2125);
#2121 = LINE('',#2122,#2123);
#2122 = CARTESIAN_POINT('',(45.,0.));
#2123 = VECTOR('',#2124,1.);
#2124 = DIRECTION('',(0.,1.));
#2125 = ( GEOMETRIC_REPRESENTATION_CONTEXT(2) 
PARAMETRIC_REPRESENTATION_CONTEXT() REPRESENTATION_CONTEXT('2D SPACE',''
  ) );
#2126 = ORIENTED_EDGE('',*,*,#2127,.T.);
#2127 = EDGE_CURVE('',#2100,#2048,#2128,.T.);
#2128 = SURFACE_CURVE('',#2129,(#2133,#2140),.PCURVE_S1.);
#2129 = LINE('',#2130,#2131);
#2130 = CARTESIAN_POINT('',(-1.125E+03,525.,22.5));
#2131 = VECTOR('',#2132,1.);
#2132 = DIRECTION('',(0.,-1.,0.));
#2133 = PCURVE('',#69,#2134);
#2134 = DEFINITIONAL_REPRESENTATION('',(#2135),#2139);
#2135 = LINE('',#2136,#2137);
#2136 = CARTESIAN_POINT('',(0.,1.05E+03));
#2137 = VECTOR('',#2138,1.);
#2138 = DIRECTION('',(0.,-1.));
#2139 = ( GEOMETRIC_REPRESENTATION_CONTEXT(2) 
PARAMETRIC_REPRESENTATION_CONTEXT() REPRESENTATION_CONTEXT('2D SPACE',''
  ) );
#2140 = PCURVE('',#2141,#2146);
#2141 = PLANE('',#2142);
#2142 = AXIS2_PLACEMENT_3D('',#2143,#2144,#2145);
#2143 = CARTESIAN_POINT('',(-1.125E+03,-525.,-22.5));
#2144 = DIRECTION('',(1.,0.,0.));
#2145 = DIRECTION('',(0.,0.,1.));
#2146 = DEFINITIONAL_REPRESENTATION('',(#2147),#2151);
#2147 = LINE('',#2148,#2149);
#2148 = CARTESIAN_POINT('',(45.,-1.05E+03));
#2149 = VECTOR('',#2150,1.);
#2150 = DIRECTION('',(0.,1.));
#2151 = ( GEOMETRIC_REPRESENTATION_CONTEXT(2) 
PARAMETRIC_REPRESENTATION_CONTEXT() REPRESENTATION_CONTEXT('2D SPACE',''
  ) );
#2152 = ADVANCED_FACE('',(#2153),#743,.T.);
#2153 = FACE_BOUND('',#2154,.T.);
#2154 = EDGE_LOOP('',(#2155,#2178,#2179,#2180,#2204,#2230,#2231,#2259,
    #2288,#2314,#2315,#2316,#2345));
#2155 = ORIENTED_EDGE('',*,*,#2156,.T.);
#2156 = EDGE_CURVE('',#2157,#842,#2159,.T.);
#2157 = VERTEX_POINT('',#2158);
#2158 = CARTESIAN_POINT('',(-1.322727272727E+03,1.102182119233E-14,45.)
  );
#2159 = SEAM_CURVE('',#2160,(#2164,#2171),.PCURVE_S1.);
#2160 = LINE('',#2161,#2162);
#2161 = CARTESIAN_POINT('',(-1.35E+03,4.898587196589E-15,20.));
#2162 = VECTOR('',#2163,1.);
#2163 = DIRECTION('',(0.737154140201,1.655048006838E-16,0.675724628517)
  );
#2164 = PCURVE('',#743,#2165);
#2165 = DEFINITIONAL_REPRESENTATION('',(#2166),#2170);
#2166 = LINE('',#2167,#2168);
#2167 = CARTESIAN_POINT('',(6.28318530718,-0.));
#2168 = VECTOR('',#2169,1.);
#2169 = DIRECTION('',(0.,1.));
#2170 = ( GEOMETRIC_REPRESENTATION_CONTEXT(2) 
PARAMETRIC_REPRESENTATION_CONTEXT() REPRESENTATION_CONTEXT('2D SPACE',''
  ) );
#2171 = PCURVE('',#743,#2172);
#2172 = DEFINITIONAL_REPRESENTATION('',(#2173),#2177);
#2173 = LINE('',#2174,#2175);
#2174 = CARTESIAN_POINT('',(0.,-0.));
#2175 = VECTOR('',#2176,1.);
#2176 = DIRECTION('',(0.,1.));
#2177 = ( GEOMETRIC_REPRESENTATION_CONTEXT(2) 
PARAMETRIC_REPRESENTATION_CONTEXT() REPRESENTATION_CONTEXT('2D SPACE',''
  ) );
#2178 = ORIENTED_EDGE('',*,*,#864,.F.);
#2179 = ORIENTED_EDGE('',*,*,#2047,.F.);
#2180 = ORIENTED_EDGE('',*,*,#2181,.F.);
#2181 = EDGE_CURVE('',#2182,#2048,#2184,.T.);
#2182 = VERTEX_POINT('',#2183);
#2183 = CARTESIAN_POINT('',(-1.125E+03,225.12843556512,-22.5));
#2184 = SURFACE_CURVE('',#2185,(#2190,#2197),.PCURVE_S1.);
#2185 = CIRCLE('',#2186,226.25);
#2186 = AXIS2_PLACEMENT_3D('',#2187,#2188,#2189);
#2187 = CARTESIAN_POINT('',(-1.125E+03,0.,0.));
#2188 = DIRECTION('',(1.,0.,0.));
#2189 = DIRECTION('',(-0.,0.,1.));
#2190 = PCURVE('',#743,#2191);
#2191 = DEFINITIONAL_REPRESENTATION('',(#2192),#2196);
#2192 = LINE('',#2193,#2194);
#2193 = CARTESIAN_POINT('',(0.,225.));
#2194 = VECTOR('',#2195,1.);
#2195 = DIRECTION('',(1.,0.));
#2196 = ( GEOMETRIC_REPRESENTATION_CONTEXT(2) 
PARAMETRIC_REPRESENTATION_CONTEXT() REPRESENTATION_CONTEXT('2D SPACE',''
  ) );
#2197 = PCURVE('',#2141,#2198);
#2198 = DEFINITIONAL_REPRESENTATION('',(#2199),#2203);
#2199 = CIRCLE('',#2200,226.25);
#2200 = AXIS2_PLACEMENT_2D('',#2201,#2202);
#2201 = CARTESIAN_POINT('',(22.5,-525.));
#2202 = DIRECTION('',(1.,0.));
#2203 = ( GEOMETRIC_REPRESENTATION_CONTEXT(2) 
PARAMETRIC_REPRESENTATION_CONTEXT() REPRESENTATION_CONTEXT('2D SPACE',''
  ) );
#2204 = ORIENTED_EDGE('',*,*,#2205,.T.);
#2205 = EDGE_CURVE('',#2182,#700,#2206,.T.);
#2206 = SURFACE_CURVE('',#2207,(#2212,#2223),.PCURVE_S1.);
#2207 = HYPERBOLA('',#2208,24.545454545455,22.5);
#2208 = AXIS2_PLACEMENT_3D('',#2209,#2210,#2211);
#2209 = CARTESIAN_POINT('',(-1.371818181818E+03,0.,-22.5));
#2210 = DIRECTION('',(0.,0.,1.));
#2211 = DIRECTION('',(1.,0.,-0.));
#2212 = PCURVE('',#743,#2213);
#2213 = DEFINITIONAL_REPRESENTATION('',(#2214),#2222);
#2214 = B_SPLINE_CURVE_WITH_KNOTS('',6,(#2215,#2216,#2217,#2218,#2219,
    #2220,#2221),.UNSPECIFIED.,.F.,.F.,(7,7),(2.796269059195,
    3.058066251536),.PIECEWISE_BEZIER_KNOTS.);
#2215 = CARTESIAN_POINT('',(4.590465511054,180.));
#2216 = CARTESIAN_POINT('',(4.595772210899,188.74053524355));
#2217 = CARTESIAN_POINT('',(4.600803117562,197.94214277935));
#2218 = CARTESIAN_POINT('',(4.605575878599,207.63477528766));
#2219 = CARTESIAN_POINT('',(4.610106705795,217.85101958477));
#2220 = CARTESIAN_POINT('',(4.614410524147,228.6264358985));
#2221 = CARTESIAN_POINT('',(4.618501105277,240.));
#2222 = ( GEOMETRIC_REPRESENTATION_CONTEXT(2) 
PARAMETRIC_REPRESENTATION_CONTEXT() REPRESENTATION_CONTEXT('2D SPACE',''
  ) );
#2223 = PCURVE('',#714,#2224);
#2224 = DEFINITIONAL_REPRESENTATION('',(#2225),#2229);
#2225 = HYPERBOLA('',#2226,24.545454545455,22.5);
#2226 = AXIS2_PLACEMENT_2D('',#2227,#2228);
#2227 = CARTESIAN_POINT('',(-246.8181818181,525.));
#2228 = DIRECTION('',(1.,0.));
#2229 = ( GEOMETRIC_REPRESENTATION_CONTEXT(2) 
PARAMETRIC_REPRESENTATION_CONTEXT() REPRESENTATION_CONTEXT('2D SPACE',''
  ) );
#2230 = ORIENTED_EDGE('',*,*,#726,.F.);
#2231 = ORIENTED_EDGE('',*,*,#2232,.T.);
#2232 = EDGE_CURVE('',#727,#2233,#2235,.T.);
#2233 = VERTEX_POINT('',#2234);
#2234 = CARTESIAN_POINT('',(-1.125E+03,-225.1284355651,-22.5));
#2235 = SURFACE_CURVE('',#2236,(#2241,#2252),.PCURVE_S1.);
#2236 = HYPERBOLA('',#2237,24.545454545455,22.5);
#2237 = AXIS2_PLACEMENT_3D('',#2238,#2239,#2240);
#2238 = CARTESIAN_POINT('',(-1.371818181818E+03,0.,-22.5));
#2239 = DIRECTION('',(0.,0.,1.));
#2240 = DIRECTION('',(1.,0.,-0.));
#2241 = PCURVE('',#743,#2242);
#2242 = DEFINITIONAL_REPRESENTATION('',(#2243),#2251);
#2243 = B_SPLINE_CURVE_WITH_KNOTS('',6,(#2244,#2245,#2246,#2247,#2248,
    #2249,#2250),.UNSPECIFIED.,.F.,.F.,(7,7),(-3.058066251536,
    -2.796269059195),.PIECEWISE_BEZIER_KNOTS.);
#2244 = CARTESIAN_POINT('',(1.664684201902,240.));
#2245 = CARTESIAN_POINT('',(1.668774783033,228.6264358985));
#2246 = CARTESIAN_POINT('',(1.673078601384,217.85101958476));
#2247 = CARTESIAN_POINT('',(1.677609428581,207.63477528767));
#2248 = CARTESIAN_POINT('',(1.682382189618,197.94214277935));
#2249 = CARTESIAN_POINT('',(1.68741309628,188.74053524355));
#2250 = CARTESIAN_POINT('',(1.692719796125,180.));
#2251 = ( GEOMETRIC_REPRESENTATION_CONTEXT(2) 
PARAMETRIC_REPRESENTATION_CONTEXT() REPRESENTATION_CONTEXT('2D SPACE',''
  ) );
#2252 = PCURVE('',#769,#2253);
#2253 = DEFINITIONAL_REPRESENTATION('',(#2254),#2258);
#2254 = HYPERBOLA('',#2255,24.545454545455,22.5);
#2255 = AXIS2_PLACEMENT_2D('',#2256,#2257);
#2256 = CARTESIAN_POINT('',(-246.8181818181,525.));
#2257 = DIRECTION('',(1.,0.));
#2258 = ( GEOMETRIC_REPRESENTATION_CONTEXT(2) 
PARAMETRIC_REPRESENTATION_CONTEXT() REPRESENTATION_CONTEXT('2D SPACE',''
  ) );
#2259 = ORIENTED_EDGE('',*,*,#2260,.F.);
#2260 = EDGE_CURVE('',#2261,#2233,#2263,.T.);
#2261 = VERTEX_POINT('',#2262);
#2262 = CARTESIAN_POINT('',(-1.125E+03,-225.1284355651,22.5));
#2263 = SURFACE_CURVE('',#2264,(#2269,#2276),.PCURVE_S1.);
#2264 = CIRCLE('',#2265,226.25);
#2265 = AXIS2_PLACEMENT_3D('',#2266,#2267,#2268);
#2266 = CARTESIAN_POINT('',(-1.125E+03,0.,0.));
#2267 = DIRECTION('',(1.,0.,0.));
#2268 = DIRECTION('',(-0.,0.,1.));
#2269 = PCURVE('',#743,#2270);
#2270 = DEFINITIONAL_REPRESENTATION('',(#2271),#2275);
#2271 = LINE('',#2272,#2273);
#2272 = CARTESIAN_POINT('',(0.,225.));
#2273 = VECTOR('',#2274,1.);
#2274 = DIRECTION('',(1.,0.));
#2275 = ( GEOMETRIC_REPRESENTATION_CONTEXT(2) 
PARAMETRIC_REPRESENTATION_CONTEXT() REPRESENTATION_CONTEXT('2D SPACE',''
  ) );
#2276 = PCURVE('',#2277,#2282);
#2277 = PLANE('',#2278);
#2278 = AXIS2_PLACEMENT_3D('',#2279,#2280,#2281);
#2279 = CARTESIAN_POINT('',(-1.125E+03,-525.,-22.5));
#2280 = DIRECTION('',(1.,0.,0.));
#2281 = DIRECTION('',(0.,0.,1.));
#2282 = DEFINITIONAL_REPRESENTATION('',(#2283),#2287);
#2283 = CIRCLE('',#2284,226.25);
#2284 = AXIS2_PLACEMENT_2D('',#2285,#2286);
#2285 = CARTESIAN_POINT('',(22.5,-525.));
#2286 = DIRECTION('',(1.,0.));
#2287 = ( GEOMETRIC_REPRESENTATION_CONTEXT(2) 
PARAMETRIC_REPRESENTATION_CONTEXT() REPRESENTATION_CONTEXT('2D SPACE',''
  ) );
#2288 = ORIENTED_EDGE('',*,*,#2289,.F.);
#2289 = EDGE_CURVE('',#815,#2261,#2290,.T.);
#2290 = SURFACE_CURVE('',#2291,(#2296,#2307),.PCURVE_S1.);
#2291 = HYPERBOLA('',#2292,24.545454545455,22.5);
#2292 = AXIS2_PLACEMENT_3D('',#2293,#2294,#2295);
#2293 = CARTESIAN_POINT('',(-1.371818181818E+03,0.,22.5));
#2294 = DIRECTION('',(0.,0.,1.));
#2295 = DIRECTION('',(1.,0.,-0.));
#2296 = PCURVE('',#743,#2297);
#2297 = DEFINITIONAL_REPRESENTATION('',(#2298),#2306);
#2298 = B_SPLINE_CURVE_WITH_KNOTS('',6,(#2299,#2300,#2301,#2302,#2303,
    #2304,#2305),.UNSPECIFIED.,.F.,.F.,(7,7),(-3.058066251536,
    -2.796269059195),.PIECEWISE_BEZIER_KNOTS.);
#2299 = CARTESIAN_POINT('',(1.476908451687,240.));
#2300 = CARTESIAN_POINT('',(1.472817870557,228.6264358985));
#2301 = CARTESIAN_POINT('',(1.468514052206,217.85101958476));
#2302 = CARTESIAN_POINT('',(1.463983225009,207.63477528767));
#2303 = CARTESIAN_POINT('',(1.459210463972,197.94214277935));
#2304 = CARTESIAN_POINT('',(1.454179557309,188.74053524355));
#2305 = CARTESIAN_POINT('',(1.448872857465,180.));
#2306 = ( GEOMETRIC_REPRESENTATION_CONTEXT(2) 
PARAMETRIC_REPRESENTATION_CONTEXT() REPRESENTATION_CONTEXT('2D SPACE',''
  ) );
#2307 = PCURVE('',#829,#2308);
#2308 = DEFINITIONAL_REPRESENTATION('',(#2309),#2313);
#2309 = HYPERBOLA('',#2310,24.545454545455,22.5);
#2310 = AXIS2_PLACEMENT_2D('',#2311,#2312);
#2311 = CARTESIAN_POINT('',(-246.8181818181,525.));
#2312 = DIRECTION('',(1.,0.));
#2313 = ( GEOMETRIC_REPRESENTATION_CONTEXT(2) 
PARAMETRIC_REPRESENTATION_CONTEXT() REPRESENTATION_CONTEXT('2D SPACE',''
  ) );
#2314 = ORIENTED_EDGE('',*,*,#841,.F.);
#2315 = ORIENTED_EDGE('',*,*,#2156,.F.);
#2316 = ORIENTED_EDGE('',*,*,#2317,.F.);
#2317 = EDGE_CURVE('',#2318,#2157,#2320,.T.);
#2318 = VERTEX_POINT('',#2319);
#2319 = CARTESIAN_POINT('',(-1.322727272727E+03,45.,0.));
#2320 = SURFACE_CURVE('',#2321,(#2326,#2333),.PCURVE_S1.);
#2321 = CIRCLE('',#2322,45.);
#2322 = AXIS2_PLACEMENT_3D('',#2323,#2324,#2325);
#2323 = CARTESIAN_POINT('',(-1.322727272727E+03,0.,0.));
#2324 = DIRECTION('',(-1.,-0.,-0.));
#2325 = DIRECTION('',(0.,0.,-1.));
#2326 = PCURVE('',#743,#2327);
#2327 = DEFINITIONAL_REPRESENTATION('',(#2328),#2332);
#2328 = LINE('',#2329,#2330);
#2329 = CARTESIAN_POINT('',(9.424777960769,27.272727272727));
#2330 = VECTOR('',#2331,1.);
#2331 = DIRECTION('',(-1.,0.));
#2332 = ( GEOMETRIC_REPRESENTATION_CONTEXT(2) 
PARAMETRIC_REPRESENTATION_CONTEXT() REPRESENTATION_CONTEXT('2D SPACE',''
  ) );
#2333 = PCURVE('',#2334,#2339);
#2334 = CYLINDRICAL_SURFACE('',#2335,45.);
#2335 = AXIS2_PLACEMENT_3D('',#2336,#2337,#2338);
#2336 = CARTESIAN_POINT('',(-1.57E+03,0.,0.));
#2337 = DIRECTION('',(-1.,-0.,-0.));
#2338 = DIRECTION('',(0.,1.,0.));
#2339 = DEFINITIONAL_REPRESENTATION('',(#2340),#2344);
#2340 = LINE('',#2341,#2342);
#2341 = CARTESIAN_POINT('',(-10.99557428756,-247.2727272727));
#2342 = VECTOR('',#2343,1.);
#2343 = DIRECTION('',(1.,-0.));
#2344 = ( GEOMETRIC_REPRESENTATION_CONTEXT(2) 
PARAMETRIC_REPRESENTATION_CONTEXT() REPRESENTATION_CONTEXT('2D SPACE',''
  ) );
#2345 = ORIENTED_EDGE('',*,*,#2346,.F.);
#2346 = EDGE_CURVE('',#2157,#2318,#2347,.T.);
#2347 = SURFACE_CURVE('',#2348,(#2353,#2360),.PCURVE_S1.);
#2348 = CIRCLE('',#2349,45.);
#2349 = AXIS2_PLACEMENT_3D('',#2350,#2351,#2352);
#2350 = CARTESIAN_POINT('',(-1.322727272727E+03,0.,0.));
#2351 = DIRECTION('',(-1.,-0.,-0.));
#2352 = DIRECTION('',(0.,0.,-1.));
#2353 = PCURVE('',#743,#2354);
#2354 = DEFINITIONAL_REPRESENTATION('',(#2355),#2359);
#2355 = LINE('',#2356,#2357);
#2356 = CARTESIAN_POINT('',(9.424777960769,27.272727272727));
#2357 = VECTOR('',#2358,1.);
#2358 = DIRECTION('',(-1.,0.));
#2359 = ( GEOMETRIC_REPRESENTATION_CONTEXT(2) 
PARAMETRIC_REPRESENTATION_CONTEXT() REPRESENTATION_CONTEXT('2D SPACE',''
  ) );
#2360 = PCURVE('',#2334,#2361);
#2361 = DEFINITIONAL_REPRESENTATION('',(#2362),#2366);
#2362 = LINE('',#2363,#2364);
#2363 = CARTESIAN_POINT('',(-4.712388980385,-247.2727272727));
#2364 = VECTOR('',#2365,1.);
#2365 = DIRECTION('',(1.,-0.));
#2366 = ( GEOMETRIC_REPRESENTATION_CONTEXT(2) 
PARAMETRIC_REPRESENTATION_CONTEXT() REPRESENTATION_CONTEXT('2D SPACE',''
  ) );
#2367 = ADVANCED_FACE('',(#2368),#829,.T.);
#2368 = FACE_BOUND('',#2369,.T.);
#2369 = EDGE_LOOP('',(#2370,#2393,#2421,#2442,#2443));
#2370 = ORIENTED_EDGE('',*,*,#2371,.T.);
#2371 = EDGE_CURVE('',#2261,#2372,#2374,.T.);
#2372 = VERTEX_POINT('',#2373);
#2373 = CARTESIAN_POINT('',(-1.125E+03,-525.,22.5));
#2374 = SURFACE_CURVE('',#2375,(#2379,#2386),.PCURVE_S1.);
#2375 = LINE('',#2376,#2377);
#2376 = CARTESIAN_POINT('',(-1.125E+03,-225.1284355651,22.5));
#2377 = VECTOR('',#2378,1.);
#2378 = DIRECTION('',(0.,-1.,0.));
#2379 = PCURVE('',#829,#2380);
#2380 = DEFINITIONAL_REPRESENTATION('',(#2381),#2385);
#2381 = LINE('',#2382,#2383);
#2382 = CARTESIAN_POINT('',(0.,299.87156443487));
#2383 = VECTOR('',#2384,1.);
#2384 = DIRECTION('',(0.,-1.));
#2385 = ( GEOMETRIC_REPRESENTATION_CONTEXT(2) 
PARAMETRIC_REPRESENTATION_CONTEXT() REPRESENTATION_CONTEXT('2D SPACE',''
  ) );
#2386 = PCURVE('',#2277,#2387);
#2387 = DEFINITIONAL_REPRESENTATION('',(#2388),#2392);
#2388 = LINE('',#2389,#2390);
#2389 = CARTESIAN_POINT('',(45.,-299.8715644348));
#2390 = VECTOR('',#2391,1.);
#2391 = DIRECTION('',(0.,1.));
#2392 = ( GEOMETRIC_REPRESENTATION_CONTEXT(2) 
PARAMETRIC_REPRESENTATION_CONTEXT() REPRESENTATION_CONTEXT('2D SPACE',''
  ) );
#2393 = ORIENTED_EDGE('',*,*,#2394,.T.);
#2394 = EDGE_CURVE('',#2372,#2395,#2397,.T.);
#2395 = VERTEX_POINT('',#2396);
#2396 = CARTESIAN_POINT('',(-675.,-525.,22.5));
#2397 = SURFACE_CURVE('',#2398,(#2402,#2409),.PCURVE_S1.);
#2398 = LINE('',#2399,#2400);
#2399 = CARTESIAN_POINT('',(-1.125E+03,-525.,22.5));
#2400 = VECTOR('',#2401,1.);
#2401 = DIRECTION('',(1.,0.,0.));
#2402 = PCURVE('',#829,#2403);
#2403 = DEFINITIONAL_REPRESENTATION('',(#2404),#2408);
#2404 = LINE('',#2405,#2406);
#2405 = CARTESIAN_POINT('',(0.,0.));
#2406 = VECTOR('',#2407,1.);
#2407 = DIRECTION('',(1.,0.));
#2408 = ( GEOMETRIC_REPRESENTATION_CONTEXT(2) 
PARAMETRIC_REPRESENTATION_CONTEXT() REPRESENTATION_CONTEXT('2D SPACE',''
  ) );
#2409 = PCURVE('',#2410,#2415);
#2410 = PLANE('',#2411);
#2411 = AXIS2_PLACEMENT_3D('',#2412,#2413,#2414);
#2412 = CARTESIAN_POINT('',(-1.125E+03,-525.,-22.5));
#2413 = DIRECTION('',(0.,1.,0.));
#2414 = DIRECTION('',(0.,0.,1.));
#2415 = DEFINITIONAL_REPRESENTATION('',(#2416),#2420);
#2416 = LINE('',#2417,#2418);
#2417 = CARTESIAN_POINT('',(45.,0.));
#2418 = VECTOR('',#2419,1.);
#2419 = DIRECTION('',(0.,1.));
#2420 = ( GEOMETRIC_REPRESENTATION_CONTEXT(2) 
PARAMETRIC_REPRESENTATION_CONTEXT() REPRESENTATION_CONTEXT('2D SPACE',''
  ) );
#2421 = ORIENTED_EDGE('',*,*,#2422,.T.);
#2422 = EDGE_CURVE('',#2395,#782,#2423,.T.);
#2423 = SURFACE_CURVE('',#2424,(#2428,#2435),.PCURVE_S1.);
#2424 = LINE('',#2425,#2426);
#2425 = CARTESIAN_POINT('',(-675.,-525.,22.5));
#2426 = VECTOR('',#2427,1.);
#2427 = DIRECTION('',(0.,1.,0.));
#2428 = PCURVE('',#829,#2429);
#2429 = DEFINITIONAL_REPRESENTATION('',(#2430),#2434);
#2430 = LINE('',#2431,#2432);
#2431 = CARTESIAN_POINT('',(450.,0.));
#2432 = VECTOR('',#2433,1.);
#2433 = DIRECTION('',(0.,1.));
#2434 = ( GEOMETRIC_REPRESENTATION_CONTEXT(2) 
PARAMETRIC_REPRESENTATION_CONTEXT() REPRESENTATION_CONTEXT('2D SPACE',''
  ) );
#2435 = PCURVE('',#798,#2436);
#2436 = DEFINITIONAL_REPRESENTATION('',(#2437),#2441);
#2437 = LINE('',#2438,#2439);
#2438 = CARTESIAN_POINT('',(45.,0.));
#2439 = VECTOR('',#2440,1.);
#2440 = DIRECTION('',(0.,-1.));
#2441 = ( GEOMETRIC_REPRESENTATION_CONTEXT(2) 
PARAMETRIC_REPRESENTATION_CONTEXT() REPRESENTATION_CONTEXT('2D SPACE',''
  ) );
#2442 = ORIENTED_EDGE('',*,*,#814,.T.);
#2443 = ORIENTED_EDGE('',*,*,#2289,.T.);
#2444 = ADVANCED_FACE('',(#2445),#798,.T.);
#2445 = FACE_BOUND('',#2446,.T.);
#2446 = EDGE_LOOP('',(#2447,#2448,#2471,#2492));
#2447 = ORIENTED_EDGE('',*,*,#2422,.F.);
#2448 = ORIENTED_EDGE('',*,*,#2449,.F.);
#2449 = EDGE_CURVE('',#2450,#2395,#2452,.T.);
#2450 = VERTEX_POINT('',#2451);
#2451 = CARTESIAN_POINT('',(-675.,-525.,-22.5));
#2452 = SURFACE_CURVE('',#2453,(#2457,#2464),.PCURVE_S1.);
#2453 = LINE('',#2454,#2455);
#2454 = CARTESIAN_POINT('',(-675.,-525.,-22.5));
#2455 = VECTOR('',#2456,1.);
#2456 = DIRECTION('',(0.,0.,1.));
#2457 = PCURVE('',#798,#2458);
#2458 = DEFINITIONAL_REPRESENTATION('',(#2459),#2463);
#2459 = LINE('',#2460,#2461);
#2460 = CARTESIAN_POINT('',(0.,0.));
#2461 = VECTOR('',#2462,1.);
#2462 = DIRECTION('',(1.,0.));
#2463 = ( GEOMETRIC_REPRESENTATION_CONTEXT(2) 
PARAMETRIC_REPRESENTATION_CONTEXT() REPRESENTATION_CONTEXT('2D SPACE',''
  ) );
#2464 = PCURVE('',#2410,#2465);
#2465 = DEFINITIONAL_REPRESENTATION('',(#2466),#2470);
#2466 = LINE('',#2467,#2468);
#2467 = CARTESIAN_POINT('',(0.,450.));
#2468 = VECTOR('',#2469,1.);
#2469 = DIRECTION('',(1.,0.));
#2470 = ( GEOMETRIC_REPRESENTATION_CONTEXT(2) 
PARAMETRIC_REPRESENTATION_CONTEXT() REPRESENTATION_CONTEXT('2D SPACE',''
  ) );
#2471 = ORIENTED_EDGE('',*,*,#2472,.T.);
#2472 = EDGE_CURVE('',#2450,#755,#2473,.T.);
#2473 = SURFACE_CURVE('',#2474,(#2478,#2485),.PCURVE_S1.);
#2474 = LINE('',#2475,#2476);
#2475 = CARTESIAN_POINT('',(-675.,-525.,-22.5));
#2476 = VECTOR('',#2477,1.);
#2477 = DIRECTION('',(0.,1.,0.));
#2478 = PCURVE('',#798,#2479);
#2479 = DEFINITIONAL_REPRESENTATION('',(#2480),#2484);
#2480 = LINE('',#2481,#2482);
#2481 = CARTESIAN_POINT('',(0.,0.));
#2482 = VECTOR('',#2483,1.);
#2483 = DIRECTION('',(0.,-1.));
#2484 = ( GEOMETRIC_REPRESENTATION_CONTEXT(2) 
PARAMETRIC_REPRESENTATION_CONTEXT() REPRESENTATION_CONTEXT('2D SPACE',''
  ) );
#2485 = PCURVE('',#769,#2486);
#2486 = DEFINITIONAL_REPRESENTATION('',(#2487),#2491);
#2487 = LINE('',#2488,#2489);
#2488 = CARTESIAN_POINT('',(450.,0.));
#2489 = VECTOR('',#2490,1.);
#2490 = DIRECTION('',(0.,1.));
#2491 = ( GEOMETRIC_REPRESENTATION_CONTEXT(2) 
PARAMETRIC_REPRESENTATION_CONTEXT() REPRESENTATION_CONTEXT('2D SPACE',''
  ) );
#2492 = ORIENTED_EDGE('',*,*,#781,.T.);
#2493 = ADVANCED_FACE('',(#2494),#769,.F.);
#2494 = FACE_BOUND('',#2495,.F.);
#2495 = EDGE_LOOP('',(#2496,#2519,#2540,#2541,#2542));
#2496 = ORIENTED_EDGE('',*,*,#2497,.F.);
#2497 = EDGE_CURVE('',#2498,#2233,#2500,.T.);
#2498 = VERTEX_POINT('',#2499);
#2499 = CARTESIAN_POINT('',(-1.125E+03,-525.,-22.5));
#2500 = SURFACE_CURVE('',#2501,(#2505,#2512),.PCURVE_S1.);
#2501 = LINE('',#2502,#2503);
#2502 = CARTESIAN_POINT('',(-1.125E+03,-525.,-22.5));
#2503 = VECTOR('',#2504,1.);
#2504 = DIRECTION('',(0.,1.,0.));
#2505 = PCURVE('',#769,#2506);
#2506 = DEFINITIONAL_REPRESENTATION('',(#2507),#2511);
#2507 = LINE('',#2508,#2509);
#2508 = CARTESIAN_POINT('',(0.,0.));
#2509 = VECTOR('',#2510,1.);
#2510 = DIRECTION('',(0.,1.));
#2511 = ( GEOMETRIC_REPRESENTATION_CONTEXT(2) 
PARAMETRIC_REPRESENTATION_CONTEXT() REPRESENTATION_CONTEXT('2D SPACE',''
  ) );
#2512 = PCURVE('',#2277,#2513);
#2513 = DEFINITIONAL_REPRESENTATION('',(#2514),#2518);
#2514 = LINE('',#2515,#2516);
#2515 = CARTESIAN_POINT('',(0.,0.));
#2516 = VECTOR('',#2517,1.);
#2517 = DIRECTION('',(0.,-1.));
#2518 = ( GEOMETRIC_REPRESENTATION_CONTEXT(2) 
PARAMETRIC_REPRESENTATION_CONTEXT() REPRESENTATION_CONTEXT('2D SPACE',''
  ) );
#2519 = ORIENTED_EDGE('',*,*,#2520,.T.);
#2520 = EDGE_CURVE('',#2498,#2450,#2521,.T.);
#2521 = SURFACE_CURVE('',#2522,(#2526,#2533),.PCURVE_S1.);
#2522 = LINE('',#2523,#2524);
#2523 = CARTESIAN_POINT('',(-1.125E+03,-525.,-22.5));
#2524 = VECTOR('',#2525,1.);
#2525 = DIRECTION('',(1.,0.,0.));
#2526 = PCURVE('',#769,#2527);
#2527 = DEFINITIONAL_REPRESENTATION('',(#2528),#2532);
#2528 = LINE('',#2529,#2530);
#2529 = CARTESIAN_POINT('',(0.,0.));
#2530 = VECTOR('',#2531,1.);
#2531 = DIRECTION('',(1.,0.));
#2532 = ( GEOMETRIC_REPRESENTATION_CONTEXT(2) 
PARAMETRIC_REPRESENTATION_CONTEXT() REPRESENTATION_CONTEXT('2D SPACE',''
  ) );
#2533 = PCURVE('',#2410,#2534);
#2534 = DEFINITIONAL_REPRESENTATION('',(#2535),#2539);
#2535 = LINE('',#2536,#2537);
#2536 = CARTESIAN_POINT('',(0.,0.));
#2537 = VECTOR('',#2538,1.);
#2538 = DIRECTION('',(0.,1.));
#2539 = ( GEOMETRIC_REPRESENTATION_CONTEXT(2) 
PARAMETRIC_REPRESENTATION_CONTEXT() REPRESENTATION_CONTEXT('2D SPACE',''
  ) );
#2540 = ORIENTED_EDGE('',*,*,#2472,.T.);
#2541 = ORIENTED_EDGE('',*,*,#754,.T.);
#2542 = ORIENTED_EDGE('',*,*,#2232,.T.);
#2543 = ADVANCED_FACE('',(#2544),#714,.F.);
#2544 = FACE_BOUND('',#2545,.F.);
#2545 = EDGE_LOOP('',(#2546,#2569,#2570,#2571,#2594));
#2546 = ORIENTED_EDGE('',*,*,#2547,.F.);
#2547 = EDGE_CURVE('',#2182,#2548,#2550,.T.);
#2548 = VERTEX_POINT('',#2549);
#2549 = CARTESIAN_POINT('',(-1.125E+03,525.,-22.5));
#2550 = SURFACE_CURVE('',#2551,(#2555,#2562),.PCURVE_S1.);
#2551 = LINE('',#2552,#2553);
#2552 = CARTESIAN_POINT('',(-1.125E+03,225.12843556512,-22.5));
#2553 = VECTOR('',#2554,1.);
#2554 = DIRECTION('',(0.,1.,0.));
#2555 = PCURVE('',#714,#2556);
#2556 = DEFINITIONAL_REPRESENTATION('',(#2557),#2561);
#2557 = LINE('',#2558,#2559);
#2558 = CARTESIAN_POINT('',(0.,750.12843556512));
#2559 = VECTOR('',#2560,1.);
#2560 = DIRECTION('',(0.,1.));
#2561 = ( GEOMETRIC_REPRESENTATION_CONTEXT(2) 
PARAMETRIC_REPRESENTATION_CONTEXT() REPRESENTATION_CONTEXT('2D SPACE',''
  ) );
#2562 = PCURVE('',#2141,#2563);
#2563 = DEFINITIONAL_REPRESENTATION('',(#2564),#2568);
#2564 = LINE('',#2565,#2566);
#2565 = CARTESIAN_POINT('',(0.,-750.1284355651));
#2566 = VECTOR('',#2567,1.);
#2567 = DIRECTION('',(0.,-1.));
#2568 = ( GEOMETRIC_REPRESENTATION_CONTEXT(2) 
PARAMETRIC_REPRESENTATION_CONTEXT() REPRESENTATION_CONTEXT('2D SPACE',''
  ) );
#2569 = ORIENTED_EDGE('',*,*,#2205,.T.);
#2570 = ORIENTED_EDGE('',*,*,#699,.F.);
#2571 = ORIENTED_EDGE('',*,*,#2572,.T.);
#2572 = EDGE_CURVE('',#672,#2573,#2575,.T.);
#2573 = VERTEX_POINT('',#2574);
#2574 = CARTESIAN_POINT('',(-675.,525.,-22.5));
#2575 = SURFACE_CURVE('',#2576,(#2580,#2587),.PCURVE_S1.);
#2576 = LINE('',#2577,#2578);
#2577 = CARTESIAN_POINT('',(-675.,238.94298483111,-22.5));
#2578 = VECTOR('',#2579,1.);
#2579 = DIRECTION('',(0.,1.,0.));
#2580 = PCURVE('',#714,#2581);
#2581 = DEFINITIONAL_REPRESENTATION('',(#2582),#2586);
#2582 = LINE('',#2583,#2584);
#2583 = CARTESIAN_POINT('',(450.,763.94298483111));
#2584 = VECTOR('',#2585,1.);
#2585 = DIRECTION('',(0.,1.));
#2586 = ( GEOMETRIC_REPRESENTATION_CONTEXT(2) 
PARAMETRIC_REPRESENTATION_CONTEXT() REPRESENTATION_CONTEXT('2D SPACE',''
  ) );
#2587 = PCURVE('',#98,#2588);
#2588 = DEFINITIONAL_REPRESENTATION('',(#2589),#2593);
#2589 = LINE('',#2590,#2591);
#2590 = CARTESIAN_POINT('',(0.,-763.9429848311));
#2591 = VECTOR('',#2592,1.);
#2592 = DIRECTION('',(0.,-1.));
#2593 = ( GEOMETRIC_REPRESENTATION_CONTEXT(2) 
PARAMETRIC_REPRESENTATION_CONTEXT() REPRESENTATION_CONTEXT('2D SPACE',''
  ) );
#2594 = ORIENTED_EDGE('',*,*,#2595,.F.);
#2595 = EDGE_CURVE('',#2548,#2573,#2596,.T.);
#2596 = SURFACE_CURVE('',#2597,(#2601,#2608),.PCURVE_S1.);
#2597 = LINE('',#2598,#2599);
#2598 = CARTESIAN_POINT('',(-1.125E+03,525.,-22.5));
#2599 = VECTOR('',#2600,1.);
#2600 = DIRECTION('',(1.,0.,0.));
#2601 = PCURVE('',#714,#2602);
#2602 = DEFINITIONAL_REPRESENTATION('',(#2603),#2607);
#2603 = LINE('',#2604,#2605);
#2604 = CARTESIAN_POINT('',(0.,1.05E+03));
#2605 = VECTOR('',#2606,1.);
#2606 = DIRECTION('',(1.,0.));
#2607 = ( GEOMETRIC_REPRESENTATION_CONTEXT(2) 
PARAMETRIC_REPRESENTATION_CONTEXT() REPRESENTATION_CONTEXT('2D SPACE',''
  ) );
#2608 = PCURVE('',#2115,#2609);
#2609 = DEFINITIONAL_REPRESENTATION('',(#2610),#2614);
#2610 = LINE('',#2611,#2612);
#2611 = CARTESIAN_POINT('',(0.,0.));
#2612 = VECTOR('',#2613,1.);
#2613 = DIRECTION('',(0.,1.));
#2614 = ( GEOMETRIC_REPRESENTATION_CONTEXT(2) 
PARAMETRIC_REPRESENTATION_CONTEXT() REPRESENTATION_CONTEXT('2D SPACE',''
  ) );
#2615 = ADVANCED_FACE('',(#2616),#98,.T.);
#2616 = FACE_BOUND('',#2617,.T.);
#2617 = EDGE_LOOP('',(#2618,#2619,#2620,#2621,#2642));
#2618 = ORIENTED_EDGE('',*,*,#81,.T.);
#2619 = ORIENTED_EDGE('',*,*,#671,.T.);
#2620 = ORIENTED_EDGE('',*,*,#2572,.T.);
#2621 = ORIENTED_EDGE('',*,*,#2622,.T.);
#2622 = EDGE_CURVE('',#2573,#2077,#2623,.T.);
#2623 = SURFACE_CURVE('',#2624,(#2628,#2635),.PCURVE_S1.);
#2624 = LINE('',#2625,#2626);
#2625 = CARTESIAN_POINT('',(-675.,525.,-22.5));
#2626 = VECTOR('',#2627,1.);
#2627 = DIRECTION('',(0.,0.,1.));
#2628 = PCURVE('',#98,#2629);
#2629 = DEFINITIONAL_REPRESENTATION('',(#2630),#2634);
#2630 = LINE('',#2631,#2632);
#2631 = CARTESIAN_POINT('',(0.,-1.05E+03));
#2632 = VECTOR('',#2633,1.);
#2633 = DIRECTION('',(1.,0.));
#2634 = ( GEOMETRIC_REPRESENTATION_CONTEXT(2) 
PARAMETRIC_REPRESENTATION_CONTEXT() REPRESENTATION_CONTEXT('2D SPACE',''
  ) );
#2635 = PCURVE('',#2115,#2636);
#2636 = DEFINITIONAL_REPRESENTATION('',(#2637),#2641);
#2637 = LINE('',#2638,#2639);
#2638 = CARTESIAN_POINT('',(0.,450.));
#2639 = VECTOR('',#2640,1.);
#2640 = DIRECTION('',(1.,0.));
#2641 = ( GEOMETRIC_REPRESENTATION_CONTEXT(2) 
PARAMETRIC_REPRESENTATION_CONTEXT() REPRESENTATION_CONTEXT('2D SPACE',''
  ) );
#2642 = ORIENTED_EDGE('',*,*,#2076,.T.);
#2643 = ADVANCED_FACE('',(#2644),#187,.T.);
#2644 = FACE_BOUND('',#2645,.T.);
#2645 = EDGE_LOOP('',(#2646,#2647,#2670,#2699,#2720));
#2646 = ORIENTED_EDGE('',*,*,#137,.T.);
#2647 = ORIENTED_EDGE('',*,*,#2648,.T.);
#2648 = EDGE_CURVE('',#138,#2649,#2651,.T.);
#2649 = VERTEX_POINT('',#2650);
#2650 = CARTESIAN_POINT('',(-326.,243.5,20.));
#2651 = SURFACE_CURVE('',#2652,(#2656,#2663),.PCURVE_S1.);
#2652 = LINE('',#2653,#2654);
#2653 = CARTESIAN_POINT('',(-326.,202.5,20.));
#2654 = VECTOR('',#2655,1.);
#2655 = DIRECTION('',(0.,1.,0.));
#2656 = PCURVE('',#187,#2657);
#2657 = DEFINITIONAL_REPRESENTATION('',(#2658),#2662);
#2658 = LINE('',#2659,#2660);
#2659 = CARTESIAN_POINT('',(1.570796326795,0.));
#2660 = VECTOR('',#2661,1.);
#2661 = DIRECTION('',(0.,1.));
#2662 = ( GEOMETRIC_REPRESENTATION_CONTEXT(2) 
PARAMETRIC_REPRESENTATION_CONTEXT() REPRESENTATION_CONTEXT('2D SPACE',''
  ) );
#2663 = PCURVE('',#231,#2664);
#2664 = DEFINITIONAL_REPRESENTATION('',(#2665),#2669);
#2665 = LINE('',#2666,#2667);
#2666 = CARTESIAN_POINT('',(24.,0.));
#2667 = VECTOR('',#2668,1.);
#2668 = DIRECTION('',(0.,1.));
#2669 = ( GEOMETRIC_REPRESENTATION_CONTEXT(2) 
PARAMETRIC_REPRESENTATION_CONTEXT() REPRESENTATION_CONTEXT('2D SPACE',''
  ) );
#2670 = ORIENTED_EDGE('',*,*,#2671,.F.);
#2671 = EDGE_CURVE('',#2672,#2649,#2674,.T.);
#2672 = VERTEX_POINT('',#2673);
#2673 = CARTESIAN_POINT('',(-350.,243.5,-4.));
#2674 = SURFACE_CURVE('',#2675,(#2680,#2687),.PCURVE_S1.);
#2675 = CIRCLE('',#2676,24.);
#2676 = AXIS2_PLACEMENT_3D('',#2677,#2678,#2679);
#2677 = CARTESIAN_POINT('',(-326.,243.5,-4.));
#2678 = DIRECTION('',(0.,1.,0.));
#2679 = DIRECTION('',(-1.,0.,1.480297366167E-16));
#2680 = PCURVE('',#187,#2681);
#2681 = DEFINITIONAL_REPRESENTATION('',(#2682),#2686);
#2682 = LINE('',#2683,#2684);
#2683 = CARTESIAN_POINT('',(0.,41.));
#2684 = VECTOR('',#2685,1.);
#2685 = DIRECTION('',(1.,0.));
#2686 = ( GEOMETRIC_REPRESENTATION_CONTEXT(2) 
PARAMETRIC_REPRESENTATION_CONTEXT() REPRESENTATION_CONTEXT('2D SPACE',''
  ) );
#2687 = PCURVE('',#2688,#2693);
#2688 = SPHERICAL_SURFACE('',#2689,24.);
#2689 = AXIS2_PLACEMENT_3D('',#2690,#2691,#2692);
#2690 = CARTESIAN_POINT('',(-326.,243.5,-4.));
#2691 = DIRECTION('',(-0.,-1.,-0.));
#2692 = DIRECTION('',(-1.,0.,1.480297366167E-16));
#2693 = DEFINITIONAL_REPRESENTATION('',(#2694),#2698);
#2694 = LINE('',#2695,#2696);
#2695 = CARTESIAN_POINT('',(-0.,0.));
#2696 = VECTOR('',#2697,1.);
#2697 = DIRECTION('',(-1.,0.));
#2698 = ( GEOMETRIC_REPRESENTATION_CONTEXT(2) 
PARAMETRIC_REPRESENTATION_CONTEXT() REPRESENTATION_CONTEXT('2D SPACE',''
  ) );
#2699 = ORIENTED_EDGE('',*,*,#2700,.F.);
#2700 = EDGE_CURVE('',#608,#2672,#2701,.T.);
#2701 = SURFACE_CURVE('',#2702,(#2706,#2713),.PCURVE_S1.);
#2702 = LINE('',#2703,#2704);
#2703 = CARTESIAN_POINT('',(-350.,202.5,-4.));
#2704 = VECTOR('',#2705,1.);
#2705 = DIRECTION('',(0.,1.,0.));
#2706 = PCURVE('',#187,#2707);
#2707 = DEFINITIONAL_REPRESENTATION('',(#2708),#2712);
#2708 = LINE('',#2709,#2710);
#2709 = CARTESIAN_POINT('',(0.,0.));
#2710 = VECTOR('',#2711,1.);
#2711 = DIRECTION('',(0.,1.));
#2712 = ( GEOMETRIC_REPRESENTATION_CONTEXT(2) 
PARAMETRIC_REPRESENTATION_CONTEXT() REPRESENTATION_CONTEXT('2D SPACE',''
  ) );
#2713 = PCURVE('',#624,#2714);
#2714 = DEFINITIONAL_REPRESENTATION('',(#2715),#2719);
#2715 = LINE('',#2716,#2717);
#2716 = CARTESIAN_POINT('',(56.,0.));
#2717 = VECTOR('',#2718,1.);
#2718 = DIRECTION('',(0.,-1.));
#2719 = ( GEOMETRIC_REPRESENTATION_CONTEXT(2) 
PARAMETRIC_REPRESENTATION_CONTEXT() REPRESENTATION_CONTEXT('2D SPACE',''
  ) );
#2720 = ORIENTED_EDGE('',*,*,#640,.T.);
#2721 = ADVANCED_FACE('',(#2722),#624,.F.);
#2722 = FACE_BOUND('',#2723,.F.);
#2723 = EDGE_LOOP('',(#2724,#2725,#2748,#2774));
#2724 = ORIENTED_EDGE('',*,*,#607,.T.);
#2725 = ORIENTED_EDGE('',*,*,#2726,.T.);
#2726 = EDGE_CURVE('',#547,#2727,#2729,.T.);
#2727 = VERTEX_POINT('',#2728);
#2728 = CARTESIAN_POINT('',(-350.,243.5,-36.));
#2729 = SURFACE_CURVE('',#2730,(#2734,#2741),.PCURVE_S1.);
#2730 = LINE('',#2731,#2732);
#2731 = CARTESIAN_POINT('',(-350.,202.5,-36.));
#2732 = VECTOR('',#2733,1.);
#2733 = DIRECTION('',(0.,1.,0.));
#2734 = PCURVE('',#624,#2735);
#2735 = DEFINITIONAL_REPRESENTATION('',(#2736),#2740);
#2736 = LINE('',#2737,#2738);
#2737 = CARTESIAN_POINT('',(24.,0.));
#2738 = VECTOR('',#2739,1.);
#2739 = DIRECTION('',(0.,-1.));
#2740 = ( GEOMETRIC_REPRESENTATION_CONTEXT(2) 
PARAMETRIC_REPRESENTATION_CONTEXT() REPRESENTATION_CONTEXT('2D SPACE',''
  ) );
#2741 = PCURVE('',#584,#2742);
#2742 = DEFINITIONAL_REPRESENTATION('',(#2743),#2747);
#2743 = LINE('',#2744,#2745);
#2744 = CARTESIAN_POINT('',(-0.,0.));
#2745 = VECTOR('',#2746,1.);
#2746 = DIRECTION('',(-0.,1.));
#2747 = ( GEOMETRIC_REPRESENTATION_CONTEXT(2) 
PARAMETRIC_REPRESENTATION_CONTEXT() REPRESENTATION_CONTEXT('2D SPACE',''
  ) );
#2748 = ORIENTED_EDGE('',*,*,#2749,.T.);
#2749 = EDGE_CURVE('',#2727,#2672,#2750,.T.);
#2750 = SURFACE_CURVE('',#2751,(#2755,#2762),.PCURVE_S1.);
#2751 = LINE('',#2752,#2753);
#2752 = CARTESIAN_POINT('',(-350.,243.5,-60.));
#2753 = VECTOR('',#2754,1.);
#2754 = DIRECTION('',(0.,0.,1.));
#2755 = PCURVE('',#624,#2756);
#2756 = DEFINITIONAL_REPRESENTATION('',(#2757),#2761);
#2757 = LINE('',#2758,#2759);
#2758 = CARTESIAN_POINT('',(0.,-41.));
#2759 = VECTOR('',#2760,1.);
#2760 = DIRECTION('',(1.,0.));
#2761 = ( GEOMETRIC_REPRESENTATION_CONTEXT(2) 
PARAMETRIC_REPRESENTATION_CONTEXT() REPRESENTATION_CONTEXT('2D SPACE',''
  ) );
#2762 = PCURVE('',#2763,#2768);
#2763 = CYLINDRICAL_SURFACE('',#2764,24.);
#2764 = AXIS2_PLACEMENT_3D('',#2765,#2766,#2767);
#2765 = CARTESIAN_POINT('',(-326.,243.5,-60.));
#2766 = DIRECTION('',(0.,0.,1.));
#2767 = DIRECTION('',(-1.,-0.,0.));
#2768 = DEFINITIONAL_REPRESENTATION('',(#2769),#2773);
#2769 = LINE('',#2770,#2771);
#2770 = CARTESIAN_POINT('',(-0.,0.));
#2771 = VECTOR('',#2772,1.);
#2772 = DIRECTION('',(-0.,1.));
#2773 = ( GEOMETRIC_REPRESENTATION_CONTEXT(2) 
PARAMETRIC_REPRESENTATION_CONTEXT() REPRESENTATION_CONTEXT('2D SPACE',''
  ) );
#2774 = ORIENTED_EDGE('',*,*,#2700,.F.);
#2775 = ADVANCED_FACE('',(#2776),#584,.T.);
#2776 = FACE_BOUND('',#2777,.F.);
#2777 = EDGE_LOOP('',(#2778,#2779,#2802,#2829));
#2778 = ORIENTED_EDGE('',*,*,#546,.T.);
#2779 = ORIENTED_EDGE('',*,*,#2780,.T.);
#2780 = EDGE_CURVE('',#521,#2781,#2783,.T.);
#2781 = VERTEX_POINT('',#2782);
#2782 = CARTESIAN_POINT('',(-326.,243.5,-60.));
#2783 = SURFACE_CURVE('',#2784,(#2788,#2795),.PCURVE_S1.);
#2784 = LINE('',#2785,#2786);
#2785 = CARTESIAN_POINT('',(-326.,202.5,-60.));
#2786 = VECTOR('',#2787,1.);
#2787 = DIRECTION('',(0.,1.,0.));
#2788 = PCURVE('',#584,#2789);
#2789 = DEFINITIONAL_REPRESENTATION('',(#2790),#2794);
#2790 = LINE('',#2791,#2792);
#2791 = CARTESIAN_POINT('',(-1.570796326795,0.));
#2792 = VECTOR('',#2793,1.);
#2793 = DIRECTION('',(-0.,1.));
#2794 = ( GEOMETRIC_REPRESENTATION_CONTEXT(2) 
PARAMETRIC_REPRESENTATION_CONTEXT() REPRESENTATION_CONTEXT('2D SPACE',''
  ) );
#2795 = PCURVE('',#535,#2796);
#2796 = DEFINITIONAL_REPRESENTATION('',(#2797),#2801);
#2797 = LINE('',#2798,#2799);
#2798 = CARTESIAN_POINT('',(24.,0.));
#2799 = VECTOR('',#2800,1.);
#2800 = DIRECTION('',(0.,1.));
#2801 = ( GEOMETRIC_REPRESENTATION_CONTEXT(2) 
PARAMETRIC_REPRESENTATION_CONTEXT() REPRESENTATION_CONTEXT('2D SPACE',''
  ) );
#2802 = ORIENTED_EDGE('',*,*,#2803,.T.);
#2803 = EDGE_CURVE('',#2781,#2727,#2804,.T.);
#2804 = SURFACE_CURVE('',#2805,(#2810,#2817),.PCURVE_S1.);
#2805 = CIRCLE('',#2806,24.);
#2806 = AXIS2_PLACEMENT_3D('',#2807,#2808,#2809);
#2807 = CARTESIAN_POINT('',(-326.,243.5,-36.));
#2808 = DIRECTION('',(1.480297366167E-16,1.,-0.));
#2809 = DIRECTION('',(-1.,1.480297366167E-16,0.));
#2810 = PCURVE('',#584,#2811);
#2811 = DEFINITIONAL_REPRESENTATION('',(#2812),#2816);
#2812 = LINE('',#2813,#2814);
#2813 = CARTESIAN_POINT('',(-6.28318530718,41.));
#2814 = VECTOR('',#2815,1.);
#2815 = DIRECTION('',(1.,-0.));
#2816 = ( GEOMETRIC_REPRESENTATION_CONTEXT(2) 
PARAMETRIC_REPRESENTATION_CONTEXT() REPRESENTATION_CONTEXT('2D SPACE',''
  ) );
#2817 = PCURVE('',#2818,#2823);
#2818 = SPHERICAL_SURFACE('',#2819,24.);
#2819 = AXIS2_PLACEMENT_3D('',#2820,#2821,#2822);
#2820 = CARTESIAN_POINT('',(-326.,243.5,-36.));
#2821 = DIRECTION('',(0.,0.,1.));
#2822 = DIRECTION('',(-1.,1.480297366167E-16,0.));
#2823 = DEFINITIONAL_REPRESENTATION('',(#2824),#2828);
#2824 = LINE('',#2825,#2826);
#2825 = CARTESIAN_POINT('',(-0.,-6.28318530718));
#2826 = VECTOR('',#2827,1.);
#2827 = DIRECTION('',(-0.,1.));
#2828 = ( GEOMETRIC_REPRESENTATION_CONTEXT(2) 
PARAMETRIC_REPRESENTATION_CONTEXT() REPRESENTATION_CONTEXT('2D SPACE',''
  ) );
#2829 = ORIENTED_EDGE('',*,*,#2726,.F.);
#2830 = ADVANCED_FACE('',(#2831),#535,.F.);
#2831 = FACE_BOUND('',#2832,.F.);
#2832 = EDGE_LOOP('',(#2833,#2834,#2835,#2858));
#2833 = ORIENTED_EDGE('',*,*,#2780,.F.);
#2834 = ORIENTED_EDGE('',*,*,#520,.F.);
#2835 = ORIENTED_EDGE('',*,*,#2836,.T.);
#2836 = EDGE_CURVE('',#460,#2837,#2839,.T.);
#2837 = VERTEX_POINT('',#2838);
#2838 = CARTESIAN_POINT('',(526.,243.5,-60.));
#2839 = SURFACE_CURVE('',#2840,(#2844,#2851),.PCURVE_S1.);
#2840 = LINE('',#2841,#2842);
#2841 = CARTESIAN_POINT('',(526.,202.5,-60.));
#2842 = VECTOR('',#2843,1.);
#2843 = DIRECTION('',(0.,1.,0.));
#2844 = PCURVE('',#535,#2845);
#2845 = DEFINITIONAL_REPRESENTATION('',(#2846),#2850);
#2846 = LINE('',#2847,#2848);
#2847 = CARTESIAN_POINT('',(876.,0.));
#2848 = VECTOR('',#2849,1.);
#2849 = DIRECTION('',(0.,1.));
#2850 = ( GEOMETRIC_REPRESENTATION_CONTEXT(2) 
PARAMETRIC_REPRESENTATION_CONTEXT() REPRESENTATION_CONTEXT('2D SPACE',''
  ) );
#2851 = PCURVE('',#497,#2852);
#2852 = DEFINITIONAL_REPRESENTATION('',(#2853),#2857);
#2853 = LINE('',#2854,#2855);
#2854 = CARTESIAN_POINT('',(1.570796326795,0.));
#2855 = VECTOR('',#2856,1.);
#2856 = DIRECTION('',(0.,1.));
#2857 = ( GEOMETRIC_REPRESENTATION_CONTEXT(2) 
PARAMETRIC_REPRESENTATION_CONTEXT() REPRESENTATION_CONTEXT('2D SPACE',''
  ) );
#2858 = ORIENTED_EDGE('',*,*,#2859,.F.);
#2859 = EDGE_CURVE('',#2781,#2837,#2860,.T.);
#2860 = SURFACE_CURVE('',#2861,(#2865,#2872),.PCURVE_S1.);
#2861 = LINE('',#2862,#2863);
#2862 = CARTESIAN_POINT('',(-350.,243.5,-60.));
#2863 = VECTOR('',#2864,1.);
#2864 = DIRECTION('',(1.,0.,0.));
#2865 = PCURVE('',#535,#2866);
#2866 = DEFINITIONAL_REPRESENTATION('',(#2867),#2871);
#2867 = LINE('',#2868,#2869);
#2868 = CARTESIAN_POINT('',(0.,41.));
#2869 = VECTOR('',#2870,1.);
#2870 = DIRECTION('',(1.,0.));
#2871 = ( GEOMETRIC_REPRESENTATION_CONTEXT(2) 
PARAMETRIC_REPRESENTATION_CONTEXT() REPRESENTATION_CONTEXT('2D SPACE',''
  ) );
#2872 = PCURVE('',#2873,#2878);
#2873 = CYLINDRICAL_SURFACE('',#2874,24.);
#2874 = AXIS2_PLACEMENT_3D('',#2875,#2876,#2877);
#2875 = CARTESIAN_POINT('',(-350.,243.5,-36.));
#2876 = DIRECTION('',(1.,0.,0.));
#2877 = DIRECTION('',(-0.,1.,0.));
#2878 = DEFINITIONAL_REPRESENTATION('',(#2879),#2883);
#2879 = LINE('',#2880,#2881);
#2880 = CARTESIAN_POINT('',(-1.570796326795,0.));
#2881 = VECTOR('',#2882,1.);
#2882 = DIRECTION('',(-0.,1.));
#2883 = ( GEOMETRIC_REPRESENTATION_CONTEXT(2) 
PARAMETRIC_REPRESENTATION_CONTEXT() REPRESENTATION_CONTEXT('2D SPACE',''
  ) );
#2884 = ADVANCED_FACE('',(#2885),#497,.T.);
#2885 = FACE_BOUND('',#2886,.T.);
#2886 = EDGE_LOOP('',(#2887,#2888,#2889,#2918));
#2887 = ORIENTED_EDGE('',*,*,#459,.T.);
#2888 = ORIENTED_EDGE('',*,*,#2836,.T.);
#2889 = ORIENTED_EDGE('',*,*,#2890,.T.);
#2890 = EDGE_CURVE('',#2837,#2891,#2893,.T.);
#2891 = VERTEX_POINT('',#2892);
#2892 = CARTESIAN_POINT('',(550.,243.5,-36.));
#2893 = SURFACE_CURVE('',#2894,(#2899,#2906),.PCURVE_S1.);
#2894 = CIRCLE('',#2895,24.);
#2895 = AXIS2_PLACEMENT_3D('',#2896,#2897,#2898);
#2896 = CARTESIAN_POINT('',(526.,243.5,-36.));
#2897 = DIRECTION('',(1.480297366167E-16,-1.,0.));
#2898 = DIRECTION('',(1.,1.480297366167E-16,0.));
#2899 = PCURVE('',#497,#2900);
#2900 = DEFINITIONAL_REPRESENTATION('',(#2901),#2905);
#2901 = LINE('',#2902,#2903);
#2902 = CARTESIAN_POINT('',(6.28318530718,41.));
#2903 = VECTOR('',#2904,1.);
#2904 = DIRECTION('',(-1.,-0.));
#2905 = ( GEOMETRIC_REPRESENTATION_CONTEXT(2) 
PARAMETRIC_REPRESENTATION_CONTEXT() REPRESENTATION_CONTEXT('2D SPACE',''
  ) );
#2906 = PCURVE('',#2907,#2912);
#2907 = SPHERICAL_SURFACE('',#2908,24.);
#2908 = AXIS2_PLACEMENT_3D('',#2909,#2910,#2911);
#2909 = CARTESIAN_POINT('',(526.,243.5,-36.));
#2910 = DIRECTION('',(0.,0.,1.));
#2911 = DIRECTION('',(1.,1.480297366167E-16,-0.));
#2912 = DEFINITIONAL_REPRESENTATION('',(#2913),#2917);
#2913 = LINE('',#2914,#2915);
#2914 = CARTESIAN_POINT('',(0.,-6.28318530718));
#2915 = VECTOR('',#2916,1.);
#2916 = DIRECTION('',(0.,1.));
#2917 = ( GEOMETRIC_REPRESENTATION_CONTEXT(2) 
PARAMETRIC_REPRESENTATION_CONTEXT() REPRESENTATION_CONTEXT('2D SPACE',''
  ) );
#2918 = ORIENTED_EDGE('',*,*,#2919,.F.);
#2919 = EDGE_CURVE('',#427,#2891,#2920,.T.);
#2920 = SURFACE_CURVE('',#2921,(#2925,#2932),.PCURVE_S1.);
#2921 = LINE('',#2922,#2923);
#2922 = CARTESIAN_POINT('',(550.,202.5,-36.));
#2923 = VECTOR('',#2924,1.);
#2924 = DIRECTION('',(0.,1.,0.));
#2925 = PCURVE('',#497,#2926);
#2926 = DEFINITIONAL_REPRESENTATION('',(#2927),#2931);
#2927 = LINE('',#2928,#2929);
#2928 = CARTESIAN_POINT('',(0.,0.));
#2929 = VECTOR('',#2930,1.);
#2930 = DIRECTION('',(0.,1.));
#2931 = ( GEOMETRIC_REPRESENTATION_CONTEXT(2) 
PARAMETRIC_REPRESENTATION_CONTEXT() REPRESENTATION_CONTEXT('2D SPACE',''
  ) );
#2932 = PCURVE('',#443,#2933);
#2933 = DEFINITIONAL_REPRESENTATION('',(#2934),#2938);
#2934 = LINE('',#2935,#2936);
#2935 = CARTESIAN_POINT('',(24.,0.));
#2936 = VECTOR('',#2937,1.);
#2937 = DIRECTION('',(0.,-1.));
#2938 = ( GEOMETRIC_REPRESENTATION_CONTEXT(2) 
PARAMETRIC_REPRESENTATION_CONTEXT() REPRESENTATION_CONTEXT('2D SPACE',''
  ) );
#2939 = ADVANCED_FACE('',(#2940),#443,.T.);
#2940 = FACE_BOUND('',#2941,.T.);
#2941 = EDGE_LOOP('',(#2942,#2943,#2944,#2972));
#2942 = ORIENTED_EDGE('',*,*,#426,.T.);
#2943 = ORIENTED_EDGE('',*,*,#2919,.T.);
#2944 = ORIENTED_EDGE('',*,*,#2945,.T.);
#2945 = EDGE_CURVE('',#2891,#2946,#2948,.T.);
#2946 = VERTEX_POINT('',#2947);
#2947 = CARTESIAN_POINT('',(550.,243.5,-4.));
#2948 = SURFACE_CURVE('',#2949,(#2953,#2960),.PCURVE_S1.);
#2949 = LINE('',#2950,#2951);
#2950 = CARTESIAN_POINT('',(550.,243.5,-60.));
#2951 = VECTOR('',#2952,1.);
#2952 = DIRECTION('',(0.,0.,1.));
#2953 = PCURVE('',#443,#2954);
#2954 = DEFINITIONAL_REPRESENTATION('',(#2955),#2959);
#2955 = LINE('',#2956,#2957);
#2956 = CARTESIAN_POINT('',(0.,-41.));
#2957 = VECTOR('',#2958,1.);
#2958 = DIRECTION('',(1.,0.));
#2959 = ( GEOMETRIC_REPRESENTATION_CONTEXT(2) 
PARAMETRIC_REPRESENTATION_CONTEXT() REPRESENTATION_CONTEXT('2D SPACE',''
  ) );
#2960 = PCURVE('',#2961,#2966);
#2961 = CYLINDRICAL_SURFACE('',#2962,24.);
#2962 = AXIS2_PLACEMENT_3D('',#2963,#2964,#2965);
#2963 = CARTESIAN_POINT('',(526.,243.5,-60.));
#2964 = DIRECTION('',(0.,0.,1.));
#2965 = DIRECTION('',(1.,0.,-0.));
#2966 = DEFINITIONAL_REPRESENTATION('',(#2967),#2971);
#2967 = LINE('',#2968,#2969);
#2968 = CARTESIAN_POINT('',(0.,0.));
#2969 = VECTOR('',#2970,1.);
#2970 = DIRECTION('',(0.,1.));
#2971 = ( GEOMETRIC_REPRESENTATION_CONTEXT(2) 
PARAMETRIC_REPRESENTATION_CONTEXT() REPRESENTATION_CONTEXT('2D SPACE',''
  ) );
#2972 = ORIENTED_EDGE('',*,*,#2973,.F.);
#2973 = EDGE_CURVE('',#395,#2946,#2974,.T.);
#2974 = SURFACE_CURVE('',#2975,(#2979,#2986),.PCURVE_S1.);
#2975 = LINE('',#2976,#2977);
#2976 = CARTESIAN_POINT('',(550.,202.5,-4.));
#2977 = VECTOR('',#2978,1.);
#2978 = DIRECTION('',(0.,1.,0.));
#2979 = PCURVE('',#443,#2980);
#2980 = DEFINITIONAL_REPRESENTATION('',(#2981),#2985);
#2981 = LINE('',#2982,#2983);
#2982 = CARTESIAN_POINT('',(56.,0.));
#2983 = VECTOR('',#2984,1.);
#2984 = DIRECTION('',(0.,-1.));
#2985 = ( GEOMETRIC_REPRESENTATION_CONTEXT(2) 
PARAMETRIC_REPRESENTATION_CONTEXT() REPRESENTATION_CONTEXT('2D SPACE',''
  ) );
#2986 = PCURVE('',#292,#2987);
#2987 = DEFINITIONAL_REPRESENTATION('',(#2988),#2992);
#2988 = LINE('',#2989,#2990);
#2989 = CARTESIAN_POINT('',(-0.,0.));
#2990 = VECTOR('',#2991,1.);
#2991 = DIRECTION('',(-0.,1.));
#2992 = ( GEOMETRIC_REPRESENTATION_CONTEXT(2) 
PARAMETRIC_REPRESENTATION_CONTEXT() REPRESENTATION_CONTEXT('2D SPACE',''
  ) );
#2993 = ADVANCED_FACE('',(#2994),#292,.T.);
#2994 = FACE_BOUND('',#2995,.F.);
#2995 = EDGE_LOOP('',(#2996,#2997,#3020,#3047,#3048));
#2996 = ORIENTED_EDGE('',*,*,#242,.T.);
#2997 = ORIENTED_EDGE('',*,*,#2998,.T.);
#2998 = EDGE_CURVE('',#217,#2999,#3001,.T.);
#2999 = VERTEX_POINT('',#3000);
#3000 = CARTESIAN_POINT('',(526.,243.5,20.));
#3001 = SURFACE_CURVE('',#3002,(#3006,#3013),.PCURVE_S1.);
#3002 = LINE('',#3003,#3004);
#3003 = CARTESIAN_POINT('',(526.,202.5,20.));
#3004 = VECTOR('',#3005,1.);
#3005 = DIRECTION('',(0.,1.,0.));
#3006 = PCURVE('',#292,#3007);
#3007 = DEFINITIONAL_REPRESENTATION('',(#3008),#3012);
#3008 = LINE('',#3009,#3010);
#3009 = CARTESIAN_POINT('',(-1.570796326795,0.));
#3010 = VECTOR('',#3011,1.);
#3011 = DIRECTION('',(-0.,1.));
#3012 = ( GEOMETRIC_REPRESENTATION_CONTEXT(2) 
PARAMETRIC_REPRESENTATION_CONTEXT() REPRESENTATION_CONTEXT('2D SPACE',''
  ) );
#3013 = PCURVE('',#231,#3014);
#3014 = DEFINITIONAL_REPRESENTATION('',(#3015),#3019);
#3015 = LINE('',#3016,#3017);
#3016 = CARTESIAN_POINT('',(876.,0.));
#3017 = VECTOR('',#3018,1.);
#3018 = DIRECTION('',(0.,1.));
#3019 = ( GEOMETRIC_REPRESENTATION_CONTEXT(2) 
PARAMETRIC_REPRESENTATION_CONTEXT() REPRESENTATION_CONTEXT('2D SPACE',''
  ) );
#3020 = ORIENTED_EDGE('',*,*,#3021,.F.);
#3021 = EDGE_CURVE('',#2946,#2999,#3022,.T.);
#3022 = SURFACE_CURVE('',#3023,(#3028,#3035),.PCURVE_S1.);
#3023 = CIRCLE('',#3024,24.);
#3024 = AXIS2_PLACEMENT_3D('',#3025,#3026,#3027);
#3025 = CARTESIAN_POINT('',(526.,243.5,-4.));
#3026 = DIRECTION('',(-0.,-1.,0.));
#3027 = DIRECTION('',(1.,-0.,1.480297366167E-16));
#3028 = PCURVE('',#292,#3029);
#3029 = DEFINITIONAL_REPRESENTATION('',(#3030),#3034);
#3030 = LINE('',#3031,#3032);
#3031 = CARTESIAN_POINT('',(-0.,41.));
#3032 = VECTOR('',#3033,1.);
#3033 = DIRECTION('',(-1.,0.));
#3034 = ( GEOMETRIC_REPRESENTATION_CONTEXT(2) 
PARAMETRIC_REPRESENTATION_CONTEXT() REPRESENTATION_CONTEXT('2D SPACE',''
  ) );
#3035 = PCURVE('',#3036,#3041);
#3036 = SPHERICAL_SURFACE('',#3037,24.);
#3037 = AXIS2_PLACEMENT_3D('',#3038,#3039,#3040);
#3038 = CARTESIAN_POINT('',(526.,243.5,-4.));
#3039 = DIRECTION('',(-0.,-1.,-0.));
#3040 = DIRECTION('',(1.,-0.,1.480297366167E-16));
#3041 = DEFINITIONAL_REPRESENTATION('',(#3042),#3046);
#3042 = LINE('',#3043,#3044);
#3043 = CARTESIAN_POINT('',(0.,0.));
#3044 = VECTOR('',#3045,1.);
#3045 = DIRECTION('',(1.,0.));
#3046 = ( GEOMETRIC_REPRESENTATION_CONTEXT(2) 
PARAMETRIC_REPRESENTATION_CONTEXT() REPRESENTATION_CONTEXT('2D SPACE',''
  ) );
#3047 = ORIENTED_EDGE('',*,*,#2973,.F.);
#3048 = ORIENTED_EDGE('',*,*,#394,.T.);
#3049 = ADVANCED_FACE('',(#3050),#361,.T.);
#3050 = FACE_BOUND('',#3051,.T.);
#3051 = EDGE_LOOP('',(#3052,#3075,#3102,#3103,#3104));
#3052 = ORIENTED_EDGE('',*,*,#3053,.T.);
#3053 = EDGE_CURVE('',#345,#3054,#3056,.T.);
#3054 = VERTEX_POINT('',#3055);
#3055 = CARTESIAN_POINT('',(1.35E+03,4.898587196589E-15,20.));
#3056 = SEAM_CURVE('',#3057,(#3061,#3068),.PCURVE_S1.);
#3057 = LINE('',#3058,#3059);
#3058 = CARTESIAN_POINT('',(1.11E+03,5.878304635907E-14,240.));
#3059 = VECTOR('',#3060,1.);
#3060 = DIRECTION('',(0.737154140201,-1.655048006838E-16,-0.675724628517
    ));
#3061 = PCURVE('',#361,#3062);
#3062 = DEFINITIONAL_REPRESENTATION('',(#3063),#3067);
#3063 = LINE('',#3064,#3065);
#3064 = CARTESIAN_POINT('',(-6.28318530718,0.));
#3065 = VECTOR('',#3066,1.);
#3066 = DIRECTION('',(-0.,-1.));
#3067 = ( GEOMETRIC_REPRESENTATION_CONTEXT(2) 
PARAMETRIC_REPRESENTATION_CONTEXT() REPRESENTATION_CONTEXT('2D SPACE',''
  ) );
#3068 = PCURVE('',#361,#3069);
#3069 = DEFINITIONAL_REPRESENTATION('',(#3070),#3074);
#3070 = LINE('',#3071,#3072);
#3071 = CARTESIAN_POINT('',(0.,-0.));
#3072 = VECTOR('',#3073,1.);
#3073 = DIRECTION('',(-0.,-1.));
#3074 = ( GEOMETRIC_REPRESENTATION_CONTEXT(2) 
PARAMETRIC_REPRESENTATION_CONTEXT() REPRESENTATION_CONTEXT('2D SPACE',''
  ) );
#3075 = ORIENTED_EDGE('',*,*,#3076,.F.);
#3076 = EDGE_CURVE('',#3054,#3054,#3077,.T.);
#3077 = SURFACE_CURVE('',#3078,(#3083,#3090),.PCURVE_S1.);
#3078 = CIRCLE('',#3079,20.);
#3079 = AXIS2_PLACEMENT_3D('',#3080,#3081,#3082);
#3080 = CARTESIAN_POINT('',(1.35E+03,0.,0.));
#3081 = DIRECTION('',(1.,0.,0.));
#3082 = DIRECTION('',(-0.,0.,1.));
#3083 = PCURVE('',#361,#3084);
#3084 = DEFINITIONAL_REPRESENTATION('',(#3085),#3089);
#3085 = LINE('',#3086,#3087);
#3086 = CARTESIAN_POINT('',(-0.,-240.));
#3087 = VECTOR('',#3088,1.);
#3088 = DIRECTION('',(-1.,-0.));
#3089 = ( GEOMETRIC_REPRESENTATION_CONTEXT(2) 
PARAMETRIC_REPRESENTATION_CONTEXT() REPRESENTATION_CONTEXT('2D SPACE',''
  ) );
#3090 = PCURVE('',#3091,#3096);
#3091 = PLANE('',#3092);
#3092 = AXIS2_PLACEMENT_3D('',#3093,#3094,#3095);
#3093 = CARTESIAN_POINT('',(1.35E+03,0.,0.));
#3094 = DIRECTION('',(1.,0.,0.));
#3095 = DIRECTION('',(-0.,0.,1.));
#3096 = DEFINITIONAL_REPRESENTATION('',(#3097),#3101);
#3097 = CIRCLE('',#3098,20.);
#3098 = AXIS2_PLACEMENT_2D('',#3099,#3100);
#3099 = CARTESIAN_POINT('',(0.,0.));
#3100 = DIRECTION('',(1.,0.));
#3101 = ( GEOMETRIC_REPRESENTATION_CONTEXT(2) 
PARAMETRIC_REPRESENTATION_CONTEXT() REPRESENTATION_CONTEXT('2D SPACE',''
  ) );
#3102 = ORIENTED_EDGE('',*,*,#3053,.F.);
#3103 = ORIENTED_EDGE('',*,*,#372,.T.);
#3104 = ORIENTED_EDGE('',*,*,#344,.T.);
#3105 = ADVANCED_FACE('',(#3106),#231,.T.);
#3106 = FACE_BOUND('',#3107,.T.);
#3107 = EDGE_LOOP('',(#3108,#3109,#3110,#3111));
#3108 = ORIENTED_EDGE('',*,*,#2648,.F.);
#3109 = ORIENTED_EDGE('',*,*,#216,.F.);
#3110 = ORIENTED_EDGE('',*,*,#2998,.T.);
#3111 = ORIENTED_EDGE('',*,*,#3112,.F.);
#3112 = EDGE_CURVE('',#2649,#2999,#3113,.T.);
#3113 = SURFACE_CURVE('',#3114,(#3118,#3125),.PCURVE_S1.);
#3114 = LINE('',#3115,#3116);
#3115 = CARTESIAN_POINT('',(-350.,243.5,20.));
#3116 = VECTOR('',#3117,1.);
#3117 = DIRECTION('',(1.,0.,0.));
#3118 = PCURVE('',#231,#3119);
#3119 = DEFINITIONAL_REPRESENTATION('',(#3120),#3124);
#3120 = LINE('',#3121,#3122);
#3121 = CARTESIAN_POINT('',(0.,41.));
#3122 = VECTOR('',#3123,1.);
#3123 = DIRECTION('',(1.,0.));
#3124 = ( GEOMETRIC_REPRESENTATION_CONTEXT(2) 
PARAMETRIC_REPRESENTATION_CONTEXT() REPRESENTATION_CONTEXT('2D SPACE',''
  ) );
#3125 = PCURVE('',#3126,#3131);
#3126 = CYLINDRICAL_SURFACE('',#3127,24.);
#3127 = AXIS2_PLACEMENT_3D('',#3128,#3129,#3130);
#3128 = CARTESIAN_POINT('',(-350.,243.5,-4.));
#3129 = DIRECTION('',(1.,0.,0.));
#3130 = DIRECTION('',(-0.,1.,0.));
#3131 = DEFINITIONAL_REPRESENTATION('',(#3132),#3136);
#3132 = LINE('',#3133,#3134);
#3133 = CARTESIAN_POINT('',(1.570796326795,0.));
#3134 = VECTOR('',#3135,1.);
#3135 = DIRECTION('',(0.,1.));
#3136 = ( GEOMETRIC_REPRESENTATION_CONTEXT(2) 
PARAMETRIC_REPRESENTATION_CONTEXT() REPRESENTATION_CONTEXT('2D SPACE',''
  ) );
#3137 = ADVANCED_FACE('',(#3138),#987,.T.);
#3138 = FACE_BOUND('',#3139,.F.);
#3139 = EDGE_LOOP('',(#3140,#3164,#3165,#3189));
#3140 = ORIENTED_EDGE('',*,*,#3141,.F.);
#3141 = EDGE_CURVE('',#888,#3142,#3144,.T.);
#3142 = VERTEX_POINT('',#3143);
#3143 = CARTESIAN_POINT('',(120.,-65.,-250.));
#3144 = SURFACE_CURVE('',#3145,(#3150,#3157),.PCURVE_S1.);
#3145 = CIRCLE('',#3146,25.);
#3146 = AXIS2_PLACEMENT_3D('',#3147,#3148,#3149);
#3147 = CARTESIAN_POINT('',(145.,-65.,-250.));
#3148 = DIRECTION('',(0.,-1.,0.));
#3149 = DIRECTION('',(-1.,0.,0.));
#3150 = PCURVE('',#987,#3151);
#3151 = DEFINITIONAL_REPRESENTATION('',(#3152),#3156);
#3152 = LINE('',#3153,#3154);
#3153 = CARTESIAN_POINT('',(-0.,-6.28318530718));
#3154 = VECTOR('',#3155,1.);
#3155 = DIRECTION('',(-0.,1.));
#3156 = ( GEOMETRIC_REPRESENTATION_CONTEXT(2) 
PARAMETRIC_REPRESENTATION_CONTEXT() REPRESENTATION_CONTEXT('2D SPACE',''
  ) );
#3157 = PCURVE('',#1124,#3158);
#3158 = DEFINITIONAL_REPRESENTATION('',(#3159),#3163);
#3159 = LINE('',#3160,#3161);
#3160 = CARTESIAN_POINT('',(6.28318530718,25.));
#3161 = VECTOR('',#3162,1.);
#3162 = DIRECTION('',(-1.,-0.));
#3163 = ( GEOMETRIC_REPRESENTATION_CONTEXT(2) 
PARAMETRIC_REPRESENTATION_CONTEXT() REPRESENTATION_CONTEXT('2D SPACE',''
  ) );
#3164 = ORIENTED_EDGE('',*,*,#887,.T.);
#3165 = ORIENTED_EDGE('',*,*,#3166,.T.);
#3166 = EDGE_CURVE('',#890,#3167,#3169,.T.);
#3167 = VERTEX_POINT('',#3168);
#3168 = CARTESIAN_POINT('',(145.,-90.,-250.));
#3169 = SURFACE_CURVE('',#3170,(#3175,#3182),.PCURVE_S1.);
#3170 = CIRCLE('',#3171,25.);
#3171 = AXIS2_PLACEMENT_3D('',#3172,#3173,#3174);
#3172 = CARTESIAN_POINT('',(145.,-65.,-250.));
#3173 = DIRECTION('',(1.,-6.123233995737E-17,0.));
#3174 = DIRECTION('',(-6.123233995737E-17,-1.,0.));
#3175 = PCURVE('',#987,#3176);
#3176 = DEFINITIONAL_REPRESENTATION('',(#3177),#3181);
#3177 = LINE('',#3178,#3179);
#3178 = CARTESIAN_POINT('',(-1.570796326795,-6.28318530718));
#3179 = VECTOR('',#3180,1.);
#3180 = DIRECTION('',(-0.,1.));
#3181 = ( GEOMETRIC_REPRESENTATION_CONTEXT(2) 
PARAMETRIC_REPRESENTATION_CONTEXT() REPRESENTATION_CONTEXT('2D SPACE',''
  ) );
#3182 = PCURVE('',#1633,#3183);
#3183 = DEFINITIONAL_REPRESENTATION('',(#3184),#3188);
#3184 = LINE('',#3185,#3186);
#3185 = CARTESIAN_POINT('',(-6.28318530718,25.));
#3186 = VECTOR('',#3187,1.);
#3187 = DIRECTION('',(1.,-0.));
#3188 = ( GEOMETRIC_REPRESENTATION_CONTEXT(2) 
PARAMETRIC_REPRESENTATION_CONTEXT() REPRESENTATION_CONTEXT('2D SPACE',''
  ) );
#3189 = ORIENTED_EDGE('',*,*,#3190,.F.);
#3190 = EDGE_CURVE('',#3142,#3167,#3191,.T.);
#3191 = SURFACE_CURVE('',#3192,(#3197,#3204),.PCURVE_S1.);
#3192 = CIRCLE('',#3193,25.);
#3193 = AXIS2_PLACEMENT_3D('',#3194,#3195,#3196);
#3194 = CARTESIAN_POINT('',(145.,-65.,-250.));
#3195 = DIRECTION('',(0.,0.,1.));
#3196 = DIRECTION('',(-1.,0.,0.));
#3197 = PCURVE('',#987,#3198);
#3198 = DEFINITIONAL_REPRESENTATION('',(#3199),#3203);
#3199 = LINE('',#3200,#3201);
#3200 = CARTESIAN_POINT('',(-0.,0.));
#3201 = VECTOR('',#3202,1.);
#3202 = DIRECTION('',(-1.,0.));
#3203 = ( GEOMETRIC_REPRESENTATION_CONTEXT(2) 
PARAMETRIC_REPRESENTATION_CONTEXT() REPRESENTATION_CONTEXT('2D SPACE',''
  ) );
#3204 = PCURVE('',#3205,#3210);
#3205 = CYLINDRICAL_SURFACE('',#3206,25.);
#3206 = AXIS2_PLACEMENT_3D('',#3207,#3208,#3209);
#3207 = CARTESIAN_POINT('',(145.,-65.,-295.));
#3208 = DIRECTION('',(0.,0.,1.));
#3209 = DIRECTION('',(-1.,-0.,0.));
#3210 = DEFINITIONAL_REPRESENTATION('',(#3211),#3215);
#3211 = LINE('',#3212,#3213);
#3212 = CARTESIAN_POINT('',(0.,45.));
#3213 = VECTOR('',#3214,1.);
#3214 = DIRECTION('',(1.,0.));
#3215 = ( GEOMETRIC_REPRESENTATION_CONTEXT(2) 
PARAMETRIC_REPRESENTATION_CONTEXT() REPRESENTATION_CONTEXT('2D SPACE',''
  ) );
#3216 = ADVANCED_FACE('',(#3217),#1124,.T.);
#3217 = FACE_BOUND('',#3218,.T.);
#3218 = EDGE_LOOP('',(#3219,#3220,#3221,#3245));
#3219 = ORIENTED_EDGE('',*,*,#3141,.F.);
#3220 = ORIENTED_EDGE('',*,*,#1040,.T.);
#3221 = ORIENTED_EDGE('',*,*,#3222,.F.);
#3222 = EDGE_CURVE('',#3223,#1041,#3225,.T.);
#3223 = VERTEX_POINT('',#3224);
#3224 = CARTESIAN_POINT('',(120.,65.,-250.));
#3225 = SURFACE_CURVE('',#3226,(#3231,#3238),.PCURVE_S1.);
#3226 = CIRCLE('',#3227,25.);
#3227 = AXIS2_PLACEMENT_3D('',#3228,#3229,#3230);
#3228 = CARTESIAN_POINT('',(145.,65.,-250.));
#3229 = DIRECTION('',(0.,1.,0.));
#3230 = DIRECTION('',(-1.,0.,0.));
#3231 = PCURVE('',#1124,#3232);
#3232 = DEFINITIONAL_REPRESENTATION('',(#3233),#3237);
#3233 = LINE('',#3234,#3235);
#3234 = CARTESIAN_POINT('',(0.,155.));
#3235 = VECTOR('',#3236,1.);
#3236 = DIRECTION('',(1.,0.));
#3237 = ( GEOMETRIC_REPRESENTATION_CONTEXT(2) 
PARAMETRIC_REPRESENTATION_CONTEXT() REPRESENTATION_CONTEXT('2D SPACE',''
  ) );
#3238 = PCURVE('',#1232,#3239);
#3239 = DEFINITIONAL_REPRESENTATION('',(#3240),#3244);
#3240 = LINE('',#3241,#3242);
#3241 = CARTESIAN_POINT('',(-0.,0.));
#3242 = VECTOR('',#3243,1.);
#3243 = DIRECTION('',(-1.,0.));
#3244 = ( GEOMETRIC_REPRESENTATION_CONTEXT(2) 
PARAMETRIC_REPRESENTATION_CONTEXT() REPRESENTATION_CONTEXT('2D SPACE',''
  ) );
#3245 = ORIENTED_EDGE('',*,*,#3246,.F.);
#3246 = EDGE_CURVE('',#3142,#3223,#3247,.T.);
#3247 = SURFACE_CURVE('',#3248,(#3252,#3259),.PCURVE_S1.);
#3248 = LINE('',#3249,#3250);
#3249 = CARTESIAN_POINT('',(120.,-90.,-250.));
#3250 = VECTOR('',#3251,1.);
#3251 = DIRECTION('',(0.,1.,0.));
#3252 = PCURVE('',#1124,#3253);
#3253 = DEFINITIONAL_REPRESENTATION('',(#3254),#3258);
#3254 = LINE('',#3255,#3256);
#3255 = CARTESIAN_POINT('',(0.,0.));
#3256 = VECTOR('',#3257,1.);
#3257 = DIRECTION('',(0.,1.));
#3258 = ( GEOMETRIC_REPRESENTATION_CONTEXT(2) 
PARAMETRIC_REPRESENTATION_CONTEXT() REPRESENTATION_CONTEXT('2D SPACE',''
  ) );
#3259 = PCURVE('',#3260,#3265);
#3260 = PLANE('',#3261);
#3261 = AXIS2_PLACEMENT_3D('',#3262,#3263,#3264);
#3262 = CARTESIAN_POINT('',(120.,-90.,-295.));
#3263 = DIRECTION('',(1.,0.,0.));
#3264 = DIRECTION('',(0.,0.,1.));
#3265 = DEFINITIONAL_REPRESENTATION('',(#3266),#3270);
#3266 = LINE('',#3267,#3268);
#3267 = CARTESIAN_POINT('',(45.,0.));
#3268 = VECTOR('',#3269,1.);
#3269 = DIRECTION('',(0.,-1.));
#3270 = ( GEOMETRIC_REPRESENTATION_CONTEXT(2) 
PARAMETRIC_REPRESENTATION_CONTEXT() REPRESENTATION_CONTEXT('2D SPACE',''
  ) );
#3271 = ADVANCED_FACE('',(#3272),#1633,.T.);
#3272 = FACE_BOUND('',#3273,.F.);
#3273 = EDGE_LOOP('',(#3274,#3275,#3276,#3300));
#3274 = ORIENTED_EDGE('',*,*,#3166,.F.);
#3275 = ORIENTED_EDGE('',*,*,#1620,.F.);
#3276 = ORIENTED_EDGE('',*,*,#3277,.T.);
#3277 = EDGE_CURVE('',#1533,#3278,#3280,.T.);
#3278 = VERTEX_POINT('',#3279);
#3279 = CARTESIAN_POINT('',(355.,-90.,-250.));
#3280 = SURFACE_CURVE('',#3281,(#3286,#3293),.PCURVE_S1.);
#3281 = CIRCLE('',#3282,25.);
#3282 = AXIS2_PLACEMENT_3D('',#3283,#3284,#3285);
#3283 = CARTESIAN_POINT('',(355.,-65.,-250.));
#3284 = DIRECTION('',(1.,6.123233995737E-17,0.));
#3285 = DIRECTION('',(6.123233995737E-17,-1.,0.));
#3286 = PCURVE('',#1633,#3287);
#3287 = DEFINITIONAL_REPRESENTATION('',(#3288),#3292);
#3288 = LINE('',#3289,#3290);
#3289 = CARTESIAN_POINT('',(-6.28318530718,235.));
#3290 = VECTOR('',#3291,1.);
#3291 = DIRECTION('',(1.,-0.));
#3292 = ( GEOMETRIC_REPRESENTATION_CONTEXT(2) 
PARAMETRIC_REPRESENTATION_CONTEXT() REPRESENTATION_CONTEXT('2D SPACE',''
  ) );
#3293 = PCURVE('',#1588,#3294);
#3294 = DEFINITIONAL_REPRESENTATION('',(#3295),#3299);
#3295 = LINE('',#3296,#3297);
#3296 = CARTESIAN_POINT('',(1.570796326795,-6.28318530718));
#3297 = VECTOR('',#3298,1.);
#3298 = DIRECTION('',(0.,1.));
#3299 = ( GEOMETRIC_REPRESENTATION_CONTEXT(2) 
PARAMETRIC_REPRESENTATION_CONTEXT() REPRESENTATION_CONTEXT('2D SPACE',''
  ) );
#3300 = ORIENTED_EDGE('',*,*,#3301,.F.);
#3301 = EDGE_CURVE('',#3167,#3278,#3302,.T.);
#3302 = SURFACE_CURVE('',#3303,(#3307,#3314),.PCURVE_S1.);
#3303 = LINE('',#3304,#3305);
#3304 = CARTESIAN_POINT('',(120.,-90.,-250.));
#3305 = VECTOR('',#3306,1.);
#3306 = DIRECTION('',(1.,0.,0.));
#3307 = PCURVE('',#1633,#3308);
#3308 = DEFINITIONAL_REPRESENTATION('',(#3309),#3313);
#3309 = LINE('',#3310,#3311);
#3310 = CARTESIAN_POINT('',(-0.,0.));
#3311 = VECTOR('',#3312,1.);
#3312 = DIRECTION('',(-0.,1.));
#3313 = ( GEOMETRIC_REPRESENTATION_CONTEXT(2) 
PARAMETRIC_REPRESENTATION_CONTEXT() REPRESENTATION_CONTEXT('2D SPACE',''
  ) );
#3314 = PCURVE('',#3315,#3320);
#3315 = PLANE('',#3316);
#3316 = AXIS2_PLACEMENT_3D('',#3317,#3318,#3319);
#3317 = CARTESIAN_POINT('',(120.,-90.,-295.));
#3318 = DIRECTION('',(0.,1.,0.));
#3319 = DIRECTION('',(0.,0.,1.));
#3320 = DEFINITIONAL_REPRESENTATION('',(#3321),#3325);
#3321 = LINE('',#3322,#3323);
#3322 = CARTESIAN_POINT('',(45.,0.));
#3323 = VECTOR('',#3324,1.);
#3324 = DIRECTION('',(0.,1.));
#3325 = ( GEOMETRIC_REPRESENTATION_CONTEXT(2) 
PARAMETRIC_REPRESENTATION_CONTEXT() REPRESENTATION_CONTEXT('2D SPACE',''
  ) );
#3326 = ADVANCED_FACE('',(#3327),#1232,.T.);
#3327 = FACE_BOUND('',#3328,.F.);
#3328 = EDGE_LOOP('',(#3329,#3358,#3380,#3381));
#3329 = ORIENTED_EDGE('',*,*,#3330,.F.);
#3330 = EDGE_CURVE('',#3331,#3223,#3333,.T.);
#3331 = VERTEX_POINT('',#3332);
#3332 = CARTESIAN_POINT('',(145.,90.,-250.));
#3333 = SURFACE_CURVE('',#3334,(#3339,#3346),.PCURVE_S1.);
#3334 = CIRCLE('',#3335,25.);
#3335 = AXIS2_PLACEMENT_3D('',#3336,#3337,#3338);
#3336 = CARTESIAN_POINT('',(145.,65.,-250.));
#3337 = DIRECTION('',(0.,0.,1.));
#3338 = DIRECTION('',(-1.,0.,0.));
#3339 = PCURVE('',#1232,#3340);
#3340 = DEFINITIONAL_REPRESENTATION('',(#3341),#3345);
#3341 = LINE('',#3342,#3343);
#3342 = CARTESIAN_POINT('',(-0.,-6.28318530718));
#3343 = VECTOR('',#3344,1.);
#3344 = DIRECTION('',(-0.,1.));
#3345 = ( GEOMETRIC_REPRESENTATION_CONTEXT(2) 
PARAMETRIC_REPRESENTATION_CONTEXT() REPRESENTATION_CONTEXT('2D SPACE',''
  ) );
#3346 = PCURVE('',#3347,#3352);
#3347 = CYLINDRICAL_SURFACE('',#3348,25.);
#3348 = AXIS2_PLACEMENT_3D('',#3349,#3350,#3351);
#3349 = CARTESIAN_POINT('',(145.,65.,-295.));
#3350 = DIRECTION('',(0.,0.,1.));
#3351 = DIRECTION('',(-1.,-0.,0.));
#3352 = DEFINITIONAL_REPRESENTATION('',(#3353),#3357);
#3353 = LINE('',#3354,#3355);
#3354 = CARTESIAN_POINT('',(-6.28318530718,45.));
#3355 = VECTOR('',#3356,1.);
#3356 = DIRECTION('',(1.,-0.));
#3357 = ( GEOMETRIC_REPRESENTATION_CONTEXT(2) 
PARAMETRIC_REPRESENTATION_CONTEXT() REPRESENTATION_CONTEXT('2D SPACE',''
  ) );
#3358 = ORIENTED_EDGE('',*,*,#3359,.T.);
#3359 = EDGE_CURVE('',#3331,#1171,#3360,.T.);
#3360 = SURFACE_CURVE('',#3361,(#3366,#3373),.PCURVE_S1.);
#3361 = CIRCLE('',#3362,25.);
#3362 = AXIS2_PLACEMENT_3D('',#3363,#3364,#3365);
#3363 = CARTESIAN_POINT('',(145.,65.,-250.));
#3364 = DIRECTION('',(1.,0.,6.123233995737E-17));
#3365 = DIRECTION('',(-6.123233995737E-17,0.,1.));
#3366 = PCURVE('',#1232,#3367);
#3367 = DEFINITIONAL_REPRESENTATION('',(#3368),#3372);
#3368 = LINE('',#3369,#3370);
#3369 = CARTESIAN_POINT('',(-1.570796326795,-6.28318530718));
#3370 = VECTOR('',#3371,1.);
#3371 = DIRECTION('',(-0.,1.));
#3372 = ( GEOMETRIC_REPRESENTATION_CONTEXT(2) 
PARAMETRIC_REPRESENTATION_CONTEXT() REPRESENTATION_CONTEXT('2D SPACE',''
  ) );
#3373 = PCURVE('',#1282,#3374);
#3374 = DEFINITIONAL_REPRESENTATION('',(#3375),#3379);
#3375 = LINE('',#3376,#3377);
#3376 = CARTESIAN_POINT('',(-4.712388980385,25.));
#3377 = VECTOR('',#3378,1.);
#3378 = DIRECTION('',(1.,0.));
#3379 = ( GEOMETRIC_REPRESENTATION_CONTEXT(2) 
PARAMETRIC_REPRESENTATION_CONTEXT() REPRESENTATION_CONTEXT('2D SPACE',''
  ) );
#3380 = ORIENTED_EDGE('',*,*,#1170,.T.);
#3381 = ORIENTED_EDGE('',*,*,#3222,.F.);
#3382 = ADVANCED_FACE('',(#3383),#1588,.T.);
#3383 = FACE_BOUND('',#3384,.T.);
#3384 = EDGE_LOOP('',(#3385,#3409,#3410,#3411));
#3385 = ORIENTED_EDGE('',*,*,#3386,.F.);
#3386 = EDGE_CURVE('',#1403,#3387,#3389,.T.);
#3387 = VERTEX_POINT('',#3388);
#3388 = CARTESIAN_POINT('',(380.,-65.,-250.));
#3389 = SURFACE_CURVE('',#3390,(#3395,#3402),.PCURVE_S1.);
#3390 = CIRCLE('',#3391,25.);
#3391 = AXIS2_PLACEMENT_3D('',#3392,#3393,#3394);
#3392 = CARTESIAN_POINT('',(355.,-65.,-250.));
#3393 = DIRECTION('',(-0.,1.,0.));
#3394 = DIRECTION('',(1.,0.,0.));
#3395 = PCURVE('',#1588,#3396);
#3396 = DEFINITIONAL_REPRESENTATION('',(#3397),#3401);
#3397 = LINE('',#3398,#3399);
#3398 = CARTESIAN_POINT('',(0.,-6.28318530718));
#3399 = VECTOR('',#3400,1.);
#3400 = DIRECTION('',(0.,1.));
#3401 = ( GEOMETRIC_REPRESENTATION_CONTEXT(2) 
PARAMETRIC_REPRESENTATION_CONTEXT() REPRESENTATION_CONTEXT('2D SPACE',''
  ) );
#3402 = PCURVE('',#1486,#3403);
#3403 = DEFINITIONAL_REPRESENTATION('',(#3404),#3408);
#3404 = LINE('',#3405,#3406);
#3405 = CARTESIAN_POINT('',(-6.28318530718,25.));
#3406 = VECTOR('',#3407,1.);
#3407 = DIRECTION('',(1.,-0.));
#3408 = ( GEOMETRIC_REPRESENTATION_CONTEXT(2) 
PARAMETRIC_REPRESENTATION_CONTEXT() REPRESENTATION_CONTEXT('2D SPACE',''
  ) );
#3409 = ORIENTED_EDGE('',*,*,#1532,.F.);
#3410 = ORIENTED_EDGE('',*,*,#3277,.T.);
#3411 = ORIENTED_EDGE('',*,*,#3412,.F.);
#3412 = EDGE_CURVE('',#3387,#3278,#3413,.T.);
#3413 = SURFACE_CURVE('',#3414,(#3419,#3426),.PCURVE_S1.);
#3414 = CIRCLE('',#3415,25.);
#3415 = AXIS2_PLACEMENT_3D('',#3416,#3417,#3418);
#3416 = CARTESIAN_POINT('',(355.,-65.,-250.));
#3417 = DIRECTION('',(0.,0.,-1.));
#3418 = DIRECTION('',(1.,0.,0.));
#3419 = PCURVE('',#1588,#3420);
#3420 = DEFINITIONAL_REPRESENTATION('',(#3421),#3425);
#3421 = LINE('',#3422,#3423);
#3422 = CARTESIAN_POINT('',(0.,0.));
#3423 = VECTOR('',#3424,1.);
#3424 = DIRECTION('',(1.,0.));
#3425 = ( GEOMETRIC_REPRESENTATION_CONTEXT(2) 
PARAMETRIC_REPRESENTATION_CONTEXT() REPRESENTATION_CONTEXT('2D SPACE',''
  ) );
#3426 = PCURVE('',#3427,#3432);
#3427 = CYLINDRICAL_SURFACE('',#3428,25.);
#3428 = AXIS2_PLACEMENT_3D('',#3429,#3430,#3431);
#3429 = CARTESIAN_POINT('',(355.,-65.,-295.));
#3430 = DIRECTION('',(0.,0.,1.));
#3431 = DIRECTION('',(1.,0.,-0.));
#3432 = DEFINITIONAL_REPRESENTATION('',(#3433),#3437);
#3433 = LINE('',#3434,#3435);
#3434 = CARTESIAN_POINT('',(-0.,45.));
#3435 = VECTOR('',#3436,1.);
#3436 = DIRECTION('',(-1.,0.));
#3437 = ( GEOMETRIC_REPRESENTATION_CONTEXT(2) 
PARAMETRIC_REPRESENTATION_CONTEXT() REPRESENTATION_CONTEXT('2D SPACE',''
  ) );
#3438 = ADVANCED_FACE('',(#3439),#1282,.T.);
#3439 = FACE_BOUND('',#3440,.T.);
#3440 = EDGE_LOOP('',(#3441,#3469,#3470,#3471));
#3441 = ORIENTED_EDGE('',*,*,#3442,.F.);
#3442 = EDGE_CURVE('',#3331,#3443,#3445,.T.);
#3443 = VERTEX_POINT('',#3444);
#3444 = CARTESIAN_POINT('',(355.,90.,-250.));
#3445 = SURFACE_CURVE('',#3446,(#3450,#3457),.PCURVE_S1.);
#3446 = LINE('',#3447,#3448);
#3447 = CARTESIAN_POINT('',(120.,90.,-250.));
#3448 = VECTOR('',#3449,1.);
#3449 = DIRECTION('',(1.,0.,0.));
#3450 = PCURVE('',#1282,#3451);
#3451 = DEFINITIONAL_REPRESENTATION('',(#3452),#3456);
#3452 = LINE('',#3453,#3454);
#3453 = CARTESIAN_POINT('',(0.,0.));
#3454 = VECTOR('',#3455,1.);
#3455 = DIRECTION('',(0.,1.));
#3456 = ( GEOMETRIC_REPRESENTATION_CONTEXT(2) 
PARAMETRIC_REPRESENTATION_CONTEXT() REPRESENTATION_CONTEXT('2D SPACE',''
  ) );
#3457 = PCURVE('',#3458,#3463);
#3458 = PLANE('',#3459);
#3459 = AXIS2_PLACEMENT_3D('',#3460,#3461,#3462);
#3460 = CARTESIAN_POINT('',(120.,90.,-295.));
#3461 = DIRECTION('',(0.,1.,0.));
#3462 = DIRECTION('',(0.,0.,1.));
#3463 = DEFINITIONAL_REPRESENTATION('',(#3464),#3468);
#3464 = LINE('',#3465,#3466);
#3465 = CARTESIAN_POINT('',(45.,0.));
#3466 = VECTOR('',#3467,1.);
#3467 = DIRECTION('',(0.,1.));
#3468 = ( GEOMETRIC_REPRESENTATION_CONTEXT(2) 
PARAMETRIC_REPRESENTATION_CONTEXT() REPRESENTATION_CONTEXT('2D SPACE',''
  ) );
#3469 = ORIENTED_EDGE('',*,*,#3359,.T.);
#3470 = ORIENTED_EDGE('',*,*,#1267,.F.);
#3471 = ORIENTED_EDGE('',*,*,#3472,.F.);
#3472 = EDGE_CURVE('',#3443,#1268,#3473,.T.);
#3473 = SURFACE_CURVE('',#3474,(#3479,#3486),.PCURVE_S1.);
#3474 = CIRCLE('',#3475,25.);
#3475 = AXIS2_PLACEMENT_3D('',#3476,#3477,#3478);
#3476 = CARTESIAN_POINT('',(355.,65.,-250.));
#3477 = DIRECTION('',(1.,0.,-6.123233995737E-17));
#3478 = DIRECTION('',(6.123233995737E-17,0.,1.));
#3479 = PCURVE('',#1282,#3480);
#3480 = DEFINITIONAL_REPRESENTATION('',(#3481),#3485);
#3481 = LINE('',#3482,#3483);
#3482 = CARTESIAN_POINT('',(-4.712388980385,235.));
#3483 = VECTOR('',#3484,1.);
#3484 = DIRECTION('',(1.,0.));
#3485 = ( GEOMETRIC_REPRESENTATION_CONTEXT(2) 
PARAMETRIC_REPRESENTATION_CONTEXT() REPRESENTATION_CONTEXT('2D SPACE',''
  ) );
#3486 = PCURVE('',#1363,#3487);
#3487 = DEFINITIONAL_REPRESENTATION('',(#3488),#3492);
#3488 = LINE('',#3489,#3490);
#3489 = CARTESIAN_POINT('',(1.570796326795,-6.28318530718));
#3490 = VECTOR('',#3491,1.);
#3491 = DIRECTION('',(0.,1.));
#3492 = ( GEOMETRIC_REPRESENTATION_CONTEXT(2) 
PARAMETRIC_REPRESENTATION_CONTEXT() REPRESENTATION_CONTEXT('2D SPACE',''
  ) );
#3493 = ADVANCED_FACE('',(#3494),#1486,.T.);
#3494 = FACE_BOUND('',#3495,.F.);
#3495 = EDGE_LOOP('',(#3496,#3497,#3498,#3522));
#3496 = ORIENTED_EDGE('',*,*,#3386,.F.);
#3497 = ORIENTED_EDGE('',*,*,#1402,.T.);
#3498 = ORIENTED_EDGE('',*,*,#3499,.F.);
#3499 = EDGE_CURVE('',#3500,#1294,#3502,.T.);
#3500 = VERTEX_POINT('',#3501);
#3501 = CARTESIAN_POINT('',(380.,65.,-250.));
#3502 = SURFACE_CURVE('',#3503,(#3508,#3515),.PCURVE_S1.);
#3503 = CIRCLE('',#3504,25.);
#3504 = AXIS2_PLACEMENT_3D('',#3505,#3506,#3507);
#3505 = CARTESIAN_POINT('',(355.,65.,-250.));
#3506 = DIRECTION('',(-0.,-1.,0.));
#3507 = DIRECTION('',(1.,-0.,0.));
#3508 = PCURVE('',#1486,#3509);
#3509 = DEFINITIONAL_REPRESENTATION('',(#3510),#3514);
#3510 = LINE('',#3511,#3512);
#3511 = CARTESIAN_POINT('',(-0.,155.));
#3512 = VECTOR('',#3513,1.);
#3513 = DIRECTION('',(-1.,0.));
#3514 = ( GEOMETRIC_REPRESENTATION_CONTEXT(2) 
PARAMETRIC_REPRESENTATION_CONTEXT() REPRESENTATION_CONTEXT('2D SPACE',''
  ) );
#3515 = PCURVE('',#1363,#3516);
#3516 = DEFINITIONAL_REPRESENTATION('',(#3517),#3521);
#3517 = LINE('',#3518,#3519);
#3518 = CARTESIAN_POINT('',(0.,0.));
#3519 = VECTOR('',#3520,1.);
#3520 = DIRECTION('',(1.,0.));
#3521 = ( GEOMETRIC_REPRESENTATION_CONTEXT(2) 
PARAMETRIC_REPRESENTATION_CONTEXT() REPRESENTATION_CONTEXT('2D SPACE',''
  ) );
#3522 = ORIENTED_EDGE('',*,*,#3523,.F.);
#3523 = EDGE_CURVE('',#3387,#3500,#3524,.T.);
#3524 = SURFACE_CURVE('',#3525,(#3529,#3536),.PCURVE_S1.);
#3525 = LINE('',#3526,#3527);
#3526 = CARTESIAN_POINT('',(380.,-90.,-250.));
#3527 = VECTOR('',#3528,1.);
#3528 = DIRECTION('',(0.,1.,0.));
#3529 = PCURVE('',#1486,#3530);
#3530 = DEFINITIONAL_REPRESENTATION('',(#3531),#3535);
#3531 = LINE('',#3532,#3533);
#3532 = CARTESIAN_POINT('',(-0.,0.));
#3533 = VECTOR('',#3534,1.);
#3534 = DIRECTION('',(-0.,1.));
#3535 = ( GEOMETRIC_REPRESENTATION_CONTEXT(2) 
PARAMETRIC_REPRESENTATION_CONTEXT() REPRESENTATION_CONTEXT('2D SPACE',''
  ) );
#3536 = PCURVE('',#3537,#3542);
#3537 = PLANE('',#3538);
#3538 = AXIS2_PLACEMENT_3D('',#3539,#3540,#3541);
#3539 = CARTESIAN_POINT('',(380.,-90.,-295.));
#3540 = DIRECTION('',(1.,0.,0.));
#3541 = DIRECTION('',(0.,0.,1.));
#3542 = DEFINITIONAL_REPRESENTATION('',(#3543),#3547);
#3543 = LINE('',#3544,#3545);
#3544 = CARTESIAN_POINT('',(45.,0.));
#3545 = VECTOR('',#3546,1.);
#3546 = DIRECTION('',(0.,-1.));
#3547 = ( GEOMETRIC_REPRESENTATION_CONTEXT(2) 
PARAMETRIC_REPRESENTATION_CONTEXT() REPRESENTATION_CONTEXT('2D SPACE',''
  ) );
#3548 = ADVANCED_FACE('',(#3549),#1363,.T.);
#3549 = FACE_BOUND('',#3550,.T.);
#3550 = EDGE_LOOP('',(#3551,#3578,#3579,#3580));
#3551 = ORIENTED_EDGE('',*,*,#3552,.F.);
#3552 = EDGE_CURVE('',#3443,#3500,#3553,.T.);
#3553 = SURFACE_CURVE('',#3554,(#3559,#3566),.PCURVE_S1.);
#3554 = CIRCLE('',#3555,25.);
#3555 = AXIS2_PLACEMENT_3D('',#3556,#3557,#3558);
#3556 = CARTESIAN_POINT('',(355.,65.,-250.));
#3557 = DIRECTION('',(0.,0.,-1.));
#3558 = DIRECTION('',(1.,0.,0.));
#3559 = PCURVE('',#1363,#3560);
#3560 = DEFINITIONAL_REPRESENTATION('',(#3561),#3565);
#3561 = LINE('',#3562,#3563);
#3562 = CARTESIAN_POINT('',(0.,-6.28318530718));
#3563 = VECTOR('',#3564,1.);
#3564 = DIRECTION('',(0.,1.));
#3565 = ( GEOMETRIC_REPRESENTATION_CONTEXT(2) 
PARAMETRIC_REPRESENTATION_CONTEXT() REPRESENTATION_CONTEXT('2D SPACE',''
  ) );
#3566 = PCURVE('',#3567,#3572);
#3567 = CYLINDRICAL_SURFACE('',#3568,25.);
#3568 = AXIS2_PLACEMENT_3D('',#3569,#3570,#3571);
#3569 = CARTESIAN_POINT('',(355.,65.,-295.));
#3570 = DIRECTION('',(0.,0.,1.));
#3571 = DIRECTION('',(1.,0.,-0.));
#3572 = DEFINITIONAL_REPRESENTATION('',(#3573),#3577);
#3573 = LINE('',#3574,#3575);
#3574 = CARTESIAN_POINT('',(6.28318530718,45.));
#3575 = VECTOR('',#3576,1.);
#3576 = DIRECTION('',(-1.,-0.));
#3577 = ( GEOMETRIC_REPRESENTATION_CONTEXT(2) 
PARAMETRIC_REPRESENTATION_CONTEXT() REPRESENTATION_CONTEXT('2D SPACE',''
  ) );
#3578 = ORIENTED_EDGE('',*,*,#3472,.T.);
#3579 = ORIENTED_EDGE('',*,*,#1293,.F.);
#3580 = ORIENTED_EDGE('',*,*,#3499,.F.);
#3581 = ADVANCED_FACE('',(#3582),#1665,.F.);
#3582 = FACE_BOUND('',#3583,.T.);
#3583 = EDGE_LOOP('',(#3584,#3585,#3608,#3636));
#3584 = ORIENTED_EDGE('',*,*,#1646,.F.);
#3585 = ORIENTED_EDGE('',*,*,#3586,.T.);
#3586 = EDGE_CURVE('',#1647,#3587,#3589,.T.);
#3587 = VERTEX_POINT('',#3588);
#3588 = CARTESIAN_POINT('',(-350.,-243.5,-36.));
#3589 = SURFACE_CURVE('',#3590,(#3594,#3601),.PCURVE_S1.);
#3590 = LINE('',#3591,#3592);
#3591 = CARTESIAN_POINT('',(-350.,-202.5,-36.));
#3592 = VECTOR('',#3593,1.);
#3593 = DIRECTION('',(-0.,-1.,-0.));
#3594 = PCURVE('',#1665,#3595);
#3595 = DEFINITIONAL_REPRESENTATION('',(#3596),#3600);
#3596 = LINE('',#3597,#3598);
#3597 = CARTESIAN_POINT('',(-24.,0.));
#3598 = VECTOR('',#3599,1.);
#3599 = DIRECTION('',(-0.,-1.));
#3600 = ( GEOMETRIC_REPRESENTATION_CONTEXT(2) 
PARAMETRIC_REPRESENTATION_CONTEXT() REPRESENTATION_CONTEXT('2D SPACE',''
  ) );
#3601 = PCURVE('',#1719,#3602);
#3602 = DEFINITIONAL_REPRESENTATION('',(#3603),#3607);
#3603 = LINE('',#3604,#3605);
#3604 = CARTESIAN_POINT('',(0.,0.));
#3605 = VECTOR('',#3606,1.);
#3606 = DIRECTION('',(0.,1.));
#3607 = ( GEOMETRIC_REPRESENTATION_CONTEXT(2) 
PARAMETRIC_REPRESENTATION_CONTEXT() REPRESENTATION_CONTEXT('2D SPACE',''
  ) );
#3608 = ORIENTED_EDGE('',*,*,#3609,.T.);
#3609 = EDGE_CURVE('',#3587,#3610,#3612,.T.);
#3610 = VERTEX_POINT('',#3611);
#3611 = CARTESIAN_POINT('',(-350.,-243.5,-4.));
#3612 = SURFACE_CURVE('',#3613,(#3617,#3624),.PCURVE_S1.);
#3613 = LINE('',#3614,#3615);
#3614 = CARTESIAN_POINT('',(-350.,-243.5,-60.));
#3615 = VECTOR('',#3616,1.);
#3616 = DIRECTION('',(-0.,-0.,1.));
#3617 = PCURVE('',#1665,#3618);
#3618 = DEFINITIONAL_REPRESENTATION('',(#3619),#3623);
#3619 = LINE('',#3620,#3621);
#3620 = CARTESIAN_POINT('',(-0.,-41.));
#3621 = VECTOR('',#3622,1.);
#3622 = DIRECTION('',(-1.,0.));
#3623 = ( GEOMETRIC_REPRESENTATION_CONTEXT(2) 
PARAMETRIC_REPRESENTATION_CONTEXT() REPRESENTATION_CONTEXT('2D SPACE',''
  ) );
#3624 = PCURVE('',#3625,#3630);
#3625 = CYLINDRICAL_SURFACE('',#3626,24.);
#3626 = AXIS2_PLACEMENT_3D('',#3627,#3628,#3629);
#3627 = CARTESIAN_POINT('',(-326.,-243.5,-60.));
#3628 = DIRECTION('',(-0.,-0.,1.));
#3629 = DIRECTION('',(-1.,-0.,0.));
#3630 = DEFINITIONAL_REPRESENTATION('',(#3631),#3635);
#3631 = LINE('',#3632,#3633);
#3632 = CARTESIAN_POINT('',(0.,0.));
#3633 = VECTOR('',#3634,1.);
#3634 = DIRECTION('',(0.,1.));
#3635 = ( GEOMETRIC_REPRESENTATION_CONTEXT(2) 
PARAMETRIC_REPRESENTATION_CONTEXT() REPRESENTATION_CONTEXT('2D SPACE',''
  ) );
#3636 = ORIENTED_EDGE('',*,*,#3637,.F.);
#3637 = EDGE_CURVE('',#1649,#3610,#3638,.T.);
#3638 = SURFACE_CURVE('',#3639,(#3643,#3650),.PCURVE_S1.);
#3639 = LINE('',#3640,#3641);
#3640 = CARTESIAN_POINT('',(-350.,-202.5,-4.));
#3641 = VECTOR('',#3642,1.);
#3642 = DIRECTION('',(-0.,-1.,-0.));
#3643 = PCURVE('',#1665,#3644);
#3644 = DEFINITIONAL_REPRESENTATION('',(#3645),#3649);
#3645 = LINE('',#3646,#3647);
#3646 = CARTESIAN_POINT('',(-56.,0.));
#3647 = VECTOR('',#3648,1.);
#3648 = DIRECTION('',(-0.,-1.));
#3649 = ( GEOMETRIC_REPRESENTATION_CONTEXT(2) 
PARAMETRIC_REPRESENTATION_CONTEXT() REPRESENTATION_CONTEXT('2D SPACE',''
  ) );
#3650 = PCURVE('',#2015,#3651);
#3651 = DEFINITIONAL_REPRESENTATION('',(#3652),#3656);
#3652 = LINE('',#3653,#3654);
#3653 = CARTESIAN_POINT('',(-0.,0.));
#3654 = VECTOR('',#3655,1.);
#3655 = DIRECTION('',(-0.,1.));
#3656 = ( GEOMETRIC_REPRESENTATION_CONTEXT(2) 
PARAMETRIC_REPRESENTATION_CONTEXT() REPRESENTATION_CONTEXT('2D SPACE',''
  ) );
#3657 = ADVANCED_FACE('',(#3658),#2015,.T.);
#3658 = FACE_BOUND('',#3659,.F.);
#3659 = EDGE_LOOP('',(#3660,#3661,#3684,#3711));
#3660 = ORIENTED_EDGE('',*,*,#1967,.T.);
#3661 = ORIENTED_EDGE('',*,*,#3662,.T.);
#3662 = EDGE_CURVE('',#1942,#3663,#3665,.T.);
#3663 = VERTEX_POINT('',#3664);
#3664 = CARTESIAN_POINT('',(-326.,-243.5,20.));
#3665 = SURFACE_CURVE('',#3666,(#3670,#3677),.PCURVE_S1.);
#3666 = LINE('',#3667,#3668);
#3667 = CARTESIAN_POINT('',(-326.,-202.5,20.));
#3668 = VECTOR('',#3669,1.);
#3669 = DIRECTION('',(-0.,-1.,-0.));
#3670 = PCURVE('',#2015,#3671);
#3671 = DEFINITIONAL_REPRESENTATION('',(#3672),#3676);
#3672 = LINE('',#3673,#3674);
#3673 = CARTESIAN_POINT('',(-1.570796326795,0.));
#3674 = VECTOR('',#3675,1.);
#3675 = DIRECTION('',(-0.,1.));
#3676 = ( GEOMETRIC_REPRESENTATION_CONTEXT(2) 
PARAMETRIC_REPRESENTATION_CONTEXT() REPRESENTATION_CONTEXT('2D SPACE',''
  ) );
#3677 = PCURVE('',#1956,#3678);
#3678 = DEFINITIONAL_REPRESENTATION('',(#3679),#3683);
#3679 = LINE('',#3680,#3681);
#3680 = CARTESIAN_POINT('',(-24.,-0.));
#3681 = VECTOR('',#3682,1.);
#3682 = DIRECTION('',(-0.,1.));
#3683 = ( GEOMETRIC_REPRESENTATION_CONTEXT(2) 
PARAMETRIC_REPRESENTATION_CONTEXT() REPRESENTATION_CONTEXT('2D SPACE',''
  ) );
#3684 = ORIENTED_EDGE('',*,*,#3685,.F.);
#3685 = EDGE_CURVE('',#3610,#3663,#3686,.T.);
#3686 = SURFACE_CURVE('',#3687,(#3692,#3699),.PCURVE_S1.);
#3687 = CIRCLE('',#3688,24.);
#3688 = AXIS2_PLACEMENT_3D('',#3689,#3690,#3691);
#3689 = CARTESIAN_POINT('',(-326.,-243.5,-4.));
#3690 = DIRECTION('',(0.,1.,0.));
#3691 = DIRECTION('',(-1.,-0.,1.480297366167E-16));
#3692 = PCURVE('',#2015,#3693);
#3693 = DEFINITIONAL_REPRESENTATION('',(#3694),#3698);
#3694 = LINE('',#3695,#3696);
#3695 = CARTESIAN_POINT('',(-0.,41.));
#3696 = VECTOR('',#3697,1.);
#3697 = DIRECTION('',(-1.,0.));
#3698 = ( GEOMETRIC_REPRESENTATION_CONTEXT(2) 
PARAMETRIC_REPRESENTATION_CONTEXT() REPRESENTATION_CONTEXT('2D SPACE',''
  ) );
#3699 = PCURVE('',#3700,#3705);
#3700 = SPHERICAL_SURFACE('',#3701,24.);
#3701 = AXIS2_PLACEMENT_3D('',#3702,#3703,#3704);
#3702 = CARTESIAN_POINT('',(-326.,-243.5,-4.));
#3703 = DIRECTION('',(-0.,1.,-0.));
#3704 = DIRECTION('',(-1.,-0.,1.480297366167E-16));
#3705 = DEFINITIONAL_REPRESENTATION('',(#3706),#3710);
#3706 = LINE('',#3707,#3708);
#3707 = CARTESIAN_POINT('',(0.,0.));
#3708 = VECTOR('',#3709,1.);
#3709 = DIRECTION('',(1.,0.));
#3710 = ( GEOMETRIC_REPRESENTATION_CONTEXT(2) 
PARAMETRIC_REPRESENTATION_CONTEXT() REPRESENTATION_CONTEXT('2D SPACE',''
  ) );
#3711 = ORIENTED_EDGE('',*,*,#3637,.F.);
#3712 = ADVANCED_FACE('',(#3713),#1956,.T.);
#3713 = FACE_BOUND('',#3714,.F.);
#3714 = EDGE_LOOP('',(#3715,#3716,#3717,#3740));
#3715 = ORIENTED_EDGE('',*,*,#3662,.F.);
#3716 = ORIENTED_EDGE('',*,*,#1941,.F.);
#3717 = ORIENTED_EDGE('',*,*,#3718,.T.);
#3718 = EDGE_CURVE('',#1863,#3719,#3721,.T.);
#3719 = VERTEX_POINT('',#3720);
#3720 = CARTESIAN_POINT('',(526.,-243.5,20.));
#3721 = SURFACE_CURVE('',#3722,(#3726,#3733),.PCURVE_S1.);
#3722 = LINE('',#3723,#3724);
#3723 = CARTESIAN_POINT('',(526.,-202.5,20.));
#3724 = VECTOR('',#3725,1.);
#3725 = DIRECTION('',(-0.,-1.,-0.));
#3726 = PCURVE('',#1956,#3727);
#3727 = DEFINITIONAL_REPRESENTATION('',(#3728),#3732);
#3728 = LINE('',#3729,#3730);
#3729 = CARTESIAN_POINT('',(-876.,-0.));
#3730 = VECTOR('',#3731,1.);
#3731 = DIRECTION('',(-0.,1.));
#3732 = ( GEOMETRIC_REPRESENTATION_CONTEXT(2) 
PARAMETRIC_REPRESENTATION_CONTEXT() REPRESENTATION_CONTEXT('2D SPACE',''
  ) );
#3733 = PCURVE('',#1912,#3734);
#3734 = DEFINITIONAL_REPRESENTATION('',(#3735),#3739);
#3735 = LINE('',#3736,#3737);
#3736 = CARTESIAN_POINT('',(1.570796326795,0.));
#3737 = VECTOR('',#3738,1.);
#3738 = DIRECTION('',(0.,1.));
#3739 = ( GEOMETRIC_REPRESENTATION_CONTEXT(2) 
PARAMETRIC_REPRESENTATION_CONTEXT() REPRESENTATION_CONTEXT('2D SPACE',''
  ) );
#3740 = ORIENTED_EDGE('',*,*,#3741,.F.);
#3741 = EDGE_CURVE('',#3663,#3719,#3742,.T.);
#3742 = SURFACE_CURVE('',#3743,(#3747,#3754),.PCURVE_S1.);
#3743 = LINE('',#3744,#3745);
#3744 = CARTESIAN_POINT('',(-350.,-243.5,20.));
#3745 = VECTOR('',#3746,1.);
#3746 = DIRECTION('',(1.,-0.,-0.));
#3747 = PCURVE('',#1956,#3748);
#3748 = DEFINITIONAL_REPRESENTATION('',(#3749),#3753);
#3749 = LINE('',#3750,#3751);
#3750 = CARTESIAN_POINT('',(-0.,41.));
#3751 = VECTOR('',#3752,1.);
#3752 = DIRECTION('',(-1.,-0.));
#3753 = ( GEOMETRIC_REPRESENTATION_CONTEXT(2) 
PARAMETRIC_REPRESENTATION_CONTEXT() REPRESENTATION_CONTEXT('2D SPACE',''
  ) );
#3754 = PCURVE('',#3755,#3760);
#3755 = CYLINDRICAL_SURFACE('',#3756,24.);
#3756 = AXIS2_PLACEMENT_3D('',#3757,#3758,#3759);
#3757 = CARTESIAN_POINT('',(-350.,-243.5,-4.));
#3758 = DIRECTION('',(1.,-0.,-0.));
#3759 = DIRECTION('',(-0.,-1.,-0.));
#3760 = DEFINITIONAL_REPRESENTATION('',(#3761),#3765);
#3761 = LINE('',#3762,#3763);
#3762 = CARTESIAN_POINT('',(-1.570796326795,0.));
#3763 = VECTOR('',#3764,1.);
#3764 = DIRECTION('',(-0.,1.));
#3765 = ( GEOMETRIC_REPRESENTATION_CONTEXT(2) 
PARAMETRIC_REPRESENTATION_CONTEXT() REPRESENTATION_CONTEXT('2D SPACE',''
  ) );
#3766 = ADVANCED_FACE('',(#3767),#1912,.T.);
#3767 = FACE_BOUND('',#3768,.T.);
#3768 = EDGE_LOOP('',(#3769,#3770,#3771,#3800));
#3769 = ORIENTED_EDGE('',*,*,#1862,.T.);
#3770 = ORIENTED_EDGE('',*,*,#3718,.T.);
#3771 = ORIENTED_EDGE('',*,*,#3772,.F.);
#3772 = EDGE_CURVE('',#3773,#3719,#3775,.T.);
#3773 = VERTEX_POINT('',#3774);
#3774 = CARTESIAN_POINT('',(550.,-243.5,-4.));
#3775 = SURFACE_CURVE('',#3776,(#3781,#3788),.PCURVE_S1.);
#3776 = CIRCLE('',#3777,24.);
#3777 = AXIS2_PLACEMENT_3D('',#3778,#3779,#3780);
#3778 = CARTESIAN_POINT('',(526.,-243.5,-4.));
#3779 = DIRECTION('',(0.,-1.,-0.));
#3780 = DIRECTION('',(1.,-0.,1.480297366167E-16));
#3781 = PCURVE('',#1912,#3782);
#3782 = DEFINITIONAL_REPRESENTATION('',(#3783),#3787);
#3783 = LINE('',#3784,#3785);
#3784 = CARTESIAN_POINT('',(0.,41.));
#3785 = VECTOR('',#3786,1.);
#3786 = DIRECTION('',(1.,0.));
#3787 = ( GEOMETRIC_REPRESENTATION_CONTEXT(2) 
PARAMETRIC_REPRESENTATION_CONTEXT() REPRESENTATION_CONTEXT('2D SPACE',''
  ) );
#3788 = PCURVE('',#3789,#3794);
#3789 = SPHERICAL_SURFACE('',#3790,24.);
#3790 = AXIS2_PLACEMENT_3D('',#3791,#3792,#3793);
#3791 = CARTESIAN_POINT('',(526.,-243.5,-4.));
#3792 = DIRECTION('',(-0.,1.,-0.));
#3793 = DIRECTION('',(1.,-0.,1.480297366167E-16));
#3794 = DEFINITIONAL_REPRESENTATION('',(#3795),#3799);
#3795 = LINE('',#3796,#3797);
#3796 = CARTESIAN_POINT('',(-0.,0.));
#3797 = VECTOR('',#3798,1.);
#3798 = DIRECTION('',(-1.,0.));
#3799 = ( GEOMETRIC_REPRESENTATION_CONTEXT(2) 
PARAMETRIC_REPRESENTATION_CONTEXT() REPRESENTATION_CONTEXT('2D SPACE',''
  ) );
#3800 = ORIENTED_EDGE('',*,*,#3801,.F.);
#3801 = EDGE_CURVE('',#1830,#3773,#3802,.T.);
#3802 = SURFACE_CURVE('',#3803,(#3807,#3814),.PCURVE_S1.);
#3803 = LINE('',#3804,#3805);
#3804 = CARTESIAN_POINT('',(550.,-202.5,-4.));
#3805 = VECTOR('',#3806,1.);
#3806 = DIRECTION('',(-0.,-1.,-0.));
#3807 = PCURVE('',#1912,#3808);
#3808 = DEFINITIONAL_REPRESENTATION('',(#3809),#3813);
#3809 = LINE('',#3810,#3811);
#3810 = CARTESIAN_POINT('',(0.,0.));
#3811 = VECTOR('',#3812,1.);
#3812 = DIRECTION('',(0.,1.));
#3813 = ( GEOMETRIC_REPRESENTATION_CONTEXT(2) 
PARAMETRIC_REPRESENTATION_CONTEXT() REPRESENTATION_CONTEXT('2D SPACE',''
  ) );
#3814 = PCURVE('',#1846,#3815);
#3815 = DEFINITIONAL_REPRESENTATION('',(#3816),#3820);
#3816 = LINE('',#3817,#3818);
#3817 = CARTESIAN_POINT('',(-56.,0.));
#3818 = VECTOR('',#3819,1.);
#3819 = DIRECTION('',(-0.,-1.));
#3820 = ( GEOMETRIC_REPRESENTATION_CONTEXT(2) 
PARAMETRIC_REPRESENTATION_CONTEXT() REPRESENTATION_CONTEXT('2D SPACE',''
  ) );
#3821 = ADVANCED_FACE('',(#3822),#1846,.T.);
#3822 = FACE_BOUND('',#3823,.F.);
#3823 = EDGE_LOOP('',(#3824,#3825,#3848,#3874));
#3824 = ORIENTED_EDGE('',*,*,#1829,.F.);
#3825 = ORIENTED_EDGE('',*,*,#3826,.T.);
#3826 = EDGE_CURVE('',#1769,#3827,#3829,.T.);
#3827 = VERTEX_POINT('',#3828);
#3828 = CARTESIAN_POINT('',(550.,-243.5,-36.));
#3829 = SURFACE_CURVE('',#3830,(#3834,#3841),.PCURVE_S1.);
#3830 = LINE('',#3831,#3832);
#3831 = CARTESIAN_POINT('',(550.,-202.5,-36.));
#3832 = VECTOR('',#3833,1.);
#3833 = DIRECTION('',(-0.,-1.,-0.));
#3834 = PCURVE('',#1846,#3835);
#3835 = DEFINITIONAL_REPRESENTATION('',(#3836),#3840);
#3836 = LINE('',#3837,#3838);
#3837 = CARTESIAN_POINT('',(-24.,0.));
#3838 = VECTOR('',#3839,1.);
#3839 = DIRECTION('',(-0.,-1.));
#3840 = ( GEOMETRIC_REPRESENTATION_CONTEXT(2) 
PARAMETRIC_REPRESENTATION_CONTEXT() REPRESENTATION_CONTEXT('2D SPACE',''
  ) );
#3841 = PCURVE('',#1806,#3842);
#3842 = DEFINITIONAL_REPRESENTATION('',(#3843),#3847);
#3843 = LINE('',#3844,#3845);
#3844 = CARTESIAN_POINT('',(-0.,0.));
#3845 = VECTOR('',#3846,1.);
#3846 = DIRECTION('',(-0.,1.));
#3847 = ( GEOMETRIC_REPRESENTATION_CONTEXT(2) 
PARAMETRIC_REPRESENTATION_CONTEXT() REPRESENTATION_CONTEXT('2D SPACE',''
  ) );
#3848 = ORIENTED_EDGE('',*,*,#3849,.T.);
#3849 = EDGE_CURVE('',#3827,#3773,#3850,.T.);
#3850 = SURFACE_CURVE('',#3851,(#3855,#3862),.PCURVE_S1.);
#3851 = LINE('',#3852,#3853);
#3852 = CARTESIAN_POINT('',(550.,-243.5,-60.));
#3853 = VECTOR('',#3854,1.);
#3854 = DIRECTION('',(-0.,-0.,1.));
#3855 = PCURVE('',#1846,#3856);
#3856 = DEFINITIONAL_REPRESENTATION('',(#3857),#3861);
#3857 = LINE('',#3858,#3859);
#3858 = CARTESIAN_POINT('',(-0.,-41.));
#3859 = VECTOR('',#3860,1.);
#3860 = DIRECTION('',(-1.,0.));
#3861 = ( GEOMETRIC_REPRESENTATION_CONTEXT(2) 
PARAMETRIC_REPRESENTATION_CONTEXT() REPRESENTATION_CONTEXT('2D SPACE',''
  ) );
#3862 = PCURVE('',#3863,#3868);
#3863 = CYLINDRICAL_SURFACE('',#3864,24.);
#3864 = AXIS2_PLACEMENT_3D('',#3865,#3866,#3867);
#3865 = CARTESIAN_POINT('',(526.,-243.5,-60.));
#3866 = DIRECTION('',(-0.,-0.,1.));
#3867 = DIRECTION('',(1.,-0.,-0.));
#3868 = DEFINITIONAL_REPRESENTATION('',(#3869),#3873);
#3869 = LINE('',#3870,#3871);
#3870 = CARTESIAN_POINT('',(-0.,0.));
#3871 = VECTOR('',#3872,1.);
#3872 = DIRECTION('',(-0.,1.));
#3873 = ( GEOMETRIC_REPRESENTATION_CONTEXT(2) 
PARAMETRIC_REPRESENTATION_CONTEXT() REPRESENTATION_CONTEXT('2D SPACE',''
  ) );
#3874 = ORIENTED_EDGE('',*,*,#3801,.F.);
#3875 = ADVANCED_FACE('',(#3876),#1806,.T.);
#3876 = FACE_BOUND('',#3877,.F.);
#3877 = EDGE_LOOP('',(#3878,#3879,#3902,#3929));
#3878 = ORIENTED_EDGE('',*,*,#1768,.T.);
#3879 = ORIENTED_EDGE('',*,*,#3880,.T.);
#3880 = EDGE_CURVE('',#1743,#3881,#3883,.T.);
#3881 = VERTEX_POINT('',#3882);
#3882 = CARTESIAN_POINT('',(526.,-243.5,-60.));
#3883 = SURFACE_CURVE('',#3884,(#3888,#3895),.PCURVE_S1.);
#3884 = LINE('',#3885,#3886);
#3885 = CARTESIAN_POINT('',(526.,-202.5,-60.));
#3886 = VECTOR('',#3887,1.);
#3887 = DIRECTION('',(-0.,-1.,-0.));
#3888 = PCURVE('',#1806,#3889);
#3889 = DEFINITIONAL_REPRESENTATION('',(#3890),#3894);
#3890 = LINE('',#3891,#3892);
#3891 = CARTESIAN_POINT('',(-1.570796326795,0.));
#3892 = VECTOR('',#3893,1.);
#3893 = DIRECTION('',(-0.,1.));
#3894 = ( GEOMETRIC_REPRESENTATION_CONTEXT(2) 
PARAMETRIC_REPRESENTATION_CONTEXT() REPRESENTATION_CONTEXT('2D SPACE',''
  ) );
#3895 = PCURVE('',#1757,#3896);
#3896 = DEFINITIONAL_REPRESENTATION('',(#3897),#3901);
#3897 = LINE('',#3898,#3899);
#3898 = CARTESIAN_POINT('',(-876.,-0.));
#3899 = VECTOR('',#3900,1.);
#3900 = DIRECTION('',(-0.,1.));
#3901 = ( GEOMETRIC_REPRESENTATION_CONTEXT(2) 
PARAMETRIC_REPRESENTATION_CONTEXT() REPRESENTATION_CONTEXT('2D SPACE',''
  ) );
#3902 = ORIENTED_EDGE('',*,*,#3903,.T.);
#3903 = EDGE_CURVE('',#3881,#3827,#3904,.T.);
#3904 = SURFACE_CURVE('',#3905,(#3910,#3917),.PCURVE_S1.);
#3905 = CIRCLE('',#3906,24.);
#3906 = AXIS2_PLACEMENT_3D('',#3907,#3908,#3909);
#3907 = CARTESIAN_POINT('',(526.,-243.5,-36.));
#3908 = DIRECTION('',(-1.480297366167E-16,-1.,-0.));
#3909 = DIRECTION('',(1.,-1.480297366167E-16,-0.));
#3910 = PCURVE('',#1806,#3911);
#3911 = DEFINITIONAL_REPRESENTATION('',(#3912),#3916);
#3912 = LINE('',#3913,#3914);
#3913 = CARTESIAN_POINT('',(-6.28318530718,41.));
#3914 = VECTOR('',#3915,1.);
#3915 = DIRECTION('',(1.,-0.));
#3916 = ( GEOMETRIC_REPRESENTATION_CONTEXT(2) 
PARAMETRIC_REPRESENTATION_CONTEXT() REPRESENTATION_CONTEXT('2D SPACE',''
  ) );
#3917 = PCURVE('',#3918,#3923);
#3918 = SPHERICAL_SURFACE('',#3919,24.);
#3919 = AXIS2_PLACEMENT_3D('',#3920,#3921,#3922);
#3920 = CARTESIAN_POINT('',(526.,-243.5,-36.));
#3921 = DIRECTION('',(-0.,-0.,1.));
#3922 = DIRECTION('',(1.,-1.480297366167E-16,-0.));
#3923 = DEFINITIONAL_REPRESENTATION('',(#3924),#3928);
#3924 = LINE('',#3925,#3926);
#3925 = CARTESIAN_POINT('',(-0.,-6.28318530718));
#3926 = VECTOR('',#3927,1.);
#3927 = DIRECTION('',(-0.,1.));
#3928 = ( GEOMETRIC_REPRESENTATION_CONTEXT(2) 
PARAMETRIC_REPRESENTATION_CONTEXT() REPRESENTATION_CONTEXT('2D SPACE',''
  ) );
#3929 = ORIENTED_EDGE('',*,*,#3826,.F.);
#3930 = ADVANCED_FACE('',(#3931),#1757,.F.);
#3931 = FACE_BOUND('',#3932,.T.);
#3932 = EDGE_LOOP('',(#3933,#3956,#3957,#3958));
#3933 = ORIENTED_EDGE('',*,*,#3934,.F.);
#3934 = EDGE_CURVE('',#1682,#3935,#3937,.T.);
#3935 = VERTEX_POINT('',#3936);
#3936 = CARTESIAN_POINT('',(-326.,-243.5,-60.));
#3937 = SURFACE_CURVE('',#3938,(#3942,#3949),.PCURVE_S1.);
#3938 = LINE('',#3939,#3940);
#3939 = CARTESIAN_POINT('',(-326.,-202.5,-60.));
#3940 = VECTOR('',#3941,1.);
#3941 = DIRECTION('',(-0.,-1.,-0.));
#3942 = PCURVE('',#1757,#3943);
#3943 = DEFINITIONAL_REPRESENTATION('',(#3944),#3948);
#3944 = LINE('',#3945,#3946);
#3945 = CARTESIAN_POINT('',(-24.,-0.));
#3946 = VECTOR('',#3947,1.);
#3947 = DIRECTION('',(-0.,1.));
#3948 = ( GEOMETRIC_REPRESENTATION_CONTEXT(2) 
PARAMETRIC_REPRESENTATION_CONTEXT() REPRESENTATION_CONTEXT('2D SPACE',''
  ) );
#3949 = PCURVE('',#1719,#3950);
#3950 = DEFINITIONAL_REPRESENTATION('',(#3951),#3955);
#3951 = LINE('',#3952,#3953);
#3952 = CARTESIAN_POINT('',(1.570796326795,0.));
#3953 = VECTOR('',#3954,1.);
#3954 = DIRECTION('',(0.,1.));
#3955 = ( GEOMETRIC_REPRESENTATION_CONTEXT(2) 
PARAMETRIC_REPRESENTATION_CONTEXT() REPRESENTATION_CONTEXT('2D SPACE',''
  ) );
#3956 = ORIENTED_EDGE('',*,*,#1742,.F.);
#3957 = ORIENTED_EDGE('',*,*,#3880,.T.);
#3958 = ORIENTED_EDGE('',*,*,#3959,.F.);
#3959 = EDGE_CURVE('',#3935,#3881,#3960,.T.);
#3960 = SURFACE_CURVE('',#3961,(#3965,#3972),.PCURVE_S1.);
#3961 = LINE('',#3962,#3963);
#3962 = CARTESIAN_POINT('',(-350.,-243.5,-60.));
#3963 = VECTOR('',#3964,1.);
#3964 = DIRECTION('',(1.,-0.,-0.));
#3965 = PCURVE('',#1757,#3966);
#3966 = DEFINITIONAL_REPRESENTATION('',(#3967),#3971);
#3967 = LINE('',#3968,#3969);
#3968 = CARTESIAN_POINT('',(-0.,41.));
#3969 = VECTOR('',#3970,1.);
#3970 = DIRECTION('',(-1.,-0.));
#3971 = ( GEOMETRIC_REPRESENTATION_CONTEXT(2) 
PARAMETRIC_REPRESENTATION_CONTEXT() REPRESENTATION_CONTEXT('2D SPACE',''
  ) );
#3972 = PCURVE('',#3973,#3978);
#3973 = CYLINDRICAL_SURFACE('',#3974,24.);
#3974 = AXIS2_PLACEMENT_3D('',#3975,#3976,#3977);
#3975 = CARTESIAN_POINT('',(-350.,-243.5,-36.));
#3976 = DIRECTION('',(1.,-0.,-0.));
#3977 = DIRECTION('',(-0.,-1.,-0.));
#3978 = DEFINITIONAL_REPRESENTATION('',(#3979),#3983);
#3979 = LINE('',#3980,#3981);
#3980 = CARTESIAN_POINT('',(1.570796326795,0.));
#3981 = VECTOR('',#3982,1.);
#3982 = DIRECTION('',(0.,1.));
#3983 = ( GEOMETRIC_REPRESENTATION_CONTEXT(2) 
PARAMETRIC_REPRESENTATION_CONTEXT() REPRESENTATION_CONTEXT('2D SPACE',''
  ) );
#3984 = ADVANCED_FACE('',(#3985),#1719,.T.);
#3985 = FACE_BOUND('',#3986,.T.);
#3986 = EDGE_LOOP('',(#3987,#3988,#3989,#4016));
#3987 = ORIENTED_EDGE('',*,*,#1681,.T.);
#3988 = ORIENTED_EDGE('',*,*,#3934,.T.);
#3989 = ORIENTED_EDGE('',*,*,#3990,.T.);
#3990 = EDGE_CURVE('',#3935,#3587,#3991,.T.);
#3991 = SURFACE_CURVE('',#3992,(#3997,#4004),.PCURVE_S1.);
#3992 = CIRCLE('',#3993,24.);
#3993 = AXIS2_PLACEMENT_3D('',#3994,#3995,#3996);
#3994 = CARTESIAN_POINT('',(-326.,-243.5,-36.));
#3995 = DIRECTION('',(-1.480297366167E-16,1.,0.));
#3996 = DIRECTION('',(-1.,-1.480297366167E-16,-0.));
#3997 = PCURVE('',#1719,#3998);
#3998 = DEFINITIONAL_REPRESENTATION('',(#3999),#4003);
#3999 = LINE('',#4000,#4001);
#4000 = CARTESIAN_POINT('',(6.28318530718,41.));
#4001 = VECTOR('',#4002,1.);
#4002 = DIRECTION('',(-1.,-0.));
#4003 = ( GEOMETRIC_REPRESENTATION_CONTEXT(2) 
PARAMETRIC_REPRESENTATION_CONTEXT() REPRESENTATION_CONTEXT('2D SPACE',''
  ) );
#4004 = PCURVE('',#4005,#4010);
#4005 = SPHERICAL_SURFACE('',#4006,24.);
#4006 = AXIS2_PLACEMENT_3D('',#4007,#4008,#4009);
#4007 = CARTESIAN_POINT('',(-326.,-243.5,-36.));
#4008 = DIRECTION('',(-0.,-0.,1.));
#4009 = DIRECTION('',(-1.,-1.480297366167E-16,-0.));
#4010 = DEFINITIONAL_REPRESENTATION('',(#4011),#4015);
#4011 = LINE('',#4012,#4013);
#4012 = CARTESIAN_POINT('',(0.,-6.28318530718));
#4013 = VECTOR('',#4014,1.);
#4014 = DIRECTION('',(0.,1.));
#4015 = ( GEOMETRIC_REPRESENTATION_CONTEXT(2) 
PARAMETRIC_REPRESENTATION_CONTEXT() REPRESENTATION_CONTEXT('2D SPACE',''
  ) );
#4016 = ORIENTED_EDGE('',*,*,#3586,.F.);
#4017 = ADVANCED_FACE('',(#4018),#2115,.T.);
#4018 = FACE_BOUND('',#4019,.T.);
#4019 = EDGE_LOOP('',(#4020,#4021,#4042,#4043));
#4020 = ORIENTED_EDGE('',*,*,#2595,.F.);
#4021 = ORIENTED_EDGE('',*,*,#4022,.T.);
#4022 = EDGE_CURVE('',#2548,#2100,#4023,.T.);
#4023 = SURFACE_CURVE('',#4024,(#4028,#4035),.PCURVE_S1.);
#4024 = LINE('',#4025,#4026);
#4025 = CARTESIAN_POINT('',(-1.125E+03,525.,-22.5));
#4026 = VECTOR('',#4027,1.);
#4027 = DIRECTION('',(0.,0.,1.));
#4028 = PCURVE('',#2115,#4029);
#4029 = DEFINITIONAL_REPRESENTATION('',(#4030),#4034);
#4030 = LINE('',#4031,#4032);
#4031 = CARTESIAN_POINT('',(0.,0.));
#4032 = VECTOR('',#4033,1.);
#4033 = DIRECTION('',(1.,0.));
#4034 = ( GEOMETRIC_REPRESENTATION_CONTEXT(2) 
PARAMETRIC_REPRESENTATION_CONTEXT() REPRESENTATION_CONTEXT('2D SPACE',''
  ) );
#4035 = PCURVE('',#2141,#4036);
#4036 = DEFINITIONAL_REPRESENTATION('',(#4037),#4041);
#4037 = LINE('',#4038,#4039);
#4038 = CARTESIAN_POINT('',(0.,-1.05E+03));
#4039 = VECTOR('',#4040,1.);
#4040 = DIRECTION('',(1.,0.));
#4041 = ( GEOMETRIC_REPRESENTATION_CONTEXT(2) 
PARAMETRIC_REPRESENTATION_CONTEXT() REPRESENTATION_CONTEXT('2D SPACE',''
  ) );
#4042 = ORIENTED_EDGE('',*,*,#2099,.T.);
#4043 = ORIENTED_EDGE('',*,*,#2622,.F.);
#4044 = ADVANCED_FACE('',(#4045),#2141,.F.);
#4045 = FACE_BOUND('',#4046,.F.);
#4046 = EDGE_LOOP('',(#4047,#4048,#4049,#4050));
#4047 = ORIENTED_EDGE('',*,*,#2181,.F.);
#4048 = ORIENTED_EDGE('',*,*,#2547,.T.);
#4049 = ORIENTED_EDGE('',*,*,#4022,.T.);
#4050 = ORIENTED_EDGE('',*,*,#2127,.T.);
#4051 = ADVANCED_FACE('',(#4052),#2334,.T.);
#4052 = FACE_BOUND('',#4053,.F.);
#4053 = EDGE_LOOP('',(#4054,#4083,#4104,#4105,#4106));
#4054 = ORIENTED_EDGE('',*,*,#4055,.F.);
#4055 = EDGE_CURVE('',#4056,#4056,#4058,.T.);
#4056 = VERTEX_POINT('',#4057);
#4057 = CARTESIAN_POINT('',(-1.57E+03,45.,0.));
#4058 = SURFACE_CURVE('',#4059,(#4064,#4071),.PCURVE_S1.);
#4059 = CIRCLE('',#4060,45.);
#4060 = AXIS2_PLACEMENT_3D('',#4061,#4062,#4063);
#4061 = CARTESIAN_POINT('',(-1.57E+03,0.,0.));
#4062 = DIRECTION('',(1.,0.,0.));
#4063 = DIRECTION('',(0.,1.,0.));
#4064 = PCURVE('',#2334,#4065);
#4065 = DEFINITIONAL_REPRESENTATION('',(#4066),#4070);
#4066 = LINE('',#4067,#4068);
#4067 = CARTESIAN_POINT('',(-0.,0.));
#4068 = VECTOR('',#4069,1.);
#4069 = DIRECTION('',(-1.,0.));
#4070 = ( GEOMETRIC_REPRESENTATION_CONTEXT(2) 
PARAMETRIC_REPRESENTATION_CONTEXT() REPRESENTATION_CONTEXT('2D SPACE',''
  ) );
#4071 = PCURVE('',#4072,#4077);
#4072 = PLANE('',#4073);
#4073 = AXIS2_PLACEMENT_3D('',#4074,#4075,#4076);
#4074 = CARTESIAN_POINT('',(-1.57E+03,-3.889607488112E-15,
    2.052637289391E-15));
#4075 = DIRECTION('',(1.,0.,0.));
#4076 = DIRECTION('',(-0.,0.,1.));
#4077 = DEFINITIONAL_REPRESENTATION('',(#4078),#4082);
#4078 = CIRCLE('',#4079,45.);
#4079 = AXIS2_PLACEMENT_2D('',#4080,#4081);
#4080 = CARTESIAN_POINT('',(-2.052637289391E-15,-3.889607488112E-15));
#4081 = DIRECTION('',(0.,-1.));
#4082 = ( GEOMETRIC_REPRESENTATION_CONTEXT(2) 
PARAMETRIC_REPRESENTATION_CONTEXT() REPRESENTATION_CONTEXT('2D SPACE',''
  ) );
#4083 = ORIENTED_EDGE('',*,*,#4084,.T.);
#4084 = EDGE_CURVE('',#4056,#2318,#4085,.T.);
#4085 = SEAM_CURVE('',#4086,(#4090,#4097),.PCURVE_S1.);
#4086 = LINE('',#4087,#4088);
#4087 = CARTESIAN_POINT('',(-1.57E+03,45.,0.));
#4088 = VECTOR('',#4089,1.);
#4089 = DIRECTION('',(1.,0.,0.));
#4090 = PCURVE('',#2334,#4091);
#4091 = DEFINITIONAL_REPRESENTATION('',(#4092),#4096);
#4092 = LINE('',#4093,#4094);
#4093 = CARTESIAN_POINT('',(-6.28318530718,0.));
#4094 = VECTOR('',#4095,1.);
#4095 = DIRECTION('',(-0.,-1.));
#4096 = ( GEOMETRIC_REPRESENTATION_CONTEXT(2) 
PARAMETRIC_REPRESENTATION_CONTEXT() REPRESENTATION_CONTEXT('2D SPACE',''
  ) );
#4097 = PCURVE('',#2334,#4098);
#4098 = DEFINITIONAL_REPRESENTATION('',(#4099),#4103);
#4099 = LINE('',#4100,#4101);
#4100 = CARTESIAN_POINT('',(-0.,0.));
#4101 = VECTOR('',#4102,1.);
#4102 = DIRECTION('',(-0.,-1.));
#4103 = ( GEOMETRIC_REPRESENTATION_CONTEXT(2) 
PARAMETRIC_REPRESENTATION_CONTEXT() REPRESENTATION_CONTEXT('2D SPACE',''
  ) );
#4104 = ORIENTED_EDGE('',*,*,#2346,.F.);
#4105 = ORIENTED_EDGE('',*,*,#2317,.F.);
#4106 = ORIENTED_EDGE('',*,*,#4084,.F.);
#4107 = ADVANCED_FACE('',(#4108),#2277,.F.);
#4108 = FACE_BOUND('',#4109,.F.);
#4109 = EDGE_LOOP('',(#4110,#4111,#4132,#4133));
#4110 = ORIENTED_EDGE('',*,*,#2371,.T.);
#4111 = ORIENTED_EDGE('',*,*,#4112,.F.);
#4112 = EDGE_CURVE('',#2498,#2372,#4113,.T.);
#4113 = SURFACE_CURVE('',#4114,(#4118,#4125),.PCURVE_S1.);
#4114 = LINE('',#4115,#4116);
#4115 = CARTESIAN_POINT('',(-1.125E+03,-525.,-22.5));
#4116 = VECTOR('',#4117,1.);
#4117 = DIRECTION('',(0.,0.,1.));
#4118 = PCURVE('',#2277,#4119);
#4119 = DEFINITIONAL_REPRESENTATION('',(#4120),#4124);
#4120 = LINE('',#4121,#4122);
#4121 = CARTESIAN_POINT('',(0.,0.));
#4122 = VECTOR('',#4123,1.);
#4123 = DIRECTION('',(1.,0.));
#4124 = ( GEOMETRIC_REPRESENTATION_CONTEXT(2) 
PARAMETRIC_REPRESENTATION_CONTEXT() REPRESENTATION_CONTEXT('2D SPACE',''
  ) );
#4125 = PCURVE('',#2410,#4126);
#4126 = DEFINITIONAL_REPRESENTATION('',(#4127),#4131);
#4127 = LINE('',#4128,#4129);
#4128 = CARTESIAN_POINT('',(0.,0.));
#4129 = VECTOR('',#4130,1.);
#4130 = DIRECTION('',(1.,0.));
#4131 = ( GEOMETRIC_REPRESENTATION_CONTEXT(2) 
PARAMETRIC_REPRESENTATION_CONTEXT() REPRESENTATION_CONTEXT('2D SPACE',''
  ) );
#4132 = ORIENTED_EDGE('',*,*,#2497,.T.);
#4133 = ORIENTED_EDGE('',*,*,#2260,.F.);
#4134 = ADVANCED_FACE('',(#4135),#2410,.F.);
#4135 = FACE_BOUND('',#4136,.F.);
#4136 = EDGE_LOOP('',(#4137,#4138,#4139,#4140));
#4137 = ORIENTED_EDGE('',*,*,#2520,.F.);
#4138 = ORIENTED_EDGE('',*,*,#4112,.T.);
#4139 = ORIENTED_EDGE('',*,*,#2394,.T.);
#4140 = ORIENTED_EDGE('',*,*,#2449,.F.);
#4141 = ADVANCED_FACE('',(#4142),#2688,.T.);
#4142 = FACE_BOUND('',#4143,.F.);
#4143 = EDGE_LOOP('',(#4144,#4168,#4190));
#4144 = ORIENTED_EDGE('',*,*,#4145,.F.);
#4145 = EDGE_CURVE('',#4146,#2672,#4148,.T.);
#4146 = VERTEX_POINT('',#4147);
#4147 = CARTESIAN_POINT('',(-326.,267.5,-4.));
#4148 = SURFACE_CURVE('',#4149,(#4154,#4161),.PCURVE_S1.);
#4149 = CIRCLE('',#4150,24.);
#4150 = AXIS2_PLACEMENT_3D('',#4151,#4152,#4153);
#4151 = CARTESIAN_POINT('',(-326.,243.5,-4.));
#4152 = DIRECTION('',(1.480297366167E-16,0.,1.));
#4153 = DIRECTION('',(-1.,0.,1.480297366167E-16));
#4154 = PCURVE('',#2688,#4155);
#4155 = DEFINITIONAL_REPRESENTATION('',(#4156),#4160);
#4156 = LINE('',#4157,#4158);
#4157 = CARTESIAN_POINT('',(-0.,-6.28318530718));
#4158 = VECTOR('',#4159,1.);
#4159 = DIRECTION('',(-0.,1.));
#4160 = ( GEOMETRIC_REPRESENTATION_CONTEXT(2) 
PARAMETRIC_REPRESENTATION_CONTEXT() REPRESENTATION_CONTEXT('2D SPACE',''
  ) );
#4161 = PCURVE('',#2763,#4162);
#4162 = DEFINITIONAL_REPRESENTATION('',(#4163),#4167);
#4163 = LINE('',#4164,#4165);
#4164 = CARTESIAN_POINT('',(-6.28318530718,56.));
#4165 = VECTOR('',#4166,1.);
#4166 = DIRECTION('',(1.,-0.));
#4167 = ( GEOMETRIC_REPRESENTATION_CONTEXT(2) 
PARAMETRIC_REPRESENTATION_CONTEXT() REPRESENTATION_CONTEXT('2D SPACE',''
  ) );
#4168 = ORIENTED_EDGE('',*,*,#4169,.T.);
#4169 = EDGE_CURVE('',#4146,#2649,#4170,.T.);
#4170 = SURFACE_CURVE('',#4171,(#4176,#4183),.PCURVE_S1.);
#4171 = CIRCLE('',#4172,24.);
#4172 = AXIS2_PLACEMENT_3D('',#4173,#4174,#4175);
#4173 = CARTESIAN_POINT('',(-326.,243.5,-4.));
#4174 = DIRECTION('',(1.,0.,-8.679739665932E-17));
#4175 = DIRECTION('',(8.679739665932E-17,0.,1.));
#4176 = PCURVE('',#2688,#4177);
#4177 = DEFINITIONAL_REPRESENTATION('',(#4178),#4182);
#4178 = LINE('',#4179,#4180);
#4179 = CARTESIAN_POINT('',(-1.570796326795,-6.28318530718));
#4180 = VECTOR('',#4181,1.);
#4181 = DIRECTION('',(-0.,1.));
#4182 = ( GEOMETRIC_REPRESENTATION_CONTEXT(2) 
PARAMETRIC_REPRESENTATION_CONTEXT() REPRESENTATION_CONTEXT('2D SPACE',''
  ) );
#4183 = PCURVE('',#3126,#4184);
#4184 = DEFINITIONAL_REPRESENTATION('',(#4185),#4189);
#4185 = LINE('',#4186,#4187);
#4186 = CARTESIAN_POINT('',(-4.712388980385,24.));
#4187 = VECTOR('',#4188,1.);
#4188 = DIRECTION('',(1.,0.));
#4189 = ( GEOMETRIC_REPRESENTATION_CONTEXT(2) 
PARAMETRIC_REPRESENTATION_CONTEXT() REPRESENTATION_CONTEXT('2D SPACE',''
  ) );
#4190 = ORIENTED_EDGE('',*,*,#2671,.F.);
#4191 = ADVANCED_FACE('',(#4192),#2763,.T.);
#4192 = FACE_BOUND('',#4193,.F.);
#4193 = EDGE_LOOP('',(#4194,#4195,#4219,#4245));
#4194 = ORIENTED_EDGE('',*,*,#2749,.F.);
#4195 = ORIENTED_EDGE('',*,*,#4196,.T.);
#4196 = EDGE_CURVE('',#2727,#4197,#4199,.T.);
#4197 = VERTEX_POINT('',#4198);
#4198 = CARTESIAN_POINT('',(-326.,267.5,-36.));
#4199 = SURFACE_CURVE('',#4200,(#4205,#4212),.PCURVE_S1.);
#4200 = CIRCLE('',#4201,24.);
#4201 = AXIS2_PLACEMENT_3D('',#4202,#4203,#4204);
#4202 = CARTESIAN_POINT('',(-326.,243.5,-36.));
#4203 = DIRECTION('',(-0.,0.,-1.));
#4204 = DIRECTION('',(-1.,1.480297366167E-16,0.));
#4205 = PCURVE('',#2763,#4206);
#4206 = DEFINITIONAL_REPRESENTATION('',(#4207),#4211);
#4207 = LINE('',#4208,#4209);
#4208 = CARTESIAN_POINT('',(-0.,24.));
#4209 = VECTOR('',#4210,1.);
#4210 = DIRECTION('',(-1.,0.));
#4211 = ( GEOMETRIC_REPRESENTATION_CONTEXT(2) 
PARAMETRIC_REPRESENTATION_CONTEXT() REPRESENTATION_CONTEXT('2D SPACE',''
  ) );
#4212 = PCURVE('',#2818,#4213);
#4213 = DEFINITIONAL_REPRESENTATION('',(#4214),#4218);
#4214 = LINE('',#4215,#4216);
#4215 = CARTESIAN_POINT('',(-0.,0.));
#4216 = VECTOR('',#4217,1.);
#4217 = DIRECTION('',(-1.,0.));
#4218 = ( GEOMETRIC_REPRESENTATION_CONTEXT(2) 
PARAMETRIC_REPRESENTATION_CONTEXT() REPRESENTATION_CONTEXT('2D SPACE',''
  ) );
#4219 = ORIENTED_EDGE('',*,*,#4220,.T.);
#4220 = EDGE_CURVE('',#4197,#4146,#4221,.T.);
#4221 = SURFACE_CURVE('',#4222,(#4226,#4233),.PCURVE_S1.);
#4222 = LINE('',#4223,#4224);
#4223 = CARTESIAN_POINT('',(-326.,267.5,-60.));
#4224 = VECTOR('',#4225,1.);
#4225 = DIRECTION('',(0.,0.,1.));
#4226 = PCURVE('',#2763,#4227);
#4227 = DEFINITIONAL_REPRESENTATION('',(#4228),#4232);
#4228 = LINE('',#4229,#4230);
#4229 = CARTESIAN_POINT('',(-1.570796326795,0.));
#4230 = VECTOR('',#4231,1.);
#4231 = DIRECTION('',(-0.,1.));
#4232 = ( GEOMETRIC_REPRESENTATION_CONTEXT(2) 
PARAMETRIC_REPRESENTATION_CONTEXT() REPRESENTATION_CONTEXT('2D SPACE',''
  ) );
#4233 = PCURVE('',#4234,#4239);
#4234 = PLANE('',#4235);
#4235 = AXIS2_PLACEMENT_3D('',#4236,#4237,#4238);
#4236 = CARTESIAN_POINT('',(-350.,267.5,-60.));
#4237 = DIRECTION('',(0.,1.,0.));
#4238 = DIRECTION('',(0.,0.,1.));
#4239 = DEFINITIONAL_REPRESENTATION('',(#4240),#4244);
#4240 = LINE('',#4241,#4242);
#4241 = CARTESIAN_POINT('',(0.,24.));
#4242 = VECTOR('',#4243,1.);
#4243 = DIRECTION('',(1.,0.));
#4244 = ( GEOMETRIC_REPRESENTATION_CONTEXT(2) 
PARAMETRIC_REPRESENTATION_CONTEXT() REPRESENTATION_CONTEXT('2D SPACE',''
  ) );
#4245 = ORIENTED_EDGE('',*,*,#4145,.T.);
#4246 = ADVANCED_FACE('',(#4247),#2818,.T.);
#4247 = FACE_BOUND('',#4248,.F.);
#4248 = EDGE_LOOP('',(#4249,#4250,#4272));
#4249 = ORIENTED_EDGE('',*,*,#2803,.F.);
#4250 = ORIENTED_EDGE('',*,*,#4251,.T.);
#4251 = EDGE_CURVE('',#2781,#4197,#4252,.T.);
#4252 = SURFACE_CURVE('',#4253,(#4258,#4265),.PCURVE_S1.);
#4253 = CIRCLE('',#4254,24.);
#4254 = AXIS2_PLACEMENT_3D('',#4255,#4256,#4257);
#4255 = CARTESIAN_POINT('',(-326.,243.5,-36.));
#4256 = DIRECTION('',(1.,-8.679739665932E-17,0.));
#4257 = DIRECTION('',(8.679739665932E-17,1.,0.));
#4258 = PCURVE('',#2818,#4259);
#4259 = DEFINITIONAL_REPRESENTATION('',(#4260),#4264);
#4260 = LINE('',#4261,#4262);
#4261 = CARTESIAN_POINT('',(-1.570796326795,-6.28318530718));
#4262 = VECTOR('',#4263,1.);
#4263 = DIRECTION('',(-0.,1.));
#4264 = ( GEOMETRIC_REPRESENTATION_CONTEXT(2) 
PARAMETRIC_REPRESENTATION_CONTEXT() REPRESENTATION_CONTEXT('2D SPACE',''
  ) );
#4265 = PCURVE('',#2873,#4266);
#4266 = DEFINITIONAL_REPRESENTATION('',(#4267),#4271);
#4267 = LINE('',#4268,#4269);
#4268 = CARTESIAN_POINT('',(-6.28318530718,24.));
#4269 = VECTOR('',#4270,1.);
#4270 = DIRECTION('',(1.,-0.));
#4271 = ( GEOMETRIC_REPRESENTATION_CONTEXT(2) 
PARAMETRIC_REPRESENTATION_CONTEXT() REPRESENTATION_CONTEXT('2D SPACE',''
  ) );
#4272 = ORIENTED_EDGE('',*,*,#4196,.F.);
#4273 = ADVANCED_FACE('',(#4274),#2873,.T.);
#4274 = FACE_BOUND('',#4275,.F.);
#4275 = EDGE_LOOP('',(#4276,#4277,#4278,#4302));
#4276 = ORIENTED_EDGE('',*,*,#4251,.F.);
#4277 = ORIENTED_EDGE('',*,*,#2859,.T.);
#4278 = ORIENTED_EDGE('',*,*,#4279,.T.);
#4279 = EDGE_CURVE('',#2837,#4280,#4282,.T.);
#4280 = VERTEX_POINT('',#4281);
#4281 = CARTESIAN_POINT('',(526.,267.5,-36.));
#4282 = SURFACE_CURVE('',#4283,(#4288,#4295),.PCURVE_S1.);
#4283 = CIRCLE('',#4284,24.);
#4284 = AXIS2_PLACEMENT_3D('',#4285,#4286,#4287);
#4285 = CARTESIAN_POINT('',(526.,243.5,-36.));
#4286 = DIRECTION('',(1.,8.679739665932E-17,-0.));
#4287 = DIRECTION('',(-8.679739665932E-17,1.,0.));
#4288 = PCURVE('',#2873,#4289);
#4289 = DEFINITIONAL_REPRESENTATION('',(#4290),#4294);
#4290 = LINE('',#4291,#4292);
#4291 = CARTESIAN_POINT('',(-6.28318530718,876.));
#4292 = VECTOR('',#4293,1.);
#4293 = DIRECTION('',(1.,-0.));
#4294 = ( GEOMETRIC_REPRESENTATION_CONTEXT(2) 
PARAMETRIC_REPRESENTATION_CONTEXT() REPRESENTATION_CONTEXT('2D SPACE',''
  ) );
#4295 = PCURVE('',#2907,#4296);
#4296 = DEFINITIONAL_REPRESENTATION('',(#4297),#4301);
#4297 = LINE('',#4298,#4299);
#4298 = CARTESIAN_POINT('',(1.570796326795,-6.28318530718));
#4299 = VECTOR('',#4300,1.);
#4300 = DIRECTION('',(0.,1.));
#4301 = ( GEOMETRIC_REPRESENTATION_CONTEXT(2) 
PARAMETRIC_REPRESENTATION_CONTEXT() REPRESENTATION_CONTEXT('2D SPACE',''
  ) );
#4302 = ORIENTED_EDGE('',*,*,#4303,.F.);
#4303 = EDGE_CURVE('',#4197,#4280,#4304,.T.);
#4304 = SURFACE_CURVE('',#4305,(#4309,#4316),.PCURVE_S1.);
#4305 = LINE('',#4306,#4307);
#4306 = CARTESIAN_POINT('',(-350.,267.5,-36.));
#4307 = VECTOR('',#4308,1.);
#4308 = DIRECTION('',(1.,0.,0.));
#4309 = PCURVE('',#2873,#4310);
#4310 = DEFINITIONAL_REPRESENTATION('',(#4311),#4315);
#4311 = LINE('',#4312,#4313);
#4312 = CARTESIAN_POINT('',(-0.,0.));
#4313 = VECTOR('',#4314,1.);
#4314 = DIRECTION('',(-0.,1.));
#4315 = ( GEOMETRIC_REPRESENTATION_CONTEXT(2) 
PARAMETRIC_REPRESENTATION_CONTEXT() REPRESENTATION_CONTEXT('2D SPACE',''
  ) );
#4316 = PCURVE('',#4234,#4317);
#4317 = DEFINITIONAL_REPRESENTATION('',(#4318),#4322);
#4318 = LINE('',#4319,#4320);
#4319 = CARTESIAN_POINT('',(24.,0.));
#4320 = VECTOR('',#4321,1.);
#4321 = DIRECTION('',(0.,1.));
#4322 = ( GEOMETRIC_REPRESENTATION_CONTEXT(2) 
PARAMETRIC_REPRESENTATION_CONTEXT() REPRESENTATION_CONTEXT('2D SPACE',''
  ) );
#4323 = ADVANCED_FACE('',(#4324),#2907,.T.);
#4324 = FACE_BOUND('',#4325,.T.);
#4325 = EDGE_LOOP('',(#4326,#4327,#4328));
#4326 = ORIENTED_EDGE('',*,*,#2890,.F.);
#4327 = ORIENTED_EDGE('',*,*,#4279,.T.);
#4328 = ORIENTED_EDGE('',*,*,#4329,.F.);
#4329 = EDGE_CURVE('',#2891,#4280,#4330,.T.);
#4330 = SURFACE_CURVE('',#4331,(#4336,#4343),.PCURVE_S1.);
#4331 = CIRCLE('',#4332,24.);
#4332 = AXIS2_PLACEMENT_3D('',#4333,#4334,#4335);
#4333 = CARTESIAN_POINT('',(526.,243.5,-36.));
#4334 = DIRECTION('',(0.,0.,1.));
#4335 = DIRECTION('',(1.,1.480297366167E-16,-0.));
#4336 = PCURVE('',#2907,#4337);
#4337 = DEFINITIONAL_REPRESENTATION('',(#4338),#4342);
#4338 = LINE('',#4339,#4340);
#4339 = CARTESIAN_POINT('',(0.,0.));
#4340 = VECTOR('',#4341,1.);
#4341 = DIRECTION('',(1.,0.));
#4342 = ( GEOMETRIC_REPRESENTATION_CONTEXT(2) 
PARAMETRIC_REPRESENTATION_CONTEXT() REPRESENTATION_CONTEXT('2D SPACE',''
  ) );
#4343 = PCURVE('',#2961,#4344);
#4344 = DEFINITIONAL_REPRESENTATION('',(#4345),#4349);
#4345 = LINE('',#4346,#4347);
#4346 = CARTESIAN_POINT('',(0.,24.));
#4347 = VECTOR('',#4348,1.);
#4348 = DIRECTION('',(1.,0.));
#4349 = ( GEOMETRIC_REPRESENTATION_CONTEXT(2) 
PARAMETRIC_REPRESENTATION_CONTEXT() REPRESENTATION_CONTEXT('2D SPACE',''
  ) );
#4350 = ADVANCED_FACE('',(#4351),#2961,.T.);
#4351 = FACE_BOUND('',#4352,.T.);
#4352 = EDGE_LOOP('',(#4353,#4354,#4355,#4378));
#4353 = ORIENTED_EDGE('',*,*,#2945,.F.);
#4354 = ORIENTED_EDGE('',*,*,#4329,.T.);
#4355 = ORIENTED_EDGE('',*,*,#4356,.T.);
#4356 = EDGE_CURVE('',#4280,#4357,#4359,.T.);
#4357 = VERTEX_POINT('',#4358);
#4358 = CARTESIAN_POINT('',(526.,267.5,-4.));
#4359 = SURFACE_CURVE('',#4360,(#4364,#4371),.PCURVE_S1.);
#4360 = LINE('',#4361,#4362);
#4361 = CARTESIAN_POINT('',(526.,267.5,-60.));
#4362 = VECTOR('',#4363,1.);
#4363 = DIRECTION('',(0.,0.,1.));
#4364 = PCURVE('',#2961,#4365);
#4365 = DEFINITIONAL_REPRESENTATION('',(#4366),#4370);
#4366 = LINE('',#4367,#4368);
#4367 = CARTESIAN_POINT('',(1.570796326795,0.));
#4368 = VECTOR('',#4369,1.);
#4369 = DIRECTION('',(0.,1.));
#4370 = ( GEOMETRIC_REPRESENTATION_CONTEXT(2) 
PARAMETRIC_REPRESENTATION_CONTEXT() REPRESENTATION_CONTEXT('2D SPACE',''
  ) );
#4371 = PCURVE('',#4234,#4372);
#4372 = DEFINITIONAL_REPRESENTATION('',(#4373),#4377);
#4373 = LINE('',#4374,#4375);
#4374 = CARTESIAN_POINT('',(0.,876.));
#4375 = VECTOR('',#4376,1.);
#4376 = DIRECTION('',(1.,0.));
#4377 = ( GEOMETRIC_REPRESENTATION_CONTEXT(2) 
PARAMETRIC_REPRESENTATION_CONTEXT() REPRESENTATION_CONTEXT('2D SPACE',''
  ) );
#4378 = ORIENTED_EDGE('',*,*,#4379,.T.);
#4379 = EDGE_CURVE('',#4357,#2946,#4380,.T.);
#4380 = SURFACE_CURVE('',#4381,(#4386,#4393),.PCURVE_S1.);
#4381 = CIRCLE('',#4382,24.);
#4382 = AXIS2_PLACEMENT_3D('',#4383,#4384,#4385);
#4383 = CARTESIAN_POINT('',(526.,243.5,-4.));
#4384 = DIRECTION('',(1.480297366167E-16,0.,-1.));
#4385 = DIRECTION('',(1.,0.,1.480297366167E-16));
#4386 = PCURVE('',#2961,#4387);
#4387 = DEFINITIONAL_REPRESENTATION('',(#4388),#4392);
#4388 = LINE('',#4389,#4390);
#4389 = CARTESIAN_POINT('',(6.28318530718,56.));
#4390 = VECTOR('',#4391,1.);
#4391 = DIRECTION('',(-1.,-0.));
#4392 = ( GEOMETRIC_REPRESENTATION_CONTEXT(2) 
PARAMETRIC_REPRESENTATION_CONTEXT() REPRESENTATION_CONTEXT('2D SPACE',''
  ) );
#4393 = PCURVE('',#3036,#4394);
#4394 = DEFINITIONAL_REPRESENTATION('',(#4395),#4399);
#4395 = LINE('',#4396,#4397);
#4396 = CARTESIAN_POINT('',(0.,-6.28318530718));
#4397 = VECTOR('',#4398,1.);
#4398 = DIRECTION('',(0.,1.));
#4399 = ( GEOMETRIC_REPRESENTATION_CONTEXT(2) 
PARAMETRIC_REPRESENTATION_CONTEXT() REPRESENTATION_CONTEXT('2D SPACE',''
  ) );
#4400 = ADVANCED_FACE('',(#4401),#3036,.T.);
#4401 = FACE_BOUND('',#4402,.T.);
#4402 = EDGE_LOOP('',(#4403,#4404,#4426));
#4403 = ORIENTED_EDGE('',*,*,#4379,.F.);
#4404 = ORIENTED_EDGE('',*,*,#4405,.T.);
#4405 = EDGE_CURVE('',#4357,#2999,#4406,.T.);
#4406 = SURFACE_CURVE('',#4407,(#4412,#4419),.PCURVE_S1.);
#4407 = CIRCLE('',#4408,24.);
#4408 = AXIS2_PLACEMENT_3D('',#4409,#4410,#4411);
#4409 = CARTESIAN_POINT('',(526.,243.5,-4.));
#4410 = DIRECTION('',(1.,0.,8.679739665932E-17));
#4411 = DIRECTION('',(-8.679739665932E-17,0.,1.));
#4412 = PCURVE('',#3036,#4413);
#4413 = DEFINITIONAL_REPRESENTATION('',(#4414),#4418);
#4414 = LINE('',#4415,#4416);
#4415 = CARTESIAN_POINT('',(1.570796326795,-6.28318530718));
#4416 = VECTOR('',#4417,1.);
#4417 = DIRECTION('',(0.,1.));
#4418 = ( GEOMETRIC_REPRESENTATION_CONTEXT(2) 
PARAMETRIC_REPRESENTATION_CONTEXT() REPRESENTATION_CONTEXT('2D SPACE',''
  ) );
#4419 = PCURVE('',#3126,#4420);
#4420 = DEFINITIONAL_REPRESENTATION('',(#4421),#4425);
#4421 = LINE('',#4422,#4423);
#4422 = CARTESIAN_POINT('',(-4.712388980385,876.));
#4423 = VECTOR('',#4424,1.);
#4424 = DIRECTION('',(1.,0.));
#4425 = ( GEOMETRIC_REPRESENTATION_CONTEXT(2) 
PARAMETRIC_REPRESENTATION_CONTEXT() REPRESENTATION_CONTEXT('2D SPACE',''
  ) );
#4426 = ORIENTED_EDGE('',*,*,#3021,.F.);
#4427 = ADVANCED_FACE('',(#4428),#3091,.T.);
#4428 = FACE_BOUND('',#4429,.T.);
#4429 = EDGE_LOOP('',(#4430));
#4430 = ORIENTED_EDGE('',*,*,#3076,.T.);
#4431 = ADVANCED_FACE('',(#4432),#3126,.T.);
#4432 = FACE_BOUND('',#4433,.T.);
#4433 = EDGE_LOOP('',(#4434,#4435,#4436,#4437));
#4434 = ORIENTED_EDGE('',*,*,#4169,.T.);
#4435 = ORIENTED_EDGE('',*,*,#3112,.T.);
#4436 = ORIENTED_EDGE('',*,*,#4405,.F.);
#4437 = ORIENTED_EDGE('',*,*,#4438,.F.);
#4438 = EDGE_CURVE('',#4146,#4357,#4439,.T.);
#4439 = SURFACE_CURVE('',#4440,(#4444,#4451),.PCURVE_S1.);
#4440 = LINE('',#4441,#4442);
#4441 = CARTESIAN_POINT('',(-350.,267.5,-4.));
#4442 = VECTOR('',#4443,1.);
#4443 = DIRECTION('',(1.,0.,0.));
#4444 = PCURVE('',#3126,#4445);
#4445 = DEFINITIONAL_REPRESENTATION('',(#4446),#4450);
#4446 = LINE('',#4447,#4448);
#4447 = CARTESIAN_POINT('',(0.,0.));
#4448 = VECTOR('',#4449,1.);
#4449 = DIRECTION('',(0.,1.));
#4450 = ( GEOMETRIC_REPRESENTATION_CONTEXT(2) 
PARAMETRIC_REPRESENTATION_CONTEXT() REPRESENTATION_CONTEXT('2D SPACE',''
  ) );
#4451 = PCURVE('',#4234,#4452);
#4452 = DEFINITIONAL_REPRESENTATION('',(#4453),#4457);
#4453 = LINE('',#4454,#4455);
#4454 = CARTESIAN_POINT('',(56.,0.));
#4455 = VECTOR('',#4456,1.);
#4456 = DIRECTION('',(0.,1.));
#4457 = ( GEOMETRIC_REPRESENTATION_CONTEXT(2) 
PARAMETRIC_REPRESENTATION_CONTEXT() REPRESENTATION_CONTEXT('2D SPACE',''
  ) );
#4458 = ADVANCED_FACE('',(#4459),#3205,.T.);
#4459 = FACE_BOUND('',#4460,.T.);
#4460 = EDGE_LOOP('',(#4461,#4484,#4513,#4534));
#4461 = ORIENTED_EDGE('',*,*,#4462,.F.);
#4462 = EDGE_CURVE('',#4463,#3142,#4465,.T.);
#4463 = VERTEX_POINT('',#4464);
#4464 = CARTESIAN_POINT('',(120.,-65.,-270.));
#4465 = SURFACE_CURVE('',#4466,(#4470,#4477),.PCURVE_S1.);
#4466 = LINE('',#4467,#4468);
#4467 = CARTESIAN_POINT('',(120.,-65.,-295.));
#4468 = VECTOR('',#4469,1.);
#4469 = DIRECTION('',(0.,0.,1.));
#4470 = PCURVE('',#3205,#4471);
#4471 = DEFINITIONAL_REPRESENTATION('',(#4472),#4476);
#4472 = LINE('',#4473,#4474);
#4473 = CARTESIAN_POINT('',(0.,0.));
#4474 = VECTOR('',#4475,1.);
#4475 = DIRECTION('',(0.,1.));
#4476 = ( GEOMETRIC_REPRESENTATION_CONTEXT(2) 
PARAMETRIC_REPRESENTATION_CONTEXT() REPRESENTATION_CONTEXT('2D SPACE',''
  ) );
#4477 = PCURVE('',#3260,#4478);
#4478 = DEFINITIONAL_REPRESENTATION('',(#4479),#4483);
#4479 = LINE('',#4480,#4481);
#4480 = CARTESIAN_POINT('',(0.,-25.));
#4481 = VECTOR('',#4482,1.);
#4482 = DIRECTION('',(1.,0.));
#4483 = ( GEOMETRIC_REPRESENTATION_CONTEXT(2) 
PARAMETRIC_REPRESENTATION_CONTEXT() REPRESENTATION_CONTEXT('2D SPACE',''
  ) );
#4484 = ORIENTED_EDGE('',*,*,#4485,.T.);
#4485 = EDGE_CURVE('',#4463,#4486,#4488,.T.);
#4486 = VERTEX_POINT('',#4487);
#4487 = CARTESIAN_POINT('',(145.,-90.,-270.));
#4488 = SURFACE_CURVE('',#4489,(#4494,#4501),.PCURVE_S1.);
#4489 = CIRCLE('',#4490,25.);
#4490 = AXIS2_PLACEMENT_3D('',#4491,#4492,#4493);
#4491 = CARTESIAN_POINT('',(145.,-65.,-270.));
#4492 = DIRECTION('',(0.,0.,1.));
#4493 = DIRECTION('',(-1.,0.,0.));
#4494 = PCURVE('',#3205,#4495);
#4495 = DEFINITIONAL_REPRESENTATION('',(#4496),#4500);
#4496 = LINE('',#4497,#4498);
#4497 = CARTESIAN_POINT('',(0.,25.));
#4498 = VECTOR('',#4499,1.);
#4499 = DIRECTION('',(1.,0.));
#4500 = ( GEOMETRIC_REPRESENTATION_CONTEXT(2) 
PARAMETRIC_REPRESENTATION_CONTEXT() REPRESENTATION_CONTEXT('2D SPACE',''
  ) );
#4501 = PCURVE('',#4502,#4507);
#4502 = SPHERICAL_SURFACE('',#4503,25.);
#4503 = AXIS2_PLACEMENT_3D('',#4504,#4505,#4506);
#4504 = CARTESIAN_POINT('',(145.,-65.,-270.));
#4505 = DIRECTION('',(0.,0.,1.));
#4506 = DIRECTION('',(-1.,0.,0.));
#4507 = DEFINITIONAL_REPRESENTATION('',(#4508),#4512);
#4508 = LINE('',#4509,#4510);
#4509 = CARTESIAN_POINT('',(0.,0.));
#4510 = VECTOR('',#4511,1.);
#4511 = DIRECTION('',(1.,0.));
#4512 = ( GEOMETRIC_REPRESENTATION_CONTEXT(2) 
PARAMETRIC_REPRESENTATION_CONTEXT() REPRESENTATION_CONTEXT('2D SPACE',''
  ) );
#4513 = ORIENTED_EDGE('',*,*,#4514,.T.);
#4514 = EDGE_CURVE('',#4486,#3167,#4515,.T.);
#4515 = SURFACE_CURVE('',#4516,(#4520,#4527),.PCURVE_S1.);
#4516 = LINE('',#4517,#4518);
#4517 = CARTESIAN_POINT('',(145.,-90.,-295.));
#4518 = VECTOR('',#4519,1.);
#4519 = DIRECTION('',(0.,0.,1.));
#4520 = PCURVE('',#3205,#4521);
#4521 = DEFINITIONAL_REPRESENTATION('',(#4522),#4526);
#4522 = LINE('',#4523,#4524);
#4523 = CARTESIAN_POINT('',(1.570796326795,0.));
#4524 = VECTOR('',#4525,1.);
#4525 = DIRECTION('',(0.,1.));
#4526 = ( GEOMETRIC_REPRESENTATION_CONTEXT(2) 
PARAMETRIC_REPRESENTATION_CONTEXT() REPRESENTATION_CONTEXT('2D SPACE',''
  ) );
#4527 = PCURVE('',#3315,#4528);
#4528 = DEFINITIONAL_REPRESENTATION('',(#4529),#4533);
#4529 = LINE('',#4530,#4531);
#4530 = CARTESIAN_POINT('',(0.,25.));
#4531 = VECTOR('',#4532,1.);
#4532 = DIRECTION('',(1.,0.));
#4533 = ( GEOMETRIC_REPRESENTATION_CONTEXT(2) 
PARAMETRIC_REPRESENTATION_CONTEXT() REPRESENTATION_CONTEXT('2D SPACE',''
  ) );
#4534 = ORIENTED_EDGE('',*,*,#3190,.F.);
#4535 = ADVANCED_FACE('',(#4536),#3260,.F.);
#4536 = FACE_BOUND('',#4537,.F.);
#4537 = EDGE_LOOP('',(#4538,#4539,#4567,#4588));
#4538 = ORIENTED_EDGE('',*,*,#4462,.F.);
#4539 = ORIENTED_EDGE('',*,*,#4540,.T.);
#4540 = EDGE_CURVE('',#4463,#4541,#4543,.T.);
#4541 = VERTEX_POINT('',#4542);
#4542 = CARTESIAN_POINT('',(120.,65.,-270.));
#4543 = SURFACE_CURVE('',#4544,(#4548,#4555),.PCURVE_S1.);
#4544 = LINE('',#4545,#4546);
#4545 = CARTESIAN_POINT('',(120.,-90.,-270.));
#4546 = VECTOR('',#4547,1.);
#4547 = DIRECTION('',(0.,1.,0.));
#4548 = PCURVE('',#3260,#4549);
#4549 = DEFINITIONAL_REPRESENTATION('',(#4550),#4554);
#4550 = LINE('',#4551,#4552);
#4551 = CARTESIAN_POINT('',(25.,0.));
#4552 = VECTOR('',#4553,1.);
#4553 = DIRECTION('',(0.,-1.));
#4554 = ( GEOMETRIC_REPRESENTATION_CONTEXT(2) 
PARAMETRIC_REPRESENTATION_CONTEXT() REPRESENTATION_CONTEXT('2D SPACE',''
  ) );
#4555 = PCURVE('',#4556,#4561);
#4556 = CYLINDRICAL_SURFACE('',#4557,25.);
#4557 = AXIS2_PLACEMENT_3D('',#4558,#4559,#4560);
#4558 = CARTESIAN_POINT('',(145.,-90.,-270.));
#4559 = DIRECTION('',(0.,1.,0.));
#4560 = DIRECTION('',(-1.,0.,0.));
#4561 = DEFINITIONAL_REPRESENTATION('',(#4562),#4566);
#4562 = LINE('',#4563,#4564);
#4563 = CARTESIAN_POINT('',(-0.,0.));
#4564 = VECTOR('',#4565,1.);
#4565 = DIRECTION('',(-0.,1.));
#4566 = ( GEOMETRIC_REPRESENTATION_CONTEXT(2) 
PARAMETRIC_REPRESENTATION_CONTEXT() REPRESENTATION_CONTEXT('2D SPACE',''
  ) );
#4567 = ORIENTED_EDGE('',*,*,#4568,.T.);
#4568 = EDGE_CURVE('',#4541,#3223,#4569,.T.);
#4569 = SURFACE_CURVE('',#4570,(#4574,#4581),.PCURVE_S1.);
#4570 = LINE('',#4571,#4572);
#4571 = CARTESIAN_POINT('',(120.,65.,-295.));
#4572 = VECTOR('',#4573,1.);
#4573 = DIRECTION('',(0.,0.,1.));
#4574 = PCURVE('',#3260,#4575);
#4575 = DEFINITIONAL_REPRESENTATION('',(#4576),#4580);
#4576 = LINE('',#4577,#4578);
#4577 = CARTESIAN_POINT('',(0.,-155.));
#4578 = VECTOR('',#4579,1.);
#4579 = DIRECTION('',(1.,0.));
#4580 = ( GEOMETRIC_REPRESENTATION_CONTEXT(2) 
PARAMETRIC_REPRESENTATION_CONTEXT() REPRESENTATION_CONTEXT('2D SPACE',''
  ) );
#4581 = PCURVE('',#3347,#4582);
#4582 = DEFINITIONAL_REPRESENTATION('',(#4583),#4587);
#4583 = LINE('',#4584,#4585);
#4584 = CARTESIAN_POINT('',(-0.,0.));
#4585 = VECTOR('',#4586,1.);
#4586 = DIRECTION('',(-0.,1.));
#4587 = ( GEOMETRIC_REPRESENTATION_CONTEXT(2) 
PARAMETRIC_REPRESENTATION_CONTEXT() REPRESENTATION_CONTEXT('2D SPACE',''
  ) );
#4588 = ORIENTED_EDGE('',*,*,#3246,.F.);
#4589 = ADVANCED_FACE('',(#4590),#3315,.F.);
#4590 = FACE_BOUND('',#4591,.F.);
#4591 = EDGE_LOOP('',(#4592,#4593,#4594,#4617));
#4592 = ORIENTED_EDGE('',*,*,#4514,.T.);
#4593 = ORIENTED_EDGE('',*,*,#3301,.T.);
#4594 = ORIENTED_EDGE('',*,*,#4595,.F.);
#4595 = EDGE_CURVE('',#4596,#3278,#4598,.T.);
#4596 = VERTEX_POINT('',#4597);
#4597 = CARTESIAN_POINT('',(355.,-90.,-270.));
#4598 = SURFACE_CURVE('',#4599,(#4603,#4610),.PCURVE_S1.);
#4599 = LINE('',#4600,#4601);
#4600 = CARTESIAN_POINT('',(355.,-90.,-295.));
#4601 = VECTOR('',#4602,1.);
#4602 = DIRECTION('',(0.,0.,1.));
#4603 = PCURVE('',#3315,#4604);
#4604 = DEFINITIONAL_REPRESENTATION('',(#4605),#4609);
#4605 = LINE('',#4606,#4607);
#4606 = CARTESIAN_POINT('',(0.,235.));
#4607 = VECTOR('',#4608,1.);
#4608 = DIRECTION('',(1.,0.));
#4609 = ( GEOMETRIC_REPRESENTATION_CONTEXT(2) 
PARAMETRIC_REPRESENTATION_CONTEXT() REPRESENTATION_CONTEXT('2D SPACE',''
  ) );
#4610 = PCURVE('',#3427,#4611);
#4611 = DEFINITIONAL_REPRESENTATION('',(#4612),#4616);
#4612 = LINE('',#4613,#4614);
#4613 = CARTESIAN_POINT('',(-1.570796326795,0.));
#4614 = VECTOR('',#4615,1.);
#4615 = DIRECTION('',(-0.,1.));
#4616 = ( GEOMETRIC_REPRESENTATION_CONTEXT(2) 
PARAMETRIC_REPRESENTATION_CONTEXT() REPRESENTATION_CONTEXT('2D SPACE',''
  ) );
#4617 = ORIENTED_EDGE('',*,*,#4618,.F.);
#4618 = EDGE_CURVE('',#4486,#4596,#4619,.T.);
#4619 = SURFACE_CURVE('',#4620,(#4624,#4631),.PCURVE_S1.);
#4620 = LINE('',#4621,#4622);
#4621 = CARTESIAN_POINT('',(120.,-90.,-270.));
#4622 = VECTOR('',#4623,1.);
#4623 = DIRECTION('',(1.,0.,0.));
#4624 = PCURVE('',#3315,#4625);
#4625 = DEFINITIONAL_REPRESENTATION('',(#4626),#4630);
#4626 = LINE('',#4627,#4628);
#4627 = CARTESIAN_POINT('',(25.,0.));
#4628 = VECTOR('',#4629,1.);
#4629 = DIRECTION('',(0.,1.));
#4630 = ( GEOMETRIC_REPRESENTATION_CONTEXT(2) 
PARAMETRIC_REPRESENTATION_CONTEXT() REPRESENTATION_CONTEXT('2D SPACE',''
  ) );
#4631 = PCURVE('',#4632,#4637);
#4632 = CYLINDRICAL_SURFACE('',#4633,25.);
#4633 = AXIS2_PLACEMENT_3D('',#4634,#4635,#4636);
#4634 = CARTESIAN_POINT('',(120.,-65.,-270.));
#4635 = DIRECTION('',(1.,0.,0.));
#4636 = DIRECTION('',(0.,-1.,0.));
#4637 = DEFINITIONAL_REPRESENTATION('',(#4638),#4642);
#4638 = LINE('',#4639,#4640);
#4639 = CARTESIAN_POINT('',(0.,0.));
#4640 = VECTOR('',#4641,1.);
#4641 = DIRECTION('',(0.,1.));
#4642 = ( GEOMETRIC_REPRESENTATION_CONTEXT(2) 
PARAMETRIC_REPRESENTATION_CONTEXT() REPRESENTATION_CONTEXT('2D SPACE',''
  ) );
#4643 = ADVANCED_FACE('',(#4644),#3347,.T.);
#4644 = FACE_BOUND('',#4645,.F.);
#4645 = EDGE_LOOP('',(#4646,#4647,#4676,#4697));
#4646 = ORIENTED_EDGE('',*,*,#4568,.F.);
#4647 = ORIENTED_EDGE('',*,*,#4648,.T.);
#4648 = EDGE_CURVE('',#4541,#4649,#4651,.T.);
#4649 = VERTEX_POINT('',#4650);
#4650 = CARTESIAN_POINT('',(145.,90.,-270.));
#4651 = SURFACE_CURVE('',#4652,(#4657,#4664),.PCURVE_S1.);
#4652 = CIRCLE('',#4653,25.);
#4653 = AXIS2_PLACEMENT_3D('',#4654,#4655,#4656);
#4654 = CARTESIAN_POINT('',(145.,65.,-270.));
#4655 = DIRECTION('',(-0.,0.,-1.));
#4656 = DIRECTION('',(-1.,0.,0.));
#4657 = PCURVE('',#3347,#4658);
#4658 = DEFINITIONAL_REPRESENTATION('',(#4659),#4663);
#4659 = LINE('',#4660,#4661);
#4660 = CARTESIAN_POINT('',(-0.,25.));
#4661 = VECTOR('',#4662,1.);
#4662 = DIRECTION('',(-1.,0.));
#4663 = ( GEOMETRIC_REPRESENTATION_CONTEXT(2) 
PARAMETRIC_REPRESENTATION_CONTEXT() REPRESENTATION_CONTEXT('2D SPACE',''
  ) );
#4664 = PCURVE('',#4665,#4670);
#4665 = SPHERICAL_SURFACE('',#4666,25.);
#4666 = AXIS2_PLACEMENT_3D('',#4667,#4668,#4669);
#4667 = CARTESIAN_POINT('',(145.,65.,-270.));
#4668 = DIRECTION('',(0.,0.,1.));
#4669 = DIRECTION('',(-1.,0.,0.));
#4670 = DEFINITIONAL_REPRESENTATION('',(#4671),#4675);
#4671 = LINE('',#4672,#4673);
#4672 = CARTESIAN_POINT('',(-0.,0.));
#4673 = VECTOR('',#4674,1.);
#4674 = DIRECTION('',(-1.,0.));
#4675 = ( GEOMETRIC_REPRESENTATION_CONTEXT(2) 
PARAMETRIC_REPRESENTATION_CONTEXT() REPRESENTATION_CONTEXT('2D SPACE',''
  ) );
#4676 = ORIENTED_EDGE('',*,*,#4677,.T.);
#4677 = EDGE_CURVE('',#4649,#3331,#4678,.T.);
#4678 = SURFACE_CURVE('',#4679,(#4683,#4690),.PCURVE_S1.);
#4679 = LINE('',#4680,#4681);
#4680 = CARTESIAN_POINT('',(145.,90.,-295.));
#4681 = VECTOR('',#4682,1.);
#4682 = DIRECTION('',(0.,0.,1.));
#4683 = PCURVE('',#3347,#4684);
#4684 = DEFINITIONAL_REPRESENTATION('',(#4685),#4689);
#4685 = LINE('',#4686,#4687);
#4686 = CARTESIAN_POINT('',(-1.570796326795,0.));
#4687 = VECTOR('',#4688,1.);
#4688 = DIRECTION('',(-0.,1.));
#4689 = ( GEOMETRIC_REPRESENTATION_CONTEXT(2) 
PARAMETRIC_REPRESENTATION_CONTEXT() REPRESENTATION_CONTEXT('2D SPACE',''
  ) );
#4690 = PCURVE('',#3458,#4691);
#4691 = DEFINITIONAL_REPRESENTATION('',(#4692),#4696);
#4692 = LINE('',#4693,#4694);
#4693 = CARTESIAN_POINT('',(0.,25.));
#4694 = VECTOR('',#4695,1.);
#4695 = DIRECTION('',(1.,0.));
#4696 = ( GEOMETRIC_REPRESENTATION_CONTEXT(2) 
PARAMETRIC_REPRESENTATION_CONTEXT() REPRESENTATION_CONTEXT('2D SPACE',''
  ) );
#4697 = ORIENTED_EDGE('',*,*,#3330,.T.);
#4698 = ADVANCED_FACE('',(#4699),#3427,.T.);
#4699 = FACE_BOUND('',#4700,.F.);
#4700 = EDGE_LOOP('',(#4701,#4724,#4751,#4752));
#4701 = ORIENTED_EDGE('',*,*,#4702,.F.);
#4702 = EDGE_CURVE('',#4703,#3387,#4705,.T.);
#4703 = VERTEX_POINT('',#4704);
#4704 = CARTESIAN_POINT('',(380.,-65.,-270.));
#4705 = SURFACE_CURVE('',#4706,(#4710,#4717),.PCURVE_S1.);
#4706 = LINE('',#4707,#4708);
#4707 = CARTESIAN_POINT('',(380.,-65.,-295.));
#4708 = VECTOR('',#4709,1.);
#4709 = DIRECTION('',(0.,0.,1.));
#4710 = PCURVE('',#3427,#4711);
#4711 = DEFINITIONAL_REPRESENTATION('',(#4712),#4716);
#4712 = LINE('',#4713,#4714);
#4713 = CARTESIAN_POINT('',(-0.,0.));
#4714 = VECTOR('',#4715,1.);
#4715 = DIRECTION('',(-0.,1.));
#4716 = ( GEOMETRIC_REPRESENTATION_CONTEXT(2) 
PARAMETRIC_REPRESENTATION_CONTEXT() REPRESENTATION_CONTEXT('2D SPACE',''
  ) );
#4717 = PCURVE('',#3537,#4718);
#4718 = DEFINITIONAL_REPRESENTATION('',(#4719),#4723);
#4719 = LINE('',#4720,#4721);
#4720 = CARTESIAN_POINT('',(0.,-25.));
#4721 = VECTOR('',#4722,1.);
#4722 = DIRECTION('',(1.,0.));
#4723 = ( GEOMETRIC_REPRESENTATION_CONTEXT(2) 
PARAMETRIC_REPRESENTATION_CONTEXT() REPRESENTATION_CONTEXT('2D SPACE',''
  ) );
#4724 = ORIENTED_EDGE('',*,*,#4725,.T.);
#4725 = EDGE_CURVE('',#4703,#4596,#4726,.T.);
#4726 = SURFACE_CURVE('',#4727,(#4732,#4739),.PCURVE_S1.);
#4727 = CIRCLE('',#4728,25.);
#4728 = AXIS2_PLACEMENT_3D('',#4729,#4730,#4731);
#4729 = CARTESIAN_POINT('',(355.,-65.,-270.));
#4730 = DIRECTION('',(0.,-0.,-1.));
#4731 = DIRECTION('',(1.,0.,-0.));
#4732 = PCURVE('',#3427,#4733);
#4733 = DEFINITIONAL_REPRESENTATION('',(#4734),#4738);
#4734 = LINE('',#4735,#4736);
#4735 = CARTESIAN_POINT('',(-0.,25.));
#4736 = VECTOR('',#4737,1.);
#4737 = DIRECTION('',(-1.,0.));
#4738 = ( GEOMETRIC_REPRESENTATION_CONTEXT(2) 
PARAMETRIC_REPRESENTATION_CONTEXT() REPRESENTATION_CONTEXT('2D SPACE',''
  ) );
#4739 = PCURVE('',#4740,#4745);
#4740 = SPHERICAL_SURFACE('',#4741,25.);
#4741 = AXIS2_PLACEMENT_3D('',#4742,#4743,#4744);
#4742 = CARTESIAN_POINT('',(355.,-65.,-270.));
#4743 = DIRECTION('',(0.,0.,1.));
#4744 = DIRECTION('',(1.,0.,-0.));
#4745 = DEFINITIONAL_REPRESENTATION('',(#4746),#4750);
#4746 = LINE('',#4747,#4748);
#4747 = CARTESIAN_POINT('',(-0.,0.));
#4748 = VECTOR('',#4749,1.);
#4749 = DIRECTION('',(-1.,0.));
#4750 = ( GEOMETRIC_REPRESENTATION_CONTEXT(2) 
PARAMETRIC_REPRESENTATION_CONTEXT() REPRESENTATION_CONTEXT('2D SPACE',''
  ) );
#4751 = ORIENTED_EDGE('',*,*,#4595,.T.);
#4752 = ORIENTED_EDGE('',*,*,#3412,.F.);
#4753 = ADVANCED_FACE('',(#4754),#3458,.T.);
#4754 = FACE_BOUND('',#4755,.T.);
#4755 = EDGE_LOOP('',(#4756,#4757,#4758,#4781));
#4756 = ORIENTED_EDGE('',*,*,#4677,.T.);
#4757 = ORIENTED_EDGE('',*,*,#3442,.T.);
#4758 = ORIENTED_EDGE('',*,*,#4759,.F.);
#4759 = EDGE_CURVE('',#4760,#3443,#4762,.T.);
#4760 = VERTEX_POINT('',#4761);
#4761 = CARTESIAN_POINT('',(355.,90.,-270.));
#4762 = SURFACE_CURVE('',#4763,(#4767,#4774),.PCURVE_S1.);
#4763 = LINE('',#4764,#4765);
#4764 = CARTESIAN_POINT('',(355.,90.,-295.));
#4765 = VECTOR('',#4766,1.);
#4766 = DIRECTION('',(0.,0.,1.));
#4767 = PCURVE('',#3458,#4768);
#4768 = DEFINITIONAL_REPRESENTATION('',(#4769),#4773);
#4769 = LINE('',#4770,#4771);
#4770 = CARTESIAN_POINT('',(0.,235.));
#4771 = VECTOR('',#4772,1.);
#4772 = DIRECTION('',(1.,0.));
#4773 = ( GEOMETRIC_REPRESENTATION_CONTEXT(2) 
PARAMETRIC_REPRESENTATION_CONTEXT() REPRESENTATION_CONTEXT('2D SPACE',''
  ) );
#4774 = PCURVE('',#3567,#4775);
#4775 = DEFINITIONAL_REPRESENTATION('',(#4776),#4780);
#4776 = LINE('',#4777,#4778);
#4777 = CARTESIAN_POINT('',(1.570796326795,0.));
#4778 = VECTOR('',#4779,1.);
#4779 = DIRECTION('',(0.,1.));
#4780 = ( GEOMETRIC_REPRESENTATION_CONTEXT(2) 
PARAMETRIC_REPRESENTATION_CONTEXT() REPRESENTATION_CONTEXT('2D SPACE',''
  ) );
#4781 = ORIENTED_EDGE('',*,*,#4782,.F.);
#4782 = EDGE_CURVE('',#4649,#4760,#4783,.T.);
#4783 = SURFACE_CURVE('',#4784,(#4788,#4795),.PCURVE_S1.);
#4784 = LINE('',#4785,#4786);
#4785 = CARTESIAN_POINT('',(120.,90.,-270.));
#4786 = VECTOR('',#4787,1.);
#4787 = DIRECTION('',(1.,0.,0.));
#4788 = PCURVE('',#3458,#4789);
#4789 = DEFINITIONAL_REPRESENTATION('',(#4790),#4794);
#4790 = LINE('',#4791,#4792);
#4791 = CARTESIAN_POINT('',(25.,0.));
#4792 = VECTOR('',#4793,1.);
#4793 = DIRECTION('',(0.,1.));
#4794 = ( GEOMETRIC_REPRESENTATION_CONTEXT(2) 
PARAMETRIC_REPRESENTATION_CONTEXT() REPRESENTATION_CONTEXT('2D SPACE',''
  ) );
#4795 = PCURVE('',#4796,#4801);
#4796 = CYLINDRICAL_SURFACE('',#4797,25.);
#4797 = AXIS2_PLACEMENT_3D('',#4798,#4799,#4800);
#4798 = CARTESIAN_POINT('',(120.,65.,-270.));
#4799 = DIRECTION('',(1.,0.,0.));
#4800 = DIRECTION('',(-0.,1.,0.));
#4801 = DEFINITIONAL_REPRESENTATION('',(#4802),#4806);
#4802 = LINE('',#4803,#4804);
#4803 = CARTESIAN_POINT('',(-0.,0.));
#4804 = VECTOR('',#4805,1.);
#4805 = DIRECTION('',(-0.,1.));
#4806 = ( GEOMETRIC_REPRESENTATION_CONTEXT(2) 
PARAMETRIC_REPRESENTATION_CONTEXT() REPRESENTATION_CONTEXT('2D SPACE',''
  ) );
#4807 = ADVANCED_FACE('',(#4808),#3537,.T.);
#4808 = FACE_BOUND('',#4809,.T.);
#4809 = EDGE_LOOP('',(#4810,#4811,#4839,#4860));
#4810 = ORIENTED_EDGE('',*,*,#4702,.F.);
#4811 = ORIENTED_EDGE('',*,*,#4812,.T.);
#4812 = EDGE_CURVE('',#4703,#4813,#4815,.T.);
#4813 = VERTEX_POINT('',#4814);
#4814 = CARTESIAN_POINT('',(380.,65.,-270.));
#4815 = SURFACE_CURVE('',#4816,(#4820,#4827),.PCURVE_S1.);
#4816 = LINE('',#4817,#4818);
#4817 = CARTESIAN_POINT('',(380.,-90.,-270.));
#4818 = VECTOR('',#4819,1.);
#4819 = DIRECTION('',(0.,1.,0.));
#4820 = PCURVE('',#3537,#4821);
#4821 = DEFINITIONAL_REPRESENTATION('',(#4822),#4826);
#4822 = LINE('',#4823,#4824);
#4823 = CARTESIAN_POINT('',(25.,0.));
#4824 = VECTOR('',#4825,1.);
#4825 = DIRECTION('',(0.,-1.));
#4826 = ( GEOMETRIC_REPRESENTATION_CONTEXT(2) 
PARAMETRIC_REPRESENTATION_CONTEXT() REPRESENTATION_CONTEXT('2D SPACE',''
  ) );
#4827 = PCURVE('',#4828,#4833);
#4828 = CYLINDRICAL_SURFACE('',#4829,25.);
#4829 = AXIS2_PLACEMENT_3D('',#4830,#4831,#4832);
#4830 = CARTESIAN_POINT('',(355.,-90.,-270.));
#4831 = DIRECTION('',(0.,1.,0.));
#4832 = DIRECTION('',(1.,0.,-0.));
#4833 = DEFINITIONAL_REPRESENTATION('',(#4834),#4838);
#4834 = LINE('',#4835,#4836);
#4835 = CARTESIAN_POINT('',(0.,0.));
#4836 = VECTOR('',#4837,1.);
#4837 = DIRECTION('',(0.,1.));
#4838 = ( GEOMETRIC_REPRESENTATION_CONTEXT(2) 
PARAMETRIC_REPRESENTATION_CONTEXT() REPRESENTATION_CONTEXT('2D SPACE',''
  ) );
#4839 = ORIENTED_EDGE('',*,*,#4840,.T.);
#4840 = EDGE_CURVE('',#4813,#3500,#4841,.T.);
#4841 = SURFACE_CURVE('',#4842,(#4846,#4853),.PCURVE_S1.);
#4842 = LINE('',#4843,#4844);
#4843 = CARTESIAN_POINT('',(380.,65.,-295.));
#4844 = VECTOR('',#4845,1.);
#4845 = DIRECTION('',(0.,0.,1.));
#4846 = PCURVE('',#3537,#4847);
#4847 = DEFINITIONAL_REPRESENTATION('',(#4848),#4852);
#4848 = LINE('',#4849,#4850);
#4849 = CARTESIAN_POINT('',(0.,-155.));
#4850 = VECTOR('',#4851,1.);
#4851 = DIRECTION('',(1.,0.));
#4852 = ( GEOMETRIC_REPRESENTATION_CONTEXT(2) 
PARAMETRIC_REPRESENTATION_CONTEXT() REPRESENTATION_CONTEXT('2D SPACE',''
  ) );
#4853 = PCURVE('',#3567,#4854);
#4854 = DEFINITIONAL_REPRESENTATION('',(#4855),#4859);
#4855 = LINE('',#4856,#4857);
#4856 = CARTESIAN_POINT('',(0.,0.));
#4857 = VECTOR('',#4858,1.);
#4858 = DIRECTION('',(0.,1.));
#4859 = ( GEOMETRIC_REPRESENTATION_CONTEXT(2) 
PARAMETRIC_REPRESENTATION_CONTEXT() REPRESENTATION_CONTEXT('2D SPACE',''
  ) );
#4860 = ORIENTED_EDGE('',*,*,#3523,.F.);
#4861 = ADVANCED_FACE('',(#4862),#3567,.T.);
#4862 = FACE_BOUND('',#4863,.T.);
#4863 = EDGE_LOOP('',(#4864,#4865,#4892,#4893));
#4864 = ORIENTED_EDGE('',*,*,#4840,.F.);
#4865 = ORIENTED_EDGE('',*,*,#4866,.T.);
#4866 = EDGE_CURVE('',#4813,#4760,#4867,.T.);
#4867 = SURFACE_CURVE('',#4868,(#4873,#4880),.PCURVE_S1.);
#4868 = CIRCLE('',#4869,25.);
#4869 = AXIS2_PLACEMENT_3D('',#4870,#4871,#4872);
#4870 = CARTESIAN_POINT('',(355.,65.,-270.));
#4871 = DIRECTION('',(0.,0.,1.));
#4872 = DIRECTION('',(1.,0.,-0.));
#4873 = PCURVE('',#3567,#4874);
#4874 = DEFINITIONAL_REPRESENTATION('',(#4875),#4879);
#4875 = LINE('',#4876,#4877);
#4876 = CARTESIAN_POINT('',(0.,25.));
#4877 = VECTOR('',#4878,1.);
#4878 = DIRECTION('',(1.,0.));
#4879 = ( GEOMETRIC_REPRESENTATION_CONTEXT(2) 
PARAMETRIC_REPRESENTATION_CONTEXT() REPRESENTATION_CONTEXT('2D SPACE',''
  ) );
#4880 = PCURVE('',#4881,#4886);
#4881 = SPHERICAL_SURFACE('',#4882,25.);
#4882 = AXIS2_PLACEMENT_3D('',#4883,#4884,#4885);
#4883 = CARTESIAN_POINT('',(355.,65.,-270.));
#4884 = DIRECTION('',(0.,0.,1.));
#4885 = DIRECTION('',(1.,0.,-0.));
#4886 = DEFINITIONAL_REPRESENTATION('',(#4887),#4891);
#4887 = LINE('',#4888,#4889);
#4888 = CARTESIAN_POINT('',(0.,0.));
#4889 = VECTOR('',#4890,1.);
#4890 = DIRECTION('',(1.,0.));
#4891 = ( GEOMETRIC_REPRESENTATION_CONTEXT(2) 
PARAMETRIC_REPRESENTATION_CONTEXT() REPRESENTATION_CONTEXT('2D SPACE',''
  ) );
#4892 = ORIENTED_EDGE('',*,*,#4759,.T.);
#4893 = ORIENTED_EDGE('',*,*,#3552,.T.);
#4894 = ADVANCED_FACE('',(#4895),#3625,.T.);
#4895 = FACE_BOUND('',#4896,.T.);
#4896 = EDGE_LOOP('',(#4897,#4898,#4922,#4950));
#4897 = ORIENTED_EDGE('',*,*,#3609,.F.);
#4898 = ORIENTED_EDGE('',*,*,#4899,.T.);
#4899 = EDGE_CURVE('',#3587,#4900,#4902,.T.);
#4900 = VERTEX_POINT('',#4901);
#4901 = CARTESIAN_POINT('',(-326.,-267.5,-36.));
#4902 = SURFACE_CURVE('',#4903,(#4908,#4915),.PCURVE_S1.);
#4903 = CIRCLE('',#4904,24.);
#4904 = AXIS2_PLACEMENT_3D('',#4905,#4906,#4907);
#4905 = CARTESIAN_POINT('',(-326.,-243.5,-36.));
#4906 = DIRECTION('',(0.,-0.,1.));
#4907 = DIRECTION('',(-1.,-1.480297366167E-16,-0.));
#4908 = PCURVE('',#3625,#4909);
#4909 = DEFINITIONAL_REPRESENTATION('',(#4910),#4914);
#4910 = LINE('',#4911,#4912);
#4911 = CARTESIAN_POINT('',(0.,24.));
#4912 = VECTOR('',#4913,1.);
#4913 = DIRECTION('',(1.,0.));
#4914 = ( GEOMETRIC_REPRESENTATION_CONTEXT(2) 
PARAMETRIC_REPRESENTATION_CONTEXT() REPRESENTATION_CONTEXT('2D SPACE',''
  ) );
#4915 = PCURVE('',#4005,#4916);
#4916 = DEFINITIONAL_REPRESENTATION('',(#4917),#4921);
#4917 = LINE('',#4918,#4919);
#4918 = CARTESIAN_POINT('',(0.,0.));
#4919 = VECTOR('',#4920,1.);
#4920 = DIRECTION('',(1.,0.));
#4921 = ( GEOMETRIC_REPRESENTATION_CONTEXT(2) 
PARAMETRIC_REPRESENTATION_CONTEXT() REPRESENTATION_CONTEXT('2D SPACE',''
  ) );
#4922 = ORIENTED_EDGE('',*,*,#4923,.T.);
#4923 = EDGE_CURVE('',#4900,#4924,#4926,.T.);
#4924 = VERTEX_POINT('',#4925);
#4925 = CARTESIAN_POINT('',(-326.,-267.5,-4.));
#4926 = SURFACE_CURVE('',#4927,(#4931,#4938),.PCURVE_S1.);
#4927 = LINE('',#4928,#4929);
#4928 = CARTESIAN_POINT('',(-326.,-267.5,-60.));
#4929 = VECTOR('',#4930,1.);
#4930 = DIRECTION('',(-0.,-0.,1.));
#4931 = PCURVE('',#3625,#4932);
#4932 = DEFINITIONAL_REPRESENTATION('',(#4933),#4937);
#4933 = LINE('',#4934,#4935);
#4934 = CARTESIAN_POINT('',(1.570796326795,0.));
#4935 = VECTOR('',#4936,1.);
#4936 = DIRECTION('',(0.,1.));
#4937 = ( GEOMETRIC_REPRESENTATION_CONTEXT(2) 
PARAMETRIC_REPRESENTATION_CONTEXT() REPRESENTATION_CONTEXT('2D SPACE',''
  ) );
#4938 = PCURVE('',#4939,#4944);
#4939 = PLANE('',#4940);
#4940 = AXIS2_PLACEMENT_3D('',#4941,#4942,#4943);
#4941 = CARTESIAN_POINT('',(-350.,-267.5,-60.));
#4942 = DIRECTION('',(0.,-1.,0.));
#4943 = DIRECTION('',(0.,0.,-1.));
#4944 = DEFINITIONAL_REPRESENTATION('',(#4945),#4949);
#4945 = LINE('',#4946,#4947);
#4946 = CARTESIAN_POINT('',(-0.,24.));
#4947 = VECTOR('',#4948,1.);
#4948 = DIRECTION('',(-1.,0.));
#4949 = ( GEOMETRIC_REPRESENTATION_CONTEXT(2) 
PARAMETRIC_REPRESENTATION_CONTEXT() REPRESENTATION_CONTEXT('2D SPACE',''
  ) );
#4950 = ORIENTED_EDGE('',*,*,#4951,.T.);
#4951 = EDGE_CURVE('',#4924,#3610,#4952,.T.);
#4952 = SURFACE_CURVE('',#4953,(#4958,#4965),.PCURVE_S1.);
#4953 = CIRCLE('',#4954,24.);
#4954 = AXIS2_PLACEMENT_3D('',#4955,#4956,#4957);
#4955 = CARTESIAN_POINT('',(-326.,-243.5,-4.));
#4956 = DIRECTION('',(-1.480297366167E-16,0.,-1.));
#4957 = DIRECTION('',(-1.,-0.,1.480297366167E-16));
#4958 = PCURVE('',#3625,#4959);
#4959 = DEFINITIONAL_REPRESENTATION('',(#4960),#4964);
#4960 = LINE('',#4961,#4962);
#4961 = CARTESIAN_POINT('',(6.28318530718,56.));
#4962 = VECTOR('',#4963,1.);
#4963 = DIRECTION('',(-1.,-0.));
#4964 = ( GEOMETRIC_REPRESENTATION_CONTEXT(2) 
PARAMETRIC_REPRESENTATION_CONTEXT() REPRESENTATION_CONTEXT('2D SPACE',''
  ) );
#4965 = PCURVE('',#3700,#4966);
#4966 = DEFINITIONAL_REPRESENTATION('',(#4967),#4971);
#4967 = LINE('',#4968,#4969);
#4968 = CARTESIAN_POINT('',(0.,-6.28318530718));
#4969 = VECTOR('',#4970,1.);
#4970 = DIRECTION('',(0.,1.));
#4971 = ( GEOMETRIC_REPRESENTATION_CONTEXT(2) 
PARAMETRIC_REPRESENTATION_CONTEXT() REPRESENTATION_CONTEXT('2D SPACE',''
  ) );
#4972 = ADVANCED_FACE('',(#4973),#3700,.T.);
#4973 = FACE_BOUND('',#4974,.T.);
#4974 = EDGE_LOOP('',(#4975,#4976,#4998));
#4975 = ORIENTED_EDGE('',*,*,#4951,.F.);
#4976 = ORIENTED_EDGE('',*,*,#4977,.T.);
#4977 = EDGE_CURVE('',#4924,#3663,#4978,.T.);
#4978 = SURFACE_CURVE('',#4979,(#4984,#4991),.PCURVE_S1.);
#4979 = CIRCLE('',#4980,24.);
#4980 = AXIS2_PLACEMENT_3D('',#4981,#4982,#4983);
#4981 = CARTESIAN_POINT('',(-326.,-243.5,-4.));
#4982 = DIRECTION('',(-1.,0.,8.679739665932E-17));
#4983 = DIRECTION('',(8.679739665932E-17,-0.,1.));
#4984 = PCURVE('',#3700,#4985);
#4985 = DEFINITIONAL_REPRESENTATION('',(#4986),#4990);
#4986 = LINE('',#4987,#4988);
#4987 = CARTESIAN_POINT('',(1.570796326795,-6.28318530718));
#4988 = VECTOR('',#4989,1.);
#4989 = DIRECTION('',(0.,1.));
#4990 = ( GEOMETRIC_REPRESENTATION_CONTEXT(2) 
PARAMETRIC_REPRESENTATION_CONTEXT() REPRESENTATION_CONTEXT('2D SPACE',''
  ) );
#4991 = PCURVE('',#3755,#4992);
#4992 = DEFINITIONAL_REPRESENTATION('',(#4993),#4997);
#4993 = LINE('',#4994,#4995);
#4994 = CARTESIAN_POINT('',(4.712388980385,24.));
#4995 = VECTOR('',#4996,1.);
#4996 = DIRECTION('',(-1.,0.));
#4997 = ( GEOMETRIC_REPRESENTATION_CONTEXT(2) 
PARAMETRIC_REPRESENTATION_CONTEXT() REPRESENTATION_CONTEXT('2D SPACE',''
  ) );
#4998 = ORIENTED_EDGE('',*,*,#3685,.F.);
#4999 = ADVANCED_FACE('',(#5000),#3755,.T.);
#5000 = FACE_BOUND('',#5001,.F.);
#5001 = EDGE_LOOP('',(#5002,#5003,#5004,#5028));
#5002 = ORIENTED_EDGE('',*,*,#4977,.T.);
#5003 = ORIENTED_EDGE('',*,*,#3741,.T.);
#5004 = ORIENTED_EDGE('',*,*,#5005,.F.);
#5005 = EDGE_CURVE('',#5006,#3719,#5008,.T.);
#5006 = VERTEX_POINT('',#5007);
#5007 = CARTESIAN_POINT('',(526.,-267.5,-4.));
#5008 = SURFACE_CURVE('',#5009,(#5014,#5021),.PCURVE_S1.);
#5009 = CIRCLE('',#5010,24.);
#5010 = AXIS2_PLACEMENT_3D('',#5011,#5012,#5013);
#5011 = CARTESIAN_POINT('',(526.,-243.5,-4.));
#5012 = DIRECTION('',(-1.,0.,-8.679739665932E-17));
#5013 = DIRECTION('',(-8.679739665932E-17,-0.,1.));
#5014 = PCURVE('',#3755,#5015);
#5015 = DEFINITIONAL_REPRESENTATION('',(#5016),#5020);
#5016 = LINE('',#5017,#5018);
#5017 = CARTESIAN_POINT('',(4.712388980385,876.));
#5018 = VECTOR('',#5019,1.);
#5019 = DIRECTION('',(-1.,0.));
#5020 = ( GEOMETRIC_REPRESENTATION_CONTEXT(2) 
PARAMETRIC_REPRESENTATION_CONTEXT() REPRESENTATION_CONTEXT('2D SPACE',''
  ) );
#5021 = PCURVE('',#3789,#5022);
#5022 = DEFINITIONAL_REPRESENTATION('',(#5023),#5027);
#5023 = LINE('',#5024,#5025);
#5024 = CARTESIAN_POINT('',(-1.570796326795,-6.28318530718));
#5025 = VECTOR('',#5026,1.);
#5026 = DIRECTION('',(-0.,1.));
#5027 = ( GEOMETRIC_REPRESENTATION_CONTEXT(2) 
PARAMETRIC_REPRESENTATION_CONTEXT() REPRESENTATION_CONTEXT('2D SPACE',''
  ) );
#5028 = ORIENTED_EDGE('',*,*,#5029,.F.);
#5029 = EDGE_CURVE('',#4924,#5006,#5030,.T.);
#5030 = SURFACE_CURVE('',#5031,(#5035,#5042),.PCURVE_S1.);
#5031 = LINE('',#5032,#5033);
#5032 = CARTESIAN_POINT('',(-350.,-267.5,-4.));
#5033 = VECTOR('',#5034,1.);
#5034 = DIRECTION('',(1.,-0.,-0.));
#5035 = PCURVE('',#3755,#5036);
#5036 = DEFINITIONAL_REPRESENTATION('',(#5037),#5041);
#5037 = LINE('',#5038,#5039);
#5038 = CARTESIAN_POINT('',(-0.,0.));
#5039 = VECTOR('',#5040,1.);
#5040 = DIRECTION('',(-0.,1.));
#5041 = ( GEOMETRIC_REPRESENTATION_CONTEXT(2) 
PARAMETRIC_REPRESENTATION_CONTEXT() REPRESENTATION_CONTEXT('2D SPACE',''
  ) );
#5042 = PCURVE('',#4939,#5043);
#5043 = DEFINITIONAL_REPRESENTATION('',(#5044),#5048);
#5044 = LINE('',#5045,#5046);
#5045 = CARTESIAN_POINT('',(-56.,0.));
#5046 = VECTOR('',#5047,1.);
#5047 = DIRECTION('',(-0.,1.));
#5048 = ( GEOMETRIC_REPRESENTATION_CONTEXT(2) 
PARAMETRIC_REPRESENTATION_CONTEXT() REPRESENTATION_CONTEXT('2D SPACE',''
  ) );
#5049 = ADVANCED_FACE('',(#5050),#3789,.T.);
#5050 = FACE_BOUND('',#5051,.F.);
#5051 = EDGE_LOOP('',(#5052,#5074,#5075));
#5052 = ORIENTED_EDGE('',*,*,#5053,.F.);
#5053 = EDGE_CURVE('',#5006,#3773,#5054,.T.);
#5054 = SURFACE_CURVE('',#5055,(#5060,#5067),.PCURVE_S1.);
#5055 = CIRCLE('',#5056,24.);
#5056 = AXIS2_PLACEMENT_3D('',#5057,#5058,#5059);
#5057 = CARTESIAN_POINT('',(526.,-243.5,-4.));
#5058 = DIRECTION('',(-1.480297366167E-16,0.,1.));
#5059 = DIRECTION('',(1.,-0.,1.480297366167E-16));
#5060 = PCURVE('',#3789,#5061);
#5061 = DEFINITIONAL_REPRESENTATION('',(#5062),#5066);
#5062 = LINE('',#5063,#5064);
#5063 = CARTESIAN_POINT('',(-0.,-6.28318530718));
#5064 = VECTOR('',#5065,1.);
#5065 = DIRECTION('',(-0.,1.));
#5066 = ( GEOMETRIC_REPRESENTATION_CONTEXT(2) 
PARAMETRIC_REPRESENTATION_CONTEXT() REPRESENTATION_CONTEXT('2D SPACE',''
  ) );
#5067 = PCURVE('',#3863,#5068);
#5068 = DEFINITIONAL_REPRESENTATION('',(#5069),#5073);
#5069 = LINE('',#5070,#5071);
#5070 = CARTESIAN_POINT('',(-6.28318530718,56.));
#5071 = VECTOR('',#5072,1.);
#5072 = DIRECTION('',(1.,-0.));
#5073 = ( GEOMETRIC_REPRESENTATION_CONTEXT(2) 
PARAMETRIC_REPRESENTATION_CONTEXT() REPRESENTATION_CONTEXT('2D SPACE',''
  ) );
#5074 = ORIENTED_EDGE('',*,*,#5005,.T.);
#5075 = ORIENTED_EDGE('',*,*,#3772,.F.);
#5076 = ADVANCED_FACE('',(#5077),#3863,.T.);
#5077 = FACE_BOUND('',#5078,.F.);
#5078 = EDGE_LOOP('',(#5079,#5080,#5104,#5125));
#5079 = ORIENTED_EDGE('',*,*,#3849,.F.);
#5080 = ORIENTED_EDGE('',*,*,#5081,.T.);
#5081 = EDGE_CURVE('',#3827,#5082,#5084,.T.);
#5082 = VERTEX_POINT('',#5083);
#5083 = CARTESIAN_POINT('',(526.,-267.5,-36.));
#5084 = SURFACE_CURVE('',#5085,(#5090,#5097),.PCURVE_S1.);
#5085 = CIRCLE('',#5086,24.);
#5086 = AXIS2_PLACEMENT_3D('',#5087,#5088,#5089);
#5087 = CARTESIAN_POINT('',(526.,-243.5,-36.));
#5088 = DIRECTION('',(0.,0.,-1.));
#5089 = DIRECTION('',(1.,-1.480297366167E-16,-0.));
#5090 = PCURVE('',#3863,#5091);
#5091 = DEFINITIONAL_REPRESENTATION('',(#5092),#5096);
#5092 = LINE('',#5093,#5094);
#5093 = CARTESIAN_POINT('',(-0.,24.));
#5094 = VECTOR('',#5095,1.);
#5095 = DIRECTION('',(-1.,0.));
#5096 = ( GEOMETRIC_REPRESENTATION_CONTEXT(2) 
PARAMETRIC_REPRESENTATION_CONTEXT() REPRESENTATION_CONTEXT('2D SPACE',''
  ) );
#5097 = PCURVE('',#3918,#5098);
#5098 = DEFINITIONAL_REPRESENTATION('',(#5099),#5103);
#5099 = LINE('',#5100,#5101);
#5100 = CARTESIAN_POINT('',(-0.,0.));
#5101 = VECTOR('',#5102,1.);
#5102 = DIRECTION('',(-1.,0.));
#5103 = ( GEOMETRIC_REPRESENTATION_CONTEXT(2) 
PARAMETRIC_REPRESENTATION_CONTEXT() REPRESENTATION_CONTEXT('2D SPACE',''
  ) );
#5104 = ORIENTED_EDGE('',*,*,#5105,.T.);
#5105 = EDGE_CURVE('',#5082,#5006,#5106,.T.);
#5106 = SURFACE_CURVE('',#5107,(#5111,#5118),.PCURVE_S1.);
#5107 = LINE('',#5108,#5109);
#5108 = CARTESIAN_POINT('',(526.,-267.5,-60.));
#5109 = VECTOR('',#5110,1.);
#5110 = DIRECTION('',(-0.,-0.,1.));
#5111 = PCURVE('',#3863,#5112);
#5112 = DEFINITIONAL_REPRESENTATION('',(#5113),#5117);
#5113 = LINE('',#5114,#5115);
#5114 = CARTESIAN_POINT('',(-1.570796326795,0.));
#5115 = VECTOR('',#5116,1.);
#5116 = DIRECTION('',(-0.,1.));
#5117 = ( GEOMETRIC_REPRESENTATION_CONTEXT(2) 
PARAMETRIC_REPRESENTATION_CONTEXT() REPRESENTATION_CONTEXT('2D SPACE',''
  ) );
#5118 = PCURVE('',#4939,#5119);
#5119 = DEFINITIONAL_REPRESENTATION('',(#5120),#5124);
#5120 = LINE('',#5121,#5122);
#5121 = CARTESIAN_POINT('',(-0.,876.));
#5122 = VECTOR('',#5123,1.);
#5123 = DIRECTION('',(-1.,0.));
#5124 = ( GEOMETRIC_REPRESENTATION_CONTEXT(2) 
PARAMETRIC_REPRESENTATION_CONTEXT() REPRESENTATION_CONTEXT('2D SPACE',''
  ) );
#5125 = ORIENTED_EDGE('',*,*,#5053,.T.);
#5126 = ADVANCED_FACE('',(#5127),#3918,.T.);
#5127 = FACE_BOUND('',#5128,.F.);
#5128 = EDGE_LOOP('',(#5129,#5130,#5152));
#5129 = ORIENTED_EDGE('',*,*,#3903,.F.);
#5130 = ORIENTED_EDGE('',*,*,#5131,.T.);
#5131 = EDGE_CURVE('',#3881,#5082,#5132,.T.);
#5132 = SURFACE_CURVE('',#5133,(#5138,#5145),.PCURVE_S1.);
#5133 = CIRCLE('',#5134,24.);
#5134 = AXIS2_PLACEMENT_3D('',#5135,#5136,#5137);
#5135 = CARTESIAN_POINT('',(526.,-243.5,-36.));
#5136 = DIRECTION('',(-1.,8.679739665932E-17,0.));
#5137 = DIRECTION('',(-8.679739665932E-17,-1.,-0.));
#5138 = PCURVE('',#3918,#5139);
#5139 = DEFINITIONAL_REPRESENTATION('',(#5140),#5144);
#5140 = LINE('',#5141,#5142);
#5141 = CARTESIAN_POINT('',(-1.570796326795,-6.28318530718));
#5142 = VECTOR('',#5143,1.);
#5143 = DIRECTION('',(-0.,1.));
#5144 = ( GEOMETRIC_REPRESENTATION_CONTEXT(2) 
PARAMETRIC_REPRESENTATION_CONTEXT() REPRESENTATION_CONTEXT('2D SPACE',''
  ) );
#5145 = PCURVE('',#3973,#5146);
#5146 = DEFINITIONAL_REPRESENTATION('',(#5147),#5151);
#5147 = LINE('',#5148,#5149);
#5148 = CARTESIAN_POINT('',(6.28318530718,876.));
#5149 = VECTOR('',#5150,1.);
#5150 = DIRECTION('',(-1.,-0.));
#5151 = ( GEOMETRIC_REPRESENTATION_CONTEXT(2) 
PARAMETRIC_REPRESENTATION_CONTEXT() REPRESENTATION_CONTEXT('2D SPACE',''
  ) );
#5152 = ORIENTED_EDGE('',*,*,#5081,.F.);
#5153 = ADVANCED_FACE('',(#5154),#3973,.T.);
#5154 = FACE_BOUND('',#5155,.T.);
#5155 = EDGE_LOOP('',(#5156,#5178,#5179,#5180));
#5156 = ORIENTED_EDGE('',*,*,#5157,.F.);
#5157 = EDGE_CURVE('',#3935,#4900,#5158,.T.);
#5158 = SURFACE_CURVE('',#5159,(#5164,#5171),.PCURVE_S1.);
#5159 = CIRCLE('',#5160,24.);
#5160 = AXIS2_PLACEMENT_3D('',#5161,#5162,#5163);
#5161 = CARTESIAN_POINT('',(-326.,-243.5,-36.));
#5162 = DIRECTION('',(-1.,-8.679739665932E-17,-0.));
#5163 = DIRECTION('',(8.679739665932E-17,-1.,-0.));
#5164 = PCURVE('',#3973,#5165);
#5165 = DEFINITIONAL_REPRESENTATION('',(#5166),#5170);
#5166 = LINE('',#5167,#5168);
#5167 = CARTESIAN_POINT('',(6.28318530718,24.));
#5168 = VECTOR('',#5169,1.);
#5169 = DIRECTION('',(-1.,-0.));
#5170 = ( GEOMETRIC_REPRESENTATION_CONTEXT(2) 
PARAMETRIC_REPRESENTATION_CONTEXT() REPRESENTATION_CONTEXT('2D SPACE',''
  ) );
#5171 = PCURVE('',#4005,#5172);
#5172 = DEFINITIONAL_REPRESENTATION('',(#5173),#5177);
#5173 = LINE('',#5174,#5175);
#5174 = CARTESIAN_POINT('',(1.570796326795,-6.28318530718));
#5175 = VECTOR('',#5176,1.);
#5176 = DIRECTION('',(0.,1.));
#5177 = ( GEOMETRIC_REPRESENTATION_CONTEXT(2) 
PARAMETRIC_REPRESENTATION_CONTEXT() REPRESENTATION_CONTEXT('2D SPACE',''
  ) );
#5178 = ORIENTED_EDGE('',*,*,#3959,.T.);
#5179 = ORIENTED_EDGE('',*,*,#5131,.T.);
#5180 = ORIENTED_EDGE('',*,*,#5181,.F.);
#5181 = EDGE_CURVE('',#4900,#5082,#5182,.T.);
#5182 = SURFACE_CURVE('',#5183,(#5187,#5194),.PCURVE_S1.);
#5183 = LINE('',#5184,#5185);
#5184 = CARTESIAN_POINT('',(-350.,-267.5,-36.));
#5185 = VECTOR('',#5186,1.);
#5186 = DIRECTION('',(1.,-0.,-0.));
#5187 = PCURVE('',#3973,#5188);
#5188 = DEFINITIONAL_REPRESENTATION('',(#5189),#5193);
#5189 = LINE('',#5190,#5191);
#5190 = CARTESIAN_POINT('',(0.,0.));
#5191 = VECTOR('',#5192,1.);
#5192 = DIRECTION('',(0.,1.));
#5193 = ( GEOMETRIC_REPRESENTATION_CONTEXT(2) 
PARAMETRIC_REPRESENTATION_CONTEXT() REPRESENTATION_CONTEXT('2D SPACE',''
  ) );
#5194 = PCURVE('',#4939,#5195);
#5195 = DEFINITIONAL_REPRESENTATION('',(#5196),#5200);
#5196 = LINE('',#5197,#5198);
#5197 = CARTESIAN_POINT('',(-24.,0.));
#5198 = VECTOR('',#5199,1.);
#5199 = DIRECTION('',(-0.,1.));
#5200 = ( GEOMETRIC_REPRESENTATION_CONTEXT(2) 
PARAMETRIC_REPRESENTATION_CONTEXT() REPRESENTATION_CONTEXT('2D SPACE',''
  ) );
#5201 = ADVANCED_FACE('',(#5202),#4005,.T.);
#5202 = FACE_BOUND('',#5203,.T.);
#5203 = EDGE_LOOP('',(#5204,#5205,#5206));
#5204 = ORIENTED_EDGE('',*,*,#3990,.F.);
#5205 = ORIENTED_EDGE('',*,*,#5157,.T.);
#5206 = ORIENTED_EDGE('',*,*,#4899,.F.);
#5207 = ADVANCED_FACE('',(#5208),#4072,.F.);
#5208 = FACE_BOUND('',#5209,.F.);
#5209 = EDGE_LOOP('',(#5210));
#5210 = ORIENTED_EDGE('',*,*,#4055,.T.);
#5211 = ADVANCED_FACE('',(#5212),#4234,.T.);
#5212 = FACE_BOUND('',#5213,.T.);
#5213 = EDGE_LOOP('',(#5214,#5215,#5216,#5217));
#5214 = ORIENTED_EDGE('',*,*,#4220,.T.);
#5215 = ORIENTED_EDGE('',*,*,#4438,.T.);
#5216 = ORIENTED_EDGE('',*,*,#4356,.F.);
#5217 = ORIENTED_EDGE('',*,*,#4303,.F.);
#5218 = ADVANCED_FACE('',(#5219),#4502,.T.);
#5219 = FACE_BOUND('',#5220,.T.);
#5220 = EDGE_LOOP('',(#5221,#5245,#5267));
#5221 = ORIENTED_EDGE('',*,*,#5222,.F.);
#5222 = EDGE_CURVE('',#5223,#4463,#5225,.T.);
#5223 = VERTEX_POINT('',#5224);
#5224 = CARTESIAN_POINT('',(145.,-65.,-295.));
#5225 = SURFACE_CURVE('',#5226,(#5231,#5238),.PCURVE_S1.);
#5226 = CIRCLE('',#5227,25.);
#5227 = AXIS2_PLACEMENT_3D('',#5228,#5229,#5230);
#5228 = CARTESIAN_POINT('',(145.,-65.,-270.));
#5229 = DIRECTION('',(0.,1.,-0.));
#5230 = DIRECTION('',(-1.,0.,0.));
#5231 = PCURVE('',#4502,#5232);
#5232 = DEFINITIONAL_REPRESENTATION('',(#5233),#5237);
#5233 = LINE('',#5234,#5235);
#5234 = CARTESIAN_POINT('',(0.,-6.28318530718));
#5235 = VECTOR('',#5236,1.);
#5236 = DIRECTION('',(0.,1.));
#5237 = ( GEOMETRIC_REPRESENTATION_CONTEXT(2) 
PARAMETRIC_REPRESENTATION_CONTEXT() REPRESENTATION_CONTEXT('2D SPACE',''
  ) );
#5238 = PCURVE('',#4556,#5239);
#5239 = DEFINITIONAL_REPRESENTATION('',(#5240),#5244);
#5240 = LINE('',#5241,#5242);
#5241 = CARTESIAN_POINT('',(-6.28318530718,25.));
#5242 = VECTOR('',#5243,1.);
#5243 = DIRECTION('',(1.,-0.));
#5244 = ( GEOMETRIC_REPRESENTATION_CONTEXT(2) 
PARAMETRIC_REPRESENTATION_CONTEXT() REPRESENTATION_CONTEXT('2D SPACE',''
  ) );
#5245 = ORIENTED_EDGE('',*,*,#5246,.T.);
#5246 = EDGE_CURVE('',#5223,#4486,#5247,.T.);
#5247 = SURFACE_CURVE('',#5248,(#5253,#5260),.PCURVE_S1.);
#5248 = CIRCLE('',#5249,25.);
#5249 = AXIS2_PLACEMENT_3D('',#5250,#5251,#5252);
#5250 = CARTESIAN_POINT('',(145.,-65.,-270.));
#5251 = DIRECTION('',(-1.,6.123233995737E-17,0.));
#5252 = DIRECTION('',(-6.123233995737E-17,-1.,0.));
#5253 = PCURVE('',#4502,#5254);
#5254 = DEFINITIONAL_REPRESENTATION('',(#5255),#5259);
#5255 = LINE('',#5256,#5257);
#5256 = CARTESIAN_POINT('',(1.570796326795,-6.28318530718));
#5257 = VECTOR('',#5258,1.);
#5258 = DIRECTION('',(0.,1.));
#5259 = ( GEOMETRIC_REPRESENTATION_CONTEXT(2) 
PARAMETRIC_REPRESENTATION_CONTEXT() REPRESENTATION_CONTEXT('2D SPACE',''
  ) );
#5260 = PCURVE('',#4632,#5261);
#5261 = DEFINITIONAL_REPRESENTATION('',(#5262),#5266);
#5262 = LINE('',#5263,#5264);
#5263 = CARTESIAN_POINT('',(6.28318530718,25.));
#5264 = VECTOR('',#5265,1.);
#5265 = DIRECTION('',(-1.,-0.));
#5266 = ( GEOMETRIC_REPRESENTATION_CONTEXT(2) 
PARAMETRIC_REPRESENTATION_CONTEXT() REPRESENTATION_CONTEXT('2D SPACE',''
  ) );
#5267 = ORIENTED_EDGE('',*,*,#4485,.F.);
#5268 = ADVANCED_FACE('',(#5269),#4556,.T.);
#5269 = FACE_BOUND('',#5270,.F.);
#5270 = EDGE_LOOP('',(#5271,#5272,#5300,#5322));
#5271 = ORIENTED_EDGE('',*,*,#5222,.F.);
#5272 = ORIENTED_EDGE('',*,*,#5273,.T.);
#5273 = EDGE_CURVE('',#5223,#5274,#5276,.T.);
#5274 = VERTEX_POINT('',#5275);
#5275 = CARTESIAN_POINT('',(145.,65.,-295.));
#5276 = SURFACE_CURVE('',#5277,(#5281,#5288),.PCURVE_S1.);
#5277 = LINE('',#5278,#5279);
#5278 = CARTESIAN_POINT('',(145.,-90.,-295.));
#5279 = VECTOR('',#5280,1.);
#5280 = DIRECTION('',(0.,1.,0.));
#5281 = PCURVE('',#4556,#5282);
#5282 = DEFINITIONAL_REPRESENTATION('',(#5283),#5287);
#5283 = LINE('',#5284,#5285);
#5284 = CARTESIAN_POINT('',(-1.570796326795,0.));
#5285 = VECTOR('',#5286,1.);
#5286 = DIRECTION('',(-0.,1.));
#5287 = ( GEOMETRIC_REPRESENTATION_CONTEXT(2) 
PARAMETRIC_REPRESENTATION_CONTEXT() REPRESENTATION_CONTEXT('2D SPACE',''
  ) );
#5288 = PCURVE('',#5289,#5294);
#5289 = PLANE('',#5290);
#5290 = AXIS2_PLACEMENT_3D('',#5291,#5292,#5293);
#5291 = CARTESIAN_POINT('',(120.,-90.,-295.));
#5292 = DIRECTION('',(0.,0.,1.));
#5293 = DIRECTION('',(1.,0.,0.));
#5294 = DEFINITIONAL_REPRESENTATION('',(#5295),#5299);
#5295 = LINE('',#5296,#5297);
#5296 = CARTESIAN_POINT('',(25.,0.));
#5297 = VECTOR('',#5298,1.);
#5298 = DIRECTION('',(0.,1.));
#5299 = ( GEOMETRIC_REPRESENTATION_CONTEXT(2) 
PARAMETRIC_REPRESENTATION_CONTEXT() REPRESENTATION_CONTEXT('2D SPACE',''
  ) );
#5300 = ORIENTED_EDGE('',*,*,#5301,.T.);
#5301 = EDGE_CURVE('',#5274,#4541,#5302,.T.);
#5302 = SURFACE_CURVE('',#5303,(#5308,#5315),.PCURVE_S1.);
#5303 = CIRCLE('',#5304,25.);
#5304 = AXIS2_PLACEMENT_3D('',#5305,#5306,#5307);
#5305 = CARTESIAN_POINT('',(145.,65.,-270.));
#5306 = DIRECTION('',(0.,1.,-0.));
#5307 = DIRECTION('',(-1.,0.,0.));
#5308 = PCURVE('',#4556,#5309);
#5309 = DEFINITIONAL_REPRESENTATION('',(#5310),#5314);
#5310 = LINE('',#5311,#5312);
#5311 = CARTESIAN_POINT('',(-6.28318530718,155.));
#5312 = VECTOR('',#5313,1.);
#5313 = DIRECTION('',(1.,-0.));
#5314 = ( GEOMETRIC_REPRESENTATION_CONTEXT(2) 
PARAMETRIC_REPRESENTATION_CONTEXT() REPRESENTATION_CONTEXT('2D SPACE',''
  ) );
#5315 = PCURVE('',#4665,#5316);
#5316 = DEFINITIONAL_REPRESENTATION('',(#5317),#5321);
#5317 = LINE('',#5318,#5319);
#5318 = CARTESIAN_POINT('',(-0.,-6.28318530718));
#5319 = VECTOR('',#5320,1.);
#5320 = DIRECTION('',(-0.,1.));
#5321 = ( GEOMETRIC_REPRESENTATION_CONTEXT(2) 
PARAMETRIC_REPRESENTATION_CONTEXT() REPRESENTATION_CONTEXT('2D SPACE',''
  ) );
#5322 = ORIENTED_EDGE('',*,*,#4540,.F.);
#5323 = ADVANCED_FACE('',(#5324),#4632,.T.);
#5324 = FACE_BOUND('',#5325,.T.);
#5325 = EDGE_LOOP('',(#5326,#5327,#5350,#5372));
#5326 = ORIENTED_EDGE('',*,*,#5246,.F.);
#5327 = ORIENTED_EDGE('',*,*,#5328,.T.);
#5328 = EDGE_CURVE('',#5223,#5329,#5331,.T.);
#5329 = VERTEX_POINT('',#5330);
#5330 = CARTESIAN_POINT('',(355.,-65.,-295.));
#5331 = SURFACE_CURVE('',#5332,(#5336,#5343),.PCURVE_S1.);
#5332 = LINE('',#5333,#5334);
#5333 = CARTESIAN_POINT('',(120.,-65.,-295.));
#5334 = VECTOR('',#5335,1.);
#5335 = DIRECTION('',(1.,0.,0.));
#5336 = PCURVE('',#4632,#5337);
#5337 = DEFINITIONAL_REPRESENTATION('',(#5338),#5342);
#5338 = LINE('',#5339,#5340);
#5339 = CARTESIAN_POINT('',(1.570796326795,0.));
#5340 = VECTOR('',#5341,1.);
#5341 = DIRECTION('',(0.,1.));
#5342 = ( GEOMETRIC_REPRESENTATION_CONTEXT(2) 
PARAMETRIC_REPRESENTATION_CONTEXT() REPRESENTATION_CONTEXT('2D SPACE',''
  ) );
#5343 = PCURVE('',#5289,#5344);
#5344 = DEFINITIONAL_REPRESENTATION('',(#5345),#5349);
#5345 = LINE('',#5346,#5347);
#5346 = CARTESIAN_POINT('',(0.,25.));
#5347 = VECTOR('',#5348,1.);
#5348 = DIRECTION('',(1.,0.));
#5349 = ( GEOMETRIC_REPRESENTATION_CONTEXT(2) 
PARAMETRIC_REPRESENTATION_CONTEXT() REPRESENTATION_CONTEXT('2D SPACE',''
  ) );
#5350 = ORIENTED_EDGE('',*,*,#5351,.T.);
#5351 = EDGE_CURVE('',#5329,#4596,#5352,.T.);
#5352 = SURFACE_CURVE('',#5353,(#5358,#5365),.PCURVE_S1.);
#5353 = CIRCLE('',#5354,25.);
#5354 = AXIS2_PLACEMENT_3D('',#5355,#5356,#5357);
#5355 = CARTESIAN_POINT('',(355.,-65.,-270.));
#5356 = DIRECTION('',(-1.,-6.123233995737E-17,0.));
#5357 = DIRECTION('',(6.123233995737E-17,-1.,-0.));
#5358 = PCURVE('',#4632,#5359);
#5359 = DEFINITIONAL_REPRESENTATION('',(#5360),#5364);
#5360 = LINE('',#5361,#5362);
#5361 = CARTESIAN_POINT('',(6.28318530718,235.));
#5362 = VECTOR('',#5363,1.);
#5363 = DIRECTION('',(-1.,-0.));
#5364 = ( GEOMETRIC_REPRESENTATION_CONTEXT(2) 
PARAMETRIC_REPRESENTATION_CONTEXT() REPRESENTATION_CONTEXT('2D SPACE',''
  ) );
#5365 = PCURVE('',#4740,#5366);
#5366 = DEFINITIONAL_REPRESENTATION('',(#5367),#5371);
#5367 = LINE('',#5368,#5369);
#5368 = CARTESIAN_POINT('',(-1.570796326795,-6.28318530718));
#5369 = VECTOR('',#5370,1.);
#5370 = DIRECTION('',(-0.,1.));
#5371 = ( GEOMETRIC_REPRESENTATION_CONTEXT(2) 
PARAMETRIC_REPRESENTATION_CONTEXT() REPRESENTATION_CONTEXT('2D SPACE',''
  ) );
#5372 = ORIENTED_EDGE('',*,*,#4618,.F.);
#5373 = ADVANCED_FACE('',(#5374),#4665,.T.);
#5374 = FACE_BOUND('',#5375,.F.);
#5375 = EDGE_LOOP('',(#5376,#5377,#5399));
#5376 = ORIENTED_EDGE('',*,*,#5301,.F.);
#5377 = ORIENTED_EDGE('',*,*,#5378,.T.);
#5378 = EDGE_CURVE('',#5274,#4649,#5379,.T.);
#5379 = SURFACE_CURVE('',#5380,(#5385,#5392),.PCURVE_S1.);
#5380 = CIRCLE('',#5381,25.);
#5381 = AXIS2_PLACEMENT_3D('',#5382,#5383,#5384);
#5382 = CARTESIAN_POINT('',(145.,65.,-270.));
#5383 = DIRECTION('',(1.,6.123233995737E-17,-0.));
#5384 = DIRECTION('',(-6.123233995737E-17,1.,0.));
#5385 = PCURVE('',#4665,#5386);
#5386 = DEFINITIONAL_REPRESENTATION('',(#5387),#5391);
#5387 = LINE('',#5388,#5389);
#5388 = CARTESIAN_POINT('',(-1.570796326795,-6.28318530718));
#5389 = VECTOR('',#5390,1.);
#5390 = DIRECTION('',(-0.,1.));
#5391 = ( GEOMETRIC_REPRESENTATION_CONTEXT(2) 
PARAMETRIC_REPRESENTATION_CONTEXT() REPRESENTATION_CONTEXT('2D SPACE',''
  ) );
#5392 = PCURVE('',#4796,#5393);
#5393 = DEFINITIONAL_REPRESENTATION('',(#5394),#5398);
#5394 = LINE('',#5395,#5396);
#5395 = CARTESIAN_POINT('',(-6.28318530718,25.));
#5396 = VECTOR('',#5397,1.);
#5397 = DIRECTION('',(1.,-0.));
#5398 = ( GEOMETRIC_REPRESENTATION_CONTEXT(2) 
PARAMETRIC_REPRESENTATION_CONTEXT() REPRESENTATION_CONTEXT('2D SPACE',''
  ) );
#5399 = ORIENTED_EDGE('',*,*,#4648,.F.);
#5400 = ADVANCED_FACE('',(#5401),#4740,.T.);
#5401 = FACE_BOUND('',#5402,.F.);
#5402 = EDGE_LOOP('',(#5403,#5425,#5426));
#5403 = ORIENTED_EDGE('',*,*,#5404,.F.);
#5404 = EDGE_CURVE('',#5329,#4703,#5405,.T.);
#5405 = SURFACE_CURVE('',#5406,(#5411,#5418),.PCURVE_S1.);
#5406 = CIRCLE('',#5407,25.);
#5407 = AXIS2_PLACEMENT_3D('',#5408,#5409,#5410);
#5408 = CARTESIAN_POINT('',(355.,-65.,-270.));
#5409 = DIRECTION('',(0.,-1.,0.));
#5410 = DIRECTION('',(1.,0.,0.));
#5411 = PCURVE('',#4740,#5412);
#5412 = DEFINITIONAL_REPRESENTATION('',(#5413),#5417);
#5413 = LINE('',#5414,#5415);
#5414 = CARTESIAN_POINT('',(-0.,-6.28318530718));
#5415 = VECTOR('',#5416,1.);
#5416 = DIRECTION('',(-0.,1.));
#5417 = ( GEOMETRIC_REPRESENTATION_CONTEXT(2) 
PARAMETRIC_REPRESENTATION_CONTEXT() REPRESENTATION_CONTEXT('2D SPACE',''
  ) );
#5418 = PCURVE('',#4828,#5419);
#5419 = DEFINITIONAL_REPRESENTATION('',(#5420),#5424);
#5420 = LINE('',#5421,#5422);
#5421 = CARTESIAN_POINT('',(6.28318530718,25.));
#5422 = VECTOR('',#5423,1.);
#5423 = DIRECTION('',(-1.,-0.));
#5424 = ( GEOMETRIC_REPRESENTATION_CONTEXT(2) 
PARAMETRIC_REPRESENTATION_CONTEXT() REPRESENTATION_CONTEXT('2D SPACE',''
  ) );
#5425 = ORIENTED_EDGE('',*,*,#5351,.T.);
#5426 = ORIENTED_EDGE('',*,*,#4725,.F.);
#5427 = ADVANCED_FACE('',(#5428),#4796,.T.);
#5428 = FACE_BOUND('',#5429,.F.);
#5429 = EDGE_LOOP('',(#5430,#5431,#5454,#5476));
#5430 = ORIENTED_EDGE('',*,*,#5378,.F.);
#5431 = ORIENTED_EDGE('',*,*,#5432,.T.);
#5432 = EDGE_CURVE('',#5274,#5433,#5435,.T.);
#5433 = VERTEX_POINT('',#5434);
#5434 = CARTESIAN_POINT('',(355.,65.,-295.));
#5435 = SURFACE_CURVE('',#5436,(#5440,#5447),.PCURVE_S1.);
#5436 = LINE('',#5437,#5438);
#5437 = CARTESIAN_POINT('',(120.,65.,-295.));
#5438 = VECTOR('',#5439,1.);
#5439 = DIRECTION('',(1.,0.,0.));
#5440 = PCURVE('',#4796,#5441);
#5441 = DEFINITIONAL_REPRESENTATION('',(#5442),#5446);
#5442 = LINE('',#5443,#5444);
#5443 = CARTESIAN_POINT('',(-1.570796326795,0.));
#5444 = VECTOR('',#5445,1.);
#5445 = DIRECTION('',(-0.,1.));
#5446 = ( GEOMETRIC_REPRESENTATION_CONTEXT(2) 
PARAMETRIC_REPRESENTATION_CONTEXT() REPRESENTATION_CONTEXT('2D SPACE',''
  ) );
#5447 = PCURVE('',#5289,#5448);
#5448 = DEFINITIONAL_REPRESENTATION('',(#5449),#5453);
#5449 = LINE('',#5450,#5451);
#5450 = CARTESIAN_POINT('',(0.,155.));
#5451 = VECTOR('',#5452,1.);
#5452 = DIRECTION('',(1.,0.));
#5453 = ( GEOMETRIC_REPRESENTATION_CONTEXT(2) 
PARAMETRIC_REPRESENTATION_CONTEXT() REPRESENTATION_CONTEXT('2D SPACE',''
  ) );
#5454 = ORIENTED_EDGE('',*,*,#5455,.T.);
#5455 = EDGE_CURVE('',#5433,#4760,#5456,.T.);
#5456 = SURFACE_CURVE('',#5457,(#5462,#5469),.PCURVE_S1.);
#5457 = CIRCLE('',#5458,25.);
#5458 = AXIS2_PLACEMENT_3D('',#5459,#5460,#5461);
#5459 = CARTESIAN_POINT('',(355.,65.,-270.));
#5460 = DIRECTION('',(1.,-6.123233995737E-17,0.));
#5461 = DIRECTION('',(6.123233995737E-17,1.,0.));
#5462 = PCURVE('',#4796,#5463);
#5463 = DEFINITIONAL_REPRESENTATION('',(#5464),#5468);
#5464 = LINE('',#5465,#5466);
#5465 = CARTESIAN_POINT('',(-6.28318530718,235.));
#5466 = VECTOR('',#5467,1.);
#5467 = DIRECTION('',(1.,-0.));
#5468 = ( GEOMETRIC_REPRESENTATION_CONTEXT(2) 
PARAMETRIC_REPRESENTATION_CONTEXT() REPRESENTATION_CONTEXT('2D SPACE',''
  ) );
#5469 = PCURVE('',#4881,#5470);
#5470 = DEFINITIONAL_REPRESENTATION('',(#5471),#5475);
#5471 = LINE('',#5472,#5473);
#5472 = CARTESIAN_POINT('',(1.570796326795,-6.28318530718));
#5473 = VECTOR('',#5474,1.);
#5474 = DIRECTION('',(0.,1.));
#5475 = ( GEOMETRIC_REPRESENTATION_CONTEXT(2) 
PARAMETRIC_REPRESENTATION_CONTEXT() REPRESENTATION_CONTEXT('2D SPACE',''
  ) );
#5476 = ORIENTED_EDGE('',*,*,#4782,.F.);
#5477 = ADVANCED_FACE('',(#5478),#4828,.T.);
#5478 = FACE_BOUND('',#5479,.T.);
#5479 = EDGE_LOOP('',(#5480,#5481,#5502,#5524));
#5480 = ORIENTED_EDGE('',*,*,#5404,.F.);
#5481 = ORIENTED_EDGE('',*,*,#5482,.T.);
#5482 = EDGE_CURVE('',#5329,#5433,#5483,.T.);
#5483 = SURFACE_CURVE('',#5484,(#5488,#5495),.PCURVE_S1.);
#5484 = LINE('',#5485,#5486);
#5485 = CARTESIAN_POINT('',(355.,-90.,-295.));
#5486 = VECTOR('',#5487,1.);
#5487 = DIRECTION('',(0.,1.,0.));
#5488 = PCURVE('',#4828,#5489);
#5489 = DEFINITIONAL_REPRESENTATION('',(#5490),#5494);
#5490 = LINE('',#5491,#5492);
#5491 = CARTESIAN_POINT('',(1.570796326795,0.));
#5492 = VECTOR('',#5493,1.);
#5493 = DIRECTION('',(0.,1.));
#5494 = ( GEOMETRIC_REPRESENTATION_CONTEXT(2) 
PARAMETRIC_REPRESENTATION_CONTEXT() REPRESENTATION_CONTEXT('2D SPACE',''
  ) );
#5495 = PCURVE('',#5289,#5496);
#5496 = DEFINITIONAL_REPRESENTATION('',(#5497),#5501);
#5497 = LINE('',#5498,#5499);
#5498 = CARTESIAN_POINT('',(235.,0.));
#5499 = VECTOR('',#5500,1.);
#5500 = DIRECTION('',(0.,1.));
#5501 = ( GEOMETRIC_REPRESENTATION_CONTEXT(2) 
PARAMETRIC_REPRESENTATION_CONTEXT() REPRESENTATION_CONTEXT('2D SPACE',''
  ) );
#5502 = ORIENTED_EDGE('',*,*,#5503,.T.);
#5503 = EDGE_CURVE('',#5433,#4813,#5504,.T.);
#5504 = SURFACE_CURVE('',#5505,(#5510,#5517),.PCURVE_S1.);
#5505 = CIRCLE('',#5506,25.);
#5506 = AXIS2_PLACEMENT_3D('',#5507,#5508,#5509);
#5507 = CARTESIAN_POINT('',(355.,65.,-270.));
#5508 = DIRECTION('',(0.,-1.,0.));
#5509 = DIRECTION('',(1.,0.,0.));
#5510 = PCURVE('',#4828,#5511);
#5511 = DEFINITIONAL_REPRESENTATION('',(#5512),#5516);
#5512 = LINE('',#5513,#5514);
#5513 = CARTESIAN_POINT('',(6.28318530718,155.));
#5514 = VECTOR('',#5515,1.);
#5515 = DIRECTION('',(-1.,-0.));
#5516 = ( GEOMETRIC_REPRESENTATION_CONTEXT(2) 
PARAMETRIC_REPRESENTATION_CONTEXT() REPRESENTATION_CONTEXT('2D SPACE',''
  ) );
#5517 = PCURVE('',#4881,#5518);
#5518 = DEFINITIONAL_REPRESENTATION('',(#5519),#5523);
#5519 = LINE('',#5520,#5521);
#5520 = CARTESIAN_POINT('',(0.,-6.28318530718));
#5521 = VECTOR('',#5522,1.);
#5522 = DIRECTION('',(0.,1.));
#5523 = ( GEOMETRIC_REPRESENTATION_CONTEXT(2) 
PARAMETRIC_REPRESENTATION_CONTEXT() REPRESENTATION_CONTEXT('2D SPACE',''
  ) );
#5524 = ORIENTED_EDGE('',*,*,#4812,.F.);
#5525 = ADVANCED_FACE('',(#5526),#4881,.T.);
#5526 = FACE_BOUND('',#5527,.T.);
#5527 = EDGE_LOOP('',(#5528,#5529,#5530));
#5528 = ORIENTED_EDGE('',*,*,#5503,.F.);
#5529 = ORIENTED_EDGE('',*,*,#5455,.T.);
#5530 = ORIENTED_EDGE('',*,*,#4866,.F.);
#5531 = ADVANCED_FACE('',(#5532),#4939,.T.);
#5532 = FACE_BOUND('',#5533,.F.);
#5533 = EDGE_LOOP('',(#5534,#5535,#5536,#5537));
#5534 = ORIENTED_EDGE('',*,*,#4923,.T.);
#5535 = ORIENTED_EDGE('',*,*,#5029,.T.);
#5536 = ORIENTED_EDGE('',*,*,#5105,.F.);
#5537 = ORIENTED_EDGE('',*,*,#5181,.F.);
#5538 = ADVANCED_FACE('',(#5539),#5289,.F.);
#5539 = FACE_BOUND('',#5540,.F.);
#5540 = EDGE_LOOP('',(#5541,#5542,#5543,#5544));
#5541 = ORIENTED_EDGE('',*,*,#5273,.F.);
#5542 = ORIENTED_EDGE('',*,*,#5328,.T.);
#5543 = ORIENTED_EDGE('',*,*,#5482,.T.);
#5544 = ORIENTED_EDGE('',*,*,#5432,.F.);
#5545 = ( GEOMETRIC_REPRESENTATION_CONTEXT(3) 
GLOBAL_UNCERTAINTY_ASSIGNED_CONTEXT((#5549)) 
GLOBAL_UNIT_ASSIGNED_CONTEXT((#5546,#5547,#5548)) REPRESENTATION_CONTEXT
('Context #1','3D Context with UNIT and UNCERTAINTY') );
#5546 = ( LENGTH_UNIT() NAMED_UNIT(*) SI_UNIT(.MILLI.,.METRE.) );
#5547 = ( NAMED_UNIT(*) PLANE_ANGLE_UNIT() SI_UNIT($,.RADIAN.) );
#5548 = ( NAMED_UNIT(*) SI_UNIT($,.STERADIAN.) SOLID_ANGLE_UNIT() );
#5549 = UNCERTAINTY_MEASURE_WITH_UNIT(LENGTH_MEASURE(2.E-07),#5546,
  'distance_accuracy_value','confusion accuracy');
#5550 = CONTEXT_DEPENDENT_SHAPE_REPRESENTATION(#5551,#5553);
#5551 = ( REPRESENTATION_RELATIONSHIP('','',#40,#10) 
REPRESENTATION_RELATIONSHIP_WITH_TRANSFORMATION(#5552) 
SHAPE_REPRESENTATION_RELATIONSHIP() );
#5552 = ITEM_DEFINED_TRANSFORMATION('','',#11,#15);
#5553 = PRODUCT_DEFINITION_SHAPE('Placement','Placement of an item',
  #5554);
#5554 = NEXT_ASSEMBLY_USAGE_OCCURRENCE('24','','',#5,#35,$);
#5555 = PRODUCT_RELATED_PRODUCT_CATEGORY('part',$,(#37));
#5556 = SHAPE_DEFINITION_REPRESENTATION(#5557,#5563);
#5557 = PRODUCT_DEFINITION_SHAPE('','',#5558);
#5558 = PRODUCT_DEFINITION('design','',#5559,#5562);
#5559 = PRODUCT_DEFINITION_FORMATION('','',#5560);
#5560 = PRODUCT('Open CASCADE STEP translator 7.9 11.2',
  'Open CASCADE STEP translator 7.9 11.2','',(#5561));
#5561 = PRODUCT_CONTEXT('',#2,'mechanical');
#5562 = PRODUCT_DEFINITION_CONTEXT('part definition',#2,'design');
#5563 = ADVANCED_BREP_SHAPE_REPRESENTATION('',(#11,#5564),#5715);
#5564 = MANIFOLD_SOLID_BREP('',#5565);
#5565 = CLOSED_SHELL('',(#5566,#5629,#5655,#5711));
#5566 = ADVANCED_FACE('',(#5567),#5581,.F.);
#5567 = FACE_BOUND('',#5568,.F.);
#5568 = EDGE_LOOP('',(#5569,#5602));
#5569 = ORIENTED_EDGE('',*,*,#5570,.F.);
#5570 = EDGE_CURVE('',#5571,#5573,#5575,.T.);
#5571 = VERTEX_POINT('',#5572);
#5572 = CARTESIAN_POINT('',(-400.,0.,240.));
#5573 = VERTEX_POINT('',#5574);
#5574 = CARTESIAN_POINT('',(-440.,2.449293598295E-15,240.));
#5575 = SURFACE_CURVE('',#5576,(#5580,#5591),.PCURVE_S1.);
#5576 = LINE('',#5577,#5578);
#5577 = CARTESIAN_POINT('',(-1.11E+03,0.,240.));
#5578 = VECTOR('',#5579,1.);
#5579 = DIRECTION('',(-1.,-0.,-0.));
#5580 = PCURVE('',#5581,#5586);
#5581 = PLANE('',#5582);
#5582 = AXIS2_PLACEMENT_3D('',#5583,#5584,#5585);
#5583 = CARTESIAN_POINT('',(-420.,1.371473012632E-15,240.));
#5584 = DIRECTION('',(0.,0.,1.));
#5585 = DIRECTION('',(1.,0.,-0.));
#5586 = DEFINITIONAL_REPRESENTATION('',(#5587),#5590);
#5587 = B_SPLINE_CURVE_WITH_KNOTS('',1,(#5588,#5589),.UNSPECIFIED.,.F.,
  .F.,(2,2),(-714.,-666.),.PIECEWISE_BEZIER_KNOTS.);
#5588 = CARTESIAN_POINT('',(24.,-1.371473012632E-15));
#5589 = CARTESIAN_POINT('',(-24.,-1.371473012632E-15));
#5590 = ( GEOMETRIC_REPRESENTATION_CONTEXT(2) 
PARAMETRIC_REPRESENTATION_CONTEXT() REPRESENTATION_CONTEXT('2D SPACE',''
  ) );
#5591 = PCURVE('',#5592,#5597);
#5592 = PLANE('',#5593);
#5593 = AXIS2_PLACEMENT_3D('',#5594,#5595,#5596);
#5594 = CARTESIAN_POINT('',(-420.,1.371473012632E-15,240.));
#5595 = DIRECTION('',(0.,0.,1.));
#5596 = DIRECTION('',(1.,0.,-0.));
#5597 = DEFINITIONAL_REPRESENTATION('',(#5598),#5601);
#5598 = B_SPLINE_CURVE_WITH_KNOTS('',1,(#5599,#5600),.UNSPECIFIED.,.F.,
  .F.,(2,2),(-714.,-666.),.PIECEWISE_BEZIER_KNOTS.);
#5599 = CARTESIAN_POINT('',(24.,-1.371473012632E-15));
#5600 = CARTESIAN_POINT('',(-24.,-1.371473012632E-15));
#5601 = ( GEOMETRIC_REPRESENTATION_CONTEXT(2) 
PARAMETRIC_REPRESENTATION_CONTEXT() REPRESENTATION_CONTEXT('2D SPACE',''
  ) );
#5602 = ORIENTED_EDGE('',*,*,#5603,.T.);
#5603 = EDGE_CURVE('',#5571,#5573,#5604,.T.);
#5604 = SURFACE_CURVE('',#5605,(#5610,#5617),.PCURVE_S1.);
#5605 = CIRCLE('',#5606,20.);
#5606 = AXIS2_PLACEMENT_3D('',#5607,#5608,#5609);
#5607 = CARTESIAN_POINT('',(-420.,0.,240.));
#5608 = DIRECTION('',(0.,0.,1.));
#5609 = DIRECTION('',(1.,0.,0.));
#5610 = PCURVE('',#5581,#5611);
#5611 = DEFINITIONAL_REPRESENTATION('',(#5612),#5616);
#5612 = CIRCLE('',#5613,20.);
#5613 = AXIS2_PLACEMENT_2D('',#5614,#5615);
#5614 = CARTESIAN_POINT('',(0.,-1.371473012632E-15));
#5615 = DIRECTION('',(1.,0.));
#5616 = ( GEOMETRIC_REPRESENTATION_CONTEXT(2) 
PARAMETRIC_REPRESENTATION_CONTEXT() REPRESENTATION_CONTEXT('2D SPACE',''
  ) );
#5617 = PCURVE('',#5618,#5623);
#5618 = CYLINDRICAL_SURFACE('',#5619,20.);
#5619 = AXIS2_PLACEMENT_3D('',#5620,#5621,#5622);
#5620 = CARTESIAN_POINT('',(-420.,0.,240.));
#5621 = DIRECTION('',(-0.,-0.,-1.));
#5622 = DIRECTION('',(1.,0.,0.));
#5623 = DEFINITIONAL_REPRESENTATION('',(#5624),#5628);
#5624 = LINE('',#5625,#5626);
#5625 = CARTESIAN_POINT('',(-0.,0.));
#5626 = VECTOR('',#5627,1.);
#5627 = DIRECTION('',(-1.,0.));
#5628 = ( GEOMETRIC_REPRESENTATION_CONTEXT(2) 
PARAMETRIC_REPRESENTATION_CONTEXT() REPRESENTATION_CONTEXT('2D SPACE',''
  ) );
#5629 = ADVANCED_FACE('',(#5630),#5592,.F.);
#5630 = FACE_BOUND('',#5631,.F.);
#5631 = EDGE_LOOP('',(#5632,#5654));
#5632 = ORIENTED_EDGE('',*,*,#5633,.T.);
#5633 = EDGE_CURVE('',#5573,#5571,#5634,.T.);
#5634 = SURFACE_CURVE('',#5635,(#5640,#5647),.PCURVE_S1.);
#5635 = CIRCLE('',#5636,20.);
#5636 = AXIS2_PLACEMENT_3D('',#5637,#5638,#5639);
#5637 = CARTESIAN_POINT('',(-420.,0.,240.));
#5638 = DIRECTION('',(0.,0.,1.));
#5639 = DIRECTION('',(1.,0.,0.));
#5640 = PCURVE('',#5592,#5641);
#5641 = DEFINITIONAL_REPRESENTATION('',(#5642),#5646);
#5642 = CIRCLE('',#5643,20.);
#5643 = AXIS2_PLACEMENT_2D('',#5644,#5645);
#5644 = CARTESIAN_POINT('',(0.,-1.371473012632E-15));
#5645 = DIRECTION('',(1.,0.));
#5646 = ( GEOMETRIC_REPRESENTATION_CONTEXT(2) 
PARAMETRIC_REPRESENTATION_CONTEXT() REPRESENTATION_CONTEXT('2D SPACE',''
  ) );
#5647 = PCURVE('',#5618,#5648);
#5648 = DEFINITIONAL_REPRESENTATION('',(#5649),#5653);
#5649 = LINE('',#5650,#5651);
#5650 = CARTESIAN_POINT('',(-0.,0.));
#5651 = VECTOR('',#5652,1.);
#5652 = DIRECTION('',(-1.,0.));
#5653 = ( GEOMETRIC_REPRESENTATION_CONTEXT(2) 
PARAMETRIC_REPRESENTATION_CONTEXT() REPRESENTATION_CONTEXT('2D SPACE',''
  ) );
#5654 = ORIENTED_EDGE('',*,*,#5570,.T.);
#5655 = ADVANCED_FACE('',(#5656),#5618,.T.);
#5656 = FACE_BOUND('',#5657,.F.);
#5657 = EDGE_LOOP('',(#5658,#5659,#5682,#5709,#5710));
#5658 = ORIENTED_EDGE('',*,*,#5603,.F.);
#5659 = ORIENTED_EDGE('',*,*,#5660,.T.);
#5660 = EDGE_CURVE('',#5571,#5661,#5663,.T.);
#5661 = VERTEX_POINT('',#5662);
#5662 = CARTESIAN_POINT('',(-400.,0.,500.));
#5663 = SEAM_CURVE('',#5664,(#5668,#5675),.PCURVE_S1.);
#5664 = LINE('',#5665,#5666);
#5665 = CARTESIAN_POINT('',(-400.,0.,240.));
#5666 = VECTOR('',#5667,1.);
#5667 = DIRECTION('',(0.,0.,1.));
#5668 = PCURVE('',#5618,#5669);
#5669 = DEFINITIONAL_REPRESENTATION('',(#5670),#5674);
#5670 = LINE('',#5671,#5672);
#5671 = CARTESIAN_POINT('',(-6.28318530718,0.));
#5672 = VECTOR('',#5673,1.);
#5673 = DIRECTION('',(-0.,-1.));
#5674 = ( GEOMETRIC_REPRESENTATION_CONTEXT(2) 
PARAMETRIC_REPRESENTATION_CONTEXT() REPRESENTATION_CONTEXT('2D SPACE',''
  ) );
#5675 = PCURVE('',#5618,#5676);
#5676 = DEFINITIONAL_REPRESENTATION('',(#5677),#5681);
#5677 = LINE('',#5678,#5679);
#5678 = CARTESIAN_POINT('',(-0.,0.));
#5679 = VECTOR('',#5680,1.);
#5680 = DIRECTION('',(-0.,-1.));
#5681 = ( GEOMETRIC_REPRESENTATION_CONTEXT(2) 
PARAMETRIC_REPRESENTATION_CONTEXT() REPRESENTATION_CONTEXT('2D SPACE',''
  ) );
#5682 = ORIENTED_EDGE('',*,*,#5683,.T.);
#5683 = EDGE_CURVE('',#5661,#5661,#5684,.T.);
#5684 = SURFACE_CURVE('',#5685,(#5690,#5697),.PCURVE_S1.);
#5685 = CIRCLE('',#5686,20.);
#5686 = AXIS2_PLACEMENT_3D('',#5687,#5688,#5689);
#5687 = CARTESIAN_POINT('',(-420.,0.,500.));
#5688 = DIRECTION('',(0.,0.,1.));
#5689 = DIRECTION('',(1.,0.,0.));
#5690 = PCURVE('',#5618,#5691);
#5691 = DEFINITIONAL_REPRESENTATION('',(#5692),#5696);
#5692 = LINE('',#5693,#5694);
#5693 = CARTESIAN_POINT('',(-0.,-260.));
#5694 = VECTOR('',#5695,1.);
#5695 = DIRECTION('',(-1.,0.));
#5696 = ( GEOMETRIC_REPRESENTATION_CONTEXT(2) 
PARAMETRIC_REPRESENTATION_CONTEXT() REPRESENTATION_CONTEXT('2D SPACE',''
  ) );
#5697 = PCURVE('',#5698,#5703);
#5698 = PLANE('',#5699);
#5699 = AXIS2_PLACEMENT_3D('',#5700,#5701,#5702);
#5700 = CARTESIAN_POINT('',(-420.,1.371473012632E-15,500.));
#5701 = DIRECTION('',(0.,0.,1.));
#5702 = DIRECTION('',(1.,0.,-0.));
#5703 = DEFINITIONAL_REPRESENTATION('',(#5704),#5708);
#5704 = CIRCLE('',#5705,20.);
#5705 = AXIS2_PLACEMENT_2D('',#5706,#5707);
#5706 = CARTESIAN_POINT('',(0.,-1.371473012632E-15));
#5707 = DIRECTION('',(1.,0.));
#5708 = ( GEOMETRIC_REPRESENTATION_CONTEXT(2) 
PARAMETRIC_REPRESENTATION_CONTEXT() REPRESENTATION_CONTEXT('2D SPACE',''
  ) );
#5709 = ORIENTED_EDGE('',*,*,#5660,.F.);
#5710 = ORIENTED_EDGE('',*,*,#5633,.F.);
#5711 = ADVANCED_FACE('',(#5712),#5698,.T.);
#5712 = FACE_BOUND('',#5713,.T.);
#5713 = EDGE_LOOP('',(#5714));
#5714 = ORIENTED_EDGE('',*,*,#5683,.T.);
#5715 = ( GEOMETRIC_REPRESENTATION_CONTEXT(3) 
GLOBAL_UNCERTAINTY_ASSIGNED_CONTEXT((#5719)) 
GLOBAL_UNIT_ASSIGNED_CONTEXT((#5716,#5717,#5718)) REPRESENTATION_CONTEXT
('Context #1','3D Context with UNIT and UNCERTAINTY') );
#5716 = ( LENGTH_UNIT() NAMED_UNIT(*) SI_UNIT(.MILLI.,.METRE.) );
#5717 = ( NAMED_UNIT(*) PLANE_ANGLE_UNIT() SI_UNIT($,.RADIAN.) );
#5718 = ( NAMED_UNIT(*) SI_UNIT($,.STERADIAN.) SOLID_ANGLE_UNIT() );
#5719 = UNCERTAINTY_MEASURE_WITH_UNIT(LENGTH_MEASURE(1.E-07),#5716,
  'distance_accuracy_value','confusion accuracy');
#5720 = CONTEXT_DEPENDENT_SHAPE_REPRESENTATION(#5721,#5723);
#5721 = ( REPRESENTATION_RELATIONSHIP('','',#5563,#10) 
REPRESENTATION_RELATIONSHIP_WITH_TRANSFORMATION(#5722) 
SHAPE_REPRESENTATION_RELATIONSHIP() );
#5722 = ITEM_DEFINED_TRANSFORMATION('','',#11,#19);
#5723 = PRODUCT_DEFINITION_SHAPE('Placement','Placement of an item',
  #5724);
#5724 = NEXT_ASSEMBLY_USAGE_OCCURRENCE('25','','',#5,#5558,$);
#5725 = PRODUCT_RELATED_PRODUCT_CATEGORY('part',$,(#5560));
#5726 = SHAPE_DEFINITION_REPRESENTATION(#5727,#5733);
#5727 = PRODUCT_DEFINITION_SHAPE('','',#5728);
#5728 = PRODUCT_DEFINITION('design','',#5729,#5732);
#5729 = PRODUCT_DEFINITION_FORMATION('','',#5730);
#5730 = PRODUCT('Open CASCADE STEP translator 7.9 11.3',
  'Open CASCADE STEP translator 7.9 11.3','',(#5731));
#5731 = PRODUCT_CONTEXT('',#2,'mechanical');
#5732 = PRODUCT_DEFINITION_CONTEXT('part definition',#2,'design');
#5733 = ADVANCED_BREP_SHAPE_REPRESENTATION('',(#11,#5734),#6680);
#5734 = MANIFOLD_SOLID_BREP('',#5735);
#5735 = CLOSED_SHELL('',(#5736,#6080,#6154,#6223,#6250,#6299,#6488,#6515
    ,#6542,#6567,#6594,#6621,#6646,#6673));
#5736 = ADVANCED_FACE('',(#5737),#5751,.F.);
#5737 = FACE_BOUND('',#5738,.F.);
#5738 = EDGE_LOOP('',(#5739,#5774,#5802,#5830,#5858,#5886,#5914,#5942,
    #5970,#5998,#6026,#6054));
#5739 = ORIENTED_EDGE('',*,*,#5740,.F.);
#5740 = EDGE_CURVE('',#5741,#5743,#5745,.T.);
#5741 = VERTEX_POINT('',#5742);
#5742 = CARTESIAN_POINT('',(-1.6175E+03,-260.,27.5));
#5743 = VERTEX_POINT('',#5744);
#5744 = CARTESIAN_POINT('',(-1.6175E+03,-27.5,27.5));
#5745 = SURFACE_CURVE('',#5746,(#5750,#5762),.PCURVE_S1.);
#5746 = LINE('',#5747,#5748);
#5747 = CARTESIAN_POINT('',(-1.6175E+03,-260.,27.5));
#5748 = VECTOR('',#5749,1.);
#5749 = DIRECTION('',(0.,1.,0.));
#5750 = PCURVE('',#5751,#5756);
#5751 = PLANE('',#5752);
#5752 = AXIS2_PLACEMENT_3D('',#5753,#5754,#5755);
#5753 = CARTESIAN_POINT('',(-1.6175E+03,-260.,-27.5));
#5754 = DIRECTION('',(1.,0.,0.));
#5755 = DIRECTION('',(0.,0.,1.));
#5756 = DEFINITIONAL_REPRESENTATION('',(#5757),#5761);
#5757 = LINE('',#5758,#5759);
#5758 = CARTESIAN_POINT('',(55.,0.));
#5759 = VECTOR('',#5760,1.);
#5760 = DIRECTION('',(0.,-1.));
#5761 = ( GEOMETRIC_REPRESENTATION_CONTEXT(2) 
PARAMETRIC_REPRESENTATION_CONTEXT() REPRESENTATION_CONTEXT('2D SPACE',''
  ) );
#5762 = PCURVE('',#5763,#5768);
#5763 = PLANE('',#5764);
#5764 = AXIS2_PLACEMENT_3D('',#5765,#5766,#5767);
#5765 = CARTESIAN_POINT('',(-1.6175E+03,-260.,27.5));
#5766 = DIRECTION('',(0.,0.,1.));
#5767 = DIRECTION('',(1.,0.,0.));
#5768 = DEFINITIONAL_REPRESENTATION('',(#5769),#5773);
#5769 = LINE('',#5770,#5771);
#5770 = CARTESIAN_POINT('',(0.,0.));
#5771 = VECTOR('',#5772,1.);
#5772 = DIRECTION('',(0.,1.));
#5773 = ( GEOMETRIC_REPRESENTATION_CONTEXT(2) 
PARAMETRIC_REPRESENTATION_CONTEXT() REPRESENTATION_CONTEXT('2D SPACE',''
  ) );
#5774 = ORIENTED_EDGE('',*,*,#5775,.F.);
#5775 = EDGE_CURVE('',#5776,#5741,#5778,.T.);
#5776 = VERTEX_POINT('',#5777);
#5777 = CARTESIAN_POINT('',(-1.6175E+03,-260.,-27.5));
#5778 = SURFACE_CURVE('',#5779,(#5783,#5790),.PCURVE_S1.);
#5779 = LINE('',#5780,#5781);
#5780 = CARTESIAN_POINT('',(-1.6175E+03,-260.,-27.5));
#5781 = VECTOR('',#5782,1.);
#5782 = DIRECTION('',(0.,0.,1.));
#5783 = PCURVE('',#5751,#5784);
#5784 = DEFINITIONAL_REPRESENTATION('',(#5785),#5789);
#5785 = LINE('',#5786,#5787);
#5786 = CARTESIAN_POINT('',(0.,0.));
#5787 = VECTOR('',#5788,1.);
#5788 = DIRECTION('',(1.,0.));
#5789 = ( GEOMETRIC_REPRESENTATION_CONTEXT(2) 
PARAMETRIC_REPRESENTATION_CONTEXT() REPRESENTATION_CONTEXT('2D SPACE',''
  ) );
#5790 = PCURVE('',#5791,#5796);
#5791 = PLANE('',#5792);
#5792 = AXIS2_PLACEMENT_3D('',#5793,#5794,#5795);
#5793 = CARTESIAN_POINT('',(-1.6175E+03,-260.,-27.5));
#5794 = DIRECTION('',(0.,1.,0.));
#5795 = DIRECTION('',(0.,0.,1.));
#5796 = DEFINITIONAL_REPRESENTATION('',(#5797),#5801);
#5797 = LINE('',#5798,#5799);
#5798 = CARTESIAN_POINT('',(0.,0.));
#5799 = VECTOR('',#5800,1.);
#5800 = DIRECTION('',(1.,0.));
#5801 = ( GEOMETRIC_REPRESENTATION_CONTEXT(2) 
PARAMETRIC_REPRESENTATION_CONTEXT() REPRESENTATION_CONTEXT('2D SPACE',''
  ) );
#5802 = ORIENTED_EDGE('',*,*,#5803,.T.);
#5803 = EDGE_CURVE('',#5776,#5804,#5806,.T.);
#5804 = VERTEX_POINT('',#5805);
#5805 = CARTESIAN_POINT('',(-1.6175E+03,-27.5,-27.5));
#5806 = SURFACE_CURVE('',#5807,(#5811,#5818),.PCURVE_S1.);
#5807 = LINE('',#5808,#5809);
#5808 = CARTESIAN_POINT('',(-1.6175E+03,-260.,-27.5));
#5809 = VECTOR('',#5810,1.);
#5810 = DIRECTION('',(0.,1.,0.));
#5811 = PCURVE('',#5751,#5812);
#5812 = DEFINITIONAL_REPRESENTATION('',(#5813),#5817);
#5813 = LINE('',#5814,#5815);
#5814 = CARTESIAN_POINT('',(0.,0.));
#5815 = VECTOR('',#5816,1.);
#5816 = DIRECTION('',(0.,-1.));
#5817 = ( GEOMETRIC_REPRESENTATION_CONTEXT(2) 
PARAMETRIC_REPRESENTATION_CONTEXT() REPRESENTATION_CONTEXT('2D SPACE',''
  ) );
#5818 = PCURVE('',#5819,#5824);
#5819 = PLANE('',#5820);
#5820 = AXIS2_PLACEMENT_3D('',#5821,#5822,#5823);
#5821 = CARTESIAN_POINT('',(-1.6175E+03,-260.,-27.5));
#5822 = DIRECTION('',(0.,0.,1.));
#5823 = DIRECTION('',(1.,0.,0.));
#5824 = DEFINITIONAL_REPRESENTATION('',(#5825),#5829);
#5825 = LINE('',#5826,#5827);
#5826 = CARTESIAN_POINT('',(0.,0.));
#5827 = VECTOR('',#5828,1.);
#5828 = DIRECTION('',(0.,1.));
#5829 = ( GEOMETRIC_REPRESENTATION_CONTEXT(2) 
PARAMETRIC_REPRESENTATION_CONTEXT() REPRESENTATION_CONTEXT('2D SPACE',''
  ) );
#5830 = ORIENTED_EDGE('',*,*,#5831,.F.);
#5831 = EDGE_CURVE('',#5832,#5804,#5834,.T.);
#5832 = VERTEX_POINT('',#5833);
#5833 = CARTESIAN_POINT('',(-1.6175E+03,-27.5,-260.));
#5834 = SURFACE_CURVE('',#5835,(#5839,#5846),.PCURVE_S1.);
#5835 = LINE('',#5836,#5837);
#5836 = CARTESIAN_POINT('',(-1.6175E+03,-27.5,-260.));
#5837 = VECTOR('',#5838,1.);
#5838 = DIRECTION('',(0.,1.110223024625E-16,1.));
#5839 = PCURVE('',#5751,#5840);
#5840 = DEFINITIONAL_REPRESENTATION('',(#5841),#5845);
#5841 = LINE('',#5842,#5843);
#5842 = CARTESIAN_POINT('',(-232.5,-232.5));
#5843 = VECTOR('',#5844,1.);
#5844 = DIRECTION('',(1.,-1.110223024625E-16));
#5845 = ( GEOMETRIC_REPRESENTATION_CONTEXT(2) 
PARAMETRIC_REPRESENTATION_CONTEXT() REPRESENTATION_CONTEXT('2D SPACE',''
  ) );
#5846 = PCURVE('',#5847,#5852);
#5847 = PLANE('',#5848);
#5848 = AXIS2_PLACEMENT_3D('',#5849,#5850,#5851);
#5849 = CARTESIAN_POINT('',(-1.6175E+03,-27.5,-260.));
#5850 = DIRECTION('',(0.,-1.,1.110223024625E-16));
#5851 = DIRECTION('',(1.,0.,0.));
#5852 = DEFINITIONAL_REPRESENTATION('',(#5853),#5857);
#5853 = LINE('',#5854,#5855);
#5854 = CARTESIAN_POINT('',(0.,0.));
#5855 = VECTOR('',#5856,1.);
#5856 = DIRECTION('',(0.,1.));
#5857 = ( GEOMETRIC_REPRESENTATION_CONTEXT(2) 
PARAMETRIC_REPRESENTATION_CONTEXT() REPRESENTATION_CONTEXT('2D SPACE',''
  ) );
#5858 = ORIENTED_EDGE('',*,*,#5859,.F.);
#5859 = EDGE_CURVE('',#5860,#5832,#5862,.T.);
#5860 = VERTEX_POINT('',#5861);
#5861 = CARTESIAN_POINT('',(-1.6175E+03,27.5,-260.));
#5862 = SURFACE_CURVE('',#5863,(#5867,#5874),.PCURVE_S1.);
#5863 = LINE('',#5864,#5865);
#5864 = CARTESIAN_POINT('',(-1.6175E+03,27.5,-260.));
#5865 = VECTOR('',#5866,1.);
#5866 = DIRECTION('',(0.,-1.,1.110223024625E-16));
#5867 = PCURVE('',#5751,#5868);
#5868 = DEFINITIONAL_REPRESENTATION('',(#5869),#5873);
#5869 = LINE('',#5870,#5871);
#5870 = CARTESIAN_POINT('',(-232.5,-287.5));
#5871 = VECTOR('',#5872,1.);
#5872 = DIRECTION('',(1.110223024625E-16,1.));
#5873 = ( GEOMETRIC_REPRESENTATION_CONTEXT(2) 
PARAMETRIC_REPRESENTATION_CONTEXT() REPRESENTATION_CONTEXT('2D SPACE',''
  ) );
#5874 = PCURVE('',#5875,#5880);
#5875 = PLANE('',#5876);
#5876 = AXIS2_PLACEMENT_3D('',#5877,#5878,#5879);
#5877 = CARTESIAN_POINT('',(-1.6175E+03,27.5,-260.));
#5878 = DIRECTION('',(0.,1.110223024625E-16,1.));
#5879 = DIRECTION('',(0.,-1.,1.110223024625E-16));
#5880 = DEFINITIONAL_REPRESENTATION('',(#5881),#5885);
#5881 = LINE('',#5882,#5883);
#5882 = CARTESIAN_POINT('',(0.,0.));
#5883 = VECTOR('',#5884,1.);
#5884 = DIRECTION('',(1.,0.));
#5885 = ( GEOMETRIC_REPRESENTATION_CONTEXT(2) 
PARAMETRIC_REPRESENTATION_CONTEXT() REPRESENTATION_CONTEXT('2D SPACE',''
  ) );
#5886 = ORIENTED_EDGE('',*,*,#5887,.T.);
#5887 = EDGE_CURVE('',#5860,#5888,#5890,.T.);
#5888 = VERTEX_POINT('',#5889);
#5889 = CARTESIAN_POINT('',(-1.6175E+03,27.5,-27.5));
#5890 = SURFACE_CURVE('',#5891,(#5895,#5902),.PCURVE_S1.);
#5891 = LINE('',#5892,#5893);
#5892 = CARTESIAN_POINT('',(-1.6175E+03,27.5,-260.));
#5893 = VECTOR('',#5894,1.);
#5894 = DIRECTION('',(0.,1.110223024625E-16,1.));
#5895 = PCURVE('',#5751,#5896);
#5896 = DEFINITIONAL_REPRESENTATION('',(#5897),#5901);
#5897 = LINE('',#5898,#5899);
#5898 = CARTESIAN_POINT('',(-232.5,-287.5));
#5899 = VECTOR('',#5900,1.);
#5900 = DIRECTION('',(1.,-1.110223024625E-16));
#5901 = ( GEOMETRIC_REPRESENTATION_CONTEXT(2) 
PARAMETRIC_REPRESENTATION_CONTEXT() REPRESENTATION_CONTEXT('2D SPACE',''
  ) );
#5902 = PCURVE('',#5903,#5908);
#5903 = PLANE('',#5904);
#5904 = AXIS2_PLACEMENT_3D('',#5905,#5906,#5907);
#5905 = CARTESIAN_POINT('',(-1.6175E+03,27.5,-260.));
#5906 = DIRECTION('',(0.,-1.,1.110223024625E-16));
#5907 = DIRECTION('',(1.,0.,0.));
#5908 = DEFINITIONAL_REPRESENTATION('',(#5909),#5913);
#5909 = LINE('',#5910,#5911);
#5910 = CARTESIAN_POINT('',(0.,0.));
#5911 = VECTOR('',#5912,1.);
#5912 = DIRECTION('',(0.,1.));
#5913 = ( GEOMETRIC_REPRESENTATION_CONTEXT(2) 
PARAMETRIC_REPRESENTATION_CONTEXT() REPRESENTATION_CONTEXT('2D SPACE',''
  ) );
#5914 = ORIENTED_EDGE('',*,*,#5915,.T.);
#5915 = EDGE_CURVE('',#5888,#5916,#5918,.T.);
#5916 = VERTEX_POINT('',#5917);
#5917 = CARTESIAN_POINT('',(-1.6175E+03,260.,-27.5));
#5918 = SURFACE_CURVE('',#5919,(#5923,#5930),.PCURVE_S1.);
#5919 = LINE('',#5920,#5921);
#5920 = CARTESIAN_POINT('',(-1.6175E+03,-260.,-27.5));
#5921 = VECTOR('',#5922,1.);
#5922 = DIRECTION('',(0.,1.,0.));
#5923 = PCURVE('',#5751,#5924);
#5924 = DEFINITIONAL_REPRESENTATION('',(#5925),#5929);
#5925 = LINE('',#5926,#5927);
#5926 = CARTESIAN_POINT('',(0.,0.));
#5927 = VECTOR('',#5928,1.);
#5928 = DIRECTION('',(0.,-1.));
#5929 = ( GEOMETRIC_REPRESENTATION_CONTEXT(2) 
PARAMETRIC_REPRESENTATION_CONTEXT() REPRESENTATION_CONTEXT('2D SPACE',''
  ) );
#5930 = PCURVE('',#5931,#5936);
#5931 = PLANE('',#5932);
#5932 = AXIS2_PLACEMENT_3D('',#5933,#5934,#5935);
#5933 = CARTESIAN_POINT('',(-1.6175E+03,-260.,-27.5));
#5934 = DIRECTION('',(0.,0.,1.));
#5935 = DIRECTION('',(1.,0.,0.));
#5936 = DEFINITIONAL_REPRESENTATION('',(#5937),#5941);
#5937 = LINE('',#5938,#5939);
#5938 = CARTESIAN_POINT('',(0.,0.));
#5939 = VECTOR('',#5940,1.);
#5940 = DIRECTION('',(0.,1.));
#5941 = ( GEOMETRIC_REPRESENTATION_CONTEXT(2) 
PARAMETRIC_REPRESENTATION_CONTEXT() REPRESENTATION_CONTEXT('2D SPACE',''
  ) );
#5942 = ORIENTED_EDGE('',*,*,#5943,.T.);
#5943 = EDGE_CURVE('',#5916,#5944,#5946,.T.);
#5944 = VERTEX_POINT('',#5945);
#5945 = CARTESIAN_POINT('',(-1.6175E+03,260.,27.5));
#5946 = SURFACE_CURVE('',#5947,(#5951,#5958),.PCURVE_S1.);
#5947 = LINE('',#5948,#5949);
#5948 = CARTESIAN_POINT('',(-1.6175E+03,260.,-27.5));
#5949 = VECTOR('',#5950,1.);
#5950 = DIRECTION('',(0.,0.,1.));
#5951 = PCURVE('',#5751,#5952);
#5952 = DEFINITIONAL_REPRESENTATION('',(#5953),#5957);
#5953 = LINE('',#5954,#5955);
#5954 = CARTESIAN_POINT('',(0.,-520.));
#5955 = VECTOR('',#5956,1.);
#5956 = DIRECTION('',(1.,0.));
#5957 = ( GEOMETRIC_REPRESENTATION_CONTEXT(2) 
PARAMETRIC_REPRESENTATION_CONTEXT() REPRESENTATION_CONTEXT('2D SPACE',''
  ) );
#5958 = PCURVE('',#5959,#5964);
#5959 = PLANE('',#5960);
#5960 = AXIS2_PLACEMENT_3D('',#5961,#5962,#5963);
#5961 = CARTESIAN_POINT('',(-1.6175E+03,260.,-27.5));
#5962 = DIRECTION('',(0.,1.,0.));
#5963 = DIRECTION('',(0.,0.,1.));
#5964 = DEFINITIONAL_REPRESENTATION('',(#5965),#5969);
#5965 = LINE('',#5966,#5967);
#5966 = CARTESIAN_POINT('',(0.,0.));
#5967 = VECTOR('',#5968,1.);
#5968 = DIRECTION('',(1.,0.));
#5969 = ( GEOMETRIC_REPRESENTATION_CONTEXT(2) 
PARAMETRIC_REPRESENTATION_CONTEXT() REPRESENTATION_CONTEXT('2D SPACE',''
  ) );
#5970 = ORIENTED_EDGE('',*,*,#5971,.F.);
#5971 = EDGE_CURVE('',#5972,#5944,#5974,.T.);
#5972 = VERTEX_POINT('',#5973);
#5973 = CARTESIAN_POINT('',(-1.6175E+03,27.5,27.5));
#5974 = SURFACE_CURVE('',#5975,(#5979,#5986),.PCURVE_S1.);
#5975 = LINE('',#5976,#5977);
#5976 = CARTESIAN_POINT('',(-1.6175E+03,-260.,27.5));
#5977 = VECTOR('',#5978,1.);
#5978 = DIRECTION('',(0.,1.,0.));
#5979 = PCURVE('',#5751,#5980);
#5980 = DEFINITIONAL_REPRESENTATION('',(#5981),#5985);
#5981 = LINE('',#5982,#5983);
#5982 = CARTESIAN_POINT('',(55.,0.));
#5983 = VECTOR('',#5984,1.);
#5984 = DIRECTION('',(0.,-1.));
#5985 = ( GEOMETRIC_REPRESENTATION_CONTEXT(2) 
PARAMETRIC_REPRESENTATION_CONTEXT() REPRESENTATION_CONTEXT('2D SPACE',''
  ) );
#5986 = PCURVE('',#5987,#5992);
#5987 = PLANE('',#5988);
#5988 = AXIS2_PLACEMENT_3D('',#5989,#5990,#5991);
#5989 = CARTESIAN_POINT('',(-1.6175E+03,-260.,27.5));
#5990 = DIRECTION('',(0.,0.,1.));
#5991 = DIRECTION('',(1.,0.,0.));
#5992 = DEFINITIONAL_REPRESENTATION('',(#5993),#5997);
#5993 = LINE('',#5994,#5995);
#5994 = CARTESIAN_POINT('',(0.,0.));
#5995 = VECTOR('',#5996,1.);
#5996 = DIRECTION('',(0.,1.));
#5997 = ( GEOMETRIC_REPRESENTATION_CONTEXT(2) 
PARAMETRIC_REPRESENTATION_CONTEXT() REPRESENTATION_CONTEXT('2D SPACE',''
  ) );
#5998 = ORIENTED_EDGE('',*,*,#5999,.T.);
#5999 = EDGE_CURVE('',#5972,#6000,#6002,.T.);
#6000 = VERTEX_POINT('',#6001);
#6001 = CARTESIAN_POINT('',(-1.6175E+03,27.5,260.));
#6002 = SURFACE_CURVE('',#6003,(#6007,#6014),.PCURVE_S1.);
#6003 = LINE('',#6004,#6005);
#6004 = CARTESIAN_POINT('',(-1.6175E+03,27.5,-260.));
#6005 = VECTOR('',#6006,1.);
#6006 = DIRECTION('',(0.,1.110223024625E-16,1.));
#6007 = PCURVE('',#5751,#6008);
#6008 = DEFINITIONAL_REPRESENTATION('',(#6009),#6013);
#6009 = LINE('',#6010,#6011);
#6010 = CARTESIAN_POINT('',(-232.5,-287.5));
#6011 = VECTOR('',#6012,1.);
#6012 = DIRECTION('',(1.,-1.110223024625E-16));
#6013 = ( GEOMETRIC_REPRESENTATION_CONTEXT(2) 
PARAMETRIC_REPRESENTATION_CONTEXT() REPRESENTATION_CONTEXT('2D SPACE',''
  ) );
#6014 = PCURVE('',#6015,#6020);
#6015 = PLANE('',#6016);
#6016 = AXIS2_PLACEMENT_3D('',#6017,#6018,#6019);
#6017 = CARTESIAN_POINT('',(-1.6175E+03,27.5,-260.));
#6018 = DIRECTION('',(0.,-1.,1.110223024625E-16));
#6019 = DIRECTION('',(1.,0.,0.));
#6020 = DEFINITIONAL_REPRESENTATION('',(#6021),#6025);
#6021 = LINE('',#6022,#6023);
#6022 = CARTESIAN_POINT('',(0.,0.));
#6023 = VECTOR('',#6024,1.);
#6024 = DIRECTION('',(0.,1.));
#6025 = ( GEOMETRIC_REPRESENTATION_CONTEXT(2) 
PARAMETRIC_REPRESENTATION_CONTEXT() REPRESENTATION_CONTEXT('2D SPACE',''
  ) );
#6026 = ORIENTED_EDGE('',*,*,#6027,.T.);
#6027 = EDGE_CURVE('',#6000,#6028,#6030,.T.);
#6028 = VERTEX_POINT('',#6029);
#6029 = CARTESIAN_POINT('',(-1.6175E+03,-27.5,260.));
#6030 = SURFACE_CURVE('',#6031,(#6035,#6042),.PCURVE_S1.);
#6031 = LINE('',#6032,#6033);
#6032 = CARTESIAN_POINT('',(-1.6175E+03,27.5,260.));
#6033 = VECTOR('',#6034,1.);
#6034 = DIRECTION('',(0.,-1.,1.110223024625E-16));
#6035 = PCURVE('',#5751,#6036);
#6036 = DEFINITIONAL_REPRESENTATION('',(#6037),#6041);
#6037 = LINE('',#6038,#6039);
#6038 = CARTESIAN_POINT('',(287.5,-287.5));
#6039 = VECTOR('',#6040,1.);
#6040 = DIRECTION('',(1.110223024625E-16,1.));
#6041 = ( GEOMETRIC_REPRESENTATION_CONTEXT(2) 
PARAMETRIC_REPRESENTATION_CONTEXT() REPRESENTATION_CONTEXT('2D SPACE',''
  ) );
#6042 = PCURVE('',#6043,#6048);
#6043 = PLANE('',#6044);
#6044 = AXIS2_PLACEMENT_3D('',#6045,#6046,#6047);
#6045 = CARTESIAN_POINT('',(-1.6175E+03,27.5,260.));
#6046 = DIRECTION('',(0.,1.110223024625E-16,1.));
#6047 = DIRECTION('',(0.,-1.,1.110223024625E-16));
#6048 = DEFINITIONAL_REPRESENTATION('',(#6049),#6053);
#6049 = LINE('',#6050,#6051);
#6050 = CARTESIAN_POINT('',(0.,0.));
#6051 = VECTOR('',#6052,1.);
#6052 = DIRECTION('',(1.,0.));
#6053 = ( GEOMETRIC_REPRESENTATION_CONTEXT(2) 
PARAMETRIC_REPRESENTATION_CONTEXT() REPRESENTATION_CONTEXT('2D SPACE',''
  ) );
#6054 = ORIENTED_EDGE('',*,*,#6055,.F.);
#6055 = EDGE_CURVE('',#5743,#6028,#6056,.T.);
#6056 = SURFACE_CURVE('',#6057,(#6061,#6068),.PCURVE_S1.);
#6057 = LINE('',#6058,#6059);
#6058 = CARTESIAN_POINT('',(-1.6175E+03,-27.5,-260.));
#6059 = VECTOR('',#6060,1.);
#6060 = DIRECTION('',(0.,1.110223024625E-16,1.));
#6061 = PCURVE('',#5751,#6062);
#6062 = DEFINITIONAL_REPRESENTATION('',(#6063),#6067);
#6063 = LINE('',#6064,#6065);
#6064 = CARTESIAN_POINT('',(-232.5,-232.5));
#6065 = VECTOR('',#6066,1.);
#6066 = DIRECTION('',(1.,-1.110223024625E-16));
#6067 = ( GEOMETRIC_REPRESENTATION_CONTEXT(2) 
PARAMETRIC_REPRESENTATION_CONTEXT() REPRESENTATION_CONTEXT('2D SPACE',''
  ) );
#6068 = PCURVE('',#6069,#6074);
#6069 = PLANE('',#6070);
#6070 = AXIS2_PLACEMENT_3D('',#6071,#6072,#6073);
#6071 = CARTESIAN_POINT('',(-1.6175E+03,-27.5,-260.));
#6072 = DIRECTION('',(0.,-1.,1.110223024625E-16));
#6073 = DIRECTION('',(1.,0.,0.));
#6074 = DEFINITIONAL_REPRESENTATION('',(#6075),#6079);
#6075 = LINE('',#6076,#6077);
#6076 = CARTESIAN_POINT('',(0.,0.));
#6077 = VECTOR('',#6078,1.);
#6078 = DIRECTION('',(0.,1.));
#6079 = ( GEOMETRIC_REPRESENTATION_CONTEXT(2) 
PARAMETRIC_REPRESENTATION_CONTEXT() REPRESENTATION_CONTEXT('2D SPACE',''
  ) );
#6080 = ADVANCED_FACE('',(#6081),#5763,.T.);
#6081 = FACE_BOUND('',#6082,.T.);
#6082 = EDGE_LOOP('',(#6083,#6084,#6107,#6135));
#6083 = ORIENTED_EDGE('',*,*,#5740,.F.);
#6084 = ORIENTED_EDGE('',*,*,#6085,.T.);
#6085 = EDGE_CURVE('',#5741,#6086,#6088,.T.);
#6086 = VERTEX_POINT('',#6087);
#6087 = CARTESIAN_POINT('',(-1.5825E+03,-260.,27.5));
#6088 = SURFACE_CURVE('',#6089,(#6093,#6100),.PCURVE_S1.);
#6089 = LINE('',#6090,#6091);
#6090 = CARTESIAN_POINT('',(-1.6175E+03,-260.,27.5));
#6091 = VECTOR('',#6092,1.);
#6092 = DIRECTION('',(1.,0.,0.));
#6093 = PCURVE('',#5763,#6094);
#6094 = DEFINITIONAL_REPRESENTATION('',(#6095),#6099);
#6095 = LINE('',#6096,#6097);
#6096 = CARTESIAN_POINT('',(0.,0.));
#6097 = VECTOR('',#6098,1.);
#6098 = DIRECTION('',(1.,0.));
#6099 = ( GEOMETRIC_REPRESENTATION_CONTEXT(2) 
PARAMETRIC_REPRESENTATION_CONTEXT() REPRESENTATION_CONTEXT('2D SPACE',''
  ) );
#6100 = PCURVE('',#5791,#6101);
#6101 = DEFINITIONAL_REPRESENTATION('',(#6102),#6106);
#6102 = LINE('',#6103,#6104);
#6103 = CARTESIAN_POINT('',(55.,0.));
#6104 = VECTOR('',#6105,1.);
#6105 = DIRECTION('',(0.,1.));
#6106 = ( GEOMETRIC_REPRESENTATION_CONTEXT(2) 
PARAMETRIC_REPRESENTATION_CONTEXT() REPRESENTATION_CONTEXT('2D SPACE',''
  ) );
#6107 = ORIENTED_EDGE('',*,*,#6108,.T.);
#6108 = EDGE_CURVE('',#6086,#6109,#6111,.T.);
#6109 = VERTEX_POINT('',#6110);
#6110 = CARTESIAN_POINT('',(-1.5825E+03,-27.5,27.5));
#6111 = SURFACE_CURVE('',#6112,(#6116,#6123),.PCURVE_S1.);
#6112 = LINE('',#6113,#6114);
#6113 = CARTESIAN_POINT('',(-1.5825E+03,-260.,27.5));
#6114 = VECTOR('',#6115,1.);
#6115 = DIRECTION('',(0.,1.,0.));
#6116 = PCURVE('',#5763,#6117);
#6117 = DEFINITIONAL_REPRESENTATION('',(#6118),#6122);
#6118 = LINE('',#6119,#6120);
#6119 = CARTESIAN_POINT('',(35.,0.));
#6120 = VECTOR('',#6121,1.);
#6121 = DIRECTION('',(0.,1.));
#6122 = ( GEOMETRIC_REPRESENTATION_CONTEXT(2) 
PARAMETRIC_REPRESENTATION_CONTEXT() REPRESENTATION_CONTEXT('2D SPACE',''
  ) );
#6123 = PCURVE('',#6124,#6129);
#6124 = PLANE('',#6125);
#6125 = AXIS2_PLACEMENT_3D('',#6126,#6127,#6128);
#6126 = CARTESIAN_POINT('',(-1.5825E+03,-260.,-27.5));
#6127 = DIRECTION('',(1.,0.,0.));
#6128 = DIRECTION('',(0.,0.,1.));
#6129 = DEFINITIONAL_REPRESENTATION('',(#6130),#6134);
#6130 = LINE('',#6131,#6132);
#6131 = CARTESIAN_POINT('',(55.,0.));
#6132 = VECTOR('',#6133,1.);
#6133 = DIRECTION('',(0.,-1.));
#6134 = ( GEOMETRIC_REPRESENTATION_CONTEXT(2) 
PARAMETRIC_REPRESENTATION_CONTEXT() REPRESENTATION_CONTEXT('2D SPACE',''
  ) );
#6135 = ORIENTED_EDGE('',*,*,#6136,.F.);
#6136 = EDGE_CURVE('',#5743,#6109,#6137,.T.);
#6137 = SURFACE_CURVE('',#6138,(#6142,#6148),.PCURVE_S1.);
#6138 = LINE('',#6139,#6140);
#6139 = CARTESIAN_POINT('',(-1.6175E+03,-27.5,27.5));
#6140 = VECTOR('',#6141,1.);
#6141 = DIRECTION('',(1.,0.,-0.));
#6142 = PCURVE('',#5763,#6143);
#6143 = DEFINITIONAL_REPRESENTATION('',(#6144),#6147);
#6144 = B_SPLINE_CURVE_WITH_KNOTS('',1,(#6145,#6146),.UNSPECIFIED.,.F.,
  .F.,(2,2),(0.,35.),.PIECEWISE_BEZIER_KNOTS.);
#6145 = CARTESIAN_POINT('',(0.,232.5));
#6146 = CARTESIAN_POINT('',(35.,232.5));
#6147 = ( GEOMETRIC_REPRESENTATION_CONTEXT(2) 
PARAMETRIC_REPRESENTATION_CONTEXT() REPRESENTATION_CONTEXT('2D SPACE',''
  ) );
#6148 = PCURVE('',#6069,#6149);
#6149 = DEFINITIONAL_REPRESENTATION('',(#6150),#6153);
#6150 = B_SPLINE_CURVE_WITH_KNOTS('',1,(#6151,#6152),.UNSPECIFIED.,.F.,
  .F.,(2,2),(0.,35.),.PIECEWISE_BEZIER_KNOTS.);
#6151 = CARTESIAN_POINT('',(0.,287.5));
#6152 = CARTESIAN_POINT('',(35.,287.5));
#6153 = ( GEOMETRIC_REPRESENTATION_CONTEXT(2) 
PARAMETRIC_REPRESENTATION_CONTEXT() REPRESENTATION_CONTEXT('2D SPACE',''
  ) );
#6154 = ADVANCED_FACE('',(#6155),#5819,.F.);
#6155 = FACE_BOUND('',#6156,.F.);
#6156 = EDGE_LOOP('',(#6157,#6158,#6181,#6204));
#6157 = ORIENTED_EDGE('',*,*,#5803,.F.);
#6158 = ORIENTED_EDGE('',*,*,#6159,.T.);
#6159 = EDGE_CURVE('',#5776,#6160,#6162,.T.);
#6160 = VERTEX_POINT('',#6161);
#6161 = CARTESIAN_POINT('',(-1.5825E+03,-260.,-27.5));
#6162 = SURFACE_CURVE('',#6163,(#6167,#6174),.PCURVE_S1.);
#6163 = LINE('',#6164,#6165);
#6164 = CARTESIAN_POINT('',(-1.6175E+03,-260.,-27.5));
#6165 = VECTOR('',#6166,1.);
#6166 = DIRECTION('',(1.,0.,0.));
#6167 = PCURVE('',#5819,#6168);
#6168 = DEFINITIONAL_REPRESENTATION('',(#6169),#6173);
#6169 = LINE('',#6170,#6171);
#6170 = CARTESIAN_POINT('',(0.,0.));
#6171 = VECTOR('',#6172,1.);
#6172 = DIRECTION('',(1.,0.));
#6173 = ( GEOMETRIC_REPRESENTATION_CONTEXT(2) 
PARAMETRIC_REPRESENTATION_CONTEXT() REPRESENTATION_CONTEXT('2D SPACE',''
  ) );
#6174 = PCURVE('',#5791,#6175);
#6175 = DEFINITIONAL_REPRESENTATION('',(#6176),#6180);
#6176 = LINE('',#6177,#6178);
#6177 = CARTESIAN_POINT('',(0.,0.));
#6178 = VECTOR('',#6179,1.);
#6179 = DIRECTION('',(0.,1.));
#6180 = ( GEOMETRIC_REPRESENTATION_CONTEXT(2) 
PARAMETRIC_REPRESENTATION_CONTEXT() REPRESENTATION_CONTEXT('2D SPACE',''
  ) );
#6181 = ORIENTED_EDGE('',*,*,#6182,.T.);
#6182 = EDGE_CURVE('',#6160,#6183,#6185,.T.);
#6183 = VERTEX_POINT('',#6184);
#6184 = CARTESIAN_POINT('',(-1.5825E+03,-27.5,-27.5));
#6185 = SURFACE_CURVE('',#6186,(#6190,#6197),.PCURVE_S1.);
#6186 = LINE('',#6187,#6188);
#6187 = CARTESIAN_POINT('',(-1.5825E+03,-260.,-27.5));
#6188 = VECTOR('',#6189,1.);
#6189 = DIRECTION('',(0.,1.,0.));
#6190 = PCURVE('',#5819,#6191);
#6191 = DEFINITIONAL_REPRESENTATION('',(#6192),#6196);
#6192 = LINE('',#6193,#6194);
#6193 = CARTESIAN_POINT('',(35.,0.));
#6194 = VECTOR('',#6195,1.);
#6195 = DIRECTION('',(0.,1.));
#6196 = ( GEOMETRIC_REPRESENTATION_CONTEXT(2) 
PARAMETRIC_REPRESENTATION_CONTEXT() REPRESENTATION_CONTEXT('2D SPACE',''
  ) );
#6197 = PCURVE('',#6124,#6198);
#6198 = DEFINITIONAL_REPRESENTATION('',(#6199),#6203);
#6199 = LINE('',#6200,#6201);
#6200 = CARTESIAN_POINT('',(0.,0.));
#6201 = VECTOR('',#6202,1.);
#6202 = DIRECTION('',(0.,-1.));
#6203 = ( GEOMETRIC_REPRESENTATION_CONTEXT(2) 
PARAMETRIC_REPRESENTATION_CONTEXT() REPRESENTATION_CONTEXT('2D SPACE',''
  ) );
#6204 = ORIENTED_EDGE('',*,*,#6205,.F.);
#6205 = EDGE_CURVE('',#5804,#6183,#6206,.T.);
#6206 = SURFACE_CURVE('',#6207,(#6211,#6217),.PCURVE_S1.);
#6207 = LINE('',#6208,#6209);
#6208 = CARTESIAN_POINT('',(-1.6175E+03,-27.5,-27.5));
#6209 = VECTOR('',#6210,1.);
#6210 = DIRECTION('',(1.,0.,-0.));
#6211 = PCURVE('',#5819,#6212);
#6212 = DEFINITIONAL_REPRESENTATION('',(#6213),#6216);
#6213 = B_SPLINE_CURVE_WITH_KNOTS('',1,(#6214,#6215),.UNSPECIFIED.,.F.,
  .F.,(2,2),(0.,35.),.PIECEWISE_BEZIER_KNOTS.);
#6214 = CARTESIAN_POINT('',(0.,232.5));
#6215 = CARTESIAN_POINT('',(35.,232.5));
#6216 = ( GEOMETRIC_REPRESENTATION_CONTEXT(2) 
PARAMETRIC_REPRESENTATION_CONTEXT() REPRESENTATION_CONTEXT('2D SPACE',''
  ) );
#6217 = PCURVE('',#5847,#6218);
#6218 = DEFINITIONAL_REPRESENTATION('',(#6219),#6222);
#6219 = B_SPLINE_CURVE_WITH_KNOTS('',1,(#6220,#6221),.UNSPECIFIED.,.F.,
  .F.,(2,2),(0.,35.),.PIECEWISE_BEZIER_KNOTS.);
#6220 = CARTESIAN_POINT('',(0.,232.5));
#6221 = CARTESIAN_POINT('',(35.,232.5));
#6222 = ( GEOMETRIC_REPRESENTATION_CONTEXT(2) 
PARAMETRIC_REPRESENTATION_CONTEXT() REPRESENTATION_CONTEXT('2D SPACE',''
  ) );
#6223 = ADVANCED_FACE('',(#6224),#5791,.F.);
#6224 = FACE_BOUND('',#6225,.F.);
#6225 = EDGE_LOOP('',(#6226,#6227,#6228,#6229));
#6226 = ORIENTED_EDGE('',*,*,#6159,.F.);
#6227 = ORIENTED_EDGE('',*,*,#5775,.T.);
#6228 = ORIENTED_EDGE('',*,*,#6085,.T.);
#6229 = ORIENTED_EDGE('',*,*,#6230,.F.);
#6230 = EDGE_CURVE('',#6160,#6086,#6231,.T.);
#6231 = SURFACE_CURVE('',#6232,(#6236,#6243),.PCURVE_S1.);
#6232 = LINE('',#6233,#6234);
#6233 = CARTESIAN_POINT('',(-1.5825E+03,-260.,-27.5));
#6234 = VECTOR('',#6235,1.);
#6235 = DIRECTION('',(0.,0.,1.));
#6236 = PCURVE('',#5791,#6237);
#6237 = DEFINITIONAL_REPRESENTATION('',(#6238),#6242);
#6238 = LINE('',#6239,#6240);
#6239 = CARTESIAN_POINT('',(0.,35.));
#6240 = VECTOR('',#6241,1.);
#6241 = DIRECTION('',(1.,0.));
#6242 = ( GEOMETRIC_REPRESENTATION_CONTEXT(2) 
PARAMETRIC_REPRESENTATION_CONTEXT() REPRESENTATION_CONTEXT('2D SPACE',''
  ) );
#6243 = PCURVE('',#6124,#6244);
#6244 = DEFINITIONAL_REPRESENTATION('',(#6245),#6249);
#6245 = LINE('',#6246,#6247);
#6246 = CARTESIAN_POINT('',(0.,0.));
#6247 = VECTOR('',#6248,1.);
#6248 = DIRECTION('',(1.,0.));
#6249 = ( GEOMETRIC_REPRESENTATION_CONTEXT(2) 
PARAMETRIC_REPRESENTATION_CONTEXT() REPRESENTATION_CONTEXT('2D SPACE',''
  ) );
#6250 = ADVANCED_FACE('',(#6251),#6069,.T.);
#6251 = FACE_BOUND('',#6252,.T.);
#6252 = EDGE_LOOP('',(#6253,#6254,#6255,#6278));
#6253 = ORIENTED_EDGE('',*,*,#6055,.F.);
#6254 = ORIENTED_EDGE('',*,*,#6136,.T.);
#6255 = ORIENTED_EDGE('',*,*,#6256,.T.);
#6256 = EDGE_CURVE('',#6109,#6257,#6259,.T.);
#6257 = VERTEX_POINT('',#6258);
#6258 = CARTESIAN_POINT('',(-1.5825E+03,-27.5,260.));
#6259 = SURFACE_CURVE('',#6260,(#6264,#6271),.PCURVE_S1.);
#6260 = LINE('',#6261,#6262);
#6261 = CARTESIAN_POINT('',(-1.5825E+03,-27.5,-260.));
#6262 = VECTOR('',#6263,1.);
#6263 = DIRECTION('',(0.,1.110223024625E-16,1.));
#6264 = PCURVE('',#6069,#6265);
#6265 = DEFINITIONAL_REPRESENTATION('',(#6266),#6270);
#6266 = LINE('',#6267,#6268);
#6267 = CARTESIAN_POINT('',(35.,0.));
#6268 = VECTOR('',#6269,1.);
#6269 = DIRECTION('',(0.,1.));
#6270 = ( GEOMETRIC_REPRESENTATION_CONTEXT(2) 
PARAMETRIC_REPRESENTATION_CONTEXT() REPRESENTATION_CONTEXT('2D SPACE',''
  ) );
#6271 = PCURVE('',#6124,#6272);
#6272 = DEFINITIONAL_REPRESENTATION('',(#6273),#6277);
#6273 = LINE('',#6274,#6275);
#6274 = CARTESIAN_POINT('',(-232.5,-232.5));
#6275 = VECTOR('',#6276,1.);
#6276 = DIRECTION('',(1.,-1.110223024625E-16));
#6277 = ( GEOMETRIC_REPRESENTATION_CONTEXT(2) 
PARAMETRIC_REPRESENTATION_CONTEXT() REPRESENTATION_CONTEXT('2D SPACE',''
  ) );
#6278 = ORIENTED_EDGE('',*,*,#6279,.F.);
#6279 = EDGE_CURVE('',#6028,#6257,#6280,.T.);
#6280 = SURFACE_CURVE('',#6281,(#6285,#6292),.PCURVE_S1.);
#6281 = LINE('',#6282,#6283);
#6282 = CARTESIAN_POINT('',(-1.6175E+03,-27.5,260.));
#6283 = VECTOR('',#6284,1.);
#6284 = DIRECTION('',(1.,0.,0.));
#6285 = PCURVE('',#6069,#6286);
#6286 = DEFINITIONAL_REPRESENTATION('',(#6287),#6291);
#6287 = LINE('',#6288,#6289);
#6288 = CARTESIAN_POINT('',(0.,520.));
#6289 = VECTOR('',#6290,1.);
#6290 = DIRECTION('',(1.,0.));
#6291 = ( GEOMETRIC_REPRESENTATION_CONTEXT(2) 
PARAMETRIC_REPRESENTATION_CONTEXT() REPRESENTATION_CONTEXT('2D SPACE',''
  ) );
#6292 = PCURVE('',#6043,#6293);
#6293 = DEFINITIONAL_REPRESENTATION('',(#6294),#6298);
#6294 = LINE('',#6295,#6296);
#6295 = CARTESIAN_POINT('',(55.,0.));
#6296 = VECTOR('',#6297,1.);
#6297 = DIRECTION('',(0.,1.));
#6298 = ( GEOMETRIC_REPRESENTATION_CONTEXT(2) 
PARAMETRIC_REPRESENTATION_CONTEXT() REPRESENTATION_CONTEXT('2D SPACE',''
  ) );
#6299 = ADVANCED_FACE('',(#6300),#6124,.T.);
#6300 = FACE_BOUND('',#6301,.T.);
#6301 = EDGE_LOOP('',(#6302,#6303,#6304,#6305,#6328,#6351,#6374,#6397,
    #6420,#6443,#6466,#6487));
#6302 = ORIENTED_EDGE('',*,*,#6108,.F.);
#6303 = ORIENTED_EDGE('',*,*,#6230,.F.);
#6304 = ORIENTED_EDGE('',*,*,#6182,.T.);
#6305 = ORIENTED_EDGE('',*,*,#6306,.F.);
#6306 = EDGE_CURVE('',#6307,#6183,#6309,.T.);
#6307 = VERTEX_POINT('',#6308);
#6308 = CARTESIAN_POINT('',(-1.5825E+03,-27.5,-260.));
#6309 = SURFACE_CURVE('',#6310,(#6314,#6321),.PCURVE_S1.);
#6310 = LINE('',#6311,#6312);
#6311 = CARTESIAN_POINT('',(-1.5825E+03,-27.5,-260.));
#6312 = VECTOR('',#6313,1.);
#6313 = DIRECTION('',(0.,1.110223024625E-16,1.));
#6314 = PCURVE('',#6124,#6315);
#6315 = DEFINITIONAL_REPRESENTATION('',(#6316),#6320);
#6316 = LINE('',#6317,#6318);
#6317 = CARTESIAN_POINT('',(-232.5,-232.5));
#6318 = VECTOR('',#6319,1.);
#6319 = DIRECTION('',(1.,-1.110223024625E-16));
#6320 = ( GEOMETRIC_REPRESENTATION_CONTEXT(2) 
PARAMETRIC_REPRESENTATION_CONTEXT() REPRESENTATION_CONTEXT('2D SPACE',''
  ) );
#6321 = PCURVE('',#5847,#6322);
#6322 = DEFINITIONAL_REPRESENTATION('',(#6323),#6327);
#6323 = LINE('',#6324,#6325);
#6324 = CARTESIAN_POINT('',(35.,0.));
#6325 = VECTOR('',#6326,1.);
#6326 = DIRECTION('',(0.,1.));
#6327 = ( GEOMETRIC_REPRESENTATION_CONTEXT(2) 
PARAMETRIC_REPRESENTATION_CONTEXT() REPRESENTATION_CONTEXT('2D SPACE',''
  ) );
#6328 = ORIENTED_EDGE('',*,*,#6329,.F.);
#6329 = EDGE_CURVE('',#6330,#6307,#6332,.T.);
#6330 = VERTEX_POINT('',#6331);
#6331 = CARTESIAN_POINT('',(-1.5825E+03,27.5,-260.));
#6332 = SURFACE_CURVE('',#6333,(#6337,#6344),.PCURVE_S1.);
#6333 = LINE('',#6334,#6335);
#6334 = CARTESIAN_POINT('',(-1.5825E+03,27.5,-260.));
#6335 = VECTOR('',#6336,1.);
#6336 = DIRECTION('',(0.,-1.,1.110223024625E-16));
#6337 = PCURVE('',#6124,#6338);
#6338 = DEFINITIONAL_REPRESENTATION('',(#6339),#6343);
#6339 = LINE('',#6340,#6341);
#6340 = CARTESIAN_POINT('',(-232.5,-287.5));
#6341 = VECTOR('',#6342,1.);
#6342 = DIRECTION('',(1.110223024625E-16,1.));
#6343 = ( GEOMETRIC_REPRESENTATION_CONTEXT(2) 
PARAMETRIC_REPRESENTATION_CONTEXT() REPRESENTATION_CONTEXT('2D SPACE',''
  ) );
#6344 = PCURVE('',#5875,#6345);
#6345 = DEFINITIONAL_REPRESENTATION('',(#6346),#6350);
#6346 = LINE('',#6347,#6348);
#6347 = CARTESIAN_POINT('',(0.,35.));
#6348 = VECTOR('',#6349,1.);
#6349 = DIRECTION('',(1.,0.));
#6350 = ( GEOMETRIC_REPRESENTATION_CONTEXT(2) 
PARAMETRIC_REPRESENTATION_CONTEXT() REPRESENTATION_CONTEXT('2D SPACE',''
  ) );
#6351 = ORIENTED_EDGE('',*,*,#6352,.T.);
#6352 = EDGE_CURVE('',#6330,#6353,#6355,.T.);
#6353 = VERTEX_POINT('',#6354);
#6354 = CARTESIAN_POINT('',(-1.5825E+03,27.5,-27.5));
#6355 = SURFACE_CURVE('',#6356,(#6360,#6367),.PCURVE_S1.);
#6356 = LINE('',#6357,#6358);
#6357 = CARTESIAN_POINT('',(-1.5825E+03,27.5,-260.));
#6358 = VECTOR('',#6359,1.);
#6359 = DIRECTION('',(0.,1.110223024625E-16,1.));
#6360 = PCURVE('',#6124,#6361);
#6361 = DEFINITIONAL_REPRESENTATION('',(#6362),#6366);
#6362 = LINE('',#6363,#6364);
#6363 = CARTESIAN_POINT('',(-232.5,-287.5));
#6364 = VECTOR('',#6365,1.);
#6365 = DIRECTION('',(1.,-1.110223024625E-16));
#6366 = ( GEOMETRIC_REPRESENTATION_CONTEXT(2) 
PARAMETRIC_REPRESENTATION_CONTEXT() REPRESENTATION_CONTEXT('2D SPACE',''
  ) );
#6367 = PCURVE('',#5903,#6368);
#6368 = DEFINITIONAL_REPRESENTATION('',(#6369),#6373);
#6369 = LINE('',#6370,#6371);
#6370 = CARTESIAN_POINT('',(35.,0.));
#6371 = VECTOR('',#6372,1.);
#6372 = DIRECTION('',(0.,1.));
#6373 = ( GEOMETRIC_REPRESENTATION_CONTEXT(2) 
PARAMETRIC_REPRESENTATION_CONTEXT() REPRESENTATION_CONTEXT('2D SPACE',''
  ) );
#6374 = ORIENTED_EDGE('',*,*,#6375,.T.);
#6375 = EDGE_CURVE('',#6353,#6376,#6378,.T.);
#6376 = VERTEX_POINT('',#6377);
#6377 = CARTESIAN_POINT('',(-1.5825E+03,260.,-27.5));
#6378 = SURFACE_CURVE('',#6379,(#6383,#6390),.PCURVE_S1.);
#6379 = LINE('',#6380,#6381);
#6380 = CARTESIAN_POINT('',(-1.5825E+03,-260.,-27.5));
#6381 = VECTOR('',#6382,1.);
#6382 = DIRECTION('',(0.,1.,0.));
#6383 = PCURVE('',#6124,#6384);
#6384 = DEFINITIONAL_REPRESENTATION('',(#6385),#6389);
#6385 = LINE('',#6386,#6387);
#6386 = CARTESIAN_POINT('',(0.,0.));
#6387 = VECTOR('',#6388,1.);
#6388 = DIRECTION('',(0.,-1.));
#6389 = ( GEOMETRIC_REPRESENTATION_CONTEXT(2) 
PARAMETRIC_REPRESENTATION_CONTEXT() REPRESENTATION_CONTEXT('2D SPACE',''
  ) );
#6390 = PCURVE('',#5931,#6391);
#6391 = DEFINITIONAL_REPRESENTATION('',(#6392),#6396);
#6392 = LINE('',#6393,#6394);
#6393 = CARTESIAN_POINT('',(35.,0.));
#6394 = VECTOR('',#6395,1.);
#6395 = DIRECTION('',(0.,1.));
#6396 = ( GEOMETRIC_REPRESENTATION_CONTEXT(2) 
PARAMETRIC_REPRESENTATION_CONTEXT() REPRESENTATION_CONTEXT('2D SPACE',''
  ) );
#6397 = ORIENTED_EDGE('',*,*,#6398,.T.);
#6398 = EDGE_CURVE('',#6376,#6399,#6401,.T.);
#6399 = VERTEX_POINT('',#6400);
#6400 = CARTESIAN_POINT('',(-1.5825E+03,260.,27.5));
#6401 = SURFACE_CURVE('',#6402,(#6406,#6413),.PCURVE_S1.);
#6402 = LINE('',#6403,#6404);
#6403 = CARTESIAN_POINT('',(-1.5825E+03,260.,-27.5));
#6404 = VECTOR('',#6405,1.);
#6405 = DIRECTION('',(0.,0.,1.));
#6406 = PCURVE('',#6124,#6407);
#6407 = DEFINITIONAL_REPRESENTATION('',(#6408),#6412);
#6408 = LINE('',#6409,#6410);
#6409 = CARTESIAN_POINT('',(0.,-520.));
#6410 = VECTOR('',#6411,1.);
#6411 = DIRECTION('',(1.,0.));
#6412 = ( GEOMETRIC_REPRESENTATION_CONTEXT(2) 
PARAMETRIC_REPRESENTATION_CONTEXT() REPRESENTATION_CONTEXT('2D SPACE',''
  ) );
#6413 = PCURVE('',#5959,#6414);
#6414 = DEFINITIONAL_REPRESENTATION('',(#6415),#6419);
#6415 = LINE('',#6416,#6417);
#6416 = CARTESIAN_POINT('',(0.,35.));
#6417 = VECTOR('',#6418,1.);
#6418 = DIRECTION('',(1.,0.));
#6419 = ( GEOMETRIC_REPRESENTATION_CONTEXT(2) 
PARAMETRIC_REPRESENTATION_CONTEXT() REPRESENTATION_CONTEXT('2D SPACE',''
  ) );
#6420 = ORIENTED_EDGE('',*,*,#6421,.F.);
#6421 = EDGE_CURVE('',#6422,#6399,#6424,.T.);
#6422 = VERTEX_POINT('',#6423);
#6423 = CARTESIAN_POINT('',(-1.5825E+03,27.5,27.5));
#6424 = SURFACE_CURVE('',#6425,(#6429,#6436),.PCURVE_S1.);
#6425 = LINE('',#6426,#6427);
#6426 = CARTESIAN_POINT('',(-1.5825E+03,-260.,27.5));
#6427 = VECTOR('',#6428,1.);
#6428 = DIRECTION('',(0.,1.,0.));
#6429 = PCURVE('',#6124,#6430);
#6430 = DEFINITIONAL_REPRESENTATION('',(#6431),#6435);
#6431 = LINE('',#6432,#6433);
#6432 = CARTESIAN_POINT('',(55.,0.));
#6433 = VECTOR('',#6434,1.);
#6434 = DIRECTION('',(0.,-1.));
#6435 = ( GEOMETRIC_REPRESENTATION_CONTEXT(2) 
PARAMETRIC_REPRESENTATION_CONTEXT() REPRESENTATION_CONTEXT('2D SPACE',''
  ) );
#6436 = PCURVE('',#5987,#6437);
#6437 = DEFINITIONAL_REPRESENTATION('',(#6438),#6442);
#6438 = LINE('',#6439,#6440);
#6439 = CARTESIAN_POINT('',(35.,0.));
#6440 = VECTOR('',#6441,1.);
#6441 = DIRECTION('',(0.,1.));
#6442 = ( GEOMETRIC_REPRESENTATION_CONTEXT(2) 
PARAMETRIC_REPRESENTATION_CONTEXT() REPRESENTATION_CONTEXT('2D SPACE',''
  ) );
#6443 = ORIENTED_EDGE('',*,*,#6444,.T.);
#6444 = EDGE_CURVE('',#6422,#6445,#6447,.T.);
#6445 = VERTEX_POINT('',#6446);
#6446 = CARTESIAN_POINT('',(-1.5825E+03,27.5,260.));
#6447 = SURFACE_CURVE('',#6448,(#6452,#6459),.PCURVE_S1.);
#6448 = LINE('',#6449,#6450);
#6449 = CARTESIAN_POINT('',(-1.5825E+03,27.5,-260.));
#6450 = VECTOR('',#6451,1.);
#6451 = DIRECTION('',(0.,1.110223024625E-16,1.));
#6452 = PCURVE('',#6124,#6453);
#6453 = DEFINITIONAL_REPRESENTATION('',(#6454),#6458);
#6454 = LINE('',#6455,#6456);
#6455 = CARTESIAN_POINT('',(-232.5,-287.5));
#6456 = VECTOR('',#6457,1.);
#6457 = DIRECTION('',(1.,-1.110223024625E-16));
#6458 = ( GEOMETRIC_REPRESENTATION_CONTEXT(2) 
PARAMETRIC_REPRESENTATION_CONTEXT() REPRESENTATION_CONTEXT('2D SPACE',''
  ) );
#6459 = PCURVE('',#6015,#6460);
#6460 = DEFINITIONAL_REPRESENTATION('',(#6461),#6465);
#6461 = LINE('',#6462,#6463);
#6462 = CARTESIAN_POINT('',(35.,0.));
#6463 = VECTOR('',#6464,1.);
#6464 = DIRECTION('',(0.,1.));
#6465 = ( GEOMETRIC_REPRESENTATION_CONTEXT(2) 
PARAMETRIC_REPRESENTATION_CONTEXT() REPRESENTATION_CONTEXT('2D SPACE',''
  ) );
#6466 = ORIENTED_EDGE('',*,*,#6467,.T.);
#6467 = EDGE_CURVE('',#6445,#6257,#6468,.T.);
#6468 = SURFACE_CURVE('',#6469,(#6473,#6480),.PCURVE_S1.);
#6469 = LINE('',#6470,#6471);
#6470 = CARTESIAN_POINT('',(-1.5825E+03,27.5,260.));
#6471 = VECTOR('',#6472,1.);
#6472 = DIRECTION('',(0.,-1.,1.110223024625E-16));
#6473 = PCURVE('',#6124,#6474);
#6474 = DEFINITIONAL_REPRESENTATION('',(#6475),#6479);
#6475 = LINE('',#6476,#6477);
#6476 = CARTESIAN_POINT('',(287.5,-287.5));
#6477 = VECTOR('',#6478,1.);
#6478 = DIRECTION('',(1.110223024625E-16,1.));
#6479 = ( GEOMETRIC_REPRESENTATION_CONTEXT(2) 
PARAMETRIC_REPRESENTATION_CONTEXT() REPRESENTATION_CONTEXT('2D SPACE',''
  ) );
#6480 = PCURVE('',#6043,#6481);
#6481 = DEFINITIONAL_REPRESENTATION('',(#6482),#6486);
#6482 = LINE('',#6483,#6484);
#6483 = CARTESIAN_POINT('',(0.,35.));
#6484 = VECTOR('',#6485,1.);
#6485 = DIRECTION('',(1.,0.));
#6486 = ( GEOMETRIC_REPRESENTATION_CONTEXT(2) 
PARAMETRIC_REPRESENTATION_CONTEXT() REPRESENTATION_CONTEXT('2D SPACE',''
  ) );
#6487 = ORIENTED_EDGE('',*,*,#6256,.F.);
#6488 = ADVANCED_FACE('',(#6489),#5847,.T.);
#6489 = FACE_BOUND('',#6490,.T.);
#6490 = EDGE_LOOP('',(#6491,#6492,#6513,#6514));
#6491 = ORIENTED_EDGE('',*,*,#5831,.F.);
#6492 = ORIENTED_EDGE('',*,*,#6493,.T.);
#6493 = EDGE_CURVE('',#5832,#6307,#6494,.T.);
#6494 = SURFACE_CURVE('',#6495,(#6499,#6506),.PCURVE_S1.);
#6495 = LINE('',#6496,#6497);
#6496 = CARTESIAN_POINT('',(-1.6175E+03,-27.5,-260.));
#6497 = VECTOR('',#6498,1.);
#6498 = DIRECTION('',(1.,0.,0.));
#6499 = PCURVE('',#5847,#6500);
#6500 = DEFINITIONAL_REPRESENTATION('',(#6501),#6505);
#6501 = LINE('',#6502,#6503);
#6502 = CARTESIAN_POINT('',(0.,0.));
#6503 = VECTOR('',#6504,1.);
#6504 = DIRECTION('',(1.,0.));
#6505 = ( GEOMETRIC_REPRESENTATION_CONTEXT(2) 
PARAMETRIC_REPRESENTATION_CONTEXT() REPRESENTATION_CONTEXT('2D SPACE',''
  ) );
#6506 = PCURVE('',#5875,#6507);
#6507 = DEFINITIONAL_REPRESENTATION('',(#6508),#6512);
#6508 = LINE('',#6509,#6510);
#6509 = CARTESIAN_POINT('',(55.,0.));
#6510 = VECTOR('',#6511,1.);
#6511 = DIRECTION('',(0.,1.));
#6512 = ( GEOMETRIC_REPRESENTATION_CONTEXT(2) 
PARAMETRIC_REPRESENTATION_CONTEXT() REPRESENTATION_CONTEXT('2D SPACE',''
  ) );
#6513 = ORIENTED_EDGE('',*,*,#6306,.T.);
#6514 = ORIENTED_EDGE('',*,*,#6205,.F.);
#6515 = ADVANCED_FACE('',(#6516),#6043,.T.);
#6516 = FACE_BOUND('',#6517,.T.);
#6517 = EDGE_LOOP('',(#6518,#6539,#6540,#6541));
#6518 = ORIENTED_EDGE('',*,*,#6519,.F.);
#6519 = EDGE_CURVE('',#6000,#6445,#6520,.T.);
#6520 = SURFACE_CURVE('',#6521,(#6525,#6532),.PCURVE_S1.);
#6521 = LINE('',#6522,#6523);
#6522 = CARTESIAN_POINT('',(-1.6175E+03,27.5,260.));
#6523 = VECTOR('',#6524,1.);
#6524 = DIRECTION('',(1.,0.,0.));
#6525 = PCURVE('',#6043,#6526);
#6526 = DEFINITIONAL_REPRESENTATION('',(#6527),#6531);
#6527 = LINE('',#6528,#6529);
#6528 = CARTESIAN_POINT('',(0.,0.));
#6529 = VECTOR('',#6530,1.);
#6530 = DIRECTION('',(0.,1.));
#6531 = ( GEOMETRIC_REPRESENTATION_CONTEXT(2) 
PARAMETRIC_REPRESENTATION_CONTEXT() REPRESENTATION_CONTEXT('2D SPACE',''
  ) );
#6532 = PCURVE('',#6015,#6533);
#6533 = DEFINITIONAL_REPRESENTATION('',(#6534),#6538);
#6534 = LINE('',#6535,#6536);
#6535 = CARTESIAN_POINT('',(0.,520.));
#6536 = VECTOR('',#6537,1.);
#6537 = DIRECTION('',(1.,0.));
#6538 = ( GEOMETRIC_REPRESENTATION_CONTEXT(2) 
PARAMETRIC_REPRESENTATION_CONTEXT() REPRESENTATION_CONTEXT('2D SPACE',''
  ) );
#6539 = ORIENTED_EDGE('',*,*,#6027,.T.);
#6540 = ORIENTED_EDGE('',*,*,#6279,.T.);
#6541 = ORIENTED_EDGE('',*,*,#6467,.F.);
#6542 = ADVANCED_FACE('',(#6543),#6015,.F.);
#6543 = FACE_BOUND('',#6544,.F.);
#6544 = EDGE_LOOP('',(#6545,#6546,#6565,#6566));
#6545 = ORIENTED_EDGE('',*,*,#5999,.F.);
#6546 = ORIENTED_EDGE('',*,*,#6547,.T.);
#6547 = EDGE_CURVE('',#5972,#6422,#6548,.T.);
#6548 = SURFACE_CURVE('',#6549,(#6553,#6559),.PCURVE_S1.);
#6549 = LINE('',#6550,#6551);
#6550 = CARTESIAN_POINT('',(-1.6175E+03,27.5,27.5));
#6551 = VECTOR('',#6552,1.);
#6552 = DIRECTION('',(1.,0.,-0.));
#6553 = PCURVE('',#6015,#6554);
#6554 = DEFINITIONAL_REPRESENTATION('',(#6555),#6558);
#6555 = B_SPLINE_CURVE_WITH_KNOTS('',1,(#6556,#6557),.UNSPECIFIED.,.F.,
  .F.,(2,2),(0.,35.),.PIECEWISE_BEZIER_KNOTS.);
#6556 = CARTESIAN_POINT('',(0.,287.5));
#6557 = CARTESIAN_POINT('',(35.,287.5));
#6558 = ( GEOMETRIC_REPRESENTATION_CONTEXT(2) 
PARAMETRIC_REPRESENTATION_CONTEXT() REPRESENTATION_CONTEXT('2D SPACE',''
  ) );
#6559 = PCURVE('',#5987,#6560);
#6560 = DEFINITIONAL_REPRESENTATION('',(#6561),#6564);
#6561 = B_SPLINE_CURVE_WITH_KNOTS('',1,(#6562,#6563),.UNSPECIFIED.,.F.,
  .F.,(2,2),(0.,35.),.PIECEWISE_BEZIER_KNOTS.);
#6562 = CARTESIAN_POINT('',(0.,287.5));
#6563 = CARTESIAN_POINT('',(35.,287.5));
#6564 = ( GEOMETRIC_REPRESENTATION_CONTEXT(2) 
PARAMETRIC_REPRESENTATION_CONTEXT() REPRESENTATION_CONTEXT('2D SPACE',''
  ) );
#6565 = ORIENTED_EDGE('',*,*,#6444,.T.);
#6566 = ORIENTED_EDGE('',*,*,#6519,.F.);
#6567 = ADVANCED_FACE('',(#6568),#5987,.T.);
#6568 = FACE_BOUND('',#6569,.T.);
#6569 = EDGE_LOOP('',(#6570,#6571,#6572,#6573));
#6570 = ORIENTED_EDGE('',*,*,#5971,.F.);
#6571 = ORIENTED_EDGE('',*,*,#6547,.T.);
#6572 = ORIENTED_EDGE('',*,*,#6421,.T.);
#6573 = ORIENTED_EDGE('',*,*,#6574,.F.);
#6574 = EDGE_CURVE('',#5944,#6399,#6575,.T.);
#6575 = SURFACE_CURVE('',#6576,(#6580,#6587),.PCURVE_S1.);
#6576 = LINE('',#6577,#6578);
#6577 = CARTESIAN_POINT('',(-1.6175E+03,260.,27.5));
#6578 = VECTOR('',#6579,1.);
#6579 = DIRECTION('',(1.,0.,0.));
#6580 = PCURVE('',#5987,#6581);
#6581 = DEFINITIONAL_REPRESENTATION('',(#6582),#6586);
#6582 = LINE('',#6583,#6584);
#6583 = CARTESIAN_POINT('',(0.,520.));
#6584 = VECTOR('',#6585,1.);
#6585 = DIRECTION('',(1.,0.));
#6586 = ( GEOMETRIC_REPRESENTATION_CONTEXT(2) 
PARAMETRIC_REPRESENTATION_CONTEXT() REPRESENTATION_CONTEXT('2D SPACE',''
  ) );
#6587 = PCURVE('',#5959,#6588);
#6588 = DEFINITIONAL_REPRESENTATION('',(#6589),#6593);
#6589 = LINE('',#6590,#6591);
#6590 = CARTESIAN_POINT('',(55.,0.));
#6591 = VECTOR('',#6592,1.);
#6592 = DIRECTION('',(0.,1.));
#6593 = ( GEOMETRIC_REPRESENTATION_CONTEXT(2) 
PARAMETRIC_REPRESENTATION_CONTEXT() REPRESENTATION_CONTEXT('2D SPACE',''
  ) );
#6594 = ADVANCED_FACE('',(#6595),#5959,.T.);
#6595 = FACE_BOUND('',#6596,.T.);
#6596 = EDGE_LOOP('',(#6597,#6618,#6619,#6620));
#6597 = ORIENTED_EDGE('',*,*,#6598,.F.);
#6598 = EDGE_CURVE('',#5916,#6376,#6599,.T.);
#6599 = SURFACE_CURVE('',#6600,(#6604,#6611),.PCURVE_S1.);
#6600 = LINE('',#6601,#6602);
#6601 = CARTESIAN_POINT('',(-1.6175E+03,260.,-27.5));
#6602 = VECTOR('',#6603,1.);
#6603 = DIRECTION('',(1.,0.,0.));
#6604 = PCURVE('',#5959,#6605);
#6605 = DEFINITIONAL_REPRESENTATION('',(#6606),#6610);
#6606 = LINE('',#6607,#6608);
#6607 = CARTESIAN_POINT('',(0.,0.));
#6608 = VECTOR('',#6609,1.);
#6609 = DIRECTION('',(0.,1.));
#6610 = ( GEOMETRIC_REPRESENTATION_CONTEXT(2) 
PARAMETRIC_REPRESENTATION_CONTEXT() REPRESENTATION_CONTEXT('2D SPACE',''
  ) );
#6611 = PCURVE('',#5931,#6612);
#6612 = DEFINITIONAL_REPRESENTATION('',(#6613),#6617);
#6613 = LINE('',#6614,#6615);
#6614 = CARTESIAN_POINT('',(0.,520.));
#6615 = VECTOR('',#6616,1.);
#6616 = DIRECTION('',(1.,0.));
#6617 = ( GEOMETRIC_REPRESENTATION_CONTEXT(2) 
PARAMETRIC_REPRESENTATION_CONTEXT() REPRESENTATION_CONTEXT('2D SPACE',''
  ) );
#6618 = ORIENTED_EDGE('',*,*,#5943,.T.);
#6619 = ORIENTED_EDGE('',*,*,#6574,.T.);
#6620 = ORIENTED_EDGE('',*,*,#6398,.F.);
#6621 = ADVANCED_FACE('',(#6622),#5931,.F.);
#6622 = FACE_BOUND('',#6623,.F.);
#6623 = EDGE_LOOP('',(#6624,#6625,#6644,#6645));
#6624 = ORIENTED_EDGE('',*,*,#5915,.F.);
#6625 = ORIENTED_EDGE('',*,*,#6626,.T.);
#6626 = EDGE_CURVE('',#5888,#6353,#6627,.T.);
#6627 = SURFACE_CURVE('',#6628,(#6632,#6638),.PCURVE_S1.);
#6628 = LINE('',#6629,#6630);
#6629 = CARTESIAN_POINT('',(-1.6175E+03,27.5,-27.5));
#6630 = VECTOR('',#6631,1.);
#6631 = DIRECTION('',(1.,0.,-0.));
#6632 = PCURVE('',#5931,#6633);
#6633 = DEFINITIONAL_REPRESENTATION('',(#6634),#6637);
#6634 = B_SPLINE_CURVE_WITH_KNOTS('',1,(#6635,#6636),.UNSPECIFIED.,.F.,
  .F.,(2,2),(0.,35.),.PIECEWISE_BEZIER_KNOTS.);
#6635 = CARTESIAN_POINT('',(0.,287.5));
#6636 = CARTESIAN_POINT('',(35.,287.5));
#6637 = ( GEOMETRIC_REPRESENTATION_CONTEXT(2) 
PARAMETRIC_REPRESENTATION_CONTEXT() REPRESENTATION_CONTEXT('2D SPACE',''
  ) );
#6638 = PCURVE('',#5903,#6639);
#6639 = DEFINITIONAL_REPRESENTATION('',(#6640),#6643);
#6640 = B_SPLINE_CURVE_WITH_KNOTS('',1,(#6641,#6642),.UNSPECIFIED.,.F.,
  .F.,(2,2),(0.,35.),.PIECEWISE_BEZIER_KNOTS.);
#6641 = CARTESIAN_POINT('',(0.,232.5));
#6642 = CARTESIAN_POINT('',(35.,232.5));
#6643 = ( GEOMETRIC_REPRESENTATION_CONTEXT(2) 
PARAMETRIC_REPRESENTATION_CONTEXT() REPRESENTATION_CONTEXT('2D SPACE',''
  ) );
#6644 = ORIENTED_EDGE('',*,*,#6375,.T.);
#6645 = ORIENTED_EDGE('',*,*,#6598,.F.);
#6646 = ADVANCED_FACE('',(#6647),#5903,.F.);
#6647 = FACE_BOUND('',#6648,.F.);
#6648 = EDGE_LOOP('',(#6649,#6650,#6671,#6672));
#6649 = ORIENTED_EDGE('',*,*,#5887,.F.);
#6650 = ORIENTED_EDGE('',*,*,#6651,.T.);
#6651 = EDGE_CURVE('',#5860,#6330,#6652,.T.);
#6652 = SURFACE_CURVE('',#6653,(#6657,#6664),.PCURVE_S1.);
#6653 = LINE('',#6654,#6655);
#6654 = CARTESIAN_POINT('',(-1.6175E+03,27.5,-260.));
#6655 = VECTOR('',#6656,1.);
#6656 = DIRECTION('',(1.,0.,0.));
#6657 = PCURVE('',#5903,#6658);
#6658 = DEFINITIONAL_REPRESENTATION('',(#6659),#6663);
#6659 = LINE('',#6660,#6661);
#6660 = CARTESIAN_POINT('',(0.,0.));
#6661 = VECTOR('',#6662,1.);
#6662 = DIRECTION('',(1.,0.));
#6663 = ( GEOMETRIC_REPRESENTATION_CONTEXT(2) 
PARAMETRIC_REPRESENTATION_CONTEXT() REPRESENTATION_CONTEXT('2D SPACE',''
  ) );
#6664 = PCURVE('',#5875,#6665);
#6665 = DEFINITIONAL_REPRESENTATION('',(#6666),#6670);
#6666 = LINE('',#6667,#6668);
#6667 = CARTESIAN_POINT('',(0.,0.));
#6668 = VECTOR('',#6669,1.);
#6669 = DIRECTION('',(0.,1.));
#6670 = ( GEOMETRIC_REPRESENTATION_CONTEXT(2) 
PARAMETRIC_REPRESENTATION_CONTEXT() REPRESENTATION_CONTEXT('2D SPACE',''
  ) );
#6671 = ORIENTED_EDGE('',*,*,#6352,.T.);
#6672 = ORIENTED_EDGE('',*,*,#6626,.F.);
#6673 = ADVANCED_FACE('',(#6674),#5875,.F.);
#6674 = FACE_BOUND('',#6675,.F.);
#6675 = EDGE_LOOP('',(#6676,#6677,#6678,#6679));
#6676 = ORIENTED_EDGE('',*,*,#6651,.F.);
#6677 = ORIENTED_EDGE('',*,*,#5859,.T.);
#6678 = ORIENTED_EDGE('',*,*,#6493,.T.);
#6679 = ORIENTED_EDGE('',*,*,#6329,.F.);
#6680 = ( GEOMETRIC_REPRESENTATION_CONTEXT(3) 
GLOBAL_UNCERTAINTY_ASSIGNED_CONTEXT((#6684)) 
GLOBAL_UNIT_ASSIGNED_CONTEXT((#6681,#6682,#6683)) REPRESENTATION_CONTEXT
('Context #1','3D Context with UNIT and UNCERTAINTY') );
#6681 = ( LENGTH_UNIT() NAMED_UNIT(*) SI_UNIT(.MILLI.,.METRE.) );
#6682 = ( NAMED_UNIT(*) PLANE_ANGLE_UNIT() SI_UNIT($,.RADIAN.) );
#6683 = ( NAMED_UNIT(*) SI_UNIT($,.STERADIAN.) SOLID_ANGLE_UNIT() );
#6684 = UNCERTAINTY_MEASURE_WITH_UNIT(LENGTH_MEASURE(1.E-07),#6681,
  'distance_accuracy_value','confusion accuracy');
#6685 = CONTEXT_DEPENDENT_SHAPE_REPRESENTATION(#6686,#6688);
#6686 = ( REPRESENTATION_RELATIONSHIP('','',#5733,#10) 
REPRESENTATION_RELATIONSHIP_WITH_TRANSFORMATION(#6687) 
SHAPE_REPRESENTATION_RELATIONSHIP() );
#6687 = ITEM_DEFINED_TRANSFORMATION('','',#11,#23);
#6688 = PRODUCT_DEFINITION_SHAPE('Placement','Placement of an item',
  #6689);
#6689 = NEXT_ASSEMBLY_USAGE_OCCURRENCE('26','','',#5,#5728,$);
#6690 = PRODUCT_RELATED_PRODUCT_CATEGORY('part',$,(#5730));
ENDSEC;
END-ISO-10303-21;
