ISO-10303-21;
HEADER;
FILE_DESCRIPTION(('Open CASCADE Model'),'2;1');
FILE_NAME('Open CASCADE Shape Model','2026-09-20T19:28:57',('Author'),(
    'Open CASCADE'),'Open CASCADE STEP processor 7.9','Open CASCADE 7.9'
  ,'Unknown');
FILE_SCHEMA(('AUTOMOTIVE_DESIGN { 1 0 10303 214 1 1 1 1 }'));
ENDSEC;
DATA;
#1 = APPLICATION_PROTOCOL_DEFINITION('international standard',
  'automotive_design',2000,#2);
#2 = APPLICATION_CONTEXT(
  'core data for automotive mechanical design processes');
#3 = SHAPE_DEFINITION_REPRESENTATION(#4,#10);
#4 = PRODUCT_DEFINITION_SHAPE('','',#5);
#5 = PRODUCT_DEFINITION('design','',#6,#9);
#6 = PRODUCT_DEFINITION_FORMATION('','',#7);
#7 = PRODUCT('Open CASCADE STEP translator 7.9 2',
  'Open CASCADE STEP translator 7.9 2','',(#8));
#8 = PRODUCT_CONTEXT('',#2,'mechanical');
#9 = PRODUCT_DEFINITION_CONTEXT('part definition',#2,'design');
#10 = SHAPE_REPRESENTATION('',(#11,#15,#19),#23);
#11 = AXIS2_PLACEMENT_3D('',#12,#13,#14);
#12 = CARTESIAN_POINT('',(0.,0.,0.));
#13 = DIRECTION('',(0.,0.,1.));
#14 = DIRECTION('',(1.,0.,-0.));
#15 = AXIS2_PLACEMENT_3D('',#16,#17,#18);
#16 = CARTESIAN_POINT('',(0.,0.,0.));
#17 = DIRECTION('',(0.,0.,1.));
#18 = DIRECTION('',(1.,0.,-0.));
#19 = AXIS2_PLACEMENT_3D('',#20,#21,#22);
#20 = CARTESIAN_POINT('',(0.,0.,0.));
#21 = DIRECTION('',(0.,0.,1.));
#22 = DIRECTION('',(1.,0.,-0.));
#23 = ( GEOMETRIC_REPRESENTATION_CONTEXT(3) 
GLOBAL_UNCERTAINTY_ASSIGNED_CONTEXT((#27)) GLOBAL_UNIT_ASSIGNED_CONTEXT(
(#24,#25,#26)) REPRESENTATION_CONTEXT('Context #1',
  '3D Context with UNIT and UNCERTAINTY') );
#24 = ( LENGTH_UNIT() NAMED_UNIT(*) SI_UNIT(.MILLI.,.METRE.) );
#25 = ( NAMED_UNIT(*) PLANE_ANGLE_UNIT() SI_UNIT($,.RADIAN.) );
#26 = ( NAMED_UNIT(*) SI_UNIT($,.STERADIAN.) SOLID_ANGLE_UNIT() );
#27 = UNCERTAINTY_MEASURE_WITH_UNIT(LENGTH_MEASURE(2.E-04),#24,
  'distance_accuracy_value','confusion accuracy');
#28 = PRODUCT_RELATED_PRODUCT_CATEGORY('part',$,(#7));
#29 = SHAPE_DEFINITION_REPRESENTATION(#30,#36);
#30 = PRODUCT_DEFINITION_SHAPE('','',#31);
#31 = PRODUCT_DEFINITION('design','',#32,#35);
#32 = PRODUCT_DEFINITION_FORMATION('','',#33);
#33 = PRODUCT('Open CASCADE STEP translator 7.9 2.1',
  'Open CASCADE STEP translator 7.9 2.1','',(#34));
#34 = PRODUCT_CONTEXT('',#2,'mechanical');
#35 = PRODUCT_DEFINITION_CONTEXT('part definition',#2,'design');
#36 = ADVANCED_BREP_SHAPE_REPRESENTATION('',(#11,#37),#4147);
#37 = MANIFOLD_SOLID_BREP('',#38);
#38 = CLOSED_SHELL('',(#39,#159,#247,#326,#405,#481,#511,#645,#827,#908,
    #933,#1109,#1403,#1585,#1616,#1747,#1825,#1901,#1950,#1999,#2026,
    #2057,#2124,#2250,#2310,#2391,#2446,#2495,#2544,#2613,#2689,#2738,
    #2787,#2814,#2820,#2954,#3211,#3238,#3245,#3251,#3279,#3334,#3389,
    #3472,#3527,#3577,#3584,#3591,#3623,#3704,#3731,#3785,#3812,#3888,
    #3915,#3964,#3997,#4051,#4079,#4107,#4135,#4141));
#39 = ADVANCED_FACE('',(#40),#54,.F.);
#40 = FACE_BOUND('',#41,.F.);
#41 = EDGE_LOOP('',(#42,#77,#105,#133));
#42 = ORIENTED_EDGE('',*,*,#43,.F.);
#43 = EDGE_CURVE('',#44,#46,#48,.T.);
#44 = VERTEX_POINT('',#45);
#45 = CARTESIAN_POINT('',(-1.35E+03,-580.,-170.));
#46 = VERTEX_POINT('',#47);
#47 = CARTESIAN_POINT('',(-1.35E+03,-580.,170.));
#48 = SURFACE_CURVE('',#49,(#53,#65),.PCURVE_S1.);
#49 = LINE('',#50,#51);
#50 = CARTESIAN_POINT('',(-1.35E+03,-580.,-340.));
#51 = VECTOR('',#52,1.);
#52 = DIRECTION('',(0.,0.,1.));
#53 = PCURVE('',#54,#59);
#54 = PLANE('',#55);
#55 = AXIS2_PLACEMENT_3D('',#56,#57,#58);
#56 = CARTESIAN_POINT('',(-1.35E+03,-750.,-340.));
#57 = DIRECTION('',(1.,0.,0.));
#58 = DIRECTION('',(0.,0.,1.));
#59 = DEFINITIONAL_REPRESENTATION('',(#60),#64);
#60 = LINE('',#61,#62);
#61 = CARTESIAN_POINT('',(0.,-170.));
#62 = VECTOR('',#63,1.);
#63 = DIRECTION('',(1.,0.));
#64 = ( GEOMETRIC_REPRESENTATION_CONTEXT(2) 
PARAMETRIC_REPRESENTATION_CONTEXT() REPRESENTATION_CONTEXT('2D SPACE',''
  ) );
#65 = PCURVE('',#66,#71);
#66 = CYLINDRICAL_SURFACE('',#67,170.);
#67 = AXIS2_PLACEMENT_3D('',#68,#69,#70);
#68 = CARTESIAN_POINT('',(-1.18E+03,-580.,-340.));
#69 = DIRECTION('',(0.,0.,1.));
#70 = DIRECTION('',(-1.,-0.,0.));
#71 = DEFINITIONAL_REPRESENTATION('',(#72),#76);
#72 = LINE('',#73,#74);
#73 = CARTESIAN_POINT('',(0.,0.));
#74 = VECTOR('',#75,1.);
#75 = DIRECTION('',(0.,1.));
#76 = ( GEOMETRIC_REPRESENTATION_CONTEXT(2) 
PARAMETRIC_REPRESENTATION_CONTEXT() REPRESENTATION_CONTEXT('2D SPACE',''
  ) );
#77 = ORIENTED_EDGE('',*,*,#78,.T.);
#78 = EDGE_CURVE('',#44,#79,#81,.T.);
#79 = VERTEX_POINT('',#80);
#80 = CARTESIAN_POINT('',(-1.35E+03,580.,-170.));
#81 = SURFACE_CURVE('',#82,(#86,#93),.PCURVE_S1.);
#82 = LINE('',#83,#84);
#83 = CARTESIAN_POINT('',(-1.35E+03,-750.,-170.));
#84 = VECTOR('',#85,1.);
#85 = DIRECTION('',(0.,1.,0.));
#86 = PCURVE('',#54,#87);
#87 = DEFINITIONAL_REPRESENTATION('',(#88),#92);
#88 = LINE('',#89,#90);
#89 = CARTESIAN_POINT('',(170.,0.));
#90 = VECTOR('',#91,1.);
#91 = DIRECTION('',(0.,-1.));
#92 = ( GEOMETRIC_REPRESENTATION_CONTEXT(2) 
PARAMETRIC_REPRESENTATION_CONTEXT() REPRESENTATION_CONTEXT('2D SPACE',''
  ) );
#93 = PCURVE('',#94,#99);
#94 = CYLINDRICAL_SURFACE('',#95,170.);
#95 = AXIS2_PLACEMENT_3D('',#96,#97,#98);
#96 = CARTESIAN_POINT('',(-1.18E+03,-750.,-170.));
#97 = DIRECTION('',(0.,1.,0.));
#98 = DIRECTION('',(-1.,0.,0.));
#99 = DEFINITIONAL_REPRESENTATION('',(#100),#104);
#100 = LINE('',#101,#102);
#101 = CARTESIAN_POINT('',(-0.,0.));
#102 = VECTOR('',#103,1.);
#103 = DIRECTION('',(-0.,1.));
#104 = ( GEOMETRIC_REPRESENTATION_CONTEXT(2) 
PARAMETRIC_REPRESENTATION_CONTEXT() REPRESENTATION_CONTEXT('2D SPACE',''
  ) );
#105 = ORIENTED_EDGE('',*,*,#106,.T.);
#106 = EDGE_CURVE('',#79,#107,#109,.T.);
#107 = VERTEX_POINT('',#108);
#108 = CARTESIAN_POINT('',(-1.35E+03,580.,170.));
#109 = SURFACE_CURVE('',#110,(#114,#121),.PCURVE_S1.);
#110 = LINE('',#111,#112);
#111 = CARTESIAN_POINT('',(-1.35E+03,580.,-340.));
#112 = VECTOR('',#113,1.);
#113 = DIRECTION('',(0.,0.,1.));
#114 = PCURVE('',#54,#115);
#115 = DEFINITIONAL_REPRESENTATION('',(#116),#120);
#116 = LINE('',#117,#118);
#117 = CARTESIAN_POINT('',(0.,-1.33E+03));
#118 = VECTOR('',#119,1.);
#119 = DIRECTION('',(1.,0.));
#120 = ( GEOMETRIC_REPRESENTATION_CONTEXT(2) 
PARAMETRIC_REPRESENTATION_CONTEXT() REPRESENTATION_CONTEXT('2D SPACE',''
  ) );
#121 = PCURVE('',#122,#127);
#122 = CYLINDRICAL_SURFACE('',#123,170.);
#123 = AXIS2_PLACEMENT_3D('',#124,#125,#126);
#124 = CARTESIAN_POINT('',(-1.18E+03,580.,-340.));
#125 = DIRECTION('',(0.,0.,1.));
#126 = DIRECTION('',(-1.,-0.,0.));
#127 = DEFINITIONAL_REPRESENTATION('',(#128),#132);
#128 = LINE('',#129,#130);
#129 = CARTESIAN_POINT('',(-0.,0.));
#130 = VECTOR('',#131,1.);
#131 = DIRECTION('',(-0.,1.));
#132 = ( GEOMETRIC_REPRESENTATION_CONTEXT(2) 
PARAMETRIC_REPRESENTATION_CONTEXT() REPRESENTATION_CONTEXT('2D SPACE',''
  ) );
#133 = ORIENTED_EDGE('',*,*,#134,.F.);
#134 = EDGE_CURVE('',#46,#107,#135,.T.);
#135 = SURFACE_CURVE('',#136,(#140,#147),.PCURVE_S1.);
#136 = LINE('',#137,#138);
#137 = CARTESIAN_POINT('',(-1.35E+03,-750.,170.));
#138 = VECTOR('',#139,1.);
#139 = DIRECTION('',(0.,1.,0.));
#140 = PCURVE('',#54,#141);
#141 = DEFINITIONAL_REPRESENTATION('',(#142),#146);
#142 = LINE('',#143,#144);
#143 = CARTESIAN_POINT('',(510.,0.));
#144 = VECTOR('',#145,1.);
#145 = DIRECTION('',(0.,-1.));
#146 = ( GEOMETRIC_REPRESENTATION_CONTEXT(2) 
PARAMETRIC_REPRESENTATION_CONTEXT() REPRESENTATION_CONTEXT('2D SPACE',''
  ) );
#147 = PCURVE('',#148,#153);
#148 = CYLINDRICAL_SURFACE('',#149,170.);
#149 = AXIS2_PLACEMENT_3D('',#150,#151,#152);
#150 = CARTESIAN_POINT('',(-1.18E+03,-750.,170.));
#151 = DIRECTION('',(0.,1.,0.));
#152 = DIRECTION('',(-1.,0.,0.));
#153 = DEFINITIONAL_REPRESENTATION('',(#154),#158);
#154 = LINE('',#155,#156);
#155 = CARTESIAN_POINT('',(0.,0.));
#156 = VECTOR('',#157,1.);
#157 = DIRECTION('',(0.,1.));
#158 = ( GEOMETRIC_REPRESENTATION_CONTEXT(2) 
PARAMETRIC_REPRESENTATION_CONTEXT() REPRESENTATION_CONTEXT('2D SPACE',''
  ) );
#159 = ADVANCED_FACE('',(#160),#66,.T.);
#160 = FACE_BOUND('',#161,.T.);
#161 = EDGE_LOOP('',(#162,#163,#192,#220));
#162 = ORIENTED_EDGE('',*,*,#43,.F.);
#163 = ORIENTED_EDGE('',*,*,#164,.T.);
#164 = EDGE_CURVE('',#44,#165,#167,.T.);
#165 = VERTEX_POINT('',#166);
#166 = CARTESIAN_POINT('',(-1.18E+03,-750.,-170.));
#167 = SURFACE_CURVE('',#168,(#173,#180),.PCURVE_S1.);
#168 = CIRCLE('',#169,170.);
#169 = AXIS2_PLACEMENT_3D('',#170,#171,#172);
#170 = CARTESIAN_POINT('',(-1.18E+03,-580.,-170.));
#171 = DIRECTION('',(0.,0.,1.));
#172 = DIRECTION('',(-1.,0.,0.));
#173 = PCURVE('',#66,#174);
#174 = DEFINITIONAL_REPRESENTATION('',(#175),#179);
#175 = LINE('',#176,#177);
#176 = CARTESIAN_POINT('',(0.,170.));
#177 = VECTOR('',#178,1.);
#178 = DIRECTION('',(1.,0.));
#179 = ( GEOMETRIC_REPRESENTATION_CONTEXT(2) 
PARAMETRIC_REPRESENTATION_CONTEXT() REPRESENTATION_CONTEXT('2D SPACE',''
  ) );
#180 = PCURVE('',#181,#186);
#181 = SPHERICAL_SURFACE('',#182,170.);
#182 = AXIS2_PLACEMENT_3D('',#183,#184,#185);
#183 = CARTESIAN_POINT('',(-1.18E+03,-580.,-170.));
#184 = DIRECTION('',(0.,0.,1.));
#185 = DIRECTION('',(-1.,0.,0.));
#186 = DEFINITIONAL_REPRESENTATION('',(#187),#191);
#187 = LINE('',#188,#189);
#188 = CARTESIAN_POINT('',(0.,0.));
#189 = VECTOR('',#190,1.);
#190 = DIRECTION('',(1.,0.));
#191 = ( GEOMETRIC_REPRESENTATION_CONTEXT(2) 
PARAMETRIC_REPRESENTATION_CONTEXT() REPRESENTATION_CONTEXT('2D SPACE',''
  ) );
#192 = ORIENTED_EDGE('',*,*,#193,.T.);
#193 = EDGE_CURVE('',#165,#194,#196,.T.);
#194 = VERTEX_POINT('',#195);
#195 = CARTESIAN_POINT('',(-1.18E+03,-750.,170.));
#196 = SURFACE_CURVE('',#197,(#201,#208),.PCURVE_S1.);
#197 = LINE('',#198,#199);
#198 = CARTESIAN_POINT('',(-1.18E+03,-750.,-340.));
#199 = VECTOR('',#200,1.);
#200 = DIRECTION('',(0.,0.,1.));
#201 = PCURVE('',#66,#202);
#202 = DEFINITIONAL_REPRESENTATION('',(#203),#207);
#203 = LINE('',#204,#205);
#204 = CARTESIAN_POINT('',(1.570796326795,0.));
#205 = VECTOR('',#206,1.);
#206 = DIRECTION('',(0.,1.));
#207 = ( GEOMETRIC_REPRESENTATION_CONTEXT(2) 
PARAMETRIC_REPRESENTATION_CONTEXT() REPRESENTATION_CONTEXT('2D SPACE',''
  ) );
#208 = PCURVE('',#209,#214);
#209 = PLANE('',#210);
#210 = AXIS2_PLACEMENT_3D('',#211,#212,#213);
#211 = CARTESIAN_POINT('',(-1.35E+03,-750.,-340.));
#212 = DIRECTION('',(0.,1.,0.));
#213 = DIRECTION('',(0.,0.,1.));
#214 = DEFINITIONAL_REPRESENTATION('',(#215),#219);
#215 = LINE('',#216,#217);
#216 = CARTESIAN_POINT('',(0.,170.));
#217 = VECTOR('',#218,1.);
#218 = DIRECTION('',(1.,0.));
#219 = ( GEOMETRIC_REPRESENTATION_CONTEXT(2) 
PARAMETRIC_REPRESENTATION_CONTEXT() REPRESENTATION_CONTEXT('2D SPACE',''
  ) );
#220 = ORIENTED_EDGE('',*,*,#221,.F.);
#221 = EDGE_CURVE('',#46,#194,#222,.T.);
#222 = SURFACE_CURVE('',#223,(#228,#235),.PCURVE_S1.);
#223 = CIRCLE('',#224,170.);
#224 = AXIS2_PLACEMENT_3D('',#225,#226,#227);
#225 = CARTESIAN_POINT('',(-1.18E+03,-580.,170.));
#226 = DIRECTION('',(0.,0.,1.));
#227 = DIRECTION('',(-1.,0.,0.));
#228 = PCURVE('',#66,#229);
#229 = DEFINITIONAL_REPRESENTATION('',(#230),#234);
#230 = LINE('',#231,#232);
#231 = CARTESIAN_POINT('',(0.,510.));
#232 = VECTOR('',#233,1.);
#233 = DIRECTION('',(1.,0.));
#234 = ( GEOMETRIC_REPRESENTATION_CONTEXT(2) 
PARAMETRIC_REPRESENTATION_CONTEXT() REPRESENTATION_CONTEXT('2D SPACE',''
  ) );
#235 = PCURVE('',#236,#241);
#236 = SPHERICAL_SURFACE('',#237,170.);
#237 = AXIS2_PLACEMENT_3D('',#238,#239,#240);
#238 = CARTESIAN_POINT('',(-1.18E+03,-580.,170.));
#239 = DIRECTION('',(-0.,-0.,-1.));
#240 = DIRECTION('',(-1.,0.,0.));
#241 = DEFINITIONAL_REPRESENTATION('',(#242),#246);
#242 = LINE('',#243,#244);
#243 = CARTESIAN_POINT('',(-0.,0.));
#244 = VECTOR('',#245,1.);
#245 = DIRECTION('',(-1.,0.));
#246 = ( GEOMETRIC_REPRESENTATION_CONTEXT(2) 
PARAMETRIC_REPRESENTATION_CONTEXT() REPRESENTATION_CONTEXT('2D SPACE',''
  ) );
#247 = ADVANCED_FACE('',(#248),#94,.T.);
#248 = FACE_BOUND('',#249,.F.);
#249 = EDGE_LOOP('',(#250,#272,#300,#325));
#250 = ORIENTED_EDGE('',*,*,#251,.F.);
#251 = EDGE_CURVE('',#252,#44,#254,.T.);
#252 = VERTEX_POINT('',#253);
#253 = CARTESIAN_POINT('',(-1.18E+03,-580.,-340.));
#254 = SURFACE_CURVE('',#255,(#260,#266),.PCURVE_S1.);
#255 = CIRCLE('',#256,170.);
#256 = AXIS2_PLACEMENT_3D('',#257,#258,#259);
#257 = CARTESIAN_POINT('',(-1.18E+03,-580.,-170.));
#258 = DIRECTION('',(0.,1.,-0.));
#259 = DIRECTION('',(-1.,0.,0.));
#260 = PCURVE('',#94,#261);
#261 = DEFINITIONAL_REPRESENTATION('',(#262),#265);
#262 = B_SPLINE_CURVE_WITH_KNOTS('',1,(#263,#264),.UNSPECIFIED.,.F.,.F.,
  (2,2),(4.712388980385,6.28318530718),.PIECEWISE_BEZIER_KNOTS.);
#263 = CARTESIAN_POINT('',(-1.570796326795,170.));
#264 = CARTESIAN_POINT('',(0.,170.));
#265 = ( GEOMETRIC_REPRESENTATION_CONTEXT(2) 
PARAMETRIC_REPRESENTATION_CONTEXT() REPRESENTATION_CONTEXT('2D SPACE',''
  ) );
#266 = PCURVE('',#181,#267);
#267 = DEFINITIONAL_REPRESENTATION('',(#268),#271);
#268 = B_SPLINE_CURVE_WITH_KNOTS('',1,(#269,#270),.UNSPECIFIED.,.F.,.F.,
  (2,2),(4.712388980385,6.28318530718),.PIECEWISE_BEZIER_KNOTS.);
#269 = CARTESIAN_POINT('',(0.,-1.570796326795));
#270 = CARTESIAN_POINT('',(0.,0.));
#271 = ( GEOMETRIC_REPRESENTATION_CONTEXT(2) 
PARAMETRIC_REPRESENTATION_CONTEXT() REPRESENTATION_CONTEXT('2D SPACE',''
  ) );
#272 = ORIENTED_EDGE('',*,*,#273,.T.);
#273 = EDGE_CURVE('',#252,#274,#276,.T.);
#274 = VERTEX_POINT('',#275);
#275 = CARTESIAN_POINT('',(-1.18E+03,580.,-340.));
#276 = SURFACE_CURVE('',#277,(#281,#288),.PCURVE_S1.);
#277 = LINE('',#278,#279);
#278 = CARTESIAN_POINT('',(-1.18E+03,-750.,-340.));
#279 = VECTOR('',#280,1.);
#280 = DIRECTION('',(0.,1.,0.));
#281 = PCURVE('',#94,#282);
#282 = DEFINITIONAL_REPRESENTATION('',(#283),#287);
#283 = LINE('',#284,#285);
#284 = CARTESIAN_POINT('',(-1.570796326795,0.));
#285 = VECTOR('',#286,1.);
#286 = DIRECTION('',(-0.,1.));
#287 = ( GEOMETRIC_REPRESENTATION_CONTEXT(2) 
PARAMETRIC_REPRESENTATION_CONTEXT() REPRESENTATION_CONTEXT('2D SPACE',''
  ) );
#288 = PCURVE('',#289,#294);
#289 = PLANE('',#290);
#290 = AXIS2_PLACEMENT_3D('',#291,#292,#293);
#291 = CARTESIAN_POINT('',(-1.35E+03,-750.,-340.));
#292 = DIRECTION('',(0.,0.,1.));
#293 = DIRECTION('',(1.,0.,0.));
#294 = DEFINITIONAL_REPRESENTATION('',(#295),#299);
#295 = LINE('',#296,#297);
#296 = CARTESIAN_POINT('',(170.,0.));
#297 = VECTOR('',#298,1.);
#298 = DIRECTION('',(0.,1.));
#299 = ( GEOMETRIC_REPRESENTATION_CONTEXT(2) 
PARAMETRIC_REPRESENTATION_CONTEXT() REPRESENTATION_CONTEXT('2D SPACE',''
  ) );
#300 = ORIENTED_EDGE('',*,*,#301,.T.);
#301 = EDGE_CURVE('',#274,#79,#302,.T.);
#302 = SURFACE_CURVE('',#303,(#308,#314),.PCURVE_S1.);
#303 = CIRCLE('',#304,170.);
#304 = AXIS2_PLACEMENT_3D('',#305,#306,#307);
#305 = CARTESIAN_POINT('',(-1.18E+03,580.,-170.));
#306 = DIRECTION('',(0.,1.,-0.));
#307 = DIRECTION('',(-1.,0.,0.));
#308 = PCURVE('',#94,#309);
#309 = DEFINITIONAL_REPRESENTATION('',(#310),#313);
#310 = B_SPLINE_CURVE_WITH_KNOTS('',1,(#311,#312),.UNSPECIFIED.,.F.,.F.,
  (2,2),(4.712388980385,6.28318530718),.PIECEWISE_BEZIER_KNOTS.);
#311 = CARTESIAN_POINT('',(-1.570796326795,1.33E+03));
#312 = CARTESIAN_POINT('',(0.,1.33E+03));
#313 = ( GEOMETRIC_REPRESENTATION_CONTEXT(2) 
PARAMETRIC_REPRESENTATION_CONTEXT() REPRESENTATION_CONTEXT('2D SPACE',''
  ) );
#314 = PCURVE('',#315,#320);
#315 = SPHERICAL_SURFACE('',#316,170.);
#316 = AXIS2_PLACEMENT_3D('',#317,#318,#319);
#317 = CARTESIAN_POINT('',(-1.18E+03,580.,-170.));
#318 = DIRECTION('',(0.,0.,1.));
#319 = DIRECTION('',(-1.,0.,0.));
#320 = DEFINITIONAL_REPRESENTATION('',(#321),#324);
#321 = B_SPLINE_CURVE_WITH_KNOTS('',1,(#322,#323),.UNSPECIFIED.,.F.,.F.,
  (2,2),(4.712388980385,6.28318530718),.PIECEWISE_BEZIER_KNOTS.);
#322 = CARTESIAN_POINT('',(0.,-1.570796326795));
#323 = CARTESIAN_POINT('',(0.,0.));
#324 = ( GEOMETRIC_REPRESENTATION_CONTEXT(2) 
PARAMETRIC_REPRESENTATION_CONTEXT() REPRESENTATION_CONTEXT('2D SPACE',''
  ) );
#325 = ORIENTED_EDGE('',*,*,#78,.F.);
#326 = ADVANCED_FACE('',(#327),#148,.T.);
#327 = FACE_BOUND('',#328,.T.);
#328 = EDGE_LOOP('',(#329,#351,#377,#404));
#329 = ORIENTED_EDGE('',*,*,#330,.F.);
#330 = EDGE_CURVE('',#331,#46,#333,.T.);
#331 = VERTEX_POINT('',#332);
#332 = CARTESIAN_POINT('',(-1.186399994562E+03,-580.,339.87948690059));
#333 = SURFACE_CURVE('',#334,(#339,#345),.PCURVE_S1.);
#334 = CIRCLE('',#335,170.);
#335 = AXIS2_PLACEMENT_3D('',#336,#337,#338);
#336 = CARTESIAN_POINT('',(-1.18E+03,-580.,170.));
#337 = DIRECTION('',(0.,-1.,0.));
#338 = DIRECTION('',(-1.,0.,0.));
#339 = PCURVE('',#148,#340);
#340 = DEFINITIONAL_REPRESENTATION('',(#341),#344);
#341 = B_SPLINE_CURVE_WITH_KNOTS('',1,(#342,#343),.UNSPECIFIED.,.F.,.F.,
  (2,2),(4.712388980385,6.28318530718),.PIECEWISE_BEZIER_KNOTS.);
#342 = CARTESIAN_POINT('',(1.570796326795,170.));
#343 = CARTESIAN_POINT('',(0.,170.));
#344 = ( GEOMETRIC_REPRESENTATION_CONTEXT(2) 
PARAMETRIC_REPRESENTATION_CONTEXT() REPRESENTATION_CONTEXT('2D SPACE',''
  ) );
#345 = PCURVE('',#236,#346);
#346 = DEFINITIONAL_REPRESENTATION('',(#347),#350);
#347 = B_SPLINE_CURVE_WITH_KNOTS('',1,(#348,#349),.UNSPECIFIED.,.F.,.F.,
  (2,2),(4.712388980385,6.28318530718),.PIECEWISE_BEZIER_KNOTS.);
#348 = CARTESIAN_POINT('',(0.,-1.570796326795));
#349 = CARTESIAN_POINT('',(0.,0.));
#350 = ( GEOMETRIC_REPRESENTATION_CONTEXT(2) 
PARAMETRIC_REPRESENTATION_CONTEXT() REPRESENTATION_CONTEXT('2D SPACE',''
  ) );
#351 = ORIENTED_EDGE('',*,*,#352,.T.);
#352 = EDGE_CURVE('',#331,#353,#355,.T.);
#353 = VERTEX_POINT('',#354);
#354 = CARTESIAN_POINT('',(-1.186399994562E+03,580.,339.87948690059));
#355 = SURFACE_CURVE('',#356,(#360,#366),.PCURVE_S1.);
#356 = LINE('',#357,#358);
#357 = CARTESIAN_POINT('',(-1.186399994562E+03,-750.,339.87948690059));
#358 = VECTOR('',#359,1.);
#359 = DIRECTION('',(0.,1.,0.));
#360 = PCURVE('',#148,#361);
#361 = DEFINITIONAL_REPRESENTATION('',(#362),#365);
#362 = B_SPLINE_CURVE_WITH_KNOTS('',1,(#363,#364),.UNSPECIFIED.,.F.,.F.,
  (2,2),(169.9999994,1.3300000006E+03),.PIECEWISE_BEZIER_KNOTS.);
#363 = CARTESIAN_POINT('',(1.533140401438,169.9999994));
#364 = CARTESIAN_POINT('',(1.533140401438,1.3300000006E+03));
#365 = ( GEOMETRIC_REPRESENTATION_CONTEXT(2) 
PARAMETRIC_REPRESENTATION_CONTEXT() REPRESENTATION_CONTEXT('2D SPACE',''
  ) );
#366 = PCURVE('',#367,#372);
#367 = CYLINDRICAL_SURFACE('',#368,30.);
#368 = AXIS2_PLACEMENT_3D('',#369,#370,#371);
#369 = CARTESIAN_POINT('',(-1.17E+03,-690.,365.));
#370 = DIRECTION('',(0.,1.,0.));
#371 = DIRECTION('',(-1.,0.,0.));
#372 = DEFINITIONAL_REPRESENTATION('',(#373),#376);
#373 = B_SPLINE_CURVE_WITH_KNOTS('',1,(#374,#375),.UNSPECIFIED.,.F.,.F.,
  (2,2),(169.9999994,1.3300000006E+03),.PIECEWISE_BEZIER_KNOTS.);
#374 = CARTESIAN_POINT('',(-0.992418313283,109.9999994));
#375 = CARTESIAN_POINT('',(-0.992418313283,1.2700000006E+03));
#376 = ( GEOMETRIC_REPRESENTATION_CONTEXT(2) 
PARAMETRIC_REPRESENTATION_CONTEXT() REPRESENTATION_CONTEXT('2D SPACE',''
  ) );
#377 = ORIENTED_EDGE('',*,*,#378,.F.);
#378 = EDGE_CURVE('',#107,#353,#379,.T.);
#379 = SURFACE_CURVE('',#380,(#385,#392),.PCURVE_S1.);
#380 = CIRCLE('',#381,170.);
#381 = AXIS2_PLACEMENT_3D('',#382,#383,#384);
#382 = CARTESIAN_POINT('',(-1.18E+03,580.,170.));
#383 = DIRECTION('',(0.,1.,0.));
#384 = DIRECTION('',(-1.,0.,1.671865260612E-16));
#385 = PCURVE('',#148,#386);
#386 = DEFINITIONAL_REPRESENTATION('',(#387),#391);
#387 = LINE('',#388,#389);
#388 = CARTESIAN_POINT('',(0.,1.33E+03));
#389 = VECTOR('',#390,1.);
#390 = DIRECTION('',(1.,0.));
#391 = ( GEOMETRIC_REPRESENTATION_CONTEXT(2) 
PARAMETRIC_REPRESENTATION_CONTEXT() REPRESENTATION_CONTEXT('2D SPACE',''
  ) );
#392 = PCURVE('',#393,#398);
#393 = SPHERICAL_SURFACE('',#394,170.);
#394 = AXIS2_PLACEMENT_3D('',#395,#396,#397);
#395 = CARTESIAN_POINT('',(-1.18E+03,580.,170.));
#396 = DIRECTION('',(-0.,-1.,-0.));
#397 = DIRECTION('',(-1.,0.,1.671865260612E-16));
#398 = DEFINITIONAL_REPRESENTATION('',(#399),#403);
#399 = LINE('',#400,#401);
#400 = CARTESIAN_POINT('',(-0.,0.));
#401 = VECTOR('',#402,1.);
#402 = DIRECTION('',(-1.,0.));
#403 = ( GEOMETRIC_REPRESENTATION_CONTEXT(2) 
PARAMETRIC_REPRESENTATION_CONTEXT() REPRESENTATION_CONTEXT('2D SPACE',''
  ) );
#404 = ORIENTED_EDGE('',*,*,#134,.F.);
#405 = ADVANCED_FACE('',(#406),#122,.T.);
#406 = FACE_BOUND('',#407,.F.);
#407 = EDGE_LOOP('',(#408,#409,#433,#461));
#408 = ORIENTED_EDGE('',*,*,#106,.F.);
#409 = ORIENTED_EDGE('',*,*,#410,.T.);
#410 = EDGE_CURVE('',#79,#411,#413,.T.);
#411 = VERTEX_POINT('',#412);
#412 = CARTESIAN_POINT('',(-1.18E+03,750.,-170.));
#413 = SURFACE_CURVE('',#414,(#419,#426),.PCURVE_S1.);
#414 = CIRCLE('',#415,170.);
#415 = AXIS2_PLACEMENT_3D('',#416,#417,#418);
#416 = CARTESIAN_POINT('',(-1.18E+03,580.,-170.));
#417 = DIRECTION('',(-0.,0.,-1.));
#418 = DIRECTION('',(-1.,0.,0.));
#419 = PCURVE('',#122,#420);
#420 = DEFINITIONAL_REPRESENTATION('',(#421),#425);
#421 = LINE('',#422,#423);
#422 = CARTESIAN_POINT('',(-0.,170.));
#423 = VECTOR('',#424,1.);
#424 = DIRECTION('',(-1.,0.));
#425 = ( GEOMETRIC_REPRESENTATION_CONTEXT(2) 
PARAMETRIC_REPRESENTATION_CONTEXT() REPRESENTATION_CONTEXT('2D SPACE',''
  ) );
#426 = PCURVE('',#315,#427);
#427 = DEFINITIONAL_REPRESENTATION('',(#428),#432);
#428 = LINE('',#429,#430);
#429 = CARTESIAN_POINT('',(-0.,0.));
#430 = VECTOR('',#431,1.);
#431 = DIRECTION('',(-1.,0.));
#432 = ( GEOMETRIC_REPRESENTATION_CONTEXT(2) 
PARAMETRIC_REPRESENTATION_CONTEXT() REPRESENTATION_CONTEXT('2D SPACE',''
  ) );
#433 = ORIENTED_EDGE('',*,*,#434,.T.);
#434 = EDGE_CURVE('',#411,#435,#437,.T.);
#435 = VERTEX_POINT('',#436);
#436 = CARTESIAN_POINT('',(-1.18E+03,750.,170.));
#437 = SURFACE_CURVE('',#438,(#442,#449),.PCURVE_S1.);
#438 = LINE('',#439,#440);
#439 = CARTESIAN_POINT('',(-1.18E+03,750.,-340.));
#440 = VECTOR('',#441,1.);
#441 = DIRECTION('',(0.,0.,1.));
#442 = PCURVE('',#122,#443);
#443 = DEFINITIONAL_REPRESENTATION('',(#444),#448);
#444 = LINE('',#445,#446);
#445 = CARTESIAN_POINT('',(-1.570796326795,0.));
#446 = VECTOR('',#447,1.);
#447 = DIRECTION('',(-0.,1.));
#448 = ( GEOMETRIC_REPRESENTATION_CONTEXT(2) 
PARAMETRIC_REPRESENTATION_CONTEXT() REPRESENTATION_CONTEXT('2D SPACE',''
  ) );
#449 = PCURVE('',#450,#455);
#450 = PLANE('',#451);
#451 = AXIS2_PLACEMENT_3D('',#452,#453,#454);
#452 = CARTESIAN_POINT('',(-1.35E+03,750.,-340.));
#453 = DIRECTION('',(0.,1.,0.));
#454 = DIRECTION('',(0.,0.,1.));
#455 = DEFINITIONAL_REPRESENTATION('',(#456),#460);
#456 = LINE('',#457,#458);
#457 = CARTESIAN_POINT('',(0.,170.));
#458 = VECTOR('',#459,1.);
#459 = DIRECTION('',(1.,0.));
#460 = ( GEOMETRIC_REPRESENTATION_CONTEXT(2) 
PARAMETRIC_REPRESENTATION_CONTEXT() REPRESENTATION_CONTEXT('2D SPACE',''
  ) );
#461 = ORIENTED_EDGE('',*,*,#462,.T.);
#462 = EDGE_CURVE('',#435,#107,#463,.T.);
#463 = SURFACE_CURVE('',#464,(#469,#475),.PCURVE_S1.);
#464 = CIRCLE('',#465,170.);
#465 = AXIS2_PLACEMENT_3D('',#466,#467,#468);
#466 = CARTESIAN_POINT('',(-1.18E+03,580.,170.));
#467 = DIRECTION('',(1.671865260612E-16,0.,1.));
#468 = DIRECTION('',(-1.,0.,1.671865260612E-16));
#469 = PCURVE('',#122,#470);
#470 = DEFINITIONAL_REPRESENTATION('',(#471),#474);
#471 = B_SPLINE_CURVE_WITH_KNOTS('',1,(#472,#473),.UNSPECIFIED.,.F.,.F.,
  (2,2),(4.712388980385,6.28318530718),.PIECEWISE_BEZIER_KNOTS.);
#472 = CARTESIAN_POINT('',(-1.570796326795,510.));
#473 = CARTESIAN_POINT('',(0.,510.));
#474 = ( GEOMETRIC_REPRESENTATION_CONTEXT(2) 
PARAMETRIC_REPRESENTATION_CONTEXT() REPRESENTATION_CONTEXT('2D SPACE',''
  ) );
#475 = PCURVE('',#393,#476);
#476 = DEFINITIONAL_REPRESENTATION('',(#477),#480);
#477 = B_SPLINE_CURVE_WITH_KNOTS('',1,(#478,#479),.UNSPECIFIED.,.F.,.F.,
  (2,2),(4.712388980385,6.28318530718),.PIECEWISE_BEZIER_KNOTS.);
#478 = CARTESIAN_POINT('',(0.,-1.570796326795));
#479 = CARTESIAN_POINT('',(0.,0.));
#480 = ( GEOMETRIC_REPRESENTATION_CONTEXT(2) 
PARAMETRIC_REPRESENTATION_CONTEXT() REPRESENTATION_CONTEXT('2D SPACE',''
  ) );
#481 = ADVANCED_FACE('',(#482),#181,.T.);
#482 = FACE_BOUND('',#483,.T.);
#483 = EDGE_LOOP('',(#484,#485,#510));
#484 = ORIENTED_EDGE('',*,*,#251,.F.);
#485 = ORIENTED_EDGE('',*,*,#486,.T.);
#486 = EDGE_CURVE('',#252,#165,#487,.T.);
#487 = SURFACE_CURVE('',#488,(#493,#499),.PCURVE_S1.);
#488 = CIRCLE('',#489,170.);
#489 = AXIS2_PLACEMENT_3D('',#490,#491,#492);
#490 = CARTESIAN_POINT('',(-1.18E+03,-580.,-170.));
#491 = DIRECTION('',(-1.,6.123233995737E-17,0.));
#492 = DIRECTION('',(-6.123233995737E-17,-1.,0.));
#493 = PCURVE('',#181,#494);
#494 = DEFINITIONAL_REPRESENTATION('',(#495),#498);
#495 = B_SPLINE_CURVE_WITH_KNOTS('',1,(#496,#497),.UNSPECIFIED.,.F.,.F.,
  (2,2),(4.712388980385,6.28318530718),.PIECEWISE_BEZIER_KNOTS.);
#496 = CARTESIAN_POINT('',(1.570796326795,-1.570796326795));
#497 = CARTESIAN_POINT('',(1.570796326795,0.));
#498 = ( GEOMETRIC_REPRESENTATION_CONTEXT(2) 
PARAMETRIC_REPRESENTATION_CONTEXT() REPRESENTATION_CONTEXT('2D SPACE',''
  ) );
#499 = PCURVE('',#500,#505);
#500 = CYLINDRICAL_SURFACE('',#501,170.);
#501 = AXIS2_PLACEMENT_3D('',#502,#503,#504);
#502 = CARTESIAN_POINT('',(-1.35E+03,-580.,-170.));
#503 = DIRECTION('',(1.,0.,0.));
#504 = DIRECTION('',(0.,-1.,0.));
#505 = DEFINITIONAL_REPRESENTATION('',(#506),#509);
#506 = B_SPLINE_CURVE_WITH_KNOTS('',1,(#507,#508),.UNSPECIFIED.,.F.,.F.,
  (2,2),(4.712388980385,6.28318530718),.PIECEWISE_BEZIER_KNOTS.);
#507 = CARTESIAN_POINT('',(1.570796326795,170.));
#508 = CARTESIAN_POINT('',(0.,170.));
#509 = ( GEOMETRIC_REPRESENTATION_CONTEXT(2) 
PARAMETRIC_REPRESENTATION_CONTEXT() REPRESENTATION_CONTEXT('2D SPACE',''
  ) );
#510 = ORIENTED_EDGE('',*,*,#164,.F.);
#511 = ADVANCED_FACE('',(#512),#236,.T.);
#512 = FACE_BOUND('',#513,.F.);
#513 = EDGE_LOOP('',(#514,#515,#619,#644));
#514 = ORIENTED_EDGE('',*,*,#330,.F.);
#515 = ORIENTED_EDGE('',*,*,#516,.T.);
#516 = EDGE_CURVE('',#331,#517,#519,.T.);
#517 = VERTEX_POINT('',#518);
#518 = CARTESIAN_POINT('',(-1.18E+03,-613.2545603866,336.71572875253));
#519 = SURFACE_CURVE('',#520,(#551,#585),.PCURVE_S1.);
#520 = B_SPLINE_CURVE_WITH_KNOTS('',8,(#521,#522,#523,#524,#525,#526,
    #527,#528,#529,#530,#531,#532,#533,#534,#535,#536,#537,#538,#539,
    #540,#541,#542,#543,#544,#545,#546,#547,#548,#549,#550),
  .UNSPECIFIED.,.F.,.F.,(9,7,7,7,9),(0.,0.366037993388,0.742378207009,
    0.95087904572,1.),.UNSPECIFIED.);
#521 = CARTESIAN_POINT('',(-1.186399994562E+03,-580.,339.87948690059));
#522 = CARTESIAN_POINT('',(-1.186399994562E+03,-581.5502582429,
    339.87948690059));
#523 = CARTESIAN_POINT('',(-1.186376582085E+03,-583.0909513607,
    339.86420057198));
#524 = CARTESIAN_POINT('',(-1.186330255256E+03,-584.6308034229,
    339.83395882634));
#525 = CARTESIAN_POINT('',(-1.18626050319E+03,-586.1731296664,
    339.78859262201));
#526 = CARTESIAN_POINT('',(-1.186166509857E+03,-587.7180444822,
    339.72791020132));
#527 = CARTESIAN_POINT('',(-1.186047342786E+03,-589.2641099339,
    339.65184384511));
#528 = CARTESIAN_POINT('',(-1.185901900091E+03,-590.8092833527,
    339.56044706408));
#529 = CARTESIAN_POINT('',(-1.185551009003E+03,-593.9361543487,
    339.34440108929));
#530 = CARTESIAN_POINT('',(-1.185343828257E+03,-595.5190648181,
    339.21879103727));
#531 = CARTESIAN_POINT('',(-1.185105583975E+03,-597.0994042228,
    339.07709687808));
#532 = CARTESIAN_POINT('',(-1.184833977657E+03,-598.6765905413,
    338.91932818601));
#533 = CARTESIAN_POINT('',(-1.184526120741E+03,-600.2497880489,
    338.74551607788));
#534 = CARTESIAN_POINT('',(-1.184178146987E+03,-601.8178591022,
    338.55572140781));
#535 = CARTESIAN_POINT('',(-1.183785068715E+03,-603.37934857,
    338.35004888974));
#536 = CARTESIAN_POINT('',(-1.183091860391E+03,-605.7926566447,
    338.00593922798));
#537 = CARTESIAN_POINT('',(-1.182828512302E+03,-606.6502122638,
    337.87845060386));
#538 = CARTESIAN_POINT('',(-1.18254759543E+03,-607.5047187381,
    337.7461620969));
#539 = CARTESIAN_POINT('',(-1.18224750607E+03,-608.3557363281,
    337.60910393024));
#540 = CARTESIAN_POINT('',(-1.181926343745E+03,-609.2026169759,
    337.4673325906));
#541 = CARTESIAN_POINT('',(-1.18158172512E+03,-610.0444664888,
    337.32093666164));
#542 = CARTESIAN_POINT('',(-1.181210669418E+03,-610.8801232246,
    337.17004294696));
#543 = CARTESIAN_POINT('',(-1.180714086053E+03,-611.9030340158,
    336.97824662034));
#544 = CARTESIAN_POINT('',(-1.180617693218E+03,-612.0976349438,
    336.94143734705));
#545 = CARTESIAN_POINT('',(-1.180519534927E+03,-612.2917746555,
    336.90439134159));
#546 = CARTESIAN_POINT('',(-1.180419551181E+03,-612.4854276384,
    336.86711156894));
#547 = CARTESIAN_POINT('',(-1.18031767781E+03,-612.6785655935,
    336.82960139949));
#548 = CARTESIAN_POINT('',(-1.180213845725E+03,-612.8711572393,
    336.7918646308));
#549 = CARTESIAN_POINT('',(-1.180107980175E+03,-613.0631681154,
    336.75390550939));
#550 = CARTESIAN_POINT('',(-1.18E+03,-613.2545603866,336.71572875253));
#551 = PCURVE('',#236,#552);
#552 = DEFINITIONAL_REPRESENTATION('',(#553),#584);
#553 = B_SPLINE_CURVE_WITH_KNOTS('',8,(#554,#555,#556,#557,#558,#559,
    #560,#561,#562,#563,#564,#565,#566,#567,#568,#569,#570,#571,#572,
    #573,#574,#575,#576,#577,#578,#579,#580,#581,#582,#583),
  .UNSPECIFIED.,.F.,.F.,(9,7,7,7,9),(0.,0.366037993388,0.742378207009,
    0.95087904572,1.),.UNSPECIFIED.);
#554 = CARTESIAN_POINT('',(0.,-1.533140401438));
#555 = CARTESIAN_POINT('',(-0.242228056295,-1.533140401438));
#556 = CARTESIAN_POINT('',(-0.489046270042,-1.530703268056));
#557 = CARTESIAN_POINT('',(-0.674903914139,-1.5259836063));
#558 = CARTESIAN_POINT('',(-0.812659125862,-1.519979257137));
#559 = CARTESIAN_POINT('',(-0.920580562563,-1.513268841797));
#560 = CARTESIAN_POINT('',(-1.006698847756,-1.506029592138));
#561 = CARTESIAN_POINT('',(-1.077317551641,-1.498446309107));
#562 = CARTESIAN_POINT('',(-1.197334867367,-1.482578064779));
#563 = CARTESIAN_POINT('',(-1.246136419516,-1.474272661808));
#564 = CARTESIAN_POINT('',(-1.287399053221,-1.465809992359));
#565 = CARTESIAN_POINT('',(-1.323342067076,-1.457233033315));
#566 = CARTESIAN_POINT('',(-1.355439183119,-1.448573758432));
#567 = CARTESIAN_POINT('',(-1.384701814124,-1.439851936019));
#568 = CARTESIAN_POINT('',(-1.411895203945,-1.431083806683));
#569 = CARTESIAN_POINT('',(-1.451943521296,-1.417404169046));
#570 = CARTESIAN_POINT('',(-1.465781349767,-1.412517699762));
#571 = CARTESIAN_POINT('',(-1.479291272673,-1.407623164198));
#572 = CARTESIAN_POINT('',(-1.492571415004,-1.402722514012));
#573 = CARTESIAN_POINT('',(-1.505713625969,-1.397818270404));
#574 = CARTESIAN_POINT('',(-1.518810991378,-1.392913557299));
#575 = CARTESIAN_POINT('',(-1.531962731879,-1.388012122862));
#576 = CARTESIAN_POINT('',(-1.548436013663,-1.381965257799));
#577 = CARTESIAN_POINT('',(-1.551586909099,-1.380812751769));
#578 = CARTESIAN_POINT('',(-1.55474934494,-1.379660768336));
#579 = CARTESIAN_POINT('',(-1.557924996028,-1.378509384957));
#580 = CARTESIAN_POINT('',(-1.561115613151,-1.377358688649));
#581 = CARTESIAN_POINT('',(-1.564323042995,-1.376208776105));
#582 = CARTESIAN_POINT('',(-1.567549248098,-1.375059753803));
#583 = CARTESIAN_POINT('',(-1.570796326795,-1.37391173812));
#584 = ( GEOMETRIC_REPRESENTATION_CONTEXT(2) 
PARAMETRIC_REPRESENTATION_CONTEXT() REPRESENTATION_CONTEXT('2D SPACE',''
  ) );
#585 = PCURVE('',#367,#586);
#586 = DEFINITIONAL_REPRESENTATION('',(#587),#618);
#587 = B_SPLINE_CURVE_WITH_KNOTS('',8,(#588,#589,#590,#591,#592,#593,
    #594,#595,#596,#597,#598,#599,#600,#601,#602,#603,#604,#605,#606,
    #607,#608,#609,#610,#611,#612,#613,#614,#615,#616,#617),
  .UNSPECIFIED.,.F.,.F.,(9,7,7,7,9),(0.,0.366037993388,0.742378207009,
    0.95087904572,1.),.UNSPECIFIED.);
#588 = CARTESIAN_POINT('',(-0.992418313283,110.));
#589 = CARTESIAN_POINT('',(-0.992418313283,108.44974175702));
#590 = CARTESIAN_POINT('',(-0.993350344234,106.90904863929));
#591 = CARTESIAN_POINT('',(-0.995194477843,105.36919657705));
#592 = CARTESIAN_POINT('',(-0.997968046771,103.82687033357));
#593 = CARTESIAN_POINT('',(-1.001697328199,102.28195551776));
#594 = CARTESIAN_POINT('',(-1.006409679725,100.73589006602));
#595 = CARTESIAN_POINT('',(-1.012135302066,99.190716647244));
#596 = CARTESIAN_POINT('',(-1.025870917545,96.06384565127));
#597 = CARTESIAN_POINT('',(-1.033946877558,94.48093518187));
#598 = CARTESIAN_POINT('',(-1.043186154868,92.900595777154));
#599 = CARTESIAN_POINT('',(-1.053655094064,91.323409458667));
#600 = CARTESIAN_POINT('',(-1.065437445171,89.750211951037));
#601 = CARTESIAN_POINT('',(-1.078646855011,88.182140897777));
#602 = CARTESIAN_POINT('',(-1.093431325064,86.620651429947));
#603 = CARTESIAN_POINT('',(-1.119228595358,84.207343355204));
#604 = CARTESIAN_POINT('',(-1.128980926497,83.349787736122));
#605 = CARTESIAN_POINT('',(-1.139330130995,82.495281261889));
#606 = CARTESIAN_POINT('',(-1.150325447981,81.644263671856));
#607 = CARTESIAN_POINT('',(-1.16202539751,80.797383024047));
#608 = CARTESIAN_POINT('',(-1.174503880188,79.955533511106));
#609 = CARTESIAN_POINT('',(-1.187853922174,79.119876775305));
#610 = CARTESIAN_POINT('',(-1.205598432103,78.096965984156));
#611 = CARTESIAN_POINT('',(-1.209037803257,77.902365056123));
#612 = CARTESIAN_POINT('',(-1.212534972973,77.708225344467));
#613 = CARTESIAN_POINT('',(-1.21609183828,77.514572361581));
#614 = CARTESIAN_POINT('',(-1.219710430569,77.321434406428));
#615 = CARTESIAN_POINT('',(-1.22339294029,77.128842760624));
#616 = CARTESIAN_POINT('',(-1.227141741656,76.936831884531));
#617 = CARTESIAN_POINT('',(-1.230959417341,76.745439613338));
#618 = ( GEOMETRIC_REPRESENTATION_CONTEXT(2) 
PARAMETRIC_REPRESENTATION_CONTEXT() REPRESENTATION_CONTEXT('2D SPACE',''
  ) );
#619 = ORIENTED_EDGE('',*,*,#620,.T.);
#620 = EDGE_CURVE('',#517,#194,#621,.T.);
#621 = SURFACE_CURVE('',#622,(#627,#633),.PCURVE_S1.);
#622 = CIRCLE('',#623,170.);
#623 = AXIS2_PLACEMENT_3D('',#624,#625,#626);
#624 = CARTESIAN_POINT('',(-1.18E+03,-580.,170.));
#625 = DIRECTION('',(1.,-6.123233995737E-17,0.));
#626 = DIRECTION('',(-6.123233995737E-17,-1.,0.));
#627 = PCURVE('',#236,#628);
#628 = DEFINITIONAL_REPRESENTATION('',(#629),#632);
#629 = B_SPLINE_CURVE_WITH_KNOTS('',1,(#630,#631),.UNSPECIFIED.,.F.,.F.,
  (2,2),(4.712388980385,6.28318530718),.PIECEWISE_BEZIER_KNOTS.);
#630 = CARTESIAN_POINT('',(-1.570796326795,-1.570796326795));
#631 = CARTESIAN_POINT('',(-1.570796326795,0.));
#632 = ( GEOMETRIC_REPRESENTATION_CONTEXT(2) 
PARAMETRIC_REPRESENTATION_CONTEXT() REPRESENTATION_CONTEXT('2D SPACE',''
  ) );
#633 = PCURVE('',#634,#639);
#634 = CYLINDRICAL_SURFACE('',#635,170.);
#635 = AXIS2_PLACEMENT_3D('',#636,#637,#638);
#636 = CARTESIAN_POINT('',(-1.35E+03,-580.,170.));
#637 = DIRECTION('',(1.,0.,0.));
#638 = DIRECTION('',(0.,-1.,0.));
#639 = DEFINITIONAL_REPRESENTATION('',(#640),#643);
#640 = B_SPLINE_CURVE_WITH_KNOTS('',1,(#641,#642),.UNSPECIFIED.,.F.,.F.,
  (2,2),(4.712388980385,6.28318530718),.PIECEWISE_BEZIER_KNOTS.);
#641 = CARTESIAN_POINT('',(-1.570796326795,170.));
#642 = CARTESIAN_POINT('',(0.,170.));
#643 = ( GEOMETRIC_REPRESENTATION_CONTEXT(2) 
PARAMETRIC_REPRESENTATION_CONTEXT() REPRESENTATION_CONTEXT('2D SPACE',''
  ) );
#644 = ORIENTED_EDGE('',*,*,#221,.F.);
#645 = ADVANCED_FACE('',(#646,#721),#209,.F.);
#646 = FACE_BOUND('',#647,.F.);
#647 = EDGE_LOOP('',(#648,#649,#672,#700));
#648 = ORIENTED_EDGE('',*,*,#193,.T.);
#649 = ORIENTED_EDGE('',*,*,#650,.T.);
#650 = EDGE_CURVE('',#194,#651,#653,.T.);
#651 = VERTEX_POINT('',#652);
#652 = CARTESIAN_POINT('',(1.18E+03,-750.,170.));
#653 = SURFACE_CURVE('',#654,(#658,#665),.PCURVE_S1.);
#654 = LINE('',#655,#656);
#655 = CARTESIAN_POINT('',(-1.35E+03,-750.,170.));
#656 = VECTOR('',#657,1.);
#657 = DIRECTION('',(1.,0.,0.));
#658 = PCURVE('',#209,#659);
#659 = DEFINITIONAL_REPRESENTATION('',(#660),#664);
#660 = LINE('',#661,#662);
#661 = CARTESIAN_POINT('',(510.,0.));
#662 = VECTOR('',#663,1.);
#663 = DIRECTION('',(0.,1.));
#664 = ( GEOMETRIC_REPRESENTATION_CONTEXT(2) 
PARAMETRIC_REPRESENTATION_CONTEXT() REPRESENTATION_CONTEXT('2D SPACE',''
  ) );
#665 = PCURVE('',#634,#666);
#666 = DEFINITIONAL_REPRESENTATION('',(#667),#671);
#667 = LINE('',#668,#669);
#668 = CARTESIAN_POINT('',(-0.,0.));
#669 = VECTOR('',#670,1.);
#670 = DIRECTION('',(-0.,1.));
#671 = ( GEOMETRIC_REPRESENTATION_CONTEXT(2) 
PARAMETRIC_REPRESENTATION_CONTEXT() REPRESENTATION_CONTEXT('2D SPACE',''
  ) );
#672 = ORIENTED_EDGE('',*,*,#673,.F.);
#673 = EDGE_CURVE('',#674,#651,#676,.T.);
#674 = VERTEX_POINT('',#675);
#675 = CARTESIAN_POINT('',(1.18E+03,-750.,-170.));
#676 = SURFACE_CURVE('',#677,(#681,#688),.PCURVE_S1.);
#677 = LINE('',#678,#679);
#678 = CARTESIAN_POINT('',(1.18E+03,-750.,-340.));
#679 = VECTOR('',#680,1.);
#680 = DIRECTION('',(0.,0.,1.));
#681 = PCURVE('',#209,#682);
#682 = DEFINITIONAL_REPRESENTATION('',(#683),#687);
#683 = LINE('',#684,#685);
#684 = CARTESIAN_POINT('',(0.,2.53E+03));
#685 = VECTOR('',#686,1.);
#686 = DIRECTION('',(1.,0.));
#687 = ( GEOMETRIC_REPRESENTATION_CONTEXT(2) 
PARAMETRIC_REPRESENTATION_CONTEXT() REPRESENTATION_CONTEXT('2D SPACE',''
  ) );
#688 = PCURVE('',#689,#694);
#689 = CYLINDRICAL_SURFACE('',#690,170.);
#690 = AXIS2_PLACEMENT_3D('',#691,#692,#693);
#691 = CARTESIAN_POINT('',(1.18E+03,-580.,-340.));
#692 = DIRECTION('',(0.,0.,1.));
#693 = DIRECTION('',(1.,0.,-0.));
#694 = DEFINITIONAL_REPRESENTATION('',(#695),#699);
#695 = LINE('',#696,#697);
#696 = CARTESIAN_POINT('',(-1.570796326795,0.));
#697 = VECTOR('',#698,1.);
#698 = DIRECTION('',(-0.,1.));
#699 = ( GEOMETRIC_REPRESENTATION_CONTEXT(2) 
PARAMETRIC_REPRESENTATION_CONTEXT() REPRESENTATION_CONTEXT('2D SPACE',''
  ) );
#700 = ORIENTED_EDGE('',*,*,#701,.F.);
#701 = EDGE_CURVE('',#165,#674,#702,.T.);
#702 = SURFACE_CURVE('',#703,(#707,#714),.PCURVE_S1.);
#703 = LINE('',#704,#705);
#704 = CARTESIAN_POINT('',(-1.35E+03,-750.,-170.));
#705 = VECTOR('',#706,1.);
#706 = DIRECTION('',(1.,0.,0.));
#707 = PCURVE('',#209,#708);
#708 = DEFINITIONAL_REPRESENTATION('',(#709),#713);
#709 = LINE('',#710,#711);
#710 = CARTESIAN_POINT('',(170.,0.));
#711 = VECTOR('',#712,1.);
#712 = DIRECTION('',(0.,1.));
#713 = ( GEOMETRIC_REPRESENTATION_CONTEXT(2) 
PARAMETRIC_REPRESENTATION_CONTEXT() REPRESENTATION_CONTEXT('2D SPACE',''
  ) );
#714 = PCURVE('',#500,#715);
#715 = DEFINITIONAL_REPRESENTATION('',(#716),#720);
#716 = LINE('',#717,#718);
#717 = CARTESIAN_POINT('',(0.,0.));
#718 = VECTOR('',#719,1.);
#719 = DIRECTION('',(0.,1.));
#720 = ( GEOMETRIC_REPRESENTATION_CONTEXT(2) 
PARAMETRIC_REPRESENTATION_CONTEXT() REPRESENTATION_CONTEXT('2D SPACE',''
  ) );
#721 = FACE_BOUND('',#722,.F.);
#722 = EDGE_LOOP('',(#723,#751,#777,#803));
#723 = ORIENTED_EDGE('',*,*,#724,.F.);
#724 = EDGE_CURVE('',#725,#727,#729,.T.);
#725 = VERTEX_POINT('',#726);
#726 = CARTESIAN_POINT('',(290.,-750.,-27.5));
#727 = VERTEX_POINT('',#728);
#728 = CARTESIAN_POINT('',(290.,-750.,27.5));
#729 = SURFACE_CURVE('',#730,(#734,#740),.PCURVE_S1.);
#730 = LINE('',#731,#732);
#731 = CARTESIAN_POINT('',(290.,-750.,-183.75));
#732 = VECTOR('',#733,1.);
#733 = DIRECTION('',(0.,0.,1.));
#734 = PCURVE('',#209,#735);
#735 = DEFINITIONAL_REPRESENTATION('',(#736),#739);
#736 = B_SPLINE_CURVE_WITH_KNOTS('',1,(#737,#738),.UNSPECIFIED.,.F.,.F.,
  (2,2),(156.25,211.25),.PIECEWISE_BEZIER_KNOTS.);
#737 = CARTESIAN_POINT('',(312.5,1.64E+03));
#738 = CARTESIAN_POINT('',(367.5,1.64E+03));
#739 = ( GEOMETRIC_REPRESENTATION_CONTEXT(2) 
PARAMETRIC_REPRESENTATION_CONTEXT() REPRESENTATION_CONTEXT('2D SPACE',''
  ) );
#740 = PCURVE('',#741,#746);
#741 = PLANE('',#742);
#742 = AXIS2_PLACEMENT_3D('',#743,#744,#745);
#743 = CARTESIAN_POINT('',(290.,-870.,-27.5));
#744 = DIRECTION('',(1.,0.,0.));
#745 = DIRECTION('',(0.,-1.,0.));
#746 = DEFINITIONAL_REPRESENTATION('',(#747),#750);
#747 = B_SPLINE_CURVE_WITH_KNOTS('',1,(#748,#749),.UNSPECIFIED.,.F.,.F.,
  (2,2),(156.25,211.25),.PIECEWISE_BEZIER_KNOTS.);
#748 = CARTESIAN_POINT('',(-120.,0.));
#749 = CARTESIAN_POINT('',(-120.,-55.));
#750 = ( GEOMETRIC_REPRESENTATION_CONTEXT(2) 
PARAMETRIC_REPRESENTATION_CONTEXT() REPRESENTATION_CONTEXT('2D SPACE',''
  ) );
#751 = ORIENTED_EDGE('',*,*,#752,.F.);
#752 = EDGE_CURVE('',#753,#725,#755,.T.);
#753 = VERTEX_POINT('',#754);
#754 = CARTESIAN_POINT('',(810.,-750.,-27.5));
#755 = SURFACE_CURVE('',#756,(#760,#766),.PCURVE_S1.);
#756 = LINE('',#757,#758);
#757 = CARTESIAN_POINT('',(-530.,-750.,-27.5));
#758 = VECTOR('',#759,1.);
#759 = DIRECTION('',(-1.,0.,-0.));
#760 = PCURVE('',#209,#761);
#761 = DEFINITIONAL_REPRESENTATION('',(#762),#765);
#762 = B_SPLINE_CURVE_WITH_KNOTS('',1,(#763,#764),.UNSPECIFIED.,.F.,.F.,
  (2,2),(-1.34E+03,-820.),.PIECEWISE_BEZIER_KNOTS.);
#763 = CARTESIAN_POINT('',(312.5,2.16E+03));
#764 = CARTESIAN_POINT('',(312.5,1.64E+03));
#765 = ( GEOMETRIC_REPRESENTATION_CONTEXT(2) 
PARAMETRIC_REPRESENTATION_CONTEXT() REPRESENTATION_CONTEXT('2D SPACE',''
  ) );
#766 = PCURVE('',#767,#772);
#767 = PLANE('',#768);
#768 = AXIS2_PLACEMENT_3D('',#769,#770,#771);
#769 = CARTESIAN_POINT('',(290.,-870.,-27.5));
#770 = DIRECTION('',(-0.,0.,1.));
#771 = DIRECTION('',(0.,-1.,0.));
#772 = DEFINITIONAL_REPRESENTATION('',(#773),#776);
#773 = B_SPLINE_CURVE_WITH_KNOTS('',1,(#774,#775),.UNSPECIFIED.,.F.,.F.,
  (2,2),(-1.34E+03,-820.),.PIECEWISE_BEZIER_KNOTS.);
#774 = CARTESIAN_POINT('',(-120.,520.));
#775 = CARTESIAN_POINT('',(-120.,0.));
#776 = ( GEOMETRIC_REPRESENTATION_CONTEXT(2) 
PARAMETRIC_REPRESENTATION_CONTEXT() REPRESENTATION_CONTEXT('2D SPACE',''
  ) );
#777 = ORIENTED_EDGE('',*,*,#778,.T.);
#778 = EDGE_CURVE('',#753,#779,#781,.T.);
#779 = VERTEX_POINT('',#780);
#780 = CARTESIAN_POINT('',(810.,-750.,27.5));
#781 = SURFACE_CURVE('',#782,(#786,#792),.PCURVE_S1.);
#782 = LINE('',#783,#784);
#783 = CARTESIAN_POINT('',(810.,-750.,-183.75));
#784 = VECTOR('',#785,1.);
#785 = DIRECTION('',(0.,0.,1.));
#786 = PCURVE('',#209,#787);
#787 = DEFINITIONAL_REPRESENTATION('',(#788),#791);
#788 = B_SPLINE_CURVE_WITH_KNOTS('',1,(#789,#790),.UNSPECIFIED.,.F.,.F.,
  (2,2),(156.25,211.25),.PIECEWISE_BEZIER_KNOTS.);
#789 = CARTESIAN_POINT('',(312.5,2.16E+03));
#790 = CARTESIAN_POINT('',(367.5,2.16E+03));
#791 = ( GEOMETRIC_REPRESENTATION_CONTEXT(2) 
PARAMETRIC_REPRESENTATION_CONTEXT() REPRESENTATION_CONTEXT('2D SPACE',''
  ) );
#792 = PCURVE('',#793,#798);
#793 = PLANE('',#794);
#794 = AXIS2_PLACEMENT_3D('',#795,#796,#797);
#795 = CARTESIAN_POINT('',(810.,-870.,-27.5));
#796 = DIRECTION('',(1.,0.,0.));
#797 = DIRECTION('',(0.,-1.,0.));
#798 = DEFINITIONAL_REPRESENTATION('',(#799),#802);
#799 = B_SPLINE_CURVE_WITH_KNOTS('',1,(#800,#801),.UNSPECIFIED.,.F.,.F.,
  (2,2),(156.25,211.25),.PIECEWISE_BEZIER_KNOTS.);
#800 = CARTESIAN_POINT('',(-120.,0.));
#801 = CARTESIAN_POINT('',(-120.,-55.));
#802 = ( GEOMETRIC_REPRESENTATION_CONTEXT(2) 
PARAMETRIC_REPRESENTATION_CONTEXT() REPRESENTATION_CONTEXT('2D SPACE',''
  ) );
#803 = ORIENTED_EDGE('',*,*,#804,.T.);
#804 = EDGE_CURVE('',#779,#727,#805,.T.);
#805 = SURFACE_CURVE('',#806,(#810,#816),.PCURVE_S1.);
#806 = LINE('',#807,#808);
#807 = CARTESIAN_POINT('',(-530.,-750.,27.5));
#808 = VECTOR('',#809,1.);
#809 = DIRECTION('',(-1.,0.,-0.));
#810 = PCURVE('',#209,#811);
#811 = DEFINITIONAL_REPRESENTATION('',(#812),#815);
#812 = B_SPLINE_CURVE_WITH_KNOTS('',1,(#813,#814),.UNSPECIFIED.,.F.,.F.,
  (2,2),(-1.34E+03,-820.),.PIECEWISE_BEZIER_KNOTS.);
#813 = CARTESIAN_POINT('',(367.5,2.16E+03));
#814 = CARTESIAN_POINT('',(367.5,1.64E+03));
#815 = ( GEOMETRIC_REPRESENTATION_CONTEXT(2) 
PARAMETRIC_REPRESENTATION_CONTEXT() REPRESENTATION_CONTEXT('2D SPACE',''
  ) );
#816 = PCURVE('',#817,#822);
#817 = PLANE('',#818);
#818 = AXIS2_PLACEMENT_3D('',#819,#820,#821);
#819 = CARTESIAN_POINT('',(290.,-870.,27.5));
#820 = DIRECTION('',(-0.,0.,1.));
#821 = DIRECTION('',(0.,-1.,0.));
#822 = DEFINITIONAL_REPRESENTATION('',(#823),#826);
#823 = B_SPLINE_CURVE_WITH_KNOTS('',1,(#824,#825),.UNSPECIFIED.,.F.,.F.,
  (2,2),(-1.34E+03,-820.),.PIECEWISE_BEZIER_KNOTS.);
#824 = CARTESIAN_POINT('',(-120.,520.));
#825 = CARTESIAN_POINT('',(-120.,0.));
#826 = ( GEOMETRIC_REPRESENTATION_CONTEXT(2) 
PARAMETRIC_REPRESENTATION_CONTEXT() REPRESENTATION_CONTEXT('2D SPACE',''
  ) );
#827 = ADVANCED_FACE('',(#828),#289,.F.);
#828 = FACE_BOUND('',#829,.F.);
#829 = EDGE_LOOP('',(#830,#831,#854,#882));
#830 = ORIENTED_EDGE('',*,*,#273,.F.);
#831 = ORIENTED_EDGE('',*,*,#832,.T.);
#832 = EDGE_CURVE('',#252,#833,#835,.T.);
#833 = VERTEX_POINT('',#834);
#834 = CARTESIAN_POINT('',(1.18E+03,-580.,-340.));
#835 = SURFACE_CURVE('',#836,(#840,#847),.PCURVE_S1.);
#836 = LINE('',#837,#838);
#837 = CARTESIAN_POINT('',(-1.35E+03,-580.,-340.));
#838 = VECTOR('',#839,1.);
#839 = DIRECTION('',(1.,0.,0.));
#840 = PCURVE('',#289,#841);
#841 = DEFINITIONAL_REPRESENTATION('',(#842),#846);
#842 = LINE('',#843,#844);
#843 = CARTESIAN_POINT('',(0.,170.));
#844 = VECTOR('',#845,1.);
#845 = DIRECTION('',(1.,0.));
#846 = ( GEOMETRIC_REPRESENTATION_CONTEXT(2) 
PARAMETRIC_REPRESENTATION_CONTEXT() REPRESENTATION_CONTEXT('2D SPACE',''
  ) );
#847 = PCURVE('',#500,#848);
#848 = DEFINITIONAL_REPRESENTATION('',(#849),#853);
#849 = LINE('',#850,#851);
#850 = CARTESIAN_POINT('',(1.570796326795,0.));
#851 = VECTOR('',#852,1.);
#852 = DIRECTION('',(0.,1.));
#853 = ( GEOMETRIC_REPRESENTATION_CONTEXT(2) 
PARAMETRIC_REPRESENTATION_CONTEXT() REPRESENTATION_CONTEXT('2D SPACE',''
  ) );
#854 = ORIENTED_EDGE('',*,*,#855,.T.);
#855 = EDGE_CURVE('',#833,#856,#858,.T.);
#856 = VERTEX_POINT('',#857);
#857 = CARTESIAN_POINT('',(1.18E+03,580.,-340.));
#858 = SURFACE_CURVE('',#859,(#863,#870),.PCURVE_S1.);
#859 = LINE('',#860,#861);
#860 = CARTESIAN_POINT('',(1.18E+03,-750.,-340.));
#861 = VECTOR('',#862,1.);
#862 = DIRECTION('',(0.,1.,0.));
#863 = PCURVE('',#289,#864);
#864 = DEFINITIONAL_REPRESENTATION('',(#865),#869);
#865 = LINE('',#866,#867);
#866 = CARTESIAN_POINT('',(2.53E+03,0.));
#867 = VECTOR('',#868,1.);
#868 = DIRECTION('',(0.,1.));
#869 = ( GEOMETRIC_REPRESENTATION_CONTEXT(2) 
PARAMETRIC_REPRESENTATION_CONTEXT() REPRESENTATION_CONTEXT('2D SPACE',''
  ) );
#870 = PCURVE('',#871,#876);
#871 = CYLINDRICAL_SURFACE('',#872,170.);
#872 = AXIS2_PLACEMENT_3D('',#873,#874,#875);
#873 = CARTESIAN_POINT('',(1.18E+03,-750.,-170.));
#874 = DIRECTION('',(0.,1.,0.));
#875 = DIRECTION('',(1.,0.,-0.));
#876 = DEFINITIONAL_REPRESENTATION('',(#877),#881);
#877 = LINE('',#878,#879);
#878 = CARTESIAN_POINT('',(1.570796326795,0.));
#879 = VECTOR('',#880,1.);
#880 = DIRECTION('',(0.,1.));
#881 = ( GEOMETRIC_REPRESENTATION_CONTEXT(2) 
PARAMETRIC_REPRESENTATION_CONTEXT() REPRESENTATION_CONTEXT('2D SPACE',''
  ) );
#882 = ORIENTED_EDGE('',*,*,#883,.F.);
#883 = EDGE_CURVE('',#274,#856,#884,.T.);
#884 = SURFACE_CURVE('',#885,(#889,#896),.PCURVE_S1.);
#885 = LINE('',#886,#887);
#886 = CARTESIAN_POINT('',(-1.35E+03,580.,-340.));
#887 = VECTOR('',#888,1.);
#888 = DIRECTION('',(1.,0.,0.));
#889 = PCURVE('',#289,#890);
#890 = DEFINITIONAL_REPRESENTATION('',(#891),#895);
#891 = LINE('',#892,#893);
#892 = CARTESIAN_POINT('',(0.,1.33E+03));
#893 = VECTOR('',#894,1.);
#894 = DIRECTION('',(1.,0.));
#895 = ( GEOMETRIC_REPRESENTATION_CONTEXT(2) 
PARAMETRIC_REPRESENTATION_CONTEXT() REPRESENTATION_CONTEXT('2D SPACE',''
  ) );
#896 = PCURVE('',#897,#902);
#897 = CYLINDRICAL_SURFACE('',#898,170.);
#898 = AXIS2_PLACEMENT_3D('',#899,#900,#901);
#899 = CARTESIAN_POINT('',(-1.35E+03,580.,-170.));
#900 = DIRECTION('',(1.,0.,0.));
#901 = DIRECTION('',(-0.,1.,0.));
#902 = DEFINITIONAL_REPRESENTATION('',(#903),#907);
#903 = LINE('',#904,#905);
#904 = CARTESIAN_POINT('',(-1.570796326795,0.));
#905 = VECTOR('',#906,1.);
#906 = DIRECTION('',(-0.,1.));
#907 = ( GEOMETRIC_REPRESENTATION_CONTEXT(2) 
PARAMETRIC_REPRESENTATION_CONTEXT() REPRESENTATION_CONTEXT('2D SPACE',''
  ) );
#908 = ADVANCED_FACE('',(#909),#315,.T.);
#909 = FACE_BOUND('',#910,.F.);
#910 = EDGE_LOOP('',(#911,#912,#932));
#911 = ORIENTED_EDGE('',*,*,#301,.F.);
#912 = ORIENTED_EDGE('',*,*,#913,.T.);
#913 = EDGE_CURVE('',#274,#411,#914,.T.);
#914 = SURFACE_CURVE('',#915,(#920,#926),.PCURVE_S1.);
#915 = CIRCLE('',#916,170.);
#916 = AXIS2_PLACEMENT_3D('',#917,#918,#919);
#917 = CARTESIAN_POINT('',(-1.18E+03,580.,-170.));
#918 = DIRECTION('',(1.,6.123233995737E-17,-0.));
#919 = DIRECTION('',(-6.123233995737E-17,1.,0.));
#920 = PCURVE('',#315,#921);
#921 = DEFINITIONAL_REPRESENTATION('',(#922),#925);
#922 = B_SPLINE_CURVE_WITH_KNOTS('',1,(#923,#924),.UNSPECIFIED.,.F.,.F.,
  (2,2),(4.712388980385,6.28318530718),.PIECEWISE_BEZIER_KNOTS.);
#923 = CARTESIAN_POINT('',(-1.570796326795,-1.570796326795));
#924 = CARTESIAN_POINT('',(-1.570796326795,0.));
#925 = ( GEOMETRIC_REPRESENTATION_CONTEXT(2) 
PARAMETRIC_REPRESENTATION_CONTEXT() REPRESENTATION_CONTEXT('2D SPACE',''
  ) );
#926 = PCURVE('',#897,#927);
#927 = DEFINITIONAL_REPRESENTATION('',(#928),#931);
#928 = B_SPLINE_CURVE_WITH_KNOTS('',1,(#929,#930),.UNSPECIFIED.,.F.,.F.,
  (2,2),(4.712388980385,6.28318530718),.PIECEWISE_BEZIER_KNOTS.);
#929 = CARTESIAN_POINT('',(-1.570796326795,170.));
#930 = CARTESIAN_POINT('',(0.,170.));
#931 = ( GEOMETRIC_REPRESENTATION_CONTEXT(2) 
PARAMETRIC_REPRESENTATION_CONTEXT() REPRESENTATION_CONTEXT('2D SPACE',''
  ) );
#932 = ORIENTED_EDGE('',*,*,#410,.F.);
#933 = ADVANCED_FACE('',(#934),#393,.T.);
#934 = FACE_BOUND('',#935,.F.);
#935 = EDGE_LOOP('',(#936,#937,#964,#1108));
#936 = ORIENTED_EDGE('',*,*,#462,.F.);
#937 = ORIENTED_EDGE('',*,*,#938,.T.);
#938 = EDGE_CURVE('',#435,#939,#941,.T.);
#939 = VERTEX_POINT('',#940);
#940 = CARTESIAN_POINT('',(-1.18E+03,613.25456038666,336.71572875253));
#941 = SURFACE_CURVE('',#942,(#947,#953),.PCURVE_S1.);
#942 = CIRCLE('',#943,170.);
#943 = AXIS2_PLACEMENT_3D('',#944,#945,#946);
#944 = CARTESIAN_POINT('',(-1.18E+03,580.,170.));
#945 = DIRECTION('',(1.,0.,-1.059541861038E-16));
#946 = DIRECTION('',(1.059541861038E-16,0.,1.));
#947 = PCURVE('',#393,#948);
#948 = DEFINITIONAL_REPRESENTATION('',(#949),#952);
#949 = B_SPLINE_CURVE_WITH_KNOTS('',1,(#950,#951),.UNSPECIFIED.,.F.,.F.,
  (2,2),(4.712388980385,6.28318530718),.PIECEWISE_BEZIER_KNOTS.);
#950 = CARTESIAN_POINT('',(-1.570796326795,-1.570796326795));
#951 = CARTESIAN_POINT('',(-1.570796326795,0.));
#952 = ( GEOMETRIC_REPRESENTATION_CONTEXT(2) 
PARAMETRIC_REPRESENTATION_CONTEXT() REPRESENTATION_CONTEXT('2D SPACE',''
  ) );
#953 = PCURVE('',#954,#959);
#954 = CYLINDRICAL_SURFACE('',#955,170.);
#955 = AXIS2_PLACEMENT_3D('',#956,#957,#958);
#956 = CARTESIAN_POINT('',(-1.35E+03,580.,170.));
#957 = DIRECTION('',(1.,0.,0.));
#958 = DIRECTION('',(-0.,1.,0.));
#959 = DEFINITIONAL_REPRESENTATION('',(#960),#963);
#960 = B_SPLINE_CURVE_WITH_KNOTS('',1,(#961,#962),.UNSPECIFIED.,.F.,.F.,
  (2,2),(4.712388980385,6.28318530718),.PIECEWISE_BEZIER_KNOTS.);
#961 = CARTESIAN_POINT('',(0.,170.));
#962 = CARTESIAN_POINT('',(1.570796326795,170.));
#963 = ( GEOMETRIC_REPRESENTATION_CONTEXT(2) 
PARAMETRIC_REPRESENTATION_CONTEXT() REPRESENTATION_CONTEXT('2D SPACE',''
  ) );
#964 = ORIENTED_EDGE('',*,*,#965,.T.);
#965 = EDGE_CURVE('',#939,#353,#966,.T.);
#966 = SURFACE_CURVE('',#967,(#1012,#1060),.PCURVE_S1.);
#967 = B_SPLINE_CURVE_WITH_KNOTS('',8,(#968,#969,#970,#971,#972,#973,
    #974,#975,#976,#977,#978,#979,#980,#981,#982,#983,#984,#985,#986,
    #987,#988,#989,#990,#991,#992,#993,#994,#995,#996,#997,#998,#999,
    #1000,#1001,#1002,#1003,#1004,#1005,#1006,#1007,#1008,#1009,#1010,
    #1011),.UNSPECIFIED.,.F.,.F.,(9,7,7,7,7,7,9),(0.,6.994033219043E-02,
    0.152719117051,0.253113888283,0.379559238866,0.554165590666,1.),
  .UNSPECIFIED.);
#968 = CARTESIAN_POINT('',(-1.18E+03,613.25456038666,336.71572875253));
#969 = CARTESIAN_POINT('',(-1.180153641666E+03,612.98223421685,
    336.77004928441));
#970 = CARTESIAN_POINT('',(-1.18030300125E+03,612.70865710885,
    336.8239289059));
#971 = CARTESIAN_POINT('',(-1.180448313802E+03,612.43393665264,
    336.87735433628));
#972 = CARTESIAN_POINT('',(-1.180589786638E+03,612.15816721631,
    336.93031404035));
#973 = CARTESIAN_POINT('',(-1.180727605259E+03,611.88143146106,
    336.98279811552));
#974 = CARTESIAN_POINT('',(-1.180861937871E+03,611.60380149178,
    337.03479818342));
#975 = CARTESIAN_POINT('',(-1.180992938496E+03,611.32533964349,
    337.086307286));
#976 = CARTESIAN_POINT('',(-1.181272020085E+03,610.71559991333,
    337.19769629037));
#977 = CARTESIAN_POINT('',(-1.181418820403E+03,610.38401468874,
    337.25737627166));
#978 = CARTESIAN_POINT('',(-1.181561382732E+03,610.05143310447,
    337.31635002182));
#979 = CARTESIAN_POINT('',(-1.181699914873E+03,609.7179347259,
    337.37460909776));
#980 = CARTESIAN_POINT('',(-1.181834602904E+03,609.38358955707,
    337.43214624761));
#981 = CARTESIAN_POINT('',(-1.181965614742E+03,609.04845878895,
    337.4889553369));
#982 = CARTESIAN_POINT('',(-1.182093103719E+03,608.71259554762,
    337.54503127471));
#983 = CARTESIAN_POINT('',(-1.182367731833E+03,607.96787523052,
    337.66748511493));
#984 = CARTESIAN_POINT('',(-1.182513277416E+03,607.55869899941,
    337.73351514036));
#985 = CARTESIAN_POINT('',(-1.182654099803E+03,607.14859988613,
    337.79845240561));
#986 = CARTESIAN_POINT('',(-1.182790422607E+03,606.73765154531,
    337.86229031075));
#987 = CARTESIAN_POINT('',(-1.182922445896E+03,606.32591898012,
    337.92502321033));
#988 = CARTESIAN_POINT('',(-1.183050349951E+03,605.91345917313,
    337.98664635724));
#989 = CARTESIAN_POINT('',(-1.183174299018E+03,605.50032171714,
    338.04715584658));
#990 = CARTESIAN_POINT('',(-1.183445766784E+03,604.56541095211,
    338.18135257887));
#991 = CARTESIAN_POINT('',(-1.183591054069E+03,604.04326991743,
    338.25438440672));
#992 = CARTESIAN_POINT('',(-1.183730608417E+03,603.52021318478,
    338.32563761669));
#993 = CARTESIAN_POINT('',(-1.183864695043E+03,602.99631774409,
    338.39510664118));
#994 = CARTESIAN_POINT('',(-1.183993550008E+03,602.47165164996,
    338.46278677735));
#995 = CARTESIAN_POINT('',(-1.184117385701E+03,601.94627472267,
    338.5286741563));
#996 = CARTESIAN_POINT('',(-1.184236394674E+03,601.42023903258,
    338.59276567526));
#997 = CARTESIAN_POINT('',(-1.184508665786E+03,600.16634683702,
    338.74107859585));
#998 = CARTESIAN_POINT('',(-1.184657708086E+03,599.43794029006,
    338.82366841172));
#999 = CARTESIAN_POINT('',(-1.18479833918E+03,598.70848875989,
    338.90282181414));
#1000 = CARTESIAN_POINT('',(-1.184930954593E+03,597.97809772588,
    338.97853321794));
#1001 = CARTESIAN_POINT('',(-1.18505589837E+03,597.24686015535,
    339.0507980621));
#1002 = CARTESIAN_POINT('',(-1.185173473178E+03,596.51485742758,
    339.11961279075));
#1003 = CARTESIAN_POINT('',(-1.185283947066E+03,595.78215994031,
    339.18497473218));
#1004 = CARTESIAN_POINT('',(-1.185652110964E+03,593.17635897514,
    339.40495364468));
#1005 = CARTESIAN_POINT('',(-1.185871901964E+03,591.29983474912,
    339.54049407635));
#1006 = CARTESIAN_POINT('',(-1.186050890012E+03,589.42020363141,
    339.65347724893));
#1007 = CARTESIAN_POINT('',(-1.186191690448E+03,587.53827537553,
    339.74387682206));
#1008 = CARTESIAN_POINT('',(-1.186296132423E+03,585.6547480886,
    339.81167990665));
#1009 = CARTESIAN_POINT('',(-1.186365370986E+03,583.77021414911,
    339.85688288548));
#1010 = CARTESIAN_POINT('',(-1.186399994562E+03,581.88516686205,
    339.87948690059));
#1011 = CARTESIAN_POINT('',(-1.186399994562E+03,580.,339.87948690059));
#1012 = PCURVE('',#393,#1013);
#1013 = DEFINITIONAL_REPRESENTATION('',(#1014),#1059);
#1014 = B_SPLINE_CURVE_WITH_KNOTS('',8,(#1015,#1016,#1017,#1018,#1019,
    #1020,#1021,#1022,#1023,#1024,#1025,#1026,#1027,#1028,#1029,#1030,
    #1031,#1032,#1033,#1034,#1035,#1036,#1037,#1038,#1039,#1040,#1041,
    #1042,#1043,#1044,#1045,#1046,#1047,#1048,#1049,#1050,#1051,#1052,
    #1053,#1054,#1055,#1056,#1057,#1058),.UNSPECIFIED.,.F.,.F.,(9,7,7,7,
    7,7,9),(0.,6.994033219043E-02,0.152719117051,0.253113888283,
    0.379559238866,0.554165590666,1.),.UNSPECIFIED.);
#1015 = CARTESIAN_POINT('',(-1.570796326795,-0.196884588675));
#1016 = CARTESIAN_POINT('',(-1.569874748088,-0.195251112507));
#1017 = CARTESIAN_POINT('',(-1.568979540654,-0.193610741183));
#1018 = CARTESIAN_POINT('',(-1.568109252879,-0.191964122395));
#1019 = CARTESIAN_POINT('',(-1.567262602261,-0.190311822999));
#1020 = CARTESIAN_POINT('',(-1.566438439577,-0.188654338375));
#1021 = CARTESIAN_POINT('',(-1.565635721531,-0.186992099574));
#1022 = CARTESIAN_POINT('',(-1.564853491893,-0.185325478251));
#1023 = CARTESIAN_POINT('',(-1.563188261476,-0.181677423926));
#1024 = CARTESIAN_POINT('',(-1.562313131362,-0.179694389608));
#1025 = CARTESIAN_POINT('',(-1.561464032095,-0.177706220651));
#1026 = CARTESIAN_POINT('',(-1.560639670107,-0.175713388147));
#1027 = CARTESIAN_POINT('',(-1.559838885266,-0.173716304743));
#1028 = CARTESIAN_POINT('',(-1.559060629182,-0.171715329337));
#1029 = CARTESIAN_POINT('',(-1.55830394351,-0.169710771782));
#1030 = CARTESIAN_POINT('',(-1.556675305214,-0.165267731716));
#1031 = CARTESIAN_POINT('',(-1.555813100798,-0.162827712422));
#1032 = CARTESIAN_POINT('',(-1.554979755188,-0.160383320471));
#1033 = CARTESIAN_POINT('',(-1.554173867006,-0.157934979685));
#1034 = CARTESIAN_POINT('',(-1.553394180381,-0.155483060943));
#1035 = CARTESIAN_POINT('',(-1.552639562008,-0.153027886192));
#1036 = CARTESIAN_POINT('',(-1.551908978207,-0.150569732452));
#1037 = CARTESIAN_POINT('',(-1.550310381025,-0.145009382214));
#1038 = CARTESIAN_POINT('',(-1.549455908133,-0.141905604104));
#1039 = CARTESIAN_POINT('',(-1.548636154144,-0.138797980616));
#1040 = CARTESIAN_POINT('',(-1.54784944515,-0.135686930311));
#1041 = CARTESIAN_POINT('',(-1.547094288826,-0.132572817046));
#1042 = CARTESIAN_POINT('',(-1.54636934079,-0.129455954488));
#1043 = CARTESIAN_POINT('',(-1.545673381,-0.126336609279));
#1044 = CARTESIAN_POINT('',(-1.54408275811,-0.118904426712));
#1045 = CARTESIAN_POINT('',(-1.543213384827,-0.114589579787));
#1046 = CARTESIAN_POINT('',(-1.54239425993,-0.110271055865));
#1047 = CARTESIAN_POINT('',(-1.541622869637,-0.105949364095));
#1048 = CARTESIAN_POINT('',(-1.54089702386,-0.10162493711));
#1049 = CARTESIAN_POINT('',(-1.540214793742,-9.729813713557E-02));
#1050 = CARTESIAN_POINT('',(-1.539574469669,-9.296926007619E-02));
#1051 = CARTESIAN_POINT('',(-1.537442697374,-7.758060596001E-02));
#1052 = CARTESIAN_POINT('',(-1.536174278592,-6.651114207355E-02));
#1053 = CARTESIAN_POINT('',(-1.535144012888,-5.543373467918E-02));
#1054 = CARTESIAN_POINT('',(-1.534335132597,-4.435110697333E-02));
#1055 = CARTESIAN_POINT('',(-1.533735905896,-3.326530199785E-02));
#1056 = CARTESIAN_POINT('',(-1.533338919455,-2.217773028745E-02));
#1057 = CARTESIAN_POINT('',(-1.533140401438,-1.108921683559E-02));
#1058 = CARTESIAN_POINT('',(-1.533140401438,0.));
#1059 = ( GEOMETRIC_REPRESENTATION_CONTEXT(2) 
PARAMETRIC_REPRESENTATION_CONTEXT() REPRESENTATION_CONTEXT('2D SPACE',''
  ) );
#1060 = PCURVE('',#367,#1061);
#1061 = DEFINITIONAL_REPRESENTATION('',(#1062),#1107);
#1062 = B_SPLINE_CURVE_WITH_KNOTS('',8,(#1063,#1064,#1065,#1066,#1067,
    #1068,#1069,#1070,#1071,#1072,#1073,#1074,#1075,#1076,#1077,#1078,
    #1079,#1080,#1081,#1082,#1083,#1084,#1085,#1086,#1087,#1088,#1089,
    #1090,#1091,#1092,#1093,#1094,#1095,#1096,#1097,#1098,#1099,#1100,
    #1101,#1102,#1103,#1104,#1105,#1106),.UNSPECIFIED.,.F.,.F.,(9,7,7,7,
    7,7,9),(0.,6.994033219043E-02,0.152719117051,0.253113888283,
    0.379559238866,0.554165590666,1.),.UNSPECIFIED.);
#1063 = CARTESIAN_POINT('',(-1.230959417341,1.303254560387E+03));
#1064 = CARTESIAN_POINT('',(-1.225527364153,1.302982234217E+03));
#1065 = CARTESIAN_POINT('',(-1.220234782776,1.302708657109E+03));
#1066 = CARTESIAN_POINT('',(-1.215074189833,1.302433936653E+03));
#1067 = CARTESIAN_POINT('',(-1.210039006217,1.302158167216E+03));
#1068 = CARTESIAN_POINT('',(-1.205123360672,1.301881431461E+03));
#1069 = CARTESIAN_POINT('',(-1.200321940062,1.301603801492E+03));
#1070 = CARTESIAN_POINT('',(-1.195629886329,1.301325339643E+03));
#1071 = CARTESIAN_POINT('',(-1.185613563909,1.300715599913E+03));
#1072 = CARTESIAN_POINT('',(-1.18033141171,1.300384014689E+03));
#1073 = CARTESIAN_POINT('',(-1.175188945572,1.300051433104E+03));
#1074 = CARTESIAN_POINT('',(-1.170179646269,1.299717934726E+03));
#1075 = CARTESIAN_POINT('',(-1.165297695706,1.299383589557E+03));
#1076 = CARTESIAN_POINT('',(-1.160537859312,1.299048458789E+03));
#1077 = CARTESIAN_POINT('',(-1.155895368431,1.298712595548E+03));
#1078 = CARTESIAN_POINT('',(-1.14587230926,1.297967875231E+03));
#1079 = CARTESIAN_POINT('',(-1.140544977408,1.297558698999E+03));
#1080 = CARTESIAN_POINT('',(-1.135376021741,1.297148599886E+03));
#1081 = CARTESIAN_POINT('',(-1.130358533455,1.296737651545E+03));
#1082 = CARTESIAN_POINT('',(-1.125486357252,1.29632591898E+03));
#1083 = CARTESIAN_POINT('',(-1.120753968223,1.295913459173E+03));
#1084 = CARTESIAN_POINT('',(-1.116156348734,1.295500321717E+03));
#1085 = CARTESIAN_POINT('',(-1.106062152879,1.294565410952E+03));
#1086 = CARTESIAN_POINT('',(-1.100641937039,1.294043269917E+03));
#1087 = CARTESIAN_POINT('',(-1.095419032517,1.293520213185E+03));
#1088 = CARTESIAN_POINT('',(-1.090385408008,1.292996317744E+03));
#1089 = CARTESIAN_POINT('',(-1.085533952814,1.29247165165E+03));
#1090 = CARTESIAN_POINT('',(-1.080858297886,1.291946274723E+03));
#1091 = CARTESIAN_POINT('',(-1.076352691263,1.291420239033E+03));
#1092 = CARTESIAN_POINT('',(-1.066017837566,1.290166346837E+03));
#1093 = CARTESIAN_POINT('',(-1.060338130058,1.28943794029E+03));
#1094 = CARTESIAN_POINT('',(-1.054959103894,1.28870848876E+03));
#1095 = CARTESIAN_POINT('',(-1.049869084803,1.287978097726E+03));
#1096 = CARTESIAN_POINT('',(-1.045057988109,1.287246860155E+03));
#1097 = CARTESIAN_POINT('',(-1.040516991144,1.286514857428E+03));
#1098 = CARTESIAN_POINT('',(-1.036238315712,1.28578215994E+03));
#1099 = CARTESIAN_POINT('',(-1.021942419739,1.283176358975E+03));
#1100 = CARTESIAN_POINT('',(-1.013335819754,1.281299834749E+03));
#1101 = CARTESIAN_POINT('',(-1.006280797417,1.279420203631E+03));
#1102 = CARTESIAN_POINT('',(-1.000703552179,1.277538275376E+03));
#1103 = CARTESIAN_POINT('',(-0.99655287171,1.275654748089E+03));
#1104 = CARTESIAN_POINT('',(-0.993796611298,1.273770214149E+03));
#1105 = CARTESIAN_POINT('',(-0.992418313283,1.271885166862E+03));
#1106 = CARTESIAN_POINT('',(-0.992418313283,1.27E+03));
#1107 = ( GEOMETRIC_REPRESENTATION_CONTEXT(2) 
PARAMETRIC_REPRESENTATION_CONTEXT() REPRESENTATION_CONTEXT('2D SPACE',''
  ) );
#1108 = ORIENTED_EDGE('',*,*,#378,.F.);
#1109 = ADVANCED_FACE('',(#1110),#367,.T.);
#1110 = FACE_BOUND('',#1111,.F.);
#1111 = EDGE_LOOP('',(#1112,#1143,#1171,#1243,#1244,#1245,#1246,#1320,
    #1348,#1377));
#1112 = ORIENTED_EDGE('',*,*,#1113,.F.);
#1113 = EDGE_CURVE('',#1114,#1116,#1118,.T.);
#1114 = VERTEX_POINT('',#1115);
#1115 = CARTESIAN_POINT('',(-1.17E+03,-660.,335.));
#1116 = VERTEX_POINT('',#1117);
#1117 = CARTESIAN_POINT('',(-1.2E+03,-660.,365.));
#1118 = SURFACE_CURVE('',#1119,(#1124,#1131),.PCURVE_S1.);
#1119 = CIRCLE('',#1120,30.);
#1120 = AXIS2_PLACEMENT_3D('',#1121,#1122,#1123);
#1121 = CARTESIAN_POINT('',(-1.17E+03,-660.,365.));
#1122 = DIRECTION('',(0.,1.,-0.));
#1123 = DIRECTION('',(-1.,0.,0.));
#1124 = PCURVE('',#367,#1125);
#1125 = DEFINITIONAL_REPRESENTATION('',(#1126),#1130);
#1126 = LINE('',#1127,#1128);
#1127 = CARTESIAN_POINT('',(-6.28318530718,30.));
#1128 = VECTOR('',#1129,1.);
#1129 = DIRECTION('',(1.,-0.));
#1130 = ( GEOMETRIC_REPRESENTATION_CONTEXT(2) 
PARAMETRIC_REPRESENTATION_CONTEXT() REPRESENTATION_CONTEXT('2D SPACE',''
  ) );
#1131 = PCURVE('',#1132,#1137);
#1132 = SPHERICAL_SURFACE('',#1133,30.);
#1133 = AXIS2_PLACEMENT_3D('',#1134,#1135,#1136);
#1134 = CARTESIAN_POINT('',(-1.17E+03,-660.,365.));
#1135 = DIRECTION('',(0.,0.,1.));
#1136 = DIRECTION('',(-1.,0.,0.));
#1137 = DEFINITIONAL_REPRESENTATION('',(#1138),#1142);
#1138 = LINE('',#1139,#1140);
#1139 = CARTESIAN_POINT('',(0.,-6.28318530718));
#1140 = VECTOR('',#1141,1.);
#1141 = DIRECTION('',(0.,1.));
#1142 = ( GEOMETRIC_REPRESENTATION_CONTEXT(2) 
PARAMETRIC_REPRESENTATION_CONTEXT() REPRESENTATION_CONTEXT('2D SPACE',''
  ) );
#1143 = ORIENTED_EDGE('',*,*,#1144,.T.);
#1144 = EDGE_CURVE('',#1114,#1145,#1147,.T.);
#1145 = VERTEX_POINT('',#1146);
#1146 = CARTESIAN_POINT('',(-1.17E+03,-620.9267638593,335.));
#1147 = SURFACE_CURVE('',#1148,(#1152,#1159),.PCURVE_S1.);
#1148 = LINE('',#1149,#1150);
#1149 = CARTESIAN_POINT('',(-1.17E+03,-690.,335.));
#1150 = VECTOR('',#1151,1.);
#1151 = DIRECTION('',(0.,1.,0.));
#1152 = PCURVE('',#367,#1153);
#1153 = DEFINITIONAL_REPRESENTATION('',(#1154),#1158);
#1154 = LINE('',#1155,#1156);
#1155 = CARTESIAN_POINT('',(-1.570796326795,0.));
#1156 = VECTOR('',#1157,1.);
#1157 = DIRECTION('',(-0.,1.));
#1158 = ( GEOMETRIC_REPRESENTATION_CONTEXT(2) 
PARAMETRIC_REPRESENTATION_CONTEXT() REPRESENTATION_CONTEXT('2D SPACE',''
  ) );
#1159 = PCURVE('',#1160,#1165);
#1160 = PLANE('',#1161);
#1161 = AXIS2_PLACEMENT_3D('',#1162,#1163,#1164);
#1162 = CARTESIAN_POINT('',(-1.2E+03,-690.,335.));
#1163 = DIRECTION('',(0.,0.,1.));
#1164 = DIRECTION('',(1.,0.,0.));
#1165 = DEFINITIONAL_REPRESENTATION('',(#1166),#1170);
#1166 = LINE('',#1167,#1168);
#1167 = CARTESIAN_POINT('',(30.,0.));
#1168 = VECTOR('',#1169,1.);
#1169 = DIRECTION('',(0.,1.));
#1170 = ( GEOMETRIC_REPRESENTATION_CONTEXT(2) 
PARAMETRIC_REPRESENTATION_CONTEXT() REPRESENTATION_CONTEXT('2D SPACE',''
  ) );
#1171 = ORIENTED_EDGE('',*,*,#1172,.F.);
#1172 = EDGE_CURVE('',#517,#1145,#1173,.T.);
#1173 = SURFACE_CURVE('',#1174,(#1195,#1219),.PCURVE_S1.);
#1174 = B_SPLINE_CURVE_WITH_KNOTS('',7,(#1175,#1176,#1177,#1178,#1179,
    #1180,#1181,#1182,#1183,#1184,#1185,#1186,#1187,#1188,#1189,#1190,
    #1191,#1192,#1193,#1194),.UNSPECIFIED.,.F.,.F.,(8,6,6,8),(0.,
    0.590693953797,0.751636834936,1.),.UNSPECIFIED.);
#1175 = CARTESIAN_POINT('',(-1.1800000006E+03,-613.2545593231,
    336.71572896467));
#1176 = CARTESIAN_POINT('',(-1.179453449666E+03,-614.2233078508,
    336.52249401567));
#1177 = CARTESIAN_POINT('',(-1.178864250667E+03,-615.1639230656,
    336.32804251935));
#1178 = CARTESIAN_POINT('',(-1.178225497552E+03,-616.0745210226,
    336.13342787108));
#1179 = CARTESIAN_POINT('',(-1.177530064001E+03,-616.9474658975,
    335.94092002373));
#1180 = CARTESIAN_POINT('',(-1.176770890992E+03,-617.7690981676,
    335.75440278869));
#1181 = CARTESIAN_POINT('',(-1.175941593316E+03,-618.5191225449,
    335.57996237213));
#1182 = CARTESIAN_POINT('',(-1.174791136282E+03,-619.3467370162,
    335.38399998403));
#1183 = CARTESIAN_POINT('',(-1.174539187944E+03,-619.5165920527,
    335.34354786904));
#1184 = CARTESIAN_POINT('',(-1.17428171198E+03,-619.6783878217,
    335.30480478212));
#1185 = CARTESIAN_POINT('',(-1.174018801619E+03,-619.831426176,
    335.26797430678));
#1186 = CARTESIAN_POINT('',(-1.173750562153E+03,-619.9750135088,
    335.23326112814));
#1187 = CARTESIAN_POINT('',(-1.173477110937E+03,-620.108460593,
    335.20086960128));
#1188 = CARTESIAN_POINT('',(-1.172768751176E+03,-620.4203094619,
    335.12491185223));
#1189 = CARTESIAN_POINT('',(-1.172325932087E+03,-620.5841492277,
    335.08473716519));
#1190 = CARTESIAN_POINT('',(-1.171872443371E+03,-620.7190364644,
    335.05147537272));
#1191 = CARTESIAN_POINT('',(-1.171410665398E+03,-620.8222354104,
    335.02592746988));
#1192 = CARTESIAN_POINT('',(-1.170943024208E+03,-620.891837916,
    335.00866301065));
#1193 = CARTESIAN_POINT('',(-1.170471977776E+03,-620.9267638593,335.));
#1194 = CARTESIAN_POINT('',(-1.17E+03,-620.9267638593,335.));
#1195 = PCURVE('',#367,#1196);
#1196 = DEFINITIONAL_REPRESENTATION('',(#1197),#1218);
#1197 = B_SPLINE_CURVE_WITH_KNOTS('',7,(#1198,#1199,#1200,#1201,#1202,
    #1203,#1204,#1205,#1206,#1207,#1208,#1209,#1210,#1211,#1212,#1213,
    #1214,#1215,#1216,#1217),.UNSPECIFIED.,.F.,.F.,(8,6,6,8),(0.,
    0.590693953797,0.751636834936,1.),.UNSPECIFIED.);
#1198 = CARTESIAN_POINT('',(-1.230959396128,76.745440676824));
#1199 = CARTESIAN_POINT('',(-1.250282889868,75.776692149133));
#1200 = CARTESIAN_POINT('',(-1.270960204922,74.836076934304));
#1201 = CARTESIAN_POINT('',(-1.293208424142,73.925478977358));
#1202 = CARTESIAN_POINT('',(-1.317245618098,73.052534102469));
#1203 = CARTESIAN_POINT('',(-1.343282744753,72.230901832338));
#1204 = CARTESIAN_POINT('',(-1.371509875655,71.480877455068));
#1205 = CARTESIAN_POINT('',(-1.410410784594,70.65326298371));
#1206 = CARTESIAN_POINT('',(-1.418916236917,70.483407947244));
#1207 = CARTESIAN_POINT('',(-1.427594704431,70.32161217824));
#1208 = CARTESIAN_POINT('',(-1.436443109052,70.168573823954));
#1209 = CARTESIAN_POINT('',(-1.445458158681,70.024986491169));
#1210 = CARTESIAN_POINT('',(-1.45463636109,69.89153940694));
#1211 = CARTESIAN_POINT('',(-1.478383714855,69.579690538076));
#1212 = CARTESIAN_POINT('',(-1.493202995737,69.415850772217));
#1213 = CARTESIAN_POINT('',(-1.508356215506,69.280963535573));
#1214 = CARTESIAN_POINT('',(-1.523767790562,69.177764589558));
#1215 = CARTESIAN_POINT('',(-1.539362184966,69.108162083935));
#1216 = CARTESIAN_POINT('',(-1.555063734261,69.073236140638));
#1217 = CARTESIAN_POINT('',(-1.570796326795,69.073236140638));
#1218 = ( GEOMETRIC_REPRESENTATION_CONTEXT(2) 
PARAMETRIC_REPRESENTATION_CONTEXT() REPRESENTATION_CONTEXT('2D SPACE',''
  ) );
#1219 = PCURVE('',#634,#1220);
#1220 = DEFINITIONAL_REPRESENTATION('',(#1221),#1242);
#1221 = B_SPLINE_CURVE_WITH_KNOTS('',7,(#1222,#1223,#1224,#1225,#1226,
    #1227,#1228,#1229,#1230,#1231,#1232,#1233,#1234,#1235,#1236,#1237,
    #1238,#1239,#1240,#1241),.UNSPECIFIED.,.F.,.F.,(8,6,6,8),(0.,
    0.590693953797,0.751636834936,1.),.UNSPECIFIED.);
#1222 = CARTESIAN_POINT('',(-1.373911744499,169.9999994));
#1223 = CARTESIAN_POINT('',(-1.368100963874,170.54655033429));
#1224 = CARTESIAN_POINT('',(-1.362451076563,171.13574933263));
#1225 = CARTESIAN_POINT('',(-1.356973840475,171.77450244752));
#1226 = CARTESIAN_POINT('',(-1.351715681718,172.46993599896));
#1227 = CARTESIAN_POINT('',(-1.346759697509,173.2291090082));
#1228 = CARTESIAN_POINT('',(-1.342230069296,174.05840668413));
#1229 = CARTESIAN_POINT('',(-1.33722713946,175.20886371814));
#1230 = CARTESIAN_POINT('',(-1.336200048721,175.46081205641));
#1231 = CARTESIAN_POINT('',(-1.335221404177,175.71828802047));
#1232 = CARTESIAN_POINT('',(-1.334295476791,175.98119838064));
#1233 = CARTESIAN_POINT('',(-1.333426513771,176.24943784703));
#1234 = CARTESIAN_POINT('',(-1.332618737469,176.52288906327));
#1235 = CARTESIAN_POINT('',(-1.330730701044,177.23124882365));
#1236 = CARTESIAN_POINT('',(-1.329738387942,177.67406791279));
#1237 = CARTESIAN_POINT('',(-1.328921166764,178.12755662887));
#1238 = CARTESIAN_POINT('',(-1.328295789048,178.58933460189));
#1239 = CARTESIAN_POINT('',(-1.327873955334,179.05697579175));
#1240 = CARTESIAN_POINT('',(-1.327662283053,179.52802222399));
#1241 = CARTESIAN_POINT('',(-1.327662283053,180.));
#1242 = ( GEOMETRIC_REPRESENTATION_CONTEXT(2) 
PARAMETRIC_REPRESENTATION_CONTEXT() REPRESENTATION_CONTEXT('2D SPACE',''
  ) );
#1243 = ORIENTED_EDGE('',*,*,#516,.F.);
#1244 = ORIENTED_EDGE('',*,*,#352,.T.);
#1245 = ORIENTED_EDGE('',*,*,#965,.F.);
#1246 = ORIENTED_EDGE('',*,*,#1247,.T.);
#1247 = EDGE_CURVE('',#939,#1248,#1250,.T.);
#1248 = VERTEX_POINT('',#1249);
#1249 = CARTESIAN_POINT('',(-1.17E+03,620.92676385936,335.));
#1250 = SURFACE_CURVE('',#1251,(#1272,#1296),.PCURVE_S1.);
#1251 = B_SPLINE_CURVE_WITH_KNOTS('',7,(#1252,#1253,#1254,#1255,#1256,
    #1257,#1258,#1259,#1260,#1261,#1262,#1263,#1264,#1265,#1266,#1267,
    #1268,#1269,#1270,#1271),.UNSPECIFIED.,.F.,.F.,(8,6,6,8),(0.,
    0.590693953771,0.751636834904,1.),.UNSPECIFIED.);
#1252 = CARTESIAN_POINT('',(-1.1800000006E+03,613.25455932317,
    336.71572896467));
#1253 = CARTESIAN_POINT('',(-1.179453449666E+03,614.22330785086,
    336.52249401567));
#1254 = CARTESIAN_POINT('',(-1.178864250667E+03,615.1639230657,
    336.32804251935));
#1255 = CARTESIAN_POINT('',(-1.178225497552E+03,616.07452102263,
    336.13342787108));
#1256 = CARTESIAN_POINT('',(-1.177530064001E+03,616.94746589753,
    335.94092002373));
#1257 = CARTESIAN_POINT('',(-1.176770890992E+03,617.76909816766,
    335.75440278869));
#1258 = CARTESIAN_POINT('',(-1.175941593316E+03,618.51912254493,
    335.57996237213));
#1259 = CARTESIAN_POINT('',(-1.174791136282E+03,619.34673701628,
    335.38399998403));
#1260 = CARTESIAN_POINT('',(-1.174539187944E+03,619.51659205275,
    335.34354786904));
#1261 = CARTESIAN_POINT('',(-1.17428171198E+03,619.67838782176,
    335.30480478212));
#1262 = CARTESIAN_POINT('',(-1.174018801619E+03,619.83142617604,
    335.26797430678));
#1263 = CARTESIAN_POINT('',(-1.173750562153E+03,619.97501350883,
    335.23326112814));
#1264 = CARTESIAN_POINT('',(-1.173477110937E+03,620.10846059306,
    335.20086960128));
#1265 = CARTESIAN_POINT('',(-1.172768751176E+03,620.42030946195,
    335.12491185222));
#1266 = CARTESIAN_POINT('',(-1.172325932087E+03,620.58414922777,
    335.08473716519));
#1267 = CARTESIAN_POINT('',(-1.171872443371E+03,620.7190364644,
    335.05147537272));
#1268 = CARTESIAN_POINT('',(-1.171410665398E+03,620.82223541043,
    335.02592746988));
#1269 = CARTESIAN_POINT('',(-1.170943024208E+03,620.89183791607,
    335.00866301065));
#1270 = CARTESIAN_POINT('',(-1.170471977776E+03,620.92676385936,335.));
#1271 = CARTESIAN_POINT('',(-1.17E+03,620.92676385936,335.));
#1272 = PCURVE('',#367,#1273);
#1273 = DEFINITIONAL_REPRESENTATION('',(#1274),#1295);
#1274 = B_SPLINE_CURVE_WITH_KNOTS('',7,(#1275,#1276,#1277,#1278,#1279,
    #1280,#1281,#1282,#1283,#1284,#1285,#1286,#1287,#1288,#1289,#1290,
    #1291,#1292,#1293,#1294),.UNSPECIFIED.,.F.,.F.,(8,6,6,8),(0.,
    0.590693953771,0.751636834904,1.),.UNSPECIFIED.);
#1275 = CARTESIAN_POINT('',(-1.230959396128,1.303254559323E+03));
#1276 = CARTESIAN_POINT('',(-1.250282889868,1.304223307851E+03));
#1277 = CARTESIAN_POINT('',(-1.270960204922,1.305163923066E+03));
#1278 = CARTESIAN_POINT('',(-1.293208424142,1.306074521023E+03));
#1279 = CARTESIAN_POINT('',(-1.317245618098,1.306947465898E+03));
#1280 = CARTESIAN_POINT('',(-1.343282744753,1.307769098168E+03));
#1281 = CARTESIAN_POINT('',(-1.371509875655,1.308519122545E+03));
#1282 = CARTESIAN_POINT('',(-1.410410784594,1.309346737016E+03));
#1283 = CARTESIAN_POINT('',(-1.418916236917,1.309516592053E+03));
#1284 = CARTESIAN_POINT('',(-1.427594704431,1.309678387822E+03));
#1285 = CARTESIAN_POINT('',(-1.436443109052,1.309831426176E+03));
#1286 = CARTESIAN_POINT('',(-1.445458158681,1.309975013509E+03));
#1287 = CARTESIAN_POINT('',(-1.45463636109,1.310108460593E+03));
#1288 = CARTESIAN_POINT('',(-1.478383714858,1.310420309462E+03));
#1289 = CARTESIAN_POINT('',(-1.493202995737,1.310584149228E+03));
#1290 = CARTESIAN_POINT('',(-1.508356215504,1.310719036464E+03));
#1291 = CARTESIAN_POINT('',(-1.52376779056,1.31082223541E+03));
#1292 = CARTESIAN_POINT('',(-1.539362184966,1.310891837916E+03));
#1293 = CARTESIAN_POINT('',(-1.555063734264,1.310926763859E+03));
#1294 = CARTESIAN_POINT('',(-1.570796326795,1.310926763859E+03));
#1295 = ( GEOMETRIC_REPRESENTATION_CONTEXT(2) 
PARAMETRIC_REPRESENTATION_CONTEXT() REPRESENTATION_CONTEXT('2D SPACE',''
  ) );
#1296 = PCURVE('',#954,#1297);
#1297 = DEFINITIONAL_REPRESENTATION('',(#1298),#1319);
#1298 = B_SPLINE_CURVE_WITH_KNOTS('',7,(#1299,#1300,#1301,#1302,#1303,
    #1304,#1305,#1306,#1307,#1308,#1309,#1310,#1311,#1312,#1313,#1314,
    #1315,#1316,#1317,#1318),.UNSPECIFIED.,.F.,.F.,(8,6,6,8),(0.,
    0.590693953771,0.751636834904,1.),.UNSPECIFIED.);
#1299 = CARTESIAN_POINT('',(1.373911744499,169.9999994));
#1300 = CARTESIAN_POINT('',(1.368100963874,170.54655033429));
#1301 = CARTESIAN_POINT('',(1.362451076563,171.13574933263));
#1302 = CARTESIAN_POINT('',(1.356973840475,171.77450244752));
#1303 = CARTESIAN_POINT('',(1.351715681718,172.46993599896));
#1304 = CARTESIAN_POINT('',(1.346759697509,173.2291090082));
#1305 = CARTESIAN_POINT('',(1.342230069296,174.05840668413));
#1306 = CARTESIAN_POINT('',(1.33722713946,175.20886371814));
#1307 = CARTESIAN_POINT('',(1.336200048721,175.46081205641));
#1308 = CARTESIAN_POINT('',(1.335221404177,175.71828802047));
#1309 = CARTESIAN_POINT('',(1.334295476791,175.98119838064));
#1310 = CARTESIAN_POINT('',(1.333426513771,176.24943784703));
#1311 = CARTESIAN_POINT('',(1.332618737469,176.52288906327));
#1312 = CARTESIAN_POINT('',(1.330730701043,177.23124882372));
#1313 = CARTESIAN_POINT('',(1.329738387942,177.6740679128));
#1314 = CARTESIAN_POINT('',(1.328921166764,178.12755662881));
#1315 = CARTESIAN_POINT('',(1.328295789048,178.58933460183));
#1316 = CARTESIAN_POINT('',(1.327873955334,179.05697579175));
#1317 = CARTESIAN_POINT('',(1.327662283053,179.52802222406));
#1318 = CARTESIAN_POINT('',(1.327662283053,180.));
#1319 = ( GEOMETRIC_REPRESENTATION_CONTEXT(2) 
PARAMETRIC_REPRESENTATION_CONTEXT() REPRESENTATION_CONTEXT('2D SPACE',''
  ) );
#1320 = ORIENTED_EDGE('',*,*,#1321,.T.);
#1321 = EDGE_CURVE('',#1248,#1322,#1324,.T.);
#1322 = VERTEX_POINT('',#1323);
#1323 = CARTESIAN_POINT('',(-1.17E+03,660.,335.));
#1324 = SURFACE_CURVE('',#1325,(#1329,#1336),.PCURVE_S1.);
#1325 = LINE('',#1326,#1327);
#1326 = CARTESIAN_POINT('',(-1.17E+03,-690.,335.));
#1327 = VECTOR('',#1328,1.);
#1328 = DIRECTION('',(0.,1.,0.));
#1329 = PCURVE('',#367,#1330);
#1330 = DEFINITIONAL_REPRESENTATION('',(#1331),#1335);
#1331 = LINE('',#1332,#1333);
#1332 = CARTESIAN_POINT('',(-1.570796326795,0.));
#1333 = VECTOR('',#1334,1.);
#1334 = DIRECTION('',(-0.,1.));
#1335 = ( GEOMETRIC_REPRESENTATION_CONTEXT(2) 
PARAMETRIC_REPRESENTATION_CONTEXT() REPRESENTATION_CONTEXT('2D SPACE',''
  ) );
#1336 = PCURVE('',#1337,#1342);
#1337 = PLANE('',#1338);
#1338 = AXIS2_PLACEMENT_3D('',#1339,#1340,#1341);
#1339 = CARTESIAN_POINT('',(-1.2E+03,-690.,335.));
#1340 = DIRECTION('',(0.,0.,1.));
#1341 = DIRECTION('',(1.,0.,0.));
#1342 = DEFINITIONAL_REPRESENTATION('',(#1343),#1347);
#1343 = LINE('',#1344,#1345);
#1344 = CARTESIAN_POINT('',(30.,0.));
#1345 = VECTOR('',#1346,1.);
#1346 = DIRECTION('',(0.,1.));
#1347 = ( GEOMETRIC_REPRESENTATION_CONTEXT(2) 
PARAMETRIC_REPRESENTATION_CONTEXT() REPRESENTATION_CONTEXT('2D SPACE',''
  ) );
#1348 = ORIENTED_EDGE('',*,*,#1349,.T.);
#1349 = EDGE_CURVE('',#1322,#1350,#1352,.T.);
#1350 = VERTEX_POINT('',#1351);
#1351 = CARTESIAN_POINT('',(-1.2E+03,660.,365.));
#1352 = SURFACE_CURVE('',#1353,(#1358,#1365),.PCURVE_S1.);
#1353 = CIRCLE('',#1354,30.);
#1354 = AXIS2_PLACEMENT_3D('',#1355,#1356,#1357);
#1355 = CARTESIAN_POINT('',(-1.17E+03,660.,365.));
#1356 = DIRECTION('',(0.,1.,-0.));
#1357 = DIRECTION('',(-1.,0.,0.));
#1358 = PCURVE('',#367,#1359);
#1359 = DEFINITIONAL_REPRESENTATION('',(#1360),#1364);
#1360 = LINE('',#1361,#1362);
#1361 = CARTESIAN_POINT('',(-6.28318530718,1.35E+03));
#1362 = VECTOR('',#1363,1.);
#1363 = DIRECTION('',(1.,-0.));
#1364 = ( GEOMETRIC_REPRESENTATION_CONTEXT(2) 
PARAMETRIC_REPRESENTATION_CONTEXT() REPRESENTATION_CONTEXT('2D SPACE',''
  ) );
#1365 = PCURVE('',#1366,#1371);
#1366 = SPHERICAL_SURFACE('',#1367,30.);
#1367 = AXIS2_PLACEMENT_3D('',#1368,#1369,#1370);
#1368 = CARTESIAN_POINT('',(-1.17E+03,660.,365.));
#1369 = DIRECTION('',(0.,0.,1.));
#1370 = DIRECTION('',(-1.,0.,0.));
#1371 = DEFINITIONAL_REPRESENTATION('',(#1372),#1376);
#1372 = LINE('',#1373,#1374);
#1373 = CARTESIAN_POINT('',(-0.,-6.28318530718));
#1374 = VECTOR('',#1375,1.);
#1375 = DIRECTION('',(-0.,1.));
#1376 = ( GEOMETRIC_REPRESENTATION_CONTEXT(2) 
PARAMETRIC_REPRESENTATION_CONTEXT() REPRESENTATION_CONTEXT('2D SPACE',''
  ) );
#1377 = ORIENTED_EDGE('',*,*,#1378,.F.);
#1378 = EDGE_CURVE('',#1116,#1350,#1379,.T.);
#1379 = SURFACE_CURVE('',#1380,(#1384,#1391),.PCURVE_S1.);
#1380 = LINE('',#1381,#1382);
#1381 = CARTESIAN_POINT('',(-1.2E+03,-690.,365.));
#1382 = VECTOR('',#1383,1.);
#1383 = DIRECTION('',(0.,1.,0.));
#1384 = PCURVE('',#367,#1385);
#1385 = DEFINITIONAL_REPRESENTATION('',(#1386),#1390);
#1386 = LINE('',#1387,#1388);
#1387 = CARTESIAN_POINT('',(-0.,0.));
#1388 = VECTOR('',#1389,1.);
#1389 = DIRECTION('',(-0.,1.));
#1390 = ( GEOMETRIC_REPRESENTATION_CONTEXT(2) 
PARAMETRIC_REPRESENTATION_CONTEXT() REPRESENTATION_CONTEXT('2D SPACE',''
  ) );
#1391 = PCURVE('',#1392,#1397);
#1392 = PLANE('',#1393);
#1393 = AXIS2_PLACEMENT_3D('',#1394,#1395,#1396);
#1394 = CARTESIAN_POINT('',(-1.2E+03,-690.,335.));
#1395 = DIRECTION('',(1.,0.,0.));
#1396 = DIRECTION('',(0.,0.,1.));
#1397 = DEFINITIONAL_REPRESENTATION('',(#1398),#1402);
#1398 = LINE('',#1399,#1400);
#1399 = CARTESIAN_POINT('',(30.,0.));
#1400 = VECTOR('',#1401,1.);
#1401 = DIRECTION('',(0.,-1.));
#1402 = ( GEOMETRIC_REPRESENTATION_CONTEXT(2) 
PARAMETRIC_REPRESENTATION_CONTEXT() REPRESENTATION_CONTEXT('2D SPACE',''
  ) );
#1403 = ADVANCED_FACE('',(#1404,#1479),#450,.T.);
#1404 = FACE_BOUND('',#1405,.T.);
#1405 = EDGE_LOOP('',(#1406,#1407,#1430,#1458));
#1406 = ORIENTED_EDGE('',*,*,#434,.T.);
#1407 = ORIENTED_EDGE('',*,*,#1408,.T.);
#1408 = EDGE_CURVE('',#435,#1409,#1411,.T.);
#1409 = VERTEX_POINT('',#1410);
#1410 = CARTESIAN_POINT('',(1.18E+03,750.,170.));
#1411 = SURFACE_CURVE('',#1412,(#1416,#1423),.PCURVE_S1.);
#1412 = LINE('',#1413,#1414);
#1413 = CARTESIAN_POINT('',(-1.35E+03,750.,170.));
#1414 = VECTOR('',#1415,1.);
#1415 = DIRECTION('',(1.,0.,0.));
#1416 = PCURVE('',#450,#1417);
#1417 = DEFINITIONAL_REPRESENTATION('',(#1418),#1422);
#1418 = LINE('',#1419,#1420);
#1419 = CARTESIAN_POINT('',(510.,0.));
#1420 = VECTOR('',#1421,1.);
#1421 = DIRECTION('',(0.,1.));
#1422 = ( GEOMETRIC_REPRESENTATION_CONTEXT(2) 
PARAMETRIC_REPRESENTATION_CONTEXT() REPRESENTATION_CONTEXT('2D SPACE',''
  ) );
#1423 = PCURVE('',#954,#1424);
#1424 = DEFINITIONAL_REPRESENTATION('',(#1425),#1429);
#1425 = LINE('',#1426,#1427);
#1426 = CARTESIAN_POINT('',(0.,0.));
#1427 = VECTOR('',#1428,1.);
#1428 = DIRECTION('',(0.,1.));
#1429 = ( GEOMETRIC_REPRESENTATION_CONTEXT(2) 
PARAMETRIC_REPRESENTATION_CONTEXT() REPRESENTATION_CONTEXT('2D SPACE',''
  ) );
#1430 = ORIENTED_EDGE('',*,*,#1431,.F.);
#1431 = EDGE_CURVE('',#1432,#1409,#1434,.T.);
#1432 = VERTEX_POINT('',#1433);
#1433 = CARTESIAN_POINT('',(1.18E+03,750.,-170.));
#1434 = SURFACE_CURVE('',#1435,(#1439,#1446),.PCURVE_S1.);
#1435 = LINE('',#1436,#1437);
#1436 = CARTESIAN_POINT('',(1.18E+03,750.,-340.));
#1437 = VECTOR('',#1438,1.);
#1438 = DIRECTION('',(0.,0.,1.));
#1439 = PCURVE('',#450,#1440);
#1440 = DEFINITIONAL_REPRESENTATION('',(#1441),#1445);
#1441 = LINE('',#1442,#1443);
#1442 = CARTESIAN_POINT('',(0.,2.53E+03));
#1443 = VECTOR('',#1444,1.);
#1444 = DIRECTION('',(1.,0.));
#1445 = ( GEOMETRIC_REPRESENTATION_CONTEXT(2) 
PARAMETRIC_REPRESENTATION_CONTEXT() REPRESENTATION_CONTEXT('2D SPACE',''
  ) );
#1446 = PCURVE('',#1447,#1452);
#1447 = CYLINDRICAL_SURFACE('',#1448,170.);
#1448 = AXIS2_PLACEMENT_3D('',#1449,#1450,#1451);
#1449 = CARTESIAN_POINT('',(1.18E+03,580.,-340.));
#1450 = DIRECTION('',(0.,0.,1.));
#1451 = DIRECTION('',(1.,0.,-0.));
#1452 = DEFINITIONAL_REPRESENTATION('',(#1453),#1457);
#1453 = LINE('',#1454,#1455);
#1454 = CARTESIAN_POINT('',(1.570796326795,0.));
#1455 = VECTOR('',#1456,1.);
#1456 = DIRECTION('',(0.,1.));
#1457 = ( GEOMETRIC_REPRESENTATION_CONTEXT(2) 
PARAMETRIC_REPRESENTATION_CONTEXT() REPRESENTATION_CONTEXT('2D SPACE',''
  ) );
#1458 = ORIENTED_EDGE('',*,*,#1459,.F.);
#1459 = EDGE_CURVE('',#411,#1432,#1460,.T.);
#1460 = SURFACE_CURVE('',#1461,(#1465,#1472),.PCURVE_S1.);
#1461 = LINE('',#1462,#1463);
#1462 = CARTESIAN_POINT('',(-1.35E+03,750.,-170.));
#1463 = VECTOR('',#1464,1.);
#1464 = DIRECTION('',(1.,0.,0.));
#1465 = PCURVE('',#450,#1466);
#1466 = DEFINITIONAL_REPRESENTATION('',(#1467),#1471);
#1467 = LINE('',#1468,#1469);
#1468 = CARTESIAN_POINT('',(170.,0.));
#1469 = VECTOR('',#1470,1.);
#1470 = DIRECTION('',(0.,1.));
#1471 = ( GEOMETRIC_REPRESENTATION_CONTEXT(2) 
PARAMETRIC_REPRESENTATION_CONTEXT() REPRESENTATION_CONTEXT('2D SPACE',''
  ) );
#1472 = PCURVE('',#897,#1473);
#1473 = DEFINITIONAL_REPRESENTATION('',(#1474),#1478);
#1474 = LINE('',#1475,#1476);
#1475 = CARTESIAN_POINT('',(-0.,0.));
#1476 = VECTOR('',#1477,1.);
#1477 = DIRECTION('',(-0.,1.));
#1478 = ( GEOMETRIC_REPRESENTATION_CONTEXT(2) 
PARAMETRIC_REPRESENTATION_CONTEXT() REPRESENTATION_CONTEXT('2D SPACE',''
  ) );
#1479 = FACE_BOUND('',#1480,.T.);
#1480 = EDGE_LOOP('',(#1481,#1509,#1535,#1561));
#1481 = ORIENTED_EDGE('',*,*,#1482,.F.);
#1482 = EDGE_CURVE('',#1483,#1485,#1487,.T.);
#1483 = VERTEX_POINT('',#1484);
#1484 = CARTESIAN_POINT('',(290.,750.,27.5));
#1485 = VERTEX_POINT('',#1486);
#1486 = CARTESIAN_POINT('',(810.,750.,27.5));
#1487 = SURFACE_CURVE('',#1488,(#1492,#1498),.PCURVE_S1.);
#1488 = LINE('',#1489,#1490);
#1489 = CARTESIAN_POINT('',(-530.,750.,27.5));
#1490 = VECTOR('',#1491,1.);
#1491 = DIRECTION('',(1.,0.,0.));
#1492 = PCURVE('',#450,#1493);
#1493 = DEFINITIONAL_REPRESENTATION('',(#1494),#1497);
#1494 = B_SPLINE_CURVE_WITH_KNOTS('',1,(#1495,#1496),.UNSPECIFIED.,.F.,
  .F.,(2,2),(820.,1.34E+03),.PIECEWISE_BEZIER_KNOTS.);
#1495 = CARTESIAN_POINT('',(367.5,1.64E+03));
#1496 = CARTESIAN_POINT('',(367.5,2.16E+03));
#1497 = ( GEOMETRIC_REPRESENTATION_CONTEXT(2) 
PARAMETRIC_REPRESENTATION_CONTEXT() REPRESENTATION_CONTEXT('2D SPACE',''
  ) );
#1498 = PCURVE('',#1499,#1504);
#1499 = PLANE('',#1500);
#1500 = AXIS2_PLACEMENT_3D('',#1501,#1502,#1503);
#1501 = CARTESIAN_POINT('',(290.,870.,27.5));
#1502 = DIRECTION('',(0.,0.,1.));
#1503 = DIRECTION('',(0.,-1.,0.));
#1504 = DEFINITIONAL_REPRESENTATION('',(#1505),#1508);
#1505 = B_SPLINE_CURVE_WITH_KNOTS('',1,(#1506,#1507),.UNSPECIFIED.,.F.,
  .F.,(2,2),(820.,1.34E+03),.PIECEWISE_BEZIER_KNOTS.);
#1506 = CARTESIAN_POINT('',(120.,0.));
#1507 = CARTESIAN_POINT('',(120.,520.));
#1508 = ( GEOMETRIC_REPRESENTATION_CONTEXT(2) 
PARAMETRIC_REPRESENTATION_CONTEXT() REPRESENTATION_CONTEXT('2D SPACE',''
  ) );
#1509 = ORIENTED_EDGE('',*,*,#1510,.T.);
#1510 = EDGE_CURVE('',#1483,#1511,#1513,.T.);
#1511 = VERTEX_POINT('',#1512);
#1512 = CARTESIAN_POINT('',(290.,750.,-27.5));
#1513 = SURFACE_CURVE('',#1514,(#1518,#1524),.PCURVE_S1.);
#1514 = LINE('',#1515,#1516);
#1515 = CARTESIAN_POINT('',(290.,750.,-183.75));
#1516 = VECTOR('',#1517,1.);
#1517 = DIRECTION('',(0.,0.,-1.));
#1518 = PCURVE('',#450,#1519);
#1519 = DEFINITIONAL_REPRESENTATION('',(#1520),#1523);
#1520 = B_SPLINE_CURVE_WITH_KNOTS('',1,(#1521,#1522),.UNSPECIFIED.,.F.,
  .F.,(2,2),(-211.25,-156.25),.PIECEWISE_BEZIER_KNOTS.);
#1521 = CARTESIAN_POINT('',(367.5,1.64E+03));
#1522 = CARTESIAN_POINT('',(312.5,1.64E+03));
#1523 = ( GEOMETRIC_REPRESENTATION_CONTEXT(2) 
PARAMETRIC_REPRESENTATION_CONTEXT() REPRESENTATION_CONTEXT('2D SPACE',''
  ) );
#1524 = PCURVE('',#1525,#1530);
#1525 = PLANE('',#1526);
#1526 = AXIS2_PLACEMENT_3D('',#1527,#1528,#1529);
#1527 = CARTESIAN_POINT('',(290.,870.,-27.5));
#1528 = DIRECTION('',(1.,0.,0.));
#1529 = DIRECTION('',(0.,-1.,0.));
#1530 = DEFINITIONAL_REPRESENTATION('',(#1531),#1534);
#1531 = B_SPLINE_CURVE_WITH_KNOTS('',1,(#1532,#1533),.UNSPECIFIED.,.F.,
  .F.,(2,2),(-211.25,-156.25),.PIECEWISE_BEZIER_KNOTS.);
#1532 = CARTESIAN_POINT('',(120.,-55.));
#1533 = CARTESIAN_POINT('',(120.,0.));
#1534 = ( GEOMETRIC_REPRESENTATION_CONTEXT(2) 
PARAMETRIC_REPRESENTATION_CONTEXT() REPRESENTATION_CONTEXT('2D SPACE',''
  ) );
#1535 = ORIENTED_EDGE('',*,*,#1536,.T.);
#1536 = EDGE_CURVE('',#1511,#1537,#1539,.T.);
#1537 = VERTEX_POINT('',#1538);
#1538 = CARTESIAN_POINT('',(810.,750.,-27.5));
#1539 = SURFACE_CURVE('',#1540,(#1544,#1550),.PCURVE_S1.);
#1540 = LINE('',#1541,#1542);
#1541 = CARTESIAN_POINT('',(-530.,750.,-27.5));
#1542 = VECTOR('',#1543,1.);
#1543 = DIRECTION('',(1.,0.,0.));
#1544 = PCURVE('',#450,#1545);
#1545 = DEFINITIONAL_REPRESENTATION('',(#1546),#1549);
#1546 = B_SPLINE_CURVE_WITH_KNOTS('',1,(#1547,#1548),.UNSPECIFIED.,.F.,
  .F.,(2,2),(820.,1.34E+03),.PIECEWISE_BEZIER_KNOTS.);
#1547 = CARTESIAN_POINT('',(312.5,1.64E+03));
#1548 = CARTESIAN_POINT('',(312.5,2.16E+03));
#1549 = ( GEOMETRIC_REPRESENTATION_CONTEXT(2) 
PARAMETRIC_REPRESENTATION_CONTEXT() REPRESENTATION_CONTEXT('2D SPACE',''
  ) );
#1550 = PCURVE('',#1551,#1556);
#1551 = PLANE('',#1552);
#1552 = AXIS2_PLACEMENT_3D('',#1553,#1554,#1555);
#1553 = CARTESIAN_POINT('',(290.,870.,-27.5));
#1554 = DIRECTION('',(0.,0.,1.));
#1555 = DIRECTION('',(0.,-1.,0.));
#1556 = DEFINITIONAL_REPRESENTATION('',(#1557),#1560);
#1557 = B_SPLINE_CURVE_WITH_KNOTS('',1,(#1558,#1559),.UNSPECIFIED.,.F.,
  .F.,(2,2),(820.,1.34E+03),.PIECEWISE_BEZIER_KNOTS.);
#1558 = CARTESIAN_POINT('',(120.,0.));
#1559 = CARTESIAN_POINT('',(120.,520.));
#1560 = ( GEOMETRIC_REPRESENTATION_CONTEXT(2) 
PARAMETRIC_REPRESENTATION_CONTEXT() REPRESENTATION_CONTEXT('2D SPACE',''
  ) );
#1561 = ORIENTED_EDGE('',*,*,#1562,.F.);
#1562 = EDGE_CURVE('',#1485,#1537,#1563,.T.);
#1563 = SURFACE_CURVE('',#1564,(#1568,#1574),.PCURVE_S1.);
#1564 = LINE('',#1565,#1566);
#1565 = CARTESIAN_POINT('',(810.,750.,-183.75));
#1566 = VECTOR('',#1567,1.);
#1567 = DIRECTION('',(0.,0.,-1.));
#1568 = PCURVE('',#450,#1569);
#1569 = DEFINITIONAL_REPRESENTATION('',(#1570),#1573);
#1570 = B_SPLINE_CURVE_WITH_KNOTS('',1,(#1571,#1572),.UNSPECIFIED.,.F.,
  .F.,(2,2),(-211.25,-156.25),.PIECEWISE_BEZIER_KNOTS.);
#1571 = CARTESIAN_POINT('',(367.5,2.16E+03));
#1572 = CARTESIAN_POINT('',(312.5,2.16E+03));
#1573 = ( GEOMETRIC_REPRESENTATION_CONTEXT(2) 
PARAMETRIC_REPRESENTATION_CONTEXT() REPRESENTATION_CONTEXT('2D SPACE',''
  ) );
#1574 = PCURVE('',#1575,#1580);
#1575 = PLANE('',#1576);
#1576 = AXIS2_PLACEMENT_3D('',#1577,#1578,#1579);
#1577 = CARTESIAN_POINT('',(810.,870.,-27.5));
#1578 = DIRECTION('',(1.,0.,0.));
#1579 = DIRECTION('',(0.,-1.,0.));
#1580 = DEFINITIONAL_REPRESENTATION('',(#1581),#1584);
#1581 = B_SPLINE_CURVE_WITH_KNOTS('',1,(#1582,#1583),.UNSPECIFIED.,.F.,
  .F.,(2,2),(-211.25,-156.25),.PIECEWISE_BEZIER_KNOTS.);
#1582 = CARTESIAN_POINT('',(120.,-55.));
#1583 = CARTESIAN_POINT('',(120.,0.));
#1584 = ( GEOMETRIC_REPRESENTATION_CONTEXT(2) 
PARAMETRIC_REPRESENTATION_CONTEXT() REPRESENTATION_CONTEXT('2D SPACE',''
  ) );
#1585 = ADVANCED_FACE('',(#1586),#500,.T.);
#1586 = FACE_BOUND('',#1587,.T.);
#1587 = EDGE_LOOP('',(#1588,#1589,#1590,#1615));
#1588 = ORIENTED_EDGE('',*,*,#486,.F.);
#1589 = ORIENTED_EDGE('',*,*,#832,.T.);
#1590 = ORIENTED_EDGE('',*,*,#1591,.T.);
#1591 = EDGE_CURVE('',#833,#674,#1592,.T.);
#1592 = SURFACE_CURVE('',#1593,(#1598,#1604),.PCURVE_S1.);
#1593 = CIRCLE('',#1594,170.);
#1594 = AXIS2_PLACEMENT_3D('',#1595,#1596,#1597);
#1595 = CARTESIAN_POINT('',(1.18E+03,-580.,-170.));
#1596 = DIRECTION('',(-1.,-6.123233995737E-17,0.));
#1597 = DIRECTION('',(6.123233995737E-17,-1.,-0.));
#1598 = PCURVE('',#500,#1599);
#1599 = DEFINITIONAL_REPRESENTATION('',(#1600),#1603);
#1600 = B_SPLINE_CURVE_WITH_KNOTS('',1,(#1601,#1602),.UNSPECIFIED.,.F.,
  .F.,(2,2),(4.712388980385,6.28318530718),.PIECEWISE_BEZIER_KNOTS.);
#1601 = CARTESIAN_POINT('',(1.570796326795,2.53E+03));
#1602 = CARTESIAN_POINT('',(0.,2.53E+03));
#1603 = ( GEOMETRIC_REPRESENTATION_CONTEXT(2) 
PARAMETRIC_REPRESENTATION_CONTEXT() REPRESENTATION_CONTEXT('2D SPACE',''
  ) );
#1604 = PCURVE('',#1605,#1610);
#1605 = SPHERICAL_SURFACE('',#1606,170.);
#1606 = AXIS2_PLACEMENT_3D('',#1607,#1608,#1609);
#1607 = CARTESIAN_POINT('',(1.18E+03,-580.,-170.));
#1608 = DIRECTION('',(0.,0.,1.));
#1609 = DIRECTION('',(1.,0.,-0.));
#1610 = DEFINITIONAL_REPRESENTATION('',(#1611),#1614);
#1611 = B_SPLINE_CURVE_WITH_KNOTS('',1,(#1612,#1613),.UNSPECIFIED.,.F.,
  .F.,(2,2),(4.712388980385,6.28318530718),.PIECEWISE_BEZIER_KNOTS.);
#1612 = CARTESIAN_POINT('',(-1.570796326795,-1.570796326795));
#1613 = CARTESIAN_POINT('',(-1.570796326795,0.));
#1614 = ( GEOMETRIC_REPRESENTATION_CONTEXT(2) 
PARAMETRIC_REPRESENTATION_CONTEXT() REPRESENTATION_CONTEXT('2D SPACE',''
  ) );
#1615 = ORIENTED_EDGE('',*,*,#701,.F.);
#1616 = ADVANCED_FACE('',(#1617),#634,.T.);
#1617 = FACE_BOUND('',#1618,.F.);
#1618 = EDGE_LOOP('',(#1619,#1620,#1621,#1642,#1721,#1746));
#1619 = ORIENTED_EDGE('',*,*,#620,.F.);
#1620 = ORIENTED_EDGE('',*,*,#1172,.T.);
#1621 = ORIENTED_EDGE('',*,*,#1622,.T.);
#1622 = EDGE_CURVE('',#1145,#1623,#1625,.T.);
#1623 = VERTEX_POINT('',#1624);
#1624 = CARTESIAN_POINT('',(1.17E+03,-620.9267638593,335.));
#1625 = SURFACE_CURVE('',#1626,(#1630,#1636),.PCURVE_S1.);
#1626 = LINE('',#1627,#1628);
#1627 = CARTESIAN_POINT('',(-1.35E+03,-620.9267638593,335.));
#1628 = VECTOR('',#1629,1.);
#1629 = DIRECTION('',(1.,0.,0.));
#1630 = PCURVE('',#634,#1631);
#1631 = DEFINITIONAL_REPRESENTATION('',(#1632),#1635);
#1632 = B_SPLINE_CURVE_WITH_KNOTS('',1,(#1633,#1634),.UNSPECIFIED.,.F.,
  .F.,(2,2),(169.9999994,2.5300000006E+03),.PIECEWISE_BEZIER_KNOTS.);
#1633 = CARTESIAN_POINT('',(-1.327662283053,169.9999994));
#1634 = CARTESIAN_POINT('',(-1.327662283053,2.5300000006E+03));
#1635 = ( GEOMETRIC_REPRESENTATION_CONTEXT(2) 
PARAMETRIC_REPRESENTATION_CONTEXT() REPRESENTATION_CONTEXT('2D SPACE',''
  ) );
#1636 = PCURVE('',#1160,#1637);
#1637 = DEFINITIONAL_REPRESENTATION('',(#1638),#1641);
#1638 = B_SPLINE_CURVE_WITH_KNOTS('',1,(#1639,#1640),.UNSPECIFIED.,.F.,
  .F.,(2,2),(169.9999994,2.5300000006E+03),.PIECEWISE_BEZIER_KNOTS.);
#1639 = CARTESIAN_POINT('',(19.9999994,69.073236140638));
#1640 = CARTESIAN_POINT('',(2.3800000006E+03,69.073236140638));
#1641 = ( GEOMETRIC_REPRESENTATION_CONTEXT(2) 
PARAMETRIC_REPRESENTATION_CONTEXT() REPRESENTATION_CONTEXT('2D SPACE',''
  ) );
#1642 = ORIENTED_EDGE('',*,*,#1643,.F.);
#1643 = EDGE_CURVE('',#1644,#1623,#1646,.T.);
#1644 = VERTEX_POINT('',#1645);
#1645 = CARTESIAN_POINT('',(1.18E+03,-613.2545603866,336.71572875253));
#1646 = SURFACE_CURVE('',#1647,(#1668,#1692),.PCURVE_S1.);
#1647 = B_SPLINE_CURVE_WITH_KNOTS('',7,(#1648,#1649,#1650,#1651,#1652,
    #1653,#1654,#1655,#1656,#1657,#1658,#1659,#1660,#1661,#1662,#1663,
    #1664,#1665,#1666,#1667),.UNSPECIFIED.,.F.,.F.,(8,6,6,8),(0.,
    0.590693953777,0.751636834909,1.),.UNSPECIFIED.);
#1648 = CARTESIAN_POINT('',(1.1800000006E+03,-613.2545593231,
    336.71572896467));
#1649 = CARTESIAN_POINT('',(1.179453449666E+03,-614.2233078508,
    336.52249401567));
#1650 = CARTESIAN_POINT('',(1.178864250667E+03,-615.1639230657,
    336.32804251935));
#1651 = CARTESIAN_POINT('',(1.178225497552E+03,-616.0745210226,
    336.13342787108));
#1652 = CARTESIAN_POINT('',(1.177530064001E+03,-616.9474658975,
    335.94092002373));
#1653 = CARTESIAN_POINT('',(1.176770890992E+03,-617.7690981676,
    335.75440278869));
#1654 = CARTESIAN_POINT('',(1.175941593316E+03,-618.5191225449,
    335.57996237213));
#1655 = CARTESIAN_POINT('',(1.174791136282E+03,-619.3467370162,
    335.38399998403));
#1656 = CARTESIAN_POINT('',(1.174539187944E+03,-619.5165920527,
    335.34354786904));
#1657 = CARTESIAN_POINT('',(1.17428171198E+03,-619.6783878217,
    335.30480478212));
#1658 = CARTESIAN_POINT('',(1.174018801619E+03,-619.831426176,
    335.26797430678));
#1659 = CARTESIAN_POINT('',(1.173750562153E+03,-619.9750135088,
    335.23326112814));
#1660 = CARTESIAN_POINT('',(1.173477110937E+03,-620.108460593,
    335.20086960128));
#1661 = CARTESIAN_POINT('',(1.172768751176E+03,-620.4203094619,
    335.12491185222));
#1662 = CARTESIAN_POINT('',(1.172325932087E+03,-620.5841492277,
    335.08473716519));
#1663 = CARTESIAN_POINT('',(1.171872443371E+03,-620.7190364644,
    335.05147537272));
#1664 = CARTESIAN_POINT('',(1.171410665398E+03,-620.8222354104,
    335.02592746988));
#1665 = CARTESIAN_POINT('',(1.170943024208E+03,-620.891837916,
    335.00866301065));
#1666 = CARTESIAN_POINT('',(1.170471977776E+03,-620.9267638593,335.));
#1667 = CARTESIAN_POINT('',(1.17E+03,-620.9267638593,335.));
#1668 = PCURVE('',#634,#1669);
#1669 = DEFINITIONAL_REPRESENTATION('',(#1670),#1691);
#1670 = B_SPLINE_CURVE_WITH_KNOTS('',7,(#1671,#1672,#1673,#1674,#1675,
    #1676,#1677,#1678,#1679,#1680,#1681,#1682,#1683,#1684,#1685,#1686,
    #1687,#1688,#1689,#1690),.UNSPECIFIED.,.F.,.F.,(8,6,6,8),(0.,
    0.590693953777,0.751636834909,1.),.UNSPECIFIED.);
#1671 = CARTESIAN_POINT('',(-1.373911744499,2.5300000006E+03));
#1672 = CARTESIAN_POINT('',(-1.368100963874,2.529453449666E+03));
#1673 = CARTESIAN_POINT('',(-1.362451076563,2.528864250667E+03));
#1674 = CARTESIAN_POINT('',(-1.356973840475,2.528225497552E+03));
#1675 = CARTESIAN_POINT('',(-1.351715681718,2.527530064001E+03));
#1676 = CARTESIAN_POINT('',(-1.346759697509,2.526770890992E+03));
#1677 = CARTESIAN_POINT('',(-1.342230069296,2.525941593316E+03));
#1678 = CARTESIAN_POINT('',(-1.33722713946,2.524791136282E+03));
#1679 = CARTESIAN_POINT('',(-1.336200048721,2.524539187944E+03));
#1680 = CARTESIAN_POINT('',(-1.335221404177,2.52428171198E+03));
#1681 = CARTESIAN_POINT('',(-1.334295476791,2.524018801619E+03));
#1682 = CARTESIAN_POINT('',(-1.333426513771,2.523750562153E+03));
#1683 = CARTESIAN_POINT('',(-1.332618737469,2.523477110937E+03));
#1684 = CARTESIAN_POINT('',(-1.330730701043,2.522768751176E+03));
#1685 = CARTESIAN_POINT('',(-1.329738387942,2.522325932087E+03));
#1686 = CARTESIAN_POINT('',(-1.328921166764,2.521872443371E+03));
#1687 = CARTESIAN_POINT('',(-1.328295789048,2.521410665398E+03));
#1688 = CARTESIAN_POINT('',(-1.327873955334,2.520943024208E+03));
#1689 = CARTESIAN_POINT('',(-1.327662283053,2.520471977776E+03));
#1690 = CARTESIAN_POINT('',(-1.327662283053,2.52E+03));
#1691 = ( GEOMETRIC_REPRESENTATION_CONTEXT(2) 
PARAMETRIC_REPRESENTATION_CONTEXT() REPRESENTATION_CONTEXT('2D SPACE',''
  ) );
#1692 = PCURVE('',#1693,#1698);
#1693 = CYLINDRICAL_SURFACE('',#1694,30.);
#1694 = AXIS2_PLACEMENT_3D('',#1695,#1696,#1697);
#1695 = CARTESIAN_POINT('',(1.17E+03,-690.,365.));
#1696 = DIRECTION('',(0.,1.,0.));
#1697 = DIRECTION('',(1.,0.,-0.));
#1698 = DEFINITIONAL_REPRESENTATION('',(#1699),#1720);
#1699 = B_SPLINE_CURVE_WITH_KNOTS('',7,(#1700,#1701,#1702,#1703,#1704,
    #1705,#1706,#1707,#1708,#1709,#1710,#1711,#1712,#1713,#1714,#1715,
    #1716,#1717,#1718,#1719),.UNSPECIFIED.,.F.,.F.,(8,6,6,8),(0.,
    0.590693953777,0.751636834909,1.),.UNSPECIFIED.);
#1700 = CARTESIAN_POINT('',(1.230959396128,76.745440676824));
#1701 = CARTESIAN_POINT('',(1.250282889868,75.776692149136));
#1702 = CARTESIAN_POINT('',(1.270960204922,74.836076934297));
#1703 = CARTESIAN_POINT('',(1.293208424142,73.925478977364));
#1704 = CARTESIAN_POINT('',(1.317245618098,73.052534102468));
#1705 = CARTESIAN_POINT('',(1.343282744753,72.230901832335));
#1706 = CARTESIAN_POINT('',(1.371509875655,71.48087745507));
#1707 = CARTESIAN_POINT('',(1.410410784594,70.653262983713));
#1708 = CARTESIAN_POINT('',(1.418916236917,70.483407947244));
#1709 = CARTESIAN_POINT('',(1.427594704431,70.321612178238));
#1710 = CARTESIAN_POINT('',(1.436443109052,70.168573823952));
#1711 = CARTESIAN_POINT('',(1.445458158681,70.024986491169));
#1712 = CARTESIAN_POINT('',(1.45463636109,69.891539406942));
#1713 = CARTESIAN_POINT('',(1.478383714858,69.579690538044));
#1714 = CARTESIAN_POINT('',(1.493202995737,69.415850772225));
#1715 = CARTESIAN_POINT('',(1.508356215504,69.280963535595));
#1716 = CARTESIAN_POINT('',(1.52376779056,69.177764589562));
#1717 = CARTESIAN_POINT('',(1.539362184966,69.108162083924));
#1718 = CARTESIAN_POINT('',(1.555063734264,69.073236140638));
#1719 = CARTESIAN_POINT('',(1.570796326795,69.073236140638));
#1720 = ( GEOMETRIC_REPRESENTATION_CONTEXT(2) 
PARAMETRIC_REPRESENTATION_CONTEXT() REPRESENTATION_CONTEXT('2D SPACE',''
  ) );
#1721 = ORIENTED_EDGE('',*,*,#1722,.T.);
#1722 = EDGE_CURVE('',#1644,#651,#1723,.T.);
#1723 = SURFACE_CURVE('',#1724,(#1729,#1735),.PCURVE_S1.);
#1724 = CIRCLE('',#1725,170.);
#1725 = AXIS2_PLACEMENT_3D('',#1726,#1727,#1728);
#1726 = CARTESIAN_POINT('',(1.18E+03,-580.,170.));
#1727 = DIRECTION('',(1.,6.123233995737E-17,0.));
#1728 = DIRECTION('',(6.123233995737E-17,-1.,0.));
#1729 = PCURVE('',#634,#1730);
#1730 = DEFINITIONAL_REPRESENTATION('',(#1731),#1734);
#1731 = B_SPLINE_CURVE_WITH_KNOTS('',1,(#1732,#1733),.UNSPECIFIED.,.F.,
  .F.,(2,2),(4.712388980385,6.28318530718),.PIECEWISE_BEZIER_KNOTS.);
#1732 = CARTESIAN_POINT('',(-1.570796326795,2.53E+03));
#1733 = CARTESIAN_POINT('',(0.,2.53E+03));
#1734 = ( GEOMETRIC_REPRESENTATION_CONTEXT(2) 
PARAMETRIC_REPRESENTATION_CONTEXT() REPRESENTATION_CONTEXT('2D SPACE',''
  ) );
#1735 = PCURVE('',#1736,#1741);
#1736 = SPHERICAL_SURFACE('',#1737,170.);
#1737 = AXIS2_PLACEMENT_3D('',#1738,#1739,#1740);
#1738 = CARTESIAN_POINT('',(1.18E+03,-580.,170.));
#1739 = DIRECTION('',(-0.,-0.,-1.));
#1740 = DIRECTION('',(1.,0.,0.));
#1741 = DEFINITIONAL_REPRESENTATION('',(#1742),#1745);
#1742 = B_SPLINE_CURVE_WITH_KNOTS('',1,(#1743,#1744),.UNSPECIFIED.,.F.,
  .F.,(2,2),(4.712388980385,6.28318530718),.PIECEWISE_BEZIER_KNOTS.);
#1743 = CARTESIAN_POINT('',(1.570796326795,-1.570796326795));
#1744 = CARTESIAN_POINT('',(1.570796326795,0.));
#1745 = ( GEOMETRIC_REPRESENTATION_CONTEXT(2) 
PARAMETRIC_REPRESENTATION_CONTEXT() REPRESENTATION_CONTEXT('2D SPACE',''
  ) );
#1746 = ORIENTED_EDGE('',*,*,#650,.F.);
#1747 = ADVANCED_FACE('',(#1748),#689,.T.);
#1748 = FACE_BOUND('',#1749,.F.);
#1749 = EDGE_LOOP('',(#1750,#1780,#1802,#1803));
#1750 = ORIENTED_EDGE('',*,*,#1751,.F.);
#1751 = EDGE_CURVE('',#1752,#1754,#1756,.T.);
#1752 = VERTEX_POINT('',#1753);
#1753 = CARTESIAN_POINT('',(1.35E+03,-580.,-170.));
#1754 = VERTEX_POINT('',#1755);
#1755 = CARTESIAN_POINT('',(1.35E+03,-580.,170.));
#1756 = SURFACE_CURVE('',#1757,(#1761,#1768),.PCURVE_S1.);
#1757 = LINE('',#1758,#1759);
#1758 = CARTESIAN_POINT('',(1.35E+03,-580.,-340.));
#1759 = VECTOR('',#1760,1.);
#1760 = DIRECTION('',(0.,0.,1.));
#1761 = PCURVE('',#689,#1762);
#1762 = DEFINITIONAL_REPRESENTATION('',(#1763),#1767);
#1763 = LINE('',#1764,#1765);
#1764 = CARTESIAN_POINT('',(-0.,0.));
#1765 = VECTOR('',#1766,1.);
#1766 = DIRECTION('',(-0.,1.));
#1767 = ( GEOMETRIC_REPRESENTATION_CONTEXT(2) 
PARAMETRIC_REPRESENTATION_CONTEXT() REPRESENTATION_CONTEXT('2D SPACE',''
  ) );
#1768 = PCURVE('',#1769,#1774);
#1769 = PLANE('',#1770);
#1770 = AXIS2_PLACEMENT_3D('',#1771,#1772,#1773);
#1771 = CARTESIAN_POINT('',(1.35E+03,-750.,-340.));
#1772 = DIRECTION('',(1.,0.,0.));
#1773 = DIRECTION('',(0.,0.,1.));
#1774 = DEFINITIONAL_REPRESENTATION('',(#1775),#1779);
#1775 = LINE('',#1776,#1777);
#1776 = CARTESIAN_POINT('',(0.,-170.));
#1777 = VECTOR('',#1778,1.);
#1778 = DIRECTION('',(1.,0.));
#1779 = ( GEOMETRIC_REPRESENTATION_CONTEXT(2) 
PARAMETRIC_REPRESENTATION_CONTEXT() REPRESENTATION_CONTEXT('2D SPACE',''
  ) );
#1780 = ORIENTED_EDGE('',*,*,#1781,.T.);
#1781 = EDGE_CURVE('',#1752,#674,#1782,.T.);
#1782 = SURFACE_CURVE('',#1783,(#1788,#1795),.PCURVE_S1.);
#1783 = CIRCLE('',#1784,170.);
#1784 = AXIS2_PLACEMENT_3D('',#1785,#1786,#1787);
#1785 = CARTESIAN_POINT('',(1.18E+03,-580.,-170.));
#1786 = DIRECTION('',(0.,-0.,-1.));
#1787 = DIRECTION('',(1.,0.,-0.));
#1788 = PCURVE('',#689,#1789);
#1789 = DEFINITIONAL_REPRESENTATION('',(#1790),#1794);
#1790 = LINE('',#1791,#1792);
#1791 = CARTESIAN_POINT('',(-0.,170.));
#1792 = VECTOR('',#1793,1.);
#1793 = DIRECTION('',(-1.,0.));
#1794 = ( GEOMETRIC_REPRESENTATION_CONTEXT(2) 
PARAMETRIC_REPRESENTATION_CONTEXT() REPRESENTATION_CONTEXT('2D SPACE',''
  ) );
#1795 = PCURVE('',#1605,#1796);
#1796 = DEFINITIONAL_REPRESENTATION('',(#1797),#1801);
#1797 = LINE('',#1798,#1799);
#1798 = CARTESIAN_POINT('',(-0.,0.));
#1799 = VECTOR('',#1800,1.);
#1800 = DIRECTION('',(-1.,0.));
#1801 = ( GEOMETRIC_REPRESENTATION_CONTEXT(2) 
PARAMETRIC_REPRESENTATION_CONTEXT() REPRESENTATION_CONTEXT('2D SPACE',''
  ) );
#1802 = ORIENTED_EDGE('',*,*,#673,.T.);
#1803 = ORIENTED_EDGE('',*,*,#1804,.F.);
#1804 = EDGE_CURVE('',#1754,#651,#1805,.T.);
#1805 = SURFACE_CURVE('',#1806,(#1811,#1818),.PCURVE_S1.);
#1806 = CIRCLE('',#1807,170.);
#1807 = AXIS2_PLACEMENT_3D('',#1808,#1809,#1810);
#1808 = CARTESIAN_POINT('',(1.18E+03,-580.,170.));
#1809 = DIRECTION('',(0.,0.,-1.));
#1810 = DIRECTION('',(1.,0.,0.));
#1811 = PCURVE('',#689,#1812);
#1812 = DEFINITIONAL_REPRESENTATION('',(#1813),#1817);
#1813 = LINE('',#1814,#1815);
#1814 = CARTESIAN_POINT('',(-0.,510.));
#1815 = VECTOR('',#1816,1.);
#1816 = DIRECTION('',(-1.,0.));
#1817 = ( GEOMETRIC_REPRESENTATION_CONTEXT(2) 
PARAMETRIC_REPRESENTATION_CONTEXT() REPRESENTATION_CONTEXT('2D SPACE',''
  ) );
#1818 = PCURVE('',#1736,#1819);
#1819 = DEFINITIONAL_REPRESENTATION('',(#1820),#1824);
#1820 = LINE('',#1821,#1822);
#1821 = CARTESIAN_POINT('',(0.,0.));
#1822 = VECTOR('',#1823,1.);
#1823 = DIRECTION('',(1.,0.));
#1824 = ( GEOMETRIC_REPRESENTATION_CONTEXT(2) 
PARAMETRIC_REPRESENTATION_CONTEXT() REPRESENTATION_CONTEXT('2D SPACE',''
  ) );
#1825 = ADVANCED_FACE('',(#1826),#741,.F.);
#1826 = FACE_BOUND('',#1827,.T.);
#1827 = EDGE_LOOP('',(#1828,#1851,#1879,#1900));
#1828 = ORIENTED_EDGE('',*,*,#1829,.F.);
#1829 = EDGE_CURVE('',#1830,#725,#1832,.T.);
#1830 = VERTEX_POINT('',#1831);
#1831 = CARTESIAN_POINT('',(290.,-870.,-27.5));
#1832 = SURFACE_CURVE('',#1833,(#1837,#1844),.PCURVE_S1.);
#1833 = LINE('',#1834,#1835);
#1834 = CARTESIAN_POINT('',(290.,-870.,-27.5));
#1835 = VECTOR('',#1836,1.);
#1836 = DIRECTION('',(0.,1.,-0.));
#1837 = PCURVE('',#741,#1838);
#1838 = DEFINITIONAL_REPRESENTATION('',(#1839),#1843);
#1839 = LINE('',#1840,#1841);
#1840 = CARTESIAN_POINT('',(-0.,-0.));
#1841 = VECTOR('',#1842,1.);
#1842 = DIRECTION('',(-1.,0.));
#1843 = ( GEOMETRIC_REPRESENTATION_CONTEXT(2) 
PARAMETRIC_REPRESENTATION_CONTEXT() REPRESENTATION_CONTEXT('2D SPACE',''
  ) );
#1844 = PCURVE('',#767,#1845);
#1845 = DEFINITIONAL_REPRESENTATION('',(#1846),#1850);
#1846 = LINE('',#1847,#1848);
#1847 = CARTESIAN_POINT('',(0.,-0.));
#1848 = VECTOR('',#1849,1.);
#1849 = DIRECTION('',(-1.,0.));
#1850 = ( GEOMETRIC_REPRESENTATION_CONTEXT(2) 
PARAMETRIC_REPRESENTATION_CONTEXT() REPRESENTATION_CONTEXT('2D SPACE',''
  ) );
#1851 = ORIENTED_EDGE('',*,*,#1852,.T.);
#1852 = EDGE_CURVE('',#1830,#1853,#1855,.T.);
#1853 = VERTEX_POINT('',#1854);
#1854 = CARTESIAN_POINT('',(290.,-870.,27.5));
#1855 = SURFACE_CURVE('',#1856,(#1860,#1867),.PCURVE_S1.);
#1856 = LINE('',#1857,#1858);
#1857 = CARTESIAN_POINT('',(290.,-870.,-27.5));
#1858 = VECTOR('',#1859,1.);
#1859 = DIRECTION('',(-0.,0.,1.));
#1860 = PCURVE('',#741,#1861);
#1861 = DEFINITIONAL_REPRESENTATION('',(#1862),#1866);
#1862 = LINE('',#1863,#1864);
#1863 = CARTESIAN_POINT('',(-0.,-0.));
#1864 = VECTOR('',#1865,1.);
#1865 = DIRECTION('',(-0.,-1.));
#1866 = ( GEOMETRIC_REPRESENTATION_CONTEXT(2) 
PARAMETRIC_REPRESENTATION_CONTEXT() REPRESENTATION_CONTEXT('2D SPACE',''
  ) );
#1867 = PCURVE('',#1868,#1873);
#1868 = PLANE('',#1869);
#1869 = AXIS2_PLACEMENT_3D('',#1870,#1871,#1872);
#1870 = CARTESIAN_POINT('',(290.,-870.,-27.5));
#1871 = DIRECTION('',(0.,1.,-0.));
#1872 = DIRECTION('',(-1.,0.,0.));
#1873 = DEFINITIONAL_REPRESENTATION('',(#1874),#1878);
#1874 = LINE('',#1875,#1876);
#1875 = CARTESIAN_POINT('',(-0.,0.));
#1876 = VECTOR('',#1877,1.);
#1877 = DIRECTION('',(-0.,1.));
#1878 = ( GEOMETRIC_REPRESENTATION_CONTEXT(2) 
PARAMETRIC_REPRESENTATION_CONTEXT() REPRESENTATION_CONTEXT('2D SPACE',''
  ) );
#1879 = ORIENTED_EDGE('',*,*,#1880,.T.);
#1880 = EDGE_CURVE('',#1853,#727,#1881,.T.);
#1881 = SURFACE_CURVE('',#1882,(#1886,#1893),.PCURVE_S1.);
#1882 = LINE('',#1883,#1884);
#1883 = CARTESIAN_POINT('',(290.,-870.,27.5));
#1884 = VECTOR('',#1885,1.);
#1885 = DIRECTION('',(0.,1.,-0.));
#1886 = PCURVE('',#741,#1887);
#1887 = DEFINITIONAL_REPRESENTATION('',(#1888),#1892);
#1888 = LINE('',#1889,#1890);
#1889 = CARTESIAN_POINT('',(-0.,-55.));
#1890 = VECTOR('',#1891,1.);
#1891 = DIRECTION('',(-1.,0.));
#1892 = ( GEOMETRIC_REPRESENTATION_CONTEXT(2) 
PARAMETRIC_REPRESENTATION_CONTEXT() REPRESENTATION_CONTEXT('2D SPACE',''
  ) );
#1893 = PCURVE('',#817,#1894);
#1894 = DEFINITIONAL_REPRESENTATION('',(#1895),#1899);
#1895 = LINE('',#1896,#1897);
#1896 = CARTESIAN_POINT('',(0.,-0.));
#1897 = VECTOR('',#1898,1.);
#1898 = DIRECTION('',(-1.,0.));
#1899 = ( GEOMETRIC_REPRESENTATION_CONTEXT(2) 
PARAMETRIC_REPRESENTATION_CONTEXT() REPRESENTATION_CONTEXT('2D SPACE',''
  ) );
#1900 = ORIENTED_EDGE('',*,*,#724,.F.);
#1901 = ADVANCED_FACE('',(#1902),#817,.T.);
#1902 = FACE_BOUND('',#1903,.F.);
#1903 = EDGE_LOOP('',(#1904,#1927,#1948,#1949));
#1904 = ORIENTED_EDGE('',*,*,#1905,.F.);
#1905 = EDGE_CURVE('',#1906,#779,#1908,.T.);
#1906 = VERTEX_POINT('',#1907);
#1907 = CARTESIAN_POINT('',(810.,-870.,27.5));
#1908 = SURFACE_CURVE('',#1909,(#1913,#1920),.PCURVE_S1.);
#1909 = LINE('',#1910,#1911);
#1910 = CARTESIAN_POINT('',(810.,-870.,27.5));
#1911 = VECTOR('',#1912,1.);
#1912 = DIRECTION('',(0.,1.,-0.));
#1913 = PCURVE('',#817,#1914);
#1914 = DEFINITIONAL_REPRESENTATION('',(#1915),#1919);
#1915 = LINE('',#1916,#1917);
#1916 = CARTESIAN_POINT('',(0.,520.));
#1917 = VECTOR('',#1918,1.);
#1918 = DIRECTION('',(-1.,0.));
#1919 = ( GEOMETRIC_REPRESENTATION_CONTEXT(2) 
PARAMETRIC_REPRESENTATION_CONTEXT() REPRESENTATION_CONTEXT('2D SPACE',''
  ) );
#1920 = PCURVE('',#793,#1921);
#1921 = DEFINITIONAL_REPRESENTATION('',(#1922),#1926);
#1922 = LINE('',#1923,#1924);
#1923 = CARTESIAN_POINT('',(-0.,-55.));
#1924 = VECTOR('',#1925,1.);
#1925 = DIRECTION('',(-1.,0.));
#1926 = ( GEOMETRIC_REPRESENTATION_CONTEXT(2) 
PARAMETRIC_REPRESENTATION_CONTEXT() REPRESENTATION_CONTEXT('2D SPACE',''
  ) );
#1927 = ORIENTED_EDGE('',*,*,#1928,.F.);
#1928 = EDGE_CURVE('',#1853,#1906,#1929,.T.);
#1929 = SURFACE_CURVE('',#1930,(#1934,#1941),.PCURVE_S1.);
#1930 = LINE('',#1931,#1932);
#1931 = CARTESIAN_POINT('',(290.,-870.,27.5));
#1932 = VECTOR('',#1933,1.);
#1933 = DIRECTION('',(1.,0.,0.));
#1934 = PCURVE('',#817,#1935);
#1935 = DEFINITIONAL_REPRESENTATION('',(#1936),#1940);
#1936 = LINE('',#1937,#1938);
#1937 = CARTESIAN_POINT('',(0.,-0.));
#1938 = VECTOR('',#1939,1.);
#1939 = DIRECTION('',(-0.,1.));
#1940 = ( GEOMETRIC_REPRESENTATION_CONTEXT(2) 
PARAMETRIC_REPRESENTATION_CONTEXT() REPRESENTATION_CONTEXT('2D SPACE',''
  ) );
#1941 = PCURVE('',#1868,#1942);
#1942 = DEFINITIONAL_REPRESENTATION('',(#1943),#1947);
#1943 = LINE('',#1944,#1945);
#1944 = CARTESIAN_POINT('',(-0.,55.));
#1945 = VECTOR('',#1946,1.);
#1946 = DIRECTION('',(-1.,0.));
#1947 = ( GEOMETRIC_REPRESENTATION_CONTEXT(2) 
PARAMETRIC_REPRESENTATION_CONTEXT() REPRESENTATION_CONTEXT('2D SPACE',''
  ) );
#1948 = ORIENTED_EDGE('',*,*,#1880,.T.);
#1949 = ORIENTED_EDGE('',*,*,#804,.F.);
#1950 = ADVANCED_FACE('',(#1951),#793,.T.);
#1951 = FACE_BOUND('',#1952,.F.);
#1952 = EDGE_LOOP('',(#1953,#1976,#1997,#1998));
#1953 = ORIENTED_EDGE('',*,*,#1954,.F.);
#1954 = EDGE_CURVE('',#1955,#753,#1957,.T.);
#1955 = VERTEX_POINT('',#1956);
#1956 = CARTESIAN_POINT('',(810.,-870.,-27.5));
#1957 = SURFACE_CURVE('',#1958,(#1962,#1969),.PCURVE_S1.);
#1958 = LINE('',#1959,#1960);
#1959 = CARTESIAN_POINT('',(810.,-870.,-27.5));
#1960 = VECTOR('',#1961,1.);
#1961 = DIRECTION('',(0.,1.,-0.));
#1962 = PCURVE('',#793,#1963);
#1963 = DEFINITIONAL_REPRESENTATION('',(#1964),#1968);
#1964 = LINE('',#1965,#1966);
#1965 = CARTESIAN_POINT('',(-0.,-0.));
#1966 = VECTOR('',#1967,1.);
#1967 = DIRECTION('',(-1.,0.));
#1968 = ( GEOMETRIC_REPRESENTATION_CONTEXT(2) 
PARAMETRIC_REPRESENTATION_CONTEXT() REPRESENTATION_CONTEXT('2D SPACE',''
  ) );
#1969 = PCURVE('',#767,#1970);
#1970 = DEFINITIONAL_REPRESENTATION('',(#1971),#1975);
#1971 = LINE('',#1972,#1973);
#1972 = CARTESIAN_POINT('',(0.,520.));
#1973 = VECTOR('',#1974,1.);
#1974 = DIRECTION('',(-1.,0.));
#1975 = ( GEOMETRIC_REPRESENTATION_CONTEXT(2) 
PARAMETRIC_REPRESENTATION_CONTEXT() REPRESENTATION_CONTEXT('2D SPACE',''
  ) );
#1976 = ORIENTED_EDGE('',*,*,#1977,.T.);
#1977 = EDGE_CURVE('',#1955,#1906,#1978,.T.);
#1978 = SURFACE_CURVE('',#1979,(#1983,#1990),.PCURVE_S1.);
#1979 = LINE('',#1980,#1981);
#1980 = CARTESIAN_POINT('',(810.,-870.,-27.5));
#1981 = VECTOR('',#1982,1.);
#1982 = DIRECTION('',(-0.,0.,1.));
#1983 = PCURVE('',#793,#1984);
#1984 = DEFINITIONAL_REPRESENTATION('',(#1985),#1989);
#1985 = LINE('',#1986,#1987);
#1986 = CARTESIAN_POINT('',(-0.,-0.));
#1987 = VECTOR('',#1988,1.);
#1988 = DIRECTION('',(-0.,-1.));
#1989 = ( GEOMETRIC_REPRESENTATION_CONTEXT(2) 
PARAMETRIC_REPRESENTATION_CONTEXT() REPRESENTATION_CONTEXT('2D SPACE',''
  ) );
#1990 = PCURVE('',#1868,#1991);
#1991 = DEFINITIONAL_REPRESENTATION('',(#1992),#1996);
#1992 = LINE('',#1993,#1994);
#1993 = CARTESIAN_POINT('',(-520.,0.));
#1994 = VECTOR('',#1995,1.);
#1995 = DIRECTION('',(-0.,1.));
#1996 = ( GEOMETRIC_REPRESENTATION_CONTEXT(2) 
PARAMETRIC_REPRESENTATION_CONTEXT() REPRESENTATION_CONTEXT('2D SPACE',''
  ) );
#1997 = ORIENTED_EDGE('',*,*,#1905,.T.);
#1998 = ORIENTED_EDGE('',*,*,#778,.F.);
#1999 = ADVANCED_FACE('',(#2000),#767,.F.);
#2000 = FACE_BOUND('',#2001,.T.);
#2001 = EDGE_LOOP('',(#2002,#2003,#2024,#2025));
#2002 = ORIENTED_EDGE('',*,*,#1954,.F.);
#2003 = ORIENTED_EDGE('',*,*,#2004,.F.);
#2004 = EDGE_CURVE('',#1830,#1955,#2005,.T.);
#2005 = SURFACE_CURVE('',#2006,(#2010,#2017),.PCURVE_S1.);
#2006 = LINE('',#2007,#2008);
#2007 = CARTESIAN_POINT('',(290.,-870.,-27.5));
#2008 = VECTOR('',#2009,1.);
#2009 = DIRECTION('',(1.,0.,0.));
#2010 = PCURVE('',#767,#2011);
#2011 = DEFINITIONAL_REPRESENTATION('',(#2012),#2016);
#2012 = LINE('',#2013,#2014);
#2013 = CARTESIAN_POINT('',(0.,-0.));
#2014 = VECTOR('',#2015,1.);
#2015 = DIRECTION('',(-0.,1.));
#2016 = ( GEOMETRIC_REPRESENTATION_CONTEXT(2) 
PARAMETRIC_REPRESENTATION_CONTEXT() REPRESENTATION_CONTEXT('2D SPACE',''
  ) );
#2017 = PCURVE('',#1868,#2018);
#2018 = DEFINITIONAL_REPRESENTATION('',(#2019),#2023);
#2019 = LINE('',#2020,#2021);
#2020 = CARTESIAN_POINT('',(-0.,0.));
#2021 = VECTOR('',#2022,1.);
#2022 = DIRECTION('',(-1.,0.));
#2023 = ( GEOMETRIC_REPRESENTATION_CONTEXT(2) 
PARAMETRIC_REPRESENTATION_CONTEXT() REPRESENTATION_CONTEXT('2D SPACE',''
  ) );
#2024 = ORIENTED_EDGE('',*,*,#1829,.T.);
#2025 = ORIENTED_EDGE('',*,*,#752,.F.);
#2026 = ADVANCED_FACE('',(#2027),#897,.T.);
#2027 = FACE_BOUND('',#2028,.F.);
#2028 = EDGE_LOOP('',(#2029,#2030,#2031,#2056));
#2029 = ORIENTED_EDGE('',*,*,#913,.F.);
#2030 = ORIENTED_EDGE('',*,*,#883,.T.);
#2031 = ORIENTED_EDGE('',*,*,#2032,.T.);
#2032 = EDGE_CURVE('',#856,#1432,#2033,.T.);
#2033 = SURFACE_CURVE('',#2034,(#2039,#2045),.PCURVE_S1.);
#2034 = CIRCLE('',#2035,170.);
#2035 = AXIS2_PLACEMENT_3D('',#2036,#2037,#2038);
#2036 = CARTESIAN_POINT('',(1.18E+03,580.,-170.));
#2037 = DIRECTION('',(1.,-6.123233995737E-17,0.));
#2038 = DIRECTION('',(6.123233995737E-17,1.,0.));
#2039 = PCURVE('',#897,#2040);
#2040 = DEFINITIONAL_REPRESENTATION('',(#2041),#2044);
#2041 = B_SPLINE_CURVE_WITH_KNOTS('',1,(#2042,#2043),.UNSPECIFIED.,.F.,
  .F.,(2,2),(4.712388980385,6.28318530718),.PIECEWISE_BEZIER_KNOTS.);
#2042 = CARTESIAN_POINT('',(-1.570796326795,2.53E+03));
#2043 = CARTESIAN_POINT('',(0.,2.53E+03));
#2044 = ( GEOMETRIC_REPRESENTATION_CONTEXT(2) 
PARAMETRIC_REPRESENTATION_CONTEXT() REPRESENTATION_CONTEXT('2D SPACE',''
  ) );
#2045 = PCURVE('',#2046,#2051);
#2046 = SPHERICAL_SURFACE('',#2047,170.);
#2047 = AXIS2_PLACEMENT_3D('',#2048,#2049,#2050);
#2048 = CARTESIAN_POINT('',(1.18E+03,580.,-170.));
#2049 = DIRECTION('',(0.,0.,1.));
#2050 = DIRECTION('',(1.,0.,-0.));
#2051 = DEFINITIONAL_REPRESENTATION('',(#2052),#2055);
#2052 = B_SPLINE_CURVE_WITH_KNOTS('',1,(#2053,#2054),.UNSPECIFIED.,.F.,
  .F.,(2,2),(4.712388980385,6.28318530718),.PIECEWISE_BEZIER_KNOTS.);
#2053 = CARTESIAN_POINT('',(1.570796326795,-1.570796326795));
#2054 = CARTESIAN_POINT('',(1.570796326795,0.));
#2055 = ( GEOMETRIC_REPRESENTATION_CONTEXT(2) 
PARAMETRIC_REPRESENTATION_CONTEXT() REPRESENTATION_CONTEXT('2D SPACE',''
  ) );
#2056 = ORIENTED_EDGE('',*,*,#1459,.F.);
#2057 = ADVANCED_FACE('',(#2058),#871,.T.);
#2058 = FACE_BOUND('',#2059,.T.);
#2059 = EDGE_LOOP('',(#2060,#2080,#2081,#2103));
#2060 = ORIENTED_EDGE('',*,*,#2061,.F.);
#2061 = EDGE_CURVE('',#833,#1752,#2062,.T.);
#2062 = SURFACE_CURVE('',#2063,(#2068,#2074),.PCURVE_S1.);
#2063 = CIRCLE('',#2064,170.);
#2064 = AXIS2_PLACEMENT_3D('',#2065,#2066,#2067);
#2065 = CARTESIAN_POINT('',(1.18E+03,-580.,-170.));
#2066 = DIRECTION('',(0.,-1.,0.));
#2067 = DIRECTION('',(1.,0.,0.));
#2068 = PCURVE('',#871,#2069);
#2069 = DEFINITIONAL_REPRESENTATION('',(#2070),#2073);
#2070 = B_SPLINE_CURVE_WITH_KNOTS('',1,(#2071,#2072),.UNSPECIFIED.,.F.,
  .F.,(2,2),(4.712388980385,6.28318530718),.PIECEWISE_BEZIER_KNOTS.);
#2071 = CARTESIAN_POINT('',(1.570796326795,170.));
#2072 = CARTESIAN_POINT('',(0.,170.));
#2073 = ( GEOMETRIC_REPRESENTATION_CONTEXT(2) 
PARAMETRIC_REPRESENTATION_CONTEXT() REPRESENTATION_CONTEXT('2D SPACE',''
  ) );
#2074 = PCURVE('',#1605,#2075);
#2075 = DEFINITIONAL_REPRESENTATION('',(#2076),#2079);
#2076 = B_SPLINE_CURVE_WITH_KNOTS('',1,(#2077,#2078),.UNSPECIFIED.,.F.,
  .F.,(2,2),(4.712388980385,6.28318530718),.PIECEWISE_BEZIER_KNOTS.);
#2077 = CARTESIAN_POINT('',(0.,-1.570796326795));
#2078 = CARTESIAN_POINT('',(0.,0.));
#2079 = ( GEOMETRIC_REPRESENTATION_CONTEXT(2) 
PARAMETRIC_REPRESENTATION_CONTEXT() REPRESENTATION_CONTEXT('2D SPACE',''
  ) );
#2080 = ORIENTED_EDGE('',*,*,#855,.T.);
#2081 = ORIENTED_EDGE('',*,*,#2082,.T.);
#2082 = EDGE_CURVE('',#856,#2083,#2085,.T.);
#2083 = VERTEX_POINT('',#2084);
#2084 = CARTESIAN_POINT('',(1.35E+03,580.,-170.));
#2085 = SURFACE_CURVE('',#2086,(#2091,#2097),.PCURVE_S1.);
#2086 = CIRCLE('',#2087,170.);
#2087 = AXIS2_PLACEMENT_3D('',#2088,#2089,#2090);
#2088 = CARTESIAN_POINT('',(1.18E+03,580.,-170.));
#2089 = DIRECTION('',(0.,-1.,0.));
#2090 = DIRECTION('',(1.,0.,0.));
#2091 = PCURVE('',#871,#2092);
#2092 = DEFINITIONAL_REPRESENTATION('',(#2093),#2096);
#2093 = B_SPLINE_CURVE_WITH_KNOTS('',1,(#2094,#2095),.UNSPECIFIED.,.F.,
  .F.,(2,2),(4.712388980385,6.28318530718),.PIECEWISE_BEZIER_KNOTS.);
#2094 = CARTESIAN_POINT('',(1.570796326795,1.33E+03));
#2095 = CARTESIAN_POINT('',(0.,1.33E+03));
#2096 = ( GEOMETRIC_REPRESENTATION_CONTEXT(2) 
PARAMETRIC_REPRESENTATION_CONTEXT() REPRESENTATION_CONTEXT('2D SPACE',''
  ) );
#2097 = PCURVE('',#2046,#2098);
#2098 = DEFINITIONAL_REPRESENTATION('',(#2099),#2102);
#2099 = B_SPLINE_CURVE_WITH_KNOTS('',1,(#2100,#2101),.UNSPECIFIED.,.F.,
  .F.,(2,2),(4.712388980385,6.28318530718),.PIECEWISE_BEZIER_KNOTS.);
#2100 = CARTESIAN_POINT('',(0.,-1.570796326795));
#2101 = CARTESIAN_POINT('',(0.,0.));
#2102 = ( GEOMETRIC_REPRESENTATION_CONTEXT(2) 
PARAMETRIC_REPRESENTATION_CONTEXT() REPRESENTATION_CONTEXT('2D SPACE',''
  ) );
#2103 = ORIENTED_EDGE('',*,*,#2104,.F.);
#2104 = EDGE_CURVE('',#1752,#2083,#2105,.T.);
#2105 = SURFACE_CURVE('',#2106,(#2110,#2117),.PCURVE_S1.);
#2106 = LINE('',#2107,#2108);
#2107 = CARTESIAN_POINT('',(1.35E+03,-750.,-170.));
#2108 = VECTOR('',#2109,1.);
#2109 = DIRECTION('',(0.,1.,0.));
#2110 = PCURVE('',#871,#2111);
#2111 = DEFINITIONAL_REPRESENTATION('',(#2112),#2116);
#2112 = LINE('',#2113,#2114);
#2113 = CARTESIAN_POINT('',(0.,0.));
#2114 = VECTOR('',#2115,1.);
#2115 = DIRECTION('',(0.,1.));
#2116 = ( GEOMETRIC_REPRESENTATION_CONTEXT(2) 
PARAMETRIC_REPRESENTATION_CONTEXT() REPRESENTATION_CONTEXT('2D SPACE',''
  ) );
#2117 = PCURVE('',#1769,#2118);
#2118 = DEFINITIONAL_REPRESENTATION('',(#2119),#2123);
#2119 = LINE('',#2120,#2121);
#2120 = CARTESIAN_POINT('',(170.,0.));
#2121 = VECTOR('',#2122,1.);
#2122 = DIRECTION('',(0.,-1.));
#2123 = ( GEOMETRIC_REPRESENTATION_CONTEXT(2) 
PARAMETRIC_REPRESENTATION_CONTEXT() REPRESENTATION_CONTEXT('2D SPACE',''
  ) );
#2124 = ADVANCED_FACE('',(#2125),#954,.T.);
#2125 = FACE_BOUND('',#2126,.T.);
#2126 = EDGE_LOOP('',(#2127,#2128,#2129,#2130,#2151,#2225));
#2127 = ORIENTED_EDGE('',*,*,#1408,.F.);
#2128 = ORIENTED_EDGE('',*,*,#938,.T.);
#2129 = ORIENTED_EDGE('',*,*,#1247,.T.);
#2130 = ORIENTED_EDGE('',*,*,#2131,.T.);
#2131 = EDGE_CURVE('',#1248,#2132,#2134,.T.);
#2132 = VERTEX_POINT('',#2133);
#2133 = CARTESIAN_POINT('',(1.17E+03,620.92676385936,335.));
#2134 = SURFACE_CURVE('',#2135,(#2139,#2145),.PCURVE_S1.);
#2135 = LINE('',#2136,#2137);
#2136 = CARTESIAN_POINT('',(-1.35E+03,620.92676385936,335.));
#2137 = VECTOR('',#2138,1.);
#2138 = DIRECTION('',(1.,0.,0.));
#2139 = PCURVE('',#954,#2140);
#2140 = DEFINITIONAL_REPRESENTATION('',(#2141),#2144);
#2141 = B_SPLINE_CURVE_WITH_KNOTS('',1,(#2142,#2143),.UNSPECIFIED.,.F.,
  .F.,(2,2),(169.9999994,2.5300000006E+03),.PIECEWISE_BEZIER_KNOTS.);
#2142 = CARTESIAN_POINT('',(1.327662283053,169.9999994));
#2143 = CARTESIAN_POINT('',(1.327662283053,2.5300000006E+03));
#2144 = ( GEOMETRIC_REPRESENTATION_CONTEXT(2) 
PARAMETRIC_REPRESENTATION_CONTEXT() REPRESENTATION_CONTEXT('2D SPACE',''
  ) );
#2145 = PCURVE('',#1337,#2146);
#2146 = DEFINITIONAL_REPRESENTATION('',(#2147),#2150);
#2147 = B_SPLINE_CURVE_WITH_KNOTS('',1,(#2148,#2149),.UNSPECIFIED.,.F.,
  .F.,(2,2),(169.9999994,2.5300000006E+03),.PIECEWISE_BEZIER_KNOTS.);
#2148 = CARTESIAN_POINT('',(19.9999994,1.310926763859E+03));
#2149 = CARTESIAN_POINT('',(2.3800000006E+03,1.310926763859E+03));
#2150 = ( GEOMETRIC_REPRESENTATION_CONTEXT(2) 
PARAMETRIC_REPRESENTATION_CONTEXT() REPRESENTATION_CONTEXT('2D SPACE',''
  ) );
#2151 = ORIENTED_EDGE('',*,*,#2152,.F.);
#2152 = EDGE_CURVE('',#2153,#2132,#2155,.T.);
#2153 = VERTEX_POINT('',#2154);
#2154 = CARTESIAN_POINT('',(1.18E+03,613.25456038666,336.71572875253));
#2155 = SURFACE_CURVE('',#2156,(#2177,#2201),.PCURVE_S1.);
#2156 = B_SPLINE_CURVE_WITH_KNOTS('',7,(#2157,#2158,#2159,#2160,#2161,
    #2162,#2163,#2164,#2165,#2166,#2167,#2168,#2169,#2170,#2171,#2172,
    #2173,#2174,#2175,#2176),.UNSPECIFIED.,.F.,.F.,(8,6,6,8),(0.,
    0.59069395377,0.751636834903,1.),.UNSPECIFIED.);
#2157 = CARTESIAN_POINT('',(1.1800000006E+03,613.25455932317,
    336.71572896467));
#2158 = CARTESIAN_POINT('',(1.179453449666E+03,614.22330785086,
    336.52249401567));
#2159 = CARTESIAN_POINT('',(1.178864250667E+03,615.1639230657,
    336.32804251935));
#2160 = CARTESIAN_POINT('',(1.178225497552E+03,616.07452102264,
    336.13342787108));
#2161 = CARTESIAN_POINT('',(1.177530064001E+03,616.94746589752,
    335.94092002373));
#2162 = CARTESIAN_POINT('',(1.176770890992E+03,617.76909816766,
    335.75440278869));
#2163 = CARTESIAN_POINT('',(1.175941593316E+03,618.51912254493,
    335.57996237213));
#2164 = CARTESIAN_POINT('',(1.174791136282E+03,619.34673701629,
    335.38399998403));
#2165 = CARTESIAN_POINT('',(1.174539187944E+03,619.51659205275,
    335.34354786904));
#2166 = CARTESIAN_POINT('',(1.17428171198E+03,619.67838782175,
    335.30480478212));
#2167 = CARTESIAN_POINT('',(1.174018801619E+03,619.83142617604,
    335.26797430678));
#2168 = CARTESIAN_POINT('',(1.173750562153E+03,619.97501350883,
    335.23326112814));
#2169 = CARTESIAN_POINT('',(1.173477110937E+03,620.10846059306,
    335.20086960128));
#2170 = CARTESIAN_POINT('',(1.172768751176E+03,620.42030946195,
    335.12491185222));
#2171 = CARTESIAN_POINT('',(1.172325932087E+03,620.58414922777,
    335.08473716519));
#2172 = CARTESIAN_POINT('',(1.171872443371E+03,620.7190364644,
    335.05147537272));
#2173 = CARTESIAN_POINT('',(1.171410665398E+03,620.82223541043,
    335.02592746988));
#2174 = CARTESIAN_POINT('',(1.170943024208E+03,620.89183791607,
    335.00866301065));
#2175 = CARTESIAN_POINT('',(1.170471977776E+03,620.92676385936,335.));
#2176 = CARTESIAN_POINT('',(1.17E+03,620.92676385936,335.));
#2177 = PCURVE('',#954,#2178);
#2178 = DEFINITIONAL_REPRESENTATION('',(#2179),#2200);
#2179 = B_SPLINE_CURVE_WITH_KNOTS('',7,(#2180,#2181,#2182,#2183,#2184,
    #2185,#2186,#2187,#2188,#2189,#2190,#2191,#2192,#2193,#2194,#2195,
    #2196,#2197,#2198,#2199),.UNSPECIFIED.,.F.,.F.,(8,6,6,8),(0.,
    0.59069395377,0.751636834903,1.),.UNSPECIFIED.);
#2180 = CARTESIAN_POINT('',(1.373911744499,2.5300000006E+03));
#2181 = CARTESIAN_POINT('',(1.368100963874,2.529453449666E+03));
#2182 = CARTESIAN_POINT('',(1.362451076563,2.528864250667E+03));
#2183 = CARTESIAN_POINT('',(1.356973840475,2.528225497552E+03));
#2184 = CARTESIAN_POINT('',(1.351715681718,2.527530064001E+03));
#2185 = CARTESIAN_POINT('',(1.346759697509,2.526770890992E+03));
#2186 = CARTESIAN_POINT('',(1.342230069296,2.525941593316E+03));
#2187 = CARTESIAN_POINT('',(1.33722713946,2.524791136282E+03));
#2188 = CARTESIAN_POINT('',(1.336200048721,2.524539187944E+03));
#2189 = CARTESIAN_POINT('',(1.335221404177,2.52428171198E+03));
#2190 = CARTESIAN_POINT('',(1.334295476791,2.524018801619E+03));
#2191 = CARTESIAN_POINT('',(1.333426513771,2.523750562153E+03));
#2192 = CARTESIAN_POINT('',(1.332618737469,2.523477110937E+03));
#2193 = CARTESIAN_POINT('',(1.330730701043,2.522768751176E+03));
#2194 = CARTESIAN_POINT('',(1.329738387942,2.522325932087E+03));
#2195 = CARTESIAN_POINT('',(1.328921166764,2.521872443371E+03));
#2196 = CARTESIAN_POINT('',(1.328295789048,2.521410665398E+03));
#2197 = CARTESIAN_POINT('',(1.327873955334,2.520943024208E+03));
#2198 = CARTESIAN_POINT('',(1.327662283053,2.520471977776E+03));
#2199 = CARTESIAN_POINT('',(1.327662283053,2.52E+03));
#2200 = ( GEOMETRIC_REPRESENTATION_CONTEXT(2) 
PARAMETRIC_REPRESENTATION_CONTEXT() REPRESENTATION_CONTEXT('2D SPACE',''
  ) );
#2201 = PCURVE('',#1693,#2202);
#2202 = DEFINITIONAL_REPRESENTATION('',(#2203),#2224);
#2203 = B_SPLINE_CURVE_WITH_KNOTS('',7,(#2204,#2205,#2206,#2207,#2208,
    #2209,#2210,#2211,#2212,#2213,#2214,#2215,#2216,#2217,#2218,#2219,
    #2220,#2221,#2222,#2223),.UNSPECIFIED.,.F.,.F.,(8,6,6,8),(0.,
    0.59069395377,0.751636834903,1.),.UNSPECIFIED.);
#2204 = CARTESIAN_POINT('',(1.230959396128,1.303254559323E+03));
#2205 = CARTESIAN_POINT('',(1.250282889868,1.304223307851E+03));
#2206 = CARTESIAN_POINT('',(1.270960204922,1.305163923066E+03));
#2207 = CARTESIAN_POINT('',(1.293208424142,1.306074521023E+03));
#2208 = CARTESIAN_POINT('',(1.317245618098,1.306947465898E+03));
#2209 = CARTESIAN_POINT('',(1.343282744754,1.307769098168E+03));
#2210 = CARTESIAN_POINT('',(1.371509875655,1.308519122545E+03));
#2211 = CARTESIAN_POINT('',(1.410410784594,1.309346737016E+03));
#2212 = CARTESIAN_POINT('',(1.418916236917,1.309516592053E+03));
#2213 = CARTESIAN_POINT('',(1.427594704431,1.309678387822E+03));
#2214 = CARTESIAN_POINT('',(1.436443109052,1.309831426176E+03));
#2215 = CARTESIAN_POINT('',(1.445458158681,1.309975013509E+03));
#2216 = CARTESIAN_POINT('',(1.45463636109,1.310108460593E+03));
#2217 = CARTESIAN_POINT('',(1.478383714858,1.310420309462E+03));
#2218 = CARTESIAN_POINT('',(1.493202995737,1.310584149228E+03));
#2219 = CARTESIAN_POINT('',(1.508356215504,1.310719036464E+03));
#2220 = CARTESIAN_POINT('',(1.52376779056,1.31082223541E+03));
#2221 = CARTESIAN_POINT('',(1.539362184966,1.310891837916E+03));
#2222 = CARTESIAN_POINT('',(1.555063734264,1.310926763859E+03));
#2223 = CARTESIAN_POINT('',(1.570796326795,1.310926763859E+03));
#2224 = ( GEOMETRIC_REPRESENTATION_CONTEXT(2) 
PARAMETRIC_REPRESENTATION_CONTEXT() REPRESENTATION_CONTEXT('2D SPACE',''
  ) );
#2225 = ORIENTED_EDGE('',*,*,#2226,.F.);
#2226 = EDGE_CURVE('',#1409,#2153,#2227,.T.);
#2227 = SURFACE_CURVE('',#2228,(#2233,#2239),.PCURVE_S1.);
#2228 = CIRCLE('',#2229,170.);
#2229 = AXIS2_PLACEMENT_3D('',#2230,#2231,#2232);
#2230 = CARTESIAN_POINT('',(1.18E+03,580.,170.));
#2231 = DIRECTION('',(1.,0.,1.059541861038E-16));
#2232 = DIRECTION('',(-1.059541861038E-16,0.,1.));
#2233 = PCURVE('',#954,#2234);
#2234 = DEFINITIONAL_REPRESENTATION('',(#2235),#2238);
#2235 = B_SPLINE_CURVE_WITH_KNOTS('',1,(#2236,#2237),.UNSPECIFIED.,.F.,
  .F.,(2,2),(4.712388980385,6.28318530718),.PIECEWISE_BEZIER_KNOTS.);
#2236 = CARTESIAN_POINT('',(0.,2.53E+03));
#2237 = CARTESIAN_POINT('',(1.570796326795,2.53E+03));
#2238 = ( GEOMETRIC_REPRESENTATION_CONTEXT(2) 
PARAMETRIC_REPRESENTATION_CONTEXT() REPRESENTATION_CONTEXT('2D SPACE',''
  ) );
#2239 = PCURVE('',#2240,#2245);
#2240 = SPHERICAL_SURFACE('',#2241,170.);
#2241 = AXIS2_PLACEMENT_3D('',#2242,#2243,#2244);
#2242 = CARTESIAN_POINT('',(1.18E+03,580.,170.));
#2243 = DIRECTION('',(-0.,-1.,-0.));
#2244 = DIRECTION('',(1.,-0.,1.671865260612E-16));
#2245 = DEFINITIONAL_REPRESENTATION('',(#2246),#2249);
#2246 = B_SPLINE_CURVE_WITH_KNOTS('',1,(#2247,#2248),.UNSPECIFIED.,.F.,
  .F.,(2,2),(4.712388980385,6.28318530718),.PIECEWISE_BEZIER_KNOTS.);
#2247 = CARTESIAN_POINT('',(1.570796326795,-1.570796326795));
#2248 = CARTESIAN_POINT('',(1.570796326795,0.));
#2249 = ( GEOMETRIC_REPRESENTATION_CONTEXT(2) 
PARAMETRIC_REPRESENTATION_CONTEXT() REPRESENTATION_CONTEXT('2D SPACE',''
  ) );
#2250 = ADVANCED_FACE('',(#2251),#1132,.T.);
#2251 = FACE_BOUND('',#2252,.T.);
#2252 = EDGE_LOOP('',(#2253,#2254,#2283));
#2253 = ORIENTED_EDGE('',*,*,#1113,.F.);
#2254 = ORIENTED_EDGE('',*,*,#2255,.T.);
#2255 = EDGE_CURVE('',#1114,#2256,#2258,.T.);
#2256 = VERTEX_POINT('',#2257);
#2257 = CARTESIAN_POINT('',(-1.17E+03,-690.,365.));
#2258 = SURFACE_CURVE('',#2259,(#2264,#2271),.PCURVE_S1.);
#2259 = CIRCLE('',#2260,30.);
#2260 = AXIS2_PLACEMENT_3D('',#2261,#2262,#2263);
#2261 = CARTESIAN_POINT('',(-1.17E+03,-660.,365.));
#2262 = DIRECTION('',(-1.,6.123233995737E-17,0.));
#2263 = DIRECTION('',(-6.123233995737E-17,-1.,0.));
#2264 = PCURVE('',#1132,#2265);
#2265 = DEFINITIONAL_REPRESENTATION('',(#2266),#2270);
#2266 = LINE('',#2267,#2268);
#2267 = CARTESIAN_POINT('',(1.570796326795,-6.28318530718));
#2268 = VECTOR('',#2269,1.);
#2269 = DIRECTION('',(0.,1.));
#2270 = ( GEOMETRIC_REPRESENTATION_CONTEXT(2) 
PARAMETRIC_REPRESENTATION_CONTEXT() REPRESENTATION_CONTEXT('2D SPACE',''
  ) );
#2271 = PCURVE('',#2272,#2277);
#2272 = CYLINDRICAL_SURFACE('',#2273,30.);
#2273 = AXIS2_PLACEMENT_3D('',#2274,#2275,#2276);
#2274 = CARTESIAN_POINT('',(-1.2E+03,-660.,365.));
#2275 = DIRECTION('',(1.,0.,0.));
#2276 = DIRECTION('',(0.,-1.,0.));
#2277 = DEFINITIONAL_REPRESENTATION('',(#2278),#2282);
#2278 = LINE('',#2279,#2280);
#2279 = CARTESIAN_POINT('',(6.28318530718,30.));
#2280 = VECTOR('',#2281,1.);
#2281 = DIRECTION('',(-1.,-0.));
#2282 = ( GEOMETRIC_REPRESENTATION_CONTEXT(2) 
PARAMETRIC_REPRESENTATION_CONTEXT() REPRESENTATION_CONTEXT('2D SPACE',''
  ) );
#2283 = ORIENTED_EDGE('',*,*,#2284,.F.);
#2284 = EDGE_CURVE('',#1116,#2256,#2285,.T.);
#2285 = SURFACE_CURVE('',#2286,(#2291,#2298),.PCURVE_S1.);
#2286 = CIRCLE('',#2287,30.);
#2287 = AXIS2_PLACEMENT_3D('',#2288,#2289,#2290);
#2288 = CARTESIAN_POINT('',(-1.17E+03,-660.,365.));
#2289 = DIRECTION('',(0.,0.,1.));
#2290 = DIRECTION('',(-1.,0.,0.));
#2291 = PCURVE('',#1132,#2292);
#2292 = DEFINITIONAL_REPRESENTATION('',(#2293),#2297);
#2293 = LINE('',#2294,#2295);
#2294 = CARTESIAN_POINT('',(0.,0.));
#2295 = VECTOR('',#2296,1.);
#2296 = DIRECTION('',(1.,0.));
#2297 = ( GEOMETRIC_REPRESENTATION_CONTEXT(2) 
PARAMETRIC_REPRESENTATION_CONTEXT() REPRESENTATION_CONTEXT('2D SPACE',''
  ) );
#2298 = PCURVE('',#2299,#2304);
#2299 = CYLINDRICAL_SURFACE('',#2300,30.);
#2300 = AXIS2_PLACEMENT_3D('',#2301,#2302,#2303);
#2301 = CARTESIAN_POINT('',(-1.17E+03,-660.,335.));
#2302 = DIRECTION('',(0.,0.,1.));
#2303 = DIRECTION('',(-1.,-0.,0.));
#2304 = DEFINITIONAL_REPRESENTATION('',(#2305),#2309);
#2305 = LINE('',#2306,#2307);
#2306 = CARTESIAN_POINT('',(0.,30.));
#2307 = VECTOR('',#2308,1.);
#2308 = DIRECTION('',(1.,0.));
#2309 = ( GEOMETRIC_REPRESENTATION_CONTEXT(2) 
PARAMETRIC_REPRESENTATION_CONTEXT() REPRESENTATION_CONTEXT('2D SPACE',''
  ) );
#2310 = ADVANCED_FACE('',(#2311),#1392,.F.);
#2311 = FACE_BOUND('',#2312,.F.);
#2312 = EDGE_LOOP('',(#2313,#2336,#2337,#2365));
#2313 = ORIENTED_EDGE('',*,*,#2314,.F.);
#2314 = EDGE_CURVE('',#1116,#2315,#2317,.T.);
#2315 = VERTEX_POINT('',#2316);
#2316 = CARTESIAN_POINT('',(-1.2E+03,-660.,395.));
#2317 = SURFACE_CURVE('',#2318,(#2322,#2329),.PCURVE_S1.);
#2318 = LINE('',#2319,#2320);
#2319 = CARTESIAN_POINT('',(-1.2E+03,-660.,335.));
#2320 = VECTOR('',#2321,1.);
#2321 = DIRECTION('',(0.,0.,1.));
#2322 = PCURVE('',#1392,#2323);
#2323 = DEFINITIONAL_REPRESENTATION('',(#2324),#2328);
#2324 = LINE('',#2325,#2326);
#2325 = CARTESIAN_POINT('',(0.,-30.));
#2326 = VECTOR('',#2327,1.);
#2327 = DIRECTION('',(1.,0.));
#2328 = ( GEOMETRIC_REPRESENTATION_CONTEXT(2) 
PARAMETRIC_REPRESENTATION_CONTEXT() REPRESENTATION_CONTEXT('2D SPACE',''
  ) );
#2329 = PCURVE('',#2299,#2330);
#2330 = DEFINITIONAL_REPRESENTATION('',(#2331),#2335);
#2331 = LINE('',#2332,#2333);
#2332 = CARTESIAN_POINT('',(0.,0.));
#2333 = VECTOR('',#2334,1.);
#2334 = DIRECTION('',(0.,1.));
#2335 = ( GEOMETRIC_REPRESENTATION_CONTEXT(2) 
PARAMETRIC_REPRESENTATION_CONTEXT() REPRESENTATION_CONTEXT('2D SPACE',''
  ) );
#2336 = ORIENTED_EDGE('',*,*,#1378,.T.);
#2337 = ORIENTED_EDGE('',*,*,#2338,.T.);
#2338 = EDGE_CURVE('',#1350,#2339,#2341,.T.);
#2339 = VERTEX_POINT('',#2340);
#2340 = CARTESIAN_POINT('',(-1.2E+03,660.,395.));
#2341 = SURFACE_CURVE('',#2342,(#2346,#2353),.PCURVE_S1.);
#2342 = LINE('',#2343,#2344);
#2343 = CARTESIAN_POINT('',(-1.2E+03,660.,335.));
#2344 = VECTOR('',#2345,1.);
#2345 = DIRECTION('',(0.,0.,1.));
#2346 = PCURVE('',#1392,#2347);
#2347 = DEFINITIONAL_REPRESENTATION('',(#2348),#2352);
#2348 = LINE('',#2349,#2350);
#2349 = CARTESIAN_POINT('',(0.,-1.35E+03));
#2350 = VECTOR('',#2351,1.);
#2351 = DIRECTION('',(1.,0.));
#2352 = ( GEOMETRIC_REPRESENTATION_CONTEXT(2) 
PARAMETRIC_REPRESENTATION_CONTEXT() REPRESENTATION_CONTEXT('2D SPACE',''
  ) );
#2353 = PCURVE('',#2354,#2359);
#2354 = CYLINDRICAL_SURFACE('',#2355,30.);
#2355 = AXIS2_PLACEMENT_3D('',#2356,#2357,#2358);
#2356 = CARTESIAN_POINT('',(-1.17E+03,660.,335.));
#2357 = DIRECTION('',(0.,0.,1.));
#2358 = DIRECTION('',(-1.,-0.,0.));
#2359 = DEFINITIONAL_REPRESENTATION('',(#2360),#2364);
#2360 = LINE('',#2361,#2362);
#2361 = CARTESIAN_POINT('',(-0.,0.));
#2362 = VECTOR('',#2363,1.);
#2363 = DIRECTION('',(-0.,1.));
#2364 = ( GEOMETRIC_REPRESENTATION_CONTEXT(2) 
PARAMETRIC_REPRESENTATION_CONTEXT() REPRESENTATION_CONTEXT('2D SPACE',''
  ) );
#2365 = ORIENTED_EDGE('',*,*,#2366,.F.);
#2366 = EDGE_CURVE('',#2315,#2339,#2367,.T.);
#2367 = SURFACE_CURVE('',#2368,(#2372,#2379),.PCURVE_S1.);
#2368 = LINE('',#2369,#2370);
#2369 = CARTESIAN_POINT('',(-1.2E+03,-690.,395.));
#2370 = VECTOR('',#2371,1.);
#2371 = DIRECTION('',(0.,1.,0.));
#2372 = PCURVE('',#1392,#2373);
#2373 = DEFINITIONAL_REPRESENTATION('',(#2374),#2378);
#2374 = LINE('',#2375,#2376);
#2375 = CARTESIAN_POINT('',(60.,0.));
#2376 = VECTOR('',#2377,1.);
#2377 = DIRECTION('',(0.,-1.));
#2378 = ( GEOMETRIC_REPRESENTATION_CONTEXT(2) 
PARAMETRIC_REPRESENTATION_CONTEXT() REPRESENTATION_CONTEXT('2D SPACE',''
  ) );
#2379 = PCURVE('',#2380,#2385);
#2380 = CYLINDRICAL_SURFACE('',#2381,30.);
#2381 = AXIS2_PLACEMENT_3D('',#2382,#2383,#2384);
#2382 = CARTESIAN_POINT('',(-1.17E+03,-690.,395.));
#2383 = DIRECTION('',(0.,1.,0.));
#2384 = DIRECTION('',(-1.,0.,0.));
#2385 = DEFINITIONAL_REPRESENTATION('',(#2386),#2390);
#2386 = LINE('',#2387,#2388);
#2387 = CARTESIAN_POINT('',(0.,0.));
#2388 = VECTOR('',#2389,1.);
#2389 = DIRECTION('',(0.,1.));
#2390 = ( GEOMETRIC_REPRESENTATION_CONTEXT(2) 
PARAMETRIC_REPRESENTATION_CONTEXT() REPRESENTATION_CONTEXT('2D SPACE',''
  ) );
#2391 = ADVANCED_FACE('',(#2392),#1366,.T.);
#2392 = FACE_BOUND('',#2393,.F.);
#2393 = EDGE_LOOP('',(#2394,#2395,#2424));
#2394 = ORIENTED_EDGE('',*,*,#1349,.F.);
#2395 = ORIENTED_EDGE('',*,*,#2396,.T.);
#2396 = EDGE_CURVE('',#1322,#2397,#2399,.T.);
#2397 = VERTEX_POINT('',#2398);
#2398 = CARTESIAN_POINT('',(-1.17E+03,690.,365.));
#2399 = SURFACE_CURVE('',#2400,(#2405,#2412),.PCURVE_S1.);
#2400 = CIRCLE('',#2401,30.);
#2401 = AXIS2_PLACEMENT_3D('',#2402,#2403,#2404);
#2402 = CARTESIAN_POINT('',(-1.17E+03,660.,365.));
#2403 = DIRECTION('',(1.,6.123233995737E-17,-0.));
#2404 = DIRECTION('',(-6.123233995737E-17,1.,0.));
#2405 = PCURVE('',#1366,#2406);
#2406 = DEFINITIONAL_REPRESENTATION('',(#2407),#2411);
#2407 = LINE('',#2408,#2409);
#2408 = CARTESIAN_POINT('',(-1.570796326795,-6.28318530718));
#2409 = VECTOR('',#2410,1.);
#2410 = DIRECTION('',(-0.,1.));
#2411 = ( GEOMETRIC_REPRESENTATION_CONTEXT(2) 
PARAMETRIC_REPRESENTATION_CONTEXT() REPRESENTATION_CONTEXT('2D SPACE',''
  ) );
#2412 = PCURVE('',#2413,#2418);
#2413 = CYLINDRICAL_SURFACE('',#2414,30.);
#2414 = AXIS2_PLACEMENT_3D('',#2415,#2416,#2417);
#2415 = CARTESIAN_POINT('',(-1.2E+03,660.,365.));
#2416 = DIRECTION('',(1.,0.,0.));
#2417 = DIRECTION('',(-0.,1.,0.));
#2418 = DEFINITIONAL_REPRESENTATION('',(#2419),#2423);
#2419 = LINE('',#2420,#2421);
#2420 = CARTESIAN_POINT('',(-6.28318530718,30.));
#2421 = VECTOR('',#2422,1.);
#2422 = DIRECTION('',(1.,-0.));
#2423 = ( GEOMETRIC_REPRESENTATION_CONTEXT(2) 
PARAMETRIC_REPRESENTATION_CONTEXT() REPRESENTATION_CONTEXT('2D SPACE',''
  ) );
#2424 = ORIENTED_EDGE('',*,*,#2425,.F.);
#2425 = EDGE_CURVE('',#1350,#2397,#2426,.T.);
#2426 = SURFACE_CURVE('',#2427,(#2432,#2439),.PCURVE_S1.);
#2427 = CIRCLE('',#2428,30.);
#2428 = AXIS2_PLACEMENT_3D('',#2429,#2430,#2431);
#2429 = CARTESIAN_POINT('',(-1.17E+03,660.,365.));
#2430 = DIRECTION('',(-0.,0.,-1.));
#2431 = DIRECTION('',(-1.,0.,0.));
#2432 = PCURVE('',#1366,#2433);
#2433 = DEFINITIONAL_REPRESENTATION('',(#2434),#2438);
#2434 = LINE('',#2435,#2436);
#2435 = CARTESIAN_POINT('',(-0.,0.));
#2436 = VECTOR('',#2437,1.);
#2437 = DIRECTION('',(-1.,0.));
#2438 = ( GEOMETRIC_REPRESENTATION_CONTEXT(2) 
PARAMETRIC_REPRESENTATION_CONTEXT() REPRESENTATION_CONTEXT('2D SPACE',''
  ) );
#2439 = PCURVE('',#2354,#2440);
#2440 = DEFINITIONAL_REPRESENTATION('',(#2441),#2445);
#2441 = LINE('',#2442,#2443);
#2442 = CARTESIAN_POINT('',(-0.,30.));
#2443 = VECTOR('',#2444,1.);
#2444 = DIRECTION('',(-1.,0.));
#2445 = ( GEOMETRIC_REPRESENTATION_CONTEXT(2) 
PARAMETRIC_REPRESENTATION_CONTEXT() REPRESENTATION_CONTEXT('2D SPACE',''
  ) );
#2446 = ADVANCED_FACE('',(#2447),#1337,.F.);
#2447 = FACE_BOUND('',#2448,.F.);
#2448 = EDGE_LOOP('',(#2449,#2450,#2451,#2474));
#2449 = ORIENTED_EDGE('',*,*,#1321,.F.);
#2450 = ORIENTED_EDGE('',*,*,#2131,.T.);
#2451 = ORIENTED_EDGE('',*,*,#2452,.T.);
#2452 = EDGE_CURVE('',#2132,#2453,#2455,.T.);
#2453 = VERTEX_POINT('',#2454);
#2454 = CARTESIAN_POINT('',(1.17E+03,660.,335.));
#2455 = SURFACE_CURVE('',#2456,(#2460,#2467),.PCURVE_S1.);
#2456 = LINE('',#2457,#2458);
#2457 = CARTESIAN_POINT('',(1.17E+03,-690.,335.));
#2458 = VECTOR('',#2459,1.);
#2459 = DIRECTION('',(0.,1.,0.));
#2460 = PCURVE('',#1337,#2461);
#2461 = DEFINITIONAL_REPRESENTATION('',(#2462),#2466);
#2462 = LINE('',#2463,#2464);
#2463 = CARTESIAN_POINT('',(2.37E+03,0.));
#2464 = VECTOR('',#2465,1.);
#2465 = DIRECTION('',(0.,1.));
#2466 = ( GEOMETRIC_REPRESENTATION_CONTEXT(2) 
PARAMETRIC_REPRESENTATION_CONTEXT() REPRESENTATION_CONTEXT('2D SPACE',''
  ) );
#2467 = PCURVE('',#1693,#2468);
#2468 = DEFINITIONAL_REPRESENTATION('',(#2469),#2473);
#2469 = LINE('',#2470,#2471);
#2470 = CARTESIAN_POINT('',(1.570796326795,0.));
#2471 = VECTOR('',#2472,1.);
#2472 = DIRECTION('',(0.,1.));
#2473 = ( GEOMETRIC_REPRESENTATION_CONTEXT(2) 
PARAMETRIC_REPRESENTATION_CONTEXT() REPRESENTATION_CONTEXT('2D SPACE',''
  ) );
#2474 = ORIENTED_EDGE('',*,*,#2475,.F.);
#2475 = EDGE_CURVE('',#1322,#2453,#2476,.T.);
#2476 = SURFACE_CURVE('',#2477,(#2481,#2488),.PCURVE_S1.);
#2477 = LINE('',#2478,#2479);
#2478 = CARTESIAN_POINT('',(-1.2E+03,660.,335.));
#2479 = VECTOR('',#2480,1.);
#2480 = DIRECTION('',(1.,0.,0.));
#2481 = PCURVE('',#1337,#2482);
#2482 = DEFINITIONAL_REPRESENTATION('',(#2483),#2487);
#2483 = LINE('',#2484,#2485);
#2484 = CARTESIAN_POINT('',(0.,1.35E+03));
#2485 = VECTOR('',#2486,1.);
#2486 = DIRECTION('',(1.,0.));
#2487 = ( GEOMETRIC_REPRESENTATION_CONTEXT(2) 
PARAMETRIC_REPRESENTATION_CONTEXT() REPRESENTATION_CONTEXT('2D SPACE',''
  ) );
#2488 = PCURVE('',#2413,#2489);
#2489 = DEFINITIONAL_REPRESENTATION('',(#2490),#2494);
#2490 = LINE('',#2491,#2492);
#2491 = CARTESIAN_POINT('',(-1.570796326795,0.));
#2492 = VECTOR('',#2493,1.);
#2493 = DIRECTION('',(-0.,1.));
#2494 = ( GEOMETRIC_REPRESENTATION_CONTEXT(2) 
PARAMETRIC_REPRESENTATION_CONTEXT() REPRESENTATION_CONTEXT('2D SPACE',''
  ) );
#2495 = ADVANCED_FACE('',(#2496),#1160,.F.);
#2496 = FACE_BOUND('',#2497,.F.);
#2497 = EDGE_LOOP('',(#2498,#2499,#2522,#2543));
#2498 = ORIENTED_EDGE('',*,*,#1144,.F.);
#2499 = ORIENTED_EDGE('',*,*,#2500,.T.);
#2500 = EDGE_CURVE('',#1114,#2501,#2503,.T.);
#2501 = VERTEX_POINT('',#2502);
#2502 = CARTESIAN_POINT('',(1.17E+03,-660.,335.));
#2503 = SURFACE_CURVE('',#2504,(#2508,#2515),.PCURVE_S1.);
#2504 = LINE('',#2505,#2506);
#2505 = CARTESIAN_POINT('',(-1.2E+03,-660.,335.));
#2506 = VECTOR('',#2507,1.);
#2507 = DIRECTION('',(1.,0.,0.));
#2508 = PCURVE('',#1160,#2509);
#2509 = DEFINITIONAL_REPRESENTATION('',(#2510),#2514);
#2510 = LINE('',#2511,#2512);
#2511 = CARTESIAN_POINT('',(0.,30.));
#2512 = VECTOR('',#2513,1.);
#2513 = DIRECTION('',(1.,0.));
#2514 = ( GEOMETRIC_REPRESENTATION_CONTEXT(2) 
PARAMETRIC_REPRESENTATION_CONTEXT() REPRESENTATION_CONTEXT('2D SPACE',''
  ) );
#2515 = PCURVE('',#2272,#2516);
#2516 = DEFINITIONAL_REPRESENTATION('',(#2517),#2521);
#2517 = LINE('',#2518,#2519);
#2518 = CARTESIAN_POINT('',(1.570796326795,0.));
#2519 = VECTOR('',#2520,1.);
#2520 = DIRECTION('',(0.,1.));
#2521 = ( GEOMETRIC_REPRESENTATION_CONTEXT(2) 
PARAMETRIC_REPRESENTATION_CONTEXT() REPRESENTATION_CONTEXT('2D SPACE',''
  ) );
#2522 = ORIENTED_EDGE('',*,*,#2523,.T.);
#2523 = EDGE_CURVE('',#2501,#1623,#2524,.T.);
#2524 = SURFACE_CURVE('',#2525,(#2529,#2536),.PCURVE_S1.);
#2525 = LINE('',#2526,#2527);
#2526 = CARTESIAN_POINT('',(1.17E+03,-690.,335.));
#2527 = VECTOR('',#2528,1.);
#2528 = DIRECTION('',(0.,1.,0.));
#2529 = PCURVE('',#1160,#2530);
#2530 = DEFINITIONAL_REPRESENTATION('',(#2531),#2535);
#2531 = LINE('',#2532,#2533);
#2532 = CARTESIAN_POINT('',(2.37E+03,0.));
#2533 = VECTOR('',#2534,1.);
#2534 = DIRECTION('',(0.,1.));
#2535 = ( GEOMETRIC_REPRESENTATION_CONTEXT(2) 
PARAMETRIC_REPRESENTATION_CONTEXT() REPRESENTATION_CONTEXT('2D SPACE',''
  ) );
#2536 = PCURVE('',#1693,#2537);
#2537 = DEFINITIONAL_REPRESENTATION('',(#2538),#2542);
#2538 = LINE('',#2539,#2540);
#2539 = CARTESIAN_POINT('',(1.570796326795,0.));
#2540 = VECTOR('',#2541,1.);
#2541 = DIRECTION('',(0.,1.));
#2542 = ( GEOMETRIC_REPRESENTATION_CONTEXT(2) 
PARAMETRIC_REPRESENTATION_CONTEXT() REPRESENTATION_CONTEXT('2D SPACE',''
  ) );
#2543 = ORIENTED_EDGE('',*,*,#1622,.F.);
#2544 = ADVANCED_FACE('',(#2545),#1447,.T.);
#2545 = FACE_BOUND('',#2546,.T.);
#2546 = EDGE_LOOP('',(#2547,#2570,#2592,#2593));
#2547 = ORIENTED_EDGE('',*,*,#2548,.F.);
#2548 = EDGE_CURVE('',#2083,#2549,#2551,.T.);
#2549 = VERTEX_POINT('',#2550);
#2550 = CARTESIAN_POINT('',(1.35E+03,580.,170.));
#2551 = SURFACE_CURVE('',#2552,(#2556,#2563),.PCURVE_S1.);
#2552 = LINE('',#2553,#2554);
#2553 = CARTESIAN_POINT('',(1.35E+03,580.,-340.));
#2554 = VECTOR('',#2555,1.);
#2555 = DIRECTION('',(0.,0.,1.));
#2556 = PCURVE('',#1447,#2557);
#2557 = DEFINITIONAL_REPRESENTATION('',(#2558),#2562);
#2558 = LINE('',#2559,#2560);
#2559 = CARTESIAN_POINT('',(0.,0.));
#2560 = VECTOR('',#2561,1.);
#2561 = DIRECTION('',(0.,1.));
#2562 = ( GEOMETRIC_REPRESENTATION_CONTEXT(2) 
PARAMETRIC_REPRESENTATION_CONTEXT() REPRESENTATION_CONTEXT('2D SPACE',''
  ) );
#2563 = PCURVE('',#1769,#2564);
#2564 = DEFINITIONAL_REPRESENTATION('',(#2565),#2569);
#2565 = LINE('',#2566,#2567);
#2566 = CARTESIAN_POINT('',(0.,-1.33E+03));
#2567 = VECTOR('',#2568,1.);
#2568 = DIRECTION('',(1.,0.));
#2569 = ( GEOMETRIC_REPRESENTATION_CONTEXT(2) 
PARAMETRIC_REPRESENTATION_CONTEXT() REPRESENTATION_CONTEXT('2D SPACE',''
  ) );
#2570 = ORIENTED_EDGE('',*,*,#2571,.T.);
#2571 = EDGE_CURVE('',#2083,#1432,#2572,.T.);
#2572 = SURFACE_CURVE('',#2573,(#2578,#2585),.PCURVE_S1.);
#2573 = CIRCLE('',#2574,170.);
#2574 = AXIS2_PLACEMENT_3D('',#2575,#2576,#2577);
#2575 = CARTESIAN_POINT('',(1.18E+03,580.,-170.));
#2576 = DIRECTION('',(0.,0.,1.));
#2577 = DIRECTION('',(1.,0.,-0.));
#2578 = PCURVE('',#1447,#2579);
#2579 = DEFINITIONAL_REPRESENTATION('',(#2580),#2584);
#2580 = LINE('',#2581,#2582);
#2581 = CARTESIAN_POINT('',(0.,170.));
#2582 = VECTOR('',#2583,1.);
#2583 = DIRECTION('',(1.,0.));
#2584 = ( GEOMETRIC_REPRESENTATION_CONTEXT(2) 
PARAMETRIC_REPRESENTATION_CONTEXT() REPRESENTATION_CONTEXT('2D SPACE',''
  ) );
#2585 = PCURVE('',#2046,#2586);
#2586 = DEFINITIONAL_REPRESENTATION('',(#2587),#2591);
#2587 = LINE('',#2588,#2589);
#2588 = CARTESIAN_POINT('',(0.,0.));
#2589 = VECTOR('',#2590,1.);
#2590 = DIRECTION('',(1.,0.));
#2591 = ( GEOMETRIC_REPRESENTATION_CONTEXT(2) 
PARAMETRIC_REPRESENTATION_CONTEXT() REPRESENTATION_CONTEXT('2D SPACE',''
  ) );
#2592 = ORIENTED_EDGE('',*,*,#1431,.T.);
#2593 = ORIENTED_EDGE('',*,*,#2594,.T.);
#2594 = EDGE_CURVE('',#1409,#2549,#2595,.T.);
#2595 = SURFACE_CURVE('',#2596,(#2601,#2607),.PCURVE_S1.);
#2596 = CIRCLE('',#2597,170.);
#2597 = AXIS2_PLACEMENT_3D('',#2598,#2599,#2600);
#2598 = CARTESIAN_POINT('',(1.18E+03,580.,170.));
#2599 = DIRECTION('',(1.671865260612E-16,0.,-1.));
#2600 = DIRECTION('',(1.,0.,1.671865260612E-16));
#2601 = PCURVE('',#1447,#2602);
#2602 = DEFINITIONAL_REPRESENTATION('',(#2603),#2606);
#2603 = B_SPLINE_CURVE_WITH_KNOTS('',1,(#2604,#2605),.UNSPECIFIED.,.F.,
  .F.,(2,2),(4.712388980385,6.28318530718),.PIECEWISE_BEZIER_KNOTS.);
#2604 = CARTESIAN_POINT('',(1.570796326795,510.));
#2605 = CARTESIAN_POINT('',(0.,510.));
#2606 = ( GEOMETRIC_REPRESENTATION_CONTEXT(2) 
PARAMETRIC_REPRESENTATION_CONTEXT() REPRESENTATION_CONTEXT('2D SPACE',''
  ) );
#2607 = PCURVE('',#2240,#2608);
#2608 = DEFINITIONAL_REPRESENTATION('',(#2609),#2612);
#2609 = B_SPLINE_CURVE_WITH_KNOTS('',1,(#2610,#2611),.UNSPECIFIED.,.F.,
  .F.,(2,2),(4.712388980385,6.28318530718),.PIECEWISE_BEZIER_KNOTS.);
#2610 = CARTESIAN_POINT('',(0.,-1.570796326795));
#2611 = CARTESIAN_POINT('',(0.,0.));
#2612 = ( GEOMETRIC_REPRESENTATION_CONTEXT(2) 
PARAMETRIC_REPRESENTATION_CONTEXT() REPRESENTATION_CONTEXT('2D SPACE',''
  ) );
#2613 = ADVANCED_FACE('',(#2614),#1499,.T.);
#2614 = FACE_BOUND('',#2615,.T.);
#2615 = EDGE_LOOP('',(#2616,#2639,#2667,#2688));
#2616 = ORIENTED_EDGE('',*,*,#2617,.F.);
#2617 = EDGE_CURVE('',#2618,#1485,#2620,.T.);
#2618 = VERTEX_POINT('',#2619);
#2619 = CARTESIAN_POINT('',(810.,870.,27.5));
#2620 = SURFACE_CURVE('',#2621,(#2625,#2632),.PCURVE_S1.);
#2621 = LINE('',#2622,#2623);
#2622 = CARTESIAN_POINT('',(810.,870.,27.5));
#2623 = VECTOR('',#2624,1.);
#2624 = DIRECTION('',(0.,-1.,0.));
#2625 = PCURVE('',#1499,#2626);
#2626 = DEFINITIONAL_REPRESENTATION('',(#2627),#2631);
#2627 = LINE('',#2628,#2629);
#2628 = CARTESIAN_POINT('',(0.,520.));
#2629 = VECTOR('',#2630,1.);
#2630 = DIRECTION('',(1.,0.));
#2631 = ( GEOMETRIC_REPRESENTATION_CONTEXT(2) 
PARAMETRIC_REPRESENTATION_CONTEXT() REPRESENTATION_CONTEXT('2D SPACE',''
  ) );
#2632 = PCURVE('',#1575,#2633);
#2633 = DEFINITIONAL_REPRESENTATION('',(#2634),#2638);
#2634 = LINE('',#2635,#2636);
#2635 = CARTESIAN_POINT('',(0.,-55.));
#2636 = VECTOR('',#2637,1.);
#2637 = DIRECTION('',(1.,0.));
#2638 = ( GEOMETRIC_REPRESENTATION_CONTEXT(2) 
PARAMETRIC_REPRESENTATION_CONTEXT() REPRESENTATION_CONTEXT('2D SPACE',''
  ) );
#2639 = ORIENTED_EDGE('',*,*,#2640,.F.);
#2640 = EDGE_CURVE('',#2641,#2618,#2643,.T.);
#2641 = VERTEX_POINT('',#2642);
#2642 = CARTESIAN_POINT('',(290.,870.,27.5));
#2643 = SURFACE_CURVE('',#2644,(#2648,#2655),.PCURVE_S1.);
#2644 = LINE('',#2645,#2646);
#2645 = CARTESIAN_POINT('',(290.,870.,27.5));
#2646 = VECTOR('',#2647,1.);
#2647 = DIRECTION('',(1.,0.,0.));
#2648 = PCURVE('',#1499,#2649);
#2649 = DEFINITIONAL_REPRESENTATION('',(#2650),#2654);
#2650 = LINE('',#2651,#2652);
#2651 = CARTESIAN_POINT('',(0.,0.));
#2652 = VECTOR('',#2653,1.);
#2653 = DIRECTION('',(0.,1.));
#2654 = ( GEOMETRIC_REPRESENTATION_CONTEXT(2) 
PARAMETRIC_REPRESENTATION_CONTEXT() REPRESENTATION_CONTEXT('2D SPACE',''
  ) );
#2655 = PCURVE('',#2656,#2661);
#2656 = PLANE('',#2657);
#2657 = AXIS2_PLACEMENT_3D('',#2658,#2659,#2660);
#2658 = CARTESIAN_POINT('',(290.,870.,-27.5));
#2659 = DIRECTION('',(0.,-1.,0.));
#2660 = DIRECTION('',(1.,0.,0.));
#2661 = DEFINITIONAL_REPRESENTATION('',(#2662),#2666);
#2662 = LINE('',#2663,#2664);
#2663 = CARTESIAN_POINT('',(0.,55.));
#2664 = VECTOR('',#2665,1.);
#2665 = DIRECTION('',(1.,0.));
#2666 = ( GEOMETRIC_REPRESENTATION_CONTEXT(2) 
PARAMETRIC_REPRESENTATION_CONTEXT() REPRESENTATION_CONTEXT('2D SPACE',''
  ) );
#2667 = ORIENTED_EDGE('',*,*,#2668,.T.);
#2668 = EDGE_CURVE('',#2641,#1483,#2669,.T.);
#2669 = SURFACE_CURVE('',#2670,(#2674,#2681),.PCURVE_S1.);
#2670 = LINE('',#2671,#2672);
#2671 = CARTESIAN_POINT('',(290.,870.,27.5));
#2672 = VECTOR('',#2673,1.);
#2673 = DIRECTION('',(0.,-1.,0.));
#2674 = PCURVE('',#1499,#2675);
#2675 = DEFINITIONAL_REPRESENTATION('',(#2676),#2680);
#2676 = LINE('',#2677,#2678);
#2677 = CARTESIAN_POINT('',(0.,0.));
#2678 = VECTOR('',#2679,1.);
#2679 = DIRECTION('',(1.,0.));
#2680 = ( GEOMETRIC_REPRESENTATION_CONTEXT(2) 
PARAMETRIC_REPRESENTATION_CONTEXT() REPRESENTATION_CONTEXT('2D SPACE',''
  ) );
#2681 = PCURVE('',#1525,#2682);
#2682 = DEFINITIONAL_REPRESENTATION('',(#2683),#2687);
#2683 = LINE('',#2684,#2685);
#2684 = CARTESIAN_POINT('',(0.,-55.));
#2685 = VECTOR('',#2686,1.);
#2686 = DIRECTION('',(1.,0.));
#2687 = ( GEOMETRIC_REPRESENTATION_CONTEXT(2) 
PARAMETRIC_REPRESENTATION_CONTEXT() REPRESENTATION_CONTEXT('2D SPACE',''
  ) );
#2688 = ORIENTED_EDGE('',*,*,#1482,.T.);
#2689 = ADVANCED_FACE('',(#2690),#1575,.T.);
#2690 = FACE_BOUND('',#2691,.T.);
#2691 = EDGE_LOOP('',(#2692,#2715,#2736,#2737));
#2692 = ORIENTED_EDGE('',*,*,#2693,.F.);
#2693 = EDGE_CURVE('',#2694,#1537,#2696,.T.);
#2694 = VERTEX_POINT('',#2695);
#2695 = CARTESIAN_POINT('',(810.,870.,-27.5));
#2696 = SURFACE_CURVE('',#2697,(#2701,#2708),.PCURVE_S1.);
#2697 = LINE('',#2698,#2699);
#2698 = CARTESIAN_POINT('',(810.,870.,-27.5));
#2699 = VECTOR('',#2700,1.);
#2700 = DIRECTION('',(0.,-1.,0.));
#2701 = PCURVE('',#1575,#2702);
#2702 = DEFINITIONAL_REPRESENTATION('',(#2703),#2707);
#2703 = LINE('',#2704,#2705);
#2704 = CARTESIAN_POINT('',(0.,0.));
#2705 = VECTOR('',#2706,1.);
#2706 = DIRECTION('',(1.,0.));
#2707 = ( GEOMETRIC_REPRESENTATION_CONTEXT(2) 
PARAMETRIC_REPRESENTATION_CONTEXT() REPRESENTATION_CONTEXT('2D SPACE',''
  ) );
#2708 = PCURVE('',#1551,#2709);
#2709 = DEFINITIONAL_REPRESENTATION('',(#2710),#2714);
#2710 = LINE('',#2711,#2712);
#2711 = CARTESIAN_POINT('',(0.,520.));
#2712 = VECTOR('',#2713,1.);
#2713 = DIRECTION('',(1.,0.));
#2714 = ( GEOMETRIC_REPRESENTATION_CONTEXT(2) 
PARAMETRIC_REPRESENTATION_CONTEXT() REPRESENTATION_CONTEXT('2D SPACE',''
  ) );
#2715 = ORIENTED_EDGE('',*,*,#2716,.T.);
#2716 = EDGE_CURVE('',#2694,#2618,#2717,.T.);
#2717 = SURFACE_CURVE('',#2718,(#2722,#2729),.PCURVE_S1.);
#2718 = LINE('',#2719,#2720);
#2719 = CARTESIAN_POINT('',(810.,870.,-27.5));
#2720 = VECTOR('',#2721,1.);
#2721 = DIRECTION('',(0.,0.,1.));
#2722 = PCURVE('',#1575,#2723);
#2723 = DEFINITIONAL_REPRESENTATION('',(#2724),#2728);
#2724 = LINE('',#2725,#2726);
#2725 = CARTESIAN_POINT('',(0.,0.));
#2726 = VECTOR('',#2727,1.);
#2727 = DIRECTION('',(0.,-1.));
#2728 = ( GEOMETRIC_REPRESENTATION_CONTEXT(2) 
PARAMETRIC_REPRESENTATION_CONTEXT() REPRESENTATION_CONTEXT('2D SPACE',''
  ) );
#2729 = PCURVE('',#2656,#2730);
#2730 = DEFINITIONAL_REPRESENTATION('',(#2731),#2735);
#2731 = LINE('',#2732,#2733);
#2732 = CARTESIAN_POINT('',(520.,0.));
#2733 = VECTOR('',#2734,1.);
#2734 = DIRECTION('',(0.,1.));
#2735 = ( GEOMETRIC_REPRESENTATION_CONTEXT(2) 
PARAMETRIC_REPRESENTATION_CONTEXT() REPRESENTATION_CONTEXT('2D SPACE',''
  ) );
#2736 = ORIENTED_EDGE('',*,*,#2617,.T.);
#2737 = ORIENTED_EDGE('',*,*,#1562,.T.);
#2738 = ADVANCED_FACE('',(#2739),#1551,.F.);
#2739 = FACE_BOUND('',#2740,.F.);
#2740 = EDGE_LOOP('',(#2741,#2742,#2765,#2786));
#2741 = ORIENTED_EDGE('',*,*,#2693,.F.);
#2742 = ORIENTED_EDGE('',*,*,#2743,.F.);
#2743 = EDGE_CURVE('',#2744,#2694,#2746,.T.);
#2744 = VERTEX_POINT('',#2745);
#2745 = CARTESIAN_POINT('',(290.,870.,-27.5));
#2746 = SURFACE_CURVE('',#2747,(#2751,#2758),.PCURVE_S1.);
#2747 = LINE('',#2748,#2749);
#2748 = CARTESIAN_POINT('',(290.,870.,-27.5));
#2749 = VECTOR('',#2750,1.);
#2750 = DIRECTION('',(1.,0.,0.));
#2751 = PCURVE('',#1551,#2752);
#2752 = DEFINITIONAL_REPRESENTATION('',(#2753),#2757);
#2753 = LINE('',#2754,#2755);
#2754 = CARTESIAN_POINT('',(0.,0.));
#2755 = VECTOR('',#2756,1.);
#2756 = DIRECTION('',(0.,1.));
#2757 = ( GEOMETRIC_REPRESENTATION_CONTEXT(2) 
PARAMETRIC_REPRESENTATION_CONTEXT() REPRESENTATION_CONTEXT('2D SPACE',''
  ) );
#2758 = PCURVE('',#2656,#2759);
#2759 = DEFINITIONAL_REPRESENTATION('',(#2760),#2764);
#2760 = LINE('',#2761,#2762);
#2761 = CARTESIAN_POINT('',(0.,0.));
#2762 = VECTOR('',#2763,1.);
#2763 = DIRECTION('',(1.,0.));
#2764 = ( GEOMETRIC_REPRESENTATION_CONTEXT(2) 
PARAMETRIC_REPRESENTATION_CONTEXT() REPRESENTATION_CONTEXT('2D SPACE',''
  ) );
#2765 = ORIENTED_EDGE('',*,*,#2766,.T.);
#2766 = EDGE_CURVE('',#2744,#1511,#2767,.T.);
#2767 = SURFACE_CURVE('',#2768,(#2772,#2779),.PCURVE_S1.);
#2768 = LINE('',#2769,#2770);
#2769 = CARTESIAN_POINT('',(290.,870.,-27.5));
#2770 = VECTOR('',#2771,1.);
#2771 = DIRECTION('',(0.,-1.,0.));
#2772 = PCURVE('',#1551,#2773);
#2773 = DEFINITIONAL_REPRESENTATION('',(#2774),#2778);
#2774 = LINE('',#2775,#2776);
#2775 = CARTESIAN_POINT('',(0.,0.));
#2776 = VECTOR('',#2777,1.);
#2777 = DIRECTION('',(1.,0.));
#2778 = ( GEOMETRIC_REPRESENTATION_CONTEXT(2) 
PARAMETRIC_REPRESENTATION_CONTEXT() REPRESENTATION_CONTEXT('2D SPACE',''
  ) );
#2779 = PCURVE('',#1525,#2780);
#2780 = DEFINITIONAL_REPRESENTATION('',(#2781),#2785);
#2781 = LINE('',#2782,#2783);
#2782 = CARTESIAN_POINT('',(0.,0.));
#2783 = VECTOR('',#2784,1.);
#2784 = DIRECTION('',(1.,0.));
#2785 = ( GEOMETRIC_REPRESENTATION_CONTEXT(2) 
PARAMETRIC_REPRESENTATION_CONTEXT() REPRESENTATION_CONTEXT('2D SPACE',''
  ) );
#2786 = ORIENTED_EDGE('',*,*,#1536,.T.);
#2787 = ADVANCED_FACE('',(#2788),#1525,.F.);
#2788 = FACE_BOUND('',#2789,.F.);
#2789 = EDGE_LOOP('',(#2790,#2791,#2812,#2813));
#2790 = ORIENTED_EDGE('',*,*,#2766,.F.);
#2791 = ORIENTED_EDGE('',*,*,#2792,.T.);
#2792 = EDGE_CURVE('',#2744,#2641,#2793,.T.);
#2793 = SURFACE_CURVE('',#2794,(#2798,#2805),.PCURVE_S1.);
#2794 = LINE('',#2795,#2796);
#2795 = CARTESIAN_POINT('',(290.,870.,-27.5));
#2796 = VECTOR('',#2797,1.);
#2797 = DIRECTION('',(0.,0.,1.));
#2798 = PCURVE('',#1525,#2799);
#2799 = DEFINITIONAL_REPRESENTATION('',(#2800),#2804);
#2800 = LINE('',#2801,#2802);
#2801 = CARTESIAN_POINT('',(0.,0.));
#2802 = VECTOR('',#2803,1.);
#2803 = DIRECTION('',(0.,-1.));
#2804 = ( GEOMETRIC_REPRESENTATION_CONTEXT(2) 
PARAMETRIC_REPRESENTATION_CONTEXT() REPRESENTATION_CONTEXT('2D SPACE',''
  ) );
#2805 = PCURVE('',#2656,#2806);
#2806 = DEFINITIONAL_REPRESENTATION('',(#2807),#2811);
#2807 = LINE('',#2808,#2809);
#2808 = CARTESIAN_POINT('',(0.,0.));
#2809 = VECTOR('',#2810,1.);
#2810 = DIRECTION('',(0.,1.));
#2811 = ( GEOMETRIC_REPRESENTATION_CONTEXT(2) 
PARAMETRIC_REPRESENTATION_CONTEXT() REPRESENTATION_CONTEXT('2D SPACE',''
  ) );
#2812 = ORIENTED_EDGE('',*,*,#2668,.T.);
#2813 = ORIENTED_EDGE('',*,*,#1510,.T.);
#2814 = ADVANCED_FACE('',(#2815),#1605,.T.);
#2815 = FACE_BOUND('',#2816,.F.);
#2816 = EDGE_LOOP('',(#2817,#2818,#2819));
#2817 = ORIENTED_EDGE('',*,*,#2061,.F.);
#2818 = ORIENTED_EDGE('',*,*,#1591,.T.);
#2819 = ORIENTED_EDGE('',*,*,#1781,.F.);
#2820 = ADVANCED_FACE('',(#2821),#1736,.T.);
#2821 = FACE_BOUND('',#2822,.T.);
#2822 = EDGE_LOOP('',(#2823,#2850,#2952,#2953));
#2823 = ORIENTED_EDGE('',*,*,#2824,.F.);
#2824 = EDGE_CURVE('',#2825,#1754,#2827,.T.);
#2825 = VERTEX_POINT('',#2826);
#2826 = CARTESIAN_POINT('',(1.186399994562E+03,-580.,339.87948690059));
#2827 = SURFACE_CURVE('',#2828,(#2833,#2839),.PCURVE_S1.);
#2828 = CIRCLE('',#2829,170.);
#2829 = AXIS2_PLACEMENT_3D('',#2830,#2831,#2832);
#2830 = CARTESIAN_POINT('',(1.18E+03,-580.,170.));
#2831 = DIRECTION('',(-0.,1.,0.));
#2832 = DIRECTION('',(1.,0.,0.));
#2833 = PCURVE('',#1736,#2834);
#2834 = DEFINITIONAL_REPRESENTATION('',(#2835),#2838);
#2835 = B_SPLINE_CURVE_WITH_KNOTS('',1,(#2836,#2837),.UNSPECIFIED.,.F.,
  .F.,(2,2),(4.712388980385,6.28318530718),.PIECEWISE_BEZIER_KNOTS.);
#2836 = CARTESIAN_POINT('',(0.,-1.570796326795));
#2837 = CARTESIAN_POINT('',(0.,0.));
#2838 = ( GEOMETRIC_REPRESENTATION_CONTEXT(2) 
PARAMETRIC_REPRESENTATION_CONTEXT() REPRESENTATION_CONTEXT('2D SPACE',''
  ) );
#2839 = PCURVE('',#2840,#2845);
#2840 = CYLINDRICAL_SURFACE('',#2841,170.);
#2841 = AXIS2_PLACEMENT_3D('',#2842,#2843,#2844);
#2842 = CARTESIAN_POINT('',(1.18E+03,-750.,170.));
#2843 = DIRECTION('',(0.,1.,0.));
#2844 = DIRECTION('',(1.,0.,-0.));
#2845 = DEFINITIONAL_REPRESENTATION('',(#2846),#2849);
#2846 = B_SPLINE_CURVE_WITH_KNOTS('',1,(#2847,#2848),.UNSPECIFIED.,.F.,
  .F.,(2,2),(4.712388980385,6.28318530718),.PIECEWISE_BEZIER_KNOTS.);
#2847 = CARTESIAN_POINT('',(-1.570796326795,170.));
#2848 = CARTESIAN_POINT('',(0.,170.));
#2849 = ( GEOMETRIC_REPRESENTATION_CONTEXT(2) 
PARAMETRIC_REPRESENTATION_CONTEXT() REPRESENTATION_CONTEXT('2D SPACE',''
  ) );
#2850 = ORIENTED_EDGE('',*,*,#2851,.T.);
#2851 = EDGE_CURVE('',#2825,#1644,#2852,.T.);
#2852 = SURFACE_CURVE('',#2853,(#2884,#2918),.PCURVE_S1.);
#2853 = B_SPLINE_CURVE_WITH_KNOTS('',8,(#2854,#2855,#2856,#2857,#2858,
    #2859,#2860,#2861,#2862,#2863,#2864,#2865,#2866,#2867,#2868,#2869,
    #2870,#2871,#2872,#2873,#2874,#2875,#2876,#2877,#2878,#2879,#2880,
    #2881,#2882,#2883),.UNSPECIFIED.,.F.,.F.,(9,7,7,7,9),(0.,
    0.366037993375,0.742378207004,0.950879045719,1.),.UNSPECIFIED.);
#2854 = CARTESIAN_POINT('',(1.186399994562E+03,-580.,339.87948690059));
#2855 = CARTESIAN_POINT('',(1.186399994562E+03,-581.5502580503,
    339.87948690059));
#2856 = CARTESIAN_POINT('',(1.186376582084E+03,-583.090951386,
    339.86420057151));
#2857 = CARTESIAN_POINT('',(1.186330255256E+03,-584.630803442,
    339.83395882639));
#2858 = CARTESIAN_POINT('',(1.18626050319E+03,-586.1731296533,
    339.78859262215));
#2859 = CARTESIAN_POINT('',(1.186166509856E+03,-587.7180444866,
    339.72791020122));
#2860 = CARTESIAN_POINT('',(1.186047342786E+03,-589.264109933,
    339.65184384515));
#2861 = CARTESIAN_POINT('',(1.185901900091E+03,-590.8092833528,
    339.56044706408));
#2862 = CARTESIAN_POINT('',(1.185551009003E+03,-593.9361543487,
    339.34440108929));
#2863 = CARTESIAN_POINT('',(1.185343828257E+03,-595.5190648181,
    339.21879103727));
#2864 = CARTESIAN_POINT('',(1.185105583975E+03,-597.0994042227,
    339.07709687809));
#2865 = CARTESIAN_POINT('',(1.184833977657E+03,-598.6765905414,
    338.91932818601));
#2866 = CARTESIAN_POINT('',(1.184526120741E+03,-600.2497880489,
    338.74551607789));
#2867 = CARTESIAN_POINT('',(1.184178146987E+03,-601.8178591022,
    338.55572140781));
#2868 = CARTESIAN_POINT('',(1.183785068715E+03,-603.37934857,
    338.35004888974));
#2869 = CARTESIAN_POINT('',(1.183091860391E+03,-605.7926566447,
    338.00593922798));
#2870 = CARTESIAN_POINT('',(1.182828512302E+03,-606.6502122638,
    337.87845060386));
#2871 = CARTESIAN_POINT('',(1.18254759543E+03,-607.5047187381,
    337.7461620969));
#2872 = CARTESIAN_POINT('',(1.18224750607E+03,-608.3557363281,
    337.60910393024));
#2873 = CARTESIAN_POINT('',(1.181926343745E+03,-609.2026169759,
    337.4673325906));
#2874 = CARTESIAN_POINT('',(1.18158172512E+03,-610.0444664888,
    337.32093666164));
#2875 = CARTESIAN_POINT('',(1.181210669418E+03,-610.8801232246,
    337.17004294696));
#2876 = CARTESIAN_POINT('',(1.180714086053E+03,-611.9030340158,
    336.97824662034));
#2877 = CARTESIAN_POINT('',(1.180617693218E+03,-612.0976349438,
    336.94143734705));
#2878 = CARTESIAN_POINT('',(1.180519534927E+03,-612.2917746555,
    336.90439134159));
#2879 = CARTESIAN_POINT('',(1.180419551181E+03,-612.4854276384,
    336.86711156894));
#2880 = CARTESIAN_POINT('',(1.18031767781E+03,-612.6785655935,
    336.82960139949));
#2881 = CARTESIAN_POINT('',(1.180213845725E+03,-612.8711572393,
    336.7918646308));
#2882 = CARTESIAN_POINT('',(1.180107980175E+03,-613.0631681154,
    336.75390550939));
#2883 = CARTESIAN_POINT('',(1.18E+03,-613.2545603866,336.71572875253));
#2884 = PCURVE('',#1736,#2885);
#2885 = DEFINITIONAL_REPRESENTATION('',(#2886),#2917);
#2886 = B_SPLINE_CURVE_WITH_KNOTS('',8,(#2887,#2888,#2889,#2890,#2891,
    #2892,#2893,#2894,#2895,#2896,#2897,#2898,#2899,#2900,#2901,#2902,
    #2903,#2904,#2905,#2906,#2907,#2908,#2909,#2910,#2911,#2912,#2913,
    #2914,#2915,#2916),.UNSPECIFIED.,.F.,.F.,(9,7,7,7,9),(0.,
    0.366037993375,0.742378207004,0.950879045719,1.),.UNSPECIFIED.);
#2887 = CARTESIAN_POINT('',(0.,-1.533140401438));
#2888 = CARTESIAN_POINT('',(0.242228026193,-1.533140401438));
#2889 = CARTESIAN_POINT('',(0.489046273217,-1.530703268023));
#2890 = CARTESIAN_POINT('',(0.674903917212,-1.525983606304));
#2891 = CARTESIAN_POINT('',(0.812659124054,-1.519979257147));
#2892 = CARTESIAN_POINT('',(0.920580563078,-1.513268841789));
#2893 = CARTESIAN_POINT('',(1.006698847678,-1.506029592141));
#2894 = CARTESIAN_POINT('',(1.077317551644,-1.498446309106));
#2895 = CARTESIAN_POINT('',(1.197334867366,-1.482578064779));
#2896 = CARTESIAN_POINT('',(1.246136419517,-1.474272661808));
#2897 = CARTESIAN_POINT('',(1.287399053219,-1.46580999236));
#2898 = CARTESIAN_POINT('',(1.323342067079,-1.457233033315));
#2899 = CARTESIAN_POINT('',(1.355439183118,-1.448573758433));
#2900 = CARTESIAN_POINT('',(1.384701814124,-1.439851936019));
#2901 = CARTESIAN_POINT('',(1.411895203945,-1.431083806683));
#2902 = CARTESIAN_POINT('',(1.451943521296,-1.417404169046));
#2903 = CARTESIAN_POINT('',(1.465781349767,-1.412517699762));
#2904 = CARTESIAN_POINT('',(1.479291272672,-1.407623164198));
#2905 = CARTESIAN_POINT('',(1.492571415005,-1.402722514013));
#2906 = CARTESIAN_POINT('',(1.505713625968,-1.397818270404));
#2907 = CARTESIAN_POINT('',(1.518810991378,-1.392913557299));
#2908 = CARTESIAN_POINT('',(1.531962731879,-1.388012122862));
#2909 = CARTESIAN_POINT('',(1.548436013663,-1.381965257799));
#2910 = CARTESIAN_POINT('',(1.551586909099,-1.380812751769));
#2911 = CARTESIAN_POINT('',(1.55474934494,-1.379660768336));
#2912 = CARTESIAN_POINT('',(1.557924996028,-1.378509384957));
#2913 = CARTESIAN_POINT('',(1.561115613151,-1.377358688649));
#2914 = CARTESIAN_POINT('',(1.564323042995,-1.376208776105));
#2915 = CARTESIAN_POINT('',(1.567549248098,-1.375059753803));
#2916 = CARTESIAN_POINT('',(1.570796326795,-1.37391173812));
#2917 = ( GEOMETRIC_REPRESENTATION_CONTEXT(2) 
PARAMETRIC_REPRESENTATION_CONTEXT() REPRESENTATION_CONTEXT('2D SPACE',''
  ) );
#2918 = PCURVE('',#1693,#2919);
#2919 = DEFINITIONAL_REPRESENTATION('',(#2920),#2951);
#2920 = B_SPLINE_CURVE_WITH_KNOTS('',8,(#2921,#2922,#2923,#2924,#2925,
    #2926,#2927,#2928,#2929,#2930,#2931,#2932,#2933,#2934,#2935,#2936,
    #2937,#2938,#2939,#2940,#2941,#2942,#2943,#2944,#2945,#2946,#2947,
    #2948,#2949,#2950),.UNSPECIFIED.,.F.,.F.,(9,7,7,7,9),(0.,
    0.366037993375,0.742378207004,0.950879045719,1.),.UNSPECIFIED.);
#2921 = CARTESIAN_POINT('',(0.992418313283,110.));
#2922 = CARTESIAN_POINT('',(0.992418313283,108.44974194967));
#2923 = CARTESIAN_POINT('',(0.993350344263,106.90904861393));
#2924 = CARTESIAN_POINT('',(0.995194477839,105.36919655799));
#2925 = CARTESIAN_POINT('',(0.997968046763,103.8268703466));
#2926 = CARTESIAN_POINT('',(1.001697328206,102.28195551337));
#2927 = CARTESIAN_POINT('',(1.006409679722,100.73589006692));
#2928 = CARTESIAN_POINT('',(1.012135302067,99.190716647147));
#2929 = CARTESIAN_POINT('',(1.025870917545,96.063845651278));
#2930 = CARTESIAN_POINT('',(1.033946877558,94.480935181837));
#2931 = CARTESIAN_POINT('',(1.043186154868,92.900595777218));
#2932 = CARTESIAN_POINT('',(1.053655094065,91.323409458595));
#2933 = CARTESIAN_POINT('',(1.06543744517,89.750211951088));
#2934 = CARTESIAN_POINT('',(1.078646855011,88.182140897756));
#2935 = CARTESIAN_POINT('',(1.093431325064,86.620651429952));
#2936 = CARTESIAN_POINT('',(1.119228595358,84.207343355204));
#2937 = CARTESIAN_POINT('',(1.128980926497,83.349787736121));
#2938 = CARTESIAN_POINT('',(1.139330130995,82.495281261892));
#2939 = CARTESIAN_POINT('',(1.150325447981,81.64426367185));
#2940 = CARTESIAN_POINT('',(1.16202539751,80.797383024053));
#2941 = CARTESIAN_POINT('',(1.174503880188,79.955533511102));
#2942 = CARTESIAN_POINT('',(1.187853922174,79.119876775307));
#2943 = CARTESIAN_POINT('',(1.205598432103,78.096965984156));
#2944 = CARTESIAN_POINT('',(1.209037803257,77.902365056123));
#2945 = CARTESIAN_POINT('',(1.212534972973,77.708225344467));
#2946 = CARTESIAN_POINT('',(1.21609183828,77.514572361581));
#2947 = CARTESIAN_POINT('',(1.219710430569,77.321434406428));
#2948 = CARTESIAN_POINT('',(1.22339294029,77.128842760624));
#2949 = CARTESIAN_POINT('',(1.227141741656,76.936831884531));
#2950 = CARTESIAN_POINT('',(1.230959417341,76.745439613338));
#2951 = ( GEOMETRIC_REPRESENTATION_CONTEXT(2) 
PARAMETRIC_REPRESENTATION_CONTEXT() REPRESENTATION_CONTEXT('2D SPACE',''
  ) );
#2952 = ORIENTED_EDGE('',*,*,#1722,.T.);
#2953 = ORIENTED_EDGE('',*,*,#1804,.F.);
#2954 = ADVANCED_FACE('',(#2955),#1693,.T.);
#2955 = FACE_BOUND('',#2956,.T.);
#2956 = EDGE_LOOP('',(#2957,#2986,#2987,#2988,#2989,#3010,#3154,#3155,
    #3156,#3185));
#2957 = ORIENTED_EDGE('',*,*,#2958,.F.);
#2958 = EDGE_CURVE('',#2501,#2959,#2961,.T.);
#2959 = VERTEX_POINT('',#2960);
#2960 = CARTESIAN_POINT('',(1.2E+03,-660.,365.));
#2961 = SURFACE_CURVE('',#2962,(#2967,#2974),.PCURVE_S1.);
#2962 = CIRCLE('',#2963,30.);
#2963 = AXIS2_PLACEMENT_3D('',#2964,#2965,#2966);
#2964 = CARTESIAN_POINT('',(1.17E+03,-660.,365.));
#2965 = DIRECTION('',(0.,-1.,0.));
#2966 = DIRECTION('',(1.,0.,0.));
#2967 = PCURVE('',#1693,#2968);
#2968 = DEFINITIONAL_REPRESENTATION('',(#2969),#2973);
#2969 = LINE('',#2970,#2971);
#2970 = CARTESIAN_POINT('',(6.28318530718,30.));
#2971 = VECTOR('',#2972,1.);
#2972 = DIRECTION('',(-1.,-0.));
#2973 = ( GEOMETRIC_REPRESENTATION_CONTEXT(2) 
PARAMETRIC_REPRESENTATION_CONTEXT() REPRESENTATION_CONTEXT('2D SPACE',''
  ) );
#2974 = PCURVE('',#2975,#2980);
#2975 = SPHERICAL_SURFACE('',#2976,30.);
#2976 = AXIS2_PLACEMENT_3D('',#2977,#2978,#2979);
#2977 = CARTESIAN_POINT('',(1.17E+03,-660.,365.));
#2978 = DIRECTION('',(0.,0.,1.));
#2979 = DIRECTION('',(1.,0.,-0.));
#2980 = DEFINITIONAL_REPRESENTATION('',(#2981),#2985);
#2981 = LINE('',#2982,#2983);
#2982 = CARTESIAN_POINT('',(-0.,-6.28318530718));
#2983 = VECTOR('',#2984,1.);
#2984 = DIRECTION('',(-0.,1.));
#2985 = ( GEOMETRIC_REPRESENTATION_CONTEXT(2) 
PARAMETRIC_REPRESENTATION_CONTEXT() REPRESENTATION_CONTEXT('2D SPACE',''
  ) );
#2986 = ORIENTED_EDGE('',*,*,#2523,.T.);
#2987 = ORIENTED_EDGE('',*,*,#1643,.F.);
#2988 = ORIENTED_EDGE('',*,*,#2851,.F.);
#2989 = ORIENTED_EDGE('',*,*,#2990,.T.);
#2990 = EDGE_CURVE('',#2825,#2991,#2993,.T.);
#2991 = VERTEX_POINT('',#2992);
#2992 = CARTESIAN_POINT('',(1.186399994562E+03,580.,339.87948690059));
#2993 = SURFACE_CURVE('',#2994,(#2998,#3004),.PCURVE_S1.);
#2994 = LINE('',#2995,#2996);
#2995 = CARTESIAN_POINT('',(1.186399994562E+03,-750.,339.87948690059));
#2996 = VECTOR('',#2997,1.);
#2997 = DIRECTION('',(0.,1.,0.));
#2998 = PCURVE('',#1693,#2999);
#2999 = DEFINITIONAL_REPRESENTATION('',(#3000),#3003);
#3000 = B_SPLINE_CURVE_WITH_KNOTS('',1,(#3001,#3002),.UNSPECIFIED.,.F.,
  .F.,(2,2),(169.9999994,1.3300000006E+03),.PIECEWISE_BEZIER_KNOTS.);
#3001 = CARTESIAN_POINT('',(0.992418313283,109.9999994));
#3002 = CARTESIAN_POINT('',(0.992418313283,1.2700000006E+03));
#3003 = ( GEOMETRIC_REPRESENTATION_CONTEXT(2) 
PARAMETRIC_REPRESENTATION_CONTEXT() REPRESENTATION_CONTEXT('2D SPACE',''
  ) );
#3004 = PCURVE('',#2840,#3005);
#3005 = DEFINITIONAL_REPRESENTATION('',(#3006),#3009);
#3006 = B_SPLINE_CURVE_WITH_KNOTS('',1,(#3007,#3008),.UNSPECIFIED.,.F.,
  .F.,(2,2),(169.9999994,1.3300000006E+03),.PIECEWISE_BEZIER_KNOTS.);
#3007 = CARTESIAN_POINT('',(-1.533140401438,169.9999994));
#3008 = CARTESIAN_POINT('',(-1.533140401438,1.3300000006E+03));
#3009 = ( GEOMETRIC_REPRESENTATION_CONTEXT(2) 
PARAMETRIC_REPRESENTATION_CONTEXT() REPRESENTATION_CONTEXT('2D SPACE',''
  ) );
#3010 = ORIENTED_EDGE('',*,*,#3011,.F.);
#3011 = EDGE_CURVE('',#2153,#2991,#3012,.T.);
#3012 = SURFACE_CURVE('',#3013,(#3058,#3106),.PCURVE_S1.);
#3013 = B_SPLINE_CURVE_WITH_KNOTS('',8,(#3014,#3015,#3016,#3017,#3018,
    #3019,#3020,#3021,#3022,#3023,#3024,#3025,#3026,#3027,#3028,#3029,
    #3030,#3031,#3032,#3033,#3034,#3035,#3036,#3037,#3038,#3039,#3040,
    #3041,#3042,#3043,#3044,#3045,#3046,#3047,#3048,#3049,#3050,#3051,
    #3052,#3053,#3054,#3055,#3056,#3057),.UNSPECIFIED.,.F.,.F.,(9,7,7,7,
    7,7,9),(0.,6.99403321905E-02,0.152719117051,0.253113888283,
    0.379559238866,0.554165590666,1.),.UNSPECIFIED.);
#3014 = CARTESIAN_POINT('',(1.18E+03,613.25456038666,336.71572875253));
#3015 = CARTESIAN_POINT('',(1.180153641666E+03,612.98223421685,
    336.77004928441));
#3016 = CARTESIAN_POINT('',(1.18030300125E+03,612.70865710885,
    336.8239289059));
#3017 = CARTESIAN_POINT('',(1.180448313802E+03,612.43393665264,
    336.87735433628));
#3018 = CARTESIAN_POINT('',(1.180589786638E+03,612.15816721631,
    336.93031404035));
#3019 = CARTESIAN_POINT('',(1.180727605259E+03,611.88143146106,
    336.98279811552));
#3020 = CARTESIAN_POINT('',(1.180861937871E+03,611.60380149178,
    337.03479818342));
#3021 = CARTESIAN_POINT('',(1.180992938496E+03,611.32533964349,
    337.086307286));
#3022 = CARTESIAN_POINT('',(1.181272020085E+03,610.71559991333,
    337.19769629037));
#3023 = CARTESIAN_POINT('',(1.181418820403E+03,610.38401468874,
    337.25737627166));
#3024 = CARTESIAN_POINT('',(1.181561382732E+03,610.05143310447,
    337.31635002182));
#3025 = CARTESIAN_POINT('',(1.181699914873E+03,609.7179347259,
    337.37460909776));
#3026 = CARTESIAN_POINT('',(1.181834602904E+03,609.38358955707,
    337.43214624761));
#3027 = CARTESIAN_POINT('',(1.181965614742E+03,609.04845878895,
    337.4889553369));
#3028 = CARTESIAN_POINT('',(1.182093103719E+03,608.71259554762,
    337.54503127471));
#3029 = CARTESIAN_POINT('',(1.182367731833E+03,607.96787523052,
    337.66748511493));
#3030 = CARTESIAN_POINT('',(1.182513277416E+03,607.55869899941,
    337.73351514036));
#3031 = CARTESIAN_POINT('',(1.182654099803E+03,607.14859988613,
    337.79845240561));
#3032 = CARTESIAN_POINT('',(1.182790422607E+03,606.73765154531,
    337.86229031075));
#3033 = CARTESIAN_POINT('',(1.182922445896E+03,606.32591898012,
    337.92502321033));
#3034 = CARTESIAN_POINT('',(1.183050349951E+03,605.91345917313,
    337.98664635724));
#3035 = CARTESIAN_POINT('',(1.183174299018E+03,605.50032171714,
    338.04715584658));
#3036 = CARTESIAN_POINT('',(1.183445766784E+03,604.56541095211,
    338.18135257887));
#3037 = CARTESIAN_POINT('',(1.183591054069E+03,604.04326991743,
    338.25438440672));
#3038 = CARTESIAN_POINT('',(1.183730608417E+03,603.52021318478,
    338.32563761669));
#3039 = CARTESIAN_POINT('',(1.183864695043E+03,602.99631774408,
    338.39510664118));
#3040 = CARTESIAN_POINT('',(1.183993550008E+03,602.47165164996,
    338.46278677735));
#3041 = CARTESIAN_POINT('',(1.184117385701E+03,601.94627472268,
    338.5286741563));
#3042 = CARTESIAN_POINT('',(1.184236394674E+03,601.42023903258,
    338.59276567526));
#3043 = CARTESIAN_POINT('',(1.184508665786E+03,600.16634683702,
    338.74107859585));
#3044 = CARTESIAN_POINT('',(1.184657708086E+03,599.43794029006,
    338.82366841172));
#3045 = CARTESIAN_POINT('',(1.18479833918E+03,598.70848875989,
    338.90282181414));
#3046 = CARTESIAN_POINT('',(1.184930954593E+03,597.97809772588,
    338.97853321794));
#3047 = CARTESIAN_POINT('',(1.18505589837E+03,597.24686015535,
    339.0507980621));
#3048 = CARTESIAN_POINT('',(1.185173473178E+03,596.51485742758,
    339.11961279075));
#3049 = CARTESIAN_POINT('',(1.185283947066E+03,595.78215994031,
    339.18497473218));
#3050 = CARTESIAN_POINT('',(1.185652110964E+03,593.17635897514,
    339.40495364468));
#3051 = CARTESIAN_POINT('',(1.185871901964E+03,591.2998347491,
    339.54049407635));
#3052 = CARTESIAN_POINT('',(1.186050890012E+03,589.42020363146,
    339.65347724893));
#3053 = CARTESIAN_POINT('',(1.186191690448E+03,587.53827537545,
    339.74387682206));
#3054 = CARTESIAN_POINT('',(1.186296132423E+03,585.65474808867,
    339.81167990665));
#3055 = CARTESIAN_POINT('',(1.186365370986E+03,583.77021414907,
    339.85688288548));
#3056 = CARTESIAN_POINT('',(1.186399994562E+03,581.88516686206,
    339.87948690059));
#3057 = CARTESIAN_POINT('',(1.186399994562E+03,580.,339.87948690059));
#3058 = PCURVE('',#1693,#3059);
#3059 = DEFINITIONAL_REPRESENTATION('',(#3060),#3105);
#3060 = B_SPLINE_CURVE_WITH_KNOTS('',8,(#3061,#3062,#3063,#3064,#3065,
    #3066,#3067,#3068,#3069,#3070,#3071,#3072,#3073,#3074,#3075,#3076,
    #3077,#3078,#3079,#3080,#3081,#3082,#3083,#3084,#3085,#3086,#3087,
    #3088,#3089,#3090,#3091,#3092,#3093,#3094,#3095,#3096,#3097,#3098,
    #3099,#3100,#3101,#3102,#3103,#3104),.UNSPECIFIED.,.F.,.F.,(9,7,7,7,
    7,7,9),(0.,6.99403321905E-02,0.152719117051,0.253113888283,
    0.379559238866,0.554165590666,1.),.UNSPECIFIED.);
#3061 = CARTESIAN_POINT('',(1.230959417341,1.303254560387E+03));
#3062 = CARTESIAN_POINT('',(1.225527364153,1.302982234217E+03));
#3063 = CARTESIAN_POINT('',(1.220234782776,1.302708657109E+03));
#3064 = CARTESIAN_POINT('',(1.215074189833,1.302433936653E+03));
#3065 = CARTESIAN_POINT('',(1.210039006217,1.302158167216E+03));
#3066 = CARTESIAN_POINT('',(1.205123360672,1.301881431461E+03));
#3067 = CARTESIAN_POINT('',(1.200321940062,1.301603801492E+03));
#3068 = CARTESIAN_POINT('',(1.195629886329,1.301325339643E+03));
#3069 = CARTESIAN_POINT('',(1.185613563909,1.300715599913E+03));
#3070 = CARTESIAN_POINT('',(1.18033141171,1.300384014689E+03));
#3071 = CARTESIAN_POINT('',(1.175188945572,1.300051433104E+03));
#3072 = CARTESIAN_POINT('',(1.170179646269,1.299717934726E+03));
#3073 = CARTESIAN_POINT('',(1.165297695706,1.299383589557E+03));
#3074 = CARTESIAN_POINT('',(1.160537859312,1.299048458789E+03));
#3075 = CARTESIAN_POINT('',(1.155895368431,1.298712595548E+03));
#3076 = CARTESIAN_POINT('',(1.14587230926,1.297967875231E+03));
#3077 = CARTESIAN_POINT('',(1.140544977408,1.297558698999E+03));
#3078 = CARTESIAN_POINT('',(1.135376021741,1.297148599886E+03));
#3079 = CARTESIAN_POINT('',(1.130358533455,1.296737651545E+03));
#3080 = CARTESIAN_POINT('',(1.125486357252,1.29632591898E+03));
#3081 = CARTESIAN_POINT('',(1.120753968223,1.295913459173E+03));
#3082 = CARTESIAN_POINT('',(1.116156348734,1.295500321717E+03));
#3083 = CARTESIAN_POINT('',(1.106062152879,1.294565410952E+03));
#3084 = CARTESIAN_POINT('',(1.100641937039,1.294043269917E+03));
#3085 = CARTESIAN_POINT('',(1.095419032517,1.293520213185E+03));
#3086 = CARTESIAN_POINT('',(1.090385408008,1.292996317744E+03));
#3087 = CARTESIAN_POINT('',(1.085533952814,1.29247165165E+03));
#3088 = CARTESIAN_POINT('',(1.080858297886,1.291946274723E+03));
#3089 = CARTESIAN_POINT('',(1.076352691263,1.291420239033E+03));
#3090 = CARTESIAN_POINT('',(1.066017837566,1.290166346837E+03));
#3091 = CARTESIAN_POINT('',(1.060338130058,1.28943794029E+03));
#3092 = CARTESIAN_POINT('',(1.054959103894,1.28870848876E+03));
#3093 = CARTESIAN_POINT('',(1.049869084803,1.287978097726E+03));
#3094 = CARTESIAN_POINT('',(1.045057988109,1.287246860155E+03));
#3095 = CARTESIAN_POINT('',(1.040516991144,1.286514857428E+03));
#3096 = CARTESIAN_POINT('',(1.036238315712,1.28578215994E+03));
#3097 = CARTESIAN_POINT('',(1.021942419739,1.283176358975E+03));
#3098 = CARTESIAN_POINT('',(1.013335819754,1.281299834749E+03));
#3099 = CARTESIAN_POINT('',(1.006280797417,1.279420203631E+03));
#3100 = CARTESIAN_POINT('',(1.000703552179,1.277538275375E+03));
#3101 = CARTESIAN_POINT('',(0.996552871711,1.275654748089E+03));
#3102 = CARTESIAN_POINT('',(0.993796611298,1.273770214149E+03));
#3103 = CARTESIAN_POINT('',(0.992418313283,1.271885166862E+03));
#3104 = CARTESIAN_POINT('',(0.992418313283,1.27E+03));
#3105 = ( GEOMETRIC_REPRESENTATION_CONTEXT(2) 
PARAMETRIC_REPRESENTATION_CONTEXT() REPRESENTATION_CONTEXT('2D SPACE',''
  ) );
#3106 = PCURVE('',#2240,#3107);
#3107 = DEFINITIONAL_REPRESENTATION('',(#3108),#3153);
#3108 = B_SPLINE_CURVE_WITH_KNOTS('',8,(#3109,#3110,#3111,#3112,#3113,
    #3114,#3115,#3116,#3117,#3118,#3119,#3120,#3121,#3122,#3123,#3124,
    #3125,#3126,#3127,#3128,#3129,#3130,#3131,#3132,#3133,#3134,#3135,
    #3136,#3137,#3138,#3139,#3140,#3141,#3142,#3143,#3144,#3145,#3146,
    #3147,#3148,#3149,#3150,#3151,#3152),.UNSPECIFIED.,.F.,.F.,(9,7,7,7,
    7,7,9),(0.,6.99403321905E-02,0.152719117051,0.253113888283,
    0.379559238866,0.554165590666,1.),.UNSPECIFIED.);
#3109 = CARTESIAN_POINT('',(1.570796326795,-0.196884588675));
#3110 = CARTESIAN_POINT('',(1.569874748088,-0.195251112507));
#3111 = CARTESIAN_POINT('',(1.568979540654,-0.193610741183));
#3112 = CARTESIAN_POINT('',(1.568109252879,-0.191964122395));
#3113 = CARTESIAN_POINT('',(1.567262602261,-0.190311822999));
#3114 = CARTESIAN_POINT('',(1.566438439577,-0.188654338375));
#3115 = CARTESIAN_POINT('',(1.565635721531,-0.186992099574));
#3116 = CARTESIAN_POINT('',(1.564853491893,-0.185325478251));
#3117 = CARTESIAN_POINT('',(1.563188261476,-0.181677423926));
#3118 = CARTESIAN_POINT('',(1.562313131362,-0.179694389608));
#3119 = CARTESIAN_POINT('',(1.561464032095,-0.177706220651));
#3120 = CARTESIAN_POINT('',(1.560639670107,-0.175713388147));
#3121 = CARTESIAN_POINT('',(1.559838885266,-0.173716304743));
#3122 = CARTESIAN_POINT('',(1.559060629182,-0.171715329337));
#3123 = CARTESIAN_POINT('',(1.55830394351,-0.169710771782));
#3124 = CARTESIAN_POINT('',(1.556675305214,-0.165267731716));
#3125 = CARTESIAN_POINT('',(1.555813100798,-0.162827712422));
#3126 = CARTESIAN_POINT('',(1.554979755188,-0.160383320471));
#3127 = CARTESIAN_POINT('',(1.554173867006,-0.157934979685));
#3128 = CARTESIAN_POINT('',(1.553394180381,-0.155483060943));
#3129 = CARTESIAN_POINT('',(1.552639562008,-0.153027886192));
#3130 = CARTESIAN_POINT('',(1.551908978207,-0.150569732452));
#3131 = CARTESIAN_POINT('',(1.550310381025,-0.145009382214));
#3132 = CARTESIAN_POINT('',(1.549455908133,-0.141905604104));
#3133 = CARTESIAN_POINT('',(1.548636154144,-0.138797980616));
#3134 = CARTESIAN_POINT('',(1.54784944515,-0.135686930311));
#3135 = CARTESIAN_POINT('',(1.547094288826,-0.132572817046));
#3136 = CARTESIAN_POINT('',(1.54636934079,-0.129455954488));
#3137 = CARTESIAN_POINT('',(1.545673381,-0.126336609279));
#3138 = CARTESIAN_POINT('',(1.54408275811,-0.118904426712));
#3139 = CARTESIAN_POINT('',(1.543213384827,-0.114589579787));
#3140 = CARTESIAN_POINT('',(1.54239425993,-0.110271055865));
#3141 = CARTESIAN_POINT('',(1.541622869637,-0.105949364095));
#3142 = CARTESIAN_POINT('',(1.54089702386,-0.10162493711));
#3143 = CARTESIAN_POINT('',(1.540214793742,-9.729813713557E-02));
#3144 = CARTESIAN_POINT('',(1.539574469669,-9.296926007619E-02));
#3145 = CARTESIAN_POINT('',(1.537442697374,-7.758060596003E-02));
#3146 = CARTESIAN_POINT('',(1.536174278592,-6.651114207349E-02));
#3147 = CARTESIAN_POINT('',(1.535144012888,-5.543373467925E-02));
#3148 = CARTESIAN_POINT('',(1.534335132597,-4.435110697323E-02));
#3149 = CARTESIAN_POINT('',(1.533735905896,-3.326530199801E-02));
#3150 = CARTESIAN_POINT('',(1.533338919455,-2.217773028729E-02));
#3151 = CARTESIAN_POINT('',(1.533140401438,-1.108921683567E-02));
#3152 = CARTESIAN_POINT('',(1.533140401438,0.));
#3153 = ( GEOMETRIC_REPRESENTATION_CONTEXT(2) 
PARAMETRIC_REPRESENTATION_CONTEXT() REPRESENTATION_CONTEXT('2D SPACE',''
  ) );
#3154 = ORIENTED_EDGE('',*,*,#2152,.T.);
#3155 = ORIENTED_EDGE('',*,*,#2452,.T.);
#3156 = ORIENTED_EDGE('',*,*,#3157,.T.);
#3157 = EDGE_CURVE('',#2453,#3158,#3160,.T.);
#3158 = VERTEX_POINT('',#3159);
#3159 = CARTESIAN_POINT('',(1.2E+03,660.,365.));
#3160 = SURFACE_CURVE('',#3161,(#3166,#3173),.PCURVE_S1.);
#3161 = CIRCLE('',#3162,30.);
#3162 = AXIS2_PLACEMENT_3D('',#3163,#3164,#3165);
#3163 = CARTESIAN_POINT('',(1.17E+03,660.,365.));
#3164 = DIRECTION('',(0.,-1.,0.));
#3165 = DIRECTION('',(1.,0.,0.));
#3166 = PCURVE('',#1693,#3167);
#3167 = DEFINITIONAL_REPRESENTATION('',(#3168),#3172);
#3168 = LINE('',#3169,#3170);
#3169 = CARTESIAN_POINT('',(6.28318530718,1.35E+03));
#3170 = VECTOR('',#3171,1.);
#3171 = DIRECTION('',(-1.,-0.));
#3172 = ( GEOMETRIC_REPRESENTATION_CONTEXT(2) 
PARAMETRIC_REPRESENTATION_CONTEXT() REPRESENTATION_CONTEXT('2D SPACE',''
  ) );
#3173 = PCURVE('',#3174,#3179);
#3174 = SPHERICAL_SURFACE('',#3175,30.);
#3175 = AXIS2_PLACEMENT_3D('',#3176,#3177,#3178);
#3176 = CARTESIAN_POINT('',(1.17E+03,660.,365.));
#3177 = DIRECTION('',(0.,0.,1.));
#3178 = DIRECTION('',(1.,0.,-0.));
#3179 = DEFINITIONAL_REPRESENTATION('',(#3180),#3184);
#3180 = LINE('',#3181,#3182);
#3181 = CARTESIAN_POINT('',(0.,-6.28318530718));
#3182 = VECTOR('',#3183,1.);
#3183 = DIRECTION('',(0.,1.));
#3184 = ( GEOMETRIC_REPRESENTATION_CONTEXT(2) 
PARAMETRIC_REPRESENTATION_CONTEXT() REPRESENTATION_CONTEXT('2D SPACE',''
  ) );
#3185 = ORIENTED_EDGE('',*,*,#3186,.F.);
#3186 = EDGE_CURVE('',#2959,#3158,#3187,.T.);
#3187 = SURFACE_CURVE('',#3188,(#3192,#3199),.PCURVE_S1.);
#3188 = LINE('',#3189,#3190);
#3189 = CARTESIAN_POINT('',(1.2E+03,-690.,365.));
#3190 = VECTOR('',#3191,1.);
#3191 = DIRECTION('',(0.,1.,0.));
#3192 = PCURVE('',#1693,#3193);
#3193 = DEFINITIONAL_REPRESENTATION('',(#3194),#3198);
#3194 = LINE('',#3195,#3196);
#3195 = CARTESIAN_POINT('',(0.,0.));
#3196 = VECTOR('',#3197,1.);
#3197 = DIRECTION('',(0.,1.));
#3198 = ( GEOMETRIC_REPRESENTATION_CONTEXT(2) 
PARAMETRIC_REPRESENTATION_CONTEXT() REPRESENTATION_CONTEXT('2D SPACE',''
  ) );
#3199 = PCURVE('',#3200,#3205);
#3200 = PLANE('',#3201);
#3201 = AXIS2_PLACEMENT_3D('',#3202,#3203,#3204);
#3202 = CARTESIAN_POINT('',(1.2E+03,-690.,335.));
#3203 = DIRECTION('',(1.,0.,0.));
#3204 = DIRECTION('',(0.,0.,1.));
#3205 = DEFINITIONAL_REPRESENTATION('',(#3206),#3210);
#3206 = LINE('',#3207,#3208);
#3207 = CARTESIAN_POINT('',(30.,0.));
#3208 = VECTOR('',#3209,1.);
#3209 = DIRECTION('',(0.,-1.));
#3210 = ( GEOMETRIC_REPRESENTATION_CONTEXT(2) 
PARAMETRIC_REPRESENTATION_CONTEXT() REPRESENTATION_CONTEXT('2D SPACE',''
  ) );
#3211 = ADVANCED_FACE('',(#3212),#1769,.T.);
#3212 = FACE_BOUND('',#3213,.T.);
#3213 = EDGE_LOOP('',(#3214,#3215,#3216,#3217));
#3214 = ORIENTED_EDGE('',*,*,#1751,.F.);
#3215 = ORIENTED_EDGE('',*,*,#2104,.T.);
#3216 = ORIENTED_EDGE('',*,*,#2548,.T.);
#3217 = ORIENTED_EDGE('',*,*,#3218,.F.);
#3218 = EDGE_CURVE('',#1754,#2549,#3219,.T.);
#3219 = SURFACE_CURVE('',#3220,(#3224,#3231),.PCURVE_S1.);
#3220 = LINE('',#3221,#3222);
#3221 = CARTESIAN_POINT('',(1.35E+03,-750.,170.));
#3222 = VECTOR('',#3223,1.);
#3223 = DIRECTION('',(0.,1.,0.));
#3224 = PCURVE('',#1769,#3225);
#3225 = DEFINITIONAL_REPRESENTATION('',(#3226),#3230);
#3226 = LINE('',#3227,#3228);
#3227 = CARTESIAN_POINT('',(510.,0.));
#3228 = VECTOR('',#3229,1.);
#3229 = DIRECTION('',(0.,-1.));
#3230 = ( GEOMETRIC_REPRESENTATION_CONTEXT(2) 
PARAMETRIC_REPRESENTATION_CONTEXT() REPRESENTATION_CONTEXT('2D SPACE',''
  ) );
#3231 = PCURVE('',#2840,#3232);
#3232 = DEFINITIONAL_REPRESENTATION('',(#3233),#3237);
#3233 = LINE('',#3234,#3235);
#3234 = CARTESIAN_POINT('',(-0.,0.));
#3235 = VECTOR('',#3236,1.);
#3236 = DIRECTION('',(-0.,1.));
#3237 = ( GEOMETRIC_REPRESENTATION_CONTEXT(2) 
PARAMETRIC_REPRESENTATION_CONTEXT() REPRESENTATION_CONTEXT('2D SPACE',''
  ) );
#3238 = ADVANCED_FACE('',(#3239),#1868,.F.);
#3239 = FACE_BOUND('',#3240,.T.);
#3240 = EDGE_LOOP('',(#3241,#3242,#3243,#3244));
#3241 = ORIENTED_EDGE('',*,*,#1852,.F.);
#3242 = ORIENTED_EDGE('',*,*,#2004,.T.);
#3243 = ORIENTED_EDGE('',*,*,#1977,.T.);
#3244 = ORIENTED_EDGE('',*,*,#1928,.F.);
#3245 = ADVANCED_FACE('',(#3246),#2046,.T.);
#3246 = FACE_BOUND('',#3247,.T.);
#3247 = EDGE_LOOP('',(#3248,#3249,#3250));
#3248 = ORIENTED_EDGE('',*,*,#2082,.F.);
#3249 = ORIENTED_EDGE('',*,*,#2032,.T.);
#3250 = ORIENTED_EDGE('',*,*,#2571,.F.);
#3251 = ADVANCED_FACE('',(#3252),#2240,.T.);
#3252 = FACE_BOUND('',#3253,.T.);
#3253 = EDGE_LOOP('',(#3254,#3255,#3256,#3257));
#3254 = ORIENTED_EDGE('',*,*,#2594,.F.);
#3255 = ORIENTED_EDGE('',*,*,#2226,.T.);
#3256 = ORIENTED_EDGE('',*,*,#3011,.T.);
#3257 = ORIENTED_EDGE('',*,*,#3258,.F.);
#3258 = EDGE_CURVE('',#2549,#2991,#3259,.T.);
#3259 = SURFACE_CURVE('',#3260,(#3265,#3272),.PCURVE_S1.);
#3260 = CIRCLE('',#3261,170.);
#3261 = AXIS2_PLACEMENT_3D('',#3262,#3263,#3264);
#3262 = CARTESIAN_POINT('',(1.18E+03,580.,170.));
#3263 = DIRECTION('',(-0.,-1.,0.));
#3264 = DIRECTION('',(1.,-0.,1.671865260612E-16));
#3265 = PCURVE('',#2240,#3266);
#3266 = DEFINITIONAL_REPRESENTATION('',(#3267),#3271);
#3267 = LINE('',#3268,#3269);
#3268 = CARTESIAN_POINT('',(0.,0.));
#3269 = VECTOR('',#3270,1.);
#3270 = DIRECTION('',(1.,0.));
#3271 = ( GEOMETRIC_REPRESENTATION_CONTEXT(2) 
PARAMETRIC_REPRESENTATION_CONTEXT() REPRESENTATION_CONTEXT('2D SPACE',''
  ) );
#3272 = PCURVE('',#2840,#3273);
#3273 = DEFINITIONAL_REPRESENTATION('',(#3274),#3278);
#3274 = LINE('',#3275,#3276);
#3275 = CARTESIAN_POINT('',(-0.,1.33E+03));
#3276 = VECTOR('',#3277,1.);
#3277 = DIRECTION('',(-1.,0.));
#3278 = ( GEOMETRIC_REPRESENTATION_CONTEXT(2) 
PARAMETRIC_REPRESENTATION_CONTEXT() REPRESENTATION_CONTEXT('2D SPACE',''
  ) );
#3279 = ADVANCED_FACE('',(#3280),#2272,.T.);
#3280 = FACE_BOUND('',#3281,.T.);
#3281 = EDGE_LOOP('',(#3282,#3283,#3284,#3308));
#3282 = ORIENTED_EDGE('',*,*,#2255,.F.);
#3283 = ORIENTED_EDGE('',*,*,#2500,.T.);
#3284 = ORIENTED_EDGE('',*,*,#3285,.T.);
#3285 = EDGE_CURVE('',#2501,#3286,#3288,.T.);
#3286 = VERTEX_POINT('',#3287);
#3287 = CARTESIAN_POINT('',(1.17E+03,-690.,365.));
#3288 = SURFACE_CURVE('',#3289,(#3294,#3301),.PCURVE_S1.);
#3289 = CIRCLE('',#3290,30.);
#3290 = AXIS2_PLACEMENT_3D('',#3291,#3292,#3293);
#3291 = CARTESIAN_POINT('',(1.17E+03,-660.,365.));
#3292 = DIRECTION('',(-1.,-6.123233995737E-17,0.));
#3293 = DIRECTION('',(6.123233995737E-17,-1.,-0.));
#3294 = PCURVE('',#2272,#3295);
#3295 = DEFINITIONAL_REPRESENTATION('',(#3296),#3300);
#3296 = LINE('',#3297,#3298);
#3297 = CARTESIAN_POINT('',(6.28318530718,2.37E+03));
#3298 = VECTOR('',#3299,1.);
#3299 = DIRECTION('',(-1.,-0.));
#3300 = ( GEOMETRIC_REPRESENTATION_CONTEXT(2) 
PARAMETRIC_REPRESENTATION_CONTEXT() REPRESENTATION_CONTEXT('2D SPACE',''
  ) );
#3301 = PCURVE('',#2975,#3302);
#3302 = DEFINITIONAL_REPRESENTATION('',(#3303),#3307);
#3303 = LINE('',#3304,#3305);
#3304 = CARTESIAN_POINT('',(-1.570796326795,-6.28318530718));
#3305 = VECTOR('',#3306,1.);
#3306 = DIRECTION('',(-0.,1.));
#3307 = ( GEOMETRIC_REPRESENTATION_CONTEXT(2) 
PARAMETRIC_REPRESENTATION_CONTEXT() REPRESENTATION_CONTEXT('2D SPACE',''
  ) );
#3308 = ORIENTED_EDGE('',*,*,#3309,.F.);
#3309 = EDGE_CURVE('',#2256,#3286,#3310,.T.);
#3310 = SURFACE_CURVE('',#3311,(#3315,#3322),.PCURVE_S1.);
#3311 = LINE('',#3312,#3313);
#3312 = CARTESIAN_POINT('',(-1.2E+03,-690.,365.));
#3313 = VECTOR('',#3314,1.);
#3314 = DIRECTION('',(1.,0.,0.));
#3315 = PCURVE('',#2272,#3316);
#3316 = DEFINITIONAL_REPRESENTATION('',(#3317),#3321);
#3317 = LINE('',#3318,#3319);
#3318 = CARTESIAN_POINT('',(0.,0.));
#3319 = VECTOR('',#3320,1.);
#3320 = DIRECTION('',(0.,1.));
#3321 = ( GEOMETRIC_REPRESENTATION_CONTEXT(2) 
PARAMETRIC_REPRESENTATION_CONTEXT() REPRESENTATION_CONTEXT('2D SPACE',''
  ) );
#3322 = PCURVE('',#3323,#3328);
#3323 = PLANE('',#3324);
#3324 = AXIS2_PLACEMENT_3D('',#3325,#3326,#3327);
#3325 = CARTESIAN_POINT('',(-1.2E+03,-690.,335.));
#3326 = DIRECTION('',(0.,1.,0.));
#3327 = DIRECTION('',(0.,0.,1.));
#3328 = DEFINITIONAL_REPRESENTATION('',(#3329),#3333);
#3329 = LINE('',#3330,#3331);
#3330 = CARTESIAN_POINT('',(30.,0.));
#3331 = VECTOR('',#3332,1.);
#3332 = DIRECTION('',(0.,1.));
#3333 = ( GEOMETRIC_REPRESENTATION_CONTEXT(2) 
PARAMETRIC_REPRESENTATION_CONTEXT() REPRESENTATION_CONTEXT('2D SPACE',''
  ) );
#3334 = ADVANCED_FACE('',(#3335),#2299,.T.);
#3335 = FACE_BOUND('',#3336,.T.);
#3336 = EDGE_LOOP('',(#3337,#3338,#3339,#3362));
#3337 = ORIENTED_EDGE('',*,*,#2314,.F.);
#3338 = ORIENTED_EDGE('',*,*,#2284,.T.);
#3339 = ORIENTED_EDGE('',*,*,#3340,.T.);
#3340 = EDGE_CURVE('',#2256,#3341,#3343,.T.);
#3341 = VERTEX_POINT('',#3342);
#3342 = CARTESIAN_POINT('',(-1.17E+03,-690.,395.));
#3343 = SURFACE_CURVE('',#3344,(#3348,#3355),.PCURVE_S1.);
#3344 = LINE('',#3345,#3346);
#3345 = CARTESIAN_POINT('',(-1.17E+03,-690.,335.));
#3346 = VECTOR('',#3347,1.);
#3347 = DIRECTION('',(0.,0.,1.));
#3348 = PCURVE('',#2299,#3349);
#3349 = DEFINITIONAL_REPRESENTATION('',(#3350),#3354);
#3350 = LINE('',#3351,#3352);
#3351 = CARTESIAN_POINT('',(1.570796326795,0.));
#3352 = VECTOR('',#3353,1.);
#3353 = DIRECTION('',(0.,1.));
#3354 = ( GEOMETRIC_REPRESENTATION_CONTEXT(2) 
PARAMETRIC_REPRESENTATION_CONTEXT() REPRESENTATION_CONTEXT('2D SPACE',''
  ) );
#3355 = PCURVE('',#3323,#3356);
#3356 = DEFINITIONAL_REPRESENTATION('',(#3357),#3361);
#3357 = LINE('',#3358,#3359);
#3358 = CARTESIAN_POINT('',(0.,30.));
#3359 = VECTOR('',#3360,1.);
#3360 = DIRECTION('',(1.,0.));
#3361 = ( GEOMETRIC_REPRESENTATION_CONTEXT(2) 
PARAMETRIC_REPRESENTATION_CONTEXT() REPRESENTATION_CONTEXT('2D SPACE',''
  ) );
#3362 = ORIENTED_EDGE('',*,*,#3363,.F.);
#3363 = EDGE_CURVE('',#2315,#3341,#3364,.T.);
#3364 = SURFACE_CURVE('',#3365,(#3370,#3377),.PCURVE_S1.);
#3365 = CIRCLE('',#3366,30.);
#3366 = AXIS2_PLACEMENT_3D('',#3367,#3368,#3369);
#3367 = CARTESIAN_POINT('',(-1.17E+03,-660.,395.));
#3368 = DIRECTION('',(0.,0.,1.));
#3369 = DIRECTION('',(-1.,0.,0.));
#3370 = PCURVE('',#2299,#3371);
#3371 = DEFINITIONAL_REPRESENTATION('',(#3372),#3376);
#3372 = LINE('',#3373,#3374);
#3373 = CARTESIAN_POINT('',(0.,60.));
#3374 = VECTOR('',#3375,1.);
#3375 = DIRECTION('',(1.,0.));
#3376 = ( GEOMETRIC_REPRESENTATION_CONTEXT(2) 
PARAMETRIC_REPRESENTATION_CONTEXT() REPRESENTATION_CONTEXT('2D SPACE',''
  ) );
#3377 = PCURVE('',#3378,#3383);
#3378 = SPHERICAL_SURFACE('',#3379,30.);
#3379 = AXIS2_PLACEMENT_3D('',#3380,#3381,#3382);
#3380 = CARTESIAN_POINT('',(-1.17E+03,-660.,395.));
#3381 = DIRECTION('',(-0.,-0.,-1.));
#3382 = DIRECTION('',(-1.,0.,0.));
#3383 = DEFINITIONAL_REPRESENTATION('',(#3384),#3388);
#3384 = LINE('',#3385,#3386);
#3385 = CARTESIAN_POINT('',(-0.,0.));
#3386 = VECTOR('',#3387,1.);
#3387 = DIRECTION('',(-1.,0.));
#3388 = ( GEOMETRIC_REPRESENTATION_CONTEXT(2) 
PARAMETRIC_REPRESENTATION_CONTEXT() REPRESENTATION_CONTEXT('2D SPACE',''
  ) );
#3389 = ADVANCED_FACE('',(#3390),#2380,.T.);
#3390 = FACE_BOUND('',#3391,.T.);
#3391 = EDGE_LOOP('',(#3392,#3416,#3444,#3471));
#3392 = ORIENTED_EDGE('',*,*,#3393,.F.);
#3393 = EDGE_CURVE('',#3394,#2315,#3396,.T.);
#3394 = VERTEX_POINT('',#3395);
#3395 = CARTESIAN_POINT('',(-1.17E+03,-660.,425.));
#3396 = SURFACE_CURVE('',#3397,(#3402,#3409),.PCURVE_S1.);
#3397 = CIRCLE('',#3398,30.);
#3398 = AXIS2_PLACEMENT_3D('',#3399,#3400,#3401);
#3399 = CARTESIAN_POINT('',(-1.17E+03,-660.,395.));
#3400 = DIRECTION('',(0.,-1.,0.));
#3401 = DIRECTION('',(-1.,0.,0.));
#3402 = PCURVE('',#2380,#3403);
#3403 = DEFINITIONAL_REPRESENTATION('',(#3404),#3408);
#3404 = LINE('',#3405,#3406);
#3405 = CARTESIAN_POINT('',(6.28318530718,30.));
#3406 = VECTOR('',#3407,1.);
#3407 = DIRECTION('',(-1.,-0.));
#3408 = ( GEOMETRIC_REPRESENTATION_CONTEXT(2) 
PARAMETRIC_REPRESENTATION_CONTEXT() REPRESENTATION_CONTEXT('2D SPACE',''
  ) );
#3409 = PCURVE('',#3378,#3410);
#3410 = DEFINITIONAL_REPRESENTATION('',(#3411),#3415);
#3411 = LINE('',#3412,#3413);
#3412 = CARTESIAN_POINT('',(-0.,-6.28318530718));
#3413 = VECTOR('',#3414,1.);
#3414 = DIRECTION('',(-0.,1.));
#3415 = ( GEOMETRIC_REPRESENTATION_CONTEXT(2) 
PARAMETRIC_REPRESENTATION_CONTEXT() REPRESENTATION_CONTEXT('2D SPACE',''
  ) );
#3416 = ORIENTED_EDGE('',*,*,#3417,.T.);
#3417 = EDGE_CURVE('',#3394,#3418,#3420,.T.);
#3418 = VERTEX_POINT('',#3419);
#3419 = CARTESIAN_POINT('',(-1.17E+03,660.,425.));
#3420 = SURFACE_CURVE('',#3421,(#3425,#3432),.PCURVE_S1.);
#3421 = LINE('',#3422,#3423);
#3422 = CARTESIAN_POINT('',(-1.17E+03,-690.,425.));
#3423 = VECTOR('',#3424,1.);
#3424 = DIRECTION('',(0.,1.,0.));
#3425 = PCURVE('',#2380,#3426);
#3426 = DEFINITIONAL_REPRESENTATION('',(#3427),#3431);
#3427 = LINE('',#3428,#3429);
#3428 = CARTESIAN_POINT('',(1.570796326795,0.));
#3429 = VECTOR('',#3430,1.);
#3430 = DIRECTION('',(0.,1.));
#3431 = ( GEOMETRIC_REPRESENTATION_CONTEXT(2) 
PARAMETRIC_REPRESENTATION_CONTEXT() REPRESENTATION_CONTEXT('2D SPACE',''
  ) );
#3432 = PCURVE('',#3433,#3438);
#3433 = PLANE('',#3434);
#3434 = AXIS2_PLACEMENT_3D('',#3435,#3436,#3437);
#3435 = CARTESIAN_POINT('',(-1.2E+03,-690.,425.));
#3436 = DIRECTION('',(0.,0.,1.));
#3437 = DIRECTION('',(1.,0.,0.));
#3438 = DEFINITIONAL_REPRESENTATION('',(#3439),#3443);
#3439 = LINE('',#3440,#3441);
#3440 = CARTESIAN_POINT('',(30.,0.));
#3441 = VECTOR('',#3442,1.);
#3442 = DIRECTION('',(0.,1.));
#3443 = ( GEOMETRIC_REPRESENTATION_CONTEXT(2) 
PARAMETRIC_REPRESENTATION_CONTEXT() REPRESENTATION_CONTEXT('2D SPACE',''
  ) );
#3444 = ORIENTED_EDGE('',*,*,#3445,.F.);
#3445 = EDGE_CURVE('',#2339,#3418,#3446,.T.);
#3446 = SURFACE_CURVE('',#3447,(#3452,#3459),.PCURVE_S1.);
#3447 = CIRCLE('',#3448,30.);
#3448 = AXIS2_PLACEMENT_3D('',#3449,#3450,#3451);
#3449 = CARTESIAN_POINT('',(-1.17E+03,660.,395.));
#3450 = DIRECTION('',(0.,1.,0.));
#3451 = DIRECTION('',(-1.,0.,0.));
#3452 = PCURVE('',#2380,#3453);
#3453 = DEFINITIONAL_REPRESENTATION('',(#3454),#3458);
#3454 = LINE('',#3455,#3456);
#3455 = CARTESIAN_POINT('',(0.,1.35E+03));
#3456 = VECTOR('',#3457,1.);
#3457 = DIRECTION('',(1.,0.));
#3458 = ( GEOMETRIC_REPRESENTATION_CONTEXT(2) 
PARAMETRIC_REPRESENTATION_CONTEXT() REPRESENTATION_CONTEXT('2D SPACE',''
  ) );
#3459 = PCURVE('',#3460,#3465);
#3460 = SPHERICAL_SURFACE('',#3461,30.);
#3461 = AXIS2_PLACEMENT_3D('',#3462,#3463,#3464);
#3462 = CARTESIAN_POINT('',(-1.17E+03,660.,395.));
#3463 = DIRECTION('',(-0.,-1.,-0.));
#3464 = DIRECTION('',(-1.,0.,0.));
#3465 = DEFINITIONAL_REPRESENTATION('',(#3466),#3470);
#3466 = LINE('',#3467,#3468);
#3467 = CARTESIAN_POINT('',(-0.,0.));
#3468 = VECTOR('',#3469,1.);
#3469 = DIRECTION('',(-1.,0.));
#3470 = ( GEOMETRIC_REPRESENTATION_CONTEXT(2) 
PARAMETRIC_REPRESENTATION_CONTEXT() REPRESENTATION_CONTEXT('2D SPACE',''
  ) );
#3471 = ORIENTED_EDGE('',*,*,#2366,.F.);
#3472 = ADVANCED_FACE('',(#3473),#2354,.T.);
#3473 = FACE_BOUND('',#3474,.F.);
#3474 = EDGE_LOOP('',(#3475,#3476,#3477,#3505));
#3475 = ORIENTED_EDGE('',*,*,#2338,.F.);
#3476 = ORIENTED_EDGE('',*,*,#2425,.T.);
#3477 = ORIENTED_EDGE('',*,*,#3478,.T.);
#3478 = EDGE_CURVE('',#2397,#3479,#3481,.T.);
#3479 = VERTEX_POINT('',#3480);
#3480 = CARTESIAN_POINT('',(-1.17E+03,690.,395.));
#3481 = SURFACE_CURVE('',#3482,(#3486,#3493),.PCURVE_S1.);
#3482 = LINE('',#3483,#3484);
#3483 = CARTESIAN_POINT('',(-1.17E+03,690.,335.));
#3484 = VECTOR('',#3485,1.);
#3485 = DIRECTION('',(0.,0.,1.));
#3486 = PCURVE('',#2354,#3487);
#3487 = DEFINITIONAL_REPRESENTATION('',(#3488),#3492);
#3488 = LINE('',#3489,#3490);
#3489 = CARTESIAN_POINT('',(-1.570796326795,0.));
#3490 = VECTOR('',#3491,1.);
#3491 = DIRECTION('',(-0.,1.));
#3492 = ( GEOMETRIC_REPRESENTATION_CONTEXT(2) 
PARAMETRIC_REPRESENTATION_CONTEXT() REPRESENTATION_CONTEXT('2D SPACE',''
  ) );
#3493 = PCURVE('',#3494,#3499);
#3494 = PLANE('',#3495);
#3495 = AXIS2_PLACEMENT_3D('',#3496,#3497,#3498);
#3496 = CARTESIAN_POINT('',(-1.2E+03,690.,335.));
#3497 = DIRECTION('',(0.,1.,0.));
#3498 = DIRECTION('',(0.,0.,1.));
#3499 = DEFINITIONAL_REPRESENTATION('',(#3500),#3504);
#3500 = LINE('',#3501,#3502);
#3501 = CARTESIAN_POINT('',(0.,30.));
#3502 = VECTOR('',#3503,1.);
#3503 = DIRECTION('',(1.,0.));
#3504 = ( GEOMETRIC_REPRESENTATION_CONTEXT(2) 
PARAMETRIC_REPRESENTATION_CONTEXT() REPRESENTATION_CONTEXT('2D SPACE',''
  ) );
#3505 = ORIENTED_EDGE('',*,*,#3506,.T.);
#3506 = EDGE_CURVE('',#3479,#2339,#3507,.T.);
#3507 = SURFACE_CURVE('',#3508,(#3513,#3520),.PCURVE_S1.);
#3508 = CIRCLE('',#3509,30.);
#3509 = AXIS2_PLACEMENT_3D('',#3510,#3511,#3512);
#3510 = CARTESIAN_POINT('',(-1.17E+03,660.,395.));
#3511 = DIRECTION('',(0.,0.,1.));
#3512 = DIRECTION('',(-1.,0.,0.));
#3513 = PCURVE('',#2354,#3514);
#3514 = DEFINITIONAL_REPRESENTATION('',(#3515),#3519);
#3515 = LINE('',#3516,#3517);
#3516 = CARTESIAN_POINT('',(-6.28318530718,60.));
#3517 = VECTOR('',#3518,1.);
#3518 = DIRECTION('',(1.,-0.));
#3519 = ( GEOMETRIC_REPRESENTATION_CONTEXT(2) 
PARAMETRIC_REPRESENTATION_CONTEXT() REPRESENTATION_CONTEXT('2D SPACE',''
  ) );
#3520 = PCURVE('',#3460,#3521);
#3521 = DEFINITIONAL_REPRESENTATION('',(#3522),#3526);
#3522 = LINE('',#3523,#3524);
#3523 = CARTESIAN_POINT('',(-0.,-6.28318530718));
#3524 = VECTOR('',#3525,1.);
#3525 = DIRECTION('',(-0.,1.));
#3526 = ( GEOMETRIC_REPRESENTATION_CONTEXT(2) 
PARAMETRIC_REPRESENTATION_CONTEXT() REPRESENTATION_CONTEXT('2D SPACE',''
  ) );
#3527 = ADVANCED_FACE('',(#3528),#2413,.T.);
#3528 = FACE_BOUND('',#3529,.F.);
#3529 = EDGE_LOOP('',(#3530,#3531,#3532,#3556));
#3530 = ORIENTED_EDGE('',*,*,#2396,.F.);
#3531 = ORIENTED_EDGE('',*,*,#2475,.T.);
#3532 = ORIENTED_EDGE('',*,*,#3533,.T.);
#3533 = EDGE_CURVE('',#2453,#3534,#3536,.T.);
#3534 = VERTEX_POINT('',#3535);
#3535 = CARTESIAN_POINT('',(1.17E+03,690.,365.));
#3536 = SURFACE_CURVE('',#3537,(#3542,#3549),.PCURVE_S1.);
#3537 = CIRCLE('',#3538,30.);
#3538 = AXIS2_PLACEMENT_3D('',#3539,#3540,#3541);
#3539 = CARTESIAN_POINT('',(1.17E+03,660.,365.));
#3540 = DIRECTION('',(1.,-6.123233995737E-17,0.));
#3541 = DIRECTION('',(6.123233995737E-17,1.,0.));
#3542 = PCURVE('',#2413,#3543);
#3543 = DEFINITIONAL_REPRESENTATION('',(#3544),#3548);
#3544 = LINE('',#3545,#3546);
#3545 = CARTESIAN_POINT('',(-6.28318530718,2.37E+03));
#3546 = VECTOR('',#3547,1.);
#3547 = DIRECTION('',(1.,-0.));
#3548 = ( GEOMETRIC_REPRESENTATION_CONTEXT(2) 
PARAMETRIC_REPRESENTATION_CONTEXT() REPRESENTATION_CONTEXT('2D SPACE',''
  ) );
#3549 = PCURVE('',#3174,#3550);
#3550 = DEFINITIONAL_REPRESENTATION('',(#3551),#3555);
#3551 = LINE('',#3552,#3553);
#3552 = CARTESIAN_POINT('',(1.570796326795,-6.28318530718));
#3553 = VECTOR('',#3554,1.);
#3554 = DIRECTION('',(0.,1.));
#3555 = ( GEOMETRIC_REPRESENTATION_CONTEXT(2) 
PARAMETRIC_REPRESENTATION_CONTEXT() REPRESENTATION_CONTEXT('2D SPACE',''
  ) );
#3556 = ORIENTED_EDGE('',*,*,#3557,.F.);
#3557 = EDGE_CURVE('',#2397,#3534,#3558,.T.);
#3558 = SURFACE_CURVE('',#3559,(#3563,#3570),.PCURVE_S1.);
#3559 = LINE('',#3560,#3561);
#3560 = CARTESIAN_POINT('',(-1.2E+03,690.,365.));
#3561 = VECTOR('',#3562,1.);
#3562 = DIRECTION('',(1.,0.,0.));
#3563 = PCURVE('',#2413,#3564);
#3564 = DEFINITIONAL_REPRESENTATION('',(#3565),#3569);
#3565 = LINE('',#3566,#3567);
#3566 = CARTESIAN_POINT('',(-0.,0.));
#3567 = VECTOR('',#3568,1.);
#3568 = DIRECTION('',(-0.,1.));
#3569 = ( GEOMETRIC_REPRESENTATION_CONTEXT(2) 
PARAMETRIC_REPRESENTATION_CONTEXT() REPRESENTATION_CONTEXT('2D SPACE',''
  ) );
#3570 = PCURVE('',#3494,#3571);
#3571 = DEFINITIONAL_REPRESENTATION('',(#3572),#3576);
#3572 = LINE('',#3573,#3574);
#3573 = CARTESIAN_POINT('',(30.,0.));
#3574 = VECTOR('',#3575,1.);
#3575 = DIRECTION('',(0.,1.));
#3576 = ( GEOMETRIC_REPRESENTATION_CONTEXT(2) 
PARAMETRIC_REPRESENTATION_CONTEXT() REPRESENTATION_CONTEXT('2D SPACE',''
  ) );
#3577 = ADVANCED_FACE('',(#3578),#2656,.F.);
#3578 = FACE_BOUND('',#3579,.F.);
#3579 = EDGE_LOOP('',(#3580,#3581,#3582,#3583));
#3580 = ORIENTED_EDGE('',*,*,#2792,.F.);
#3581 = ORIENTED_EDGE('',*,*,#2743,.T.);
#3582 = ORIENTED_EDGE('',*,*,#2716,.T.);
#3583 = ORIENTED_EDGE('',*,*,#2640,.F.);
#3584 = ADVANCED_FACE('',(#3585),#2840,.T.);
#3585 = FACE_BOUND('',#3586,.F.);
#3586 = EDGE_LOOP('',(#3587,#3588,#3589,#3590));
#3587 = ORIENTED_EDGE('',*,*,#2824,.F.);
#3588 = ORIENTED_EDGE('',*,*,#2990,.T.);
#3589 = ORIENTED_EDGE('',*,*,#3258,.F.);
#3590 = ORIENTED_EDGE('',*,*,#3218,.F.);
#3591 = ADVANCED_FACE('',(#3592),#2975,.T.);
#3592 = FACE_BOUND('',#3593,.F.);
#3593 = EDGE_LOOP('',(#3594,#3595,#3596));
#3594 = ORIENTED_EDGE('',*,*,#2958,.F.);
#3595 = ORIENTED_EDGE('',*,*,#3285,.T.);
#3596 = ORIENTED_EDGE('',*,*,#3597,.F.);
#3597 = EDGE_CURVE('',#2959,#3286,#3598,.T.);
#3598 = SURFACE_CURVE('',#3599,(#3604,#3611),.PCURVE_S1.);
#3599 = CIRCLE('',#3600,30.);
#3600 = AXIS2_PLACEMENT_3D('',#3601,#3602,#3603);
#3601 = CARTESIAN_POINT('',(1.17E+03,-660.,365.));
#3602 = DIRECTION('',(0.,-0.,-1.));
#3603 = DIRECTION('',(1.,0.,-0.));
#3604 = PCURVE('',#2975,#3605);
#3605 = DEFINITIONAL_REPRESENTATION('',(#3606),#3610);
#3606 = LINE('',#3607,#3608);
#3607 = CARTESIAN_POINT('',(-0.,0.));
#3608 = VECTOR('',#3609,1.);
#3609 = DIRECTION('',(-1.,0.));
#3610 = ( GEOMETRIC_REPRESENTATION_CONTEXT(2) 
PARAMETRIC_REPRESENTATION_CONTEXT() REPRESENTATION_CONTEXT('2D SPACE',''
  ) );
#3611 = PCURVE('',#3612,#3617);
#3612 = CYLINDRICAL_SURFACE('',#3613,30.);
#3613 = AXIS2_PLACEMENT_3D('',#3614,#3615,#3616);
#3614 = CARTESIAN_POINT('',(1.17E+03,-660.,335.));
#3615 = DIRECTION('',(0.,0.,1.));
#3616 = DIRECTION('',(1.,0.,-0.));
#3617 = DEFINITIONAL_REPRESENTATION('',(#3618),#3622);
#3618 = LINE('',#3619,#3620);
#3619 = CARTESIAN_POINT('',(-0.,30.));
#3620 = VECTOR('',#3621,1.);
#3621 = DIRECTION('',(-1.,0.));
#3622 = ( GEOMETRIC_REPRESENTATION_CONTEXT(2) 
PARAMETRIC_REPRESENTATION_CONTEXT() REPRESENTATION_CONTEXT('2D SPACE',''
  ) );
#3623 = ADVANCED_FACE('',(#3624),#3200,.T.);
#3624 = FACE_BOUND('',#3625,.T.);
#3625 = EDGE_LOOP('',(#3626,#3649,#3650,#3678));
#3626 = ORIENTED_EDGE('',*,*,#3627,.F.);
#3627 = EDGE_CURVE('',#2959,#3628,#3630,.T.);
#3628 = VERTEX_POINT('',#3629);
#3629 = CARTESIAN_POINT('',(1.2E+03,-660.,395.));
#3630 = SURFACE_CURVE('',#3631,(#3635,#3642),.PCURVE_S1.);
#3631 = LINE('',#3632,#3633);
#3632 = CARTESIAN_POINT('',(1.2E+03,-660.,335.));
#3633 = VECTOR('',#3634,1.);
#3634 = DIRECTION('',(0.,0.,1.));
#3635 = PCURVE('',#3200,#3636);
#3636 = DEFINITIONAL_REPRESENTATION('',(#3637),#3641);
#3637 = LINE('',#3638,#3639);
#3638 = CARTESIAN_POINT('',(0.,-30.));
#3639 = VECTOR('',#3640,1.);
#3640 = DIRECTION('',(1.,0.));
#3641 = ( GEOMETRIC_REPRESENTATION_CONTEXT(2) 
PARAMETRIC_REPRESENTATION_CONTEXT() REPRESENTATION_CONTEXT('2D SPACE',''
  ) );
#3642 = PCURVE('',#3612,#3643);
#3643 = DEFINITIONAL_REPRESENTATION('',(#3644),#3648);
#3644 = LINE('',#3645,#3646);
#3645 = CARTESIAN_POINT('',(-0.,0.));
#3646 = VECTOR('',#3647,1.);
#3647 = DIRECTION('',(-0.,1.));
#3648 = ( GEOMETRIC_REPRESENTATION_CONTEXT(2) 
PARAMETRIC_REPRESENTATION_CONTEXT() REPRESENTATION_CONTEXT('2D SPACE',''
  ) );
#3649 = ORIENTED_EDGE('',*,*,#3186,.T.);
#3650 = ORIENTED_EDGE('',*,*,#3651,.T.);
#3651 = EDGE_CURVE('',#3158,#3652,#3654,.T.);
#3652 = VERTEX_POINT('',#3653);
#3653 = CARTESIAN_POINT('',(1.2E+03,660.,395.));
#3654 = SURFACE_CURVE('',#3655,(#3659,#3666),.PCURVE_S1.);
#3655 = LINE('',#3656,#3657);
#3656 = CARTESIAN_POINT('',(1.2E+03,660.,335.));
#3657 = VECTOR('',#3658,1.);
#3658 = DIRECTION('',(0.,0.,1.));
#3659 = PCURVE('',#3200,#3660);
#3660 = DEFINITIONAL_REPRESENTATION('',(#3661),#3665);
#3661 = LINE('',#3662,#3663);
#3662 = CARTESIAN_POINT('',(0.,-1.35E+03));
#3663 = VECTOR('',#3664,1.);
#3664 = DIRECTION('',(1.,0.));
#3665 = ( GEOMETRIC_REPRESENTATION_CONTEXT(2) 
PARAMETRIC_REPRESENTATION_CONTEXT() REPRESENTATION_CONTEXT('2D SPACE',''
  ) );
#3666 = PCURVE('',#3667,#3672);
#3667 = CYLINDRICAL_SURFACE('',#3668,30.);
#3668 = AXIS2_PLACEMENT_3D('',#3669,#3670,#3671);
#3669 = CARTESIAN_POINT('',(1.17E+03,660.,335.));
#3670 = DIRECTION('',(0.,0.,1.));
#3671 = DIRECTION('',(1.,0.,-0.));
#3672 = DEFINITIONAL_REPRESENTATION('',(#3673),#3677);
#3673 = LINE('',#3674,#3675);
#3674 = CARTESIAN_POINT('',(0.,0.));
#3675 = VECTOR('',#3676,1.);
#3676 = DIRECTION('',(0.,1.));
#3677 = ( GEOMETRIC_REPRESENTATION_CONTEXT(2) 
PARAMETRIC_REPRESENTATION_CONTEXT() REPRESENTATION_CONTEXT('2D SPACE',''
  ) );
#3678 = ORIENTED_EDGE('',*,*,#3679,.F.);
#3679 = EDGE_CURVE('',#3628,#3652,#3680,.T.);
#3680 = SURFACE_CURVE('',#3681,(#3685,#3692),.PCURVE_S1.);
#3681 = LINE('',#3682,#3683);
#3682 = CARTESIAN_POINT('',(1.2E+03,-690.,395.));
#3683 = VECTOR('',#3684,1.);
#3684 = DIRECTION('',(0.,1.,0.));
#3685 = PCURVE('',#3200,#3686);
#3686 = DEFINITIONAL_REPRESENTATION('',(#3687),#3691);
#3687 = LINE('',#3688,#3689);
#3688 = CARTESIAN_POINT('',(60.,0.));
#3689 = VECTOR('',#3690,1.);
#3690 = DIRECTION('',(0.,-1.));
#3691 = ( GEOMETRIC_REPRESENTATION_CONTEXT(2) 
PARAMETRIC_REPRESENTATION_CONTEXT() REPRESENTATION_CONTEXT('2D SPACE',''
  ) );
#3692 = PCURVE('',#3693,#3698);
#3693 = CYLINDRICAL_SURFACE('',#3694,30.);
#3694 = AXIS2_PLACEMENT_3D('',#3695,#3696,#3697);
#3695 = CARTESIAN_POINT('',(1.17E+03,-690.,395.));
#3696 = DIRECTION('',(0.,1.,0.));
#3697 = DIRECTION('',(1.,0.,-0.));
#3698 = DEFINITIONAL_REPRESENTATION('',(#3699),#3703);
#3699 = LINE('',#3700,#3701);
#3700 = CARTESIAN_POINT('',(-0.,0.));
#3701 = VECTOR('',#3702,1.);
#3702 = DIRECTION('',(-0.,1.));
#3703 = ( GEOMETRIC_REPRESENTATION_CONTEXT(2) 
PARAMETRIC_REPRESENTATION_CONTEXT() REPRESENTATION_CONTEXT('2D SPACE',''
  ) );
#3704 = ADVANCED_FACE('',(#3705),#3174,.T.);
#3705 = FACE_BOUND('',#3706,.T.);
#3706 = EDGE_LOOP('',(#3707,#3708,#3709));
#3707 = ORIENTED_EDGE('',*,*,#3157,.F.);
#3708 = ORIENTED_EDGE('',*,*,#3533,.T.);
#3709 = ORIENTED_EDGE('',*,*,#3710,.F.);
#3710 = EDGE_CURVE('',#3158,#3534,#3711,.T.);
#3711 = SURFACE_CURVE('',#3712,(#3717,#3724),.PCURVE_S1.);
#3712 = CIRCLE('',#3713,30.);
#3713 = AXIS2_PLACEMENT_3D('',#3714,#3715,#3716);
#3714 = CARTESIAN_POINT('',(1.17E+03,660.,365.));
#3715 = DIRECTION('',(0.,0.,1.));
#3716 = DIRECTION('',(1.,0.,-0.));
#3717 = PCURVE('',#3174,#3718);
#3718 = DEFINITIONAL_REPRESENTATION('',(#3719),#3723);
#3719 = LINE('',#3720,#3721);
#3720 = CARTESIAN_POINT('',(0.,0.));
#3721 = VECTOR('',#3722,1.);
#3722 = DIRECTION('',(1.,0.));
#3723 = ( GEOMETRIC_REPRESENTATION_CONTEXT(2) 
PARAMETRIC_REPRESENTATION_CONTEXT() REPRESENTATION_CONTEXT('2D SPACE',''
  ) );
#3724 = PCURVE('',#3667,#3725);
#3725 = DEFINITIONAL_REPRESENTATION('',(#3726),#3730);
#3726 = LINE('',#3727,#3728);
#3727 = CARTESIAN_POINT('',(0.,30.));
#3728 = VECTOR('',#3729,1.);
#3729 = DIRECTION('',(1.,0.));
#3730 = ( GEOMETRIC_REPRESENTATION_CONTEXT(2) 
PARAMETRIC_REPRESENTATION_CONTEXT() REPRESENTATION_CONTEXT('2D SPACE',''
  ) );
#3731 = ADVANCED_FACE('',(#3732),#3323,.F.);
#3732 = FACE_BOUND('',#3733,.F.);
#3733 = EDGE_LOOP('',(#3734,#3735,#3763,#3784));
#3734 = ORIENTED_EDGE('',*,*,#3340,.T.);
#3735 = ORIENTED_EDGE('',*,*,#3736,.T.);
#3736 = EDGE_CURVE('',#3341,#3737,#3739,.T.);
#3737 = VERTEX_POINT('',#3738);
#3738 = CARTESIAN_POINT('',(1.17E+03,-690.,395.));
#3739 = SURFACE_CURVE('',#3740,(#3744,#3751),.PCURVE_S1.);
#3740 = LINE('',#3741,#3742);
#3741 = CARTESIAN_POINT('',(-1.2E+03,-690.,395.));
#3742 = VECTOR('',#3743,1.);
#3743 = DIRECTION('',(1.,0.,0.));
#3744 = PCURVE('',#3323,#3745);
#3745 = DEFINITIONAL_REPRESENTATION('',(#3746),#3750);
#3746 = LINE('',#3747,#3748);
#3747 = CARTESIAN_POINT('',(60.,0.));
#3748 = VECTOR('',#3749,1.);
#3749 = DIRECTION('',(0.,1.));
#3750 = ( GEOMETRIC_REPRESENTATION_CONTEXT(2) 
PARAMETRIC_REPRESENTATION_CONTEXT() REPRESENTATION_CONTEXT('2D SPACE',''
  ) );
#3751 = PCURVE('',#3752,#3757);
#3752 = CYLINDRICAL_SURFACE('',#3753,30.);
#3753 = AXIS2_PLACEMENT_3D('',#3754,#3755,#3756);
#3754 = CARTESIAN_POINT('',(-1.2E+03,-660.,395.));
#3755 = DIRECTION('',(1.,0.,0.));
#3756 = DIRECTION('',(0.,-1.,0.));
#3757 = DEFINITIONAL_REPRESENTATION('',(#3758),#3762);
#3758 = LINE('',#3759,#3760);
#3759 = CARTESIAN_POINT('',(-0.,0.));
#3760 = VECTOR('',#3761,1.);
#3761 = DIRECTION('',(-0.,1.));
#3762 = ( GEOMETRIC_REPRESENTATION_CONTEXT(2) 
PARAMETRIC_REPRESENTATION_CONTEXT() REPRESENTATION_CONTEXT('2D SPACE',''
  ) );
#3763 = ORIENTED_EDGE('',*,*,#3764,.F.);
#3764 = EDGE_CURVE('',#3286,#3737,#3765,.T.);
#3765 = SURFACE_CURVE('',#3766,(#3770,#3777),.PCURVE_S1.);
#3766 = LINE('',#3767,#3768);
#3767 = CARTESIAN_POINT('',(1.17E+03,-690.,335.));
#3768 = VECTOR('',#3769,1.);
#3769 = DIRECTION('',(0.,0.,1.));
#3770 = PCURVE('',#3323,#3771);
#3771 = DEFINITIONAL_REPRESENTATION('',(#3772),#3776);
#3772 = LINE('',#3773,#3774);
#3773 = CARTESIAN_POINT('',(0.,2.37E+03));
#3774 = VECTOR('',#3775,1.);
#3775 = DIRECTION('',(1.,0.));
#3776 = ( GEOMETRIC_REPRESENTATION_CONTEXT(2) 
PARAMETRIC_REPRESENTATION_CONTEXT() REPRESENTATION_CONTEXT('2D SPACE',''
  ) );
#3777 = PCURVE('',#3612,#3778);
#3778 = DEFINITIONAL_REPRESENTATION('',(#3779),#3783);
#3779 = LINE('',#3780,#3781);
#3780 = CARTESIAN_POINT('',(-1.570796326795,0.));
#3781 = VECTOR('',#3782,1.);
#3782 = DIRECTION('',(-0.,1.));
#3783 = ( GEOMETRIC_REPRESENTATION_CONTEXT(2) 
PARAMETRIC_REPRESENTATION_CONTEXT() REPRESENTATION_CONTEXT('2D SPACE',''
  ) );
#3784 = ORIENTED_EDGE('',*,*,#3309,.F.);
#3785 = ADVANCED_FACE('',(#3786),#3378,.T.);
#3786 = FACE_BOUND('',#3787,.F.);
#3787 = EDGE_LOOP('',(#3788,#3789,#3811));
#3788 = ORIENTED_EDGE('',*,*,#3393,.F.);
#3789 = ORIENTED_EDGE('',*,*,#3790,.T.);
#3790 = EDGE_CURVE('',#3394,#3341,#3791,.T.);
#3791 = SURFACE_CURVE('',#3792,(#3797,#3804),.PCURVE_S1.);
#3792 = CIRCLE('',#3793,30.);
#3793 = AXIS2_PLACEMENT_3D('',#3794,#3795,#3796);
#3794 = CARTESIAN_POINT('',(-1.17E+03,-660.,395.));
#3795 = DIRECTION('',(1.,-6.123233995737E-17,0.));
#3796 = DIRECTION('',(-6.123233995737E-17,-1.,0.));
#3797 = PCURVE('',#3378,#3798);
#3798 = DEFINITIONAL_REPRESENTATION('',(#3799),#3803);
#3799 = LINE('',#3800,#3801);
#3800 = CARTESIAN_POINT('',(-1.570796326795,-6.28318530718));
#3801 = VECTOR('',#3802,1.);
#3802 = DIRECTION('',(-0.,1.));
#3803 = ( GEOMETRIC_REPRESENTATION_CONTEXT(2) 
PARAMETRIC_REPRESENTATION_CONTEXT() REPRESENTATION_CONTEXT('2D SPACE',''
  ) );
#3804 = PCURVE('',#3752,#3805);
#3805 = DEFINITIONAL_REPRESENTATION('',(#3806),#3810);
#3806 = LINE('',#3807,#3808);
#3807 = CARTESIAN_POINT('',(-6.28318530718,30.));
#3808 = VECTOR('',#3809,1.);
#3809 = DIRECTION('',(1.,-0.));
#3810 = ( GEOMETRIC_REPRESENTATION_CONTEXT(2) 
PARAMETRIC_REPRESENTATION_CONTEXT() REPRESENTATION_CONTEXT('2D SPACE',''
  ) );
#3811 = ORIENTED_EDGE('',*,*,#3363,.F.);
#3812 = ADVANCED_FACE('',(#3813),#3433,.T.);
#3813 = FACE_BOUND('',#3814,.T.);
#3814 = EDGE_LOOP('',(#3815,#3816,#3839,#3862));
#3815 = ORIENTED_EDGE('',*,*,#3417,.F.);
#3816 = ORIENTED_EDGE('',*,*,#3817,.T.);
#3817 = EDGE_CURVE('',#3394,#3818,#3820,.T.);
#3818 = VERTEX_POINT('',#3819);
#3819 = CARTESIAN_POINT('',(1.17E+03,-660.,425.));
#3820 = SURFACE_CURVE('',#3821,(#3825,#3832),.PCURVE_S1.);
#3821 = LINE('',#3822,#3823);
#3822 = CARTESIAN_POINT('',(-1.2E+03,-660.,425.));
#3823 = VECTOR('',#3824,1.);
#3824 = DIRECTION('',(1.,0.,0.));
#3825 = PCURVE('',#3433,#3826);
#3826 = DEFINITIONAL_REPRESENTATION('',(#3827),#3831);
#3827 = LINE('',#3828,#3829);
#3828 = CARTESIAN_POINT('',(0.,30.));
#3829 = VECTOR('',#3830,1.);
#3830 = DIRECTION('',(1.,0.));
#3831 = ( GEOMETRIC_REPRESENTATION_CONTEXT(2) 
PARAMETRIC_REPRESENTATION_CONTEXT() REPRESENTATION_CONTEXT('2D SPACE',''
  ) );
#3832 = PCURVE('',#3752,#3833);
#3833 = DEFINITIONAL_REPRESENTATION('',(#3834),#3838);
#3834 = LINE('',#3835,#3836);
#3835 = CARTESIAN_POINT('',(-1.570796326795,0.));
#3836 = VECTOR('',#3837,1.);
#3837 = DIRECTION('',(-0.,1.));
#3838 = ( GEOMETRIC_REPRESENTATION_CONTEXT(2) 
PARAMETRIC_REPRESENTATION_CONTEXT() REPRESENTATION_CONTEXT('2D SPACE',''
  ) );
#3839 = ORIENTED_EDGE('',*,*,#3840,.T.);
#3840 = EDGE_CURVE('',#3818,#3841,#3843,.T.);
#3841 = VERTEX_POINT('',#3842);
#3842 = CARTESIAN_POINT('',(1.17E+03,660.,425.));
#3843 = SURFACE_CURVE('',#3844,(#3848,#3855),.PCURVE_S1.);
#3844 = LINE('',#3845,#3846);
#3845 = CARTESIAN_POINT('',(1.17E+03,-690.,425.));
#3846 = VECTOR('',#3847,1.);
#3847 = DIRECTION('',(0.,1.,0.));
#3848 = PCURVE('',#3433,#3849);
#3849 = DEFINITIONAL_REPRESENTATION('',(#3850),#3854);
#3850 = LINE('',#3851,#3852);
#3851 = CARTESIAN_POINT('',(2.37E+03,0.));
#3852 = VECTOR('',#3853,1.);
#3853 = DIRECTION('',(0.,1.));
#3854 = ( GEOMETRIC_REPRESENTATION_CONTEXT(2) 
PARAMETRIC_REPRESENTATION_CONTEXT() REPRESENTATION_CONTEXT('2D SPACE',''
  ) );
#3855 = PCURVE('',#3693,#3856);
#3856 = DEFINITIONAL_REPRESENTATION('',(#3857),#3861);
#3857 = LINE('',#3858,#3859);
#3858 = CARTESIAN_POINT('',(-1.570796326795,0.));
#3859 = VECTOR('',#3860,1.);
#3860 = DIRECTION('',(-0.,1.));
#3861 = ( GEOMETRIC_REPRESENTATION_CONTEXT(2) 
PARAMETRIC_REPRESENTATION_CONTEXT() REPRESENTATION_CONTEXT('2D SPACE',''
  ) );
#3862 = ORIENTED_EDGE('',*,*,#3863,.F.);
#3863 = EDGE_CURVE('',#3418,#3841,#3864,.T.);
#3864 = SURFACE_CURVE('',#3865,(#3869,#3876),.PCURVE_S1.);
#3865 = LINE('',#3866,#3867);
#3866 = CARTESIAN_POINT('',(-1.2E+03,660.,425.));
#3867 = VECTOR('',#3868,1.);
#3868 = DIRECTION('',(1.,0.,0.));
#3869 = PCURVE('',#3433,#3870);
#3870 = DEFINITIONAL_REPRESENTATION('',(#3871),#3875);
#3871 = LINE('',#3872,#3873);
#3872 = CARTESIAN_POINT('',(0.,1.35E+03));
#3873 = VECTOR('',#3874,1.);
#3874 = DIRECTION('',(1.,0.));
#3875 = ( GEOMETRIC_REPRESENTATION_CONTEXT(2) 
PARAMETRIC_REPRESENTATION_CONTEXT() REPRESENTATION_CONTEXT('2D SPACE',''
  ) );
#3876 = PCURVE('',#3877,#3882);
#3877 = CYLINDRICAL_SURFACE('',#3878,30.);
#3878 = AXIS2_PLACEMENT_3D('',#3879,#3880,#3881);
#3879 = CARTESIAN_POINT('',(-1.2E+03,660.,395.));
#3880 = DIRECTION('',(1.,0.,0.));
#3881 = DIRECTION('',(-0.,1.,0.));
#3882 = DEFINITIONAL_REPRESENTATION('',(#3883),#3887);
#3883 = LINE('',#3884,#3885);
#3884 = CARTESIAN_POINT('',(1.570796326795,0.));
#3885 = VECTOR('',#3886,1.);
#3886 = DIRECTION('',(0.,1.));
#3887 = ( GEOMETRIC_REPRESENTATION_CONTEXT(2) 
PARAMETRIC_REPRESENTATION_CONTEXT() REPRESENTATION_CONTEXT('2D SPACE',''
  ) );
#3888 = ADVANCED_FACE('',(#3889),#3460,.T.);
#3889 = FACE_BOUND('',#3890,.F.);
#3890 = EDGE_LOOP('',(#3891,#3892,#3914));
#3891 = ORIENTED_EDGE('',*,*,#3506,.F.);
#3892 = ORIENTED_EDGE('',*,*,#3893,.T.);
#3893 = EDGE_CURVE('',#3479,#3418,#3894,.T.);
#3894 = SURFACE_CURVE('',#3895,(#3900,#3907),.PCURVE_S1.);
#3895 = CIRCLE('',#3896,30.);
#3896 = AXIS2_PLACEMENT_3D('',#3897,#3898,#3899);
#3897 = CARTESIAN_POINT('',(-1.17E+03,660.,395.));
#3898 = DIRECTION('',(1.,0.,6.123233995737E-17));
#3899 = DIRECTION('',(-6.123233995737E-17,0.,1.));
#3900 = PCURVE('',#3460,#3901);
#3901 = DEFINITIONAL_REPRESENTATION('',(#3902),#3906);
#3902 = LINE('',#3903,#3904);
#3903 = CARTESIAN_POINT('',(-1.570796326795,-6.28318530718));
#3904 = VECTOR('',#3905,1.);
#3905 = DIRECTION('',(-0.,1.));
#3906 = ( GEOMETRIC_REPRESENTATION_CONTEXT(2) 
PARAMETRIC_REPRESENTATION_CONTEXT() REPRESENTATION_CONTEXT('2D SPACE',''
  ) );
#3907 = PCURVE('',#3877,#3908);
#3908 = DEFINITIONAL_REPRESENTATION('',(#3909),#3913);
#3909 = LINE('',#3910,#3911);
#3910 = CARTESIAN_POINT('',(-4.712388980385,30.));
#3911 = VECTOR('',#3912,1.);
#3912 = DIRECTION('',(1.,0.));
#3913 = ( GEOMETRIC_REPRESENTATION_CONTEXT(2) 
PARAMETRIC_REPRESENTATION_CONTEXT() REPRESENTATION_CONTEXT('2D SPACE',''
  ) );
#3914 = ORIENTED_EDGE('',*,*,#3445,.F.);
#3915 = ADVANCED_FACE('',(#3916),#3494,.T.);
#3916 = FACE_BOUND('',#3917,.T.);
#3917 = EDGE_LOOP('',(#3918,#3919,#3942,#3963));
#3918 = ORIENTED_EDGE('',*,*,#3478,.T.);
#3919 = ORIENTED_EDGE('',*,*,#3920,.T.);
#3920 = EDGE_CURVE('',#3479,#3921,#3923,.T.);
#3921 = VERTEX_POINT('',#3922);
#3922 = CARTESIAN_POINT('',(1.17E+03,690.,395.));
#3923 = SURFACE_CURVE('',#3924,(#3928,#3935),.PCURVE_S1.);
#3924 = LINE('',#3925,#3926);
#3925 = CARTESIAN_POINT('',(-1.2E+03,690.,395.));
#3926 = VECTOR('',#3927,1.);
#3927 = DIRECTION('',(1.,0.,0.));
#3928 = PCURVE('',#3494,#3929);
#3929 = DEFINITIONAL_REPRESENTATION('',(#3930),#3934);
#3930 = LINE('',#3931,#3932);
#3931 = CARTESIAN_POINT('',(60.,0.));
#3932 = VECTOR('',#3933,1.);
#3933 = DIRECTION('',(0.,1.));
#3934 = ( GEOMETRIC_REPRESENTATION_CONTEXT(2) 
PARAMETRIC_REPRESENTATION_CONTEXT() REPRESENTATION_CONTEXT('2D SPACE',''
  ) );
#3935 = PCURVE('',#3877,#3936);
#3936 = DEFINITIONAL_REPRESENTATION('',(#3937),#3941);
#3937 = LINE('',#3938,#3939);
#3938 = CARTESIAN_POINT('',(0.,0.));
#3939 = VECTOR('',#3940,1.);
#3940 = DIRECTION('',(0.,1.));
#3941 = ( GEOMETRIC_REPRESENTATION_CONTEXT(2) 
PARAMETRIC_REPRESENTATION_CONTEXT() REPRESENTATION_CONTEXT('2D SPACE',''
  ) );
#3942 = ORIENTED_EDGE('',*,*,#3943,.F.);
#3943 = EDGE_CURVE('',#3534,#3921,#3944,.T.);
#3944 = SURFACE_CURVE('',#3945,(#3949,#3956),.PCURVE_S1.);
#3945 = LINE('',#3946,#3947);
#3946 = CARTESIAN_POINT('',(1.17E+03,690.,335.));
#3947 = VECTOR('',#3948,1.);
#3948 = DIRECTION('',(0.,0.,1.));
#3949 = PCURVE('',#3494,#3950);
#3950 = DEFINITIONAL_REPRESENTATION('',(#3951),#3955);
#3951 = LINE('',#3952,#3953);
#3952 = CARTESIAN_POINT('',(0.,2.37E+03));
#3953 = VECTOR('',#3954,1.);
#3954 = DIRECTION('',(1.,0.));
#3955 = ( GEOMETRIC_REPRESENTATION_CONTEXT(2) 
PARAMETRIC_REPRESENTATION_CONTEXT() REPRESENTATION_CONTEXT('2D SPACE',''
  ) );
#3956 = PCURVE('',#3667,#3957);
#3957 = DEFINITIONAL_REPRESENTATION('',(#3958),#3962);
#3958 = LINE('',#3959,#3960);
#3959 = CARTESIAN_POINT('',(1.570796326795,0.));
#3960 = VECTOR('',#3961,1.);
#3961 = DIRECTION('',(0.,1.));
#3962 = ( GEOMETRIC_REPRESENTATION_CONTEXT(2) 
PARAMETRIC_REPRESENTATION_CONTEXT() REPRESENTATION_CONTEXT('2D SPACE',''
  ) );
#3963 = ORIENTED_EDGE('',*,*,#3557,.F.);
#3964 = ADVANCED_FACE('',(#3965),#3612,.T.);
#3965 = FACE_BOUND('',#3966,.F.);
#3966 = EDGE_LOOP('',(#3967,#3968,#3969,#3970));
#3967 = ORIENTED_EDGE('',*,*,#3627,.F.);
#3968 = ORIENTED_EDGE('',*,*,#3597,.T.);
#3969 = ORIENTED_EDGE('',*,*,#3764,.T.);
#3970 = ORIENTED_EDGE('',*,*,#3971,.F.);
#3971 = EDGE_CURVE('',#3628,#3737,#3972,.T.);
#3972 = SURFACE_CURVE('',#3973,(#3978,#3985),.PCURVE_S1.);
#3973 = CIRCLE('',#3974,30.);
#3974 = AXIS2_PLACEMENT_3D('',#3975,#3976,#3977);
#3975 = CARTESIAN_POINT('',(1.17E+03,-660.,395.));
#3976 = DIRECTION('',(0.,0.,-1.));
#3977 = DIRECTION('',(1.,0.,0.));
#3978 = PCURVE('',#3612,#3979);
#3979 = DEFINITIONAL_REPRESENTATION('',(#3980),#3984);
#3980 = LINE('',#3981,#3982);
#3981 = CARTESIAN_POINT('',(-0.,60.));
#3982 = VECTOR('',#3983,1.);
#3983 = DIRECTION('',(-1.,0.));
#3984 = ( GEOMETRIC_REPRESENTATION_CONTEXT(2) 
PARAMETRIC_REPRESENTATION_CONTEXT() REPRESENTATION_CONTEXT('2D SPACE',''
  ) );
#3985 = PCURVE('',#3986,#3991);
#3986 = SPHERICAL_SURFACE('',#3987,30.);
#3987 = AXIS2_PLACEMENT_3D('',#3988,#3989,#3990);
#3988 = CARTESIAN_POINT('',(1.17E+03,-660.,395.));
#3989 = DIRECTION('',(-0.,-0.,-1.));
#3990 = DIRECTION('',(1.,0.,0.));
#3991 = DEFINITIONAL_REPRESENTATION('',(#3992),#3996);
#3992 = LINE('',#3993,#3994);
#3993 = CARTESIAN_POINT('',(0.,0.));
#3994 = VECTOR('',#3995,1.);
#3995 = DIRECTION('',(1.,0.));
#3996 = ( GEOMETRIC_REPRESENTATION_CONTEXT(2) 
PARAMETRIC_REPRESENTATION_CONTEXT() REPRESENTATION_CONTEXT('2D SPACE',''
  ) );
#3997 = ADVANCED_FACE('',(#3998),#3693,.T.);
#3998 = FACE_BOUND('',#3999,.F.);
#3999 = EDGE_LOOP('',(#4000,#4022,#4023,#4050));
#4000 = ORIENTED_EDGE('',*,*,#4001,.F.);
#4001 = EDGE_CURVE('',#3818,#3628,#4002,.T.);
#4002 = SURFACE_CURVE('',#4003,(#4008,#4015),.PCURVE_S1.);
#4003 = CIRCLE('',#4004,30.);
#4004 = AXIS2_PLACEMENT_3D('',#4005,#4006,#4007);
#4005 = CARTESIAN_POINT('',(1.17E+03,-660.,395.));
#4006 = DIRECTION('',(-0.,1.,0.));
#4007 = DIRECTION('',(1.,0.,0.));
#4008 = PCURVE('',#3693,#4009);
#4009 = DEFINITIONAL_REPRESENTATION('',(#4010),#4014);
#4010 = LINE('',#4011,#4012);
#4011 = CARTESIAN_POINT('',(-6.28318530718,30.));
#4012 = VECTOR('',#4013,1.);
#4013 = DIRECTION('',(1.,-0.));
#4014 = ( GEOMETRIC_REPRESENTATION_CONTEXT(2) 
PARAMETRIC_REPRESENTATION_CONTEXT() REPRESENTATION_CONTEXT('2D SPACE',''
  ) );
#4015 = PCURVE('',#3986,#4016);
#4016 = DEFINITIONAL_REPRESENTATION('',(#4017),#4021);
#4017 = LINE('',#4018,#4019);
#4018 = CARTESIAN_POINT('',(0.,-6.28318530718));
#4019 = VECTOR('',#4020,1.);
#4020 = DIRECTION('',(0.,1.));
#4021 = ( GEOMETRIC_REPRESENTATION_CONTEXT(2) 
PARAMETRIC_REPRESENTATION_CONTEXT() REPRESENTATION_CONTEXT('2D SPACE',''
  ) );
#4022 = ORIENTED_EDGE('',*,*,#3840,.T.);
#4023 = ORIENTED_EDGE('',*,*,#4024,.F.);
#4024 = EDGE_CURVE('',#3652,#3841,#4025,.T.);
#4025 = SURFACE_CURVE('',#4026,(#4031,#4038),.PCURVE_S1.);
#4026 = CIRCLE('',#4027,30.);
#4027 = AXIS2_PLACEMENT_3D('',#4028,#4029,#4030);
#4028 = CARTESIAN_POINT('',(1.17E+03,660.,395.));
#4029 = DIRECTION('',(-0.,-1.,0.));
#4030 = DIRECTION('',(1.,-0.,0.));
#4031 = PCURVE('',#3693,#4032);
#4032 = DEFINITIONAL_REPRESENTATION('',(#4033),#4037);
#4033 = LINE('',#4034,#4035);
#4034 = CARTESIAN_POINT('',(-0.,1.35E+03));
#4035 = VECTOR('',#4036,1.);
#4036 = DIRECTION('',(-1.,0.));
#4037 = ( GEOMETRIC_REPRESENTATION_CONTEXT(2) 
PARAMETRIC_REPRESENTATION_CONTEXT() REPRESENTATION_CONTEXT('2D SPACE',''
  ) );
#4038 = PCURVE('',#4039,#4044);
#4039 = SPHERICAL_SURFACE('',#4040,30.);
#4040 = AXIS2_PLACEMENT_3D('',#4041,#4042,#4043);
#4041 = CARTESIAN_POINT('',(1.17E+03,660.,395.));
#4042 = DIRECTION('',(-0.,-1.,-0.));
#4043 = DIRECTION('',(1.,-0.,0.));
#4044 = DEFINITIONAL_REPRESENTATION('',(#4045),#4049);
#4045 = LINE('',#4046,#4047);
#4046 = CARTESIAN_POINT('',(0.,0.));
#4047 = VECTOR('',#4048,1.);
#4048 = DIRECTION('',(1.,0.));
#4049 = ( GEOMETRIC_REPRESENTATION_CONTEXT(2) 
PARAMETRIC_REPRESENTATION_CONTEXT() REPRESENTATION_CONTEXT('2D SPACE',''
  ) );
#4050 = ORIENTED_EDGE('',*,*,#3679,.F.);
#4051 = ADVANCED_FACE('',(#4052),#3667,.T.);
#4052 = FACE_BOUND('',#4053,.T.);
#4053 = EDGE_LOOP('',(#4054,#4055,#4056,#4057));
#4054 = ORIENTED_EDGE('',*,*,#3651,.F.);
#4055 = ORIENTED_EDGE('',*,*,#3710,.T.);
#4056 = ORIENTED_EDGE('',*,*,#3943,.T.);
#4057 = ORIENTED_EDGE('',*,*,#4058,.T.);
#4058 = EDGE_CURVE('',#3921,#3652,#4059,.T.);
#4059 = SURFACE_CURVE('',#4060,(#4065,#4072),.PCURVE_S1.);
#4060 = CIRCLE('',#4061,30.);
#4061 = AXIS2_PLACEMENT_3D('',#4062,#4063,#4064);
#4062 = CARTESIAN_POINT('',(1.17E+03,660.,395.));
#4063 = DIRECTION('',(0.,0.,-1.));
#4064 = DIRECTION('',(1.,0.,0.));
#4065 = PCURVE('',#3667,#4066);
#4066 = DEFINITIONAL_REPRESENTATION('',(#4067),#4071);
#4067 = LINE('',#4068,#4069);
#4068 = CARTESIAN_POINT('',(6.28318530718,60.));
#4069 = VECTOR('',#4070,1.);
#4070 = DIRECTION('',(-1.,-0.));
#4071 = ( GEOMETRIC_REPRESENTATION_CONTEXT(2) 
PARAMETRIC_REPRESENTATION_CONTEXT() REPRESENTATION_CONTEXT('2D SPACE',''
  ) );
#4072 = PCURVE('',#4039,#4073);
#4073 = DEFINITIONAL_REPRESENTATION('',(#4074),#4078);
#4074 = LINE('',#4075,#4076);
#4075 = CARTESIAN_POINT('',(0.,-6.28318530718));
#4076 = VECTOR('',#4077,1.);
#4077 = DIRECTION('',(0.,1.));
#4078 = ( GEOMETRIC_REPRESENTATION_CONTEXT(2) 
PARAMETRIC_REPRESENTATION_CONTEXT() REPRESENTATION_CONTEXT('2D SPACE',''
  ) );
#4079 = ADVANCED_FACE('',(#4080),#3752,.T.);
#4080 = FACE_BOUND('',#4081,.F.);
#4081 = EDGE_LOOP('',(#4082,#4083,#4084,#4106));
#4082 = ORIENTED_EDGE('',*,*,#3790,.F.);
#4083 = ORIENTED_EDGE('',*,*,#3817,.T.);
#4084 = ORIENTED_EDGE('',*,*,#4085,.T.);
#4085 = EDGE_CURVE('',#3818,#3737,#4086,.T.);
#4086 = SURFACE_CURVE('',#4087,(#4092,#4099),.PCURVE_S1.);
#4087 = CIRCLE('',#4088,30.);
#4088 = AXIS2_PLACEMENT_3D('',#4089,#4090,#4091);
#4089 = CARTESIAN_POINT('',(1.17E+03,-660.,395.));
#4090 = DIRECTION('',(1.,6.123233995737E-17,0.));
#4091 = DIRECTION('',(6.123233995737E-17,-1.,0.));
#4092 = PCURVE('',#3752,#4093);
#4093 = DEFINITIONAL_REPRESENTATION('',(#4094),#4098);
#4094 = LINE('',#4095,#4096);
#4095 = CARTESIAN_POINT('',(-6.28318530718,2.37E+03));
#4096 = VECTOR('',#4097,1.);
#4097 = DIRECTION('',(1.,-0.));
#4098 = ( GEOMETRIC_REPRESENTATION_CONTEXT(2) 
PARAMETRIC_REPRESENTATION_CONTEXT() REPRESENTATION_CONTEXT('2D SPACE',''
  ) );
#4099 = PCURVE('',#3986,#4100);
#4100 = DEFINITIONAL_REPRESENTATION('',(#4101),#4105);
#4101 = LINE('',#4102,#4103);
#4102 = CARTESIAN_POINT('',(1.570796326795,-6.28318530718));
#4103 = VECTOR('',#4104,1.);
#4104 = DIRECTION('',(0.,1.));
#4105 = ( GEOMETRIC_REPRESENTATION_CONTEXT(2) 
PARAMETRIC_REPRESENTATION_CONTEXT() REPRESENTATION_CONTEXT('2D SPACE',''
  ) );
#4106 = ORIENTED_EDGE('',*,*,#3736,.F.);
#4107 = ADVANCED_FACE('',(#4108),#3877,.T.);
#4108 = FACE_BOUND('',#4109,.T.);
#4109 = EDGE_LOOP('',(#4110,#4111,#4112,#4134));
#4110 = ORIENTED_EDGE('',*,*,#3893,.T.);
#4111 = ORIENTED_EDGE('',*,*,#3863,.T.);
#4112 = ORIENTED_EDGE('',*,*,#4113,.F.);
#4113 = EDGE_CURVE('',#3921,#3841,#4114,.T.);
#4114 = SURFACE_CURVE('',#4115,(#4120,#4127),.PCURVE_S1.);
#4115 = CIRCLE('',#4116,30.);
#4116 = AXIS2_PLACEMENT_3D('',#4117,#4118,#4119);
#4117 = CARTESIAN_POINT('',(1.17E+03,660.,395.));
#4118 = DIRECTION('',(1.,0.,-6.123233995737E-17));
#4119 = DIRECTION('',(6.123233995737E-17,0.,1.));
#4120 = PCURVE('',#3877,#4121);
#4121 = DEFINITIONAL_REPRESENTATION('',(#4122),#4126);
#4122 = LINE('',#4123,#4124);
#4123 = CARTESIAN_POINT('',(-4.712388980385,2.37E+03));
#4124 = VECTOR('',#4125,1.);
#4125 = DIRECTION('',(1.,0.));
#4126 = ( GEOMETRIC_REPRESENTATION_CONTEXT(2) 
PARAMETRIC_REPRESENTATION_CONTEXT() REPRESENTATION_CONTEXT('2D SPACE',''
  ) );
#4127 = PCURVE('',#4039,#4128);
#4128 = DEFINITIONAL_REPRESENTATION('',(#4129),#4133);
#4129 = LINE('',#4130,#4131);
#4130 = CARTESIAN_POINT('',(1.570796326795,-6.28318530718));
#4131 = VECTOR('',#4132,1.);
#4132 = DIRECTION('',(0.,1.));
#4133 = ( GEOMETRIC_REPRESENTATION_CONTEXT(2) 
PARAMETRIC_REPRESENTATION_CONTEXT() REPRESENTATION_CONTEXT('2D SPACE',''
  ) );
#4134 = ORIENTED_EDGE('',*,*,#3920,.F.);
#4135 = ADVANCED_FACE('',(#4136),#3986,.T.);
#4136 = FACE_BOUND('',#4137,.T.);
#4137 = EDGE_LOOP('',(#4138,#4139,#4140));
#4138 = ORIENTED_EDGE('',*,*,#4001,.F.);
#4139 = ORIENTED_EDGE('',*,*,#4085,.T.);
#4140 = ORIENTED_EDGE('',*,*,#3971,.F.);
#4141 = ADVANCED_FACE('',(#4142),#4039,.T.);
#4142 = FACE_BOUND('',#4143,.T.);
#4143 = EDGE_LOOP('',(#4144,#4145,#4146));
#4144 = ORIENTED_EDGE('',*,*,#4058,.F.);
#4145 = ORIENTED_EDGE('',*,*,#4113,.T.);
#4146 = ORIENTED_EDGE('',*,*,#4024,.F.);
#4147 = ( GEOMETRIC_REPRESENTATION_CONTEXT(3) 
GLOBAL_UNCERTAINTY_ASSIGNED_CONTEXT((#4151)) 
GLOBAL_UNIT_ASSIGNED_CONTEXT((#4148,#4149,#4150)) REPRESENTATION_CONTEXT
('Context #1','3D Context with UNIT and UNCERTAINTY') );
#4148 = ( LENGTH_UNIT() NAMED_UNIT(*) SI_UNIT(.MILLI.,.METRE.) );
#4149 = ( NAMED_UNIT(*) PLANE_ANGLE_UNIT() SI_UNIT($,.RADIAN.) );
#4150 = ( NAMED_UNIT(*) SI_UNIT($,.STERADIAN.) SOLID_ANGLE_UNIT() );
#4151 = UNCERTAINTY_MEASURE_WITH_UNIT(LENGTH_MEASURE(2.E-04),#4148,
  'distance_accuracy_value','confusion accuracy');
#4152 = CONTEXT_DEPENDENT_SHAPE_REPRESENTATION(#4153,#4155);
#4153 = ( REPRESENTATION_RELATIONSHIP('','',#36,#10) 
REPRESENTATION_RELATIONSHIP_WITH_TRANSFORMATION(#4154) 
SHAPE_REPRESENTATION_RELATIONSHIP() );
#4154 = ITEM_DEFINED_TRANSFORMATION('','',#11,#15);
#4155 = PRODUCT_DEFINITION_SHAPE('Placement','Placement of an item',
  #4156);
#4156 = NEXT_ASSEMBLY_USAGE_OCCURRENCE('1','','',#5,#31,$);
#4157 = PRODUCT_RELATED_PRODUCT_CATEGORY('part',$,(#33));
#4158 = SHAPE_DEFINITION_REPRESENTATION(#4159,#4165);
#4159 = PRODUCT_DEFINITION_SHAPE('','',#4160);
#4160 = PRODUCT_DEFINITION('design','',#4161,#4164);
#4161 = PRODUCT_DEFINITION_FORMATION('','',#4162);
#4162 = PRODUCT('Open CASCADE STEP translator 7.9 2.2',
  'Open CASCADE STEP translator 7.9 2.2','',(#4163));
#4163 = PRODUCT_CONTEXT('',#2,'mechanical');
#4164 = PRODUCT_DEFINITION_CONTEXT('part definition',#2,'design');
#4165 = ADVANCED_BREP_SHAPE_REPRESENTATION('',(#11,#4166),#5504);
#4166 = MANIFOLD_SOLID_BREP('',#4167);
#4167 = CLOSED_SHELL('',(#4168,#4288,#4376,#4459,#4542,#4620,#4652,#4684
    ,#4760,#4841,#4868,#4949,#4976,#5052,#5085,#5118,#5196,#5229,#5300,
    #5333,#5404,#5473,#5479,#5485,#5492,#5498));
#4168 = ADVANCED_FACE('',(#4169),#4183,.F.);
#4169 = FACE_BOUND('',#4170,.F.);
#4170 = EDGE_LOOP('',(#4171,#4206,#4234,#4262));
#4171 = ORIENTED_EDGE('',*,*,#4172,.F.);
#4172 = EDGE_CURVE('',#4173,#4175,#4177,.T.);
#4173 = VERTEX_POINT('',#4174);
#4174 = CARTESIAN_POINT('',(-975.,-275.,442.5));
#4175 = VERTEX_POINT('',#4176);
#4176 = CARTESIAN_POINT('',(-975.,-275.,457.5));
#4177 = SURFACE_CURVE('',#4178,(#4182,#4194),.PCURVE_S1.);
#4178 = LINE('',#4179,#4180);
#4179 = CARTESIAN_POINT('',(-975.,-275.,427.5));
#4180 = VECTOR('',#4181,1.);
#4181 = DIRECTION('',(0.,0.,1.));
#4182 = PCURVE('',#4183,#4188);
#4183 = PLANE('',#4184);
#4184 = AXIS2_PLACEMENT_3D('',#4185,#4186,#4187);
#4185 = CARTESIAN_POINT('',(-975.,-290.,427.5));
#4186 = DIRECTION('',(1.,0.,0.));
#4187 = DIRECTION('',(0.,0.,1.));
#4188 = DEFINITIONAL_REPRESENTATION('',(#4189),#4193);
#4189 = LINE('',#4190,#4191);
#4190 = CARTESIAN_POINT('',(0.,-15.));
#4191 = VECTOR('',#4192,1.);
#4192 = DIRECTION('',(1.,0.));
#4193 = ( GEOMETRIC_REPRESENTATION_CONTEXT(2) 
PARAMETRIC_REPRESENTATION_CONTEXT() REPRESENTATION_CONTEXT('2D SPACE',''
  ) );
#4194 = PCURVE('',#4195,#4200);
#4195 = CYLINDRICAL_SURFACE('',#4196,15.);
#4196 = AXIS2_PLACEMENT_3D('',#4197,#4198,#4199);
#4197 = CARTESIAN_POINT('',(-960.,-275.,427.5));
#4198 = DIRECTION('',(0.,0.,1.));
#4199 = DIRECTION('',(-1.,-0.,0.));
#4200 = DEFINITIONAL_REPRESENTATION('',(#4201),#4205);
#4201 = LINE('',#4202,#4203);
#4202 = CARTESIAN_POINT('',(0.,0.));
#4203 = VECTOR('',#4204,1.);
#4204 = DIRECTION('',(0.,1.));
#4205 = ( GEOMETRIC_REPRESENTATION_CONTEXT(2) 
PARAMETRIC_REPRESENTATION_CONTEXT() REPRESENTATION_CONTEXT('2D SPACE',''
  ) );
#4206 = ORIENTED_EDGE('',*,*,#4207,.T.);
#4207 = EDGE_CURVE('',#4173,#4208,#4210,.T.);
#4208 = VERTEX_POINT('',#4209);
#4209 = CARTESIAN_POINT('',(-975.,275.,442.5));
#4210 = SURFACE_CURVE('',#4211,(#4215,#4222),.PCURVE_S1.);
#4211 = LINE('',#4212,#4213);
#4212 = CARTESIAN_POINT('',(-975.,-290.,442.5));
#4213 = VECTOR('',#4214,1.);
#4214 = DIRECTION('',(0.,1.,0.));
#4215 = PCURVE('',#4183,#4216);
#4216 = DEFINITIONAL_REPRESENTATION('',(#4217),#4221);
#4217 = LINE('',#4218,#4219);
#4218 = CARTESIAN_POINT('',(15.,0.));
#4219 = VECTOR('',#4220,1.);
#4220 = DIRECTION('',(0.,-1.));
#4221 = ( GEOMETRIC_REPRESENTATION_CONTEXT(2) 
PARAMETRIC_REPRESENTATION_CONTEXT() REPRESENTATION_CONTEXT('2D SPACE',''
  ) );
#4222 = PCURVE('',#4223,#4228);
#4223 = CYLINDRICAL_SURFACE('',#4224,15.);
#4224 = AXIS2_PLACEMENT_3D('',#4225,#4226,#4227);
#4225 = CARTESIAN_POINT('',(-960.,-290.,442.5));
#4226 = DIRECTION('',(0.,1.,0.));
#4227 = DIRECTION('',(-1.,0.,0.));
#4228 = DEFINITIONAL_REPRESENTATION('',(#4229),#4233);
#4229 = LINE('',#4230,#4231);
#4230 = CARTESIAN_POINT('',(-0.,0.));
#4231 = VECTOR('',#4232,1.);
#4232 = DIRECTION('',(-0.,1.));
#4233 = ( GEOMETRIC_REPRESENTATION_CONTEXT(2) 
PARAMETRIC_REPRESENTATION_CONTEXT() REPRESENTATION_CONTEXT('2D SPACE',''
  ) );
#4234 = ORIENTED_EDGE('',*,*,#4235,.T.);
#4235 = EDGE_CURVE('',#4208,#4236,#4238,.T.);
#4236 = VERTEX_POINT('',#4237);
#4237 = CARTESIAN_POINT('',(-975.,275.,457.5));
#4238 = SURFACE_CURVE('',#4239,(#4243,#4250),.PCURVE_S1.);
#4239 = LINE('',#4240,#4241);
#4240 = CARTESIAN_POINT('',(-975.,275.,427.5));
#4241 = VECTOR('',#4242,1.);
#4242 = DIRECTION('',(0.,0.,1.));
#4243 = PCURVE('',#4183,#4244);
#4244 = DEFINITIONAL_REPRESENTATION('',(#4245),#4249);
#4245 = LINE('',#4246,#4247);
#4246 = CARTESIAN_POINT('',(0.,-565.));
#4247 = VECTOR('',#4248,1.);
#4248 = DIRECTION('',(1.,0.));
#4249 = ( GEOMETRIC_REPRESENTATION_CONTEXT(2) 
PARAMETRIC_REPRESENTATION_CONTEXT() REPRESENTATION_CONTEXT('2D SPACE',''
  ) );
#4250 = PCURVE('',#4251,#4256);
#4251 = CYLINDRICAL_SURFACE('',#4252,15.);
#4252 = AXIS2_PLACEMENT_3D('',#4253,#4254,#4255);
#4253 = CARTESIAN_POINT('',(-960.,275.,427.5));
#4254 = DIRECTION('',(0.,0.,1.));
#4255 = DIRECTION('',(-1.,-0.,0.));
#4256 = DEFINITIONAL_REPRESENTATION('',(#4257),#4261);
#4257 = LINE('',#4258,#4259);
#4258 = CARTESIAN_POINT('',(-0.,0.));
#4259 = VECTOR('',#4260,1.);
#4260 = DIRECTION('',(-0.,1.));
#4261 = ( GEOMETRIC_REPRESENTATION_CONTEXT(2) 
PARAMETRIC_REPRESENTATION_CONTEXT() REPRESENTATION_CONTEXT('2D SPACE',''
  ) );
#4262 = ORIENTED_EDGE('',*,*,#4263,.F.);
#4263 = EDGE_CURVE('',#4175,#4236,#4264,.T.);
#4264 = SURFACE_CURVE('',#4265,(#4269,#4276),.PCURVE_S1.);
#4265 = LINE('',#4266,#4267);
#4266 = CARTESIAN_POINT('',(-975.,-290.,457.5));
#4267 = VECTOR('',#4268,1.);
#4268 = DIRECTION('',(0.,1.,0.));
#4269 = PCURVE('',#4183,#4270);
#4270 = DEFINITIONAL_REPRESENTATION('',(#4271),#4275);
#4271 = LINE('',#4272,#4273);
#4272 = CARTESIAN_POINT('',(30.,0.));
#4273 = VECTOR('',#4274,1.);
#4274 = DIRECTION('',(0.,-1.));
#4275 = ( GEOMETRIC_REPRESENTATION_CONTEXT(2) 
PARAMETRIC_REPRESENTATION_CONTEXT() REPRESENTATION_CONTEXT('2D SPACE',''
  ) );
#4276 = PCURVE('',#4277,#4282);
#4277 = CYLINDRICAL_SURFACE('',#4278,15.);
#4278 = AXIS2_PLACEMENT_3D('',#4279,#4280,#4281);
#4279 = CARTESIAN_POINT('',(-960.,-290.,457.5));
#4280 = DIRECTION('',(0.,1.,0.));
#4281 = DIRECTION('',(-1.,0.,0.));
#4282 = DEFINITIONAL_REPRESENTATION('',(#4283),#4287);
#4283 = LINE('',#4284,#4285);
#4284 = CARTESIAN_POINT('',(0.,0.));
#4285 = VECTOR('',#4286,1.);
#4286 = DIRECTION('',(0.,1.));
#4287 = ( GEOMETRIC_REPRESENTATION_CONTEXT(2) 
PARAMETRIC_REPRESENTATION_CONTEXT() REPRESENTATION_CONTEXT('2D SPACE',''
  ) );
#4288 = ADVANCED_FACE('',(#4289),#4195,.T.);
#4289 = FACE_BOUND('',#4290,.T.);
#4290 = EDGE_LOOP('',(#4291,#4292,#4321,#4349));
#4291 = ORIENTED_EDGE('',*,*,#4172,.F.);
#4292 = ORIENTED_EDGE('',*,*,#4293,.T.);
#4293 = EDGE_CURVE('',#4173,#4294,#4296,.T.);
#4294 = VERTEX_POINT('',#4295);
#4295 = CARTESIAN_POINT('',(-960.,-290.,442.5));
#4296 = SURFACE_CURVE('',#4297,(#4302,#4309),.PCURVE_S1.);
#4297 = CIRCLE('',#4298,15.);
#4298 = AXIS2_PLACEMENT_3D('',#4299,#4300,#4301);
#4299 = CARTESIAN_POINT('',(-960.,-275.,442.5));
#4300 = DIRECTION('',(0.,0.,1.));
#4301 = DIRECTION('',(-1.,0.,0.));
#4302 = PCURVE('',#4195,#4303);
#4303 = DEFINITIONAL_REPRESENTATION('',(#4304),#4308);
#4304 = LINE('',#4305,#4306);
#4305 = CARTESIAN_POINT('',(0.,15.));
#4306 = VECTOR('',#4307,1.);
#4307 = DIRECTION('',(1.,0.));
#4308 = ( GEOMETRIC_REPRESENTATION_CONTEXT(2) 
PARAMETRIC_REPRESENTATION_CONTEXT() REPRESENTATION_CONTEXT('2D SPACE',''
  ) );
#4309 = PCURVE('',#4310,#4315);
#4310 = SPHERICAL_SURFACE('',#4311,15.);
#4311 = AXIS2_PLACEMENT_3D('',#4312,#4313,#4314);
#4312 = CARTESIAN_POINT('',(-960.,-275.,442.5));
#4313 = DIRECTION('',(0.,0.,1.));
#4314 = DIRECTION('',(-1.,0.,0.));
#4315 = DEFINITIONAL_REPRESENTATION('',(#4316),#4320);
#4316 = LINE('',#4317,#4318);
#4317 = CARTESIAN_POINT('',(0.,0.));
#4318 = VECTOR('',#4319,1.);
#4319 = DIRECTION('',(1.,0.));
#4320 = ( GEOMETRIC_REPRESENTATION_CONTEXT(2) 
PARAMETRIC_REPRESENTATION_CONTEXT() REPRESENTATION_CONTEXT('2D SPACE',''
  ) );
#4321 = ORIENTED_EDGE('',*,*,#4322,.T.);
#4322 = EDGE_CURVE('',#4294,#4323,#4325,.T.);
#4323 = VERTEX_POINT('',#4324);
#4324 = CARTESIAN_POINT('',(-960.,-290.,457.5));
#4325 = SURFACE_CURVE('',#4326,(#4330,#4337),.PCURVE_S1.);
#4326 = LINE('',#4327,#4328);
#4327 = CARTESIAN_POINT('',(-960.,-290.,427.5));
#4328 = VECTOR('',#4329,1.);
#4329 = DIRECTION('',(0.,0.,1.));
#4330 = PCURVE('',#4195,#4331);
#4331 = DEFINITIONAL_REPRESENTATION('',(#4332),#4336);
#4332 = LINE('',#4333,#4334);
#4333 = CARTESIAN_POINT('',(1.570796326795,0.));
#4334 = VECTOR('',#4335,1.);
#4335 = DIRECTION('',(0.,1.));
#4336 = ( GEOMETRIC_REPRESENTATION_CONTEXT(2) 
PARAMETRIC_REPRESENTATION_CONTEXT() REPRESENTATION_CONTEXT('2D SPACE',''
  ) );
#4337 = PCURVE('',#4338,#4343);
#4338 = PLANE('',#4339);
#4339 = AXIS2_PLACEMENT_3D('',#4340,#4341,#4342);
#4340 = CARTESIAN_POINT('',(-975.,-290.,427.5));
#4341 = DIRECTION('',(0.,1.,0.));
#4342 = DIRECTION('',(0.,0.,1.));
#4343 = DEFINITIONAL_REPRESENTATION('',(#4344),#4348);
#4344 = LINE('',#4345,#4346);
#4345 = CARTESIAN_POINT('',(0.,15.));
#4346 = VECTOR('',#4347,1.);
#4347 = DIRECTION('',(1.,0.));
#4348 = ( GEOMETRIC_REPRESENTATION_CONTEXT(2) 
PARAMETRIC_REPRESENTATION_CONTEXT() REPRESENTATION_CONTEXT('2D SPACE',''
  ) );
#4349 = ORIENTED_EDGE('',*,*,#4350,.F.);
#4350 = EDGE_CURVE('',#4175,#4323,#4351,.T.);
#4351 = SURFACE_CURVE('',#4352,(#4357,#4364),.PCURVE_S1.);
#4352 = CIRCLE('',#4353,15.);
#4353 = AXIS2_PLACEMENT_3D('',#4354,#4355,#4356);
#4354 = CARTESIAN_POINT('',(-960.,-275.,457.5));
#4355 = DIRECTION('',(0.,0.,1.));
#4356 = DIRECTION('',(-1.,0.,0.));
#4357 = PCURVE('',#4195,#4358);
#4358 = DEFINITIONAL_REPRESENTATION('',(#4359),#4363);
#4359 = LINE('',#4360,#4361);
#4360 = CARTESIAN_POINT('',(0.,30.));
#4361 = VECTOR('',#4362,1.);
#4362 = DIRECTION('',(1.,0.));
#4363 = ( GEOMETRIC_REPRESENTATION_CONTEXT(2) 
PARAMETRIC_REPRESENTATION_CONTEXT() REPRESENTATION_CONTEXT('2D SPACE',''
  ) );
#4364 = PCURVE('',#4365,#4370);
#4365 = SPHERICAL_SURFACE('',#4366,15.);
#4366 = AXIS2_PLACEMENT_3D('',#4367,#4368,#4369);
#4367 = CARTESIAN_POINT('',(-960.,-275.,457.5));
#4368 = DIRECTION('',(-0.,-0.,-1.));
#4369 = DIRECTION('',(-1.,0.,0.));
#4370 = DEFINITIONAL_REPRESENTATION('',(#4371),#4375);
#4371 = LINE('',#4372,#4373);
#4372 = CARTESIAN_POINT('',(-0.,0.));
#4373 = VECTOR('',#4374,1.);
#4374 = DIRECTION('',(-1.,0.));
#4375 = ( GEOMETRIC_REPRESENTATION_CONTEXT(2) 
PARAMETRIC_REPRESENTATION_CONTEXT() REPRESENTATION_CONTEXT('2D SPACE',''
  ) );
#4376 = ADVANCED_FACE('',(#4377),#4223,.T.);
#4377 = FACE_BOUND('',#4378,.F.);
#4378 = EDGE_LOOP('',(#4379,#4403,#4431,#4458));
#4379 = ORIENTED_EDGE('',*,*,#4380,.F.);
#4380 = EDGE_CURVE('',#4381,#4173,#4383,.T.);
#4381 = VERTEX_POINT('',#4382);
#4382 = CARTESIAN_POINT('',(-960.,-275.,427.5));
#4383 = SURFACE_CURVE('',#4384,(#4389,#4396),.PCURVE_S1.);
#4384 = CIRCLE('',#4385,15.);
#4385 = AXIS2_PLACEMENT_3D('',#4386,#4387,#4388);
#4386 = CARTESIAN_POINT('',(-960.,-275.,442.5));
#4387 = DIRECTION('',(0.,1.,-0.));
#4388 = DIRECTION('',(-1.,0.,0.));
#4389 = PCURVE('',#4223,#4390);
#4390 = DEFINITIONAL_REPRESENTATION('',(#4391),#4395);
#4391 = LINE('',#4392,#4393);
#4392 = CARTESIAN_POINT('',(-6.28318530718,15.));
#4393 = VECTOR('',#4394,1.);
#4394 = DIRECTION('',(1.,-0.));
#4395 = ( GEOMETRIC_REPRESENTATION_CONTEXT(2) 
PARAMETRIC_REPRESENTATION_CONTEXT() REPRESENTATION_CONTEXT('2D SPACE',''
  ) );
#4396 = PCURVE('',#4310,#4397);
#4397 = DEFINITIONAL_REPRESENTATION('',(#4398),#4402);
#4398 = LINE('',#4399,#4400);
#4399 = CARTESIAN_POINT('',(0.,-6.28318530718));
#4400 = VECTOR('',#4401,1.);
#4401 = DIRECTION('',(0.,1.));
#4402 = ( GEOMETRIC_REPRESENTATION_CONTEXT(2) 
PARAMETRIC_REPRESENTATION_CONTEXT() REPRESENTATION_CONTEXT('2D SPACE',''
  ) );
#4403 = ORIENTED_EDGE('',*,*,#4404,.T.);
#4404 = EDGE_CURVE('',#4381,#4405,#4407,.T.);
#4405 = VERTEX_POINT('',#4406);
#4406 = CARTESIAN_POINT('',(-960.,275.,427.5));
#4407 = SURFACE_CURVE('',#4408,(#4412,#4419),.PCURVE_S1.);
#4408 = LINE('',#4409,#4410);
#4409 = CARTESIAN_POINT('',(-960.,-290.,427.5));
#4410 = VECTOR('',#4411,1.);
#4411 = DIRECTION('',(0.,1.,0.));
#4412 = PCURVE('',#4223,#4413);
#4413 = DEFINITIONAL_REPRESENTATION('',(#4414),#4418);
#4414 = LINE('',#4415,#4416);
#4415 = CARTESIAN_POINT('',(-1.570796326795,0.));
#4416 = VECTOR('',#4417,1.);
#4417 = DIRECTION('',(-0.,1.));
#4418 = ( GEOMETRIC_REPRESENTATION_CONTEXT(2) 
PARAMETRIC_REPRESENTATION_CONTEXT() REPRESENTATION_CONTEXT('2D SPACE',''
  ) );
#4419 = PCURVE('',#4420,#4425);
#4420 = PLANE('',#4421);
#4421 = AXIS2_PLACEMENT_3D('',#4422,#4423,#4424);
#4422 = CARTESIAN_POINT('',(-975.,-290.,427.5));
#4423 = DIRECTION('',(0.,0.,1.));
#4424 = DIRECTION('',(1.,0.,0.));
#4425 = DEFINITIONAL_REPRESENTATION('',(#4426),#4430);
#4426 = LINE('',#4427,#4428);
#4427 = CARTESIAN_POINT('',(15.,0.));
#4428 = VECTOR('',#4429,1.);
#4429 = DIRECTION('',(0.,1.));
#4430 = ( GEOMETRIC_REPRESENTATION_CONTEXT(2) 
PARAMETRIC_REPRESENTATION_CONTEXT() REPRESENTATION_CONTEXT('2D SPACE',''
  ) );
#4431 = ORIENTED_EDGE('',*,*,#4432,.T.);
#4432 = EDGE_CURVE('',#4405,#4208,#4433,.T.);
#4433 = SURFACE_CURVE('',#4434,(#4439,#4446),.PCURVE_S1.);
#4434 = CIRCLE('',#4435,15.);
#4435 = AXIS2_PLACEMENT_3D('',#4436,#4437,#4438);
#4436 = CARTESIAN_POINT('',(-960.,275.,442.5));
#4437 = DIRECTION('',(0.,1.,-0.));
#4438 = DIRECTION('',(-1.,0.,0.));
#4439 = PCURVE('',#4223,#4440);
#4440 = DEFINITIONAL_REPRESENTATION('',(#4441),#4445);
#4441 = LINE('',#4442,#4443);
#4442 = CARTESIAN_POINT('',(-6.28318530718,565.));
#4443 = VECTOR('',#4444,1.);
#4444 = DIRECTION('',(1.,-0.));
#4445 = ( GEOMETRIC_REPRESENTATION_CONTEXT(2) 
PARAMETRIC_REPRESENTATION_CONTEXT() REPRESENTATION_CONTEXT('2D SPACE',''
  ) );
#4446 = PCURVE('',#4447,#4452);
#4447 = SPHERICAL_SURFACE('',#4448,15.);
#4448 = AXIS2_PLACEMENT_3D('',#4449,#4450,#4451);
#4449 = CARTESIAN_POINT('',(-960.,275.,442.5));
#4450 = DIRECTION('',(0.,0.,1.));
#4451 = DIRECTION('',(-1.,0.,0.));
#4452 = DEFINITIONAL_REPRESENTATION('',(#4453),#4457);
#4453 = LINE('',#4454,#4455);
#4454 = CARTESIAN_POINT('',(-0.,-6.28318530718));
#4455 = VECTOR('',#4456,1.);
#4456 = DIRECTION('',(-0.,1.));
#4457 = ( GEOMETRIC_REPRESENTATION_CONTEXT(2) 
PARAMETRIC_REPRESENTATION_CONTEXT() REPRESENTATION_CONTEXT('2D SPACE',''
  ) );
#4458 = ORIENTED_EDGE('',*,*,#4207,.F.);
#4459 = ADVANCED_FACE('',(#4460),#4277,.T.);
#4460 = FACE_BOUND('',#4461,.T.);
#4461 = EDGE_LOOP('',(#4462,#4486,#4514,#4541));
#4462 = ORIENTED_EDGE('',*,*,#4463,.F.);
#4463 = EDGE_CURVE('',#4464,#4175,#4466,.T.);
#4464 = VERTEX_POINT('',#4465);
#4465 = CARTESIAN_POINT('',(-960.,-275.,472.5));
#4466 = SURFACE_CURVE('',#4467,(#4472,#4479),.PCURVE_S1.);
#4467 = CIRCLE('',#4468,15.);
#4468 = AXIS2_PLACEMENT_3D('',#4469,#4470,#4471);
#4469 = CARTESIAN_POINT('',(-960.,-275.,457.5));
#4470 = DIRECTION('',(0.,-1.,0.));
#4471 = DIRECTION('',(-1.,0.,0.));
#4472 = PCURVE('',#4277,#4473);
#4473 = DEFINITIONAL_REPRESENTATION('',(#4474),#4478);
#4474 = LINE('',#4475,#4476);
#4475 = CARTESIAN_POINT('',(6.28318530718,15.));
#4476 = VECTOR('',#4477,1.);
#4477 = DIRECTION('',(-1.,-0.));
#4478 = ( GEOMETRIC_REPRESENTATION_CONTEXT(2) 
PARAMETRIC_REPRESENTATION_CONTEXT() REPRESENTATION_CONTEXT('2D SPACE',''
  ) );
#4479 = PCURVE('',#4365,#4480);
#4480 = DEFINITIONAL_REPRESENTATION('',(#4481),#4485);
#4481 = LINE('',#4482,#4483);
#4482 = CARTESIAN_POINT('',(-0.,-6.28318530718));
#4483 = VECTOR('',#4484,1.);
#4484 = DIRECTION('',(-0.,1.));
#4485 = ( GEOMETRIC_REPRESENTATION_CONTEXT(2) 
PARAMETRIC_REPRESENTATION_CONTEXT() REPRESENTATION_CONTEXT('2D SPACE',''
  ) );
#4486 = ORIENTED_EDGE('',*,*,#4487,.T.);
#4487 = EDGE_CURVE('',#4464,#4488,#4490,.T.);
#4488 = VERTEX_POINT('',#4489);
#4489 = CARTESIAN_POINT('',(-960.,275.,472.5));
#4490 = SURFACE_CURVE('',#4491,(#4495,#4502),.PCURVE_S1.);
#4491 = LINE('',#4492,#4493);
#4492 = CARTESIAN_POINT('',(-960.,-290.,472.5));
#4493 = VECTOR('',#4494,1.);
#4494 = DIRECTION('',(0.,1.,0.));
#4495 = PCURVE('',#4277,#4496);
#4496 = DEFINITIONAL_REPRESENTATION('',(#4497),#4501);
#4497 = LINE('',#4498,#4499);
#4498 = CARTESIAN_POINT('',(1.570796326795,0.));
#4499 = VECTOR('',#4500,1.);
#4500 = DIRECTION('',(0.,1.));
#4501 = ( GEOMETRIC_REPRESENTATION_CONTEXT(2) 
PARAMETRIC_REPRESENTATION_CONTEXT() REPRESENTATION_CONTEXT('2D SPACE',''
  ) );
#4502 = PCURVE('',#4503,#4508);
#4503 = PLANE('',#4504);
#4504 = AXIS2_PLACEMENT_3D('',#4505,#4506,#4507);
#4505 = CARTESIAN_POINT('',(-975.,-290.,472.5));
#4506 = DIRECTION('',(0.,0.,1.));
#4507 = DIRECTION('',(1.,0.,0.));
#4508 = DEFINITIONAL_REPRESENTATION('',(#4509),#4513);
#4509 = LINE('',#4510,#4511);
#4510 = CARTESIAN_POINT('',(15.,0.));
#4511 = VECTOR('',#4512,1.);
#4512 = DIRECTION('',(0.,1.));
#4513 = ( GEOMETRIC_REPRESENTATION_CONTEXT(2) 
PARAMETRIC_REPRESENTATION_CONTEXT() REPRESENTATION_CONTEXT('2D SPACE',''
  ) );
#4514 = ORIENTED_EDGE('',*,*,#4515,.F.);
#4515 = EDGE_CURVE('',#4236,#4488,#4516,.T.);
#4516 = SURFACE_CURVE('',#4517,(#4522,#4529),.PCURVE_S1.);
#4517 = CIRCLE('',#4518,15.);
#4518 = AXIS2_PLACEMENT_3D('',#4519,#4520,#4521);
#4519 = CARTESIAN_POINT('',(-960.,275.,457.5));
#4520 = DIRECTION('',(0.,1.,0.));
#4521 = DIRECTION('',(-1.,0.,0.));
#4522 = PCURVE('',#4277,#4523);
#4523 = DEFINITIONAL_REPRESENTATION('',(#4524),#4528);
#4524 = LINE('',#4525,#4526);
#4525 = CARTESIAN_POINT('',(0.,565.));
#4526 = VECTOR('',#4527,1.);
#4527 = DIRECTION('',(1.,0.));
#4528 = ( GEOMETRIC_REPRESENTATION_CONTEXT(2) 
PARAMETRIC_REPRESENTATION_CONTEXT() REPRESENTATION_CONTEXT('2D SPACE',''
  ) );
#4529 = PCURVE('',#4530,#4535);
#4530 = SPHERICAL_SURFACE('',#4531,15.);
#4531 = AXIS2_PLACEMENT_3D('',#4532,#4533,#4534);
#4532 = CARTESIAN_POINT('',(-960.,275.,457.5));
#4533 = DIRECTION('',(-0.,-1.,-0.));
#4534 = DIRECTION('',(-1.,0.,0.));
#4535 = DEFINITIONAL_REPRESENTATION('',(#4536),#4540);
#4536 = LINE('',#4537,#4538);
#4537 = CARTESIAN_POINT('',(-0.,0.));
#4538 = VECTOR('',#4539,1.);
#4539 = DIRECTION('',(-1.,0.));
#4540 = ( GEOMETRIC_REPRESENTATION_CONTEXT(2) 
PARAMETRIC_REPRESENTATION_CONTEXT() REPRESENTATION_CONTEXT('2D SPACE',''
  ) );
#4541 = ORIENTED_EDGE('',*,*,#4263,.F.);
#4542 = ADVANCED_FACE('',(#4543),#4251,.T.);
#4543 = FACE_BOUND('',#4544,.F.);
#4544 = EDGE_LOOP('',(#4545,#4546,#4570,#4598));
#4545 = ORIENTED_EDGE('',*,*,#4235,.F.);
#4546 = ORIENTED_EDGE('',*,*,#4547,.T.);
#4547 = EDGE_CURVE('',#4208,#4548,#4550,.T.);
#4548 = VERTEX_POINT('',#4549);
#4549 = CARTESIAN_POINT('',(-960.,290.,442.5));
#4550 = SURFACE_CURVE('',#4551,(#4556,#4563),.PCURVE_S1.);
#4551 = CIRCLE('',#4552,15.);
#4552 = AXIS2_PLACEMENT_3D('',#4553,#4554,#4555);
#4553 = CARTESIAN_POINT('',(-960.,275.,442.5));
#4554 = DIRECTION('',(-0.,0.,-1.));
#4555 = DIRECTION('',(-1.,0.,0.));
#4556 = PCURVE('',#4251,#4557);
#4557 = DEFINITIONAL_REPRESENTATION('',(#4558),#4562);
#4558 = LINE('',#4559,#4560);
#4559 = CARTESIAN_POINT('',(-0.,15.));
#4560 = VECTOR('',#4561,1.);
#4561 = DIRECTION('',(-1.,0.));
#4562 = ( GEOMETRIC_REPRESENTATION_CONTEXT(2) 
PARAMETRIC_REPRESENTATION_CONTEXT() REPRESENTATION_CONTEXT('2D SPACE',''
  ) );
#4563 = PCURVE('',#4447,#4564);
#4564 = DEFINITIONAL_REPRESENTATION('',(#4565),#4569);
#4565 = LINE('',#4566,#4567);
#4566 = CARTESIAN_POINT('',(-0.,0.));
#4567 = VECTOR('',#4568,1.);
#4568 = DIRECTION('',(-1.,0.));
#4569 = ( GEOMETRIC_REPRESENTATION_CONTEXT(2) 
PARAMETRIC_REPRESENTATION_CONTEXT() REPRESENTATION_CONTEXT('2D SPACE',''
  ) );
#4570 = ORIENTED_EDGE('',*,*,#4571,.T.);
#4571 = EDGE_CURVE('',#4548,#4572,#4574,.T.);
#4572 = VERTEX_POINT('',#4573);
#4573 = CARTESIAN_POINT('',(-960.,290.,457.5));
#4574 = SURFACE_CURVE('',#4575,(#4579,#4586),.PCURVE_S1.);
#4575 = LINE('',#4576,#4577);
#4576 = CARTESIAN_POINT('',(-960.,290.,427.5));
#4577 = VECTOR('',#4578,1.);
#4578 = DIRECTION('',(0.,0.,1.));
#4579 = PCURVE('',#4251,#4580);
#4580 = DEFINITIONAL_REPRESENTATION('',(#4581),#4585);
#4581 = LINE('',#4582,#4583);
#4582 = CARTESIAN_POINT('',(-1.570796326795,0.));
#4583 = VECTOR('',#4584,1.);
#4584 = DIRECTION('',(-0.,1.));
#4585 = ( GEOMETRIC_REPRESENTATION_CONTEXT(2) 
PARAMETRIC_REPRESENTATION_CONTEXT() REPRESENTATION_CONTEXT('2D SPACE',''
  ) );
#4586 = PCURVE('',#4587,#4592);
#4587 = PLANE('',#4588);
#4588 = AXIS2_PLACEMENT_3D('',#4589,#4590,#4591);
#4589 = CARTESIAN_POINT('',(-975.,290.,427.5));
#4590 = DIRECTION('',(0.,1.,0.));
#4591 = DIRECTION('',(0.,0.,1.));
#4592 = DEFINITIONAL_REPRESENTATION('',(#4593),#4597);
#4593 = LINE('',#4594,#4595);
#4594 = CARTESIAN_POINT('',(0.,15.));
#4595 = VECTOR('',#4596,1.);
#4596 = DIRECTION('',(1.,0.));
#4597 = ( GEOMETRIC_REPRESENTATION_CONTEXT(2) 
PARAMETRIC_REPRESENTATION_CONTEXT() REPRESENTATION_CONTEXT('2D SPACE',''
  ) );
#4598 = ORIENTED_EDGE('',*,*,#4599,.T.);
#4599 = EDGE_CURVE('',#4572,#4236,#4600,.T.);
#4600 = SURFACE_CURVE('',#4601,(#4606,#4613),.PCURVE_S1.);
#4601 = CIRCLE('',#4602,15.);
#4602 = AXIS2_PLACEMENT_3D('',#4603,#4604,#4605);
#4603 = CARTESIAN_POINT('',(-960.,275.,457.5));
#4604 = DIRECTION('',(0.,0.,1.));
#4605 = DIRECTION('',(-1.,0.,0.));
#4606 = PCURVE('',#4251,#4607);
#4607 = DEFINITIONAL_REPRESENTATION('',(#4608),#4612);
#4608 = LINE('',#4609,#4610);
#4609 = CARTESIAN_POINT('',(-6.28318530718,30.));
#4610 = VECTOR('',#4611,1.);
#4611 = DIRECTION('',(1.,-0.));
#4612 = ( GEOMETRIC_REPRESENTATION_CONTEXT(2) 
PARAMETRIC_REPRESENTATION_CONTEXT() REPRESENTATION_CONTEXT('2D SPACE',''
  ) );
#4613 = PCURVE('',#4530,#4614);
#4614 = DEFINITIONAL_REPRESENTATION('',(#4615),#4619);
#4615 = LINE('',#4616,#4617);
#4616 = CARTESIAN_POINT('',(-0.,-6.28318530718));
#4617 = VECTOR('',#4618,1.);
#4618 = DIRECTION('',(-0.,1.));
#4619 = ( GEOMETRIC_REPRESENTATION_CONTEXT(2) 
PARAMETRIC_REPRESENTATION_CONTEXT() REPRESENTATION_CONTEXT('2D SPACE',''
  ) );
#4620 = ADVANCED_FACE('',(#4621),#4310,.T.);
#4621 = FACE_BOUND('',#4622,.T.);
#4622 = EDGE_LOOP('',(#4623,#4624,#4651));
#4623 = ORIENTED_EDGE('',*,*,#4380,.F.);
#4624 = ORIENTED_EDGE('',*,*,#4625,.T.);
#4625 = EDGE_CURVE('',#4381,#4294,#4626,.T.);
#4626 = SURFACE_CURVE('',#4627,(#4632,#4639),.PCURVE_S1.);
#4627 = CIRCLE('',#4628,15.);
#4628 = AXIS2_PLACEMENT_3D('',#4629,#4630,#4631);
#4629 = CARTESIAN_POINT('',(-960.,-275.,442.5));
#4630 = DIRECTION('',(-1.,6.123233995737E-17,0.));
#4631 = DIRECTION('',(-6.123233995737E-17,-1.,0.));
#4632 = PCURVE('',#4310,#4633);
#4633 = DEFINITIONAL_REPRESENTATION('',(#4634),#4638);
#4634 = LINE('',#4635,#4636);
#4635 = CARTESIAN_POINT('',(1.570796326795,-6.28318530718));
#4636 = VECTOR('',#4637,1.);
#4637 = DIRECTION('',(0.,1.));
#4638 = ( GEOMETRIC_REPRESENTATION_CONTEXT(2) 
PARAMETRIC_REPRESENTATION_CONTEXT() REPRESENTATION_CONTEXT('2D SPACE',''
  ) );
#4639 = PCURVE('',#4640,#4645);
#4640 = CYLINDRICAL_SURFACE('',#4641,15.);
#4641 = AXIS2_PLACEMENT_3D('',#4642,#4643,#4644);
#4642 = CARTESIAN_POINT('',(-975.,-275.,442.5));
#4643 = DIRECTION('',(1.,0.,0.));
#4644 = DIRECTION('',(0.,-1.,0.));
#4645 = DEFINITIONAL_REPRESENTATION('',(#4646),#4650);
#4646 = LINE('',#4647,#4648);
#4647 = CARTESIAN_POINT('',(6.28318530718,15.));
#4648 = VECTOR('',#4649,1.);
#4649 = DIRECTION('',(-1.,-0.));
#4650 = ( GEOMETRIC_REPRESENTATION_CONTEXT(2) 
PARAMETRIC_REPRESENTATION_CONTEXT() REPRESENTATION_CONTEXT('2D SPACE',''
  ) );
#4651 = ORIENTED_EDGE('',*,*,#4293,.F.);
#4652 = ADVANCED_FACE('',(#4653),#4365,.T.);
#4653 = FACE_BOUND('',#4654,.F.);
#4654 = EDGE_LOOP('',(#4655,#4656,#4683));
#4655 = ORIENTED_EDGE('',*,*,#4463,.F.);
#4656 = ORIENTED_EDGE('',*,*,#4657,.T.);
#4657 = EDGE_CURVE('',#4464,#4323,#4658,.T.);
#4658 = SURFACE_CURVE('',#4659,(#4664,#4671),.PCURVE_S1.);
#4659 = CIRCLE('',#4660,15.);
#4660 = AXIS2_PLACEMENT_3D('',#4661,#4662,#4663);
#4661 = CARTESIAN_POINT('',(-960.,-275.,457.5));
#4662 = DIRECTION('',(1.,-6.123233995737E-17,0.));
#4663 = DIRECTION('',(-6.123233995737E-17,-1.,0.));
#4664 = PCURVE('',#4365,#4665);
#4665 = DEFINITIONAL_REPRESENTATION('',(#4666),#4670);
#4666 = LINE('',#4667,#4668);
#4667 = CARTESIAN_POINT('',(-1.570796326795,-6.28318530718));
#4668 = VECTOR('',#4669,1.);
#4669 = DIRECTION('',(-0.,1.));
#4670 = ( GEOMETRIC_REPRESENTATION_CONTEXT(2) 
PARAMETRIC_REPRESENTATION_CONTEXT() REPRESENTATION_CONTEXT('2D SPACE',''
  ) );
#4671 = PCURVE('',#4672,#4677);
#4672 = CYLINDRICAL_SURFACE('',#4673,15.);
#4673 = AXIS2_PLACEMENT_3D('',#4674,#4675,#4676);
#4674 = CARTESIAN_POINT('',(-975.,-275.,457.5));
#4675 = DIRECTION('',(1.,0.,0.));
#4676 = DIRECTION('',(0.,-1.,0.));
#4677 = DEFINITIONAL_REPRESENTATION('',(#4678),#4682);
#4678 = LINE('',#4679,#4680);
#4679 = CARTESIAN_POINT('',(-6.28318530718,15.));
#4680 = VECTOR('',#4681,1.);
#4681 = DIRECTION('',(1.,-0.));
#4682 = ( GEOMETRIC_REPRESENTATION_CONTEXT(2) 
PARAMETRIC_REPRESENTATION_CONTEXT() REPRESENTATION_CONTEXT('2D SPACE',''
  ) );
#4683 = ORIENTED_EDGE('',*,*,#4350,.F.);
#4684 = ADVANCED_FACE('',(#4685),#4338,.F.);
#4685 = FACE_BOUND('',#4686,.F.);
#4686 = EDGE_LOOP('',(#4687,#4688,#4711,#4739));
#4687 = ORIENTED_EDGE('',*,*,#4322,.T.);
#4688 = ORIENTED_EDGE('',*,*,#4689,.T.);
#4689 = EDGE_CURVE('',#4323,#4690,#4692,.T.);
#4690 = VERTEX_POINT('',#4691);
#4691 = CARTESIAN_POINT('',(-140.,-290.,457.5));
#4692 = SURFACE_CURVE('',#4693,(#4697,#4704),.PCURVE_S1.);
#4693 = LINE('',#4694,#4695);
#4694 = CARTESIAN_POINT('',(-975.,-290.,457.5));
#4695 = VECTOR('',#4696,1.);
#4696 = DIRECTION('',(1.,0.,0.));
#4697 = PCURVE('',#4338,#4698);
#4698 = DEFINITIONAL_REPRESENTATION('',(#4699),#4703);
#4699 = LINE('',#4700,#4701);
#4700 = CARTESIAN_POINT('',(30.,0.));
#4701 = VECTOR('',#4702,1.);
#4702 = DIRECTION('',(0.,1.));
#4703 = ( GEOMETRIC_REPRESENTATION_CONTEXT(2) 
PARAMETRIC_REPRESENTATION_CONTEXT() REPRESENTATION_CONTEXT('2D SPACE',''
  ) );
#4704 = PCURVE('',#4672,#4705);
#4705 = DEFINITIONAL_REPRESENTATION('',(#4706),#4710);
#4706 = LINE('',#4707,#4708);
#4707 = CARTESIAN_POINT('',(-0.,0.));
#4708 = VECTOR('',#4709,1.);
#4709 = DIRECTION('',(-0.,1.));
#4710 = ( GEOMETRIC_REPRESENTATION_CONTEXT(2) 
PARAMETRIC_REPRESENTATION_CONTEXT() REPRESENTATION_CONTEXT('2D SPACE',''
  ) );
#4711 = ORIENTED_EDGE('',*,*,#4712,.F.);
#4712 = EDGE_CURVE('',#4713,#4690,#4715,.T.);
#4713 = VERTEX_POINT('',#4714);
#4714 = CARTESIAN_POINT('',(-140.,-290.,442.5));
#4715 = SURFACE_CURVE('',#4716,(#4720,#4727),.PCURVE_S1.);
#4716 = LINE('',#4717,#4718);
#4717 = CARTESIAN_POINT('',(-140.,-290.,427.5));
#4718 = VECTOR('',#4719,1.);
#4719 = DIRECTION('',(0.,0.,1.));
#4720 = PCURVE('',#4338,#4721);
#4721 = DEFINITIONAL_REPRESENTATION('',(#4722),#4726);
#4722 = LINE('',#4723,#4724);
#4723 = CARTESIAN_POINT('',(0.,835.));
#4724 = VECTOR('',#4725,1.);
#4725 = DIRECTION('',(1.,0.));
#4726 = ( GEOMETRIC_REPRESENTATION_CONTEXT(2) 
PARAMETRIC_REPRESENTATION_CONTEXT() REPRESENTATION_CONTEXT('2D SPACE',''
  ) );
#4727 = PCURVE('',#4728,#4733);
#4728 = CYLINDRICAL_SURFACE('',#4729,15.);
#4729 = AXIS2_PLACEMENT_3D('',#4730,#4731,#4732);
#4730 = CARTESIAN_POINT('',(-140.,-275.,427.5));
#4731 = DIRECTION('',(0.,0.,1.));
#4732 = DIRECTION('',(1.,0.,-0.));
#4733 = DEFINITIONAL_REPRESENTATION('',(#4734),#4738);
#4734 = LINE('',#4735,#4736);
#4735 = CARTESIAN_POINT('',(-1.570796326795,0.));
#4736 = VECTOR('',#4737,1.);
#4737 = DIRECTION('',(-0.,1.));
#4738 = ( GEOMETRIC_REPRESENTATION_CONTEXT(2) 
PARAMETRIC_REPRESENTATION_CONTEXT() REPRESENTATION_CONTEXT('2D SPACE',''
  ) );
#4739 = ORIENTED_EDGE('',*,*,#4740,.F.);
#4740 = EDGE_CURVE('',#4294,#4713,#4741,.T.);
#4741 = SURFACE_CURVE('',#4742,(#4746,#4753),.PCURVE_S1.);
#4742 = LINE('',#4743,#4744);
#4743 = CARTESIAN_POINT('',(-975.,-290.,442.5));
#4744 = VECTOR('',#4745,1.);
#4745 = DIRECTION('',(1.,0.,0.));
#4746 = PCURVE('',#4338,#4747);
#4747 = DEFINITIONAL_REPRESENTATION('',(#4748),#4752);
#4748 = LINE('',#4749,#4750);
#4749 = CARTESIAN_POINT('',(15.,0.));
#4750 = VECTOR('',#4751,1.);
#4751 = DIRECTION('',(0.,1.));
#4752 = ( GEOMETRIC_REPRESENTATION_CONTEXT(2) 
PARAMETRIC_REPRESENTATION_CONTEXT() REPRESENTATION_CONTEXT('2D SPACE',''
  ) );
#4753 = PCURVE('',#4640,#4754);
#4754 = DEFINITIONAL_REPRESENTATION('',(#4755),#4759);
#4755 = LINE('',#4756,#4757);
#4756 = CARTESIAN_POINT('',(0.,0.));
#4757 = VECTOR('',#4758,1.);
#4758 = DIRECTION('',(0.,1.));
#4759 = ( GEOMETRIC_REPRESENTATION_CONTEXT(2) 
PARAMETRIC_REPRESENTATION_CONTEXT() REPRESENTATION_CONTEXT('2D SPACE',''
  ) );
#4760 = ADVANCED_FACE('',(#4761),#4420,.F.);
#4761 = FACE_BOUND('',#4762,.F.);
#4762 = EDGE_LOOP('',(#4763,#4764,#4787,#4815));
#4763 = ORIENTED_EDGE('',*,*,#4404,.F.);
#4764 = ORIENTED_EDGE('',*,*,#4765,.T.);
#4765 = EDGE_CURVE('',#4381,#4766,#4768,.T.);
#4766 = VERTEX_POINT('',#4767);
#4767 = CARTESIAN_POINT('',(-140.,-275.,427.5));
#4768 = SURFACE_CURVE('',#4769,(#4773,#4780),.PCURVE_S1.);
#4769 = LINE('',#4770,#4771);
#4770 = CARTESIAN_POINT('',(-975.,-275.,427.5));
#4771 = VECTOR('',#4772,1.);
#4772 = DIRECTION('',(1.,0.,0.));
#4773 = PCURVE('',#4420,#4774);
#4774 = DEFINITIONAL_REPRESENTATION('',(#4775),#4779);
#4775 = LINE('',#4776,#4777);
#4776 = CARTESIAN_POINT('',(0.,15.));
#4777 = VECTOR('',#4778,1.);
#4778 = DIRECTION('',(1.,0.));
#4779 = ( GEOMETRIC_REPRESENTATION_CONTEXT(2) 
PARAMETRIC_REPRESENTATION_CONTEXT() REPRESENTATION_CONTEXT('2D SPACE',''
  ) );
#4780 = PCURVE('',#4640,#4781);
#4781 = DEFINITIONAL_REPRESENTATION('',(#4782),#4786);
#4782 = LINE('',#4783,#4784);
#4783 = CARTESIAN_POINT('',(1.570796326795,0.));
#4784 = VECTOR('',#4785,1.);
#4785 = DIRECTION('',(0.,1.));
#4786 = ( GEOMETRIC_REPRESENTATION_CONTEXT(2) 
PARAMETRIC_REPRESENTATION_CONTEXT() REPRESENTATION_CONTEXT('2D SPACE',''
  ) );
#4787 = ORIENTED_EDGE('',*,*,#4788,.T.);
#4788 = EDGE_CURVE('',#4766,#4789,#4791,.T.);
#4789 = VERTEX_POINT('',#4790);
#4790 = CARTESIAN_POINT('',(-140.,275.,427.5));
#4791 = SURFACE_CURVE('',#4792,(#4796,#4803),.PCURVE_S1.);
#4792 = LINE('',#4793,#4794);
#4793 = CARTESIAN_POINT('',(-140.,-290.,427.5));
#4794 = VECTOR('',#4795,1.);
#4795 = DIRECTION('',(0.,1.,0.));
#4796 = PCURVE('',#4420,#4797);
#4797 = DEFINITIONAL_REPRESENTATION('',(#4798),#4802);
#4798 = LINE('',#4799,#4800);
#4799 = CARTESIAN_POINT('',(835.,0.));
#4800 = VECTOR('',#4801,1.);
#4801 = DIRECTION('',(0.,1.));
#4802 = ( GEOMETRIC_REPRESENTATION_CONTEXT(2) 
PARAMETRIC_REPRESENTATION_CONTEXT() REPRESENTATION_CONTEXT('2D SPACE',''
  ) );
#4803 = PCURVE('',#4804,#4809);
#4804 = CYLINDRICAL_SURFACE('',#4805,15.);
#4805 = AXIS2_PLACEMENT_3D('',#4806,#4807,#4808);
#4806 = CARTESIAN_POINT('',(-140.,-290.,442.5));
#4807 = DIRECTION('',(0.,1.,0.));
#4808 = DIRECTION('',(1.,0.,-0.));
#4809 = DEFINITIONAL_REPRESENTATION('',(#4810),#4814);
#4810 = LINE('',#4811,#4812);
#4811 = CARTESIAN_POINT('',(1.570796326795,0.));
#4812 = VECTOR('',#4813,1.);
#4813 = DIRECTION('',(0.,1.));
#4814 = ( GEOMETRIC_REPRESENTATION_CONTEXT(2) 
PARAMETRIC_REPRESENTATION_CONTEXT() REPRESENTATION_CONTEXT('2D SPACE',''
  ) );
#4815 = ORIENTED_EDGE('',*,*,#4816,.F.);
#4816 = EDGE_CURVE('',#4405,#4789,#4817,.T.);
#4817 = SURFACE_CURVE('',#4818,(#4822,#4829),.PCURVE_S1.);
#4818 = LINE('',#4819,#4820);
#4819 = CARTESIAN_POINT('',(-975.,275.,427.5));
#4820 = VECTOR('',#4821,1.);
#4821 = DIRECTION('',(1.,0.,0.));
#4822 = PCURVE('',#4420,#4823);
#4823 = DEFINITIONAL_REPRESENTATION('',(#4824),#4828);
#4824 = LINE('',#4825,#4826);
#4825 = CARTESIAN_POINT('',(0.,565.));
#4826 = VECTOR('',#4827,1.);
#4827 = DIRECTION('',(1.,0.));
#4828 = ( GEOMETRIC_REPRESENTATION_CONTEXT(2) 
PARAMETRIC_REPRESENTATION_CONTEXT() REPRESENTATION_CONTEXT('2D SPACE',''
  ) );
#4829 = PCURVE('',#4830,#4835);
#4830 = CYLINDRICAL_SURFACE('',#4831,15.);
#4831 = AXIS2_PLACEMENT_3D('',#4832,#4833,#4834);
#4832 = CARTESIAN_POINT('',(-975.,275.,442.5));
#4833 = DIRECTION('',(1.,0.,0.));
#4834 = DIRECTION('',(-0.,1.,0.));
#4835 = DEFINITIONAL_REPRESENTATION('',(#4836),#4840);
#4836 = LINE('',#4837,#4838);
#4837 = CARTESIAN_POINT('',(-1.570796326795,0.));
#4838 = VECTOR('',#4839,1.);
#4839 = DIRECTION('',(-0.,1.));
#4840 = ( GEOMETRIC_REPRESENTATION_CONTEXT(2) 
PARAMETRIC_REPRESENTATION_CONTEXT() REPRESENTATION_CONTEXT('2D SPACE',''
  ) );
#4841 = ADVANCED_FACE('',(#4842),#4447,.T.);
#4842 = FACE_BOUND('',#4843,.F.);
#4843 = EDGE_LOOP('',(#4844,#4845,#4867));
#4844 = ORIENTED_EDGE('',*,*,#4432,.F.);
#4845 = ORIENTED_EDGE('',*,*,#4846,.T.);
#4846 = EDGE_CURVE('',#4405,#4548,#4847,.T.);
#4847 = SURFACE_CURVE('',#4848,(#4853,#4860),.PCURVE_S1.);
#4848 = CIRCLE('',#4849,15.);
#4849 = AXIS2_PLACEMENT_3D('',#4850,#4851,#4852);
#4850 = CARTESIAN_POINT('',(-960.,275.,442.5));
#4851 = DIRECTION('',(1.,6.123233995737E-17,-0.));
#4852 = DIRECTION('',(-6.123233995737E-17,1.,0.));
#4853 = PCURVE('',#4447,#4854);
#4854 = DEFINITIONAL_REPRESENTATION('',(#4855),#4859);
#4855 = LINE('',#4856,#4857);
#4856 = CARTESIAN_POINT('',(-1.570796326795,-6.28318530718));
#4857 = VECTOR('',#4858,1.);
#4858 = DIRECTION('',(-0.,1.));
#4859 = ( GEOMETRIC_REPRESENTATION_CONTEXT(2) 
PARAMETRIC_REPRESENTATION_CONTEXT() REPRESENTATION_CONTEXT('2D SPACE',''
  ) );
#4860 = PCURVE('',#4830,#4861);
#4861 = DEFINITIONAL_REPRESENTATION('',(#4862),#4866);
#4862 = LINE('',#4863,#4864);
#4863 = CARTESIAN_POINT('',(-6.28318530718,15.));
#4864 = VECTOR('',#4865,1.);
#4865 = DIRECTION('',(1.,-0.));
#4866 = ( GEOMETRIC_REPRESENTATION_CONTEXT(2) 
PARAMETRIC_REPRESENTATION_CONTEXT() REPRESENTATION_CONTEXT('2D SPACE',''
  ) );
#4867 = ORIENTED_EDGE('',*,*,#4547,.F.);
#4868 = ADVANCED_FACE('',(#4869),#4503,.T.);
#4869 = FACE_BOUND('',#4870,.T.);
#4870 = EDGE_LOOP('',(#4871,#4872,#4895,#4923));
#4871 = ORIENTED_EDGE('',*,*,#4487,.F.);
#4872 = ORIENTED_EDGE('',*,*,#4873,.T.);
#4873 = EDGE_CURVE('',#4464,#4874,#4876,.T.);
#4874 = VERTEX_POINT('',#4875);
#4875 = CARTESIAN_POINT('',(-140.,-275.,472.5));
#4876 = SURFACE_CURVE('',#4877,(#4881,#4888),.PCURVE_S1.);
#4877 = LINE('',#4878,#4879);
#4878 = CARTESIAN_POINT('',(-975.,-275.,472.5));
#4879 = VECTOR('',#4880,1.);
#4880 = DIRECTION('',(1.,0.,0.));
#4881 = PCURVE('',#4503,#4882);
#4882 = DEFINITIONAL_REPRESENTATION('',(#4883),#4887);
#4883 = LINE('',#4884,#4885);
#4884 = CARTESIAN_POINT('',(0.,15.));
#4885 = VECTOR('',#4886,1.);
#4886 = DIRECTION('',(1.,0.));
#4887 = ( GEOMETRIC_REPRESENTATION_CONTEXT(2) 
PARAMETRIC_REPRESENTATION_CONTEXT() REPRESENTATION_CONTEXT('2D SPACE',''
  ) );
#4888 = PCURVE('',#4672,#4889);
#4889 = DEFINITIONAL_REPRESENTATION('',(#4890),#4894);
#4890 = LINE('',#4891,#4892);
#4891 = CARTESIAN_POINT('',(-1.570796326795,0.));
#4892 = VECTOR('',#4893,1.);
#4893 = DIRECTION('',(-0.,1.));
#4894 = ( GEOMETRIC_REPRESENTATION_CONTEXT(2) 
PARAMETRIC_REPRESENTATION_CONTEXT() REPRESENTATION_CONTEXT('2D SPACE',''
  ) );
#4895 = ORIENTED_EDGE('',*,*,#4896,.T.);
#4896 = EDGE_CURVE('',#4874,#4897,#4899,.T.);
#4897 = VERTEX_POINT('',#4898);
#4898 = CARTESIAN_POINT('',(-140.,275.,472.5));
#4899 = SURFACE_CURVE('',#4900,(#4904,#4911),.PCURVE_S1.);
#4900 = LINE('',#4901,#4902);
#4901 = CARTESIAN_POINT('',(-140.,-290.,472.5));
#4902 = VECTOR('',#4903,1.);
#4903 = DIRECTION('',(0.,1.,0.));
#4904 = PCURVE('',#4503,#4905);
#4905 = DEFINITIONAL_REPRESENTATION('',(#4906),#4910);
#4906 = LINE('',#4907,#4908);
#4907 = CARTESIAN_POINT('',(835.,0.));
#4908 = VECTOR('',#4909,1.);
#4909 = DIRECTION('',(0.,1.));
#4910 = ( GEOMETRIC_REPRESENTATION_CONTEXT(2) 
PARAMETRIC_REPRESENTATION_CONTEXT() REPRESENTATION_CONTEXT('2D SPACE',''
  ) );
#4911 = PCURVE('',#4912,#4917);
#4912 = CYLINDRICAL_SURFACE('',#4913,15.);
#4913 = AXIS2_PLACEMENT_3D('',#4914,#4915,#4916);
#4914 = CARTESIAN_POINT('',(-140.,-290.,457.5));
#4915 = DIRECTION('',(0.,1.,0.));
#4916 = DIRECTION('',(1.,0.,-0.));
#4917 = DEFINITIONAL_REPRESENTATION('',(#4918),#4922);
#4918 = LINE('',#4919,#4920);
#4919 = CARTESIAN_POINT('',(-1.570796326795,0.));
#4920 = VECTOR('',#4921,1.);
#4921 = DIRECTION('',(-0.,1.));
#4922 = ( GEOMETRIC_REPRESENTATION_CONTEXT(2) 
PARAMETRIC_REPRESENTATION_CONTEXT() REPRESENTATION_CONTEXT('2D SPACE',''
  ) );
#4923 = ORIENTED_EDGE('',*,*,#4924,.F.);
#4924 = EDGE_CURVE('',#4488,#4897,#4925,.T.);
#4925 = SURFACE_CURVE('',#4926,(#4930,#4937),.PCURVE_S1.);
#4926 = LINE('',#4927,#4928);
#4927 = CARTESIAN_POINT('',(-975.,275.,472.5));
#4928 = VECTOR('',#4929,1.);
#4929 = DIRECTION('',(1.,0.,0.));
#4930 = PCURVE('',#4503,#4931);
#4931 = DEFINITIONAL_REPRESENTATION('',(#4932),#4936);
#4932 = LINE('',#4933,#4934);
#4933 = CARTESIAN_POINT('',(0.,565.));
#4934 = VECTOR('',#4935,1.);
#4935 = DIRECTION('',(1.,0.));
#4936 = ( GEOMETRIC_REPRESENTATION_CONTEXT(2) 
PARAMETRIC_REPRESENTATION_CONTEXT() REPRESENTATION_CONTEXT('2D SPACE',''
  ) );
#4937 = PCURVE('',#4938,#4943);
#4938 = CYLINDRICAL_SURFACE('',#4939,15.);
#4939 = AXIS2_PLACEMENT_3D('',#4940,#4941,#4942);
#4940 = CARTESIAN_POINT('',(-975.,275.,457.5));
#4941 = DIRECTION('',(1.,0.,0.));
#4942 = DIRECTION('',(-0.,1.,0.));
#4943 = DEFINITIONAL_REPRESENTATION('',(#4944),#4948);
#4944 = LINE('',#4945,#4946);
#4945 = CARTESIAN_POINT('',(1.570796326795,0.));
#4946 = VECTOR('',#4947,1.);
#4947 = DIRECTION('',(0.,1.));
#4948 = ( GEOMETRIC_REPRESENTATION_CONTEXT(2) 
PARAMETRIC_REPRESENTATION_CONTEXT() REPRESENTATION_CONTEXT('2D SPACE',''
  ) );
#4949 = ADVANCED_FACE('',(#4950),#4530,.T.);
#4950 = FACE_BOUND('',#4951,.F.);
#4951 = EDGE_LOOP('',(#4952,#4953,#4975));
#4952 = ORIENTED_EDGE('',*,*,#4599,.F.);
#4953 = ORIENTED_EDGE('',*,*,#4954,.T.);
#4954 = EDGE_CURVE('',#4572,#4488,#4955,.T.);
#4955 = SURFACE_CURVE('',#4956,(#4961,#4968),.PCURVE_S1.);
#4956 = CIRCLE('',#4957,15.);
#4957 = AXIS2_PLACEMENT_3D('',#4958,#4959,#4960);
#4958 = CARTESIAN_POINT('',(-960.,275.,457.5));
#4959 = DIRECTION('',(1.,0.,6.123233995737E-17));
#4960 = DIRECTION('',(-6.123233995737E-17,0.,1.));
#4961 = PCURVE('',#4530,#4962);
#4962 = DEFINITIONAL_REPRESENTATION('',(#4963),#4967);
#4963 = LINE('',#4964,#4965);
#4964 = CARTESIAN_POINT('',(-1.570796326795,-6.28318530718));
#4965 = VECTOR('',#4966,1.);
#4966 = DIRECTION('',(-0.,1.));
#4967 = ( GEOMETRIC_REPRESENTATION_CONTEXT(2) 
PARAMETRIC_REPRESENTATION_CONTEXT() REPRESENTATION_CONTEXT('2D SPACE',''
  ) );
#4968 = PCURVE('',#4938,#4969);
#4969 = DEFINITIONAL_REPRESENTATION('',(#4970),#4974);
#4970 = LINE('',#4971,#4972);
#4971 = CARTESIAN_POINT('',(-4.712388980385,15.));
#4972 = VECTOR('',#4973,1.);
#4973 = DIRECTION('',(1.,0.));
#4974 = ( GEOMETRIC_REPRESENTATION_CONTEXT(2) 
PARAMETRIC_REPRESENTATION_CONTEXT() REPRESENTATION_CONTEXT('2D SPACE',''
  ) );
#4975 = ORIENTED_EDGE('',*,*,#4515,.F.);
#4976 = ADVANCED_FACE('',(#4977),#4587,.T.);
#4977 = FACE_BOUND('',#4978,.T.);
#4978 = EDGE_LOOP('',(#4979,#4980,#5003,#5031));
#4979 = ORIENTED_EDGE('',*,*,#4571,.T.);
#4980 = ORIENTED_EDGE('',*,*,#4981,.T.);
#4981 = EDGE_CURVE('',#4572,#4982,#4984,.T.);
#4982 = VERTEX_POINT('',#4983);
#4983 = CARTESIAN_POINT('',(-140.,290.,457.5));
#4984 = SURFACE_CURVE('',#4985,(#4989,#4996),.PCURVE_S1.);
#4985 = LINE('',#4986,#4987);
#4986 = CARTESIAN_POINT('',(-975.,290.,457.5));
#4987 = VECTOR('',#4988,1.);
#4988 = DIRECTION('',(1.,0.,0.));
#4989 = PCURVE('',#4587,#4990);
#4990 = DEFINITIONAL_REPRESENTATION('',(#4991),#4995);
#4991 = LINE('',#4992,#4993);
#4992 = CARTESIAN_POINT('',(30.,0.));
#4993 = VECTOR('',#4994,1.);
#4994 = DIRECTION('',(0.,1.));
#4995 = ( GEOMETRIC_REPRESENTATION_CONTEXT(2) 
PARAMETRIC_REPRESENTATION_CONTEXT() REPRESENTATION_CONTEXT('2D SPACE',''
  ) );
#4996 = PCURVE('',#4938,#4997);
#4997 = DEFINITIONAL_REPRESENTATION('',(#4998),#5002);
#4998 = LINE('',#4999,#5000);
#4999 = CARTESIAN_POINT('',(0.,0.));
#5000 = VECTOR('',#5001,1.);
#5001 = DIRECTION('',(0.,1.));
#5002 = ( GEOMETRIC_REPRESENTATION_CONTEXT(2) 
PARAMETRIC_REPRESENTATION_CONTEXT() REPRESENTATION_CONTEXT('2D SPACE',''
  ) );
#5003 = ORIENTED_EDGE('',*,*,#5004,.F.);
#5004 = EDGE_CURVE('',#5005,#4982,#5007,.T.);
#5005 = VERTEX_POINT('',#5006);
#5006 = CARTESIAN_POINT('',(-140.,290.,442.5));
#5007 = SURFACE_CURVE('',#5008,(#5012,#5019),.PCURVE_S1.);
#5008 = LINE('',#5009,#5010);
#5009 = CARTESIAN_POINT('',(-140.,290.,427.5));
#5010 = VECTOR('',#5011,1.);
#5011 = DIRECTION('',(0.,0.,1.));
#5012 = PCURVE('',#4587,#5013);
#5013 = DEFINITIONAL_REPRESENTATION('',(#5014),#5018);
#5014 = LINE('',#5015,#5016);
#5015 = CARTESIAN_POINT('',(0.,835.));
#5016 = VECTOR('',#5017,1.);
#5017 = DIRECTION('',(1.,0.));
#5018 = ( GEOMETRIC_REPRESENTATION_CONTEXT(2) 
PARAMETRIC_REPRESENTATION_CONTEXT() REPRESENTATION_CONTEXT('2D SPACE',''
  ) );
#5019 = PCURVE('',#5020,#5025);
#5020 = CYLINDRICAL_SURFACE('',#5021,15.);
#5021 = AXIS2_PLACEMENT_3D('',#5022,#5023,#5024);
#5022 = CARTESIAN_POINT('',(-140.,275.,427.5));
#5023 = DIRECTION('',(0.,0.,1.));
#5024 = DIRECTION('',(1.,0.,-0.));
#5025 = DEFINITIONAL_REPRESENTATION('',(#5026),#5030);
#5026 = LINE('',#5027,#5028);
#5027 = CARTESIAN_POINT('',(1.570796326795,0.));
#5028 = VECTOR('',#5029,1.);
#5029 = DIRECTION('',(0.,1.));
#5030 = ( GEOMETRIC_REPRESENTATION_CONTEXT(2) 
PARAMETRIC_REPRESENTATION_CONTEXT() REPRESENTATION_CONTEXT('2D SPACE',''
  ) );
#5031 = ORIENTED_EDGE('',*,*,#5032,.F.);
#5032 = EDGE_CURVE('',#4548,#5005,#5033,.T.);
#5033 = SURFACE_CURVE('',#5034,(#5038,#5045),.PCURVE_S1.);
#5034 = LINE('',#5035,#5036);
#5035 = CARTESIAN_POINT('',(-975.,290.,442.5));
#5036 = VECTOR('',#5037,1.);
#5037 = DIRECTION('',(1.,0.,0.));
#5038 = PCURVE('',#4587,#5039);
#5039 = DEFINITIONAL_REPRESENTATION('',(#5040),#5044);
#5040 = LINE('',#5041,#5042);
#5041 = CARTESIAN_POINT('',(15.,0.));
#5042 = VECTOR('',#5043,1.);
#5043 = DIRECTION('',(0.,1.));
#5044 = ( GEOMETRIC_REPRESENTATION_CONTEXT(2) 
PARAMETRIC_REPRESENTATION_CONTEXT() REPRESENTATION_CONTEXT('2D SPACE',''
  ) );
#5045 = PCURVE('',#4830,#5046);
#5046 = DEFINITIONAL_REPRESENTATION('',(#5047),#5051);
#5047 = LINE('',#5048,#5049);
#5048 = CARTESIAN_POINT('',(-0.,0.));
#5049 = VECTOR('',#5050,1.);
#5050 = DIRECTION('',(-0.,1.));
#5051 = ( GEOMETRIC_REPRESENTATION_CONTEXT(2) 
PARAMETRIC_REPRESENTATION_CONTEXT() REPRESENTATION_CONTEXT('2D SPACE',''
  ) );
#5052 = ADVANCED_FACE('',(#5053),#4640,.T.);
#5053 = FACE_BOUND('',#5054,.T.);
#5054 = EDGE_LOOP('',(#5055,#5056,#5057,#5084));
#5055 = ORIENTED_EDGE('',*,*,#4625,.F.);
#5056 = ORIENTED_EDGE('',*,*,#4765,.T.);
#5057 = ORIENTED_EDGE('',*,*,#5058,.T.);
#5058 = EDGE_CURVE('',#4766,#4713,#5059,.T.);
#5059 = SURFACE_CURVE('',#5060,(#5065,#5072),.PCURVE_S1.);
#5060 = CIRCLE('',#5061,15.);
#5061 = AXIS2_PLACEMENT_3D('',#5062,#5063,#5064);
#5062 = CARTESIAN_POINT('',(-140.,-275.,442.5));
#5063 = DIRECTION('',(-1.,-6.123233995737E-17,0.));
#5064 = DIRECTION('',(6.123233995737E-17,-1.,-0.));
#5065 = PCURVE('',#4640,#5066);
#5066 = DEFINITIONAL_REPRESENTATION('',(#5067),#5071);
#5067 = LINE('',#5068,#5069);
#5068 = CARTESIAN_POINT('',(6.28318530718,835.));
#5069 = VECTOR('',#5070,1.);
#5070 = DIRECTION('',(-1.,-0.));
#5071 = ( GEOMETRIC_REPRESENTATION_CONTEXT(2) 
PARAMETRIC_REPRESENTATION_CONTEXT() REPRESENTATION_CONTEXT('2D SPACE',''
  ) );
#5072 = PCURVE('',#5073,#5078);
#5073 = SPHERICAL_SURFACE('',#5074,15.);
#5074 = AXIS2_PLACEMENT_3D('',#5075,#5076,#5077);
#5075 = CARTESIAN_POINT('',(-140.,-275.,442.5));
#5076 = DIRECTION('',(0.,0.,1.));
#5077 = DIRECTION('',(1.,0.,-0.));
#5078 = DEFINITIONAL_REPRESENTATION('',(#5079),#5083);
#5079 = LINE('',#5080,#5081);
#5080 = CARTESIAN_POINT('',(-1.570796326795,-6.28318530718));
#5081 = VECTOR('',#5082,1.);
#5082 = DIRECTION('',(-0.,1.));
#5083 = ( GEOMETRIC_REPRESENTATION_CONTEXT(2) 
PARAMETRIC_REPRESENTATION_CONTEXT() REPRESENTATION_CONTEXT('2D SPACE',''
  ) );
#5084 = ORIENTED_EDGE('',*,*,#4740,.F.);
#5085 = ADVANCED_FACE('',(#5086),#4672,.T.);
#5086 = FACE_BOUND('',#5087,.F.);
#5087 = EDGE_LOOP('',(#5088,#5089,#5090,#5117));
#5088 = ORIENTED_EDGE('',*,*,#4657,.F.);
#5089 = ORIENTED_EDGE('',*,*,#4873,.T.);
#5090 = ORIENTED_EDGE('',*,*,#5091,.T.);
#5091 = EDGE_CURVE('',#4874,#4690,#5092,.T.);
#5092 = SURFACE_CURVE('',#5093,(#5098,#5105),.PCURVE_S1.);
#5093 = CIRCLE('',#5094,15.);
#5094 = AXIS2_PLACEMENT_3D('',#5095,#5096,#5097);
#5095 = CARTESIAN_POINT('',(-140.,-275.,457.5));
#5096 = DIRECTION('',(1.,6.123233995737E-17,0.));
#5097 = DIRECTION('',(6.123233995737E-17,-1.,0.));
#5098 = PCURVE('',#4672,#5099);
#5099 = DEFINITIONAL_REPRESENTATION('',(#5100),#5104);
#5100 = LINE('',#5101,#5102);
#5101 = CARTESIAN_POINT('',(-6.28318530718,835.));
#5102 = VECTOR('',#5103,1.);
#5103 = DIRECTION('',(1.,-0.));
#5104 = ( GEOMETRIC_REPRESENTATION_CONTEXT(2) 
PARAMETRIC_REPRESENTATION_CONTEXT() REPRESENTATION_CONTEXT('2D SPACE',''
  ) );
#5105 = PCURVE('',#5106,#5111);
#5106 = SPHERICAL_SURFACE('',#5107,15.);
#5107 = AXIS2_PLACEMENT_3D('',#5108,#5109,#5110);
#5108 = CARTESIAN_POINT('',(-140.,-275.,457.5));
#5109 = DIRECTION('',(-0.,-0.,-1.));
#5110 = DIRECTION('',(1.,0.,0.));
#5111 = DEFINITIONAL_REPRESENTATION('',(#5112),#5116);
#5112 = LINE('',#5113,#5114);
#5113 = CARTESIAN_POINT('',(1.570796326795,-6.28318530718));
#5114 = VECTOR('',#5115,1.);
#5115 = DIRECTION('',(0.,1.));
#5116 = ( GEOMETRIC_REPRESENTATION_CONTEXT(2) 
PARAMETRIC_REPRESENTATION_CONTEXT() REPRESENTATION_CONTEXT('2D SPACE',''
  ) );
#5117 = ORIENTED_EDGE('',*,*,#4689,.F.);
#5118 = ADVANCED_FACE('',(#5119),#4728,.T.);
#5119 = FACE_BOUND('',#5120,.F.);
#5120 = EDGE_LOOP('',(#5121,#5151,#5173,#5174));
#5121 = ORIENTED_EDGE('',*,*,#5122,.F.);
#5122 = EDGE_CURVE('',#5123,#5125,#5127,.T.);
#5123 = VERTEX_POINT('',#5124);
#5124 = CARTESIAN_POINT('',(-125.,-275.,442.5));
#5125 = VERTEX_POINT('',#5126);
#5126 = CARTESIAN_POINT('',(-125.,-275.,457.5));
#5127 = SURFACE_CURVE('',#5128,(#5132,#5139),.PCURVE_S1.);
#5128 = LINE('',#5129,#5130);
#5129 = CARTESIAN_POINT('',(-125.,-275.,427.5));
#5130 = VECTOR('',#5131,1.);
#5131 = DIRECTION('',(0.,0.,1.));
#5132 = PCURVE('',#4728,#5133);
#5133 = DEFINITIONAL_REPRESENTATION('',(#5134),#5138);
#5134 = LINE('',#5135,#5136);
#5135 = CARTESIAN_POINT('',(-0.,0.));
#5136 = VECTOR('',#5137,1.);
#5137 = DIRECTION('',(-0.,1.));
#5138 = ( GEOMETRIC_REPRESENTATION_CONTEXT(2) 
PARAMETRIC_REPRESENTATION_CONTEXT() REPRESENTATION_CONTEXT('2D SPACE',''
  ) );
#5139 = PCURVE('',#5140,#5145);
#5140 = PLANE('',#5141);
#5141 = AXIS2_PLACEMENT_3D('',#5142,#5143,#5144);
#5142 = CARTESIAN_POINT('',(-125.,-290.,427.5));
#5143 = DIRECTION('',(1.,0.,0.));
#5144 = DIRECTION('',(0.,0.,1.));
#5145 = DEFINITIONAL_REPRESENTATION('',(#5146),#5150);
#5146 = LINE('',#5147,#5148);
#5147 = CARTESIAN_POINT('',(0.,-15.));
#5148 = VECTOR('',#5149,1.);
#5149 = DIRECTION('',(1.,0.));
#5150 = ( GEOMETRIC_REPRESENTATION_CONTEXT(2) 
PARAMETRIC_REPRESENTATION_CONTEXT() REPRESENTATION_CONTEXT('2D SPACE',''
  ) );
#5151 = ORIENTED_EDGE('',*,*,#5152,.T.);
#5152 = EDGE_CURVE('',#5123,#4713,#5153,.T.);
#5153 = SURFACE_CURVE('',#5154,(#5159,#5166),.PCURVE_S1.);
#5154 = CIRCLE('',#5155,15.);
#5155 = AXIS2_PLACEMENT_3D('',#5156,#5157,#5158);
#5156 = CARTESIAN_POINT('',(-140.,-275.,442.5));
#5157 = DIRECTION('',(0.,-0.,-1.));
#5158 = DIRECTION('',(1.,0.,-0.));
#5159 = PCURVE('',#4728,#5160);
#5160 = DEFINITIONAL_REPRESENTATION('',(#5161),#5165);
#5161 = LINE('',#5162,#5163);
#5162 = CARTESIAN_POINT('',(-0.,15.));
#5163 = VECTOR('',#5164,1.);
#5164 = DIRECTION('',(-1.,0.));
#5165 = ( GEOMETRIC_REPRESENTATION_CONTEXT(2) 
PARAMETRIC_REPRESENTATION_CONTEXT() REPRESENTATION_CONTEXT('2D SPACE',''
  ) );
#5166 = PCURVE('',#5073,#5167);
#5167 = DEFINITIONAL_REPRESENTATION('',(#5168),#5172);
#5168 = LINE('',#5169,#5170);
#5169 = CARTESIAN_POINT('',(-0.,0.));
#5170 = VECTOR('',#5171,1.);
#5171 = DIRECTION('',(-1.,0.));
#5172 = ( GEOMETRIC_REPRESENTATION_CONTEXT(2) 
PARAMETRIC_REPRESENTATION_CONTEXT() REPRESENTATION_CONTEXT('2D SPACE',''
  ) );
#5173 = ORIENTED_EDGE('',*,*,#4712,.T.);
#5174 = ORIENTED_EDGE('',*,*,#5175,.F.);
#5175 = EDGE_CURVE('',#5125,#4690,#5176,.T.);
#5176 = SURFACE_CURVE('',#5177,(#5182,#5189),.PCURVE_S1.);
#5177 = CIRCLE('',#5178,15.);
#5178 = AXIS2_PLACEMENT_3D('',#5179,#5180,#5181);
#5179 = CARTESIAN_POINT('',(-140.,-275.,457.5));
#5180 = DIRECTION('',(0.,0.,-1.));
#5181 = DIRECTION('',(1.,0.,0.));
#5182 = PCURVE('',#4728,#5183);
#5183 = DEFINITIONAL_REPRESENTATION('',(#5184),#5188);
#5184 = LINE('',#5185,#5186);
#5185 = CARTESIAN_POINT('',(-0.,30.));
#5186 = VECTOR('',#5187,1.);
#5187 = DIRECTION('',(-1.,0.));
#5188 = ( GEOMETRIC_REPRESENTATION_CONTEXT(2) 
PARAMETRIC_REPRESENTATION_CONTEXT() REPRESENTATION_CONTEXT('2D SPACE',''
  ) );
#5189 = PCURVE('',#5106,#5190);
#5190 = DEFINITIONAL_REPRESENTATION('',(#5191),#5195);
#5191 = LINE('',#5192,#5193);
#5192 = CARTESIAN_POINT('',(0.,0.));
#5193 = VECTOR('',#5194,1.);
#5194 = DIRECTION('',(1.,0.));
#5195 = ( GEOMETRIC_REPRESENTATION_CONTEXT(2) 
PARAMETRIC_REPRESENTATION_CONTEXT() REPRESENTATION_CONTEXT('2D SPACE',''
  ) );
#5196 = ADVANCED_FACE('',(#5197),#4830,.T.);
#5197 = FACE_BOUND('',#5198,.F.);
#5198 = EDGE_LOOP('',(#5199,#5200,#5201,#5228));
#5199 = ORIENTED_EDGE('',*,*,#4846,.F.);
#5200 = ORIENTED_EDGE('',*,*,#4816,.T.);
#5201 = ORIENTED_EDGE('',*,*,#5202,.T.);
#5202 = EDGE_CURVE('',#4789,#5005,#5203,.T.);
#5203 = SURFACE_CURVE('',#5204,(#5209,#5216),.PCURVE_S1.);
#5204 = CIRCLE('',#5205,15.);
#5205 = AXIS2_PLACEMENT_3D('',#5206,#5207,#5208);
#5206 = CARTESIAN_POINT('',(-140.,275.,442.5));
#5207 = DIRECTION('',(1.,-6.123233995737E-17,0.));
#5208 = DIRECTION('',(6.123233995737E-17,1.,0.));
#5209 = PCURVE('',#4830,#5210);
#5210 = DEFINITIONAL_REPRESENTATION('',(#5211),#5215);
#5211 = LINE('',#5212,#5213);
#5212 = CARTESIAN_POINT('',(-6.28318530718,835.));
#5213 = VECTOR('',#5214,1.);
#5214 = DIRECTION('',(1.,-0.));
#5215 = ( GEOMETRIC_REPRESENTATION_CONTEXT(2) 
PARAMETRIC_REPRESENTATION_CONTEXT() REPRESENTATION_CONTEXT('2D SPACE',''
  ) );
#5216 = PCURVE('',#5217,#5222);
#5217 = SPHERICAL_SURFACE('',#5218,15.);
#5218 = AXIS2_PLACEMENT_3D('',#5219,#5220,#5221);
#5219 = CARTESIAN_POINT('',(-140.,275.,442.5));
#5220 = DIRECTION('',(0.,0.,1.));
#5221 = DIRECTION('',(1.,0.,-0.));
#5222 = DEFINITIONAL_REPRESENTATION('',(#5223),#5227);
#5223 = LINE('',#5224,#5225);
#5224 = CARTESIAN_POINT('',(1.570796326795,-6.28318530718));
#5225 = VECTOR('',#5226,1.);
#5226 = DIRECTION('',(0.,1.));
#5227 = ( GEOMETRIC_REPRESENTATION_CONTEXT(2) 
PARAMETRIC_REPRESENTATION_CONTEXT() REPRESENTATION_CONTEXT('2D SPACE',''
  ) );
#5228 = ORIENTED_EDGE('',*,*,#5032,.F.);
#5229 = ADVANCED_FACE('',(#5230),#4804,.T.);
#5230 = FACE_BOUND('',#5231,.T.);
#5231 = EDGE_LOOP('',(#5232,#5254,#5255,#5279));
#5232 = ORIENTED_EDGE('',*,*,#5233,.F.);
#5233 = EDGE_CURVE('',#4766,#5123,#5234,.T.);
#5234 = SURFACE_CURVE('',#5235,(#5240,#5247),.PCURVE_S1.);
#5235 = CIRCLE('',#5236,15.);
#5236 = AXIS2_PLACEMENT_3D('',#5237,#5238,#5239);
#5237 = CARTESIAN_POINT('',(-140.,-275.,442.5));
#5238 = DIRECTION('',(0.,-1.,0.));
#5239 = DIRECTION('',(1.,0.,0.));
#5240 = PCURVE('',#4804,#5241);
#5241 = DEFINITIONAL_REPRESENTATION('',(#5242),#5246);
#5242 = LINE('',#5243,#5244);
#5243 = CARTESIAN_POINT('',(6.28318530718,15.));
#5244 = VECTOR('',#5245,1.);
#5245 = DIRECTION('',(-1.,-0.));
#5246 = ( GEOMETRIC_REPRESENTATION_CONTEXT(2) 
PARAMETRIC_REPRESENTATION_CONTEXT() REPRESENTATION_CONTEXT('2D SPACE',''
  ) );
#5247 = PCURVE('',#5073,#5248);
#5248 = DEFINITIONAL_REPRESENTATION('',(#5249),#5253);
#5249 = LINE('',#5250,#5251);
#5250 = CARTESIAN_POINT('',(-0.,-6.28318530718));
#5251 = VECTOR('',#5252,1.);
#5252 = DIRECTION('',(-0.,1.));
#5253 = ( GEOMETRIC_REPRESENTATION_CONTEXT(2) 
PARAMETRIC_REPRESENTATION_CONTEXT() REPRESENTATION_CONTEXT('2D SPACE',''
  ) );
#5254 = ORIENTED_EDGE('',*,*,#4788,.T.);
#5255 = ORIENTED_EDGE('',*,*,#5256,.T.);
#5256 = EDGE_CURVE('',#4789,#5257,#5259,.T.);
#5257 = VERTEX_POINT('',#5258);
#5258 = CARTESIAN_POINT('',(-125.,275.,442.5));
#5259 = SURFACE_CURVE('',#5260,(#5265,#5272),.PCURVE_S1.);
#5260 = CIRCLE('',#5261,15.);
#5261 = AXIS2_PLACEMENT_3D('',#5262,#5263,#5264);
#5262 = CARTESIAN_POINT('',(-140.,275.,442.5));
#5263 = DIRECTION('',(0.,-1.,0.));
#5264 = DIRECTION('',(1.,0.,0.));
#5265 = PCURVE('',#4804,#5266);
#5266 = DEFINITIONAL_REPRESENTATION('',(#5267),#5271);
#5267 = LINE('',#5268,#5269);
#5268 = CARTESIAN_POINT('',(6.28318530718,565.));
#5269 = VECTOR('',#5270,1.);
#5270 = DIRECTION('',(-1.,-0.));
#5271 = ( GEOMETRIC_REPRESENTATION_CONTEXT(2) 
PARAMETRIC_REPRESENTATION_CONTEXT() REPRESENTATION_CONTEXT('2D SPACE',''
  ) );
#5272 = PCURVE('',#5217,#5273);
#5273 = DEFINITIONAL_REPRESENTATION('',(#5274),#5278);
#5274 = LINE('',#5275,#5276);
#5275 = CARTESIAN_POINT('',(0.,-6.28318530718));
#5276 = VECTOR('',#5277,1.);
#5277 = DIRECTION('',(0.,1.));
#5278 = ( GEOMETRIC_REPRESENTATION_CONTEXT(2) 
PARAMETRIC_REPRESENTATION_CONTEXT() REPRESENTATION_CONTEXT('2D SPACE',''
  ) );
#5279 = ORIENTED_EDGE('',*,*,#5280,.F.);
#5280 = EDGE_CURVE('',#5123,#5257,#5281,.T.);
#5281 = SURFACE_CURVE('',#5282,(#5286,#5293),.PCURVE_S1.);
#5282 = LINE('',#5283,#5284);
#5283 = CARTESIAN_POINT('',(-125.,-290.,442.5));
#5284 = VECTOR('',#5285,1.);
#5285 = DIRECTION('',(0.,1.,0.));
#5286 = PCURVE('',#4804,#5287);
#5287 = DEFINITIONAL_REPRESENTATION('',(#5288),#5292);
#5288 = LINE('',#5289,#5290);
#5289 = CARTESIAN_POINT('',(0.,0.));
#5290 = VECTOR('',#5291,1.);
#5291 = DIRECTION('',(0.,1.));
#5292 = ( GEOMETRIC_REPRESENTATION_CONTEXT(2) 
PARAMETRIC_REPRESENTATION_CONTEXT() REPRESENTATION_CONTEXT('2D SPACE',''
  ) );
#5293 = PCURVE('',#5140,#5294);
#5294 = DEFINITIONAL_REPRESENTATION('',(#5295),#5299);
#5295 = LINE('',#5296,#5297);
#5296 = CARTESIAN_POINT('',(15.,0.));
#5297 = VECTOR('',#5298,1.);
#5298 = DIRECTION('',(0.,-1.));
#5299 = ( GEOMETRIC_REPRESENTATION_CONTEXT(2) 
PARAMETRIC_REPRESENTATION_CONTEXT() REPRESENTATION_CONTEXT('2D SPACE',''
  ) );
#5300 = ADVANCED_FACE('',(#5301),#4938,.T.);
#5301 = FACE_BOUND('',#5302,.T.);
#5302 = EDGE_LOOP('',(#5303,#5304,#5305,#5332));
#5303 = ORIENTED_EDGE('',*,*,#4954,.T.);
#5304 = ORIENTED_EDGE('',*,*,#4924,.T.);
#5305 = ORIENTED_EDGE('',*,*,#5306,.F.);
#5306 = EDGE_CURVE('',#4982,#4897,#5307,.T.);
#5307 = SURFACE_CURVE('',#5308,(#5313,#5320),.PCURVE_S1.);
#5308 = CIRCLE('',#5309,15.);
#5309 = AXIS2_PLACEMENT_3D('',#5310,#5311,#5312);
#5310 = CARTESIAN_POINT('',(-140.,275.,457.5));
#5311 = DIRECTION('',(1.,0.,-6.123233995737E-17));
#5312 = DIRECTION('',(6.123233995737E-17,0.,1.));
#5313 = PCURVE('',#4938,#5314);
#5314 = DEFINITIONAL_REPRESENTATION('',(#5315),#5319);
#5315 = LINE('',#5316,#5317);
#5316 = CARTESIAN_POINT('',(-4.712388980385,835.));
#5317 = VECTOR('',#5318,1.);
#5318 = DIRECTION('',(1.,0.));
#5319 = ( GEOMETRIC_REPRESENTATION_CONTEXT(2) 
PARAMETRIC_REPRESENTATION_CONTEXT() REPRESENTATION_CONTEXT('2D SPACE',''
  ) );
#5320 = PCURVE('',#5321,#5326);
#5321 = SPHERICAL_SURFACE('',#5322,15.);
#5322 = AXIS2_PLACEMENT_3D('',#5323,#5324,#5325);
#5323 = CARTESIAN_POINT('',(-140.,275.,457.5));
#5324 = DIRECTION('',(-0.,-1.,-0.));
#5325 = DIRECTION('',(1.,-0.,0.));
#5326 = DEFINITIONAL_REPRESENTATION('',(#5327),#5331);
#5327 = LINE('',#5328,#5329);
#5328 = CARTESIAN_POINT('',(1.570796326795,-6.28318530718));
#5329 = VECTOR('',#5330,1.);
#5330 = DIRECTION('',(0.,1.));
#5331 = ( GEOMETRIC_REPRESENTATION_CONTEXT(2) 
PARAMETRIC_REPRESENTATION_CONTEXT() REPRESENTATION_CONTEXT('2D SPACE',''
  ) );
#5332 = ORIENTED_EDGE('',*,*,#4981,.F.);
#5333 = ADVANCED_FACE('',(#5334),#4912,.T.);
#5334 = FACE_BOUND('',#5335,.F.);
#5335 = EDGE_LOOP('',(#5336,#5358,#5359,#5383));
#5336 = ORIENTED_EDGE('',*,*,#5337,.F.);
#5337 = EDGE_CURVE('',#4874,#5125,#5338,.T.);
#5338 = SURFACE_CURVE('',#5339,(#5344,#5351),.PCURVE_S1.);
#5339 = CIRCLE('',#5340,15.);
#5340 = AXIS2_PLACEMENT_3D('',#5341,#5342,#5343);
#5341 = CARTESIAN_POINT('',(-140.,-275.,457.5));
#5342 = DIRECTION('',(-0.,1.,0.));
#5343 = DIRECTION('',(1.,0.,0.));
#5344 = PCURVE('',#4912,#5345);
#5345 = DEFINITIONAL_REPRESENTATION('',(#5346),#5350);
#5346 = LINE('',#5347,#5348);
#5347 = CARTESIAN_POINT('',(-6.28318530718,15.));
#5348 = VECTOR('',#5349,1.);
#5349 = DIRECTION('',(1.,-0.));
#5350 = ( GEOMETRIC_REPRESENTATION_CONTEXT(2) 
PARAMETRIC_REPRESENTATION_CONTEXT() REPRESENTATION_CONTEXT('2D SPACE',''
  ) );
#5351 = PCURVE('',#5106,#5352);
#5352 = DEFINITIONAL_REPRESENTATION('',(#5353),#5357);
#5353 = LINE('',#5354,#5355);
#5354 = CARTESIAN_POINT('',(0.,-6.28318530718));
#5355 = VECTOR('',#5356,1.);
#5356 = DIRECTION('',(0.,1.));
#5357 = ( GEOMETRIC_REPRESENTATION_CONTEXT(2) 
PARAMETRIC_REPRESENTATION_CONTEXT() REPRESENTATION_CONTEXT('2D SPACE',''
  ) );
#5358 = ORIENTED_EDGE('',*,*,#4896,.T.);
#5359 = ORIENTED_EDGE('',*,*,#5360,.F.);
#5360 = EDGE_CURVE('',#5361,#4897,#5363,.T.);
#5361 = VERTEX_POINT('',#5362);
#5362 = CARTESIAN_POINT('',(-125.,275.,457.5));
#5363 = SURFACE_CURVE('',#5364,(#5369,#5376),.PCURVE_S1.);
#5364 = CIRCLE('',#5365,15.);
#5365 = AXIS2_PLACEMENT_3D('',#5366,#5367,#5368);
#5366 = CARTESIAN_POINT('',(-140.,275.,457.5));
#5367 = DIRECTION('',(-0.,-1.,0.));
#5368 = DIRECTION('',(1.,-0.,0.));
#5369 = PCURVE('',#4912,#5370);
#5370 = DEFINITIONAL_REPRESENTATION('',(#5371),#5375);
#5371 = LINE('',#5372,#5373);
#5372 = CARTESIAN_POINT('',(-0.,565.));
#5373 = VECTOR('',#5374,1.);
#5374 = DIRECTION('',(-1.,0.));
#5375 = ( GEOMETRIC_REPRESENTATION_CONTEXT(2) 
PARAMETRIC_REPRESENTATION_CONTEXT() REPRESENTATION_CONTEXT('2D SPACE',''
  ) );
#5376 = PCURVE('',#5321,#5377);
#5377 = DEFINITIONAL_REPRESENTATION('',(#5378),#5382);
#5378 = LINE('',#5379,#5380);
#5379 = CARTESIAN_POINT('',(0.,0.));
#5380 = VECTOR('',#5381,1.);
#5381 = DIRECTION('',(1.,0.));
#5382 = ( GEOMETRIC_REPRESENTATION_CONTEXT(2) 
PARAMETRIC_REPRESENTATION_CONTEXT() REPRESENTATION_CONTEXT('2D SPACE',''
  ) );
#5383 = ORIENTED_EDGE('',*,*,#5384,.F.);
#5384 = EDGE_CURVE('',#5125,#5361,#5385,.T.);
#5385 = SURFACE_CURVE('',#5386,(#5390,#5397),.PCURVE_S1.);
#5386 = LINE('',#5387,#5388);
#5387 = CARTESIAN_POINT('',(-125.,-290.,457.5));
#5388 = VECTOR('',#5389,1.);
#5389 = DIRECTION('',(0.,1.,0.));
#5390 = PCURVE('',#4912,#5391);
#5391 = DEFINITIONAL_REPRESENTATION('',(#5392),#5396);
#5392 = LINE('',#5393,#5394);
#5393 = CARTESIAN_POINT('',(-0.,0.));
#5394 = VECTOR('',#5395,1.);
#5395 = DIRECTION('',(-0.,1.));
#5396 = ( GEOMETRIC_REPRESENTATION_CONTEXT(2) 
PARAMETRIC_REPRESENTATION_CONTEXT() REPRESENTATION_CONTEXT('2D SPACE',''
  ) );
#5397 = PCURVE('',#5140,#5398);
#5398 = DEFINITIONAL_REPRESENTATION('',(#5399),#5403);
#5399 = LINE('',#5400,#5401);
#5400 = CARTESIAN_POINT('',(30.,0.));
#5401 = VECTOR('',#5402,1.);
#5402 = DIRECTION('',(0.,-1.));
#5403 = ( GEOMETRIC_REPRESENTATION_CONTEXT(2) 
PARAMETRIC_REPRESENTATION_CONTEXT() REPRESENTATION_CONTEXT('2D SPACE',''
  ) );
#5404 = ADVANCED_FACE('',(#5405),#5020,.T.);
#5405 = FACE_BOUND('',#5406,.T.);
#5406 = EDGE_LOOP('',(#5407,#5428,#5450,#5451));
#5407 = ORIENTED_EDGE('',*,*,#5408,.F.);
#5408 = EDGE_CURVE('',#5257,#5361,#5409,.T.);
#5409 = SURFACE_CURVE('',#5410,(#5414,#5421),.PCURVE_S1.);
#5410 = LINE('',#5411,#5412);
#5411 = CARTESIAN_POINT('',(-125.,275.,427.5));
#5412 = VECTOR('',#5413,1.);
#5413 = DIRECTION('',(0.,0.,1.));
#5414 = PCURVE('',#5020,#5415);
#5415 = DEFINITIONAL_REPRESENTATION('',(#5416),#5420);
#5416 = LINE('',#5417,#5418);
#5417 = CARTESIAN_POINT('',(0.,0.));
#5418 = VECTOR('',#5419,1.);
#5419 = DIRECTION('',(0.,1.));
#5420 = ( GEOMETRIC_REPRESENTATION_CONTEXT(2) 
PARAMETRIC_REPRESENTATION_CONTEXT() REPRESENTATION_CONTEXT('2D SPACE',''
  ) );
#5421 = PCURVE('',#5140,#5422);
#5422 = DEFINITIONAL_REPRESENTATION('',(#5423),#5427);
#5423 = LINE('',#5424,#5425);
#5424 = CARTESIAN_POINT('',(0.,-565.));
#5425 = VECTOR('',#5426,1.);
#5426 = DIRECTION('',(1.,0.));
#5427 = ( GEOMETRIC_REPRESENTATION_CONTEXT(2) 
PARAMETRIC_REPRESENTATION_CONTEXT() REPRESENTATION_CONTEXT('2D SPACE',''
  ) );
#5428 = ORIENTED_EDGE('',*,*,#5429,.T.);
#5429 = EDGE_CURVE('',#5257,#5005,#5430,.T.);
#5430 = SURFACE_CURVE('',#5431,(#5436,#5443),.PCURVE_S1.);
#5431 = CIRCLE('',#5432,15.);
#5432 = AXIS2_PLACEMENT_3D('',#5433,#5434,#5435);
#5433 = CARTESIAN_POINT('',(-140.,275.,442.5));
#5434 = DIRECTION('',(0.,0.,1.));
#5435 = DIRECTION('',(1.,0.,-0.));
#5436 = PCURVE('',#5020,#5437);
#5437 = DEFINITIONAL_REPRESENTATION('',(#5438),#5442);
#5438 = LINE('',#5439,#5440);
#5439 = CARTESIAN_POINT('',(0.,15.));
#5440 = VECTOR('',#5441,1.);
#5441 = DIRECTION('',(1.,0.));
#5442 = ( GEOMETRIC_REPRESENTATION_CONTEXT(2) 
PARAMETRIC_REPRESENTATION_CONTEXT() REPRESENTATION_CONTEXT('2D SPACE',''
  ) );
#5443 = PCURVE('',#5217,#5444);
#5444 = DEFINITIONAL_REPRESENTATION('',(#5445),#5449);
#5445 = LINE('',#5446,#5447);
#5446 = CARTESIAN_POINT('',(0.,0.));
#5447 = VECTOR('',#5448,1.);
#5448 = DIRECTION('',(1.,0.));
#5449 = ( GEOMETRIC_REPRESENTATION_CONTEXT(2) 
PARAMETRIC_REPRESENTATION_CONTEXT() REPRESENTATION_CONTEXT('2D SPACE',''
  ) );
#5450 = ORIENTED_EDGE('',*,*,#5004,.T.);
#5451 = ORIENTED_EDGE('',*,*,#5452,.T.);
#5452 = EDGE_CURVE('',#4982,#5361,#5453,.T.);
#5453 = SURFACE_CURVE('',#5454,(#5459,#5466),.PCURVE_S1.);
#5454 = CIRCLE('',#5455,15.);
#5455 = AXIS2_PLACEMENT_3D('',#5456,#5457,#5458);
#5456 = CARTESIAN_POINT('',(-140.,275.,457.5));
#5457 = DIRECTION('',(0.,0.,-1.));
#5458 = DIRECTION('',(1.,0.,0.));
#5459 = PCURVE('',#5020,#5460);
#5460 = DEFINITIONAL_REPRESENTATION('',(#5461),#5465);
#5461 = LINE('',#5462,#5463);
#5462 = CARTESIAN_POINT('',(6.28318530718,30.));
#5463 = VECTOR('',#5464,1.);
#5464 = DIRECTION('',(-1.,-0.));
#5465 = ( GEOMETRIC_REPRESENTATION_CONTEXT(2) 
PARAMETRIC_REPRESENTATION_CONTEXT() REPRESENTATION_CONTEXT('2D SPACE',''
  ) );
#5466 = PCURVE('',#5321,#5467);
#5467 = DEFINITIONAL_REPRESENTATION('',(#5468),#5472);
#5468 = LINE('',#5469,#5470);
#5469 = CARTESIAN_POINT('',(0.,-6.28318530718));
#5470 = VECTOR('',#5471,1.);
#5471 = DIRECTION('',(0.,1.));
#5472 = ( GEOMETRIC_REPRESENTATION_CONTEXT(2) 
PARAMETRIC_REPRESENTATION_CONTEXT() REPRESENTATION_CONTEXT('2D SPACE',''
  ) );
#5473 = ADVANCED_FACE('',(#5474),#5073,.T.);
#5474 = FACE_BOUND('',#5475,.F.);
#5475 = EDGE_LOOP('',(#5476,#5477,#5478));
#5476 = ORIENTED_EDGE('',*,*,#5233,.F.);
#5477 = ORIENTED_EDGE('',*,*,#5058,.T.);
#5478 = ORIENTED_EDGE('',*,*,#5152,.F.);
#5479 = ADVANCED_FACE('',(#5480),#5106,.T.);
#5480 = FACE_BOUND('',#5481,.T.);
#5481 = EDGE_LOOP('',(#5482,#5483,#5484));
#5482 = ORIENTED_EDGE('',*,*,#5337,.F.);
#5483 = ORIENTED_EDGE('',*,*,#5091,.T.);
#5484 = ORIENTED_EDGE('',*,*,#5175,.F.);
#5485 = ADVANCED_FACE('',(#5486),#5140,.T.);
#5486 = FACE_BOUND('',#5487,.T.);
#5487 = EDGE_LOOP('',(#5488,#5489,#5490,#5491));
#5488 = ORIENTED_EDGE('',*,*,#5122,.F.);
#5489 = ORIENTED_EDGE('',*,*,#5280,.T.);
#5490 = ORIENTED_EDGE('',*,*,#5408,.T.);
#5491 = ORIENTED_EDGE('',*,*,#5384,.F.);
#5492 = ADVANCED_FACE('',(#5493),#5217,.T.);
#5493 = FACE_BOUND('',#5494,.T.);
#5494 = EDGE_LOOP('',(#5495,#5496,#5497));
#5495 = ORIENTED_EDGE('',*,*,#5256,.F.);
#5496 = ORIENTED_EDGE('',*,*,#5202,.T.);
#5497 = ORIENTED_EDGE('',*,*,#5429,.F.);
#5498 = ADVANCED_FACE('',(#5499),#5321,.T.);
#5499 = FACE_BOUND('',#5500,.T.);
#5500 = EDGE_LOOP('',(#5501,#5502,#5503));
#5501 = ORIENTED_EDGE('',*,*,#5452,.F.);
#5502 = ORIENTED_EDGE('',*,*,#5306,.T.);
#5503 = ORIENTED_EDGE('',*,*,#5360,.F.);
#5504 = ( GEOMETRIC_REPRESENTATION_CONTEXT(3) 
GLOBAL_UNCERTAINTY_ASSIGNED_CONTEXT((#5508)) 
GLOBAL_UNIT_ASSIGNED_CONTEXT((#5505,#5506,#5507)) REPRESENTATION_CONTEXT
('Context #1','3D Context with UNIT and UNCERTAINTY') );
#5505 = ( LENGTH_UNIT() NAMED_UNIT(*) SI_UNIT(.MILLI.,.METRE.) );
#5506 = ( NAMED_UNIT(*) PLANE_ANGLE_UNIT() SI_UNIT($,.RADIAN.) );
#5507 = ( NAMED_UNIT(*) SI_UNIT($,.STERADIAN.) SOLID_ANGLE_UNIT() );
#5508 = UNCERTAINTY_MEASURE_WITH_UNIT(LENGTH_MEASURE(1.E-07),#5505,
  'distance_accuracy_value','confusion accuracy');
#5509 = CONTEXT_DEPENDENT_SHAPE_REPRESENTATION(#5510,#5512);
#5510 = ( REPRESENTATION_RELATIONSHIP('','',#4165,#10) 
REPRESENTATION_RELATIONSHIP_WITH_TRANSFORMATION(#5511) 
SHAPE_REPRESENTATION_RELATIONSHIP() );
#5511 = ITEM_DEFINED_TRANSFORMATION('','',#11,#19);
#5512 = PRODUCT_DEFINITION_SHAPE('Placement','Placement of an item',
  #5513);
#5513 = NEXT_ASSEMBLY_USAGE_OCCURRENCE('2','','',#5,#4160,$);
#5514 = PRODUCT_RELATED_PRODUCT_CATEGORY('part',$,(#4162));
ENDSEC;
END-ISO-10303-21;
