ISO-10303-21;
HEADER;
FILE_DESCRIPTION(('Open CASCADE Model'),'2;1');
FILE_NAME('Open CASCADE Shape Model','2026-09-20T19:28:58',('Author'),(
    'Open CASCADE'),'Open CASCADE STEP processor 7.9','Open CASCADE 7.9'
  ,'Unknown');
FILE_SCHEMA(('AUTOMOTIVE_DESIGN { 1 0 10303 214 1 1 1 1 }'));
ENDSEC;
DATA;
#1 = APPLICATION_PROTOCOL_DEFINITION('international standard',
  'automotive_design',2000,#2);
#2 = APPLICATION_CONTEXT(
  'core data for automotive mechanical design processes');
#3 = SHAPE_DEFINITION_REPRESENTATION(#4,#10);
#4 = PRODUCT_DEFINITION_SHAPE('','',#5);
#5 = PRODUCT_DEFINITION('design','',#6,#9);
#6 = PRODUCT_DEFINITION_FORMATION('','',#7);
#7 = PRODUCT('Open CASCADE STEP translator 7.9 7',
  'Open CASCADE STEP translator 7.9 7','',(#8));
#8 = PRODUCT_CONTEXT('',#2,'mechanical');
#9 = PRODUCT_DEFINITION_CONTEXT('part definition',#2,'design');
#10 = SHAPE_REPRESENTATION('',(#11,#15,#19,#23,#27),#31);
#11 = AXIS2_PLACEMENT_3D('',#12,#13,#14);
#12 = CARTESIAN_POINT('',(0.,0.,0.));
#13 = DIRECTION('',(0.,0.,1.));
#14 = DIRECTION('',(1.,0.,-0.));
#15 = AXIS2_PLACEMENT_3D('',#16,#17,#18);
#16 = CARTESIAN_POINT('',(0.,0.,0.));
#17 = DIRECTION('',(0.,0.,1.));
#18 = DIRECTION('',(1.,0.,-0.));
#19 = AXIS2_PLACEMENT_3D('',#20,#21,#22);
#20 = CARTESIAN_POINT('',(0.,0.,0.));
#21 = DIRECTION('',(0.,0.,1.));
#22 = DIRECTION('',(1.,0.,-0.));
#23 = AXIS2_PLACEMENT_3D('',#24,#25,#26);
#24 = CARTESIAN_POINT('',(0.,0.,0.));
#25 = DIRECTION('',(0.,0.,1.));
#26 = DIRECTION('',(1.,0.,-0.));
#27 = AXIS2_PLACEMENT_3D('',#28,#29,#30);
#28 = CARTESIAN_POINT('',(0.,0.,0.));
#29 = DIRECTION('',(0.,0.,1.));
#30 = DIRECTION('',(1.,0.,-0.));
#31 = ( GEOMETRIC_REPRESENTATION_CONTEXT(3) 
GLOBAL_UNCERTAINTY_ASSIGNED_CONTEXT((#35)) GLOBAL_UNIT_ASSIGNED_CONTEXT(
(#32,#33,#34)) REPRESENTATION_CONTEXT('Context #1',
  '3D Context with UNIT and UNCERTAINTY') );
#32 = ( LENGTH_UNIT() NAMED_UNIT(*) SI_UNIT(.MILLI.,.METRE.) );
#33 = ( NAMED_UNIT(*) PLANE_ANGLE_UNIT() SI_UNIT($,.RADIAN.) );
#34 = ( NAMED_UNIT(*) SI_UNIT($,.STERADIAN.) SOLID_ANGLE_UNIT() );
#35 = UNCERTAINTY_MEASURE_WITH_UNIT(LENGTH_MEASURE(1.E-07),#32,
  'distance_accuracy_value','confusion accuracy');
#36 = PRODUCT_RELATED_PRODUCT_CATEGORY('part',$,(#7));
#37 = SHAPE_DEFINITION_REPRESENTATION(#38,#44);
#38 = PRODUCT_DEFINITION_SHAPE('','',#39);
#39 = PRODUCT_DEFINITION('design','',#40,#43);
#40 = PRODUCT_DEFINITION_FORMATION('','',#41);
#41 = PRODUCT('Open CASCADE STEP translator 7.9 7.1',
  'Open CASCADE STEP translator 7.9 7.1','',(#42));
#42 = PRODUCT_CONTEXT('',#2,'mechanical');
#43 = PRODUCT_DEFINITION_CONTEXT('part definition',#2,'design');
#44 = ADVANCED_BREP_SHAPE_REPRESENTATION('',(#11,#45),#1093);
#45 = MANIFOLD_SOLID_BREP('',#46);
#46 = CLOSED_SHELL('',(#47,#167,#243,#564,#613,#686,#713,#740,#747,#930,
    #989,#1079,#1085,#1089));
#47 = ADVANCED_FACE('',(#48),#62,.F.);
#48 = FACE_BOUND('',#49,.T.);
#49 = EDGE_LOOP('',(#50,#85,#113,#141));
#50 = ORIENTED_EDGE('',*,*,#51,.F.);
#51 = EDGE_CURVE('',#52,#54,#56,.T.);
#52 = VERTEX_POINT('',#53);
#53 = CARTESIAN_POINT('',(-1.048827723741E+03,-670.,-81.76433153986));
#54 = VERTEX_POINT('',#55);
#55 = CARTESIAN_POINT('',(-1.030735220616E+03,-670.,-210.4991804762));
#56 = SURFACE_CURVE('',#57,(#61,#73),.PCURVE_S1.);
#57 = LINE('',#58,#59);
#58 = CARTESIAN_POINT('',(-1.048827723741E+03,-670.,-81.76433153986));
#59 = VECTOR('',#60,1.);
#60 = DIRECTION('',(0.13917310096,-0.,-0.990268068742));
#61 = PCURVE('',#62,#67);
#62 = PLANE('',#63);
#63 = AXIS2_PLACEMENT_3D('',#64,#65,#66);
#64 = CARTESIAN_POINT('',(-1.039781472179E+03,-670.,-146.131756008));
#65 = DIRECTION('',(0.754128140705,-0.648118629528,0.105985798367));
#66 = DIRECTION('',(-0.641811183578,-0.761539389696,-9.020067946145E-02)
  );
#67 = DEFINITIONAL_REPRESENTATION('',(#68),#72);
#68 = LINE('',#69,#70);
#69 = CARTESIAN_POINT('',(-2.032180520487E-14,-65.));
#70 = VECTOR('',#71,1.);
#71 = DIRECTION('',(7.688456059109E-18,1.));
#72 = ( GEOMETRIC_REPRESENTATION_CONTEXT(2) 
PARAMETRIC_REPRESENTATION_CONTEXT() REPRESENTATION_CONTEXT('2D SPACE',''
  ) );
#73 = PCURVE('',#74,#79);
#74 = PLANE('',#75);
#75 = AXIS2_PLACEMENT_3D('',#76,#77,#78);
#76 = CARTESIAN_POINT('',(-643.674244682,-910.,-90.46251562404));
#77 = DIRECTION('',(0.509488718103,0.857492925713,7.160396971364E-02));
#78 = DIRECTION('',(0.849147863505,-0.514495755428,0.119339949523));
#79 = DEFINITIONAL_REPRESENTATION('',(#80),#84);
#80 = LINE('',#81,#82);
#81 = CARTESIAN_POINT('',(-466.4761515876,-65.));
#82 = VECTOR('',#83,1.);
#83 = DIRECTION('',(1.03415905664E-17,1.));
#84 = ( GEOMETRIC_REPRESENTATION_CONTEXT(2) 
PARAMETRIC_REPRESENTATION_CONTEXT() REPRESENTATION_CONTEXT('2D SPACE',''
  ) );
#85 = ORIENTED_EDGE('',*,*,#86,.T.);
#86 = EDGE_CURVE('',#52,#87,#89,.T.);
#87 = VERTEX_POINT('',#88);
#88 = CARTESIAN_POINT('',(-652.7204962444,-200.,-26.09509115584));
#89 = SURFACE_CURVE('',#90,(#94,#101),.PCURVE_S1.);
#90 = LINE('',#91,#92);
#91 = CARTESIAN_POINT('',(-1.048827723741E+03,-670.,-81.76433153986));
#92 = VECTOR('',#93,1.);
#93 = DIRECTION('',(0.641811183578,0.761539389696,9.020067946145E-02));
#94 = PCURVE('',#62,#95);
#95 = DEFINITIONAL_REPRESENTATION('',(#96),#100);
#96 = LINE('',#97,#98);
#97 = CARTESIAN_POINT('',(-2.032180520487E-14,-65.));
#98 = VECTOR('',#99,1.);
#99 = DIRECTION('',(-1.,-7.688456059109E-18));
#100 = ( GEOMETRIC_REPRESENTATION_CONTEXT(2) 
PARAMETRIC_REPRESENTATION_CONTEXT() REPRESENTATION_CONTEXT('2D SPACE',''
  ) );
#101 = PCURVE('',#102,#107);
#102 = PLANE('',#103);
#103 = AXIS2_PLACEMENT_3D('',#104,#105,#106);
#104 = CARTESIAN_POINT('',(42.394740095367,-590.9278721267,
    71.596984373704));
#105 = DIRECTION('',(-0.13917310096,0.,0.990268068742));
#106 = DIRECTION('',(-0.990268068742,-0.,-0.13917310096));
#107 = DEFINITIONAL_REPRESENTATION('',(#108),#112);
#108 = LINE('',#109,#110);
#109 = CARTESIAN_POINT('',(1.101946531734E+03,79.072127873289));
#110 = VECTOR('',#111,1.);
#111 = DIRECTION('',(-0.648118629528,-0.761539389696));
#112 = ( GEOMETRIC_REPRESENTATION_CONTEXT(2) 
PARAMETRIC_REPRESENTATION_CONTEXT() REPRESENTATION_CONTEXT('2D SPACE',''
  ) );
#113 = ORIENTED_EDGE('',*,*,#114,.F.);
#114 = EDGE_CURVE('',#115,#87,#117,.T.);
#115 = VERTEX_POINT('',#116);
#116 = CARTESIAN_POINT('',(-634.6279931196,-200.,-154.8299400922));
#117 = SURFACE_CURVE('',#118,(#122,#129),.PCURVE_S1.);
#118 = LINE('',#119,#120);
#119 = CARTESIAN_POINT('',(-634.6279931196,-200.,-154.8299400922));
#120 = VECTOR('',#121,1.);
#121 = DIRECTION('',(-0.13917310096,0.,0.990268068742));
#122 = PCURVE('',#62,#123);
#123 = DEFINITIONAL_REPRESENTATION('',(#124),#128);
#124 = LINE('',#125,#126);
#125 = CARTESIAN_POINT('',(-617.1709649683,65.));
#126 = VECTOR('',#127,1.);
#127 = DIRECTION('',(-7.688456059109E-18,-1.));
#128 = ( GEOMETRIC_REPRESENTATION_CONTEXT(2) 
PARAMETRIC_REPRESENTATION_CONTEXT() REPRESENTATION_CONTEXT('2D SPACE',''
  ) );
#129 = PCURVE('',#130,#135);
#130 = PLANE('',#131);
#131 = AXIS2_PLACEMENT_3D('',#132,#133,#134);
#132 = CARTESIAN_POINT('',(-643.674244682,-200.,-90.46251562404));
#133 = DIRECTION('',(-0.128867451928,-0.991496427865,-1.811113925995E-02
    ));
#134 = DIRECTION('',(-0.981847252786,0.130133906157,-0.137989632457));
#135 = DEFINITIONAL_REPRESENTATION('',(#136),#140);
#136 = LINE('',#137,#138);
#137 = CARTESIAN_POINT('',(3.141531676826E-14,65.));
#138 = VECTOR('',#139,1.);
#139 = DIRECTION('',(-1.133465968569E-17,-1.));
#140 = ( GEOMETRIC_REPRESENTATION_CONTEXT(2) 
PARAMETRIC_REPRESENTATION_CONTEXT() REPRESENTATION_CONTEXT('2D SPACE',''
  ) );
#141 = ORIENTED_EDGE('',*,*,#142,.F.);
#142 = EDGE_CURVE('',#54,#115,#143,.T.);
#143 = SURFACE_CURVE('',#144,(#148,#155),.PCURVE_S1.);
#144 = LINE('',#145,#146);
#145 = CARTESIAN_POINT('',(-1.030735220616E+03,-670.,-210.4991804762));
#146 = VECTOR('',#147,1.);
#147 = DIRECTION('',(0.641811183578,0.761539389696,9.020067946145E-02));
#148 = PCURVE('',#62,#149);
#149 = DEFINITIONAL_REPRESENTATION('',(#150),#154);
#150 = LINE('',#151,#152);
#151 = CARTESIAN_POINT('',(2.032180520487E-14,65.));
#152 = VECTOR('',#153,1.);
#153 = DIRECTION('',(-1.,-7.688456059109E-18));
#154 = ( GEOMETRIC_REPRESENTATION_CONTEXT(2) 
PARAMETRIC_REPRESENTATION_CONTEXT() REPRESENTATION_CONTEXT('2D SPACE',''
  ) );
#155 = PCURVE('',#156,#161);
#156 = PLANE('',#157);
#157 = AXIS2_PLACEMENT_3D('',#158,#159,#160);
#158 = CARTESIAN_POINT('',(60.487243220175,-590.9278721267,
    -57.1378645627));
#159 = DIRECTION('',(-0.13917310096,0.,0.990268068742));
#160 = DIRECTION('',(-0.990268068742,-0.,-0.13917310096));
#161 = DEFINITIONAL_REPRESENTATION('',(#162),#166);
#162 = LINE('',#163,#164);
#163 = CARTESIAN_POINT('',(1.101946531734E+03,79.072127873289));
#164 = VECTOR('',#165,1.);
#165 = DIRECTION('',(-0.648118629528,-0.761539389696));
#166 = ( GEOMETRIC_REPRESENTATION_CONTEXT(2) 
PARAMETRIC_REPRESENTATION_CONTEXT() REPRESENTATION_CONTEXT('2D SPACE',''
  ) );
#167 = ADVANCED_FACE('',(#168),#74,.F.);
#168 = FACE_BOUND('',#169,.T.);
#169 = EDGE_LOOP('',(#170,#200,#221,#222));
#170 = ORIENTED_EDGE('',*,*,#171,.F.);
#171 = EDGE_CURVE('',#172,#174,#176,.T.);
#172 = VERTEX_POINT('',#173);
#173 = CARTESIAN_POINT('',(-652.7204962444,-910.,-26.09509115584));
#174 = VERTEX_POINT('',#175);
#175 = CARTESIAN_POINT('',(-634.6279931196,-910.,-154.8299400922));
#176 = SURFACE_CURVE('',#177,(#181,#188),.PCURVE_S1.);
#177 = LINE('',#178,#179);
#178 = CARTESIAN_POINT('',(-652.7204962444,-910.,-26.09509115584));
#179 = VECTOR('',#180,1.);
#180 = DIRECTION('',(0.13917310096,-0.,-0.990268068742));
#181 = PCURVE('',#74,#182);
#182 = DEFINITIONAL_REPRESENTATION('',(#183),#187);
#183 = LINE('',#184,#185);
#184 = CARTESIAN_POINT('',(2.639959027521E-14,-65.));
#185 = VECTOR('',#186,1.);
#186 = DIRECTION('',(1.03415905664E-17,1.));
#187 = ( GEOMETRIC_REPRESENTATION_CONTEXT(2) 
PARAMETRIC_REPRESENTATION_CONTEXT() REPRESENTATION_CONTEXT('2D SPACE',''
  ) );
#188 = PCURVE('',#189,#194);
#189 = PLANE('',#190);
#190 = AXIS2_PLACEMENT_3D('',#191,#192,#193);
#191 = CARTESIAN_POINT('',(841.72785843033,-830.,118.29713581605));
#192 = DIRECTION('',(-5.27393431963E-02,0.998580804678,
    -7.412031314465E-03));
#193 = DIRECTION('',(0.988862684931,5.325764291615E-02,0.138975587146));
#194 = DEFINITIONAL_REPRESENTATION('',(#195),#199);
#195 = LINE('',#196,#197);
#196 = CARTESIAN_POINT('',(-1.50213181845E+03,-65.));
#197 = VECTOR('',#198,1.);
#198 = DIRECTION('',(8.611742524892E-19,1.));
#199 = ( GEOMETRIC_REPRESENTATION_CONTEXT(2) 
PARAMETRIC_REPRESENTATION_CONTEXT() REPRESENTATION_CONTEXT('2D SPACE',''
  ) );
#200 = ORIENTED_EDGE('',*,*,#201,.T.);
#201 = EDGE_CURVE('',#172,#52,#202,.T.);
#202 = SURFACE_CURVE('',#203,(#207,#214),.PCURVE_S1.);
#203 = LINE('',#204,#205);
#204 = CARTESIAN_POINT('',(-652.7204962444,-910.,-26.09509115584));
#205 = VECTOR('',#206,1.);
#206 = DIRECTION('',(-0.849147863505,0.514495755428,-0.119339949523));
#207 = PCURVE('',#74,#208);
#208 = DEFINITIONAL_REPRESENTATION('',(#209),#213);
#209 = LINE('',#210,#211);
#210 = CARTESIAN_POINT('',(2.639959027521E-14,-65.));
#211 = VECTOR('',#212,1.);
#212 = DIRECTION('',(-1.,-1.03415905664E-17));
#213 = ( GEOMETRIC_REPRESENTATION_CONTEXT(2) 
PARAMETRIC_REPRESENTATION_CONTEXT() REPRESENTATION_CONTEXT('2D SPACE',''
  ) );
#214 = PCURVE('',#102,#215);
#215 = DEFINITIONAL_REPRESENTATION('',(#216),#220);
#216 = LINE('',#217,#218);
#217 = CARTESIAN_POINT('',(701.94653173371,319.07212787328));
#218 = VECTOR('',#219,1.);
#219 = DIRECTION('',(0.857492925713,-0.514495755428));
#220 = ( GEOMETRIC_REPRESENTATION_CONTEXT(2) 
PARAMETRIC_REPRESENTATION_CONTEXT() REPRESENTATION_CONTEXT('2D SPACE',''
  ) );
#221 = ORIENTED_EDGE('',*,*,#51,.T.);
#222 = ORIENTED_EDGE('',*,*,#223,.F.);
#223 = EDGE_CURVE('',#174,#54,#224,.T.);
#224 = SURFACE_CURVE('',#225,(#229,#236),.PCURVE_S1.);
#225 = LINE('',#226,#227);
#226 = CARTESIAN_POINT('',(-634.6279931196,-910.,-154.8299400922));
#227 = VECTOR('',#228,1.);
#228 = DIRECTION('',(-0.849147863505,0.514495755428,-0.119339949523));
#229 = PCURVE('',#74,#230);
#230 = DEFINITIONAL_REPRESENTATION('',(#231),#235);
#231 = LINE('',#232,#233);
#232 = CARTESIAN_POINT('',(-2.639959027521E-14,65.));
#233 = VECTOR('',#234,1.);
#234 = DIRECTION('',(-1.,-1.03415905664E-17));
#235 = ( GEOMETRIC_REPRESENTATION_CONTEXT(2) 
PARAMETRIC_REPRESENTATION_CONTEXT() REPRESENTATION_CONTEXT('2D SPACE',''
  ) );
#236 = PCURVE('',#156,#237);
#237 = DEFINITIONAL_REPRESENTATION('',(#238),#242);
#238 = LINE('',#239,#240);
#239 = CARTESIAN_POINT('',(701.94653173371,319.07212787328));
#240 = VECTOR('',#241,1.);
#241 = DIRECTION('',(0.857492925713,-0.514495755428));
#242 = ( GEOMETRIC_REPRESENTATION_CONTEXT(2) 
PARAMETRIC_REPRESENTATION_CONTEXT() REPRESENTATION_CONTEXT('2D SPACE',''
  ) );
#243 = ADVANCED_FACE('',(#244,#348),#102,.T.);
#244 = FACE_BOUND('',#245,.F.);
#245 = EDGE_LOOP('',(#246,#247,#270,#298,#326,#347));
#246 = ORIENTED_EDGE('',*,*,#86,.T.);
#247 = ORIENTED_EDGE('',*,*,#248,.T.);
#248 = EDGE_CURVE('',#87,#249,#251,.T.);
#249 = VERTEX_POINT('',#250);
#250 = CARTESIAN_POINT('',(931.70841374208,-410.,196.58187038026));
#251 = SURFACE_CURVE('',#252,(#256,#263),.PCURVE_S1.);
#252 = LINE('',#253,#254);
#253 = CARTESIAN_POINT('',(-652.7204962444,-200.,-26.09509115584));
#254 = VECTOR('',#255,1.);
#255 = DIRECTION('',(0.981847252786,-0.130133906157,0.137989632457));
#256 = PCURVE('',#102,#257);
#257 = DEFINITIONAL_REPRESENTATION('',(#258),#262);
#258 = LINE('',#259,#260);
#259 = CARTESIAN_POINT('',(701.94653173371,-390.9278721267));
#260 = VECTOR('',#261,1.);
#261 = DIRECTION('',(-0.991496427865,0.130133906157));
#262 = ( GEOMETRIC_REPRESENTATION_CONTEXT(2) 
PARAMETRIC_REPRESENTATION_CONTEXT() REPRESENTATION_CONTEXT('2D SPACE',''
  ) );
#263 = PCURVE('',#130,#264);
#264 = DEFINITIONAL_REPRESENTATION('',(#265),#269);
#265 = LINE('',#266,#267);
#266 = CARTESIAN_POINT('',(-3.141531676826E-14,-65.));
#267 = VECTOR('',#268,1.);
#268 = DIRECTION('',(-1.,-1.133465968569E-17));
#269 = ( GEOMETRIC_REPRESENTATION_CONTEXT(2) 
PARAMETRIC_REPRESENTATION_CONTEXT() REPRESENTATION_CONTEXT('2D SPACE',''
  ) );
#270 = ORIENTED_EDGE('',*,*,#271,.T.);
#271 = EDGE_CURVE('',#249,#272,#274,.T.);
#272 = VERTEX_POINT('',#273);
#273 = CARTESIAN_POINT('',(1.179275430927E+03,-680.,231.37514562028));
#274 = SURFACE_CURVE('',#275,(#279,#286),.PCURVE_S1.);
#275 = LINE('',#276,#277);
#276 = CARTESIAN_POINT('',(931.70841374208,-410.,196.58187038026));
#277 = VECTOR('',#278,1.);
#278 = DIRECTION('',(0.672796079239,-0.733760674018,9.455532256079E-02)
  );
#279 = PCURVE('',#102,#280);
#280 = DEFINITIONAL_REPRESENTATION('',(#281),#285);
#281 = LINE('',#282,#283);
#282 = CARTESIAN_POINT('',(-898.0534682662,-180.9278721267));
#283 = VECTOR('',#284,1.);
#284 = DIRECTION('',(-0.679408031498,0.733760674018));
#285 = ( GEOMETRIC_REPRESENTATION_CONTEXT(2) 
PARAMETRIC_REPRESENTATION_CONTEXT() REPRESENTATION_CONTEXT('2D SPACE',''
  ) );
#286 = PCURVE('',#287,#292);
#287 = PLANE('',#288);
#288 = AXIS2_PLACEMENT_3D('',#289,#290,#291);
#289 = CARTESIAN_POINT('',(940.75466530449,-410.,132.21444591206));
#290 = DIRECTION('',(-0.726619765578,-0.679408031498,-0.102119748366));
#291 = DIRECTION('',(-0.672796079239,0.733760674018,-9.455532256079E-02)
  );
#292 = DEFINITIONAL_REPRESENTATION('',(#293),#297);
#293 = LINE('',#294,#295);
#294 = CARTESIAN_POINT('',(-2.107395917732E-14,-65.));
#295 = VECTOR('',#296,1.);
#296 = DIRECTION('',(-1.,-4.697127235873E-18));
#297 = ( GEOMETRIC_REPRESENTATION_CONTEXT(2) 
PARAMETRIC_REPRESENTATION_CONTEXT() REPRESENTATION_CONTEXT('2D SPACE',''
  ) );
#298 = ORIENTED_EDGE('',*,*,#299,.T.);
#299 = EDGE_CURVE('',#272,#300,#302,.T.);
#300 = VERTEX_POINT('',#301);
#301 = CARTESIAN_POINT('',(832.68160686793,-830.,182.66456028425));
#302 = SURFACE_CURVE('',#303,(#307,#314),.PCURVE_S1.);
#303 = LINE('',#304,#305);
#304 = CARTESIAN_POINT('',(1.179275430927E+03,-680.,231.37514562028));
#305 = VECTOR('',#306,1.);
#306 = DIRECTION('',(-0.910199973769,-0.393919298579,-0.12792026406));
#307 = PCURVE('',#102,#308);
#308 = DEFINITIONAL_REPRESENTATION('',(#309),#313);
#309 = LINE('',#310,#311);
#310 = CARTESIAN_POINT('',(-1.148053468266E+03,89.072127873289));
#311 = VECTOR('',#312,1.);
#312 = DIRECTION('',(0.919145030018,0.393919298579));
#313 = ( GEOMETRIC_REPRESENTATION_CONTEXT(2) 
PARAMETRIC_REPRESENTATION_CONTEXT() REPRESENTATION_CONTEXT('2D SPACE',''
  ) );
#314 = PCURVE('',#315,#320);
#315 = PLANE('',#316);
#316 = AXIS2_PLACEMENT_3D('',#317,#318,#319);
#317 = CARTESIAN_POINT('',(1.18832168249E+03,-680.,167.00772115207));
#318 = DIRECTION('',(-0.390085703044,0.919145030018,-5.482297031128E-02)
  );
#319 = DIRECTION('',(0.910199973769,0.393919298579,0.12792026406));
#320 = DEFINITIONAL_REPRESENTATION('',(#321),#325);
#321 = LINE('',#322,#323);
#322 = CARTESIAN_POINT('',(2.668638831821E-14,-65.));
#323 = VECTOR('',#324,1.);
#324 = DIRECTION('',(-1.,-2.117606024358E-17));
#325 = ( GEOMETRIC_REPRESENTATION_CONTEXT(2) 
PARAMETRIC_REPRESENTATION_CONTEXT() REPRESENTATION_CONTEXT('2D SPACE',''
  ) );
#326 = ORIENTED_EDGE('',*,*,#327,.T.);
#327 = EDGE_CURVE('',#300,#172,#328,.T.);
#328 = SURFACE_CURVE('',#329,(#333,#340),.PCURVE_S1.);
#329 = LINE('',#330,#331);
#330 = CARTESIAN_POINT('',(832.68160686793,-830.,182.66456028425));
#331 = VECTOR('',#332,1.);
#332 = DIRECTION('',(-0.988862684931,-5.325764291615E-02,-0.138975587146
    ));
#333 = PCURVE('',#102,#334);
#334 = DEFINITIONAL_REPRESENTATION('',(#335),#339);
#335 = LINE('',#336,#337);
#336 = CARTESIAN_POINT('',(-798.0534682662,239.07212787328));
#337 = VECTOR('',#338,1.);
#338 = DIRECTION('',(0.998580804678,5.325764291615E-02));
#339 = ( GEOMETRIC_REPRESENTATION_CONTEXT(2) 
PARAMETRIC_REPRESENTATION_CONTEXT() REPRESENTATION_CONTEXT('2D SPACE',''
  ) );
#340 = PCURVE('',#189,#341);
#341 = DEFINITIONAL_REPRESENTATION('',(#342),#346);
#342 = LINE('',#343,#344);
#343 = CARTESIAN_POINT('',(3.117835585235E-14,-65.));
#344 = VECTOR('',#345,1.);
#345 = DIRECTION('',(-1.,-8.611742524892E-19));
#346 = ( GEOMETRIC_REPRESENTATION_CONTEXT(2) 
PARAMETRIC_REPRESENTATION_CONTEXT() REPRESENTATION_CONTEXT('2D SPACE',''
  ) );
#347 = ORIENTED_EDGE('',*,*,#201,.T.);
#348 = FACE_BOUND('',#349,.F.);
#349 = EDGE_LOOP('',(#350,#385,#422,#451,#477,#511,#537));
#350 = ORIENTED_EDGE('',*,*,#351,.T.);
#351 = EDGE_CURVE('',#352,#354,#356,.T.);
#352 = VERTEX_POINT('',#353);
#353 = CARTESIAN_POINT('',(-467.0442747313,-620.,0.));
#354 = VERTEX_POINT('',#355);
#355 = CARTESIAN_POINT('',(-650.,-624.8935143798,-25.71275034284));
#356 = SURFACE_CURVE('',#357,(#362,#369),.PCURVE_S1.);
#357 = ELLIPSE('',#358,502.97075740294,70.);
#358 = AXIS2_PLACEMENT_3D('',#359,#360,#361);
#359 = CARTESIAN_POINT('',(-467.0442747313,-690.,0.));
#360 = DIRECTION('',(-0.13917310096,0.,0.990268068742));
#361 = DIRECTION('',(-0.990268068742,0.,-0.13917310096));
#362 = PCURVE('',#102,#363);
#363 = DEFINITIONAL_REPRESENTATION('',(#364),#368);
#364 = ELLIPSE('',#365,502.97075740294,70.);
#365 = AXIS2_PLACEMENT_2D('',#366,#367);
#366 = CARTESIAN_POINT('',(514.44556368869,99.072127873289));
#367 = DIRECTION('',(1.,-0.));
#368 = ( GEOMETRIC_REPRESENTATION_CONTEXT(2) 
PARAMETRIC_REPRESENTATION_CONTEXT() REPRESENTATION_CONTEXT('2D SPACE',''
  ) );
#369 = PCURVE('',#370,#375);
#370 = CYLINDRICAL_SURFACE('',#371,70.);
#371 = AXIS2_PLACEMENT_3D('',#372,#373,#374);
#372 = CARTESIAN_POINT('',(-650.,-690.,0.));
#373 = DIRECTION('',(1.,0.,0.));
#374 = DIRECTION('',(0.,1.,0.));
#375 = DEFINITIONAL_REPRESENTATION('',(#376),#384);
#376 = B_SPLINE_CURVE_WITH_KNOTS('',6,(#377,#378,#379,#380,#381,#382,
    #383),.UNSPECIFIED.,.F.,.F.,(7,7),(4.712388980385,5.088520310869),
  .PIECEWISE_BEZIER_KNOTS.);
#377 = CARTESIAN_POINT('',(6.28318530718,182.95572526869));
#378 = CARTESIAN_POINT('',(6.220496752099,151.7320679954));
#379 = CARTESIAN_POINT('',(6.157808197018,120.50841132239));
#380 = CARTESIAN_POINT('',(6.095119641937,89.505618853449));
#381 = CARTESIAN_POINT('',(6.032431086857,58.94457450842));
#382 = CARTESIAN_POINT('',(5.969742531776,29.040893574752));
#383 = CARTESIAN_POINT('',(5.907053976695,-6.000000212225E-07));
#384 = ( GEOMETRIC_REPRESENTATION_CONTEXT(2) 
PARAMETRIC_REPRESENTATION_CONTEXT() REPRESENTATION_CONTEXT('2D SPACE',''
  ) );
#385 = ORIENTED_EDGE('',*,*,#386,.T.);
#386 = EDGE_CURVE('',#354,#387,#389,.T.);
#387 = VERTEX_POINT('',#388);
#388 = CARTESIAN_POINT('',(-650.,-755.1064856201,-25.71275034284));
#389 = SURFACE_CURVE('',#390,(#395,#402),.PCURVE_S1.);
#390 = ELLIPSE('',#391,502.97075740294,70.);
#391 = AXIS2_PLACEMENT_3D('',#392,#393,#394);
#392 = CARTESIAN_POINT('',(-467.0442747313,-690.,0.));
#393 = DIRECTION('',(-0.13917310096,0.,0.990268068742));
#394 = DIRECTION('',(0.990268068742,0.,0.13917310096));
#395 = PCURVE('',#102,#396);
#396 = DEFINITIONAL_REPRESENTATION('',(#397),#401);
#397 = ELLIPSE('',#398,502.97075740294,70.);
#398 = AXIS2_PLACEMENT_2D('',#399,#400);
#399 = CARTESIAN_POINT('',(514.44556368869,99.072127873289));
#400 = DIRECTION('',(-1.,0.));
#401 = ( GEOMETRIC_REPRESENTATION_CONTEXT(2) 
PARAMETRIC_REPRESENTATION_CONTEXT() REPRESENTATION_CONTEXT('2D SPACE',''
  ) );
#402 = PCURVE('',#370,#403);
#403 = DEFINITIONAL_REPRESENTATION('',(#404),#421);
#404 = B_SPLINE_CURVE_WITH_KNOTS('',8,(#405,#406,#407,#408,#409,#410,
    #411,#412,#413,#414,#415,#416,#417,#418,#419,#420),.UNSPECIFIED.,.F.
  ,.F.,(9,7,9),(1.946927654689,3.14159265359,4.336257652491),
  .UNSPECIFIED.);
#405 = CARTESIAN_POINT('',(5.907053979286,6.000001349094E-07));
#406 = CARTESIAN_POINT('',(5.757720854423,-69.17957252578));
#407 = CARTESIAN_POINT('',(5.608387729557,-133.6963100095));
#408 = CARTESIAN_POINT('',(5.459054604696,-191.1993691054));
#409 = CARTESIAN_POINT('',(5.309721479821,-239.5598171128));
#410 = CARTESIAN_POINT('',(5.160388354969,-277.0380522683));
#411 = CARTESIAN_POINT('',(5.011055230108,-302.4261167426));
#412 = CARTESIAN_POINT('',(4.861722105247,-315.1201552981));
#413 = CARTESIAN_POINT('',(4.563055855522,-315.1201552981));
#414 = CARTESIAN_POINT('',(4.41372273066,-302.4261167427));
#415 = CARTESIAN_POINT('',(4.264389605787,-277.0380522684));
#416 = CARTESIAN_POINT('',(4.115056480939,-239.5598171131));
#417 = CARTESIAN_POINT('',(3.965723356055,-191.1993691051));
#418 = CARTESIAN_POINT('',(3.81639023121,-133.6963100097));
#419 = CARTESIAN_POINT('',(3.667057106346,-69.17957252578));
#420 = CARTESIAN_POINT('',(3.517723981484,5.999997938488E-07));
#421 = ( GEOMETRIC_REPRESENTATION_CONTEXT(2) 
PARAMETRIC_REPRESENTATION_CONTEXT() REPRESENTATION_CONTEXT('2D SPACE',''
  ) );
#422 = ORIENTED_EDGE('',*,*,#423,.T.);
#423 = EDGE_CURVE('',#387,#424,#426,.T.);
#424 = VERTEX_POINT('',#425);
#425 = CARTESIAN_POINT('',(-250.,-753.0042172503,30.503583538112));
#426 = SURFACE_CURVE('',#427,(#432,#439),.PCURVE_S1.);
#427 = ELLIPSE('',#428,502.97075740294,70.);
#428 = AXIS2_PLACEMENT_3D('',#429,#430,#431);
#429 = CARTESIAN_POINT('',(-467.0442747313,-690.,0.));
#430 = DIRECTION('',(-0.13917310096,0.,0.990268068742));
#431 = DIRECTION('',(-0.990268068742,0.,-0.13917310096));
#432 = PCURVE('',#102,#433);
#433 = DEFINITIONAL_REPRESENTATION('',(#434),#438);
#434 = ELLIPSE('',#435,502.97075740294,70.);
#435 = AXIS2_PLACEMENT_2D('',#436,#437);
#436 = CARTESIAN_POINT('',(514.44556368869,99.072127873289));
#437 = DIRECTION('',(1.,-0.));
#438 = ( GEOMETRIC_REPRESENTATION_CONTEXT(2) 
PARAMETRIC_REPRESENTATION_CONTEXT() REPRESENTATION_CONTEXT('2D SPACE',''
  ) );
#439 = PCURVE('',#370,#440);
#440 = DEFINITIONAL_REPRESENTATION('',(#441),#450);
#441 = B_SPLINE_CURVE_WITH_KNOTS('',7,(#442,#443,#444,#445,#446,#447,
    #448,#449),.UNSPECIFIED.,.F.,.F.,(8,8),(1.194664996311,
    2.021684905403),.PIECEWISE_BEZIER_KNOTS.);
#442 = CARTESIAN_POINT('',(3.517723984074,-6.000000212225E-07));
#443 = CARTESIAN_POINT('',(3.399578282775,54.731789025802));
#444 = CARTESIAN_POINT('',(3.281432581476,112.44297746967));
#445 = CARTESIAN_POINT('',(3.163286880179,171.88574921777));
#446 = CARTESIAN_POINT('',(3.045141178879,231.71040226796));
#447 = CARTESIAN_POINT('',(2.92699547758,290.53644202257));
#448 = CARTESIAN_POINT('',(2.808849776281,347.03548361264));
#449 = CARTESIAN_POINT('',(2.690704074982,400.0000006));
#450 = ( GEOMETRIC_REPRESENTATION_CONTEXT(2) 
PARAMETRIC_REPRESENTATION_CONTEXT() REPRESENTATION_CONTEXT('2D SPACE',''
  ) );
#451 = ORIENTED_EDGE('',*,*,#452,.F.);
#452 = EDGE_CURVE('',#453,#424,#455,.T.);
#453 = VERTEX_POINT('',#454);
#454 = CARTESIAN_POINT('',(-250.,-633.716127389,30.503583538112));
#455 = SURFACE_CURVE('',#456,(#460,#466),.PCURVE_S1.);
#456 = LINE('',#457,#458);
#457 = CARTESIAN_POINT('',(-250.,-640.4639360633,30.503583538112));
#458 = VECTOR('',#459,1.);
#459 = DIRECTION('',(0.,-1.,0.));
#460 = PCURVE('',#102,#461);
#461 = DEFINITIONAL_REPRESENTATION('',(#462),#465);
#462 = B_SPLINE_CURVE_WITH_KNOTS('',1,(#463,#464),.UNSPECIFIED.,.F.,.F.,
  (2,2),(-20.46393606335,119.53606393664),.PIECEWISE_BEZIER_KNOTS.);
#463 = CARTESIAN_POINT('',(295.26827060771,29.072127873289));
#464 = CARTESIAN_POINT('',(295.26827060771,169.07212787328));
#465 = ( GEOMETRIC_REPRESENTATION_CONTEXT(2) 
PARAMETRIC_REPRESENTATION_CONTEXT() REPRESENTATION_CONTEXT('2D SPACE',''
  ) );
#466 = PCURVE('',#467,#472);
#467 = PLANE('',#468);
#468 = AXIS2_PLACEMENT_3D('',#469,#470,#471);
#469 = CARTESIAN_POINT('',(-250.,-690.,4.64387667192E-15));
#470 = DIRECTION('',(1.,0.,0.));
#471 = DIRECTION('',(-0.,0.,1.));
#472 = DEFINITIONAL_REPRESENTATION('',(#473),#476);
#473 = B_SPLINE_CURVE_WITH_KNOTS('',1,(#474,#475),.UNSPECIFIED.,.F.,.F.,
  (2,2),(-20.46393606335,119.53606393664),.PIECEWISE_BEZIER_KNOTS.);
#474 = CARTESIAN_POINT('',(30.503583538112,-70.));
#475 = CARTESIAN_POINT('',(30.503583538112,70.));
#476 = ( GEOMETRIC_REPRESENTATION_CONTEXT(2) 
PARAMETRIC_REPRESENTATION_CONTEXT() REPRESENTATION_CONTEXT('2D SPACE',''
  ) );
#477 = ORIENTED_EDGE('',*,*,#478,.T.);
#478 = EDGE_CURVE('',#453,#479,#481,.T.);
#479 = VERTEX_POINT('',#480);
#480 = CARTESIAN_POINT('',(-271.78210265,-592.8555833192,27.442308650096
    ));
#481 = SURFACE_CURVE('',#482,(#487,#494),.PCURVE_S1.);
#482 = ELLIPSE('',#483,431.90778623577,75.);
#483 = AXIS2_PLACEMENT_3D('',#484,#485,#486);
#484 = CARTESIAN_POINT('',(-670.4912218406,-620.,-28.59260376439));
#485 = DIRECTION('',(-0.13917310096,0.,0.990268068742));
#486 = DIRECTION('',(-0.990268068742,0.,-0.13917310096));
#487 = PCURVE('',#102,#488);
#488 = DEFINITIONAL_REPRESENTATION('',(#489),#493);
#489 = ELLIPSE('',#490,431.90778623577,75.);
#490 = AXIS2_PLACEMENT_2D('',#491,#492);
#491 = CARTESIAN_POINT('',(719.89190042442,29.072127873289));
#492 = DIRECTION('',(1.,-0.));
#493 = ( GEOMETRIC_REPRESENTATION_CONTEXT(2) 
PARAMETRIC_REPRESENTATION_CONTEXT() REPRESENTATION_CONTEXT('2D SPACE',''
  ) );
#494 = PCURVE('',#495,#500);
#495 = CYLINDRICAL_SURFACE('',#496,75.);
#496 = AXIS2_PLACEMENT_3D('',#497,#498,#499);
#497 = CARTESIAN_POINT('',(-293.3871880612,-620.,93.935924339391));
#498 = DIRECTION('',(-0.951056516295,0.,-0.309016994375));
#499 = DIRECTION('',(-0.,-1.,-0.));
#500 = DEFINITIONAL_REPRESENTATION('',(#501),#510);
#501 = B_SPLINE_CURVE_WITH_KNOTS('',7,(#502,#503,#504,#505,#506,#507,
    #508,#509),.UNSPECIFIED.,.F.,.F.,(8,8),(2.771259994221,
    3.511925312959),.PIECEWISE_BEZIER_KNOTS.);
#502 = CARTESIAN_POINT('',(5.082721639753,6.000001064876E-07));
#503 = CARTESIAN_POINT('',(4.976912308505,-16.28867282597));
#504 = CARTESIAN_POINT('',(4.871102977257,-27.39830104302));
#505 = CARTESIAN_POINT('',(4.765293646009,-33.03103841992));
#506 = CARTESIAN_POINT('',(4.659484314762,-33.0310384199));
#507 = CARTESIAN_POINT('',(4.553674983512,-27.39830104302));
#508 = CARTESIAN_POINT('',(4.447865652264,-16.28867282597));
#509 = CARTESIAN_POINT('',(4.342056321016,6.000001064876E-07));
#510 = ( GEOMETRIC_REPRESENTATION_CONTEXT(2) 
PARAMETRIC_REPRESENTATION_CONTEXT() REPRESENTATION_CONTEXT('2D SPACE',''
  ) );
#511 = ORIENTED_EDGE('',*,*,#512,.F.);
#512 = EDGE_CURVE('',#513,#479,#515,.T.);
#513 = VERTEX_POINT('',#514);
#514 = CARTESIAN_POINT('',(-271.78210265,-625.6034186004,27.442308650096
    ));
#515 = SURFACE_CURVE('',#516,(#520,#526),.PCURVE_S1.);
#516 = LINE('',#517,#518);
#517 = CARTESIAN_POINT('',(-271.78210265,-605.4639360633,27.442308650096
    ));
#518 = VECTOR('',#519,1.);
#519 = DIRECTION('',(0.,1.,0.));
#520 = PCURVE('',#102,#521);
#521 = DEFINITIONAL_REPRESENTATION('',(#522),#525);
#522 = B_SPLINE_CURVE_WITH_KNOTS('',1,(#523,#524),.UNSPECIFIED.,.F.,.F.,
  (2,2),(-89.53606393664,60.463936063356),.PIECEWISE_BEZIER_KNOTS.);
#523 = CARTESIAN_POINT('',(317.2644384512,104.07212787328));
#524 = CARTESIAN_POINT('',(317.2644384512,-45.92787212671));
#525 = ( GEOMETRIC_REPRESENTATION_CONTEXT(2) 
PARAMETRIC_REPRESENTATION_CONTEXT() REPRESENTATION_CONTEXT('2D SPACE',''
  ) );
#526 = PCURVE('',#527,#532);
#527 = PLANE('',#528);
#528 = AXIS2_PLACEMENT_3D('',#529,#530,#531);
#529 = CARTESIAN_POINT('',(-293.3871880612,-620.,93.935924339391));
#530 = DIRECTION('',(0.951056516295,-0.,0.309016994375));
#531 = DIRECTION('',(0.309016994375,0.,-0.951056516295));
#532 = DEFINITIONAL_REPRESENTATION('',(#533),#536);
#533 = B_SPLINE_CURVE_WITH_KNOTS('',1,(#534,#535),.UNSPECIFIED.,.F.,.F.,
  (2,2),(-89.53606393664,60.463936063356),.PIECEWISE_BEZIER_KNOTS.);
#534 = CARTESIAN_POINT('',(69.91552505031,-75.));
#535 = CARTESIAN_POINT('',(69.91552505031,75.));
#536 = ( GEOMETRIC_REPRESENTATION_CONTEXT(2) 
PARAMETRIC_REPRESENTATION_CONTEXT() REPRESENTATION_CONTEXT('2D SPACE',''
  ) );
#537 = ORIENTED_EDGE('',*,*,#538,.T.);
#538 = EDGE_CURVE('',#513,#352,#539,.T.);
#539 = SURFACE_CURVE('',#540,(#545,#552),.PCURVE_S1.);
#540 = ELLIPSE('',#541,502.97075740294,70.);
#541 = AXIS2_PLACEMENT_3D('',#542,#543,#544);
#542 = CARTESIAN_POINT('',(-467.0442747313,-690.,0.));
#543 = DIRECTION('',(-0.13917310096,0.,0.990268068742));
#544 = DIRECTION('',(-0.990268068742,0.,-0.13917310096));
#545 = PCURVE('',#102,#546);
#546 = DEFINITIONAL_REPRESENTATION('',(#547),#551);
#547 = ELLIPSE('',#548,502.97075740294,70.);
#548 = AXIS2_PLACEMENT_2D('',#549,#550);
#549 = CARTESIAN_POINT('',(514.44556368869,99.072127873289));
#550 = DIRECTION('',(1.,-0.));
#551 = ( GEOMETRIC_REPRESENTATION_CONTEXT(2) 
PARAMETRIC_REPRESENTATION_CONTEXT() REPRESENTATION_CONTEXT('2D SPACE',''
  ) );
#552 = PCURVE('',#370,#553);
#553 = DEFINITIONAL_REPRESENTATION('',(#554),#563);
#554 = B_SPLINE_CURVE_WITH_KNOTS('',7,(#555,#556,#557,#558,#559,#560,
    #561,#562),.UNSPECIFIED.,.F.,.F.,(8,8),(4.261500401777,
    4.712388980385),.PIECEWISE_BEZIER_KNOTS.);
#555 = CARTESIAN_POINT('',(0.450888578608,400.0000006));
#556 = CARTESIAN_POINT('',(0.386475924521,371.12391730558));
#557 = CARTESIAN_POINT('',(0.322063270434,341.19723371923));
#558 = CARTESIAN_POINT('',(0.257650616348,310.41563398782));
#559 = CARTESIAN_POINT('',(0.193237962261,278.98548130877));
#560 = CARTESIAN_POINT('',(0.128825308174,247.12050406996));
#561 = CARTESIAN_POINT('',(6.441265408687E-02,215.03811467266));
#562 = CARTESIAN_POINT('',(1.836970198721E-16,182.95572526869));
#563 = ( GEOMETRIC_REPRESENTATION_CONTEXT(2) 
PARAMETRIC_REPRESENTATION_CONTEXT() REPRESENTATION_CONTEXT('2D SPACE',''
  ) );
#564 = ADVANCED_FACE('',(#565),#130,.F.);
#565 = FACE_BOUND('',#566,.T.);
#566 = EDGE_LOOP('',(#567,#568,#591,#612));
#567 = ORIENTED_EDGE('',*,*,#248,.T.);
#568 = ORIENTED_EDGE('',*,*,#569,.F.);
#569 = EDGE_CURVE('',#570,#249,#572,.T.);
#570 = VERTEX_POINT('',#571);
#571 = CARTESIAN_POINT('',(949.80091686689,-410.,67.84702144386));
#572 = SURFACE_CURVE('',#573,(#577,#584),.PCURVE_S1.);
#573 = LINE('',#574,#575);
#574 = CARTESIAN_POINT('',(949.80091686689,-410.,67.84702144386));
#575 = VECTOR('',#576,1.);
#576 = DIRECTION('',(-0.13917310096,0.,0.990268068742));
#577 = PCURVE('',#130,#578);
#578 = DEFINITIONAL_REPRESENTATION('',(#579),#583);
#579 = LINE('',#580,#581);
#580 = CARTESIAN_POINT('',(-1.613722404876E+03,65.));
#581 = VECTOR('',#582,1.);
#582 = DIRECTION('',(-1.133465968569E-17,-1.));
#583 = ( GEOMETRIC_REPRESENTATION_CONTEXT(2) 
PARAMETRIC_REPRESENTATION_CONTEXT() REPRESENTATION_CONTEXT('2D SPACE',''
  ) );
#584 = PCURVE('',#287,#585);
#585 = DEFINITIONAL_REPRESENTATION('',(#586),#590);
#586 = LINE('',#587,#588);
#587 = CARTESIAN_POINT('',(2.107395917732E-14,65.));
#588 = VECTOR('',#589,1.);
#589 = DIRECTION('',(-4.697127235873E-18,-1.));
#590 = ( GEOMETRIC_REPRESENTATION_CONTEXT(2) 
PARAMETRIC_REPRESENTATION_CONTEXT() REPRESENTATION_CONTEXT('2D SPACE',''
  ) );
#591 = ORIENTED_EDGE('',*,*,#592,.F.);
#592 = EDGE_CURVE('',#115,#570,#593,.T.);
#593 = SURFACE_CURVE('',#594,(#598,#605),.PCURVE_S1.);
#594 = LINE('',#595,#596);
#595 = CARTESIAN_POINT('',(-634.6279931196,-200.,-154.8299400922));
#596 = VECTOR('',#597,1.);
#597 = DIRECTION('',(0.981847252786,-0.130133906157,0.137989632457));
#598 = PCURVE('',#130,#599);
#599 = DEFINITIONAL_REPRESENTATION('',(#600),#604);
#600 = LINE('',#601,#602);
#601 = CARTESIAN_POINT('',(3.141531676826E-14,65.));
#602 = VECTOR('',#603,1.);
#603 = DIRECTION('',(-1.,-1.133465968569E-17));
#604 = ( GEOMETRIC_REPRESENTATION_CONTEXT(2) 
PARAMETRIC_REPRESENTATION_CONTEXT() REPRESENTATION_CONTEXT('2D SPACE',''
  ) );
#605 = PCURVE('',#156,#606);
#606 = DEFINITIONAL_REPRESENTATION('',(#607),#611);
#607 = LINE('',#608,#609);
#608 = CARTESIAN_POINT('',(701.94653173371,-390.9278721267));
#609 = VECTOR('',#610,1.);
#610 = DIRECTION('',(-0.991496427865,0.130133906157));
#611 = ( GEOMETRIC_REPRESENTATION_CONTEXT(2) 
PARAMETRIC_REPRESENTATION_CONTEXT() REPRESENTATION_CONTEXT('2D SPACE',''
  ) );
#612 = ORIENTED_EDGE('',*,*,#114,.T.);
#613 = ADVANCED_FACE('',(#614),#156,.F.);
#614 = FACE_BOUND('',#615,.T.);
#615 = EDGE_LOOP('',(#616,#617,#618,#641,#664,#685));
#616 = ORIENTED_EDGE('',*,*,#142,.T.);
#617 = ORIENTED_EDGE('',*,*,#592,.T.);
#618 = ORIENTED_EDGE('',*,*,#619,.T.);
#619 = EDGE_CURVE('',#570,#620,#622,.T.);
#620 = VERTEX_POINT('',#621);
#621 = CARTESIAN_POINT('',(1.197367934052E+03,-680.,102.64029668387));
#622 = SURFACE_CURVE('',#623,(#627,#634),.PCURVE_S1.);
#623 = LINE('',#624,#625);
#624 = CARTESIAN_POINT('',(949.80091686689,-410.,67.84702144386));
#625 = VECTOR('',#626,1.);
#626 = DIRECTION('',(0.672796079239,-0.733760674018,9.455532256079E-02)
  );
#627 = PCURVE('',#156,#628);
#628 = DEFINITIONAL_REPRESENTATION('',(#629),#633);
#629 = LINE('',#630,#631);
#630 = CARTESIAN_POINT('',(-898.0534682662,-180.9278721267));
#631 = VECTOR('',#632,1.);
#632 = DIRECTION('',(-0.679408031498,0.733760674018));
#633 = ( GEOMETRIC_REPRESENTATION_CONTEXT(2) 
PARAMETRIC_REPRESENTATION_CONTEXT() REPRESENTATION_CONTEXT('2D SPACE',''
  ) );
#634 = PCURVE('',#287,#635);
#635 = DEFINITIONAL_REPRESENTATION('',(#636),#640);
#636 = LINE('',#637,#638);
#637 = CARTESIAN_POINT('',(2.107395917732E-14,65.));
#638 = VECTOR('',#639,1.);
#639 = DIRECTION('',(-1.,-4.697127235873E-18));
#640 = ( GEOMETRIC_REPRESENTATION_CONTEXT(2) 
PARAMETRIC_REPRESENTATION_CONTEXT() REPRESENTATION_CONTEXT('2D SPACE',''
  ) );
#641 = ORIENTED_EDGE('',*,*,#642,.T.);
#642 = EDGE_CURVE('',#620,#643,#645,.T.);
#643 = VERTEX_POINT('',#644);
#644 = CARTESIAN_POINT('',(850.77410999273,-830.,53.929711347854));
#645 = SURFACE_CURVE('',#646,(#650,#657),.PCURVE_S1.);
#646 = LINE('',#647,#648);
#647 = CARTESIAN_POINT('',(1.197367934052E+03,-680.,102.64029668387));
#648 = VECTOR('',#649,1.);
#649 = DIRECTION('',(-0.910199973769,-0.393919298579,-0.12792026406));
#650 = PCURVE('',#156,#651);
#651 = DEFINITIONAL_REPRESENTATION('',(#652),#656);
#652 = LINE('',#653,#654);
#653 = CARTESIAN_POINT('',(-1.148053468266E+03,89.072127873289));
#654 = VECTOR('',#655,1.);
#655 = DIRECTION('',(0.919145030018,0.393919298579));
#656 = ( GEOMETRIC_REPRESENTATION_CONTEXT(2) 
PARAMETRIC_REPRESENTATION_CONTEXT() REPRESENTATION_CONTEXT('2D SPACE',''
  ) );
#657 = PCURVE('',#315,#658);
#658 = DEFINITIONAL_REPRESENTATION('',(#659),#663);
#659 = LINE('',#660,#661);
#660 = CARTESIAN_POINT('',(-2.668638831821E-14,65.));
#661 = VECTOR('',#662,1.);
#662 = DIRECTION('',(-1.,-2.117606024358E-17));
#663 = ( GEOMETRIC_REPRESENTATION_CONTEXT(2) 
PARAMETRIC_REPRESENTATION_CONTEXT() REPRESENTATION_CONTEXT('2D SPACE',''
  ) );
#664 = ORIENTED_EDGE('',*,*,#665,.T.);
#665 = EDGE_CURVE('',#643,#174,#666,.T.);
#666 = SURFACE_CURVE('',#667,(#671,#678),.PCURVE_S1.);
#667 = LINE('',#668,#669);
#668 = CARTESIAN_POINT('',(850.77410999273,-830.,53.929711347854));
#669 = VECTOR('',#670,1.);
#670 = DIRECTION('',(-0.988862684931,-5.325764291615E-02,-0.138975587146
    ));
#671 = PCURVE('',#156,#672);
#672 = DEFINITIONAL_REPRESENTATION('',(#673),#677);
#673 = LINE('',#674,#675);
#674 = CARTESIAN_POINT('',(-798.0534682662,239.07212787328));
#675 = VECTOR('',#676,1.);
#676 = DIRECTION('',(0.998580804678,5.325764291615E-02));
#677 = ( GEOMETRIC_REPRESENTATION_CONTEXT(2) 
PARAMETRIC_REPRESENTATION_CONTEXT() REPRESENTATION_CONTEXT('2D SPACE',''
  ) );
#678 = PCURVE('',#189,#679);
#679 = DEFINITIONAL_REPRESENTATION('',(#680),#684);
#680 = LINE('',#681,#682);
#681 = CARTESIAN_POINT('',(-3.117835585235E-14,65.));
#682 = VECTOR('',#683,1.);
#683 = DIRECTION('',(-1.,-8.611742524892E-19));
#684 = ( GEOMETRIC_REPRESENTATION_CONTEXT(2) 
PARAMETRIC_REPRESENTATION_CONTEXT() REPRESENTATION_CONTEXT('2D SPACE',''
  ) );
#685 = ORIENTED_EDGE('',*,*,#223,.T.);
#686 = ADVANCED_FACE('',(#687),#189,.F.);
#687 = FACE_BOUND('',#688,.T.);
#688 = EDGE_LOOP('',(#689,#710,#711,#712));
#689 = ORIENTED_EDGE('',*,*,#690,.F.);
#690 = EDGE_CURVE('',#300,#643,#691,.T.);
#691 = SURFACE_CURVE('',#692,(#696,#703),.PCURVE_S1.);
#692 = LINE('',#693,#694);
#693 = CARTESIAN_POINT('',(832.68160686793,-830.,182.66456028425));
#694 = VECTOR('',#695,1.);
#695 = DIRECTION('',(0.13917310096,-0.,-0.990268068742));
#696 = PCURVE('',#189,#697);
#697 = DEFINITIONAL_REPRESENTATION('',(#698),#702);
#698 = LINE('',#699,#700);
#699 = CARTESIAN_POINT('',(3.117835585235E-14,-65.));
#700 = VECTOR('',#701,1.);
#701 = DIRECTION('',(8.611742524892E-19,1.));
#702 = ( GEOMETRIC_REPRESENTATION_CONTEXT(2) 
PARAMETRIC_REPRESENTATION_CONTEXT() REPRESENTATION_CONTEXT('2D SPACE',''
  ) );
#703 = PCURVE('',#315,#704);
#704 = DEFINITIONAL_REPRESENTATION('',(#705),#709);
#705 = LINE('',#706,#707);
#706 = CARTESIAN_POINT('',(-380.7886552931,-65.));
#707 = VECTOR('',#708,1.);
#708 = DIRECTION('',(2.117606024358E-17,1.));
#709 = ( GEOMETRIC_REPRESENTATION_CONTEXT(2) 
PARAMETRIC_REPRESENTATION_CONTEXT() REPRESENTATION_CONTEXT('2D SPACE',''
  ) );
#710 = ORIENTED_EDGE('',*,*,#327,.T.);
#711 = ORIENTED_EDGE('',*,*,#171,.T.);
#712 = ORIENTED_EDGE('',*,*,#665,.F.);
#713 = ADVANCED_FACE('',(#714),#287,.F.);
#714 = FACE_BOUND('',#715,.T.);
#715 = EDGE_LOOP('',(#716,#717,#738,#739));
#716 = ORIENTED_EDGE('',*,*,#271,.T.);
#717 = ORIENTED_EDGE('',*,*,#718,.F.);
#718 = EDGE_CURVE('',#620,#272,#719,.T.);
#719 = SURFACE_CURVE('',#720,(#724,#731),.PCURVE_S1.);
#720 = LINE('',#721,#722);
#721 = CARTESIAN_POINT('',(1.197367934052E+03,-680.,102.64029668387));
#722 = VECTOR('',#723,1.);
#723 = DIRECTION('',(-0.13917310096,0.,0.990268068742));
#724 = PCURVE('',#287,#725);
#725 = DEFINITIONAL_REPRESENTATION('',(#726),#730);
#726 = LINE('',#727,#728);
#727 = CARTESIAN_POINT('',(-367.9673898594,65.));
#728 = VECTOR('',#729,1.);
#729 = DIRECTION('',(-4.697127235873E-18,-1.));
#730 = ( GEOMETRIC_REPRESENTATION_CONTEXT(2) 
PARAMETRIC_REPRESENTATION_CONTEXT() REPRESENTATION_CONTEXT('2D SPACE',''
  ) );
#731 = PCURVE('',#315,#732);
#732 = DEFINITIONAL_REPRESENTATION('',(#733),#737);
#733 = LINE('',#734,#735);
#734 = CARTESIAN_POINT('',(-2.668638831821E-14,65.));
#735 = VECTOR('',#736,1.);
#736 = DIRECTION('',(-2.117606024358E-17,-1.));
#737 = ( GEOMETRIC_REPRESENTATION_CONTEXT(2) 
PARAMETRIC_REPRESENTATION_CONTEXT() REPRESENTATION_CONTEXT('2D SPACE',''
  ) );
#738 = ORIENTED_EDGE('',*,*,#619,.F.);
#739 = ORIENTED_EDGE('',*,*,#569,.T.);
#740 = ADVANCED_FACE('',(#741),#315,.F.);
#741 = FACE_BOUND('',#742,.T.);
#742 = EDGE_LOOP('',(#743,#744,#745,#746));
#743 = ORIENTED_EDGE('',*,*,#299,.T.);
#744 = ORIENTED_EDGE('',*,*,#690,.T.);
#745 = ORIENTED_EDGE('',*,*,#642,.F.);
#746 = ORIENTED_EDGE('',*,*,#718,.T.);
#747 = ADVANCED_FACE('',(#748),#370,.T.);
#748 = FACE_BOUND('',#749,.T.);
#749 = EDGE_LOOP('',(#750,#751,#752,#753,#777,#845,#878,#879,#902,#929)
  );
#750 = ORIENTED_EDGE('',*,*,#351,.T.);
#751 = ORIENTED_EDGE('',*,*,#386,.T.);
#752 = ORIENTED_EDGE('',*,*,#423,.T.);
#753 = ORIENTED_EDGE('',*,*,#754,.F.);
#754 = EDGE_CURVE('',#755,#424,#757,.T.);
#755 = VERTEX_POINT('',#756);
#756 = CARTESIAN_POINT('',(-250.,-685.6291582788,69.863407751474));
#757 = SURFACE_CURVE('',#758,(#763,#770),.PCURVE_S1.);
#758 = CIRCLE('',#759,70.);
#759 = AXIS2_PLACEMENT_3D('',#760,#761,#762);
#760 = CARTESIAN_POINT('',(-250.,-690.,0.));
#761 = DIRECTION('',(1.,0.,0.));
#762 = DIRECTION('',(0.,1.,0.));
#763 = PCURVE('',#370,#764);
#764 = DEFINITIONAL_REPRESENTATION('',(#765),#769);
#765 = LINE('',#766,#767);
#766 = CARTESIAN_POINT('',(-0.,400.));
#767 = VECTOR('',#768,1.);
#768 = DIRECTION('',(1.,-0.));
#769 = ( GEOMETRIC_REPRESENTATION_CONTEXT(2) 
PARAMETRIC_REPRESENTATION_CONTEXT() REPRESENTATION_CONTEXT('2D SPACE',''
  ) );
#770 = PCURVE('',#467,#771);
#771 = DEFINITIONAL_REPRESENTATION('',(#772),#776);
#772 = CIRCLE('',#773,70.);
#773 = AXIS2_PLACEMENT_2D('',#774,#775);
#774 = CARTESIAN_POINT('',(-4.64387667192E-15,0.));
#775 = DIRECTION('',(0.,-1.));
#776 = ( GEOMETRIC_REPRESENTATION_CONTEXT(2) 
PARAMETRIC_REPRESENTATION_CONTEXT() REPRESENTATION_CONTEXT('2D SPACE',''
  ) );
#777 = ORIENTED_EDGE('',*,*,#778,.T.);
#778 = EDGE_CURVE('',#755,#779,#781,.T.);
#779 = VERTEX_POINT('',#780);
#780 = CARTESIAN_POINT('',(-285.6089541364,-690.6500255417,
    69.996981840613));
#781 = SURFACE_CURVE('',#782,(#801,#823),.PCURVE_S1.);
#782 = B_SPLINE_CURVE_WITH_KNOTS('',5,(#783,#784,#785,#786,#787,#788,
    #789,#790,#791,#792,#793,#794,#795,#796,#797,#798,#799,#800),
  .UNSPECIFIED.,.F.,.F.,(6,4,4,4,6),(0.,0.221777193775,0.438697130549,
    0.655893557841,1.),.UNSPECIFIED.);
#783 = CARTESIAN_POINT('',(-249.9999994,-685.6291581728,69.86340774484)
  );
#784 = CARTESIAN_POINT('',(-251.5775044963,-685.9079738665,
    69.880851201088));
#785 = CARTESIAN_POINT('',(-253.1553741224,-686.1795593178,
    69.896446168444));
#786 = CARTESIAN_POINT('',(-254.7334214435,-686.4441855564,
    69.910355400228));
#787 = CARTESIAN_POINT('',(-256.3116305473,-686.702114721,
    69.922723899851));
#788 = CARTESIAN_POINT('',(-259.4341102293,-687.1995774864,
    69.944394010197));
#789 = CARTESIAN_POINT('',(-260.9783362354,-687.4393852631,
    69.953756943886));
#790 = CARTESIAN_POINT('',(-262.5227135958,-687.6732183577,
    69.961885255114));
#791 = CARTESIAN_POINT('',(-264.0672320318,-687.9012640287,
    69.968884666474));
#792 = CARTESIAN_POINT('',(-267.1587206542,-688.3464231439,
    69.980821115733));
#793 = CARTESIAN_POINT('',(-268.7056253228,-688.5635129981,
    69.985755517555));
#794 = CARTESIAN_POINT('',(-270.2526973543,-688.7751356357,
    69.989746226887));
#795 = CARTESIAN_POINT('',(-271.7999293702,-688.9814372928,
    69.992878068542));
#796 = CARTESIAN_POINT('',(-275.7988536187,-689.5011650078,
    69.998947816706));
#797 = CARTESIAN_POINT('',(-278.2509719094,-689.8067756736,
    70.000703774207));
#798 = CARTESIAN_POINT('',(-280.7033126578,-690.0998445294,
    70.000796592085));
#799 = CARTESIAN_POINT('',(-283.1558627804,-690.3807989318,
    69.999482008292));
#800 = CARTESIAN_POINT('',(-285.6089547671,-690.6500256109,
    69.99698183997));
#801 = PCURVE('',#370,#802);
#802 = DEFINITIONAL_REPRESENTATION('',(#803),#822);
#803 = B_SPLINE_CURVE_WITH_KNOTS('',5,(#804,#805,#806,#807,#808,#809,
    #810,#811,#812,#813,#814,#815,#816,#817,#818,#819,#820,#821),
  .UNSPECIFIED.,.F.,.F.,(6,4,4,4,6),(0.,0.221777193775,0.438697130549,
    0.655893557841,1.),.UNSPECIFIED.);
#804 = CARTESIAN_POINT('',(1.508315083718,400.0000006));
#805 = CARTESIAN_POINT('',(1.512305952511,398.42249550368));
#806 = CARTESIAN_POINT('',(1.516192085622,396.84462587754));
#807 = CARTESIAN_POINT('',(1.519977621635,395.26657855645));
#808 = CARTESIAN_POINT('',(1.523666523428,393.68836945262));
#809 = CARTESIAN_POINT('',(1.530779873863,390.56588977062));
#810 = CARTESIAN_POINT('',(1.53420827503,389.02166376459));
#811 = CARTESIAN_POINT('',(1.537550726019,387.47728640412));
#812 = CARTESIAN_POINT('',(1.540810031494,385.93276796814));
#813 = CARTESIAN_POINT('',(1.547171733176,382.84127934579));
#814 = CARTESIAN_POINT('',(1.550273792339,381.29437467719));
#815 = CARTESIAN_POINT('',(1.55329748122,379.74730264564));
#816 = CARTESIAN_POINT('',(1.556244969616,378.20007062971));
#817 = CARTESIAN_POINT('',(1.563670157576,374.20114638128));
#818 = CARTESIAN_POINT('',(1.568036019549,371.74902809058));
#819 = CARTESIAN_POINT('',(1.572222643601,369.29668734216));
#820 = CARTESIAN_POINT('',(1.576236279161,366.84413721951));
#821 = CARTESIAN_POINT('',(1.580082540415,364.39104523289));
#822 = ( GEOMETRIC_REPRESENTATION_CONTEXT(2) 
PARAMETRIC_REPRESENTATION_CONTEXT() REPRESENTATION_CONTEXT('2D SPACE',''
  ) );
#823 = PCURVE('',#495,#824);
#824 = DEFINITIONAL_REPRESENTATION('',(#825),#844);
#825 = B_SPLINE_CURVE_WITH_KNOTS('',5,(#826,#827,#828,#829,#830,#831,
    #832,#833,#834,#835,#836,#837,#838,#839,#840,#841,#842,#843),
  .UNSPECIFIED.,.F.,.F.,(6,4,4,4,6),(0.,0.221777193775,0.438697130549,
    0.655893557841,1.),.UNSPECIFIED.);
#826 = CARTESIAN_POINT('',(5.777939329881,-33.82485177494));
#827 = CARTESIAN_POINT('',(5.785619842785,-32.32994559802));
#828 = CARTESIAN_POINT('',(5.793234498919,-30.83412151816));
#829 = CARTESIAN_POINT('',(5.800787116473,-29.33760751941));
#830 = CARTESIAN_POINT('',(5.808281796388,-27.84046354372));
#831 = CARTESIAN_POINT('',(5.823001076384,-24.87750532752));
#832 = CARTESIAN_POINT('',(5.830227856949,-23.41175242748));
#833 = CARTESIAN_POINT('',(5.837406119967,-21.94547406149));
#834 = CARTESIAN_POINT('',(5.844538891684,-20.47871267548));
#835 = CARTESIAN_POINT('',(5.858728883334,-17.54222084181));
#836 = CARTESIAN_POINT('',(5.865785698124,-16.07255189067));
#837 = CARTESIAN_POINT('',(5.872802521211,-14.60243215089));
#838 = CARTESIAN_POINT('',(5.879781814769,-13.13189485222));
#839 = CARTESIAN_POINT('',(5.897727211315,-9.330567542911));
#840 = CARTESIAN_POINT('',(5.908640869674,-6.999007084522));
#841 = CARTESIAN_POINT('',(5.919474119106,-4.666721117865));
#842 = CARTESIAN_POINT('',(5.930234610044,-2.333801113443));
#843 = CARTESIAN_POINT('',(5.940930562448,5.999999999062E-07));
#844 = ( GEOMETRIC_REPRESENTATION_CONTEXT(2) 
PARAMETRIC_REPRESENTATION_CONTEXT() REPRESENTATION_CONTEXT('2D SPACE',''
  ) );
#845 = ORIENTED_EDGE('',*,*,#846,.F.);
#846 = EDGE_CURVE('',#513,#779,#847,.T.);
#847 = SURFACE_CURVE('',#848,(#853,#871),.PCURVE_S1.);
#848 = ELLIPSE('',#849,73.602355696679,70.);
#849 = AXIS2_PLACEMENT_3D('',#850,#851,#852);
#850 = CARTESIAN_POINT('',(-262.8655560595,-690.,0.));
#851 = DIRECTION('',(0.951056516295,-0.,0.309016994375));
#852 = DIRECTION('',(0.309016994375,0.,-0.951056516295));
#853 = PCURVE('',#370,#854);
#854 = DEFINITIONAL_REPRESENTATION('',(#855),#870);
#855 = B_SPLINE_CURVE_WITH_KNOTS('',7,(#856,#857,#858,#859,#860,#861,
    #862,#863,#864,#865,#866,#867,#868,#869),.UNSPECIFIED.,.F.,.F.,(8,6,
    8),(1.690234927872,2.560789641449,3.431344355026),.UNSPECIFIED.);
#856 = CARTESIAN_POINT('',(0.119438601077,384.42434143246));
#857 = CARTESIAN_POINT('',(0.24380356016,381.61588956357));
#858 = CARTESIAN_POINT('',(0.368168519242,378.85634005473));
#859 = CARTESIAN_POINT('',(0.492533478324,376.21663940933));
#860 = CARTESIAN_POINT('',(0.616898437407,373.76588644196));
#861 = CARTESIAN_POINT('',(0.741263396489,371.56683115316));
#862 = CARTESIAN_POINT('',(0.865628355572,369.67167787681));
#863 = CARTESIAN_POINT('',(1.114358273736,366.56759388456));
#864 = CARTESIAN_POINT('',(1.238723232819,365.35866328985));
#865 = CARTESIAN_POINT('',(1.363088191902,364.53204980703));
#866 = CARTESIAN_POINT('',(1.487453150983,364.11396863432));
#867 = CARTESIAN_POINT('',(1.611818110066,364.11512447952));
#868 = CARTESIAN_POINT('',(1.736183069149,364.52999560573));
#869 = CARTESIAN_POINT('',(1.860548028231,365.33816810027));
#870 = ( GEOMETRIC_REPRESENTATION_CONTEXT(2) 
PARAMETRIC_REPRESENTATION_CONTEXT() REPRESENTATION_CONTEXT('2D SPACE',''
  ) );
#871 = PCURVE('',#527,#872);
#872 = DEFINITIONAL_REPRESENTATION('',(#873),#877);
#873 = ELLIPSE('',#874,73.602355696679,70.);
#874 = AXIS2_PLACEMENT_2D('',#875,#876);
#875 = CARTESIAN_POINT('',(98.770075941773,-70.));
#876 = DIRECTION('',(1.,-0.));
#877 = ( GEOMETRIC_REPRESENTATION_CONTEXT(2) 
PARAMETRIC_REPRESENTATION_CONTEXT() REPRESENTATION_CONTEXT('2D SPACE',''
  ) );
#878 = ORIENTED_EDGE('',*,*,#538,.T.);
#879 = ORIENTED_EDGE('',*,*,#880,.T.);
#880 = EDGE_CURVE('',#352,#881,#883,.T.);
#881 = VERTEX_POINT('',#882);
#882 = CARTESIAN_POINT('',(-1.05E+03,-620.,0.));
#883 = SEAM_CURVE('',#884,(#888,#895),.PCURVE_S1.);
#884 = LINE('',#885,#886);
#885 = CARTESIAN_POINT('',(-467.0442747313,-620.,0.));
#886 = VECTOR('',#887,1.);
#887 = DIRECTION('',(-1.,0.,0.));
#888 = PCURVE('',#370,#889);
#889 = DEFINITIONAL_REPRESENTATION('',(#890),#894);
#890 = LINE('',#891,#892);
#891 = CARTESIAN_POINT('',(6.28318530718,182.95572526869));
#892 = VECTOR('',#893,1.);
#893 = DIRECTION('',(0.,-1.));
#894 = ( GEOMETRIC_REPRESENTATION_CONTEXT(2) 
PARAMETRIC_REPRESENTATION_CONTEXT() REPRESENTATION_CONTEXT('2D SPACE',''
  ) );
#895 = PCURVE('',#370,#896);
#896 = DEFINITIONAL_REPRESENTATION('',(#897),#901);
#897 = LINE('',#898,#899);
#898 = CARTESIAN_POINT('',(0.,182.95572526869));
#899 = VECTOR('',#900,1.);
#900 = DIRECTION('',(0.,-1.));
#901 = ( GEOMETRIC_REPRESENTATION_CONTEXT(2) 
PARAMETRIC_REPRESENTATION_CONTEXT() REPRESENTATION_CONTEXT('2D SPACE',''
  ) );
#902 = ORIENTED_EDGE('',*,*,#903,.T.);
#903 = EDGE_CURVE('',#881,#881,#904,.T.);
#904 = SURFACE_CURVE('',#905,(#910,#917),.PCURVE_S1.);
#905 = CIRCLE('',#906,70.);
#906 = AXIS2_PLACEMENT_3D('',#907,#908,#909);
#907 = CARTESIAN_POINT('',(-1.05E+03,-690.,0.));
#908 = DIRECTION('',(1.,0.,0.));
#909 = DIRECTION('',(0.,1.,0.));
#910 = PCURVE('',#370,#911);
#911 = DEFINITIONAL_REPRESENTATION('',(#912),#916);
#912 = LINE('',#913,#914);
#913 = CARTESIAN_POINT('',(0.,-400.));
#914 = VECTOR('',#915,1.);
#915 = DIRECTION('',(1.,0.));
#916 = ( GEOMETRIC_REPRESENTATION_CONTEXT(2) 
PARAMETRIC_REPRESENTATION_CONTEXT() REPRESENTATION_CONTEXT('2D SPACE',''
  ) );
#917 = PCURVE('',#918,#923);
#918 = PLANE('',#919);
#919 = AXIS2_PLACEMENT_3D('',#920,#921,#922);
#920 = CARTESIAN_POINT('',(-1.05E+03,-690.,4.64387667192E-15));
#921 = DIRECTION('',(1.,0.,0.));
#922 = DIRECTION('',(-0.,0.,1.));
#923 = DEFINITIONAL_REPRESENTATION('',(#924),#928);
#924 = CIRCLE('',#925,70.);
#925 = AXIS2_PLACEMENT_2D('',#926,#927);
#926 = CARTESIAN_POINT('',(-4.64387667192E-15,0.));
#927 = DIRECTION('',(0.,-1.));
#928 = ( GEOMETRIC_REPRESENTATION_CONTEXT(2) 
PARAMETRIC_REPRESENTATION_CONTEXT() REPRESENTATION_CONTEXT('2D SPACE',''
  ) );
#929 = ORIENTED_EDGE('',*,*,#880,.F.);
#930 = ADVANCED_FACE('',(#931),#527,.F.);
#931 = FACE_BOUND('',#932,.T.);
#932 = EDGE_LOOP('',(#933,#961,#987,#988));
#933 = ORIENTED_EDGE('',*,*,#934,.T.);
#934 = EDGE_CURVE('',#779,#935,#937,.T.);
#935 = VERTEX_POINT('',#936);
#936 = CARTESIAN_POINT('',(-293.3871880612,-695.,93.935924339391));
#937 = SURFACE_CURVE('',#938,(#943,#954),.PCURVE_S1.);
#938 = CIRCLE('',#939,75.);
#939 = AXIS2_PLACEMENT_3D('',#940,#941,#942);
#940 = CARTESIAN_POINT('',(-293.3871880612,-620.,93.935924339391));
#941 = DIRECTION('',(-0.951056516295,0.,-0.309016994375));
#942 = DIRECTION('',(-0.,-1.,-0.));
#943 = PCURVE('',#527,#944);
#944 = DEFINITIONAL_REPRESENTATION('',(#945),#953);
#945 = ( BOUNDED_CURVE() B_SPLINE_CURVE(2,(#946,#947,#948,#949,#950,#951
,#952),.UNSPECIFIED.,.T.,.F.) B_SPLINE_CURVE_WITH_KNOTS((1,2,2,2,2,1),(
    -2.094395102393,0.,2.094395102393,4.188790204786,6.28318530718,
8.377580409573),.UNSPECIFIED.) CURVE() GEOMETRIC_REPRESENTATION_ITEM() 
RATIONAL_B_SPLINE_CURVE((1.,0.5,1.,0.5,1.,0.5,1.)) REPRESENTATION_ITEM(
  '') );
#946 = CARTESIAN_POINT('',(0.,-75.));
#947 = CARTESIAN_POINT('',(-129.9038105676,-75.));
#948 = CARTESIAN_POINT('',(-64.95190528383,37.5));
#949 = CARTESIAN_POINT('',(-1.836970198721E-14,150.));
#950 = CARTESIAN_POINT('',(64.951905283833,37.5));
#951 = CARTESIAN_POINT('',(129.90381056766,-75.));
#952 = CARTESIAN_POINT('',(0.,-75.));
#953 = ( GEOMETRIC_REPRESENTATION_CONTEXT(2) 
PARAMETRIC_REPRESENTATION_CONTEXT() REPRESENTATION_CONTEXT('2D SPACE',''
  ) );
#954 = PCURVE('',#495,#955);
#955 = DEFINITIONAL_REPRESENTATION('',(#956),#960);
#956 = LINE('',#957,#958);
#957 = CARTESIAN_POINT('',(0.,0.));
#958 = VECTOR('',#959,1.);
#959 = DIRECTION('',(1.,0.));
#960 = ( GEOMETRIC_REPRESENTATION_CONTEXT(2) 
PARAMETRIC_REPRESENTATION_CONTEXT() REPRESENTATION_CONTEXT('2D SPACE',''
  ) );
#961 = ORIENTED_EDGE('',*,*,#962,.T.);
#962 = EDGE_CURVE('',#935,#479,#963,.T.);
#963 = SURFACE_CURVE('',#964,(#969,#980),.PCURVE_S1.);
#964 = CIRCLE('',#965,75.);
#965 = AXIS2_PLACEMENT_3D('',#966,#967,#968);
#966 = CARTESIAN_POINT('',(-293.3871880612,-620.,93.935924339391));
#967 = DIRECTION('',(-0.951056516295,0.,-0.309016994375));
#968 = DIRECTION('',(-0.,-1.,-0.));
#969 = PCURVE('',#527,#970);
#970 = DEFINITIONAL_REPRESENTATION('',(#971),#979);
#971 = ( BOUNDED_CURVE() B_SPLINE_CURVE(2,(#972,#973,#974,#975,#976,#977
,#978),.UNSPECIFIED.,.T.,.F.) B_SPLINE_CURVE_WITH_KNOTS((1,2,2,2,2,1),(
    -2.094395102393,0.,2.094395102393,4.188790204786,6.28318530718,
8.377580409573),.UNSPECIFIED.) CURVE() GEOMETRIC_REPRESENTATION_ITEM() 
RATIONAL_B_SPLINE_CURVE((1.,0.5,1.,0.5,1.,0.5,1.)) REPRESENTATION_ITEM(
  '') );
#972 = CARTESIAN_POINT('',(0.,-75.));
#973 = CARTESIAN_POINT('',(-129.9038105676,-75.));
#974 = CARTESIAN_POINT('',(-64.95190528383,37.5));
#975 = CARTESIAN_POINT('',(-1.836970198721E-14,150.));
#976 = CARTESIAN_POINT('',(64.951905283833,37.5));
#977 = CARTESIAN_POINT('',(129.90381056766,-75.));
#978 = CARTESIAN_POINT('',(0.,-75.));
#979 = ( GEOMETRIC_REPRESENTATION_CONTEXT(2) 
PARAMETRIC_REPRESENTATION_CONTEXT() REPRESENTATION_CONTEXT('2D SPACE',''
  ) );
#980 = PCURVE('',#495,#981);
#981 = DEFINITIONAL_REPRESENTATION('',(#982),#986);
#982 = LINE('',#983,#984);
#983 = CARTESIAN_POINT('',(0.,0.));
#984 = VECTOR('',#985,1.);
#985 = DIRECTION('',(1.,0.));
#986 = ( GEOMETRIC_REPRESENTATION_CONTEXT(2) 
PARAMETRIC_REPRESENTATION_CONTEXT() REPRESENTATION_CONTEXT('2D SPACE',''
  ) );
#987 = ORIENTED_EDGE('',*,*,#512,.F.);
#988 = ORIENTED_EDGE('',*,*,#846,.T.);
#989 = ADVANCED_FACE('',(#990),#495,.T.);
#990 = FACE_BOUND('',#991,.T.);
#991 = EDGE_LOOP('',(#992,#993,#1016,#1047,#1048,#1049,#1050,#1078));
#992 = ORIENTED_EDGE('',*,*,#962,.F.);
#993 = ORIENTED_EDGE('',*,*,#994,.T.);
#994 = EDGE_CURVE('',#935,#995,#997,.T.);
#995 = VERTEX_POINT('',#996);
#996 = CARTESIAN_POINT('',(296.26785204171,-695.,285.52646085185));
#997 = SEAM_CURVE('',#998,(#1002,#1009),.PCURVE_S1.);
#998 = LINE('',#999,#1000);
#999 = CARTESIAN_POINT('',(-293.3871880612,-695.,93.935924339391));
#1000 = VECTOR('',#1001,1.);
#1001 = DIRECTION('',(0.951056516295,-0.,0.309016994375));
#1002 = PCURVE('',#495,#1003);
#1003 = DEFINITIONAL_REPRESENTATION('',(#1004),#1008);
#1004 = LINE('',#1005,#1006);
#1005 = CARTESIAN_POINT('',(6.28318530718,0.));
#1006 = VECTOR('',#1007,1.);
#1007 = DIRECTION('',(0.,-1.));
#1008 = ( GEOMETRIC_REPRESENTATION_CONTEXT(2) 
PARAMETRIC_REPRESENTATION_CONTEXT() REPRESENTATION_CONTEXT('2D SPACE',''
  ) );
#1009 = PCURVE('',#495,#1010);
#1010 = DEFINITIONAL_REPRESENTATION('',(#1011),#1015);
#1011 = LINE('',#1012,#1013);
#1012 = CARTESIAN_POINT('',(0.,0.));
#1013 = VECTOR('',#1014,1.);
#1014 = DIRECTION('',(0.,-1.));
#1015 = ( GEOMETRIC_REPRESENTATION_CONTEXT(2) 
PARAMETRIC_REPRESENTATION_CONTEXT() REPRESENTATION_CONTEXT('2D SPACE',''
  ) );
#1016 = ORIENTED_EDGE('',*,*,#1017,.T.);
#1017 = EDGE_CURVE('',#995,#995,#1018,.T.);
#1018 = SURFACE_CURVE('',#1019,(#1024,#1031),.PCURVE_S1.);
#1019 = CIRCLE('',#1020,75.);
#1020 = AXIS2_PLACEMENT_3D('',#1021,#1022,#1023);
#1021 = CARTESIAN_POINT('',(296.26785204171,-620.,285.52646085185));
#1022 = DIRECTION('',(-0.951056516295,0.,-0.309016994375));
#1023 = DIRECTION('',(-0.,-1.,-0.));
#1024 = PCURVE('',#495,#1025);
#1025 = DEFINITIONAL_REPRESENTATION('',(#1026),#1030);
#1026 = LINE('',#1027,#1028);
#1027 = CARTESIAN_POINT('',(0.,-620.));
#1028 = VECTOR('',#1029,1.);
#1029 = DIRECTION('',(1.,0.));
#1030 = ( GEOMETRIC_REPRESENTATION_CONTEXT(2) 
PARAMETRIC_REPRESENTATION_CONTEXT() REPRESENTATION_CONTEXT('2D SPACE',''
  ) );
#1031 = PCURVE('',#1032,#1037);
#1032 = PLANE('',#1033);
#1033 = AXIS2_PLACEMENT_3D('',#1034,#1035,#1036);
#1034 = CARTESIAN_POINT('',(296.26785204171,-620.,285.52646085185));
#1035 = DIRECTION('',(0.951056516295,-0.,0.309016994375));
#1036 = DIRECTION('',(0.309016994375,0.,-0.951056516295));
#1037 = DEFINITIONAL_REPRESENTATION('',(#1038),#1046);
#1038 = ( BOUNDED_CURVE() B_SPLINE_CURVE(2,(#1039,#1040,#1041,#1042,
#1043,#1044,#1045),.UNSPECIFIED.,.T.,.F.) B_SPLINE_CURVE_WITH_KNOTS((1,2
    ,2,2,2,1),(-2.094395102393,0.,2.094395102393,4.188790204786,
6.28318530718,8.377580409573),.UNSPECIFIED.) CURVE() 
GEOMETRIC_REPRESENTATION_ITEM() RATIONAL_B_SPLINE_CURVE((1.,0.5,1.,0.5,
1.,0.5,1.)) REPRESENTATION_ITEM('') );
#1039 = CARTESIAN_POINT('',(0.,-75.));
#1040 = CARTESIAN_POINT('',(-129.9038105676,-75.));
#1041 = CARTESIAN_POINT('',(-64.95190528383,37.5));
#1042 = CARTESIAN_POINT('',(-1.836970198721E-14,150.));
#1043 = CARTESIAN_POINT('',(64.951905283833,37.5));
#1044 = CARTESIAN_POINT('',(129.90381056766,-75.));
#1045 = CARTESIAN_POINT('',(0.,-75.));
#1046 = ( GEOMETRIC_REPRESENTATION_CONTEXT(2) 
PARAMETRIC_REPRESENTATION_CONTEXT() REPRESENTATION_CONTEXT('2D SPACE',''
  ) );
#1047 = ORIENTED_EDGE('',*,*,#994,.F.);
#1048 = ORIENTED_EDGE('',*,*,#934,.F.);
#1049 = ORIENTED_EDGE('',*,*,#778,.F.);
#1050 = ORIENTED_EDGE('',*,*,#1051,.T.);
#1051 = EDGE_CURVE('',#755,#453,#1052,.T.);
#1052 = SURFACE_CURVE('',#1053,(#1058,#1071),.PCURVE_S1.);
#1053 = ELLIPSE('',#1054,78.85966681787,75.);
#1054 = AXIS2_PLACEMENT_3D('',#1055,#1056,#1057);
#1055 = CARTESIAN_POINT('',(-250.,-620.,108.03327630466));
#1056 = DIRECTION('',(1.,0.,0.));
#1057 = DIRECTION('',(0.,0.,-1.));
#1058 = PCURVE('',#495,#1059);
#1059 = DEFINITIONAL_REPRESENTATION('',(#1060),#1070);
#1060 = B_SPLINE_CURVE_WITH_KNOTS('',8,(#1061,#1062,#1063,#1064,#1065,
    #1066,#1067,#1068,#1069),.UNSPECIFIED.,.F.,.F.,(9,9),(5.159326803959
    ,6.357989192706),.PIECEWISE_BEZIER_KNOTS.);
#1061 = CARTESIAN_POINT('',(5.836247483606,-35.08756692282));
#1062 = CARTESIAN_POINT('',(5.686414685012,-31.79494172318));
#1063 = CARTESIAN_POINT('',(5.536581886409,-28.77254672131));
#1064 = CARTESIAN_POINT('',(5.386749087856,-26.13302106002));
#1065 = CARTESIAN_POINT('',(5.236916289183,-23.97605810224));
#1066 = CARTESIAN_POINT('',(5.087083490662,-22.38032897446));
#1067 = CARTESIAN_POINT('',(4.937250692036,-21.39689689993));
#1068 = CARTESIAN_POINT('',(4.787417893452,-21.0462853556));
#1069 = CARTESIAN_POINT('',(4.637585094858,-21.31916004232));
#1070 = ( GEOMETRIC_REPRESENTATION_CONTEXT(2) 
PARAMETRIC_REPRESENTATION_CONTEXT() REPRESENTATION_CONTEXT('2D SPACE',''
  ) );
#1071 = PCURVE('',#467,#1072);
#1072 = DEFINITIONAL_REPRESENTATION('',(#1073),#1077);
#1073 = ELLIPSE('',#1074,78.85966681787,75.);
#1074 = AXIS2_PLACEMENT_2D('',#1075,#1076);
#1075 = CARTESIAN_POINT('',(108.03327630466,-70.));
#1076 = DIRECTION('',(-1.,0.));
#1077 = ( GEOMETRIC_REPRESENTATION_CONTEXT(2) 
PARAMETRIC_REPRESENTATION_CONTEXT() REPRESENTATION_CONTEXT('2D SPACE',''
  ) );
#1078 = ORIENTED_EDGE('',*,*,#478,.T.);
#1079 = ADVANCED_FACE('',(#1080),#467,.T.);
#1080 = FACE_BOUND('',#1081,.T.);
#1081 = EDGE_LOOP('',(#1082,#1083,#1084));
#1082 = ORIENTED_EDGE('',*,*,#452,.F.);
#1083 = ORIENTED_EDGE('',*,*,#1051,.F.);
#1084 = ORIENTED_EDGE('',*,*,#754,.T.);
#1085 = ADVANCED_FACE('',(#1086),#918,.F.);
#1086 = FACE_BOUND('',#1087,.F.);
#1087 = EDGE_LOOP('',(#1088));
#1088 = ORIENTED_EDGE('',*,*,#903,.T.);
#1089 = ADVANCED_FACE('',(#1090),#1032,.T.);
#1090 = FACE_BOUND('',#1091,.F.);
#1091 = EDGE_LOOP('',(#1092));
#1092 = ORIENTED_EDGE('',*,*,#1017,.T.);
#1093 = ( GEOMETRIC_REPRESENTATION_CONTEXT(3) 
GLOBAL_UNCERTAINTY_ASSIGNED_CONTEXT((#1097)) 
GLOBAL_UNIT_ASSIGNED_CONTEXT((#1094,#1095,#1096)) REPRESENTATION_CONTEXT
('Context #1','3D Context with UNIT and UNCERTAINTY') );
#1094 = ( LENGTH_UNIT() NAMED_UNIT(*) SI_UNIT(.MILLI.,.METRE.) );
#1095 = ( NAMED_UNIT(*) PLANE_ANGLE_UNIT() SI_UNIT($,.RADIAN.) );
#1096 = ( NAMED_UNIT(*) SI_UNIT($,.STERADIAN.) SOLID_ANGLE_UNIT() );
#1097 = UNCERTAINTY_MEASURE_WITH_UNIT(LENGTH_MEASURE(1.E-07),#1094,
  'distance_accuracy_value','confusion accuracy');
#1098 = CONTEXT_DEPENDENT_SHAPE_REPRESENTATION(#1099,#1101);
#1099 = ( REPRESENTATION_RELATIONSHIP('','',#44,#10) 
REPRESENTATION_RELATIONSHIP_WITH_TRANSFORMATION(#1100) 
SHAPE_REPRESENTATION_RELATIONSHIP() );
#1100 = ITEM_DEFINED_TRANSFORMATION('','',#11,#15);
#1101 = PRODUCT_DEFINITION_SHAPE('Placement','Placement of an item',
  #1102);
#1102 = NEXT_ASSEMBLY_USAGE_OCCURRENCE('9','','',#5,#39,$);
#1103 = PRODUCT_RELATED_PRODUCT_CATEGORY('part',$,(#41));
#1104 = SHAPE_DEFINITION_REPRESENTATION(#1105,#1111);
#1105 = PRODUCT_DEFINITION_SHAPE('','',#1106);
#1106 = PRODUCT_DEFINITION('design','',#1107,#1110);
#1107 = PRODUCT_DEFINITION_FORMATION('','',#1108);
#1108 = PRODUCT('Open CASCADE STEP translator 7.9 7.2',
  'Open CASCADE STEP translator 7.9 7.2','',(#1109));
#1109 = PRODUCT_CONTEXT('',#2,'mechanical');
#1110 = PRODUCT_DEFINITION_CONTEXT('part definition',#2,'design');
#1111 = ADVANCED_BREP_SHAPE_REPRESENTATION('',(#11,#1112),#2148);
#1112 = MANIFOLD_SOLID_BREP('',#1113);
#1113 = CLOSED_SHELL('',(#1114,#1234,#1310,#1631,#1680,#1753,#1780,#1807
    ,#1814,#1997,#2048,#2134,#2140,#2144));
#1114 = ADVANCED_FACE('',(#1115),#1129,.F.);
#1115 = FACE_BOUND('',#1116,.F.);
#1116 = EDGE_LOOP('',(#1117,#1152,#1180,#1208));
#1117 = ORIENTED_EDGE('',*,*,#1118,.F.);
#1118 = EDGE_CURVE('',#1119,#1121,#1123,.T.);
#1119 = VERTEX_POINT('',#1120);
#1120 = CARTESIAN_POINT('',(-1.048827723741E+03,670.,-81.76433153986));
#1121 = VERTEX_POINT('',#1122);
#1122 = CARTESIAN_POINT('',(-1.030735220616E+03,670.,-210.4991804762));
#1123 = SURFACE_CURVE('',#1124,(#1128,#1140),.PCURVE_S1.);
#1124 = LINE('',#1125,#1126);
#1125 = CARTESIAN_POINT('',(-1.048827723741E+03,670.,-81.76433153986));
#1126 = VECTOR('',#1127,1.);
#1127 = DIRECTION('',(0.13917310096,0.,-0.990268068742));
#1128 = PCURVE('',#1129,#1134);
#1129 = PLANE('',#1130);
#1130 = AXIS2_PLACEMENT_3D('',#1131,#1132,#1133);
#1131 = CARTESIAN_POINT('',(-1.039781472179E+03,670.,-146.131756008));
#1132 = DIRECTION('',(0.754128140705,0.648118629528,0.105985798367));
#1133 = DIRECTION('',(0.641811183578,-0.761539389696,9.020067946145E-02)
  );
#1134 = DEFINITIONAL_REPRESENTATION('',(#1135),#1139);
#1135 = LINE('',#1136,#1137);
#1136 = CARTESIAN_POINT('',(2.032180520487E-14,-65.));
#1137 = VECTOR('',#1138,1.);
#1138 = DIRECTION('',(-7.688456059109E-18,1.));
#1139 = ( GEOMETRIC_REPRESENTATION_CONTEXT(2) 
PARAMETRIC_REPRESENTATION_CONTEXT() REPRESENTATION_CONTEXT('2D SPACE',''
  ) );
#1140 = PCURVE('',#1141,#1146);
#1141 = PLANE('',#1142);
#1142 = AXIS2_PLACEMENT_3D('',#1143,#1144,#1145);
#1143 = CARTESIAN_POINT('',(-643.674244682,910.,-90.46251562404));
#1144 = DIRECTION('',(0.509488718103,-0.857492925713,7.160396971364E-02)
  );
#1145 = DIRECTION('',(-0.849147863505,-0.514495755428,-0.119339949523));
#1146 = DEFINITIONAL_REPRESENTATION('',(#1147),#1151);
#1147 = LINE('',#1148,#1149);
#1148 = CARTESIAN_POINT('',(466.47615158762,-65.));
#1149 = VECTOR('',#1150,1.);
#1150 = DIRECTION('',(-1.03415905664E-17,1.));
#1151 = ( GEOMETRIC_REPRESENTATION_CONTEXT(2) 
PARAMETRIC_REPRESENTATION_CONTEXT() REPRESENTATION_CONTEXT('2D SPACE',''
  ) );
#1152 = ORIENTED_EDGE('',*,*,#1153,.T.);
#1153 = EDGE_CURVE('',#1119,#1154,#1156,.T.);
#1154 = VERTEX_POINT('',#1155);
#1155 = CARTESIAN_POINT('',(-652.7204962444,200.,-26.09509115584));
#1156 = SURFACE_CURVE('',#1157,(#1161,#1168),.PCURVE_S1.);
#1157 = LINE('',#1158,#1159);
#1158 = CARTESIAN_POINT('',(-1.048827723741E+03,670.,-81.76433153986));
#1159 = VECTOR('',#1160,1.);
#1160 = DIRECTION('',(0.641811183578,-0.761539389696,9.020067946145E-02)
  );
#1161 = PCURVE('',#1129,#1162);
#1162 = DEFINITIONAL_REPRESENTATION('',(#1163),#1167);
#1163 = LINE('',#1164,#1165);
#1164 = CARTESIAN_POINT('',(2.032180520487E-14,-65.));
#1165 = VECTOR('',#1166,1.);
#1166 = DIRECTION('',(1.,-7.688456059109E-18));
#1167 = ( GEOMETRIC_REPRESENTATION_CONTEXT(2) 
PARAMETRIC_REPRESENTATION_CONTEXT() REPRESENTATION_CONTEXT('2D SPACE',''
  ) );
#1168 = PCURVE('',#1169,#1174);
#1169 = PLANE('',#1170);
#1170 = AXIS2_PLACEMENT_3D('',#1171,#1172,#1173);
#1171 = CARTESIAN_POINT('',(42.394740095367,590.92787212671,
    71.596984373704));
#1172 = DIRECTION('',(-0.13917310096,0.,0.990268068742));
#1173 = DIRECTION('',(0.990268068742,0.,0.13917310096));
#1174 = DEFINITIONAL_REPRESENTATION('',(#1175),#1179);
#1175 = LINE('',#1176,#1177);
#1176 = CARTESIAN_POINT('',(-1.101946531734E+03,79.072127873289));
#1177 = VECTOR('',#1178,1.);
#1178 = DIRECTION('',(0.648118629528,-0.761539389696));
#1179 = ( GEOMETRIC_REPRESENTATION_CONTEXT(2) 
PARAMETRIC_REPRESENTATION_CONTEXT() REPRESENTATION_CONTEXT('2D SPACE',''
  ) );
#1180 = ORIENTED_EDGE('',*,*,#1181,.F.);
#1181 = EDGE_CURVE('',#1182,#1154,#1184,.T.);
#1182 = VERTEX_POINT('',#1183);
#1183 = CARTESIAN_POINT('',(-634.6279931196,200.,-154.8299400922));
#1184 = SURFACE_CURVE('',#1185,(#1189,#1196),.PCURVE_S1.);
#1185 = LINE('',#1186,#1187);
#1186 = CARTESIAN_POINT('',(-634.6279931196,200.,-154.8299400922));
#1187 = VECTOR('',#1188,1.);
#1188 = DIRECTION('',(-0.13917310096,0.,0.990268068742));
#1189 = PCURVE('',#1129,#1190);
#1190 = DEFINITIONAL_REPRESENTATION('',(#1191),#1195);
#1191 = LINE('',#1192,#1193);
#1192 = CARTESIAN_POINT('',(617.17096496837,65.));
#1193 = VECTOR('',#1194,1.);
#1194 = DIRECTION('',(7.688456059109E-18,-1.));
#1195 = ( GEOMETRIC_REPRESENTATION_CONTEXT(2) 
PARAMETRIC_REPRESENTATION_CONTEXT() REPRESENTATION_CONTEXT('2D SPACE',''
  ) );
#1196 = PCURVE('',#1197,#1202);
#1197 = PLANE('',#1198);
#1198 = AXIS2_PLACEMENT_3D('',#1199,#1200,#1201);
#1199 = CARTESIAN_POINT('',(-643.674244682,200.,-90.46251562404));
#1200 = DIRECTION('',(-0.128867451928,0.991496427865,-1.811113925995E-02
    ));
#1201 = DIRECTION('',(0.981847252786,0.130133906157,0.137989632457));
#1202 = DEFINITIONAL_REPRESENTATION('',(#1203),#1207);
#1203 = LINE('',#1204,#1205);
#1204 = CARTESIAN_POINT('',(-3.141531676826E-14,65.));
#1205 = VECTOR('',#1206,1.);
#1206 = DIRECTION('',(1.133465968569E-17,-1.));
#1207 = ( GEOMETRIC_REPRESENTATION_CONTEXT(2) 
PARAMETRIC_REPRESENTATION_CONTEXT() REPRESENTATION_CONTEXT('2D SPACE',''
  ) );
#1208 = ORIENTED_EDGE('',*,*,#1209,.F.);
#1209 = EDGE_CURVE('',#1121,#1182,#1210,.T.);
#1210 = SURFACE_CURVE('',#1211,(#1215,#1222),.PCURVE_S1.);
#1211 = LINE('',#1212,#1213);
#1212 = CARTESIAN_POINT('',(-1.030735220616E+03,670.,-210.4991804762));
#1213 = VECTOR('',#1214,1.);
#1214 = DIRECTION('',(0.641811183578,-0.761539389696,9.020067946145E-02)
  );
#1215 = PCURVE('',#1129,#1216);
#1216 = DEFINITIONAL_REPRESENTATION('',(#1217),#1221);
#1217 = LINE('',#1218,#1219);
#1218 = CARTESIAN_POINT('',(-2.032180520487E-14,65.));
#1219 = VECTOR('',#1220,1.);
#1220 = DIRECTION('',(1.,-7.688456059109E-18));
#1221 = ( GEOMETRIC_REPRESENTATION_CONTEXT(2) 
PARAMETRIC_REPRESENTATION_CONTEXT() REPRESENTATION_CONTEXT('2D SPACE',''
  ) );
#1222 = PCURVE('',#1223,#1228);
#1223 = PLANE('',#1224);
#1224 = AXIS2_PLACEMENT_3D('',#1225,#1226,#1227);
#1225 = CARTESIAN_POINT('',(60.487243220175,590.92787212671,
    -57.1378645627));
#1226 = DIRECTION('',(-0.13917310096,0.,0.990268068742));
#1227 = DIRECTION('',(0.990268068742,0.,0.13917310096));
#1228 = DEFINITIONAL_REPRESENTATION('',(#1229),#1233);
#1229 = LINE('',#1230,#1231);
#1230 = CARTESIAN_POINT('',(-1.101946531734E+03,79.072127873289));
#1231 = VECTOR('',#1232,1.);
#1232 = DIRECTION('',(0.648118629528,-0.761539389696));
#1233 = ( GEOMETRIC_REPRESENTATION_CONTEXT(2) 
PARAMETRIC_REPRESENTATION_CONTEXT() REPRESENTATION_CONTEXT('2D SPACE',''
  ) );
#1234 = ADVANCED_FACE('',(#1235),#1141,.F.);
#1235 = FACE_BOUND('',#1236,.F.);
#1236 = EDGE_LOOP('',(#1237,#1267,#1288,#1289));
#1237 = ORIENTED_EDGE('',*,*,#1238,.F.);
#1238 = EDGE_CURVE('',#1239,#1241,#1243,.T.);
#1239 = VERTEX_POINT('',#1240);
#1240 = CARTESIAN_POINT('',(-652.7204962444,910.,-26.09509115584));
#1241 = VERTEX_POINT('',#1242);
#1242 = CARTESIAN_POINT('',(-634.6279931196,910.,-154.8299400922));
#1243 = SURFACE_CURVE('',#1244,(#1248,#1255),.PCURVE_S1.);
#1244 = LINE('',#1245,#1246);
#1245 = CARTESIAN_POINT('',(-652.7204962444,910.,-26.09509115584));
#1246 = VECTOR('',#1247,1.);
#1247 = DIRECTION('',(0.13917310096,0.,-0.990268068742));
#1248 = PCURVE('',#1141,#1249);
#1249 = DEFINITIONAL_REPRESENTATION('',(#1250),#1254);
#1250 = LINE('',#1251,#1252);
#1251 = CARTESIAN_POINT('',(-2.639959027521E-14,-65.));
#1252 = VECTOR('',#1253,1.);
#1253 = DIRECTION('',(-1.03415905664E-17,1.));
#1254 = ( GEOMETRIC_REPRESENTATION_CONTEXT(2) 
PARAMETRIC_REPRESENTATION_CONTEXT() REPRESENTATION_CONTEXT('2D SPACE',''
  ) );
#1255 = PCURVE('',#1256,#1261);
#1256 = PLANE('',#1257);
#1257 = AXIS2_PLACEMENT_3D('',#1258,#1259,#1260);
#1258 = CARTESIAN_POINT('',(841.72785843033,830.,118.29713581605));
#1259 = DIRECTION('',(-5.27393431963E-02,-0.998580804678,
    -7.412031314465E-03));
#1260 = DIRECTION('',(-0.988862684931,5.325764291615E-02,-0.138975587146
    ));
#1261 = DEFINITIONAL_REPRESENTATION('',(#1262),#1266);
#1262 = LINE('',#1263,#1264);
#1263 = CARTESIAN_POINT('',(1.50213181845E+03,-65.));
#1264 = VECTOR('',#1265,1.);
#1265 = DIRECTION('',(-8.611742524892E-19,1.));
#1266 = ( GEOMETRIC_REPRESENTATION_CONTEXT(2) 
PARAMETRIC_REPRESENTATION_CONTEXT() REPRESENTATION_CONTEXT('2D SPACE',''
  ) );
#1267 = ORIENTED_EDGE('',*,*,#1268,.T.);
#1268 = EDGE_CURVE('',#1239,#1119,#1269,.T.);
#1269 = SURFACE_CURVE('',#1270,(#1274,#1281),.PCURVE_S1.);
#1270 = LINE('',#1271,#1272);
#1271 = CARTESIAN_POINT('',(-652.7204962444,910.,-26.09509115584));
#1272 = VECTOR('',#1273,1.);
#1273 = DIRECTION('',(-0.849147863505,-0.514495755428,-0.119339949523));
#1274 = PCURVE('',#1141,#1275);
#1275 = DEFINITIONAL_REPRESENTATION('',(#1276),#1280);
#1276 = LINE('',#1277,#1278);
#1277 = CARTESIAN_POINT('',(-2.639959027521E-14,-65.));
#1278 = VECTOR('',#1279,1.);
#1279 = DIRECTION('',(1.,-1.03415905664E-17));
#1280 = ( GEOMETRIC_REPRESENTATION_CONTEXT(2) 
PARAMETRIC_REPRESENTATION_CONTEXT() REPRESENTATION_CONTEXT('2D SPACE',''
  ) );
#1281 = PCURVE('',#1169,#1282);
#1282 = DEFINITIONAL_REPRESENTATION('',(#1283),#1287);
#1283 = LINE('',#1284,#1285);
#1284 = CARTESIAN_POINT('',(-701.9465317337,319.07212787328));
#1285 = VECTOR('',#1286,1.);
#1286 = DIRECTION('',(-0.857492925713,-0.514495755428));
#1287 = ( GEOMETRIC_REPRESENTATION_CONTEXT(2) 
PARAMETRIC_REPRESENTATION_CONTEXT() REPRESENTATION_CONTEXT('2D SPACE',''
  ) );
#1288 = ORIENTED_EDGE('',*,*,#1118,.T.);
#1289 = ORIENTED_EDGE('',*,*,#1290,.F.);
#1290 = EDGE_CURVE('',#1241,#1121,#1291,.T.);
#1291 = SURFACE_CURVE('',#1292,(#1296,#1303),.PCURVE_S1.);
#1292 = LINE('',#1293,#1294);
#1293 = CARTESIAN_POINT('',(-634.6279931196,910.,-154.8299400922));
#1294 = VECTOR('',#1295,1.);
#1295 = DIRECTION('',(-0.849147863505,-0.514495755428,-0.119339949523));
#1296 = PCURVE('',#1141,#1297);
#1297 = DEFINITIONAL_REPRESENTATION('',(#1298),#1302);
#1298 = LINE('',#1299,#1300);
#1299 = CARTESIAN_POINT('',(2.639959027521E-14,65.));
#1300 = VECTOR('',#1301,1.);
#1301 = DIRECTION('',(1.,-1.03415905664E-17));
#1302 = ( GEOMETRIC_REPRESENTATION_CONTEXT(2) 
PARAMETRIC_REPRESENTATION_CONTEXT() REPRESENTATION_CONTEXT('2D SPACE',''
  ) );
#1303 = PCURVE('',#1223,#1304);
#1304 = DEFINITIONAL_REPRESENTATION('',(#1305),#1309);
#1305 = LINE('',#1306,#1307);
#1306 = CARTESIAN_POINT('',(-701.9465317337,319.07212787328));
#1307 = VECTOR('',#1308,1.);
#1308 = DIRECTION('',(-0.857492925713,-0.514495755428));
#1309 = ( GEOMETRIC_REPRESENTATION_CONTEXT(2) 
PARAMETRIC_REPRESENTATION_CONTEXT() REPRESENTATION_CONTEXT('2D SPACE',''
  ) );
#1310 = ADVANCED_FACE('',(#1311,#1415),#1169,.T.);
#1311 = FACE_BOUND('',#1312,.T.);
#1312 = EDGE_LOOP('',(#1313,#1314,#1337,#1365,#1393,#1414));
#1313 = ORIENTED_EDGE('',*,*,#1153,.T.);
#1314 = ORIENTED_EDGE('',*,*,#1315,.T.);
#1315 = EDGE_CURVE('',#1154,#1316,#1318,.T.);
#1316 = VERTEX_POINT('',#1317);
#1317 = CARTESIAN_POINT('',(931.70841374208,410.,196.58187038026));
#1318 = SURFACE_CURVE('',#1319,(#1323,#1330),.PCURVE_S1.);
#1319 = LINE('',#1320,#1321);
#1320 = CARTESIAN_POINT('',(-652.7204962444,200.,-26.09509115584));
#1321 = VECTOR('',#1322,1.);
#1322 = DIRECTION('',(0.981847252786,0.130133906157,0.137989632457));
#1323 = PCURVE('',#1169,#1324);
#1324 = DEFINITIONAL_REPRESENTATION('',(#1325),#1329);
#1325 = LINE('',#1326,#1327);
#1326 = CARTESIAN_POINT('',(-701.9465317337,-390.9278721267));
#1327 = VECTOR('',#1328,1.);
#1328 = DIRECTION('',(0.991496427865,0.130133906157));
#1329 = ( GEOMETRIC_REPRESENTATION_CONTEXT(2) 
PARAMETRIC_REPRESENTATION_CONTEXT() REPRESENTATION_CONTEXT('2D SPACE',''
  ) );
#1330 = PCURVE('',#1197,#1331);
#1331 = DEFINITIONAL_REPRESENTATION('',(#1332),#1336);
#1332 = LINE('',#1333,#1334);
#1333 = CARTESIAN_POINT('',(3.141531676826E-14,-65.));
#1334 = VECTOR('',#1335,1.);
#1335 = DIRECTION('',(1.,-1.133465968569E-17));
#1336 = ( GEOMETRIC_REPRESENTATION_CONTEXT(2) 
PARAMETRIC_REPRESENTATION_CONTEXT() REPRESENTATION_CONTEXT('2D SPACE',''
  ) );
#1337 = ORIENTED_EDGE('',*,*,#1338,.T.);
#1338 = EDGE_CURVE('',#1316,#1339,#1341,.T.);
#1339 = VERTEX_POINT('',#1340);
#1340 = CARTESIAN_POINT('',(1.179275430927E+03,680.,231.37514562028));
#1341 = SURFACE_CURVE('',#1342,(#1346,#1353),.PCURVE_S1.);
#1342 = LINE('',#1343,#1344);
#1343 = CARTESIAN_POINT('',(931.70841374208,410.,196.58187038026));
#1344 = VECTOR('',#1345,1.);
#1345 = DIRECTION('',(0.672796079239,0.733760674018,9.455532256079E-02)
  );
#1346 = PCURVE('',#1169,#1347);
#1347 = DEFINITIONAL_REPRESENTATION('',(#1348),#1352);
#1348 = LINE('',#1349,#1350);
#1349 = CARTESIAN_POINT('',(898.05346826628,-180.9278721267));
#1350 = VECTOR('',#1351,1.);
#1351 = DIRECTION('',(0.679408031498,0.733760674018));
#1352 = ( GEOMETRIC_REPRESENTATION_CONTEXT(2) 
PARAMETRIC_REPRESENTATION_CONTEXT() REPRESENTATION_CONTEXT('2D SPACE',''
  ) );
#1353 = PCURVE('',#1354,#1359);
#1354 = PLANE('',#1355);
#1355 = AXIS2_PLACEMENT_3D('',#1356,#1357,#1358);
#1356 = CARTESIAN_POINT('',(940.75466530449,410.,132.21444591206));
#1357 = DIRECTION('',(-0.726619765578,0.679408031498,-0.102119748366));
#1358 = DIRECTION('',(0.672796079239,0.733760674018,9.455532256079E-02)
  );
#1359 = DEFINITIONAL_REPRESENTATION('',(#1360),#1364);
#1360 = LINE('',#1361,#1362);
#1361 = CARTESIAN_POINT('',(2.107395917732E-14,-65.));
#1362 = VECTOR('',#1363,1.);
#1363 = DIRECTION('',(1.,-4.697127235873E-18));
#1364 = ( GEOMETRIC_REPRESENTATION_CONTEXT(2) 
PARAMETRIC_REPRESENTATION_CONTEXT() REPRESENTATION_CONTEXT('2D SPACE',''
  ) );
#1365 = ORIENTED_EDGE('',*,*,#1366,.T.);
#1366 = EDGE_CURVE('',#1339,#1367,#1369,.T.);
#1367 = VERTEX_POINT('',#1368);
#1368 = CARTESIAN_POINT('',(832.68160686793,830.,182.66456028425));
#1369 = SURFACE_CURVE('',#1370,(#1374,#1381),.PCURVE_S1.);
#1370 = LINE('',#1371,#1372);
#1371 = CARTESIAN_POINT('',(1.179275430927E+03,680.,231.37514562028));
#1372 = VECTOR('',#1373,1.);
#1373 = DIRECTION('',(-0.910199973769,0.393919298579,-0.12792026406));
#1374 = PCURVE('',#1169,#1375);
#1375 = DEFINITIONAL_REPRESENTATION('',(#1376),#1380);
#1376 = LINE('',#1377,#1378);
#1377 = CARTESIAN_POINT('',(1.148053468266E+03,89.072127873289));
#1378 = VECTOR('',#1379,1.);
#1379 = DIRECTION('',(-0.919145030018,0.393919298579));
#1380 = ( GEOMETRIC_REPRESENTATION_CONTEXT(2) 
PARAMETRIC_REPRESENTATION_CONTEXT() REPRESENTATION_CONTEXT('2D SPACE',''
  ) );
#1381 = PCURVE('',#1382,#1387);
#1382 = PLANE('',#1383);
#1383 = AXIS2_PLACEMENT_3D('',#1384,#1385,#1386);
#1384 = CARTESIAN_POINT('',(1.18832168249E+03,680.,167.00772115207));
#1385 = DIRECTION('',(-0.390085703044,-0.919145030018,
    -5.482297031128E-02));
#1386 = DIRECTION('',(-0.910199973769,0.393919298579,-0.12792026406));
#1387 = DEFINITIONAL_REPRESENTATION('',(#1388),#1392);
#1388 = LINE('',#1389,#1390);
#1389 = CARTESIAN_POINT('',(-2.668638831821E-14,-65.));
#1390 = VECTOR('',#1391,1.);
#1391 = DIRECTION('',(1.,-2.117606024358E-17));
#1392 = ( GEOMETRIC_REPRESENTATION_CONTEXT(2) 
PARAMETRIC_REPRESENTATION_CONTEXT() REPRESENTATION_CONTEXT('2D SPACE',''
  ) );
#1393 = ORIENTED_EDGE('',*,*,#1394,.T.);
#1394 = EDGE_CURVE('',#1367,#1239,#1395,.T.);
#1395 = SURFACE_CURVE('',#1396,(#1400,#1407),.PCURVE_S1.);
#1396 = LINE('',#1397,#1398);
#1397 = CARTESIAN_POINT('',(832.68160686793,830.,182.66456028425));
#1398 = VECTOR('',#1399,1.);
#1399 = DIRECTION('',(-0.988862684931,5.325764291615E-02,-0.138975587146
    ));
#1400 = PCURVE('',#1169,#1401);
#1401 = DEFINITIONAL_REPRESENTATION('',(#1402),#1406);
#1402 = LINE('',#1403,#1404);
#1403 = CARTESIAN_POINT('',(798.05346826628,239.07212787328));
#1404 = VECTOR('',#1405,1.);
#1405 = DIRECTION('',(-0.998580804678,5.325764291615E-02));
#1406 = ( GEOMETRIC_REPRESENTATION_CONTEXT(2) 
PARAMETRIC_REPRESENTATION_CONTEXT() REPRESENTATION_CONTEXT('2D SPACE',''
  ) );
#1407 = PCURVE('',#1256,#1408);
#1408 = DEFINITIONAL_REPRESENTATION('',(#1409),#1413);
#1409 = LINE('',#1410,#1411);
#1410 = CARTESIAN_POINT('',(-3.117835585235E-14,-65.));
#1411 = VECTOR('',#1412,1.);
#1412 = DIRECTION('',(1.,-8.611742524892E-19));
#1413 = ( GEOMETRIC_REPRESENTATION_CONTEXT(2) 
PARAMETRIC_REPRESENTATION_CONTEXT() REPRESENTATION_CONTEXT('2D SPACE',''
  ) );
#1414 = ORIENTED_EDGE('',*,*,#1268,.T.);
#1415 = FACE_BOUND('',#1416,.T.);
#1416 = EDGE_LOOP('',(#1417,#1453,#1490,#1518,#1547,#1573,#1607));
#1417 = ORIENTED_EDGE('',*,*,#1418,.F.);
#1418 = EDGE_CURVE('',#1419,#1421,#1423,.T.);
#1419 = VERTEX_POINT('',#1420);
#1420 = CARTESIAN_POINT('',(-650.,624.89351437985,-25.71275034284));
#1421 = VERTEX_POINT('',#1422);
#1422 = CARTESIAN_POINT('',(-271.78210265,625.60341860041,
    27.442308650096));
#1423 = SURFACE_CURVE('',#1424,(#1429,#1436),.PCURVE_S1.);
#1424 = ELLIPSE('',#1425,502.97075740294,70.);
#1425 = AXIS2_PLACEMENT_3D('',#1426,#1427,#1428);
#1426 = CARTESIAN_POINT('',(-467.0442747313,690.,0.));
#1427 = DIRECTION('',(-0.13917310096,0.,0.990268068742));
#1428 = DIRECTION('',(-0.990268068742,0.,-0.13917310096));
#1429 = PCURVE('',#1169,#1430);
#1430 = DEFINITIONAL_REPRESENTATION('',(#1431),#1435);
#1431 = ELLIPSE('',#1432,502.97075740294,70.);
#1432 = AXIS2_PLACEMENT_2D('',#1433,#1434);
#1433 = CARTESIAN_POINT('',(-514.4455636886,99.072127873289));
#1434 = DIRECTION('',(-1.,0.));
#1435 = ( GEOMETRIC_REPRESENTATION_CONTEXT(2) 
PARAMETRIC_REPRESENTATION_CONTEXT() REPRESENTATION_CONTEXT('2D SPACE',''
  ) );
#1436 = PCURVE('',#1437,#1442);
#1437 = CYLINDRICAL_SURFACE('',#1438,70.);
#1438 = AXIS2_PLACEMENT_3D('',#1439,#1440,#1441);
#1439 = CARTESIAN_POINT('',(-650.,690.,0.));
#1440 = DIRECTION('',(-1.,-0.,-0.));
#1441 = DIRECTION('',(0.,1.,0.));
#1442 = DEFINITIONAL_REPRESENTATION('',(#1443),#1452);
#1443 = B_SPLINE_CURVE_WITH_KNOTS('',7,(#1444,#1445,#1446,#1447,#1448,
    #1449,#1450,#1451),.UNSPECIFIED.,.F.,.F.,(8,8),(1.194664996311,
    2.021684905403),.PIECEWISE_BEZIER_KNOTS.);
#1444 = CARTESIAN_POINT('',(-3.517723984074,6.000000212225E-07));
#1445 = CARTESIAN_POINT('',(-3.399578282775,-54.7317890258));
#1446 = CARTESIAN_POINT('',(-3.281432581476,-112.4429774696));
#1447 = CARTESIAN_POINT('',(-3.163286880179,-171.8857492177));
#1448 = CARTESIAN_POINT('',(-3.045141178879,-231.7104022679));
#1449 = CARTESIAN_POINT('',(-2.92699547758,-290.5364420225));
#1450 = CARTESIAN_POINT('',(-2.808849776281,-347.0354836126));
#1451 = CARTESIAN_POINT('',(-2.690704074982,-400.0000006));
#1452 = ( GEOMETRIC_REPRESENTATION_CONTEXT(2) 
PARAMETRIC_REPRESENTATION_CONTEXT() REPRESENTATION_CONTEXT('2D SPACE',''
  ) );
#1453 = ORIENTED_EDGE('',*,*,#1454,.F.);
#1454 = EDGE_CURVE('',#1455,#1419,#1457,.T.);
#1455 = VERTEX_POINT('',#1456);
#1456 = CARTESIAN_POINT('',(-650.,755.10648562014,-25.71275034284));
#1457 = SURFACE_CURVE('',#1458,(#1463,#1470),.PCURVE_S1.);
#1458 = ELLIPSE('',#1459,502.97075740294,70.);
#1459 = AXIS2_PLACEMENT_3D('',#1460,#1461,#1462);
#1460 = CARTESIAN_POINT('',(-467.0442747313,690.,0.));
#1461 = DIRECTION('',(-0.13917310096,0.,0.990268068742));
#1462 = DIRECTION('',(0.990268068742,0.,0.13917310096));
#1463 = PCURVE('',#1169,#1464);
#1464 = DEFINITIONAL_REPRESENTATION('',(#1465),#1469);
#1465 = ELLIPSE('',#1466,502.97075740294,70.);
#1466 = AXIS2_PLACEMENT_2D('',#1467,#1468);
#1467 = CARTESIAN_POINT('',(-514.4455636886,99.072127873289));
#1468 = DIRECTION('',(1.,0.));
#1469 = ( GEOMETRIC_REPRESENTATION_CONTEXT(2) 
PARAMETRIC_REPRESENTATION_CONTEXT() REPRESENTATION_CONTEXT('2D SPACE',''
  ) );
#1470 = PCURVE('',#1437,#1471);
#1471 = DEFINITIONAL_REPRESENTATION('',(#1472),#1489);
#1472 = B_SPLINE_CURVE_WITH_KNOTS('',8,(#1473,#1474,#1475,#1476,#1477,
    #1478,#1479,#1480,#1481,#1482,#1483,#1484,#1485,#1486,#1487,#1488),
  .UNSPECIFIED.,.F.,.F.,(9,7,9),(1.946927654689,3.14159265359,
    4.336257652491),.UNSPECIFIED.);
#1473 = CARTESIAN_POINT('',(-5.907053979286,-6.000001349094E-07));
#1474 = CARTESIAN_POINT('',(-5.757720854423,69.179572525783));
#1475 = CARTESIAN_POINT('',(-5.608387729557,133.69631000952));
#1476 = CARTESIAN_POINT('',(-5.459054604696,191.19936910542));
#1477 = CARTESIAN_POINT('',(-5.309721479821,239.55981711285));
#1478 = CARTESIAN_POINT('',(-5.160388354969,277.03805226836));
#1479 = CARTESIAN_POINT('',(-5.011055230108,302.42611674269));
#1480 = CARTESIAN_POINT('',(-4.861722105247,315.12015529819));
#1481 = CARTESIAN_POINT('',(-4.563055855522,315.12015529819));
#1482 = CARTESIAN_POINT('',(-4.41372273066,302.42611674278));
#1483 = CARTESIAN_POINT('',(-4.264389605787,277.03805226848));
#1484 = CARTESIAN_POINT('',(-4.115056480939,239.55981711311));
#1485 = CARTESIAN_POINT('',(-3.965723356055,191.19936910513));
#1486 = CARTESIAN_POINT('',(-3.81639023121,133.6963100097));
#1487 = CARTESIAN_POINT('',(-3.667057106346,69.179572525783));
#1488 = CARTESIAN_POINT('',(-3.517723981484,-5.999997938488E-07));
#1489 = ( GEOMETRIC_REPRESENTATION_CONTEXT(2) 
PARAMETRIC_REPRESENTATION_CONTEXT() REPRESENTATION_CONTEXT('2D SPACE',''
  ) );
#1490 = ORIENTED_EDGE('',*,*,#1491,.F.);
#1491 = EDGE_CURVE('',#1492,#1455,#1494,.T.);
#1492 = VERTEX_POINT('',#1493);
#1493 = CARTESIAN_POINT('',(-467.0442747313,760.,0.));
#1494 = SURFACE_CURVE('',#1495,(#1500,#1507),.PCURVE_S1.);
#1495 = ELLIPSE('',#1496,502.97075740294,70.);
#1496 = AXIS2_PLACEMENT_3D('',#1497,#1498,#1499);
#1497 = CARTESIAN_POINT('',(-467.0442747313,690.,0.));
#1498 = DIRECTION('',(-0.13917310096,0.,0.990268068742));
#1499 = DIRECTION('',(-0.990268068742,0.,-0.13917310096));
#1500 = PCURVE('',#1169,#1501);
#1501 = DEFINITIONAL_REPRESENTATION('',(#1502),#1506);
#1502 = ELLIPSE('',#1503,502.97075740294,70.);
#1503 = AXIS2_PLACEMENT_2D('',#1504,#1505);
#1504 = CARTESIAN_POINT('',(-514.4455636886,99.072127873289));
#1505 = DIRECTION('',(-1.,0.));
#1506 = ( GEOMETRIC_REPRESENTATION_CONTEXT(2) 
PARAMETRIC_REPRESENTATION_CONTEXT() REPRESENTATION_CONTEXT('2D SPACE',''
  ) );
#1507 = PCURVE('',#1437,#1508);
#1508 = DEFINITIONAL_REPRESENTATION('',(#1509),#1517);
#1509 = B_SPLINE_CURVE_WITH_KNOTS('',6,(#1510,#1511,#1512,#1513,#1514,
    #1515,#1516),.UNSPECIFIED.,.F.,.F.,(7,7),(4.712388980385,
    5.088520310869),.PIECEWISE_BEZIER_KNOTS.);
#1510 = CARTESIAN_POINT('',(-6.28318530718,-182.9557252686));
#1511 = CARTESIAN_POINT('',(-6.220496752099,-151.7320679954));
#1512 = CARTESIAN_POINT('',(-6.157808197018,-120.5084113223));
#1513 = CARTESIAN_POINT('',(-6.095119641937,-89.50561885344));
#1514 = CARTESIAN_POINT('',(-6.032431086857,-58.94457450842));
#1515 = CARTESIAN_POINT('',(-5.969742531776,-29.04089357475));
#1516 = CARTESIAN_POINT('',(-5.907053976695,6.000000212225E-07));
#1517 = ( GEOMETRIC_REPRESENTATION_CONTEXT(2) 
PARAMETRIC_REPRESENTATION_CONTEXT() REPRESENTATION_CONTEXT('2D SPACE',''
  ) );
#1518 = ORIENTED_EDGE('',*,*,#1519,.F.);
#1519 = EDGE_CURVE('',#1520,#1492,#1522,.T.);
#1520 = VERTEX_POINT('',#1521);
#1521 = CARTESIAN_POINT('',(-250.,753.00421725038,30.503583538112));
#1522 = SURFACE_CURVE('',#1523,(#1528,#1535),.PCURVE_S1.);
#1523 = ELLIPSE('',#1524,502.97075740294,70.);
#1524 = AXIS2_PLACEMENT_3D('',#1525,#1526,#1527);
#1525 = CARTESIAN_POINT('',(-467.0442747313,690.,0.));
#1526 = DIRECTION('',(-0.13917310096,0.,0.990268068742));
#1527 = DIRECTION('',(-0.990268068742,0.,-0.13917310096));
#1528 = PCURVE('',#1169,#1529);
#1529 = DEFINITIONAL_REPRESENTATION('',(#1530),#1534);
#1530 = ELLIPSE('',#1531,502.97075740294,70.);
#1531 = AXIS2_PLACEMENT_2D('',#1532,#1533);
#1532 = CARTESIAN_POINT('',(-514.4455636886,99.072127873289));
#1533 = DIRECTION('',(-1.,0.));
#1534 = ( GEOMETRIC_REPRESENTATION_CONTEXT(2) 
PARAMETRIC_REPRESENTATION_CONTEXT() REPRESENTATION_CONTEXT('2D SPACE',''
  ) );
#1535 = PCURVE('',#1437,#1536);
#1536 = DEFINITIONAL_REPRESENTATION('',(#1537),#1546);
#1537 = B_SPLINE_CURVE_WITH_KNOTS('',7,(#1538,#1539,#1540,#1541,#1542,
    #1543,#1544,#1545),.UNSPECIFIED.,.F.,.F.,(8,8),(4.261500401777,
    4.712388980385),.PIECEWISE_BEZIER_KNOTS.);
#1538 = CARTESIAN_POINT('',(-0.450888578608,-400.0000006));
#1539 = CARTESIAN_POINT('',(-0.386475924521,-371.1239173055));
#1540 = CARTESIAN_POINT('',(-0.322063270434,-341.1972337192));
#1541 = CARTESIAN_POINT('',(-0.257650616348,-310.4156339878));
#1542 = CARTESIAN_POINT('',(-0.193237962261,-278.9854813087));
#1543 = CARTESIAN_POINT('',(-0.128825308174,-247.1205040699));
#1544 = CARTESIAN_POINT('',(-6.441265408687E-02,-215.0381146726));
#1545 = CARTESIAN_POINT('',(-1.836970198721E-16,-182.9557252686));
#1546 = ( GEOMETRIC_REPRESENTATION_CONTEXT(2) 
PARAMETRIC_REPRESENTATION_CONTEXT() REPRESENTATION_CONTEXT('2D SPACE',''
  ) );
#1547 = ORIENTED_EDGE('',*,*,#1548,.F.);
#1548 = EDGE_CURVE('',#1549,#1520,#1551,.T.);
#1549 = VERTEX_POINT('',#1550);
#1550 = CARTESIAN_POINT('',(-250.,633.71612738905,30.503583538112));
#1551 = SURFACE_CURVE('',#1552,(#1556,#1562),.PCURVE_S1.);
#1552 = LINE('',#1553,#1554);
#1553 = CARTESIAN_POINT('',(-250.,640.46393606335,30.503583538112));
#1554 = VECTOR('',#1555,1.);
#1555 = DIRECTION('',(0.,1.,-0.));
#1556 = PCURVE('',#1169,#1557);
#1557 = DEFINITIONAL_REPRESENTATION('',(#1558),#1561);
#1558 = B_SPLINE_CURVE_WITH_KNOTS('',1,(#1559,#1560),.UNSPECIFIED.,.F.,
  .F.,(2,2),(-20.46393606335,119.53606393664),.PIECEWISE_BEZIER_KNOTS.);
#1559 = CARTESIAN_POINT('',(-295.2682706077,29.072127873289));
#1560 = CARTESIAN_POINT('',(-295.2682706077,169.07212787328));
#1561 = ( GEOMETRIC_REPRESENTATION_CONTEXT(2) 
PARAMETRIC_REPRESENTATION_CONTEXT() REPRESENTATION_CONTEXT('2D SPACE',''
  ) );
#1562 = PCURVE('',#1563,#1568);
#1563 = PLANE('',#1564);
#1564 = AXIS2_PLACEMENT_3D('',#1565,#1566,#1567);
#1565 = CARTESIAN_POINT('',(-250.,690.,4.64387667192E-15));
#1566 = DIRECTION('',(1.,0.,0.));
#1567 = DIRECTION('',(-0.,0.,1.));
#1568 = DEFINITIONAL_REPRESENTATION('',(#1569),#1572);
#1569 = B_SPLINE_CURVE_WITH_KNOTS('',1,(#1570,#1571),.UNSPECIFIED.,.F.,
  .F.,(2,2),(-20.46393606335,119.53606393664),.PIECEWISE_BEZIER_KNOTS.);
#1570 = CARTESIAN_POINT('',(30.503583538112,70.));
#1571 = CARTESIAN_POINT('',(30.503583538112,-70.));
#1572 = ( GEOMETRIC_REPRESENTATION_CONTEXT(2) 
PARAMETRIC_REPRESENTATION_CONTEXT() REPRESENTATION_CONTEXT('2D SPACE',''
  ) );
#1573 = ORIENTED_EDGE('',*,*,#1574,.F.);
#1574 = EDGE_CURVE('',#1575,#1549,#1577,.T.);
#1575 = VERTEX_POINT('',#1576);
#1576 = CARTESIAN_POINT('',(-271.78210265,592.85558331922,
    27.442308650096));
#1577 = SURFACE_CURVE('',#1578,(#1583,#1590),.PCURVE_S1.);
#1578 = ELLIPSE('',#1579,431.90778623577,75.);
#1579 = AXIS2_PLACEMENT_3D('',#1580,#1581,#1582);
#1580 = CARTESIAN_POINT('',(-670.4912218406,620.,-28.59260376439));
#1581 = DIRECTION('',(-0.13917310096,0.,0.990268068742));
#1582 = DIRECTION('',(-0.990268068742,0.,-0.13917310096));
#1583 = PCURVE('',#1169,#1584);
#1584 = DEFINITIONAL_REPRESENTATION('',(#1585),#1589);
#1585 = ELLIPSE('',#1586,431.90778623577,75.);
#1586 = AXIS2_PLACEMENT_2D('',#1587,#1588);
#1587 = CARTESIAN_POINT('',(-719.8919004244,29.072127873289));
#1588 = DIRECTION('',(-1.,0.));
#1589 = ( GEOMETRIC_REPRESENTATION_CONTEXT(2) 
PARAMETRIC_REPRESENTATION_CONTEXT() REPRESENTATION_CONTEXT('2D SPACE',''
  ) );
#1590 = PCURVE('',#1591,#1596);
#1591 = CYLINDRICAL_SURFACE('',#1592,75.);
#1592 = AXIS2_PLACEMENT_3D('',#1593,#1594,#1595);
#1593 = CARTESIAN_POINT('',(-293.3871880612,620.,93.935924339391));
#1594 = DIRECTION('',(-0.951056516295,-0.,-0.309016994375));
#1595 = DIRECTION('',(0.,1.,0.));
#1596 = DEFINITIONAL_REPRESENTATION('',(#1597),#1606);
#1597 = B_SPLINE_CURVE_WITH_KNOTS('',7,(#1598,#1599,#1600,#1601,#1602,
    #1603,#1604,#1605),.UNSPECIFIED.,.F.,.F.,(8,8),(2.771259994221,
    3.511925312959),.PIECEWISE_BEZIER_KNOTS.);
#1598 = CARTESIAN_POINT('',(-4.342056321016,6.000001064876E-07));
#1599 = CARTESIAN_POINT('',(-4.447865652264,-16.28867282597));
#1600 = CARTESIAN_POINT('',(-4.553674983512,-27.39830104302));
#1601 = CARTESIAN_POINT('',(-4.659484314763,-33.03103841992));
#1602 = CARTESIAN_POINT('',(-4.765293646007,-33.0310384199));
#1603 = CARTESIAN_POINT('',(-4.871102977257,-27.39830104302));
#1604 = CARTESIAN_POINT('',(-4.976912308505,-16.28867282597));
#1605 = CARTESIAN_POINT('',(-5.082721639753,6.000001064876E-07));
#1606 = ( GEOMETRIC_REPRESENTATION_CONTEXT(2) 
PARAMETRIC_REPRESENTATION_CONTEXT() REPRESENTATION_CONTEXT('2D SPACE',''
  ) );
#1607 = ORIENTED_EDGE('',*,*,#1608,.T.);
#1608 = EDGE_CURVE('',#1575,#1421,#1609,.T.);
#1609 = SURFACE_CURVE('',#1610,(#1614,#1620),.PCURVE_S1.);
#1610 = LINE('',#1611,#1612);
#1611 = CARTESIAN_POINT('',(-271.78210265,605.46393606335,
    27.442308650096));
#1612 = VECTOR('',#1613,1.);
#1613 = DIRECTION('',(0.,1.,-0.));
#1614 = PCURVE('',#1169,#1615);
#1615 = DEFINITIONAL_REPRESENTATION('',(#1616),#1619);
#1616 = B_SPLINE_CURVE_WITH_KNOTS('',1,(#1617,#1618),.UNSPECIFIED.,.F.,
  .F.,(2,2),(-60.46393606335,89.536063936644),.PIECEWISE_BEZIER_KNOTS.);
#1617 = CARTESIAN_POINT('',(-317.2644384512,-45.92787212671));
#1618 = CARTESIAN_POINT('',(-317.2644384512,104.07212787328));
#1619 = ( GEOMETRIC_REPRESENTATION_CONTEXT(2) 
PARAMETRIC_REPRESENTATION_CONTEXT() REPRESENTATION_CONTEXT('2D SPACE',''
  ) );
#1620 = PCURVE('',#1621,#1626);
#1621 = PLANE('',#1622);
#1622 = AXIS2_PLACEMENT_3D('',#1623,#1624,#1625);
#1623 = CARTESIAN_POINT('',(-293.3871880612,620.,93.935924339391));
#1624 = DIRECTION('',(0.951056516295,0.,0.309016994375));
#1625 = DIRECTION('',(-0.309016994375,0.,0.951056516295));
#1626 = DEFINITIONAL_REPRESENTATION('',(#1627),#1630);
#1627 = B_SPLINE_CURVE_WITH_KNOTS('',1,(#1628,#1629),.UNSPECIFIED.,.F.,
  .F.,(2,2),(-60.46393606335,89.536063936644),.PIECEWISE_BEZIER_KNOTS.);
#1628 = CARTESIAN_POINT('',(-69.91552505031,75.));
#1629 = CARTESIAN_POINT('',(-69.91552505031,-75.));
#1630 = ( GEOMETRIC_REPRESENTATION_CONTEXT(2) 
PARAMETRIC_REPRESENTATION_CONTEXT() REPRESENTATION_CONTEXT('2D SPACE',''
  ) );
#1631 = ADVANCED_FACE('',(#1632),#1197,.F.);
#1632 = FACE_BOUND('',#1633,.F.);
#1633 = EDGE_LOOP('',(#1634,#1635,#1658,#1679));
#1634 = ORIENTED_EDGE('',*,*,#1315,.T.);
#1635 = ORIENTED_EDGE('',*,*,#1636,.F.);
#1636 = EDGE_CURVE('',#1637,#1316,#1639,.T.);
#1637 = VERTEX_POINT('',#1638);
#1638 = CARTESIAN_POINT('',(949.80091686689,410.,67.84702144386));
#1639 = SURFACE_CURVE('',#1640,(#1644,#1651),.PCURVE_S1.);
#1640 = LINE('',#1641,#1642);
#1641 = CARTESIAN_POINT('',(949.80091686689,410.,67.84702144386));
#1642 = VECTOR('',#1643,1.);
#1643 = DIRECTION('',(-0.13917310096,0.,0.990268068742));
#1644 = PCURVE('',#1197,#1645);
#1645 = DEFINITIONAL_REPRESENTATION('',(#1646),#1650);
#1646 = LINE('',#1647,#1648);
#1647 = CARTESIAN_POINT('',(1.613722404876E+03,65.));
#1648 = VECTOR('',#1649,1.);
#1649 = DIRECTION('',(1.133465968569E-17,-1.));
#1650 = ( GEOMETRIC_REPRESENTATION_CONTEXT(2) 
PARAMETRIC_REPRESENTATION_CONTEXT() REPRESENTATION_CONTEXT('2D SPACE',''
  ) );
#1651 = PCURVE('',#1354,#1652);
#1652 = DEFINITIONAL_REPRESENTATION('',(#1653),#1657);
#1653 = LINE('',#1654,#1655);
#1654 = CARTESIAN_POINT('',(-2.107395917732E-14,65.));
#1655 = VECTOR('',#1656,1.);
#1656 = DIRECTION('',(4.697127235873E-18,-1.));
#1657 = ( GEOMETRIC_REPRESENTATION_CONTEXT(2) 
PARAMETRIC_REPRESENTATION_CONTEXT() REPRESENTATION_CONTEXT('2D SPACE',''
  ) );
#1658 = ORIENTED_EDGE('',*,*,#1659,.F.);
#1659 = EDGE_CURVE('',#1182,#1637,#1660,.T.);
#1660 = SURFACE_CURVE('',#1661,(#1665,#1672),.PCURVE_S1.);
#1661 = LINE('',#1662,#1663);
#1662 = CARTESIAN_POINT('',(-634.6279931196,200.,-154.8299400922));
#1663 = VECTOR('',#1664,1.);
#1664 = DIRECTION('',(0.981847252786,0.130133906157,0.137989632457));
#1665 = PCURVE('',#1197,#1666);
#1666 = DEFINITIONAL_REPRESENTATION('',(#1667),#1671);
#1667 = LINE('',#1668,#1669);
#1668 = CARTESIAN_POINT('',(-3.141531676826E-14,65.));
#1669 = VECTOR('',#1670,1.);
#1670 = DIRECTION('',(1.,-1.133465968569E-17));
#1671 = ( GEOMETRIC_REPRESENTATION_CONTEXT(2) 
PARAMETRIC_REPRESENTATION_CONTEXT() REPRESENTATION_CONTEXT('2D SPACE',''
  ) );
#1672 = PCURVE('',#1223,#1673);
#1673 = DEFINITIONAL_REPRESENTATION('',(#1674),#1678);
#1674 = LINE('',#1675,#1676);
#1675 = CARTESIAN_POINT('',(-701.9465317337,-390.9278721267));
#1676 = VECTOR('',#1677,1.);
#1677 = DIRECTION('',(0.991496427865,0.130133906157));
#1678 = ( GEOMETRIC_REPRESENTATION_CONTEXT(2) 
PARAMETRIC_REPRESENTATION_CONTEXT() REPRESENTATION_CONTEXT('2D SPACE',''
  ) );
#1679 = ORIENTED_EDGE('',*,*,#1181,.T.);
#1680 = ADVANCED_FACE('',(#1681),#1223,.F.);
#1681 = FACE_BOUND('',#1682,.F.);
#1682 = EDGE_LOOP('',(#1683,#1684,#1685,#1708,#1731,#1752));
#1683 = ORIENTED_EDGE('',*,*,#1209,.T.);
#1684 = ORIENTED_EDGE('',*,*,#1659,.T.);
#1685 = ORIENTED_EDGE('',*,*,#1686,.T.);
#1686 = EDGE_CURVE('',#1637,#1687,#1689,.T.);
#1687 = VERTEX_POINT('',#1688);
#1688 = CARTESIAN_POINT('',(1.197367934052E+03,680.,102.64029668387));
#1689 = SURFACE_CURVE('',#1690,(#1694,#1701),.PCURVE_S1.);
#1690 = LINE('',#1691,#1692);
#1691 = CARTESIAN_POINT('',(949.80091686689,410.,67.84702144386));
#1692 = VECTOR('',#1693,1.);
#1693 = DIRECTION('',(0.672796079239,0.733760674018,9.455532256079E-02)
  );
#1694 = PCURVE('',#1223,#1695);
#1695 = DEFINITIONAL_REPRESENTATION('',(#1696),#1700);
#1696 = LINE('',#1697,#1698);
#1697 = CARTESIAN_POINT('',(898.05346826628,-180.9278721267));
#1698 = VECTOR('',#1699,1.);
#1699 = DIRECTION('',(0.679408031498,0.733760674018));
#1700 = ( GEOMETRIC_REPRESENTATION_CONTEXT(2) 
PARAMETRIC_REPRESENTATION_CONTEXT() REPRESENTATION_CONTEXT('2D SPACE',''
  ) );
#1701 = PCURVE('',#1354,#1702);
#1702 = DEFINITIONAL_REPRESENTATION('',(#1703),#1707);
#1703 = LINE('',#1704,#1705);
#1704 = CARTESIAN_POINT('',(-2.107395917732E-14,65.));
#1705 = VECTOR('',#1706,1.);
#1706 = DIRECTION('',(1.,-4.697127235873E-18));
#1707 = ( GEOMETRIC_REPRESENTATION_CONTEXT(2) 
PARAMETRIC_REPRESENTATION_CONTEXT() REPRESENTATION_CONTEXT('2D SPACE',''
  ) );
#1708 = ORIENTED_EDGE('',*,*,#1709,.T.);
#1709 = EDGE_CURVE('',#1687,#1710,#1712,.T.);
#1710 = VERTEX_POINT('',#1711);
#1711 = CARTESIAN_POINT('',(850.77410999273,830.,53.929711347854));
#1712 = SURFACE_CURVE('',#1713,(#1717,#1724),.PCURVE_S1.);
#1713 = LINE('',#1714,#1715);
#1714 = CARTESIAN_POINT('',(1.197367934052E+03,680.,102.64029668387));
#1715 = VECTOR('',#1716,1.);
#1716 = DIRECTION('',(-0.910199973769,0.393919298579,-0.12792026406));
#1717 = PCURVE('',#1223,#1718);
#1718 = DEFINITIONAL_REPRESENTATION('',(#1719),#1723);
#1719 = LINE('',#1720,#1721);
#1720 = CARTESIAN_POINT('',(1.148053468266E+03,89.072127873289));
#1721 = VECTOR('',#1722,1.);
#1722 = DIRECTION('',(-0.919145030018,0.393919298579));
#1723 = ( GEOMETRIC_REPRESENTATION_CONTEXT(2) 
PARAMETRIC_REPRESENTATION_CONTEXT() REPRESENTATION_CONTEXT('2D SPACE',''
  ) );
#1724 = PCURVE('',#1382,#1725);
#1725 = DEFINITIONAL_REPRESENTATION('',(#1726),#1730);
#1726 = LINE('',#1727,#1728);
#1727 = CARTESIAN_POINT('',(2.668638831821E-14,65.));
#1728 = VECTOR('',#1729,1.);
#1729 = DIRECTION('',(1.,-2.117606024358E-17));
#1730 = ( GEOMETRIC_REPRESENTATION_CONTEXT(2) 
PARAMETRIC_REPRESENTATION_CONTEXT() REPRESENTATION_CONTEXT('2D SPACE',''
  ) );
#1731 = ORIENTED_EDGE('',*,*,#1732,.T.);
#1732 = EDGE_CURVE('',#1710,#1241,#1733,.T.);
#1733 = SURFACE_CURVE('',#1734,(#1738,#1745),.PCURVE_S1.);
#1734 = LINE('',#1735,#1736);
#1735 = CARTESIAN_POINT('',(850.77410999273,830.,53.929711347854));
#1736 = VECTOR('',#1737,1.);
#1737 = DIRECTION('',(-0.988862684931,5.325764291615E-02,-0.138975587146
    ));
#1738 = PCURVE('',#1223,#1739);
#1739 = DEFINITIONAL_REPRESENTATION('',(#1740),#1744);
#1740 = LINE('',#1741,#1742);
#1741 = CARTESIAN_POINT('',(798.05346826628,239.07212787328));
#1742 = VECTOR('',#1743,1.);
#1743 = DIRECTION('',(-0.998580804678,5.325764291615E-02));
#1744 = ( GEOMETRIC_REPRESENTATION_CONTEXT(2) 
PARAMETRIC_REPRESENTATION_CONTEXT() REPRESENTATION_CONTEXT('2D SPACE',''
  ) );
#1745 = PCURVE('',#1256,#1746);
#1746 = DEFINITIONAL_REPRESENTATION('',(#1747),#1751);
#1747 = LINE('',#1748,#1749);
#1748 = CARTESIAN_POINT('',(3.117835585235E-14,65.));
#1749 = VECTOR('',#1750,1.);
#1750 = DIRECTION('',(1.,-8.611742524892E-19));
#1751 = ( GEOMETRIC_REPRESENTATION_CONTEXT(2) 
PARAMETRIC_REPRESENTATION_CONTEXT() REPRESENTATION_CONTEXT('2D SPACE',''
  ) );
#1752 = ORIENTED_EDGE('',*,*,#1290,.T.);
#1753 = ADVANCED_FACE('',(#1754),#1256,.F.);
#1754 = FACE_BOUND('',#1755,.F.);
#1755 = EDGE_LOOP('',(#1756,#1777,#1778,#1779));
#1756 = ORIENTED_EDGE('',*,*,#1757,.F.);
#1757 = EDGE_CURVE('',#1367,#1710,#1758,.T.);
#1758 = SURFACE_CURVE('',#1759,(#1763,#1770),.PCURVE_S1.);
#1759 = LINE('',#1760,#1761);
#1760 = CARTESIAN_POINT('',(832.68160686793,830.,182.66456028425));
#1761 = VECTOR('',#1762,1.);
#1762 = DIRECTION('',(0.13917310096,0.,-0.990268068742));
#1763 = PCURVE('',#1256,#1764);
#1764 = DEFINITIONAL_REPRESENTATION('',(#1765),#1769);
#1765 = LINE('',#1766,#1767);
#1766 = CARTESIAN_POINT('',(-3.117835585235E-14,-65.));
#1767 = VECTOR('',#1768,1.);
#1768 = DIRECTION('',(-8.611742524892E-19,1.));
#1769 = ( GEOMETRIC_REPRESENTATION_CONTEXT(2) 
PARAMETRIC_REPRESENTATION_CONTEXT() REPRESENTATION_CONTEXT('2D SPACE',''
  ) );
#1770 = PCURVE('',#1382,#1771);
#1771 = DEFINITIONAL_REPRESENTATION('',(#1772),#1776);
#1772 = LINE('',#1773,#1774);
#1773 = CARTESIAN_POINT('',(380.78865529319,-65.));
#1774 = VECTOR('',#1775,1.);
#1775 = DIRECTION('',(-2.117606024358E-17,1.));
#1776 = ( GEOMETRIC_REPRESENTATION_CONTEXT(2) 
PARAMETRIC_REPRESENTATION_CONTEXT() REPRESENTATION_CONTEXT('2D SPACE',''
  ) );
#1777 = ORIENTED_EDGE('',*,*,#1394,.T.);
#1778 = ORIENTED_EDGE('',*,*,#1238,.T.);
#1779 = ORIENTED_EDGE('',*,*,#1732,.F.);
#1780 = ADVANCED_FACE('',(#1781),#1354,.F.);
#1781 = FACE_BOUND('',#1782,.F.);
#1782 = EDGE_LOOP('',(#1783,#1784,#1805,#1806));
#1783 = ORIENTED_EDGE('',*,*,#1338,.T.);
#1784 = ORIENTED_EDGE('',*,*,#1785,.F.);
#1785 = EDGE_CURVE('',#1687,#1339,#1786,.T.);
#1786 = SURFACE_CURVE('',#1787,(#1791,#1798),.PCURVE_S1.);
#1787 = LINE('',#1788,#1789);
#1788 = CARTESIAN_POINT('',(1.197367934052E+03,680.,102.64029668387));
#1789 = VECTOR('',#1790,1.);
#1790 = DIRECTION('',(-0.13917310096,0.,0.990268068742));
#1791 = PCURVE('',#1354,#1792);
#1792 = DEFINITIONAL_REPRESENTATION('',(#1793),#1797);
#1793 = LINE('',#1794,#1795);
#1794 = CARTESIAN_POINT('',(367.96738985948,65.));
#1795 = VECTOR('',#1796,1.);
#1796 = DIRECTION('',(4.697127235873E-18,-1.));
#1797 = ( GEOMETRIC_REPRESENTATION_CONTEXT(2) 
PARAMETRIC_REPRESENTATION_CONTEXT() REPRESENTATION_CONTEXT('2D SPACE',''
  ) );
#1798 = PCURVE('',#1382,#1799);
#1799 = DEFINITIONAL_REPRESENTATION('',(#1800),#1804);
#1800 = LINE('',#1801,#1802);
#1801 = CARTESIAN_POINT('',(2.668638831821E-14,65.));
#1802 = VECTOR('',#1803,1.);
#1803 = DIRECTION('',(2.117606024358E-17,-1.));
#1804 = ( GEOMETRIC_REPRESENTATION_CONTEXT(2) 
PARAMETRIC_REPRESENTATION_CONTEXT() REPRESENTATION_CONTEXT('2D SPACE',''
  ) );
#1805 = ORIENTED_EDGE('',*,*,#1686,.F.);
#1806 = ORIENTED_EDGE('',*,*,#1636,.T.);
#1807 = ADVANCED_FACE('',(#1808),#1382,.F.);
#1808 = FACE_BOUND('',#1809,.F.);
#1809 = EDGE_LOOP('',(#1810,#1811,#1812,#1813));
#1810 = ORIENTED_EDGE('',*,*,#1366,.T.);
#1811 = ORIENTED_EDGE('',*,*,#1757,.T.);
#1812 = ORIENTED_EDGE('',*,*,#1709,.F.);
#1813 = ORIENTED_EDGE('',*,*,#1785,.T.);
#1814 = ADVANCED_FACE('',(#1815),#1437,.T.);
#1815 = FACE_BOUND('',#1816,.F.);
#1816 = EDGE_LOOP('',(#1817,#1818,#1819,#1820,#1843,#1870,#1871,#1872,
    #1896,#1964));
#1817 = ORIENTED_EDGE('',*,*,#1418,.F.);
#1818 = ORIENTED_EDGE('',*,*,#1454,.F.);
#1819 = ORIENTED_EDGE('',*,*,#1491,.F.);
#1820 = ORIENTED_EDGE('',*,*,#1821,.F.);
#1821 = EDGE_CURVE('',#1822,#1492,#1824,.T.);
#1822 = VERTEX_POINT('',#1823);
#1823 = CARTESIAN_POINT('',(-1.05E+03,760.,0.));
#1824 = SEAM_CURVE('',#1825,(#1829,#1836),.PCURVE_S1.);
#1825 = LINE('',#1826,#1827);
#1826 = CARTESIAN_POINT('',(-1.05E+03,760.,0.));
#1827 = VECTOR('',#1828,1.);
#1828 = DIRECTION('',(1.,0.,0.));
#1829 = PCURVE('',#1437,#1830);
#1830 = DEFINITIONAL_REPRESENTATION('',(#1831),#1835);
#1831 = LINE('',#1832,#1833);
#1832 = CARTESIAN_POINT('',(-0.,400.));
#1833 = VECTOR('',#1834,1.);
#1834 = DIRECTION('',(-0.,-1.));
#1835 = ( GEOMETRIC_REPRESENTATION_CONTEXT(2) 
PARAMETRIC_REPRESENTATION_CONTEXT() REPRESENTATION_CONTEXT('2D SPACE',''
  ) );
#1836 = PCURVE('',#1437,#1837);
#1837 = DEFINITIONAL_REPRESENTATION('',(#1838),#1842);
#1838 = LINE('',#1839,#1840);
#1839 = CARTESIAN_POINT('',(-6.28318530718,400.));
#1840 = VECTOR('',#1841,1.);
#1841 = DIRECTION('',(-0.,-1.));
#1842 = ( GEOMETRIC_REPRESENTATION_CONTEXT(2) 
PARAMETRIC_REPRESENTATION_CONTEXT() REPRESENTATION_CONTEXT('2D SPACE',''
  ) );
#1843 = ORIENTED_EDGE('',*,*,#1844,.F.);
#1844 = EDGE_CURVE('',#1822,#1822,#1845,.T.);
#1845 = SURFACE_CURVE('',#1846,(#1851,#1858),.PCURVE_S1.);
#1846 = CIRCLE('',#1847,70.);
#1847 = AXIS2_PLACEMENT_3D('',#1848,#1849,#1850);
#1848 = CARTESIAN_POINT('',(-1.05E+03,690.,0.));
#1849 = DIRECTION('',(1.,0.,0.));
#1850 = DIRECTION('',(0.,1.,0.));
#1851 = PCURVE('',#1437,#1852);
#1852 = DEFINITIONAL_REPRESENTATION('',(#1853),#1857);
#1853 = LINE('',#1854,#1855);
#1854 = CARTESIAN_POINT('',(0.,400.));
#1855 = VECTOR('',#1856,1.);
#1856 = DIRECTION('',(-1.,-0.));
#1857 = ( GEOMETRIC_REPRESENTATION_CONTEXT(2) 
PARAMETRIC_REPRESENTATION_CONTEXT() REPRESENTATION_CONTEXT('2D SPACE',''
  ) );
#1858 = PCURVE('',#1859,#1864);
#1859 = PLANE('',#1860);
#1860 = AXIS2_PLACEMENT_3D('',#1861,#1862,#1863);
#1861 = CARTESIAN_POINT('',(-1.05E+03,690.,4.64387667192E-15));
#1862 = DIRECTION('',(1.,0.,0.));
#1863 = DIRECTION('',(-0.,0.,1.));
#1864 = DEFINITIONAL_REPRESENTATION('',(#1865),#1869);
#1865 = CIRCLE('',#1866,70.);
#1866 = AXIS2_PLACEMENT_2D('',#1867,#1868);
#1867 = CARTESIAN_POINT('',(-4.64387667192E-15,0.));
#1868 = DIRECTION('',(0.,-1.));
#1869 = ( GEOMETRIC_REPRESENTATION_CONTEXT(2) 
PARAMETRIC_REPRESENTATION_CONTEXT() REPRESENTATION_CONTEXT('2D SPACE',''
  ) );
#1870 = ORIENTED_EDGE('',*,*,#1821,.T.);
#1871 = ORIENTED_EDGE('',*,*,#1519,.F.);
#1872 = ORIENTED_EDGE('',*,*,#1873,.T.);
#1873 = EDGE_CURVE('',#1520,#1874,#1876,.T.);
#1874 = VERTEX_POINT('',#1875);
#1875 = CARTESIAN_POINT('',(-250.,685.62915827886,69.863407751474));
#1876 = SURFACE_CURVE('',#1877,(#1882,#1889),.PCURVE_S1.);
#1877 = CIRCLE('',#1878,70.);
#1878 = AXIS2_PLACEMENT_3D('',#1879,#1880,#1881);
#1879 = CARTESIAN_POINT('',(-250.,690.,0.));
#1880 = DIRECTION('',(1.,0.,0.));
#1881 = DIRECTION('',(0.,1.,0.));
#1882 = PCURVE('',#1437,#1883);
#1883 = DEFINITIONAL_REPRESENTATION('',(#1884),#1888);
#1884 = LINE('',#1885,#1886);
#1885 = CARTESIAN_POINT('',(-0.,-400.));
#1886 = VECTOR('',#1887,1.);
#1887 = DIRECTION('',(-1.,0.));
#1888 = ( GEOMETRIC_REPRESENTATION_CONTEXT(2) 
PARAMETRIC_REPRESENTATION_CONTEXT() REPRESENTATION_CONTEXT('2D SPACE',''
  ) );
#1889 = PCURVE('',#1563,#1890);
#1890 = DEFINITIONAL_REPRESENTATION('',(#1891),#1895);
#1891 = CIRCLE('',#1892,70.);
#1892 = AXIS2_PLACEMENT_2D('',#1893,#1894);
#1893 = CARTESIAN_POINT('',(-4.64387667192E-15,0.));
#1894 = DIRECTION('',(0.,-1.));
#1895 = ( GEOMETRIC_REPRESENTATION_CONTEXT(2) 
PARAMETRIC_REPRESENTATION_CONTEXT() REPRESENTATION_CONTEXT('2D SPACE',''
  ) );
#1896 = ORIENTED_EDGE('',*,*,#1897,.F.);
#1897 = EDGE_CURVE('',#1898,#1874,#1900,.T.);
#1898 = VERTEX_POINT('',#1899);
#1899 = CARTESIAN_POINT('',(-285.6089541364,690.65002554175,
    69.996981840613));
#1900 = SURFACE_CURVE('',#1901,(#1920,#1942),.PCURVE_S1.);
#1901 = B_SPLINE_CURVE_WITH_KNOTS('',5,(#1902,#1903,#1904,#1905,#1906,
    #1907,#1908,#1909,#1910,#1911,#1912,#1913,#1914,#1915,#1916,#1917,
    #1918,#1919),.UNSPECIFIED.,.F.,.F.,(6,4,4,4,6),(0.,0.344628500614,
    0.562488652994,0.781213482216,1.),.UNSPECIFIED.);
#1902 = CARTESIAN_POINT('',(-285.6089547671,690.65002561097,
    69.99698183997));
#1903 = CARTESIAN_POINT('',(-283.1521406156,690.38039042445,
    69.999485801887));
#1904 = CARTESIAN_POINT('',(-280.6958704313,690.0989919483,
    70.000800578258));
#1905 = CARTESIAN_POINT('',(-278.2398097702,689.80544164935,
    70.000703341835));
#1906 = CARTESIAN_POINT('',(-275.7839719445,689.49931011531,
    69.998937137539));
#1907 = CARTESIAN_POINT('',(-271.7766039502,688.97835518163,
    69.992835061943));
#1908 = CARTESIAN_POINT('',(-270.224645933,688.77135616991,
    69.989683140227));
#1909 = CARTESIAN_POINT('',(-268.6728489489,688.55900220546,
    69.985666272101));
#1910 = CARTESIAN_POINT('',(-267.1212204531,688.34114556268,
    69.980698779539));
#1911 = CARTESIAN_POINT('',(-264.0121599918,687.89320779888,
    69.968648865179));
#1912 = CARTESIAN_POINT('',(-262.4547979157,687.6630912149,
    69.961558125068));
#1913 = CARTESIAN_POINT('',(-260.8975785807,687.42708601339,
    69.95331714705));
#1914 = CARTESIAN_POINT('',(-259.340512562,687.1849997414,
    69.943817299672));
#1915 = CARTESIAN_POINT('',(-256.2264988505,686.68819418825,
    69.922055047307));
#1916 = CARTESIAN_POINT('',(-254.6695790044,686.43347585914,
    69.909791755161));
#1917 = CARTESIAN_POINT('',(-253.1128186254,686.17223326093,
    69.896025221828));
#1918 = CARTESIAN_POINT('',(-251.5562329241,685.90421422853,
    69.880615988067));
#1919 = CARTESIAN_POINT('',(-249.9999994,685.62915817281,69.86340774484)
  );
#1920 = PCURVE('',#1437,#1921);
#1921 = DEFINITIONAL_REPRESENTATION('',(#1922),#1941);
#1922 = B_SPLINE_CURVE_WITH_KNOTS('',5,(#1923,#1924,#1925,#1926,#1927,
    #1928,#1929,#1930,#1931,#1932,#1933,#1934,#1935,#1936,#1937,#1938,
    #1939,#1940),.UNSPECIFIED.,.F.,.F.,(6,4,4,4,6),(0.,0.344628500614,
    0.562488652994,0.781213482216,1.),.UNSPECIFIED.);
#1923 = CARTESIAN_POINT('',(-1.561510113175,-364.3910452328));
#1924 = CARTESIAN_POINT('',(-1.5653622105,-366.8478593843));
#1925 = CARTESIAN_POINT('',(-1.569382189723,-369.3041295686));
#1926 = CARTESIAN_POINT('',(-1.573575691195,-371.7601902297));
#1927 = CARTESIAN_POINT('',(-1.577948994451,-374.2160280554));
#1928 = CARTESIAN_POINT('',(-1.585391718308,-378.2233960497));
#1929 = CARTESIAN_POINT('',(-1.588349171949,-379.7753540669));
#1930 = CARTESIAN_POINT('',(-1.591383313245,-381.327151051));
#1931 = CARTESIAN_POINT('',(-1.594496334175,-382.8787795468));
#1932 = CARTESIAN_POINT('',(-1.600897760047,-385.9878400081));
#1933 = CARTESIAN_POINT('',(-1.604186675488,-387.5452020842));
#1934 = CARTESIAN_POINT('',(-1.607560192685,-389.1024214192));
#1935 = CARTESIAN_POINT('',(-1.611021194366,-390.6594874379));
#1936 = CARTESIAN_POINT('',(-1.618125222445,-393.7735011494));
#1937 = CARTESIAN_POINT('',(-1.621768237093,-395.3304209955));
#1938 = CARTESIAN_POINT('',(-1.625505397242,-396.8871813745));
#1939 = CARTESIAN_POINT('',(-1.629340515202,-398.4437670758));
#1940 = CARTESIAN_POINT('',(-1.633277569872,-400.0000006));
#1941 = ( GEOMETRIC_REPRESENTATION_CONTEXT(2) 
PARAMETRIC_REPRESENTATION_CONTEXT() REPRESENTATION_CONTEXT('2D SPACE',''
  ) );
#1942 = PCURVE('',#1591,#1943);
#1943 = DEFINITIONAL_REPRESENTATION('',(#1944),#1963);
#1944 = B_SPLINE_CURVE_WITH_KNOTS('',5,(#1945,#1946,#1947,#1948,#1949,
    #1950,#1951,#1952,#1953,#1954,#1955,#1956,#1957,#1958,#1959,#1960,
    #1961,#1962),.UNSPECIFIED.,.F.,.F.,(6,4,4,4,6),(0.,0.344628500614,
    0.562488652994,0.781213482216,1.),.UNSPECIFIED.);
#1945 = CARTESIAN_POINT('',(-5.940930562448,5.999999999062E-07));
#1946 = CARTESIAN_POINT('',(-5.930218380691,-2.337342274875));
#1947 = CARTESIAN_POINT('',(-5.919441466392,-4.673800327676));
#1948 = CARTESIAN_POINT('',(-5.908591560254,-7.009622776131));
#1949 = CARTESIAN_POINT('',(-5.897660976253,-9.344717556085));
#1950 = CARTESIAN_POINT('',(-5.879676791273,-13.15406535518));
#1951 = CARTESIAN_POINT('',(-5.872675705428,-14.62909114303));
#1952 = CARTESIAN_POINT('',(-5.865636836381,-16.10369649625));
#1953 = CARTESIAN_POINT('',(-5.85855769734,-17.5778478484));
#1954 = CARTESIAN_POINT('',(-5.844285139595,-20.53101643134));
#1955 = CARTESIAN_POINT('',(-5.837091686712,-22.00996462292));
#1956 = CARTESIAN_POINT('',(-5.82985190709,-23.48842161648));
#1957 = CARTESIAN_POINT('',(-5.822562691617,-24.96634378557));
#1958 = CARTESIAN_POINT('',(-5.807877454845,-27.92122191189));
#1959 = CARTESIAN_POINT('',(-5.800481528783,-29.39815111121));
#1960 = CARTESIAN_POINT('',(-5.793029117399,-30.87446412122));
#1961 = CARTESIAN_POINT('',(-5.785516276346,-32.35010338057));
#1962 = CARTESIAN_POINT('',(-5.777939329881,-33.82485177494));
#1963 = ( GEOMETRIC_REPRESENTATION_CONTEXT(2) 
PARAMETRIC_REPRESENTATION_CONTEXT() REPRESENTATION_CONTEXT('2D SPACE',''
  ) );
#1964 = ORIENTED_EDGE('',*,*,#1965,.T.);
#1965 = EDGE_CURVE('',#1898,#1421,#1966,.T.);
#1966 = SURFACE_CURVE('',#1967,(#1972,#1990),.PCURVE_S1.);
#1967 = ELLIPSE('',#1968,73.602355696679,70.);
#1968 = AXIS2_PLACEMENT_3D('',#1969,#1970,#1971);
#1969 = CARTESIAN_POINT('',(-262.8655560595,690.,0.));
#1970 = DIRECTION('',(0.951056516295,0.,0.309016994375));
#1971 = DIRECTION('',(-0.309016994375,0.,0.951056516295));
#1972 = PCURVE('',#1437,#1973);
#1973 = DEFINITIONAL_REPRESENTATION('',(#1974),#1989);
#1974 = B_SPLINE_CURVE_WITH_KNOTS('',7,(#1975,#1976,#1977,#1978,#1979,
    #1980,#1981,#1982,#1983,#1984,#1985,#1986,#1987,#1988),
  .UNSPECIFIED.,.F.,.F.,(8,6,8),(5.993433605744,6.86398831932,
    7.734543032897),.UNSPECIFIED.);
#1975 = CARTESIAN_POINT('',(-1.281044625359,-365.3381681002));
#1976 = CARTESIAN_POINT('',(-1.405409584441,-364.5299956057));
#1977 = CARTESIAN_POINT('',(-1.529774543524,-364.1151244795));
#1978 = CARTESIAN_POINT('',(-1.654139502607,-364.1139686343));
#1979 = CARTESIAN_POINT('',(-1.778504461688,-364.532049807));
#1980 = CARTESIAN_POINT('',(-1.902869420771,-365.3586632898));
#1981 = CARTESIAN_POINT('',(-2.027234379853,-366.5675938845));
#1982 = CARTESIAN_POINT('',(-2.275964298018,-369.6716778768));
#1983 = CARTESIAN_POINT('',(-2.400329257101,-371.5668311531));
#1984 = CARTESIAN_POINT('',(-2.524694216182,-373.7658864419));
#1985 = CARTESIAN_POINT('',(-2.649059175266,-376.2166394091));
#1986 = CARTESIAN_POINT('',(-2.773424134348,-378.8563400547));
#1987 = CARTESIAN_POINT('',(-2.89778909343,-381.6158895635));
#1988 = CARTESIAN_POINT('',(-3.022154052513,-384.4243414324));
#1989 = ( GEOMETRIC_REPRESENTATION_CONTEXT(2) 
PARAMETRIC_REPRESENTATION_CONTEXT() REPRESENTATION_CONTEXT('2D SPACE',''
  ) );
#1990 = PCURVE('',#1621,#1991);
#1991 = DEFINITIONAL_REPRESENTATION('',(#1992),#1996);
#1992 = ELLIPSE('',#1993,73.602355696679,70.);
#1993 = AXIS2_PLACEMENT_2D('',#1994,#1995);
#1994 = CARTESIAN_POINT('',(-98.77007594177,-70.));
#1995 = DIRECTION('',(1.,0.));
#1996 = ( GEOMETRIC_REPRESENTATION_CONTEXT(2) 
PARAMETRIC_REPRESENTATION_CONTEXT() REPRESENTATION_CONTEXT('2D SPACE',''
  ) );
#1997 = ADVANCED_FACE('',(#1998),#1621,.F.);
#1998 = FACE_BOUND('',#1999,.F.);
#1999 = EDGE_LOOP('',(#2000,#2024,#2046,#2047));
#2000 = ORIENTED_EDGE('',*,*,#2001,.T.);
#2001 = EDGE_CURVE('',#1898,#2002,#2004,.T.);
#2002 = VERTEX_POINT('',#2003);
#2003 = CARTESIAN_POINT('',(-293.3871880612,695.,93.935924339391));
#2004 = SURFACE_CURVE('',#2005,(#2010,#2017),.PCURVE_S1.);
#2005 = CIRCLE('',#2006,75.);
#2006 = AXIS2_PLACEMENT_3D('',#2007,#2008,#2009);
#2007 = CARTESIAN_POINT('',(-293.3871880612,620.,93.935924339391));
#2008 = DIRECTION('',(0.951056516295,-0.,0.309016994375));
#2009 = DIRECTION('',(0.,1.,0.));
#2010 = PCURVE('',#1621,#2011);
#2011 = DEFINITIONAL_REPRESENTATION('',(#2012),#2016);
#2012 = CIRCLE('',#2013,75.);
#2013 = AXIS2_PLACEMENT_2D('',#2014,#2015);
#2014 = CARTESIAN_POINT('',(0.,0.));
#2015 = DIRECTION('',(0.,-1.));
#2016 = ( GEOMETRIC_REPRESENTATION_CONTEXT(2) 
PARAMETRIC_REPRESENTATION_CONTEXT() REPRESENTATION_CONTEXT('2D SPACE',''
  ) );
#2017 = PCURVE('',#1591,#2018);
#2018 = DEFINITIONAL_REPRESENTATION('',(#2019),#2023);
#2019 = LINE('',#2020,#2021);
#2020 = CARTESIAN_POINT('',(-0.,0.));
#2021 = VECTOR('',#2022,1.);
#2022 = DIRECTION('',(-1.,0.));
#2023 = ( GEOMETRIC_REPRESENTATION_CONTEXT(2) 
PARAMETRIC_REPRESENTATION_CONTEXT() REPRESENTATION_CONTEXT('2D SPACE',''
  ) );
#2024 = ORIENTED_EDGE('',*,*,#2025,.T.);
#2025 = EDGE_CURVE('',#2002,#1575,#2026,.T.);
#2026 = SURFACE_CURVE('',#2027,(#2032,#2039),.PCURVE_S1.);
#2027 = CIRCLE('',#2028,75.);
#2028 = AXIS2_PLACEMENT_3D('',#2029,#2030,#2031);
#2029 = CARTESIAN_POINT('',(-293.3871880612,620.,93.935924339391));
#2030 = DIRECTION('',(0.951056516295,-0.,0.309016994375));
#2031 = DIRECTION('',(0.,1.,0.));
#2032 = PCURVE('',#1621,#2033);
#2033 = DEFINITIONAL_REPRESENTATION('',(#2034),#2038);
#2034 = CIRCLE('',#2035,75.);
#2035 = AXIS2_PLACEMENT_2D('',#2036,#2037);
#2036 = CARTESIAN_POINT('',(0.,0.));
#2037 = DIRECTION('',(0.,-1.));
#2038 = ( GEOMETRIC_REPRESENTATION_CONTEXT(2) 
PARAMETRIC_REPRESENTATION_CONTEXT() REPRESENTATION_CONTEXT('2D SPACE',''
  ) );
#2039 = PCURVE('',#1591,#2040);
#2040 = DEFINITIONAL_REPRESENTATION('',(#2041),#2045);
#2041 = LINE('',#2042,#2043);
#2042 = CARTESIAN_POINT('',(-0.,0.));
#2043 = VECTOR('',#2044,1.);
#2044 = DIRECTION('',(-1.,0.));
#2045 = ( GEOMETRIC_REPRESENTATION_CONTEXT(2) 
PARAMETRIC_REPRESENTATION_CONTEXT() REPRESENTATION_CONTEXT('2D SPACE',''
  ) );
#2046 = ORIENTED_EDGE('',*,*,#1608,.T.);
#2047 = ORIENTED_EDGE('',*,*,#1965,.F.);
#2048 = ADVANCED_FACE('',(#2049),#1591,.T.);
#2049 = FACE_BOUND('',#2050,.F.);
#2050 = EDGE_LOOP('',(#2051,#2052,#2075,#2102,#2103,#2104,#2105,#2133));
#2051 = ORIENTED_EDGE('',*,*,#2025,.F.);
#2052 = ORIENTED_EDGE('',*,*,#2053,.T.);
#2053 = EDGE_CURVE('',#2002,#2054,#2056,.T.);
#2054 = VERTEX_POINT('',#2055);
#2055 = CARTESIAN_POINT('',(296.26785204171,695.,285.52646085185));
#2056 = SEAM_CURVE('',#2057,(#2061,#2068),.PCURVE_S1.);
#2057 = LINE('',#2058,#2059);
#2058 = CARTESIAN_POINT('',(-293.3871880612,695.,93.935924339391));
#2059 = VECTOR('',#2060,1.);
#2060 = DIRECTION('',(0.951056516295,0.,0.309016994375));
#2061 = PCURVE('',#1591,#2062);
#2062 = DEFINITIONAL_REPRESENTATION('',(#2063),#2067);
#2063 = LINE('',#2064,#2065);
#2064 = CARTESIAN_POINT('',(-6.28318530718,0.));
#2065 = VECTOR('',#2066,1.);
#2066 = DIRECTION('',(-0.,-1.));
#2067 = ( GEOMETRIC_REPRESENTATION_CONTEXT(2) 
PARAMETRIC_REPRESENTATION_CONTEXT() REPRESENTATION_CONTEXT('2D SPACE',''
  ) );
#2068 = PCURVE('',#1591,#2069);
#2069 = DEFINITIONAL_REPRESENTATION('',(#2070),#2074);
#2070 = LINE('',#2071,#2072);
#2071 = CARTESIAN_POINT('',(-0.,0.));
#2072 = VECTOR('',#2073,1.);
#2073 = DIRECTION('',(-0.,-1.));
#2074 = ( GEOMETRIC_REPRESENTATION_CONTEXT(2) 
PARAMETRIC_REPRESENTATION_CONTEXT() REPRESENTATION_CONTEXT('2D SPACE',''
  ) );
#2075 = ORIENTED_EDGE('',*,*,#2076,.T.);
#2076 = EDGE_CURVE('',#2054,#2054,#2077,.T.);
#2077 = SURFACE_CURVE('',#2078,(#2083,#2090),.PCURVE_S1.);
#2078 = CIRCLE('',#2079,75.);
#2079 = AXIS2_PLACEMENT_3D('',#2080,#2081,#2082);
#2080 = CARTESIAN_POINT('',(296.26785204171,620.,285.52646085185));
#2081 = DIRECTION('',(0.951056516295,-0.,0.309016994375));
#2082 = DIRECTION('',(0.,1.,0.));
#2083 = PCURVE('',#1591,#2084);
#2084 = DEFINITIONAL_REPRESENTATION('',(#2085),#2089);
#2085 = LINE('',#2086,#2087);
#2086 = CARTESIAN_POINT('',(-0.,-620.));
#2087 = VECTOR('',#2088,1.);
#2088 = DIRECTION('',(-1.,0.));
#2089 = ( GEOMETRIC_REPRESENTATION_CONTEXT(2) 
PARAMETRIC_REPRESENTATION_CONTEXT() REPRESENTATION_CONTEXT('2D SPACE',''
  ) );
#2090 = PCURVE('',#2091,#2096);
#2091 = PLANE('',#2092);
#2092 = AXIS2_PLACEMENT_3D('',#2093,#2094,#2095);
#2093 = CARTESIAN_POINT('',(296.26785204171,620.,285.52646085185));
#2094 = DIRECTION('',(0.951056516295,0.,0.309016994375));
#2095 = DIRECTION('',(-0.309016994375,0.,0.951056516295));
#2096 = DEFINITIONAL_REPRESENTATION('',(#2097),#2101);
#2097 = CIRCLE('',#2098,75.);
#2098 = AXIS2_PLACEMENT_2D('',#2099,#2100);
#2099 = CARTESIAN_POINT('',(0.,0.));
#2100 = DIRECTION('',(0.,-1.));
#2101 = ( GEOMETRIC_REPRESENTATION_CONTEXT(2) 
PARAMETRIC_REPRESENTATION_CONTEXT() REPRESENTATION_CONTEXT('2D SPACE',''
  ) );
#2102 = ORIENTED_EDGE('',*,*,#2053,.F.);
#2103 = ORIENTED_EDGE('',*,*,#2001,.F.);
#2104 = ORIENTED_EDGE('',*,*,#1897,.T.);
#2105 = ORIENTED_EDGE('',*,*,#2106,.F.);
#2106 = EDGE_CURVE('',#1549,#1874,#2107,.T.);
#2107 = SURFACE_CURVE('',#2108,(#2113,#2126),.PCURVE_S1.);
#2108 = ELLIPSE('',#2109,78.85966681787,75.);
#2109 = AXIS2_PLACEMENT_3D('',#2110,#2111,#2112);
#2110 = CARTESIAN_POINT('',(-250.,620.,108.03327630466));
#2111 = DIRECTION('',(1.,0.,0.));
#2112 = DIRECTION('',(0.,0.,-1.));
#2113 = PCURVE('',#1591,#2114);
#2114 = DEFINITIONAL_REPRESENTATION('',(#2115),#2125);
#2115 = B_SPLINE_CURVE_WITH_KNOTS('',8,(#2116,#2117,#2118,#2119,#2120,
    #2121,#2122,#2123,#2124),.UNSPECIFIED.,.F.,.F.,(9,9),(6.208381421653
    ,7.4070438104),.PIECEWISE_BEZIER_KNOTS.);
#2116 = CARTESIAN_POINT('',(-4.637585094858,-21.31916004232));
#2117 = CARTESIAN_POINT('',(-4.787417893452,-21.0462853556));
#2118 = CARTESIAN_POINT('',(-4.937250692042,-21.39689689998));
#2119 = CARTESIAN_POINT('',(-5.087083490641,-22.38032897429));
#2120 = CARTESIAN_POINT('',(-5.236916289221,-23.97605810254));
#2121 = CARTESIAN_POINT('',(-5.386749087824,-26.13302105987));
#2122 = CARTESIAN_POINT('',(-5.536581886416,-28.77254672135));
#2123 = CARTESIAN_POINT('',(-5.686414685012,-31.79494172318));
#2124 = CARTESIAN_POINT('',(-5.836247483606,-35.08756692282));
#2125 = ( GEOMETRIC_REPRESENTATION_CONTEXT(2) 
PARAMETRIC_REPRESENTATION_CONTEXT() REPRESENTATION_CONTEXT('2D SPACE',''
  ) );
#2126 = PCURVE('',#1563,#2127);
#2127 = DEFINITIONAL_REPRESENTATION('',(#2128),#2132);
#2128 = ELLIPSE('',#2129,78.85966681787,75.);
#2129 = AXIS2_PLACEMENT_2D('',#2130,#2131);
#2130 = CARTESIAN_POINT('',(108.03327630466,70.));
#2131 = DIRECTION('',(-1.,0.));
#2132 = ( GEOMETRIC_REPRESENTATION_CONTEXT(2) 
PARAMETRIC_REPRESENTATION_CONTEXT() REPRESENTATION_CONTEXT('2D SPACE',''
  ) );
#2133 = ORIENTED_EDGE('',*,*,#1574,.F.);
#2134 = ADVANCED_FACE('',(#2135),#1563,.T.);
#2135 = FACE_BOUND('',#2136,.T.);
#2136 = EDGE_LOOP('',(#2137,#2138,#2139));
#2137 = ORIENTED_EDGE('',*,*,#2106,.F.);
#2138 = ORIENTED_EDGE('',*,*,#1548,.T.);
#2139 = ORIENTED_EDGE('',*,*,#1873,.T.);
#2140 = ADVANCED_FACE('',(#2141),#1859,.F.);
#2141 = FACE_BOUND('',#2142,.F.);
#2142 = EDGE_LOOP('',(#2143));
#2143 = ORIENTED_EDGE('',*,*,#1844,.T.);
#2144 = ADVANCED_FACE('',(#2145),#2091,.T.);
#2145 = FACE_BOUND('',#2146,.T.);
#2146 = EDGE_LOOP('',(#2147));
#2147 = ORIENTED_EDGE('',*,*,#2076,.T.);
#2148 = ( GEOMETRIC_REPRESENTATION_CONTEXT(3) 
GLOBAL_UNCERTAINTY_ASSIGNED_CONTEXT((#2152)) 
GLOBAL_UNIT_ASSIGNED_CONTEXT((#2149,#2150,#2151)) REPRESENTATION_CONTEXT
('Context #1','3D Context with UNIT and UNCERTAINTY') );
#2149 = ( LENGTH_UNIT() NAMED_UNIT(*) SI_UNIT(.MILLI.,.METRE.) );
#2150 = ( NAMED_UNIT(*) PLANE_ANGLE_UNIT() SI_UNIT($,.RADIAN.) );
#2151 = ( NAMED_UNIT(*) SI_UNIT($,.STERADIAN.) SOLID_ANGLE_UNIT() );
#2152 = UNCERTAINTY_MEASURE_WITH_UNIT(LENGTH_MEASURE(1.E-07),#2149,
  'distance_accuracy_value','confusion accuracy');
#2153 = CONTEXT_DEPENDENT_SHAPE_REPRESENTATION(#2154,#2156);
#2154 = ( REPRESENTATION_RELATIONSHIP('','',#1111,#10) 
REPRESENTATION_RELATIONSHIP_WITH_TRANSFORMATION(#2155) 
SHAPE_REPRESENTATION_RELATIONSHIP() );
#2155 = ITEM_DEFINED_TRANSFORMATION('','',#11,#19);
#2156 = PRODUCT_DEFINITION_SHAPE('Placement','Placement of an item',
  #2157);
#2157 = NEXT_ASSEMBLY_USAGE_OCCURRENCE('10','','',#5,#1106,$);
#2158 = PRODUCT_RELATED_PRODUCT_CATEGORY('part',$,(#1108));
#2159 = SHAPE_DEFINITION_REPRESENTATION(#2160,#2166);
#2160 = PRODUCT_DEFINITION_SHAPE('','',#2161);
#2161 = PRODUCT_DEFINITION('design','',#2162,#2165);
#2162 = PRODUCT_DEFINITION_FORMATION('','',#2163);
#2163 = PRODUCT('Open CASCADE STEP translator 7.9 7.3',
  'Open CASCADE STEP translator 7.9 7.3','',(#2164));
#2164 = PRODUCT_CONTEXT('',#2,'mechanical');
#2165 = PRODUCT_DEFINITION_CONTEXT('part definition',#2,'design');
#2166 = ADVANCED_BREP_SHAPE_REPRESENTATION('',(#11,#2167),#2653);
#2167 = MANIFOLD_SOLID_BREP('',#2168);
#2168 = CLOSED_SHELL('',(#2169,#2289,#2421,#2492,#2541,#2590,#2617,#2646
    ));
#2169 = ADVANCED_FACE('',(#2170),#2184,.F.);
#2170 = FACE_BOUND('',#2171,.F.);
#2171 = EDGE_LOOP('',(#2172,#2207,#2235,#2263));
#2172 = ORIENTED_EDGE('',*,*,#2173,.F.);
#2173 = EDGE_CURVE('',#2174,#2176,#2178,.T.);
#2174 = VERTEX_POINT('',#2175);
#2175 = CARTESIAN_POINT('',(562.71899159862,670.,-244.0942331804));
#2176 = VERTEX_POINT('',#2177);
#2177 = CARTESIAN_POINT('',(553.65065001188,670.,-373.7775597142));
#2178 = SURFACE_CURVE('',#2179,(#2183,#2195),.PCURVE_S1.);
#2179 = LINE('',#2180,#2181);
#2180 = CARTESIAN_POINT('',(562.71899159862,670.,-244.0942331804));
#2181 = VECTOR('',#2182,1.);
#2182 = DIRECTION('',(-6.975647374413E-02,0.,-0.99756405026));
#2183 = PCURVE('',#2184,#2189);
#2184 = PLANE('',#2185);
#2185 = AXIS2_PLACEMENT_3D('',#2186,#2187,#2188);
#2186 = CARTESIAN_POINT('',(558.18482080525,670.,-308.9358964473));
#2187 = DIRECTION('',(0.759684318017,0.648118629528,-5.312230244243E-02)
  );
#2188 = DIRECTION('',(0.646539845121,-0.761539389696,-4.521047016377E-02
    ));
#2189 = DEFINITIONAL_REPRESENTATION('',(#2190),#2194);
#2190 = LINE('',#2191,#2192);
#2191 = CARTESIAN_POINT('',(1.004274218228E-14,-65.));
#2192 = VECTOR('',#2193,1.);
#2193 = DIRECTION('',(-1.218229657616E-17,1.));
#2194 = ( GEOMETRIC_REPRESENTATION_CONTEXT(2) 
PARAMETRIC_REPRESENTATION_CONTEXT() REPRESENTATION_CONTEXT('2D SPACE',''
  ) );
#2195 = PCURVE('',#2196,#2201);
#2196 = PLANE('',#2197);
#2197 = AXIS2_PLACEMENT_3D('',#2198,#2199,#2200);
#2198 = CARTESIAN_POINT('',(957.21044090918,910.,-336.8384859449));
#2199 = DIRECTION('',(0.513242469626,-0.857492925713,-3.588940965494E-02
    ));
#2200 = DIRECTION('',(-0.855404116043,-0.514495755428,5.981568275824E-02
    ));
#2201 = DEFINITIONAL_REPRESENTATION('',(#2202),#2206);
#2202 = LINE('',#2203,#2204);
#2203 = CARTESIAN_POINT('',(466.47615158762,-65.));
#2204 = VECTOR('',#2205,1.);
#2205 = DIRECTION('',(2.430256187083E-17,1.));
#2206 = ( GEOMETRIC_REPRESENTATION_CONTEXT(2) 
PARAMETRIC_REPRESENTATION_CONTEXT() REPRESENTATION_CONTEXT('2D SPACE',''
  ) );
#2207 = ORIENTED_EDGE('',*,*,#2208,.T.);
#2208 = EDGE_CURVE('',#2174,#2209,#2211,.T.);
#2209 = VERTEX_POINT('',#2210);
#2210 = CARTESIAN_POINT('',(961.74461170255,200.,-271.996822678));
#2211 = SURFACE_CURVE('',#2212,(#2216,#2223),.PCURVE_S1.);
#2212 = LINE('',#2213,#2214);
#2213 = CARTESIAN_POINT('',(562.71899159862,670.,-244.0942331804));
#2214 = VECTOR('',#2215,1.);
#2215 = DIRECTION('',(0.646539845121,-0.761539389696,-4.521047016377E-02
    ));
#2216 = PCURVE('',#2184,#2217);
#2217 = DEFINITIONAL_REPRESENTATION('',(#2218),#2222);
#2218 = LINE('',#2219,#2220);
#2219 = CARTESIAN_POINT('',(1.004274218228E-14,-65.));
#2220 = VECTOR('',#2221,1.);
#2221 = DIRECTION('',(1.,-1.218229657616E-17));
#2222 = ( GEOMETRIC_REPRESENTATION_CONTEXT(2) 
PARAMETRIC_REPRESENTATION_CONTEXT() REPRESENTATION_CONTEXT('2D SPACE',''
  ) );
#2223 = PCURVE('',#2224,#2229);
#2224 = PLANE('',#2225);
#2225 = AXIS2_PLACEMENT_3D('',#2226,#2227,#2228);
#2226 = CARTESIAN_POINT('',(1.661981236965E+03,590.92787212671,
    -320.9621374887));
#2227 = DIRECTION('',(6.975647374413E-02,0.,0.99756405026));
#2228 = DIRECTION('',(0.99756405026,0.,-6.975647374413E-02));
#2229 = DEFINITIONAL_REPRESENTATION('',(#2230),#2234);
#2230 = LINE('',#2231,#2232);
#2231 = CARTESIAN_POINT('',(-1.101946531734E+03,79.072127873289));
#2232 = VECTOR('',#2233,1.);
#2233 = DIRECTION('',(0.648118629528,-0.761539389696));
#2234 = ( GEOMETRIC_REPRESENTATION_CONTEXT(2) 
PARAMETRIC_REPRESENTATION_CONTEXT() REPRESENTATION_CONTEXT('2D SPACE',''
  ) );
#2235 = ORIENTED_EDGE('',*,*,#2236,.F.);
#2236 = EDGE_CURVE('',#2237,#2209,#2239,.T.);
#2237 = VERTEX_POINT('',#2238);
#2238 = CARTESIAN_POINT('',(952.67627011581,200.,-401.6801492118));
#2239 = SURFACE_CURVE('',#2240,(#2244,#2251),.PCURVE_S1.);
#2240 = LINE('',#2241,#2242);
#2241 = CARTESIAN_POINT('',(952.67627011581,200.,-401.6801492118));
#2242 = VECTOR('',#2243,1.);
#2243 = DIRECTION('',(6.975647374413E-02,0.,0.99756405026));
#2244 = PCURVE('',#2184,#2245);
#2245 = DEFINITIONAL_REPRESENTATION('',(#2246),#2250);
#2246 = LINE('',#2247,#2248);
#2247 = CARTESIAN_POINT('',(617.17096496837,65.));
#2248 = VECTOR('',#2249,1.);
#2249 = DIRECTION('',(1.218229657616E-17,-1.));
#2250 = ( GEOMETRIC_REPRESENTATION_CONTEXT(2) 
PARAMETRIC_REPRESENTATION_CONTEXT() REPRESENTATION_CONTEXT('2D SPACE',''
  ) );
#2251 = PCURVE('',#2252,#2257);
#2252 = PLANE('',#2253);
#2253 = AXIS2_PLACEMENT_3D('',#2254,#2255,#2256);
#2254 = CARTESIAN_POINT('',(957.21044090918,200.,-336.8384859449));
#2255 = DIRECTION('',(-0.129816906502,0.991496427865,9.077682408077E-03)
  );
#2256 = DIRECTION('',(0.989081192399,0.130133906157,-6.916329453773E-02)
  );
#2257 = DEFINITIONAL_REPRESENTATION('',(#2258),#2262);
#2258 = LINE('',#2259,#2260);
#2259 = CARTESIAN_POINT('',(-1.589334362113E-14,65.));
#2260 = VECTOR('',#2261,1.);
#2261 = DIRECTION('',(9.101152858423E-18,-1.));
#2262 = ( GEOMETRIC_REPRESENTATION_CONTEXT(2) 
PARAMETRIC_REPRESENTATION_CONTEXT() REPRESENTATION_CONTEXT('2D SPACE',''
  ) );
#2263 = ORIENTED_EDGE('',*,*,#2264,.F.);
#2264 = EDGE_CURVE('',#2176,#2237,#2265,.T.);
#2265 = SURFACE_CURVE('',#2266,(#2270,#2277),.PCURVE_S1.);
#2266 = LINE('',#2267,#2268);
#2267 = CARTESIAN_POINT('',(553.65065001188,670.,-373.7775597142));
#2268 = VECTOR('',#2269,1.);
#2269 = DIRECTION('',(0.646539845121,-0.761539389696,-4.521047016377E-02
    ));
#2270 = PCURVE('',#2184,#2271);
#2271 = DEFINITIONAL_REPRESENTATION('',(#2272),#2276);
#2272 = LINE('',#2273,#2274);
#2273 = CARTESIAN_POINT('',(-1.004274218228E-14,65.));
#2274 = VECTOR('',#2275,1.);
#2275 = DIRECTION('',(1.,-1.218229657616E-17));
#2276 = ( GEOMETRIC_REPRESENTATION_CONTEXT(2) 
PARAMETRIC_REPRESENTATION_CONTEXT() REPRESENTATION_CONTEXT('2D SPACE',''
  ) );
#2277 = PCURVE('',#2278,#2283);
#2278 = PLANE('',#2279);
#2279 = AXIS2_PLACEMENT_3D('',#2280,#2281,#2282);
#2280 = CARTESIAN_POINT('',(1.652912895378E+03,590.92787212671,
    -450.6454640225));
#2281 = DIRECTION('',(6.975647374413E-02,0.,0.99756405026));
#2282 = DIRECTION('',(0.99756405026,0.,-6.975647374413E-02));
#2283 = DEFINITIONAL_REPRESENTATION('',(#2284),#2288);
#2284 = LINE('',#2285,#2286);
#2285 = CARTESIAN_POINT('',(-1.101946531734E+03,79.072127873289));
#2286 = VECTOR('',#2287,1.);
#2287 = DIRECTION('',(0.648118629528,-0.761539389696));
#2288 = ( GEOMETRIC_REPRESENTATION_CONTEXT(2) 
PARAMETRIC_REPRESENTATION_CONTEXT() REPRESENTATION_CONTEXT('2D SPACE',''
  ) );
#2289 = ADVANCED_FACE('',(#2290),#2278,.F.);
#2290 = FACE_BOUND('',#2291,.F.);
#2291 = EDGE_LOOP('',(#2292,#2293,#2316,#2344,#2372,#2400));
#2292 = ORIENTED_EDGE('',*,*,#2264,.T.);
#2293 = ORIENTED_EDGE('',*,*,#2294,.T.);
#2294 = EDGE_CURVE('',#2237,#2295,#2297,.T.);
#2295 = VERTEX_POINT('',#2296);
#2296 = CARTESIAN_POINT('',(2.548778750532E+03,410.,-513.2905072024));
#2297 = SURFACE_CURVE('',#2298,(#2302,#2309),.PCURVE_S1.);
#2298 = LINE('',#2299,#2300);
#2299 = CARTESIAN_POINT('',(952.67627011581,200.,-401.6801492118));
#2300 = VECTOR('',#2301,1.);
#2301 = DIRECTION('',(0.989081192399,0.130133906157,-6.916329453773E-02)
  );
#2302 = PCURVE('',#2278,#2303);
#2303 = DEFINITIONAL_REPRESENTATION('',(#2304),#2308);
#2304 = LINE('',#2305,#2306);
#2305 = CARTESIAN_POINT('',(-701.9465317337,-390.9278721267));
#2306 = VECTOR('',#2307,1.);
#2307 = DIRECTION('',(0.991496427865,0.130133906157));
#2308 = ( GEOMETRIC_REPRESENTATION_CONTEXT(2) 
PARAMETRIC_REPRESENTATION_CONTEXT() REPRESENTATION_CONTEXT('2D SPACE',''
  ) );
#2309 = PCURVE('',#2252,#2310);
#2310 = DEFINITIONAL_REPRESENTATION('',(#2311),#2315);
#2311 = LINE('',#2312,#2313);
#2312 = CARTESIAN_POINT('',(-1.589334362113E-14,65.));
#2313 = VECTOR('',#2314,1.);
#2314 = DIRECTION('',(1.,-9.101152858423E-18));
#2315 = ( GEOMETRIC_REPRESENTATION_CONTEXT(2) 
PARAMETRIC_REPRESENTATION_CONTEXT() REPRESENTATION_CONTEXT('2D SPACE',''
  ) );
#2316 = ORIENTED_EDGE('',*,*,#2317,.T.);
#2317 = EDGE_CURVE('',#2295,#2318,#2320,.T.);
#2318 = VERTEX_POINT('',#2319);
#2319 = CARTESIAN_POINT('',(2.798169763096E+03,680.,-530.7296256384));
#2320 = SURFACE_CURVE('',#2321,(#2325,#2332),.PCURVE_S1.);
#2321 = LINE('',#2322,#2323);
#2322 = CARTESIAN_POINT('',(2.548778750532E+03,410.,-513.2905072024));
#2323 = VECTOR('',#2324,1.);
#2324 = DIRECTION('',(0.677753027681,0.733760674018,-4.739310851076E-02)
  );
#2325 = PCURVE('',#2278,#2326);
#2326 = DEFINITIONAL_REPRESENTATION('',(#2327),#2331);
#2327 = LINE('',#2328,#2329);
#2328 = CARTESIAN_POINT('',(898.05346826628,-180.9278721267));
#2329 = VECTOR('',#2330,1.);
#2330 = DIRECTION('',(0.679408031498,0.733760674018));
#2331 = ( GEOMETRIC_REPRESENTATION_CONTEXT(2) 
PARAMETRIC_REPRESENTATION_CONTEXT() REPRESENTATION_CONTEXT('2D SPACE',''
  ) );
#2332 = PCURVE('',#2333,#2338);
#2333 = PLANE('',#2334);
#2334 = AXIS2_PLACEMENT_3D('',#2335,#2336,#2337);
#2335 = CARTESIAN_POINT('',(2.553312921325E+03,410.,-448.4488439355));
#2336 = DIRECTION('',(-0.731973269895,0.679408031498,5.118455719162E-02)
  );
#2337 = DIRECTION('',(0.677753027681,0.733760674018,-4.739310851076E-02)
  );
#2338 = DEFINITIONAL_REPRESENTATION('',(#2339),#2343);
#2339 = LINE('',#2340,#2341);
#2340 = CARTESIAN_POINT('',(-3.674693548073E-13,65.));
#2341 = VECTOR('',#2342,1.);
#2342 = DIRECTION('',(1.,-1.645179656726E-17));
#2343 = ( GEOMETRIC_REPRESENTATION_CONTEXT(2) 
PARAMETRIC_REPRESENTATION_CONTEXT() REPRESENTATION_CONTEXT('2D SPACE',''
  ) );
#2344 = ORIENTED_EDGE('',*,*,#2345,.T.);
#2345 = EDGE_CURVE('',#2318,#2346,#2348,.T.);
#2346 = VERTEX_POINT('',#2347);
#2347 = CARTESIAN_POINT('',(2.449022345506E+03,830.,-506.314859828));
#2348 = SURFACE_CURVE('',#2349,(#2353,#2360),.PCURVE_S1.);
#2349 = LINE('',#2350,#2351);
#2350 = CARTESIAN_POINT('',(2.798169763096E+03,680.,-530.7296256384));
#2351 = VECTOR('',#2352,1.);
#2352 = DIRECTION('',(-0.916906038921,0.393919298579,6.41163161535E-02)
  );
#2353 = PCURVE('',#2278,#2354);
#2354 = DEFINITIONAL_REPRESENTATION('',(#2355),#2359);
#2355 = LINE('',#2356,#2357);
#2356 = CARTESIAN_POINT('',(1.148053468266E+03,89.072127873289));
#2357 = VECTOR('',#2358,1.);
#2358 = DIRECTION('',(-0.919145030018,0.393919298579));
#2359 = ( GEOMETRIC_REPRESENTATION_CONTEXT(2) 
PARAMETRIC_REPRESENTATION_CONTEXT() REPRESENTATION_CONTEXT('2D SPACE',''
  ) );
#2360 = PCURVE('',#2361,#2366);
#2361 = PLANE('',#2362);
#2362 = AXIS2_PLACEMENT_3D('',#2363,#2364,#2365);
#2363 = CARTESIAN_POINT('',(2.80270393389E+03,680.,-465.8879623716));
#2364 = DIRECTION('',(-0.392959730966,-0.919145030018,2.747842120864E-02
    ));
#2365 = DIRECTION('',(-0.916906038921,0.393919298579,6.41163161535E-02)
  );
#2366 = DEFINITIONAL_REPRESENTATION('',(#2367),#2371);
#2367 = LINE('',#2368,#2369);
#2368 = CARTESIAN_POINT('',(-8.743884912895E-14,65.));
#2369 = VECTOR('',#2370,1.);
#2370 = DIRECTION('',(1.,-7.398197284549E-18));
#2371 = ( GEOMETRIC_REPRESENTATION_CONTEXT(2) 
PARAMETRIC_REPRESENTATION_CONTEXT() REPRESENTATION_CONTEXT('2D SPACE',''
  ) );
#2372 = ORIENTED_EDGE('',*,*,#2373,.T.);
#2373 = EDGE_CURVE('',#2346,#2374,#2376,.T.);
#2374 = VERTEX_POINT('',#2375);
#2375 = CARTESIAN_POINT('',(952.67627011581,910.,-401.6801492118));
#2376 = SURFACE_CURVE('',#2377,(#2381,#2388),.PCURVE_S1.);
#2377 = LINE('',#2378,#2379);
#2378 = CARTESIAN_POINT('',(2.449022345506E+03,830.,-506.314859828));
#2379 = VECTOR('',#2380,1.);
#2380 = DIRECTION('',(-0.996148312026,5.325764291615E-02,
    6.96574756829E-02));
#2381 = PCURVE('',#2278,#2382);
#2382 = DEFINITIONAL_REPRESENTATION('',(#2383),#2387);
#2383 = LINE('',#2384,#2385);
#2384 = CARTESIAN_POINT('',(798.05346826628,239.07212787328));
#2385 = VECTOR('',#2386,1.);
#2386 = DIRECTION('',(-0.998580804678,5.325764291615E-02));
#2387 = ( GEOMETRIC_REPRESENTATION_CONTEXT(2) 
PARAMETRIC_REPRESENTATION_CONTEXT() REPRESENTATION_CONTEXT('2D SPACE',''
  ) );
#2388 = PCURVE('',#2389,#2394);
#2389 = PLANE('',#2390);
#2390 = AXIS2_PLACEMENT_3D('',#2391,#2392,#2393);
#2391 = CARTESIAN_POINT('',(2.453556516299E+03,830.,-441.4731965611));
#2392 = DIRECTION('',(-5.312790997473E-02,-0.998580804678,
    3.715065369754E-03));
#2393 = DIRECTION('',(-0.996148312026,5.325764291615E-02,
    6.96574756829E-02));
#2394 = DEFINITIONAL_REPRESENTATION('',(#2395),#2399);
#2395 = LINE('',#2396,#2397);
#2396 = CARTESIAN_POINT('',(3.670800033235E-13,65.));
#2397 = VECTOR('',#2398,1.);
#2398 = DIRECTION('',(1.,3.19130249575E-17));
#2399 = ( GEOMETRIC_REPRESENTATION_CONTEXT(2) 
PARAMETRIC_REPRESENTATION_CONTEXT() REPRESENTATION_CONTEXT('2D SPACE',''
  ) );
#2400 = ORIENTED_EDGE('',*,*,#2401,.T.);
#2401 = EDGE_CURVE('',#2374,#2176,#2402,.T.);
#2402 = SURFACE_CURVE('',#2403,(#2407,#2414),.PCURVE_S1.);
#2403 = LINE('',#2404,#2405);
#2404 = CARTESIAN_POINT('',(952.67627011581,910.,-401.6801492118));
#2405 = VECTOR('',#2406,1.);
#2406 = DIRECTION('',(-0.855404116043,-0.514495755428,5.981568275824E-02
    ));
#2407 = PCURVE('',#2278,#2408);
#2408 = DEFINITIONAL_REPRESENTATION('',(#2409),#2413);
#2409 = LINE('',#2410,#2411);
#2410 = CARTESIAN_POINT('',(-701.9465317337,319.07212787328));
#2411 = VECTOR('',#2412,1.);
#2412 = DIRECTION('',(-0.857492925713,-0.514495755428));
#2413 = ( GEOMETRIC_REPRESENTATION_CONTEXT(2) 
PARAMETRIC_REPRESENTATION_CONTEXT() REPRESENTATION_CONTEXT('2D SPACE',''
  ) );
#2414 = PCURVE('',#2196,#2415);
#2415 = DEFINITIONAL_REPRESENTATION('',(#2416),#2420);
#2416 = LINE('',#2417,#2418);
#2417 = CARTESIAN_POINT('',(1.418857545618E-14,65.));
#2418 = VECTOR('',#2419,1.);
#2419 = DIRECTION('',(1.,1.736366796693E-17));
#2420 = ( GEOMETRIC_REPRESENTATION_CONTEXT(2) 
PARAMETRIC_REPRESENTATION_CONTEXT() REPRESENTATION_CONTEXT('2D SPACE',''
  ) );
#2421 = ADVANCED_FACE('',(#2422),#2389,.F.);
#2422 = FACE_BOUND('',#2423,.F.);
#2423 = EDGE_LOOP('',(#2424,#2447,#2470,#2491));
#2424 = ORIENTED_EDGE('',*,*,#2425,.F.);
#2425 = EDGE_CURVE('',#2426,#2346,#2428,.T.);
#2426 = VERTEX_POINT('',#2427);
#2427 = CARTESIAN_POINT('',(2.458090687092E+03,830.,-376.6315332942));
#2428 = SURFACE_CURVE('',#2429,(#2433,#2440),.PCURVE_S1.);
#2429 = LINE('',#2430,#2431);
#2430 = CARTESIAN_POINT('',(2.458090687092E+03,830.,-376.6315332942));
#2431 = VECTOR('',#2432,1.);
#2432 = DIRECTION('',(-6.975647374413E-02,0.,-0.99756405026));
#2433 = PCURVE('',#2389,#2434);
#2434 = DEFINITIONAL_REPRESENTATION('',(#2435),#2439);
#2435 = LINE('',#2436,#2437);
#2436 = CARTESIAN_POINT('',(1.056888360587E-13,-65.));
#2437 = VECTOR('',#2438,1.);
#2438 = DIRECTION('',(4.191254935475E-18,1.));
#2439 = ( GEOMETRIC_REPRESENTATION_CONTEXT(2) 
PARAMETRIC_REPRESENTATION_CONTEXT() REPRESENTATION_CONTEXT('2D SPACE',''
  ) );
#2440 = PCURVE('',#2361,#2441);
#2441 = DEFINITIONAL_REPRESENTATION('',(#2442),#2446);
#2442 = LINE('',#2443,#2444);
#2443 = CARTESIAN_POINT('',(380.78865529319,-65.));
#2444 = VECTOR('',#2445,1.);
#2445 = DIRECTION('',(6.445784929661E-18,1.));
#2446 = ( GEOMETRIC_REPRESENTATION_CONTEXT(2) 
PARAMETRIC_REPRESENTATION_CONTEXT() REPRESENTATION_CONTEXT('2D SPACE',''
  ) );
#2447 = ORIENTED_EDGE('',*,*,#2448,.T.);
#2448 = EDGE_CURVE('',#2426,#2449,#2451,.T.);
#2449 = VERTEX_POINT('',#2450);
#2450 = CARTESIAN_POINT('',(961.74461170255,910.,-271.996822678));
#2451 = SURFACE_CURVE('',#2452,(#2456,#2463),.PCURVE_S1.);
#2452 = LINE('',#2453,#2454);
#2453 = CARTESIAN_POINT('',(2.458090687092E+03,830.,-376.6315332942));
#2454 = VECTOR('',#2455,1.);
#2455 = DIRECTION('',(-0.996148312026,5.325764291615E-02,
    6.96574756829E-02));
#2456 = PCURVE('',#2389,#2457);
#2457 = DEFINITIONAL_REPRESENTATION('',(#2458),#2462);
#2458 = LINE('',#2459,#2460);
#2459 = CARTESIAN_POINT('',(1.056888360587E-13,-65.));
#2460 = VECTOR('',#2461,1.);
#2461 = DIRECTION('',(1.,3.19130249575E-17));
#2462 = ( GEOMETRIC_REPRESENTATION_CONTEXT(2) 
PARAMETRIC_REPRESENTATION_CONTEXT() REPRESENTATION_CONTEXT('2D SPACE',''
  ) );
#2463 = PCURVE('',#2224,#2464);
#2464 = DEFINITIONAL_REPRESENTATION('',(#2465),#2469);
#2465 = LINE('',#2466,#2467);
#2466 = CARTESIAN_POINT('',(798.05346826628,239.07212787328));
#2467 = VECTOR('',#2468,1.);
#2468 = DIRECTION('',(-0.998580804678,5.325764291615E-02));
#2469 = ( GEOMETRIC_REPRESENTATION_CONTEXT(2) 
PARAMETRIC_REPRESENTATION_CONTEXT() REPRESENTATION_CONTEXT('2D SPACE',''
  ) );
#2470 = ORIENTED_EDGE('',*,*,#2471,.T.);
#2471 = EDGE_CURVE('',#2449,#2374,#2472,.T.);
#2472 = SURFACE_CURVE('',#2473,(#2477,#2484),.PCURVE_S1.);
#2473 = LINE('',#2474,#2475);
#2474 = CARTESIAN_POINT('',(961.74461170255,910.,-271.996822678));
#2475 = VECTOR('',#2476,1.);
#2476 = DIRECTION('',(-6.975647374413E-02,0.,-0.99756405026));
#2477 = PCURVE('',#2389,#2478);
#2478 = DEFINITIONAL_REPRESENTATION('',(#2479),#2483);
#2479 = LINE('',#2480,#2481);
#2480 = CARTESIAN_POINT('',(1.50213181845E+03,-65.));
#2481 = VECTOR('',#2482,1.);
#2482 = DIRECTION('',(4.191254935475E-18,1.));
#2483 = ( GEOMETRIC_REPRESENTATION_CONTEXT(2) 
PARAMETRIC_REPRESENTATION_CONTEXT() REPRESENTATION_CONTEXT('2D SPACE',''
  ) );
#2484 = PCURVE('',#2196,#2485);
#2485 = DEFINITIONAL_REPRESENTATION('',(#2486),#2490);
#2486 = LINE('',#2487,#2488);
#2487 = CARTESIAN_POINT('',(-1.758870336566E-14,-65.));
#2488 = VECTOR('',#2489,1.);
#2489 = DIRECTION('',(2.430256187083E-17,1.));
#2490 = ( GEOMETRIC_REPRESENTATION_CONTEXT(2) 
PARAMETRIC_REPRESENTATION_CONTEXT() REPRESENTATION_CONTEXT('2D SPACE',''
  ) );
#2491 = ORIENTED_EDGE('',*,*,#2373,.F.);
#2492 = ADVANCED_FACE('',(#2493),#2361,.F.);
#2493 = FACE_BOUND('',#2494,.F.);
#2494 = EDGE_LOOP('',(#2495,#2518,#2519,#2520));
#2495 = ORIENTED_EDGE('',*,*,#2496,.T.);
#2496 = EDGE_CURVE('',#2497,#2426,#2499,.T.);
#2497 = VERTEX_POINT('',#2498);
#2498 = CARTESIAN_POINT('',(2.807238104683E+03,680.,-401.0462991047));
#2499 = SURFACE_CURVE('',#2500,(#2504,#2511),.PCURVE_S1.);
#2500 = LINE('',#2501,#2502);
#2501 = CARTESIAN_POINT('',(2.807238104683E+03,680.,-401.0462991047));
#2502 = VECTOR('',#2503,1.);
#2503 = DIRECTION('',(-0.916906038921,0.393919298579,6.41163161535E-02)
  );
#2504 = PCURVE('',#2361,#2505);
#2505 = DEFINITIONAL_REPRESENTATION('',(#2506),#2510);
#2506 = LINE('',#2507,#2508);
#2507 = CARTESIAN_POINT('',(9.837262097372E-14,-65.));
#2508 = VECTOR('',#2509,1.);
#2509 = DIRECTION('',(1.,-7.398197284549E-18));
#2510 = ( GEOMETRIC_REPRESENTATION_CONTEXT(2) 
PARAMETRIC_REPRESENTATION_CONTEXT() REPRESENTATION_CONTEXT('2D SPACE',''
  ) );
#2511 = PCURVE('',#2224,#2512);
#2512 = DEFINITIONAL_REPRESENTATION('',(#2513),#2517);
#2513 = LINE('',#2514,#2515);
#2514 = CARTESIAN_POINT('',(1.148053468266E+03,89.072127873289));
#2515 = VECTOR('',#2516,1.);
#2516 = DIRECTION('',(-0.919145030018,0.393919298579));
#2517 = ( GEOMETRIC_REPRESENTATION_CONTEXT(2) 
PARAMETRIC_REPRESENTATION_CONTEXT() REPRESENTATION_CONTEXT('2D SPACE',''
  ) );
#2518 = ORIENTED_EDGE('',*,*,#2425,.T.);
#2519 = ORIENTED_EDGE('',*,*,#2345,.F.);
#2520 = ORIENTED_EDGE('',*,*,#2521,.T.);
#2521 = EDGE_CURVE('',#2318,#2497,#2522,.T.);
#2522 = SURFACE_CURVE('',#2523,(#2527,#2534),.PCURVE_S1.);
#2523 = LINE('',#2524,#2525);
#2524 = CARTESIAN_POINT('',(2.798169763096E+03,680.,-530.7296256384));
#2525 = VECTOR('',#2526,1.);
#2526 = DIRECTION('',(6.975647374413E-02,0.,0.99756405026));
#2527 = PCURVE('',#2361,#2528);
#2528 = DEFINITIONAL_REPRESENTATION('',(#2529),#2533);
#2529 = LINE('',#2530,#2531);
#2530 = CARTESIAN_POINT('',(-8.743884912895E-14,65.));
#2531 = VECTOR('',#2532,1.);
#2532 = DIRECTION('',(-6.445784929661E-18,-1.));
#2533 = ( GEOMETRIC_REPRESENTATION_CONTEXT(2) 
PARAMETRIC_REPRESENTATION_CONTEXT() REPRESENTATION_CONTEXT('2D SPACE',''
  ) );
#2534 = PCURVE('',#2333,#2535);
#2535 = DEFINITIONAL_REPRESENTATION('',(#2536),#2540);
#2536 = LINE('',#2537,#2538);
#2537 = CARTESIAN_POINT('',(367.96738985948,65.));
#2538 = VECTOR('',#2539,1.);
#2539 = DIRECTION('',(1.646869936406E-17,-1.));
#2540 = ( GEOMETRIC_REPRESENTATION_CONTEXT(2) 
PARAMETRIC_REPRESENTATION_CONTEXT() REPRESENTATION_CONTEXT('2D SPACE',''
  ) );
#2541 = ADVANCED_FACE('',(#2542),#2333,.F.);
#2542 = FACE_BOUND('',#2543,.F.);
#2543 = EDGE_LOOP('',(#2544,#2567,#2568,#2569));
#2544 = ORIENTED_EDGE('',*,*,#2545,.T.);
#2545 = EDGE_CURVE('',#2546,#2497,#2548,.T.);
#2546 = VERTEX_POINT('',#2547);
#2547 = CARTESIAN_POINT('',(2.557847092118E+03,410.,-383.6071806686));
#2548 = SURFACE_CURVE('',#2549,(#2553,#2560),.PCURVE_S1.);
#2549 = LINE('',#2550,#2551);
#2550 = CARTESIAN_POINT('',(2.557847092118E+03,410.,-383.6071806686));
#2551 = VECTOR('',#2552,1.);
#2552 = DIRECTION('',(0.677753027681,0.733760674018,-4.739310851076E-02)
  );
#2553 = PCURVE('',#2333,#2554);
#2554 = DEFINITIONAL_REPRESENTATION('',(#2555),#2559);
#2555 = LINE('',#2556,#2557);
#2556 = CARTESIAN_POINT('',(-1.050121134141E-13,-65.));
#2557 = VECTOR('',#2558,1.);
#2558 = DIRECTION('',(1.,-1.645179656726E-17));
#2559 = ( GEOMETRIC_REPRESENTATION_CONTEXT(2) 
PARAMETRIC_REPRESENTATION_CONTEXT() REPRESENTATION_CONTEXT('2D SPACE',''
  ) );
#2560 = PCURVE('',#2224,#2561);
#2561 = DEFINITIONAL_REPRESENTATION('',(#2562),#2566);
#2562 = LINE('',#2563,#2564);
#2563 = CARTESIAN_POINT('',(898.05346826628,-180.9278721267));
#2564 = VECTOR('',#2565,1.);
#2565 = DIRECTION('',(0.679408031498,0.733760674018));
#2566 = ( GEOMETRIC_REPRESENTATION_CONTEXT(2) 
PARAMETRIC_REPRESENTATION_CONTEXT() REPRESENTATION_CONTEXT('2D SPACE',''
  ) );
#2567 = ORIENTED_EDGE('',*,*,#2521,.F.);
#2568 = ORIENTED_EDGE('',*,*,#2317,.F.);
#2569 = ORIENTED_EDGE('',*,*,#2570,.T.);
#2570 = EDGE_CURVE('',#2295,#2546,#2571,.T.);
#2571 = SURFACE_CURVE('',#2572,(#2576,#2583),.PCURVE_S1.);
#2572 = LINE('',#2573,#2574);
#2573 = CARTESIAN_POINT('',(2.548778750532E+03,410.,-513.2905072024));
#2574 = VECTOR('',#2575,1.);
#2575 = DIRECTION('',(6.975647374413E-02,0.,0.99756405026));
#2576 = PCURVE('',#2333,#2577);
#2577 = DEFINITIONAL_REPRESENTATION('',(#2578),#2582);
#2578 = LINE('',#2579,#2580);
#2579 = CARTESIAN_POINT('',(-3.674693548073E-13,65.));
#2580 = VECTOR('',#2581,1.);
#2581 = DIRECTION('',(1.646869936406E-17,-1.));
#2582 = ( GEOMETRIC_REPRESENTATION_CONTEXT(2) 
PARAMETRIC_REPRESENTATION_CONTEXT() REPRESENTATION_CONTEXT('2D SPACE',''
  ) );
#2583 = PCURVE('',#2252,#2584);
#2584 = DEFINITIONAL_REPRESENTATION('',(#2585),#2589);
#2585 = LINE('',#2586,#2587);
#2586 = CARTESIAN_POINT('',(1.613722404876E+03,65.));
#2587 = VECTOR('',#2588,1.);
#2588 = DIRECTION('',(9.101152858423E-18,-1.));
#2589 = ( GEOMETRIC_REPRESENTATION_CONTEXT(2) 
PARAMETRIC_REPRESENTATION_CONTEXT() REPRESENTATION_CONTEXT('2D SPACE',''
  ) );
#2590 = ADVANCED_FACE('',(#2591),#2252,.F.);
#2591 = FACE_BOUND('',#2592,.F.);
#2592 = EDGE_LOOP('',(#2593,#2614,#2615,#2616));
#2593 = ORIENTED_EDGE('',*,*,#2594,.T.);
#2594 = EDGE_CURVE('',#2209,#2546,#2595,.T.);
#2595 = SURFACE_CURVE('',#2596,(#2600,#2607),.PCURVE_S1.);
#2596 = LINE('',#2597,#2598);
#2597 = CARTESIAN_POINT('',(961.74461170255,200.,-271.996822678));
#2598 = VECTOR('',#2599,1.);
#2599 = DIRECTION('',(0.989081192399,0.130133906157,-6.916329453773E-02)
  );
#2600 = PCURVE('',#2252,#2601);
#2601 = DEFINITIONAL_REPRESENTATION('',(#2602),#2606);
#2602 = LINE('',#2603,#2604);
#2603 = CARTESIAN_POINT('',(1.982482174233E-14,-65.));
#2604 = VECTOR('',#2605,1.);
#2605 = DIRECTION('',(1.,-9.101152858423E-18));
#2606 = ( GEOMETRIC_REPRESENTATION_CONTEXT(2) 
PARAMETRIC_REPRESENTATION_CONTEXT() REPRESENTATION_CONTEXT('2D SPACE',''
  ) );
#2607 = PCURVE('',#2224,#2608);
#2608 = DEFINITIONAL_REPRESENTATION('',(#2609),#2613);
#2609 = LINE('',#2610,#2611);
#2610 = CARTESIAN_POINT('',(-701.9465317337,-390.9278721267));
#2611 = VECTOR('',#2612,1.);
#2612 = DIRECTION('',(0.991496427865,0.130133906157));
#2613 = ( GEOMETRIC_REPRESENTATION_CONTEXT(2) 
PARAMETRIC_REPRESENTATION_CONTEXT() REPRESENTATION_CONTEXT('2D SPACE',''
  ) );
#2614 = ORIENTED_EDGE('',*,*,#2570,.F.);
#2615 = ORIENTED_EDGE('',*,*,#2294,.F.);
#2616 = ORIENTED_EDGE('',*,*,#2236,.T.);
#2617 = ADVANCED_FACE('',(#2618),#2224,.T.);
#2618 = FACE_BOUND('',#2619,.T.);
#2619 = EDGE_LOOP('',(#2620,#2621,#2622,#2623,#2624,#2625));
#2620 = ORIENTED_EDGE('',*,*,#2208,.T.);
#2621 = ORIENTED_EDGE('',*,*,#2594,.T.);
#2622 = ORIENTED_EDGE('',*,*,#2545,.T.);
#2623 = ORIENTED_EDGE('',*,*,#2496,.T.);
#2624 = ORIENTED_EDGE('',*,*,#2448,.T.);
#2625 = ORIENTED_EDGE('',*,*,#2626,.T.);
#2626 = EDGE_CURVE('',#2449,#2174,#2627,.T.);
#2627 = SURFACE_CURVE('',#2628,(#2632,#2639),.PCURVE_S1.);
#2628 = LINE('',#2629,#2630);
#2629 = CARTESIAN_POINT('',(961.74461170255,910.,-271.996822678));
#2630 = VECTOR('',#2631,1.);
#2631 = DIRECTION('',(-0.855404116043,-0.514495755428,5.981568275824E-02
    ));
#2632 = PCURVE('',#2224,#2633);
#2633 = DEFINITIONAL_REPRESENTATION('',(#2634),#2638);
#2634 = LINE('',#2635,#2636);
#2635 = CARTESIAN_POINT('',(-701.9465317337,319.07212787328));
#2636 = VECTOR('',#2637,1.);
#2637 = DIRECTION('',(-0.857492925713,-0.514495755428));
#2638 = ( GEOMETRIC_REPRESENTATION_CONTEXT(2) 
PARAMETRIC_REPRESENTATION_CONTEXT() REPRESENTATION_CONTEXT('2D SPACE',''
  ) );
#2639 = PCURVE('',#2196,#2640);
#2640 = DEFINITIONAL_REPRESENTATION('',(#2641),#2645);
#2641 = LINE('',#2642,#2643);
#2642 = CARTESIAN_POINT('',(-1.758870336566E-14,-65.));
#2643 = VECTOR('',#2644,1.);
#2644 = DIRECTION('',(1.,1.736366796693E-17));
#2645 = ( GEOMETRIC_REPRESENTATION_CONTEXT(2) 
PARAMETRIC_REPRESENTATION_CONTEXT() REPRESENTATION_CONTEXT('2D SPACE',''
  ) );
#2646 = ADVANCED_FACE('',(#2647),#2196,.F.);
#2647 = FACE_BOUND('',#2648,.F.);
#2648 = EDGE_LOOP('',(#2649,#2650,#2651,#2652));
#2649 = ORIENTED_EDGE('',*,*,#2471,.F.);
#2650 = ORIENTED_EDGE('',*,*,#2626,.T.);
#2651 = ORIENTED_EDGE('',*,*,#2173,.T.);
#2652 = ORIENTED_EDGE('',*,*,#2401,.F.);
#2653 = ( GEOMETRIC_REPRESENTATION_CONTEXT(3) 
GLOBAL_UNCERTAINTY_ASSIGNED_CONTEXT((#2657)) 
GLOBAL_UNIT_ASSIGNED_CONTEXT((#2654,#2655,#2656)) REPRESENTATION_CONTEXT
('Context #1','3D Context with UNIT and UNCERTAINTY') );
#2654 = ( LENGTH_UNIT() NAMED_UNIT(*) SI_UNIT(.MILLI.,.METRE.) );
#2655 = ( NAMED_UNIT(*) PLANE_ANGLE_UNIT() SI_UNIT($,.RADIAN.) );
#2656 = ( NAMED_UNIT(*) SI_UNIT($,.STERADIAN.) SOLID_ANGLE_UNIT() );
#2657 = UNCERTAINTY_MEASURE_WITH_UNIT(LENGTH_MEASURE(1.E-07),#2654,
  'distance_accuracy_value','confusion accuracy');
#2658 = CONTEXT_DEPENDENT_SHAPE_REPRESENTATION(#2659,#2661);
#2659 = ( REPRESENTATION_RELATIONSHIP('','',#2166,#10) 
REPRESENTATION_RELATIONSHIP_WITH_TRANSFORMATION(#2660) 
SHAPE_REPRESENTATION_RELATIONSHIP() );
#2660 = ITEM_DEFINED_TRANSFORMATION('','',#11,#23);
#2661 = PRODUCT_DEFINITION_SHAPE('Placement','Placement of an item',
  #2662);
#2662 = NEXT_ASSEMBLY_USAGE_OCCURRENCE('11','','',#5,#2161,$);
#2663 = PRODUCT_RELATED_PRODUCT_CATEGORY('part',$,(#2163));
#2664 = SHAPE_DEFINITION_REPRESENTATION(#2665,#2671);
#2665 = PRODUCT_DEFINITION_SHAPE('','',#2666);
#2666 = PRODUCT_DEFINITION('design','',#2667,#2670);
#2667 = PRODUCT_DEFINITION_FORMATION('','',#2668);
#2668 = PRODUCT('Open CASCADE STEP translator 7.9 7.4',
  'Open CASCADE STEP translator 7.9 7.4','',(#2669));
#2669 = PRODUCT_CONTEXT('',#2,'mechanical');
#2670 = PRODUCT_DEFINITION_CONTEXT('part definition',#2,'design');
#2671 = ADVANCED_BREP_SHAPE_REPRESENTATION('',(#11,#2672),#3158);
#2672 = MANIFOLD_SOLID_BREP('',#2673);
#2673 = CLOSED_SHELL('',(#2674,#2794,#2926,#2997,#3046,#3095,#3122,#3151
    ));
#2674 = ADVANCED_FACE('',(#2675),#2689,.F.);
#2675 = FACE_BOUND('',#2676,.T.);
#2676 = EDGE_LOOP('',(#2677,#2712,#2740,#2768));
#2677 = ORIENTED_EDGE('',*,*,#2678,.F.);
#2678 = EDGE_CURVE('',#2679,#2681,#2683,.T.);
#2679 = VERTEX_POINT('',#2680);
#2680 = CARTESIAN_POINT('',(562.71899159862,-670.,-244.0942331804));
#2681 = VERTEX_POINT('',#2682);
#2682 = CARTESIAN_POINT('',(553.65065001188,-670.,-373.7775597142));
#2683 = SURFACE_CURVE('',#2684,(#2688,#2700),.PCURVE_S1.);
#2684 = LINE('',#2685,#2686);
#2685 = CARTESIAN_POINT('',(562.71899159862,-670.,-244.0942331804));
#2686 = VECTOR('',#2687,1.);
#2687 = DIRECTION('',(-6.975647374413E-02,0.,-0.99756405026));
#2688 = PCURVE('',#2689,#2694);
#2689 = PLANE('',#2690);
#2690 = AXIS2_PLACEMENT_3D('',#2691,#2692,#2693);
#2691 = CARTESIAN_POINT('',(558.18482080525,-670.,-308.9358964473));
#2692 = DIRECTION('',(0.759684318017,-0.648118629528,-5.312230244243E-02
    ));
#2693 = DIRECTION('',(-0.646539845121,-0.761539389696,4.521047016377E-02
    ));
#2694 = DEFINITIONAL_REPRESENTATION('',(#2695),#2699);
#2695 = LINE('',#2696,#2697);
#2696 = CARTESIAN_POINT('',(-1.004274218228E-14,-65.));
#2697 = VECTOR('',#2698,1.);
#2698 = DIRECTION('',(1.218229657616E-17,1.));
#2699 = ( GEOMETRIC_REPRESENTATION_CONTEXT(2) 
PARAMETRIC_REPRESENTATION_CONTEXT() REPRESENTATION_CONTEXT('2D SPACE',''
  ) );
#2700 = PCURVE('',#2701,#2706);
#2701 = PLANE('',#2702);
#2702 = AXIS2_PLACEMENT_3D('',#2703,#2704,#2705);
#2703 = CARTESIAN_POINT('',(957.21044090918,-910.,-336.8384859449));
#2704 = DIRECTION('',(0.513242469626,0.857492925713,-3.588940965494E-02)
  );
#2705 = DIRECTION('',(0.855404116043,-0.514495755428,-5.981568275824E-02
    ));
#2706 = DEFINITIONAL_REPRESENTATION('',(#2707),#2711);
#2707 = LINE('',#2708,#2709);
#2708 = CARTESIAN_POINT('',(-466.4761515876,-65.));
#2709 = VECTOR('',#2710,1.);
#2710 = DIRECTION('',(-2.430256187083E-17,1.));
#2711 = ( GEOMETRIC_REPRESENTATION_CONTEXT(2) 
PARAMETRIC_REPRESENTATION_CONTEXT() REPRESENTATION_CONTEXT('2D SPACE',''
  ) );
#2712 = ORIENTED_EDGE('',*,*,#2713,.T.);
#2713 = EDGE_CURVE('',#2679,#2714,#2716,.T.);
#2714 = VERTEX_POINT('',#2715);
#2715 = CARTESIAN_POINT('',(961.74461170255,-200.,-271.996822678));
#2716 = SURFACE_CURVE('',#2717,(#2721,#2728),.PCURVE_S1.);
#2717 = LINE('',#2718,#2719);
#2718 = CARTESIAN_POINT('',(562.71899159862,-670.,-244.0942331804));
#2719 = VECTOR('',#2720,1.);
#2720 = DIRECTION('',(0.646539845121,0.761539389696,-4.521047016377E-02)
  );
#2721 = PCURVE('',#2689,#2722);
#2722 = DEFINITIONAL_REPRESENTATION('',(#2723),#2727);
#2723 = LINE('',#2724,#2725);
#2724 = CARTESIAN_POINT('',(-1.004274218228E-14,-65.));
#2725 = VECTOR('',#2726,1.);
#2726 = DIRECTION('',(-1.,-1.218229657616E-17));
#2727 = ( GEOMETRIC_REPRESENTATION_CONTEXT(2) 
PARAMETRIC_REPRESENTATION_CONTEXT() REPRESENTATION_CONTEXT('2D SPACE',''
  ) );
#2728 = PCURVE('',#2729,#2734);
#2729 = PLANE('',#2730);
#2730 = AXIS2_PLACEMENT_3D('',#2731,#2732,#2733);
#2731 = CARTESIAN_POINT('',(1.661981236965E+03,-590.9278721267,
    -320.9621374887));
#2732 = DIRECTION('',(6.975647374413E-02,0.,0.99756405026));
#2733 = DIRECTION('',(-0.99756405026,-0.,6.975647374413E-02));
#2734 = DEFINITIONAL_REPRESENTATION('',(#2735),#2739);
#2735 = LINE('',#2736,#2737);
#2736 = CARTESIAN_POINT('',(1.101946531734E+03,79.072127873289));
#2737 = VECTOR('',#2738,1.);
#2738 = DIRECTION('',(-0.648118629528,-0.761539389696));
#2739 = ( GEOMETRIC_REPRESENTATION_CONTEXT(2) 
PARAMETRIC_REPRESENTATION_CONTEXT() REPRESENTATION_CONTEXT('2D SPACE',''
  ) );
#2740 = ORIENTED_EDGE('',*,*,#2741,.F.);
#2741 = EDGE_CURVE('',#2742,#2714,#2744,.T.);
#2742 = VERTEX_POINT('',#2743);
#2743 = CARTESIAN_POINT('',(952.67627011581,-200.,-401.6801492118));
#2744 = SURFACE_CURVE('',#2745,(#2749,#2756),.PCURVE_S1.);
#2745 = LINE('',#2746,#2747);
#2746 = CARTESIAN_POINT('',(952.67627011581,-200.,-401.6801492118));
#2747 = VECTOR('',#2748,1.);
#2748 = DIRECTION('',(6.975647374413E-02,0.,0.99756405026));
#2749 = PCURVE('',#2689,#2750);
#2750 = DEFINITIONAL_REPRESENTATION('',(#2751),#2755);
#2751 = LINE('',#2752,#2753);
#2752 = CARTESIAN_POINT('',(-617.1709649683,65.));
#2753 = VECTOR('',#2754,1.);
#2754 = DIRECTION('',(-1.218229657616E-17,-1.));
#2755 = ( GEOMETRIC_REPRESENTATION_CONTEXT(2) 
PARAMETRIC_REPRESENTATION_CONTEXT() REPRESENTATION_CONTEXT('2D SPACE',''
  ) );
#2756 = PCURVE('',#2757,#2762);
#2757 = PLANE('',#2758);
#2758 = AXIS2_PLACEMENT_3D('',#2759,#2760,#2761);
#2759 = CARTESIAN_POINT('',(957.21044090918,-200.,-336.8384859449));
#2760 = DIRECTION('',(-0.129816906502,-0.991496427865,9.077682408077E-03
    ));
#2761 = DIRECTION('',(-0.989081192399,0.130133906157,6.916329453773E-02)
  );
#2762 = DEFINITIONAL_REPRESENTATION('',(#2763),#2767);
#2763 = LINE('',#2764,#2765);
#2764 = CARTESIAN_POINT('',(1.589334362113E-14,65.));
#2765 = VECTOR('',#2766,1.);
#2766 = DIRECTION('',(-9.101152858423E-18,-1.));
#2767 = ( GEOMETRIC_REPRESENTATION_CONTEXT(2) 
PARAMETRIC_REPRESENTATION_CONTEXT() REPRESENTATION_CONTEXT('2D SPACE',''
  ) );
#2768 = ORIENTED_EDGE('',*,*,#2769,.F.);
#2769 = EDGE_CURVE('',#2681,#2742,#2770,.T.);
#2770 = SURFACE_CURVE('',#2771,(#2775,#2782),.PCURVE_S1.);
#2771 = LINE('',#2772,#2773);
#2772 = CARTESIAN_POINT('',(553.65065001188,-670.,-373.7775597142));
#2773 = VECTOR('',#2774,1.);
#2774 = DIRECTION('',(0.646539845121,0.761539389696,-4.521047016377E-02)
  );
#2775 = PCURVE('',#2689,#2776);
#2776 = DEFINITIONAL_REPRESENTATION('',(#2777),#2781);
#2777 = LINE('',#2778,#2779);
#2778 = CARTESIAN_POINT('',(1.004274218228E-14,65.));
#2779 = VECTOR('',#2780,1.);
#2780 = DIRECTION('',(-1.,-1.218229657616E-17));
#2781 = ( GEOMETRIC_REPRESENTATION_CONTEXT(2) 
PARAMETRIC_REPRESENTATION_CONTEXT() REPRESENTATION_CONTEXT('2D SPACE',''
  ) );
#2782 = PCURVE('',#2783,#2788);
#2783 = PLANE('',#2784);
#2784 = AXIS2_PLACEMENT_3D('',#2785,#2786,#2787);
#2785 = CARTESIAN_POINT('',(1.652912895378E+03,-590.9278721267,
    -450.6454640225));
#2786 = DIRECTION('',(6.975647374413E-02,0.,0.99756405026));
#2787 = DIRECTION('',(-0.99756405026,-0.,6.975647374413E-02));
#2788 = DEFINITIONAL_REPRESENTATION('',(#2789),#2793);
#2789 = LINE('',#2790,#2791);
#2790 = CARTESIAN_POINT('',(1.101946531734E+03,79.072127873289));
#2791 = VECTOR('',#2792,1.);
#2792 = DIRECTION('',(-0.648118629528,-0.761539389696));
#2793 = ( GEOMETRIC_REPRESENTATION_CONTEXT(2) 
PARAMETRIC_REPRESENTATION_CONTEXT() REPRESENTATION_CONTEXT('2D SPACE',''
  ) );
#2794 = ADVANCED_FACE('',(#2795),#2783,.F.);
#2795 = FACE_BOUND('',#2796,.T.);
#2796 = EDGE_LOOP('',(#2797,#2798,#2821,#2849,#2877,#2905));
#2797 = ORIENTED_EDGE('',*,*,#2769,.T.);
#2798 = ORIENTED_EDGE('',*,*,#2799,.T.);
#2799 = EDGE_CURVE('',#2742,#2800,#2802,.T.);
#2800 = VERTEX_POINT('',#2801);
#2801 = CARTESIAN_POINT('',(2.548778750532E+03,-410.,-513.2905072024));
#2802 = SURFACE_CURVE('',#2803,(#2807,#2814),.PCURVE_S1.);
#2803 = LINE('',#2804,#2805);
#2804 = CARTESIAN_POINT('',(952.67627011581,-200.,-401.6801492118));
#2805 = VECTOR('',#2806,1.);
#2806 = DIRECTION('',(0.989081192399,-0.130133906157,-6.916329453773E-02
    ));
#2807 = PCURVE('',#2783,#2808);
#2808 = DEFINITIONAL_REPRESENTATION('',(#2809),#2813);
#2809 = LINE('',#2810,#2811);
#2810 = CARTESIAN_POINT('',(701.94653173371,-390.9278721267));
#2811 = VECTOR('',#2812,1.);
#2812 = DIRECTION('',(-0.991496427865,0.130133906157));
#2813 = ( GEOMETRIC_REPRESENTATION_CONTEXT(2) 
PARAMETRIC_REPRESENTATION_CONTEXT() REPRESENTATION_CONTEXT('2D SPACE',''
  ) );
#2814 = PCURVE('',#2757,#2815);
#2815 = DEFINITIONAL_REPRESENTATION('',(#2816),#2820);
#2816 = LINE('',#2817,#2818);
#2817 = CARTESIAN_POINT('',(1.589334362113E-14,65.));
#2818 = VECTOR('',#2819,1.);
#2819 = DIRECTION('',(-1.,-9.101152858423E-18));
#2820 = ( GEOMETRIC_REPRESENTATION_CONTEXT(2) 
PARAMETRIC_REPRESENTATION_CONTEXT() REPRESENTATION_CONTEXT('2D SPACE',''
  ) );
#2821 = ORIENTED_EDGE('',*,*,#2822,.T.);
#2822 = EDGE_CURVE('',#2800,#2823,#2825,.T.);
#2823 = VERTEX_POINT('',#2824);
#2824 = CARTESIAN_POINT('',(2.798169763096E+03,-680.,-530.7296256384));
#2825 = SURFACE_CURVE('',#2826,(#2830,#2837),.PCURVE_S1.);
#2826 = LINE('',#2827,#2828);
#2827 = CARTESIAN_POINT('',(2.548778750532E+03,-410.,-513.2905072024));
#2828 = VECTOR('',#2829,1.);
#2829 = DIRECTION('',(0.677753027681,-0.733760674018,-4.739310851076E-02
    ));
#2830 = PCURVE('',#2783,#2831);
#2831 = DEFINITIONAL_REPRESENTATION('',(#2832),#2836);
#2832 = LINE('',#2833,#2834);
#2833 = CARTESIAN_POINT('',(-898.0534682662,-180.9278721267));
#2834 = VECTOR('',#2835,1.);
#2835 = DIRECTION('',(-0.679408031498,0.733760674018));
#2836 = ( GEOMETRIC_REPRESENTATION_CONTEXT(2) 
PARAMETRIC_REPRESENTATION_CONTEXT() REPRESENTATION_CONTEXT('2D SPACE',''
  ) );
#2837 = PCURVE('',#2838,#2843);
#2838 = PLANE('',#2839);
#2839 = AXIS2_PLACEMENT_3D('',#2840,#2841,#2842);
#2840 = CARTESIAN_POINT('',(2.553312921325E+03,-410.,-448.4488439355));
#2841 = DIRECTION('',(-0.731973269895,-0.679408031498,5.118455719162E-02
    ));
#2842 = DIRECTION('',(-0.677753027681,0.733760674018,4.739310851076E-02)
  );
#2843 = DEFINITIONAL_REPRESENTATION('',(#2844),#2848);
#2844 = LINE('',#2845,#2846);
#2845 = CARTESIAN_POINT('',(3.674693548073E-13,65.));
#2846 = VECTOR('',#2847,1.);
#2847 = DIRECTION('',(-1.,-1.645179656726E-17));
#2848 = ( GEOMETRIC_REPRESENTATION_CONTEXT(2) 
PARAMETRIC_REPRESENTATION_CONTEXT() REPRESENTATION_CONTEXT('2D SPACE',''
  ) );
#2849 = ORIENTED_EDGE('',*,*,#2850,.T.);
#2850 = EDGE_CURVE('',#2823,#2851,#2853,.T.);
#2851 = VERTEX_POINT('',#2852);
#2852 = CARTESIAN_POINT('',(2.449022345506E+03,-830.,-506.314859828));
#2853 = SURFACE_CURVE('',#2854,(#2858,#2865),.PCURVE_S1.);
#2854 = LINE('',#2855,#2856);
#2855 = CARTESIAN_POINT('',(2.798169763096E+03,-680.,-530.7296256384));
#2856 = VECTOR('',#2857,1.);
#2857 = DIRECTION('',(-0.916906038921,-0.393919298579,6.41163161535E-02)
  );
#2858 = PCURVE('',#2783,#2859);
#2859 = DEFINITIONAL_REPRESENTATION('',(#2860),#2864);
#2860 = LINE('',#2861,#2862);
#2861 = CARTESIAN_POINT('',(-1.148053468266E+03,89.072127873289));
#2862 = VECTOR('',#2863,1.);
#2863 = DIRECTION('',(0.919145030018,0.393919298579));
#2864 = ( GEOMETRIC_REPRESENTATION_CONTEXT(2) 
PARAMETRIC_REPRESENTATION_CONTEXT() REPRESENTATION_CONTEXT('2D SPACE',''
  ) );
#2865 = PCURVE('',#2866,#2871);
#2866 = PLANE('',#2867);
#2867 = AXIS2_PLACEMENT_3D('',#2868,#2869,#2870);
#2868 = CARTESIAN_POINT('',(2.80270393389E+03,-680.,-465.8879623716));
#2869 = DIRECTION('',(-0.392959730966,0.919145030018,2.747842120864E-02)
  );
#2870 = DIRECTION('',(0.916906038921,0.393919298579,-6.41163161535E-02)
  );
#2871 = DEFINITIONAL_REPRESENTATION('',(#2872),#2876);
#2872 = LINE('',#2873,#2874);
#2873 = CARTESIAN_POINT('',(8.743884912895E-14,65.));
#2874 = VECTOR('',#2875,1.);
#2875 = DIRECTION('',(-1.,-7.398197284549E-18));
#2876 = ( GEOMETRIC_REPRESENTATION_CONTEXT(2) 
PARAMETRIC_REPRESENTATION_CONTEXT() REPRESENTATION_CONTEXT('2D SPACE',''
  ) );
#2877 = ORIENTED_EDGE('',*,*,#2878,.T.);
#2878 = EDGE_CURVE('',#2851,#2879,#2881,.T.);
#2879 = VERTEX_POINT('',#2880);
#2880 = CARTESIAN_POINT('',(952.67627011581,-910.,-401.6801492118));
#2881 = SURFACE_CURVE('',#2882,(#2886,#2893),.PCURVE_S1.);
#2882 = LINE('',#2883,#2884);
#2883 = CARTESIAN_POINT('',(2.449022345506E+03,-830.,-506.314859828));
#2884 = VECTOR('',#2885,1.);
#2885 = DIRECTION('',(-0.996148312026,-5.325764291615E-02,
    6.96574756829E-02));
#2886 = PCURVE('',#2783,#2887);
#2887 = DEFINITIONAL_REPRESENTATION('',(#2888),#2892);
#2888 = LINE('',#2889,#2890);
#2889 = CARTESIAN_POINT('',(-798.0534682662,239.07212787328));
#2890 = VECTOR('',#2891,1.);
#2891 = DIRECTION('',(0.998580804678,5.325764291615E-02));
#2892 = ( GEOMETRIC_REPRESENTATION_CONTEXT(2) 
PARAMETRIC_REPRESENTATION_CONTEXT() REPRESENTATION_CONTEXT('2D SPACE',''
  ) );
#2893 = PCURVE('',#2894,#2899);
#2894 = PLANE('',#2895);
#2895 = AXIS2_PLACEMENT_3D('',#2896,#2897,#2898);
#2896 = CARTESIAN_POINT('',(2.453556516299E+03,-830.,-441.4731965611));
#2897 = DIRECTION('',(-5.312790997473E-02,0.998580804678,
    3.715065369754E-03));
#2898 = DIRECTION('',(0.996148312026,5.325764291615E-02,
    -6.96574756829E-02));
#2899 = DEFINITIONAL_REPRESENTATION('',(#2900),#2904);
#2900 = LINE('',#2901,#2902);
#2901 = CARTESIAN_POINT('',(-3.670800033235E-13,65.));
#2902 = VECTOR('',#2903,1.);
#2903 = DIRECTION('',(-1.,4.191254935475E-18));
#2904 = ( GEOMETRIC_REPRESENTATION_CONTEXT(2) 
PARAMETRIC_REPRESENTATION_CONTEXT() REPRESENTATION_CONTEXT('2D SPACE',''
  ) );
#2905 = ORIENTED_EDGE('',*,*,#2906,.T.);
#2906 = EDGE_CURVE('',#2879,#2681,#2907,.T.);
#2907 = SURFACE_CURVE('',#2908,(#2912,#2919),.PCURVE_S1.);
#2908 = LINE('',#2909,#2910);
#2909 = CARTESIAN_POINT('',(952.67627011581,-910.,-401.6801492118));
#2910 = VECTOR('',#2911,1.);
#2911 = DIRECTION('',(-0.855404116043,0.514495755428,5.981568275824E-02)
  );
#2912 = PCURVE('',#2783,#2913);
#2913 = DEFINITIONAL_REPRESENTATION('',(#2914),#2918);
#2914 = LINE('',#2915,#2916);
#2915 = CARTESIAN_POINT('',(701.94653173371,319.07212787328));
#2916 = VECTOR('',#2917,1.);
#2917 = DIRECTION('',(0.857492925713,-0.514495755428));
#2918 = ( GEOMETRIC_REPRESENTATION_CONTEXT(2) 
PARAMETRIC_REPRESENTATION_CONTEXT() REPRESENTATION_CONTEXT('2D SPACE',''
  ) );
#2919 = PCURVE('',#2701,#2920);
#2920 = DEFINITIONAL_REPRESENTATION('',(#2921),#2925);
#2921 = LINE('',#2922,#2923);
#2922 = CARTESIAN_POINT('',(-1.418857545618E-14,65.));
#2923 = VECTOR('',#2924,1.);
#2924 = DIRECTION('',(-1.,1.736366796693E-17));
#2925 = ( GEOMETRIC_REPRESENTATION_CONTEXT(2) 
PARAMETRIC_REPRESENTATION_CONTEXT() REPRESENTATION_CONTEXT('2D SPACE',''
  ) );
#2926 = ADVANCED_FACE('',(#2927),#2894,.F.);
#2927 = FACE_BOUND('',#2928,.T.);
#2928 = EDGE_LOOP('',(#2929,#2952,#2975,#2996));
#2929 = ORIENTED_EDGE('',*,*,#2930,.F.);
#2930 = EDGE_CURVE('',#2931,#2851,#2933,.T.);
#2931 = VERTEX_POINT('',#2932);
#2932 = CARTESIAN_POINT('',(2.458090687092E+03,-830.,-376.6315332942));
#2933 = SURFACE_CURVE('',#2934,(#2938,#2945),.PCURVE_S1.);
#2934 = LINE('',#2935,#2936);
#2935 = CARTESIAN_POINT('',(2.458090687092E+03,-830.,-376.6315332942));
#2936 = VECTOR('',#2937,1.);
#2937 = DIRECTION('',(-6.975647374413E-02,0.,-0.99756405026));
#2938 = PCURVE('',#2894,#2939);
#2939 = DEFINITIONAL_REPRESENTATION('',(#2940),#2944);
#2940 = LINE('',#2941,#2942);
#2941 = CARTESIAN_POINT('',(-1.056888360587E-13,-65.));
#2942 = VECTOR('',#2943,1.);
#2943 = DIRECTION('',(-4.191254935475E-18,1.));
#2944 = ( GEOMETRIC_REPRESENTATION_CONTEXT(2) 
PARAMETRIC_REPRESENTATION_CONTEXT() REPRESENTATION_CONTEXT('2D SPACE',''
  ) );
#2945 = PCURVE('',#2866,#2946);
#2946 = DEFINITIONAL_REPRESENTATION('',(#2947),#2951);
#2947 = LINE('',#2948,#2949);
#2948 = CARTESIAN_POINT('',(-380.7886552931,-65.));
#2949 = VECTOR('',#2950,1.);
#2950 = DIRECTION('',(-6.445784929661E-18,1.));
#2951 = ( GEOMETRIC_REPRESENTATION_CONTEXT(2) 
PARAMETRIC_REPRESENTATION_CONTEXT() REPRESENTATION_CONTEXT('2D SPACE',''
  ) );
#2952 = ORIENTED_EDGE('',*,*,#2953,.T.);
#2953 = EDGE_CURVE('',#2931,#2954,#2956,.T.);
#2954 = VERTEX_POINT('',#2955);
#2955 = CARTESIAN_POINT('',(961.74461170255,-910.,-271.996822678));
#2956 = SURFACE_CURVE('',#2957,(#2961,#2968),.PCURVE_S1.);
#2957 = LINE('',#2958,#2959);
#2958 = CARTESIAN_POINT('',(2.458090687092E+03,-830.,-376.6315332942));
#2959 = VECTOR('',#2960,1.);
#2960 = DIRECTION('',(-0.996148312026,-5.325764291615E-02,
    6.96574756829E-02));
#2961 = PCURVE('',#2894,#2962);
#2962 = DEFINITIONAL_REPRESENTATION('',(#2963),#2967);
#2963 = LINE('',#2964,#2965);
#2964 = CARTESIAN_POINT('',(-1.056888360587E-13,-65.));
#2965 = VECTOR('',#2966,1.);
#2966 = DIRECTION('',(-1.,4.191254935475E-18));
#2967 = ( GEOMETRIC_REPRESENTATION_CONTEXT(2) 
PARAMETRIC_REPRESENTATION_CONTEXT() REPRESENTATION_CONTEXT('2D SPACE',''
  ) );
#2968 = PCURVE('',#2729,#2969);
#2969 = DEFINITIONAL_REPRESENTATION('',(#2970),#2974);
#2970 = LINE('',#2971,#2972);
#2971 = CARTESIAN_POINT('',(-798.0534682662,239.07212787328));
#2972 = VECTOR('',#2973,1.);
#2973 = DIRECTION('',(0.998580804678,5.325764291615E-02));
#2974 = ( GEOMETRIC_REPRESENTATION_CONTEXT(2) 
PARAMETRIC_REPRESENTATION_CONTEXT() REPRESENTATION_CONTEXT('2D SPACE',''
  ) );
#2975 = ORIENTED_EDGE('',*,*,#2976,.T.);
#2976 = EDGE_CURVE('',#2954,#2879,#2977,.T.);
#2977 = SURFACE_CURVE('',#2978,(#2982,#2989),.PCURVE_S1.);
#2978 = LINE('',#2979,#2980);
#2979 = CARTESIAN_POINT('',(961.74461170255,-910.,-271.996822678));
#2980 = VECTOR('',#2981,1.);
#2981 = DIRECTION('',(-6.975647374413E-02,0.,-0.99756405026));
#2982 = PCURVE('',#2894,#2983);
#2983 = DEFINITIONAL_REPRESENTATION('',(#2984),#2988);
#2984 = LINE('',#2985,#2986);
#2985 = CARTESIAN_POINT('',(-1.50213181845E+03,-65.));
#2986 = VECTOR('',#2987,1.);
#2987 = DIRECTION('',(-4.191254935475E-18,1.));
#2988 = ( GEOMETRIC_REPRESENTATION_CONTEXT(2) 
PARAMETRIC_REPRESENTATION_CONTEXT() REPRESENTATION_CONTEXT('2D SPACE',''
  ) );
#2989 = PCURVE('',#2701,#2990);
#2990 = DEFINITIONAL_REPRESENTATION('',(#2991),#2995);
#2991 = LINE('',#2992,#2993);
#2992 = CARTESIAN_POINT('',(1.758870336566E-14,-65.));
#2993 = VECTOR('',#2994,1.);
#2994 = DIRECTION('',(-2.430256187083E-17,1.));
#2995 = ( GEOMETRIC_REPRESENTATION_CONTEXT(2) 
PARAMETRIC_REPRESENTATION_CONTEXT() REPRESENTATION_CONTEXT('2D SPACE',''
  ) );
#2996 = ORIENTED_EDGE('',*,*,#2878,.F.);
#2997 = ADVANCED_FACE('',(#2998),#2866,.F.);
#2998 = FACE_BOUND('',#2999,.T.);
#2999 = EDGE_LOOP('',(#3000,#3023,#3024,#3025));
#3000 = ORIENTED_EDGE('',*,*,#3001,.T.);
#3001 = EDGE_CURVE('',#3002,#2931,#3004,.T.);
#3002 = VERTEX_POINT('',#3003);
#3003 = CARTESIAN_POINT('',(2.807238104683E+03,-680.,-401.0462991047));
#3004 = SURFACE_CURVE('',#3005,(#3009,#3016),.PCURVE_S1.);
#3005 = LINE('',#3006,#3007);
#3006 = CARTESIAN_POINT('',(2.807238104683E+03,-680.,-401.0462991047));
#3007 = VECTOR('',#3008,1.);
#3008 = DIRECTION('',(-0.916906038921,-0.393919298579,6.41163161535E-02)
  );
#3009 = PCURVE('',#2866,#3010);
#3010 = DEFINITIONAL_REPRESENTATION('',(#3011),#3015);
#3011 = LINE('',#3012,#3013);
#3012 = CARTESIAN_POINT('',(-9.837262097372E-14,-65.));
#3013 = VECTOR('',#3014,1.);
#3014 = DIRECTION('',(-1.,-7.398197284549E-18));
#3015 = ( GEOMETRIC_REPRESENTATION_CONTEXT(2) 
PARAMETRIC_REPRESENTATION_CONTEXT() REPRESENTATION_CONTEXT('2D SPACE',''
  ) );
#3016 = PCURVE('',#2729,#3017);
#3017 = DEFINITIONAL_REPRESENTATION('',(#3018),#3022);
#3018 = LINE('',#3019,#3020);
#3019 = CARTESIAN_POINT('',(-1.148053468266E+03,89.072127873289));
#3020 = VECTOR('',#3021,1.);
#3021 = DIRECTION('',(0.919145030018,0.393919298579));
#3022 = ( GEOMETRIC_REPRESENTATION_CONTEXT(2) 
PARAMETRIC_REPRESENTATION_CONTEXT() REPRESENTATION_CONTEXT('2D SPACE',''
  ) );
#3023 = ORIENTED_EDGE('',*,*,#2930,.T.);
#3024 = ORIENTED_EDGE('',*,*,#2850,.F.);
#3025 = ORIENTED_EDGE('',*,*,#3026,.T.);
#3026 = EDGE_CURVE('',#2823,#3002,#3027,.T.);
#3027 = SURFACE_CURVE('',#3028,(#3032,#3039),.PCURVE_S1.);
#3028 = LINE('',#3029,#3030);
#3029 = CARTESIAN_POINT('',(2.798169763096E+03,-680.,-530.7296256384));
#3030 = VECTOR('',#3031,1.);
#3031 = DIRECTION('',(6.975647374413E-02,0.,0.99756405026));
#3032 = PCURVE('',#2866,#3033);
#3033 = DEFINITIONAL_REPRESENTATION('',(#3034),#3038);
#3034 = LINE('',#3035,#3036);
#3035 = CARTESIAN_POINT('',(8.743884912895E-14,65.));
#3036 = VECTOR('',#3037,1.);
#3037 = DIRECTION('',(6.445784929661E-18,-1.));
#3038 = ( GEOMETRIC_REPRESENTATION_CONTEXT(2) 
PARAMETRIC_REPRESENTATION_CONTEXT() REPRESENTATION_CONTEXT('2D SPACE',''
  ) );
#3039 = PCURVE('',#2838,#3040);
#3040 = DEFINITIONAL_REPRESENTATION('',(#3041),#3045);
#3041 = LINE('',#3042,#3043);
#3042 = CARTESIAN_POINT('',(-367.9673898594,65.));
#3043 = VECTOR('',#3044,1.);
#3044 = DIRECTION('',(-1.646869936406E-17,-1.));
#3045 = ( GEOMETRIC_REPRESENTATION_CONTEXT(2) 
PARAMETRIC_REPRESENTATION_CONTEXT() REPRESENTATION_CONTEXT('2D SPACE',''
  ) );
#3046 = ADVANCED_FACE('',(#3047),#2838,.F.);
#3047 = FACE_BOUND('',#3048,.T.);
#3048 = EDGE_LOOP('',(#3049,#3072,#3073,#3074));
#3049 = ORIENTED_EDGE('',*,*,#3050,.T.);
#3050 = EDGE_CURVE('',#3051,#3002,#3053,.T.);
#3051 = VERTEX_POINT('',#3052);
#3052 = CARTESIAN_POINT('',(2.557847092118E+03,-410.,-383.6071806686));
#3053 = SURFACE_CURVE('',#3054,(#3058,#3065),.PCURVE_S1.);
#3054 = LINE('',#3055,#3056);
#3055 = CARTESIAN_POINT('',(2.557847092118E+03,-410.,-383.6071806686));
#3056 = VECTOR('',#3057,1.);
#3057 = DIRECTION('',(0.677753027681,-0.733760674018,-4.739310851076E-02
    ));
#3058 = PCURVE('',#2838,#3059);
#3059 = DEFINITIONAL_REPRESENTATION('',(#3060),#3064);
#3060 = LINE('',#3061,#3062);
#3061 = CARTESIAN_POINT('',(1.050121134141E-13,-65.));
#3062 = VECTOR('',#3063,1.);
#3063 = DIRECTION('',(-1.,-1.645179656726E-17));
#3064 = ( GEOMETRIC_REPRESENTATION_CONTEXT(2) 
PARAMETRIC_REPRESENTATION_CONTEXT() REPRESENTATION_CONTEXT('2D SPACE',''
  ) );
#3065 = PCURVE('',#2729,#3066);
#3066 = DEFINITIONAL_REPRESENTATION('',(#3067),#3071);
#3067 = LINE('',#3068,#3069);
#3068 = CARTESIAN_POINT('',(-898.0534682662,-180.9278721267));
#3069 = VECTOR('',#3070,1.);
#3070 = DIRECTION('',(-0.679408031498,0.733760674018));
#3071 = ( GEOMETRIC_REPRESENTATION_CONTEXT(2) 
PARAMETRIC_REPRESENTATION_CONTEXT() REPRESENTATION_CONTEXT('2D SPACE',''
  ) );
#3072 = ORIENTED_EDGE('',*,*,#3026,.F.);
#3073 = ORIENTED_EDGE('',*,*,#2822,.F.);
#3074 = ORIENTED_EDGE('',*,*,#3075,.T.);
#3075 = EDGE_CURVE('',#2800,#3051,#3076,.T.);
#3076 = SURFACE_CURVE('',#3077,(#3081,#3088),.PCURVE_S1.);
#3077 = LINE('',#3078,#3079);
#3078 = CARTESIAN_POINT('',(2.548778750532E+03,-410.,-513.2905072024));
#3079 = VECTOR('',#3080,1.);
#3080 = DIRECTION('',(6.975647374413E-02,0.,0.99756405026));
#3081 = PCURVE('',#2838,#3082);
#3082 = DEFINITIONAL_REPRESENTATION('',(#3083),#3087);
#3083 = LINE('',#3084,#3085);
#3084 = CARTESIAN_POINT('',(3.674693548073E-13,65.));
#3085 = VECTOR('',#3086,1.);
#3086 = DIRECTION('',(-1.646869936406E-17,-1.));
#3087 = ( GEOMETRIC_REPRESENTATION_CONTEXT(2) 
PARAMETRIC_REPRESENTATION_CONTEXT() REPRESENTATION_CONTEXT('2D SPACE',''
  ) );
#3088 = PCURVE('',#2757,#3089);
#3089 = DEFINITIONAL_REPRESENTATION('',(#3090),#3094);
#3090 = LINE('',#3091,#3092);
#3091 = CARTESIAN_POINT('',(-1.613722404876E+03,65.));
#3092 = VECTOR('',#3093,1.);
#3093 = DIRECTION('',(-9.101152858423E-18,-1.));
#3094 = ( GEOMETRIC_REPRESENTATION_CONTEXT(2) 
PARAMETRIC_REPRESENTATION_CONTEXT() REPRESENTATION_CONTEXT('2D SPACE',''
  ) );
#3095 = ADVANCED_FACE('',(#3096),#2757,.F.);
#3096 = FACE_BOUND('',#3097,.T.);
#3097 = EDGE_LOOP('',(#3098,#3119,#3120,#3121));
#3098 = ORIENTED_EDGE('',*,*,#3099,.T.);
#3099 = EDGE_CURVE('',#2714,#3051,#3100,.T.);
#3100 = SURFACE_CURVE('',#3101,(#3105,#3112),.PCURVE_S1.);
#3101 = LINE('',#3102,#3103);
#3102 = CARTESIAN_POINT('',(961.74461170255,-200.,-271.996822678));
#3103 = VECTOR('',#3104,1.);
#3104 = DIRECTION('',(0.989081192399,-0.130133906157,-6.916329453773E-02
    ));
#3105 = PCURVE('',#2757,#3106);
#3106 = DEFINITIONAL_REPRESENTATION('',(#3107),#3111);
#3107 = LINE('',#3108,#3109);
#3108 = CARTESIAN_POINT('',(-1.982482174233E-14,-65.));
#3109 = VECTOR('',#3110,1.);
#3110 = DIRECTION('',(-1.,-9.101152858423E-18));
#3111 = ( GEOMETRIC_REPRESENTATION_CONTEXT(2) 
PARAMETRIC_REPRESENTATION_CONTEXT() REPRESENTATION_CONTEXT('2D SPACE',''
  ) );
#3112 = PCURVE('',#2729,#3113);
#3113 = DEFINITIONAL_REPRESENTATION('',(#3114),#3118);
#3114 = LINE('',#3115,#3116);
#3115 = CARTESIAN_POINT('',(701.94653173371,-390.9278721267));
#3116 = VECTOR('',#3117,1.);
#3117 = DIRECTION('',(-0.991496427865,0.130133906157));
#3118 = ( GEOMETRIC_REPRESENTATION_CONTEXT(2) 
PARAMETRIC_REPRESENTATION_CONTEXT() REPRESENTATION_CONTEXT('2D SPACE',''
  ) );
#3119 = ORIENTED_EDGE('',*,*,#3075,.F.);
#3120 = ORIENTED_EDGE('',*,*,#2799,.F.);
#3121 = ORIENTED_EDGE('',*,*,#2741,.T.);
#3122 = ADVANCED_FACE('',(#3123),#2729,.T.);
#3123 = FACE_BOUND('',#3124,.F.);
#3124 = EDGE_LOOP('',(#3125,#3126,#3127,#3128,#3129,#3130));
#3125 = ORIENTED_EDGE('',*,*,#2713,.T.);
#3126 = ORIENTED_EDGE('',*,*,#3099,.T.);
#3127 = ORIENTED_EDGE('',*,*,#3050,.T.);
#3128 = ORIENTED_EDGE('',*,*,#3001,.T.);
#3129 = ORIENTED_EDGE('',*,*,#2953,.T.);
#3130 = ORIENTED_EDGE('',*,*,#3131,.T.);
#3131 = EDGE_CURVE('',#2954,#2679,#3132,.T.);
#3132 = SURFACE_CURVE('',#3133,(#3137,#3144),.PCURVE_S1.);
#3133 = LINE('',#3134,#3135);
#3134 = CARTESIAN_POINT('',(961.74461170255,-910.,-271.996822678));
#3135 = VECTOR('',#3136,1.);
#3136 = DIRECTION('',(-0.855404116043,0.514495755428,5.981568275824E-02)
  );
#3137 = PCURVE('',#2729,#3138);
#3138 = DEFINITIONAL_REPRESENTATION('',(#3139),#3143);
#3139 = LINE('',#3140,#3141);
#3140 = CARTESIAN_POINT('',(701.94653173371,319.07212787328));
#3141 = VECTOR('',#3142,1.);
#3142 = DIRECTION('',(0.857492925713,-0.514495755428));
#3143 = ( GEOMETRIC_REPRESENTATION_CONTEXT(2) 
PARAMETRIC_REPRESENTATION_CONTEXT() REPRESENTATION_CONTEXT('2D SPACE',''
  ) );
#3144 = PCURVE('',#2701,#3145);
#3145 = DEFINITIONAL_REPRESENTATION('',(#3146),#3150);
#3146 = LINE('',#3147,#3148);
#3147 = CARTESIAN_POINT('',(1.758870336566E-14,-65.));
#3148 = VECTOR('',#3149,1.);
#3149 = DIRECTION('',(-1.,1.736366796693E-17));
#3150 = ( GEOMETRIC_REPRESENTATION_CONTEXT(2) 
PARAMETRIC_REPRESENTATION_CONTEXT() REPRESENTATION_CONTEXT('2D SPACE',''
  ) );
#3151 = ADVANCED_FACE('',(#3152),#2701,.F.);
#3152 = FACE_BOUND('',#3153,.T.);
#3153 = EDGE_LOOP('',(#3154,#3155,#3156,#3157));
#3154 = ORIENTED_EDGE('',*,*,#2976,.F.);
#3155 = ORIENTED_EDGE('',*,*,#3131,.T.);
#3156 = ORIENTED_EDGE('',*,*,#2678,.T.);
#3157 = ORIENTED_EDGE('',*,*,#2906,.F.);
#3158 = ( GEOMETRIC_REPRESENTATION_CONTEXT(3) 
GLOBAL_UNCERTAINTY_ASSIGNED_CONTEXT((#3162)) 
GLOBAL_UNIT_ASSIGNED_CONTEXT((#3159,#3160,#3161)) REPRESENTATION_CONTEXT
('Context #1','3D Context with UNIT and UNCERTAINTY') );
#3159 = ( LENGTH_UNIT() NAMED_UNIT(*) SI_UNIT(.MILLI.,.METRE.) );
#3160 = ( NAMED_UNIT(*) PLANE_ANGLE_UNIT() SI_UNIT($,.RADIAN.) );
#3161 = ( NAMED_UNIT(*) SI_UNIT($,.STERADIAN.) SOLID_ANGLE_UNIT() );
#3162 = UNCERTAINTY_MEASURE_WITH_UNIT(LENGTH_MEASURE(1.E-07),#3159,
  'distance_accuracy_value','confusion accuracy');
#3163 = CONTEXT_DEPENDENT_SHAPE_REPRESENTATION(#3164,#3166);
#3164 = ( REPRESENTATION_RELATIONSHIP('','',#2671,#10) 
REPRESENTATION_RELATIONSHIP_WITH_TRANSFORMATION(#3165) 
SHAPE_REPRESENTATION_RELATIONSHIP() );
#3165 = ITEM_DEFINED_TRANSFORMATION('','',#11,#27);
#3166 = PRODUCT_DEFINITION_SHAPE('Placement','Placement of an item',
  #3167);
#3167 = NEXT_ASSEMBLY_USAGE_OCCURRENCE('12','','',#5,#2666,$);
#3168 = PRODUCT_RELATED_PRODUCT_CATEGORY('part',$,(#2668));
ENDSEC;
END-ISO-10303-21;
