ISO-10303-21;
HEADER;
FILE_DESCRIPTION(('Open CASCADE Model'),'2;1');
FILE_NAME('Open CASCADE Shape Model','2026-09-20T19:28:57',('Author'),(
    'Open CASCADE'),'Open CASCADE STEP processor 7.9','Open CASCADE 7.9'
  ,'Unknown');
FILE_SCHEMA(('AUTOMOTIVE_DESIGN { 1 0 10303 214 1 1 1 1 }'));
ENDSEC;
DATA;
#1 = APPLICATION_PROTOCOL_DEFINITION('international standard',
  'automotive_design',2000,#2);
#2 = APPLICATION_CONTEXT(
  'core data for automotive mechanical design processes');
#3 = SHAPE_DEFINITION_REPRESENTATION(#4,#10);
#4 = PRODUCT_DEFINITION_SHAPE('','',#5);
#5 = PRODUCT_DEFINITION('design','',#6,#9);
#6 = PRODUCT_DEFINITION_FORMATION('','',#7);
#7 = PRODUCT('Open CASCADE STEP translator 7.9 5',
  'Open CASCADE STEP translator 7.9 5','',(#8));
#8 = PRODUCT_CONTEXT('',#2,'mechanical');
#9 = PRODUCT_DEFINITION_CONTEXT('part definition',#2,'design');
#10 = ADVANCED_BREP_SHAPE_REPRESENTATION('',(#11,#15),#16461);
#11 = AXIS2_PLACEMENT_3D('',#12,#13,#14);
#12 = CARTESIAN_POINT('',(0.,0.,0.));
#13 = DIRECTION('',(0.,0.,1.));
#14 = DIRECTION('',(1.,0.,-0.));
#15 = MANIFOLD_SOLID_BREP('',#16);
#16 = CLOSED_SHELL('',(#17,#137,#225,#304,#385,#461,#491,#521,#597,#1122
    ,#1147,#2490,#2515,#2591,#2622,#2653,#2731,#2762,#2829,#2906,#2960,
    #3015,#3069,#3124,#3178,#3233,#3265,#3342,#3396,#3451,#3505,#3560,
    #3614,#3669,#3701,#3732,#3801,#3827,#7203,#7253,#7824,#7879,#7933,
    #7988,#8665,#8732,#11870,#11875,#11926,#11981,#12009,#12060,#12115,
    #12143,#12194,#12249,#12277,#12282,#12309,#12364,#12418,#12451,
    #12478,#12483,#12534,#12589,#12617,#12668,#12723,#12751,#12802,
    #12857,#12885,#12952,#12958,#12964,#12971,#12977,#13027,#13082,
    #13109,#13159,#13186,#13236,#13263,#13290,#13340,#13395,#13422,
    #13472,#13499,#13549,#13576,#13603,#13609,#13636,#13663,#13690,
    #13717,#13744,#13769,#13794,#13821,#13848,#13875,#13902,#13929,
    #13956,#13981,#14006,#14033,#14060,#14087,#14114,#14141,#14148,
    #14174,#14223,#14250,#14300,#14327,#14353,#14379,#14405,#14454,
    #14481,#14531,#14558,#14584,#14610,#14636,#14685,#14712,#14762,
    #14789,#14815,#14841,#14919,#14946,#14996,#15023,#15073,#15100,
    #15127,#15154,#15181,#15208,#15233,#15258,#15285,#15312,#15339,
    #15366,#15393,#15420,#15445,#15470,#15497,#15524,#15551,#15578,
    #15605,#15612,#15638,#15687,#15714,#15764,#15791,#15817,#15843,
    #15869,#15918,#15945,#15995,#16022,#16048,#16074,#16100,#16149,
    #16176,#16226,#16253,#16279,#16305,#16314,#16323,#16332,#16359,
    #16407,#16413,#16422,#16431,#16440,#16447,#16454));
#17 = ADVANCED_FACE('',(#18),#32,.F.);
#18 = FACE_BOUND('',#19,.F.);
#19 = EDGE_LOOP('',(#20,#55,#83,#111));
#20 = ORIENTED_EDGE('',*,*,#21,.F.);
#21 = EDGE_CURVE('',#22,#24,#26,.T.);
#22 = VERTEX_POINT('',#23);
#23 = CARTESIAN_POINT('',(-2.6E+03,-1.19E+03,-20.));
#24 = VERTEX_POINT('',#25);
#25 = CARTESIAN_POINT('',(-2.6E+03,-1.19E+03,20.));
#26 = SURFACE_CURVE('',#27,(#31,#43),.PCURVE_S1.);
#27 = LINE('',#28,#29);
#28 = CARTESIAN_POINT('',(-2.6E+03,-1.19E+03,-130.));
#29 = VECTOR('',#30,1.);
#30 = DIRECTION('',(0.,0.,1.));
#31 = PCURVE('',#32,#37);
#32 = PLANE('',#33);
#33 = AXIS2_PLACEMENT_3D('',#34,#35,#36);
#34 = CARTESIAN_POINT('',(-2.6E+03,-1.3E+03,-130.));
#35 = DIRECTION('',(1.,0.,0.));
#36 = DIRECTION('',(0.,0.,1.));
#37 = DEFINITIONAL_REPRESENTATION('',(#38),#42);
#38 = LINE('',#39,#40);
#39 = CARTESIAN_POINT('',(0.,-110.));
#40 = VECTOR('',#41,1.);
#41 = DIRECTION('',(1.,0.));
#42 = ( GEOMETRIC_REPRESENTATION_CONTEXT(2) 
PARAMETRIC_REPRESENTATION_CONTEXT() REPRESENTATION_CONTEXT('2D SPACE',''
  ) );
#43 = PCURVE('',#44,#49);
#44 = CYLINDRICAL_SURFACE('',#45,110.);
#45 = AXIS2_PLACEMENT_3D('',#46,#47,#48);
#46 = CARTESIAN_POINT('',(-2.49E+03,-1.19E+03,-130.));
#47 = DIRECTION('',(0.,0.,1.));
#48 = DIRECTION('',(-1.,-0.,0.));
#49 = DEFINITIONAL_REPRESENTATION('',(#50),#54);
#50 = LINE('',#51,#52);
#51 = CARTESIAN_POINT('',(0.,0.));
#52 = VECTOR('',#53,1.);
#53 = DIRECTION('',(0.,1.));
#54 = ( GEOMETRIC_REPRESENTATION_CONTEXT(2) 
PARAMETRIC_REPRESENTATION_CONTEXT() REPRESENTATION_CONTEXT('2D SPACE',''
  ) );
#55 = ORIENTED_EDGE('',*,*,#56,.T.);
#56 = EDGE_CURVE('',#22,#57,#59,.T.);
#57 = VERTEX_POINT('',#58);
#58 = CARTESIAN_POINT('',(-2.6E+03,1.19E+03,-20.));
#59 = SURFACE_CURVE('',#60,(#64,#71),.PCURVE_S1.);
#60 = LINE('',#61,#62);
#61 = CARTESIAN_POINT('',(-2.6E+03,-1.3E+03,-20.));
#62 = VECTOR('',#63,1.);
#63 = DIRECTION('',(0.,1.,0.));
#64 = PCURVE('',#32,#65);
#65 = DEFINITIONAL_REPRESENTATION('',(#66),#70);
#66 = LINE('',#67,#68);
#67 = CARTESIAN_POINT('',(110.,0.));
#68 = VECTOR('',#69,1.);
#69 = DIRECTION('',(0.,-1.));
#70 = ( GEOMETRIC_REPRESENTATION_CONTEXT(2) 
PARAMETRIC_REPRESENTATION_CONTEXT() REPRESENTATION_CONTEXT('2D SPACE',''
  ) );
#71 = PCURVE('',#72,#77);
#72 = CYLINDRICAL_SURFACE('',#73,110.);
#73 = AXIS2_PLACEMENT_3D('',#74,#75,#76);
#74 = CARTESIAN_POINT('',(-2.49E+03,-1.3E+03,-20.));
#75 = DIRECTION('',(0.,1.,0.));
#76 = DIRECTION('',(-1.,0.,0.));
#77 = DEFINITIONAL_REPRESENTATION('',(#78),#82);
#78 = LINE('',#79,#80);
#79 = CARTESIAN_POINT('',(-0.,0.));
#80 = VECTOR('',#81,1.);
#81 = DIRECTION('',(-0.,1.));
#82 = ( GEOMETRIC_REPRESENTATION_CONTEXT(2) 
PARAMETRIC_REPRESENTATION_CONTEXT() REPRESENTATION_CONTEXT('2D SPACE',''
  ) );
#83 = ORIENTED_EDGE('',*,*,#84,.T.);
#84 = EDGE_CURVE('',#57,#85,#87,.T.);
#85 = VERTEX_POINT('',#86);
#86 = CARTESIAN_POINT('',(-2.6E+03,1.19E+03,20.));
#87 = SURFACE_CURVE('',#88,(#92,#99),.PCURVE_S1.);
#88 = LINE('',#89,#90);
#89 = CARTESIAN_POINT('',(-2.6E+03,1.19E+03,-130.));
#90 = VECTOR('',#91,1.);
#91 = DIRECTION('',(0.,0.,1.));
#92 = PCURVE('',#32,#93);
#93 = DEFINITIONAL_REPRESENTATION('',(#94),#98);
#94 = LINE('',#95,#96);
#95 = CARTESIAN_POINT('',(0.,-2.49E+03));
#96 = VECTOR('',#97,1.);
#97 = DIRECTION('',(1.,0.));
#98 = ( GEOMETRIC_REPRESENTATION_CONTEXT(2) 
PARAMETRIC_REPRESENTATION_CONTEXT() REPRESENTATION_CONTEXT('2D SPACE',''
  ) );
#99 = PCURVE('',#100,#105);
#100 = CYLINDRICAL_SURFACE('',#101,110.);
#101 = AXIS2_PLACEMENT_3D('',#102,#103,#104);
#102 = CARTESIAN_POINT('',(-2.49E+03,1.19E+03,-130.));
#103 = DIRECTION('',(0.,0.,1.));
#104 = DIRECTION('',(-1.,-0.,0.));
#105 = DEFINITIONAL_REPRESENTATION('',(#106),#110);
#106 = LINE('',#107,#108);
#107 = CARTESIAN_POINT('',(-0.,0.));
#108 = VECTOR('',#109,1.);
#109 = DIRECTION('',(-0.,1.));
#110 = ( GEOMETRIC_REPRESENTATION_CONTEXT(2) 
PARAMETRIC_REPRESENTATION_CONTEXT() REPRESENTATION_CONTEXT('2D SPACE',''
  ) );
#111 = ORIENTED_EDGE('',*,*,#112,.F.);
#112 = EDGE_CURVE('',#24,#85,#113,.T.);
#113 = SURFACE_CURVE('',#114,(#118,#125),.PCURVE_S1.);
#114 = LINE('',#115,#116);
#115 = CARTESIAN_POINT('',(-2.6E+03,-1.3E+03,20.));
#116 = VECTOR('',#117,1.);
#117 = DIRECTION('',(0.,1.,0.));
#118 = PCURVE('',#32,#119);
#119 = DEFINITIONAL_REPRESENTATION('',(#120),#124);
#120 = LINE('',#121,#122);
#121 = CARTESIAN_POINT('',(150.,0.));
#122 = VECTOR('',#123,1.);
#123 = DIRECTION('',(0.,-1.));
#124 = ( GEOMETRIC_REPRESENTATION_CONTEXT(2) 
PARAMETRIC_REPRESENTATION_CONTEXT() REPRESENTATION_CONTEXT('2D SPACE',''
  ) );
#125 = PCURVE('',#126,#131);
#126 = CYLINDRICAL_SURFACE('',#127,110.);
#127 = AXIS2_PLACEMENT_3D('',#128,#129,#130);
#128 = CARTESIAN_POINT('',(-2.49E+03,-1.3E+03,20.));
#129 = DIRECTION('',(0.,1.,0.));
#130 = DIRECTION('',(-1.,0.,0.));
#131 = DEFINITIONAL_REPRESENTATION('',(#132),#136);
#132 = LINE('',#133,#134);
#133 = CARTESIAN_POINT('',(0.,0.));
#134 = VECTOR('',#135,1.);
#135 = DIRECTION('',(0.,1.));
#136 = ( GEOMETRIC_REPRESENTATION_CONTEXT(2) 
PARAMETRIC_REPRESENTATION_CONTEXT() REPRESENTATION_CONTEXT('2D SPACE',''
  ) );
#137 = ADVANCED_FACE('',(#138),#44,.T.);
#138 = FACE_BOUND('',#139,.T.);
#139 = EDGE_LOOP('',(#140,#141,#170,#198));
#140 = ORIENTED_EDGE('',*,*,#21,.F.);
#141 = ORIENTED_EDGE('',*,*,#142,.T.);
#142 = EDGE_CURVE('',#22,#143,#145,.T.);
#143 = VERTEX_POINT('',#144);
#144 = CARTESIAN_POINT('',(-2.49E+03,-1.3E+03,-20.));
#145 = SURFACE_CURVE('',#146,(#151,#158),.PCURVE_S1.);
#146 = CIRCLE('',#147,110.);
#147 = AXIS2_PLACEMENT_3D('',#148,#149,#150);
#148 = CARTESIAN_POINT('',(-2.49E+03,-1.19E+03,-20.));
#149 = DIRECTION('',(0.,0.,1.));
#150 = DIRECTION('',(-1.,0.,0.));
#151 = PCURVE('',#44,#152);
#152 = DEFINITIONAL_REPRESENTATION('',(#153),#157);
#153 = LINE('',#154,#155);
#154 = CARTESIAN_POINT('',(0.,110.));
#155 = VECTOR('',#156,1.);
#156 = DIRECTION('',(1.,0.));
#157 = ( GEOMETRIC_REPRESENTATION_CONTEXT(2) 
PARAMETRIC_REPRESENTATION_CONTEXT() REPRESENTATION_CONTEXT('2D SPACE',''
  ) );
#158 = PCURVE('',#159,#164);
#159 = SPHERICAL_SURFACE('',#160,110.);
#160 = AXIS2_PLACEMENT_3D('',#161,#162,#163);
#161 = CARTESIAN_POINT('',(-2.49E+03,-1.19E+03,-20.));
#162 = DIRECTION('',(0.,0.,1.));
#163 = DIRECTION('',(-1.,0.,0.));
#164 = DEFINITIONAL_REPRESENTATION('',(#165),#169);
#165 = LINE('',#166,#167);
#166 = CARTESIAN_POINT('',(0.,0.));
#167 = VECTOR('',#168,1.);
#168 = DIRECTION('',(1.,0.));
#169 = ( GEOMETRIC_REPRESENTATION_CONTEXT(2) 
PARAMETRIC_REPRESENTATION_CONTEXT() REPRESENTATION_CONTEXT('2D SPACE',''
  ) );
#170 = ORIENTED_EDGE('',*,*,#171,.T.);
#171 = EDGE_CURVE('',#143,#172,#174,.T.);
#172 = VERTEX_POINT('',#173);
#173 = CARTESIAN_POINT('',(-2.49E+03,-1.3E+03,20.));
#174 = SURFACE_CURVE('',#175,(#179,#186),.PCURVE_S1.);
#175 = LINE('',#176,#177);
#176 = CARTESIAN_POINT('',(-2.49E+03,-1.3E+03,-130.));
#177 = VECTOR('',#178,1.);
#178 = DIRECTION('',(0.,0.,1.));
#179 = PCURVE('',#44,#180);
#180 = DEFINITIONAL_REPRESENTATION('',(#181),#185);
#181 = LINE('',#182,#183);
#182 = CARTESIAN_POINT('',(1.570796326795,0.));
#183 = VECTOR('',#184,1.);
#184 = DIRECTION('',(0.,1.));
#185 = ( GEOMETRIC_REPRESENTATION_CONTEXT(2) 
PARAMETRIC_REPRESENTATION_CONTEXT() REPRESENTATION_CONTEXT('2D SPACE',''
  ) );
#186 = PCURVE('',#187,#192);
#187 = PLANE('',#188);
#188 = AXIS2_PLACEMENT_3D('',#189,#190,#191);
#189 = CARTESIAN_POINT('',(-2.6E+03,-1.3E+03,-130.));
#190 = DIRECTION('',(0.,1.,0.));
#191 = DIRECTION('',(0.,0.,1.));
#192 = DEFINITIONAL_REPRESENTATION('',(#193),#197);
#193 = LINE('',#194,#195);
#194 = CARTESIAN_POINT('',(0.,110.));
#195 = VECTOR('',#196,1.);
#196 = DIRECTION('',(1.,0.));
#197 = ( GEOMETRIC_REPRESENTATION_CONTEXT(2) 
PARAMETRIC_REPRESENTATION_CONTEXT() REPRESENTATION_CONTEXT('2D SPACE',''
  ) );
#198 = ORIENTED_EDGE('',*,*,#199,.F.);
#199 = EDGE_CURVE('',#24,#172,#200,.T.);
#200 = SURFACE_CURVE('',#201,(#206,#213),.PCURVE_S1.);
#201 = CIRCLE('',#202,110.);
#202 = AXIS2_PLACEMENT_3D('',#203,#204,#205);
#203 = CARTESIAN_POINT('',(-2.49E+03,-1.19E+03,20.));
#204 = DIRECTION('',(0.,0.,1.));
#205 = DIRECTION('',(-1.,0.,0.));
#206 = PCURVE('',#44,#207);
#207 = DEFINITIONAL_REPRESENTATION('',(#208),#212);
#208 = LINE('',#209,#210);
#209 = CARTESIAN_POINT('',(0.,150.));
#210 = VECTOR('',#211,1.);
#211 = DIRECTION('',(1.,0.));
#212 = ( GEOMETRIC_REPRESENTATION_CONTEXT(2) 
PARAMETRIC_REPRESENTATION_CONTEXT() REPRESENTATION_CONTEXT('2D SPACE',''
  ) );
#213 = PCURVE('',#214,#219);
#214 = SPHERICAL_SURFACE('',#215,110.);
#215 = AXIS2_PLACEMENT_3D('',#216,#217,#218);
#216 = CARTESIAN_POINT('',(-2.49E+03,-1.19E+03,20.));
#217 = DIRECTION('',(-0.,-0.,-1.));
#218 = DIRECTION('',(-1.,0.,0.));
#219 = DEFINITIONAL_REPRESENTATION('',(#220),#224);
#220 = LINE('',#221,#222);
#221 = CARTESIAN_POINT('',(-0.,0.));
#222 = VECTOR('',#223,1.);
#223 = DIRECTION('',(-1.,0.));
#224 = ( GEOMETRIC_REPRESENTATION_CONTEXT(2) 
PARAMETRIC_REPRESENTATION_CONTEXT() REPRESENTATION_CONTEXT('2D SPACE',''
  ) );
#225 = ADVANCED_FACE('',(#226),#72,.T.);
#226 = FACE_BOUND('',#227,.F.);
#227 = EDGE_LOOP('',(#228,#250,#278,#303));
#228 = ORIENTED_EDGE('',*,*,#229,.F.);
#229 = EDGE_CURVE('',#230,#22,#232,.T.);
#230 = VERTEX_POINT('',#231);
#231 = CARTESIAN_POINT('',(-2.49E+03,-1.19E+03,-130.));
#232 = SURFACE_CURVE('',#233,(#238,#244),.PCURVE_S1.);
#233 = CIRCLE('',#234,110.);
#234 = AXIS2_PLACEMENT_3D('',#235,#236,#237);
#235 = CARTESIAN_POINT('',(-2.49E+03,-1.19E+03,-20.));
#236 = DIRECTION('',(0.,1.,-0.));
#237 = DIRECTION('',(-1.,0.,0.));
#238 = PCURVE('',#72,#239);
#239 = DEFINITIONAL_REPRESENTATION('',(#240),#243);
#240 = B_SPLINE_CURVE_WITH_KNOTS('',1,(#241,#242),.UNSPECIFIED.,.F.,.F.,
  (2,2),(4.712388980385,6.28318530718),.PIECEWISE_BEZIER_KNOTS.);
#241 = CARTESIAN_POINT('',(-1.570796326795,110.));
#242 = CARTESIAN_POINT('',(0.,110.));
#243 = ( GEOMETRIC_REPRESENTATION_CONTEXT(2) 
PARAMETRIC_REPRESENTATION_CONTEXT() REPRESENTATION_CONTEXT('2D SPACE',''
  ) );
#244 = PCURVE('',#159,#245);
#245 = DEFINITIONAL_REPRESENTATION('',(#246),#249);
#246 = B_SPLINE_CURVE_WITH_KNOTS('',1,(#247,#248),.UNSPECIFIED.,.F.,.F.,
  (2,2),(4.712388980385,6.28318530718),.PIECEWISE_BEZIER_KNOTS.);
#247 = CARTESIAN_POINT('',(0.,-1.570796326795));
#248 = CARTESIAN_POINT('',(0.,0.));
#249 = ( GEOMETRIC_REPRESENTATION_CONTEXT(2) 
PARAMETRIC_REPRESENTATION_CONTEXT() REPRESENTATION_CONTEXT('2D SPACE',''
  ) );
#250 = ORIENTED_EDGE('',*,*,#251,.T.);
#251 = EDGE_CURVE('',#230,#252,#254,.T.);
#252 = VERTEX_POINT('',#253);
#253 = CARTESIAN_POINT('',(-2.49E+03,1.19E+03,-130.));
#254 = SURFACE_CURVE('',#255,(#259,#266),.PCURVE_S1.);
#255 = LINE('',#256,#257);
#256 = CARTESIAN_POINT('',(-2.49E+03,-1.3E+03,-130.));
#257 = VECTOR('',#258,1.);
#258 = DIRECTION('',(0.,1.,0.));
#259 = PCURVE('',#72,#260);
#260 = DEFINITIONAL_REPRESENTATION('',(#261),#265);
#261 = LINE('',#262,#263);
#262 = CARTESIAN_POINT('',(-1.570796326795,0.));
#263 = VECTOR('',#264,1.);
#264 = DIRECTION('',(-0.,1.));
#265 = ( GEOMETRIC_REPRESENTATION_CONTEXT(2) 
PARAMETRIC_REPRESENTATION_CONTEXT() REPRESENTATION_CONTEXT('2D SPACE',''
  ) );
#266 = PCURVE('',#267,#272);
#267 = PLANE('',#268);
#268 = AXIS2_PLACEMENT_3D('',#269,#270,#271);
#269 = CARTESIAN_POINT('',(-2.6E+03,-1.3E+03,-130.));
#270 = DIRECTION('',(0.,0.,1.));
#271 = DIRECTION('',(1.,0.,0.));
#272 = DEFINITIONAL_REPRESENTATION('',(#273),#277);
#273 = LINE('',#274,#275);
#274 = CARTESIAN_POINT('',(110.,0.));
#275 = VECTOR('',#276,1.);
#276 = DIRECTION('',(0.,1.));
#277 = ( GEOMETRIC_REPRESENTATION_CONTEXT(2) 
PARAMETRIC_REPRESENTATION_CONTEXT() REPRESENTATION_CONTEXT('2D SPACE',''
  ) );
#278 = ORIENTED_EDGE('',*,*,#279,.T.);
#279 = EDGE_CURVE('',#252,#57,#280,.T.);
#280 = SURFACE_CURVE('',#281,(#286,#292),.PCURVE_S1.);
#281 = CIRCLE('',#282,110.);
#282 = AXIS2_PLACEMENT_3D('',#283,#284,#285);
#283 = CARTESIAN_POINT('',(-2.49E+03,1.19E+03,-20.));
#284 = DIRECTION('',(0.,1.,-0.));
#285 = DIRECTION('',(-1.,0.,0.));
#286 = PCURVE('',#72,#287);
#287 = DEFINITIONAL_REPRESENTATION('',(#288),#291);
#288 = B_SPLINE_CURVE_WITH_KNOTS('',1,(#289,#290),.UNSPECIFIED.,.F.,.F.,
  (2,2),(4.712388980385,6.28318530718),.PIECEWISE_BEZIER_KNOTS.);
#289 = CARTESIAN_POINT('',(-1.570796326795,2.49E+03));
#290 = CARTESIAN_POINT('',(0.,2.49E+03));
#291 = ( GEOMETRIC_REPRESENTATION_CONTEXT(2) 
PARAMETRIC_REPRESENTATION_CONTEXT() REPRESENTATION_CONTEXT('2D SPACE',''
  ) );
#292 = PCURVE('',#293,#298);
#293 = SPHERICAL_SURFACE('',#294,110.);
#294 = AXIS2_PLACEMENT_3D('',#295,#296,#297);
#295 = CARTESIAN_POINT('',(-2.49E+03,1.19E+03,-20.));
#296 = DIRECTION('',(0.,0.,1.));
#297 = DIRECTION('',(-1.,0.,0.));
#298 = DEFINITIONAL_REPRESENTATION('',(#299),#302);
#299 = B_SPLINE_CURVE_WITH_KNOTS('',1,(#300,#301),.UNSPECIFIED.,.F.,.F.,
  (2,2),(4.712388980385,6.28318530718),.PIECEWISE_BEZIER_KNOTS.);
#300 = CARTESIAN_POINT('',(0.,-1.570796326795));
#301 = CARTESIAN_POINT('',(0.,0.));
#302 = ( GEOMETRIC_REPRESENTATION_CONTEXT(2) 
PARAMETRIC_REPRESENTATION_CONTEXT() REPRESENTATION_CONTEXT('2D SPACE',''
  ) );
#303 = ORIENTED_EDGE('',*,*,#56,.F.);
#304 = ADVANCED_FACE('',(#305),#126,.T.);
#305 = FACE_BOUND('',#306,.T.);
#306 = EDGE_LOOP('',(#307,#329,#357,#384));
#307 = ORIENTED_EDGE('',*,*,#308,.F.);
#308 = EDGE_CURVE('',#309,#24,#311,.T.);
#309 = VERTEX_POINT('',#310);
#310 = CARTESIAN_POINT('',(-2.49E+03,-1.19E+03,130.));
#311 = SURFACE_CURVE('',#312,(#317,#323),.PCURVE_S1.);
#312 = CIRCLE('',#313,110.);
#313 = AXIS2_PLACEMENT_3D('',#314,#315,#316);
#314 = CARTESIAN_POINT('',(-2.49E+03,-1.19E+03,20.));
#315 = DIRECTION('',(0.,-1.,0.));
#316 = DIRECTION('',(-1.,0.,0.));
#317 = PCURVE('',#126,#318);
#318 = DEFINITIONAL_REPRESENTATION('',(#319),#322);
#319 = B_SPLINE_CURVE_WITH_KNOTS('',1,(#320,#321),.UNSPECIFIED.,.F.,.F.,
  (2,2),(4.712388980385,6.28318530718),.PIECEWISE_BEZIER_KNOTS.);
#320 = CARTESIAN_POINT('',(1.570796326795,110.));
#321 = CARTESIAN_POINT('',(0.,110.));
#322 = ( GEOMETRIC_REPRESENTATION_CONTEXT(2) 
PARAMETRIC_REPRESENTATION_CONTEXT() REPRESENTATION_CONTEXT('2D SPACE',''
  ) );
#323 = PCURVE('',#214,#324);
#324 = DEFINITIONAL_REPRESENTATION('',(#325),#328);
#325 = B_SPLINE_CURVE_WITH_KNOTS('',1,(#326,#327),.UNSPECIFIED.,.F.,.F.,
  (2,2),(4.712388980385,6.28318530718),.PIECEWISE_BEZIER_KNOTS.);
#326 = CARTESIAN_POINT('',(0.,-1.570796326795));
#327 = CARTESIAN_POINT('',(0.,0.));
#328 = ( GEOMETRIC_REPRESENTATION_CONTEXT(2) 
PARAMETRIC_REPRESENTATION_CONTEXT() REPRESENTATION_CONTEXT('2D SPACE',''
  ) );
#329 = ORIENTED_EDGE('',*,*,#330,.T.);
#330 = EDGE_CURVE('',#309,#331,#333,.T.);
#331 = VERTEX_POINT('',#332);
#332 = CARTESIAN_POINT('',(-2.49E+03,1.19E+03,130.));
#333 = SURFACE_CURVE('',#334,(#338,#345),.PCURVE_S1.);
#334 = LINE('',#335,#336);
#335 = CARTESIAN_POINT('',(-2.49E+03,-1.3E+03,130.));
#336 = VECTOR('',#337,1.);
#337 = DIRECTION('',(0.,1.,0.));
#338 = PCURVE('',#126,#339);
#339 = DEFINITIONAL_REPRESENTATION('',(#340),#344);
#340 = LINE('',#341,#342);
#341 = CARTESIAN_POINT('',(1.570796326795,0.));
#342 = VECTOR('',#343,1.);
#343 = DIRECTION('',(0.,1.));
#344 = ( GEOMETRIC_REPRESENTATION_CONTEXT(2) 
PARAMETRIC_REPRESENTATION_CONTEXT() REPRESENTATION_CONTEXT('2D SPACE',''
  ) );
#345 = PCURVE('',#346,#351);
#346 = PLANE('',#347);
#347 = AXIS2_PLACEMENT_3D('',#348,#349,#350);
#348 = CARTESIAN_POINT('',(-2.6E+03,-1.3E+03,130.));
#349 = DIRECTION('',(0.,0.,1.));
#350 = DIRECTION('',(1.,0.,0.));
#351 = DEFINITIONAL_REPRESENTATION('',(#352),#356);
#352 = LINE('',#353,#354);
#353 = CARTESIAN_POINT('',(110.,0.));
#354 = VECTOR('',#355,1.);
#355 = DIRECTION('',(0.,1.));
#356 = ( GEOMETRIC_REPRESENTATION_CONTEXT(2) 
PARAMETRIC_REPRESENTATION_CONTEXT() REPRESENTATION_CONTEXT('2D SPACE',''
  ) );
#357 = ORIENTED_EDGE('',*,*,#358,.F.);
#358 = EDGE_CURVE('',#85,#331,#359,.T.);
#359 = SURFACE_CURVE('',#360,(#365,#372),.PCURVE_S1.);
#360 = CIRCLE('',#361,110.);
#361 = AXIS2_PLACEMENT_3D('',#362,#363,#364);
#362 = CARTESIAN_POINT('',(-2.49E+03,1.19E+03,20.));
#363 = DIRECTION('',(0.,1.,0.));
#364 = DIRECTION('',(-1.,0.,-3.229739708E-17));
#365 = PCURVE('',#126,#366);
#366 = DEFINITIONAL_REPRESENTATION('',(#367),#371);
#367 = LINE('',#368,#369);
#368 = CARTESIAN_POINT('',(0.,2.49E+03));
#369 = VECTOR('',#370,1.);
#370 = DIRECTION('',(1.,0.));
#371 = ( GEOMETRIC_REPRESENTATION_CONTEXT(2) 
PARAMETRIC_REPRESENTATION_CONTEXT() REPRESENTATION_CONTEXT('2D SPACE',''
  ) );
#372 = PCURVE('',#373,#378);
#373 = SPHERICAL_SURFACE('',#374,110.);
#374 = AXIS2_PLACEMENT_3D('',#375,#376,#377);
#375 = CARTESIAN_POINT('',(-2.49E+03,1.19E+03,20.));
#376 = DIRECTION('',(-0.,-1.,-0.));
#377 = DIRECTION('',(-1.,0.,-3.229739708E-17));
#378 = DEFINITIONAL_REPRESENTATION('',(#379),#383);
#379 = LINE('',#380,#381);
#380 = CARTESIAN_POINT('',(-0.,0.));
#381 = VECTOR('',#382,1.);
#382 = DIRECTION('',(-1.,0.));
#383 = ( GEOMETRIC_REPRESENTATION_CONTEXT(2) 
PARAMETRIC_REPRESENTATION_CONTEXT() REPRESENTATION_CONTEXT('2D SPACE',''
  ) );
#384 = ORIENTED_EDGE('',*,*,#112,.F.);
#385 = ADVANCED_FACE('',(#386),#100,.T.);
#386 = FACE_BOUND('',#387,.F.);
#387 = EDGE_LOOP('',(#388,#389,#413,#441));
#388 = ORIENTED_EDGE('',*,*,#84,.F.);
#389 = ORIENTED_EDGE('',*,*,#390,.T.);
#390 = EDGE_CURVE('',#57,#391,#393,.T.);
#391 = VERTEX_POINT('',#392);
#392 = CARTESIAN_POINT('',(-2.49E+03,1.3E+03,-20.));
#393 = SURFACE_CURVE('',#394,(#399,#406),.PCURVE_S1.);
#394 = CIRCLE('',#395,110.);
#395 = AXIS2_PLACEMENT_3D('',#396,#397,#398);
#396 = CARTESIAN_POINT('',(-2.49E+03,1.19E+03,-20.));
#397 = DIRECTION('',(-0.,0.,-1.));
#398 = DIRECTION('',(-1.,0.,0.));
#399 = PCURVE('',#100,#400);
#400 = DEFINITIONAL_REPRESENTATION('',(#401),#405);
#401 = LINE('',#402,#403);
#402 = CARTESIAN_POINT('',(-0.,110.));
#403 = VECTOR('',#404,1.);
#404 = DIRECTION('',(-1.,0.));
#405 = ( GEOMETRIC_REPRESENTATION_CONTEXT(2) 
PARAMETRIC_REPRESENTATION_CONTEXT() REPRESENTATION_CONTEXT('2D SPACE',''
  ) );
#406 = PCURVE('',#293,#407);
#407 = DEFINITIONAL_REPRESENTATION('',(#408),#412);
#408 = LINE('',#409,#410);
#409 = CARTESIAN_POINT('',(-0.,0.));
#410 = VECTOR('',#411,1.);
#411 = DIRECTION('',(-1.,0.));
#412 = ( GEOMETRIC_REPRESENTATION_CONTEXT(2) 
PARAMETRIC_REPRESENTATION_CONTEXT() REPRESENTATION_CONTEXT('2D SPACE',''
  ) );
#413 = ORIENTED_EDGE('',*,*,#414,.T.);
#414 = EDGE_CURVE('',#391,#415,#417,.T.);
#415 = VERTEX_POINT('',#416);
#416 = CARTESIAN_POINT('',(-2.49E+03,1.3E+03,20.));
#417 = SURFACE_CURVE('',#418,(#422,#429),.PCURVE_S1.);
#418 = LINE('',#419,#420);
#419 = CARTESIAN_POINT('',(-2.49E+03,1.3E+03,-130.));
#420 = VECTOR('',#421,1.);
#421 = DIRECTION('',(0.,0.,1.));
#422 = PCURVE('',#100,#423);
#423 = DEFINITIONAL_REPRESENTATION('',(#424),#428);
#424 = LINE('',#425,#426);
#425 = CARTESIAN_POINT('',(-1.570796326795,0.));
#426 = VECTOR('',#427,1.);
#427 = DIRECTION('',(-0.,1.));
#428 = ( GEOMETRIC_REPRESENTATION_CONTEXT(2) 
PARAMETRIC_REPRESENTATION_CONTEXT() REPRESENTATION_CONTEXT('2D SPACE',''
  ) );
#429 = PCURVE('',#430,#435);
#430 = PLANE('',#431);
#431 = AXIS2_PLACEMENT_3D('',#432,#433,#434);
#432 = CARTESIAN_POINT('',(-2.6E+03,1.3E+03,-130.));
#433 = DIRECTION('',(0.,1.,0.));
#434 = DIRECTION('',(0.,0.,1.));
#435 = DEFINITIONAL_REPRESENTATION('',(#436),#440);
#436 = LINE('',#437,#438);
#437 = CARTESIAN_POINT('',(0.,110.));
#438 = VECTOR('',#439,1.);
#439 = DIRECTION('',(1.,0.));
#440 = ( GEOMETRIC_REPRESENTATION_CONTEXT(2) 
PARAMETRIC_REPRESENTATION_CONTEXT() REPRESENTATION_CONTEXT('2D SPACE',''
  ) );
#441 = ORIENTED_EDGE('',*,*,#442,.T.);
#442 = EDGE_CURVE('',#415,#85,#443,.T.);
#443 = SURFACE_CURVE('',#444,(#449,#455),.PCURVE_S1.);
#444 = CIRCLE('',#445,110.);
#445 = AXIS2_PLACEMENT_3D('',#446,#447,#448);
#446 = CARTESIAN_POINT('',(-2.49E+03,1.19E+03,20.));
#447 = DIRECTION('',(-3.229739708E-17,0.,1.));
#448 = DIRECTION('',(-1.,0.,-3.229739708E-17));
#449 = PCURVE('',#100,#450);
#450 = DEFINITIONAL_REPRESENTATION('',(#451),#454);
#451 = B_SPLINE_CURVE_WITH_KNOTS('',1,(#452,#453),.UNSPECIFIED.,.F.,.F.,
  (2,2),(4.712388980385,6.28318530718),.PIECEWISE_BEZIER_KNOTS.);
#452 = CARTESIAN_POINT('',(-1.570796326795,150.));
#453 = CARTESIAN_POINT('',(0.,150.));
#454 = ( GEOMETRIC_REPRESENTATION_CONTEXT(2) 
PARAMETRIC_REPRESENTATION_CONTEXT() REPRESENTATION_CONTEXT('2D SPACE',''
  ) );
#455 = PCURVE('',#373,#456);
#456 = DEFINITIONAL_REPRESENTATION('',(#457),#460);
#457 = B_SPLINE_CURVE_WITH_KNOTS('',1,(#458,#459),.UNSPECIFIED.,.F.,.F.,
  (2,2),(4.712388980385,6.28318530718),.PIECEWISE_BEZIER_KNOTS.);
#458 = CARTESIAN_POINT('',(0.,-1.570796326795));
#459 = CARTESIAN_POINT('',(0.,0.));
#460 = ( GEOMETRIC_REPRESENTATION_CONTEXT(2) 
PARAMETRIC_REPRESENTATION_CONTEXT() REPRESENTATION_CONTEXT('2D SPACE',''
  ) );
#461 = ADVANCED_FACE('',(#462),#159,.T.);
#462 = FACE_BOUND('',#463,.T.);
#463 = EDGE_LOOP('',(#464,#465,#490));
#464 = ORIENTED_EDGE('',*,*,#229,.F.);
#465 = ORIENTED_EDGE('',*,*,#466,.T.);
#466 = EDGE_CURVE('',#230,#143,#467,.T.);
#467 = SURFACE_CURVE('',#468,(#473,#479),.PCURVE_S1.);
#468 = CIRCLE('',#469,110.);
#469 = AXIS2_PLACEMENT_3D('',#470,#471,#472);
#470 = CARTESIAN_POINT('',(-2.49E+03,-1.19E+03,-20.));
#471 = DIRECTION('',(-1.,6.123233995737E-17,0.));
#472 = DIRECTION('',(-6.123233995737E-17,-1.,0.));
#473 = PCURVE('',#159,#474);
#474 = DEFINITIONAL_REPRESENTATION('',(#475),#478);
#475 = B_SPLINE_CURVE_WITH_KNOTS('',1,(#476,#477),.UNSPECIFIED.,.F.,.F.,
  (2,2),(4.712388980385,6.28318530718),.PIECEWISE_BEZIER_KNOTS.);
#476 = CARTESIAN_POINT('',(1.570796326795,-1.570796326795));
#477 = CARTESIAN_POINT('',(1.570796326795,0.));
#478 = ( GEOMETRIC_REPRESENTATION_CONTEXT(2) 
PARAMETRIC_REPRESENTATION_CONTEXT() REPRESENTATION_CONTEXT('2D SPACE',''
  ) );
#479 = PCURVE('',#480,#485);
#480 = CYLINDRICAL_SURFACE('',#481,110.);
#481 = AXIS2_PLACEMENT_3D('',#482,#483,#484);
#482 = CARTESIAN_POINT('',(-2.6E+03,-1.19E+03,-20.));
#483 = DIRECTION('',(1.,0.,0.));
#484 = DIRECTION('',(0.,-1.,0.));
#485 = DEFINITIONAL_REPRESENTATION('',(#486),#489);
#486 = B_SPLINE_CURVE_WITH_KNOTS('',1,(#487,#488),.UNSPECIFIED.,.F.,.F.,
  (2,2),(4.712388980385,6.28318530718),.PIECEWISE_BEZIER_KNOTS.);
#487 = CARTESIAN_POINT('',(1.570796326795,110.));
#488 = CARTESIAN_POINT('',(0.,110.));
#489 = ( GEOMETRIC_REPRESENTATION_CONTEXT(2) 
PARAMETRIC_REPRESENTATION_CONTEXT() REPRESENTATION_CONTEXT('2D SPACE',''
  ) );
#490 = ORIENTED_EDGE('',*,*,#142,.F.);
#491 = ADVANCED_FACE('',(#492),#214,.T.);
#492 = FACE_BOUND('',#493,.F.);
#493 = EDGE_LOOP('',(#494,#495,#520));
#494 = ORIENTED_EDGE('',*,*,#308,.F.);
#495 = ORIENTED_EDGE('',*,*,#496,.T.);
#496 = EDGE_CURVE('',#309,#172,#497,.T.);
#497 = SURFACE_CURVE('',#498,(#503,#509),.PCURVE_S1.);
#498 = CIRCLE('',#499,110.);
#499 = AXIS2_PLACEMENT_3D('',#500,#501,#502);
#500 = CARTESIAN_POINT('',(-2.49E+03,-1.19E+03,20.));
#501 = DIRECTION('',(1.,-6.123233995737E-17,0.));
#502 = DIRECTION('',(-6.123233995737E-17,-1.,0.));
#503 = PCURVE('',#214,#504);
#504 = DEFINITIONAL_REPRESENTATION('',(#505),#508);
#505 = B_SPLINE_CURVE_WITH_KNOTS('',1,(#506,#507),.UNSPECIFIED.,.F.,.F.,
  (2,2),(4.712388980385,6.28318530718),.PIECEWISE_BEZIER_KNOTS.);
#506 = CARTESIAN_POINT('',(-1.570796326795,-1.570796326795));
#507 = CARTESIAN_POINT('',(-1.570796326795,0.));
#508 = ( GEOMETRIC_REPRESENTATION_CONTEXT(2) 
PARAMETRIC_REPRESENTATION_CONTEXT() REPRESENTATION_CONTEXT('2D SPACE',''
  ) );
#509 = PCURVE('',#510,#515);
#510 = CYLINDRICAL_SURFACE('',#511,110.);
#511 = AXIS2_PLACEMENT_3D('',#512,#513,#514);
#512 = CARTESIAN_POINT('',(-2.6E+03,-1.19E+03,20.));
#513 = DIRECTION('',(1.,0.,0.));
#514 = DIRECTION('',(0.,-1.,0.));
#515 = DEFINITIONAL_REPRESENTATION('',(#516),#519);
#516 = B_SPLINE_CURVE_WITH_KNOTS('',1,(#517,#518),.UNSPECIFIED.,.F.,.F.,
  (2,2),(4.712388980385,6.28318530718),.PIECEWISE_BEZIER_KNOTS.);
#517 = CARTESIAN_POINT('',(-1.570796326795,110.));
#518 = CARTESIAN_POINT('',(0.,110.));
#519 = ( GEOMETRIC_REPRESENTATION_CONTEXT(2) 
PARAMETRIC_REPRESENTATION_CONTEXT() REPRESENTATION_CONTEXT('2D SPACE',''
  ) );
#520 = ORIENTED_EDGE('',*,*,#199,.F.);
#521 = ADVANCED_FACE('',(#522),#187,.F.);
#522 = FACE_BOUND('',#523,.F.);
#523 = EDGE_LOOP('',(#524,#525,#548,#576));
#524 = ORIENTED_EDGE('',*,*,#171,.T.);
#525 = ORIENTED_EDGE('',*,*,#526,.T.);
#526 = EDGE_CURVE('',#172,#527,#529,.T.);
#527 = VERTEX_POINT('',#528);
#528 = CARTESIAN_POINT('',(2.49E+03,-1.3E+03,20.));
#529 = SURFACE_CURVE('',#530,(#534,#541),.PCURVE_S1.);
#530 = LINE('',#531,#532);
#531 = CARTESIAN_POINT('',(-2.6E+03,-1.3E+03,20.));
#532 = VECTOR('',#533,1.);
#533 = DIRECTION('',(1.,0.,0.));
#534 = PCURVE('',#187,#535);
#535 = DEFINITIONAL_REPRESENTATION('',(#536),#540);
#536 = LINE('',#537,#538);
#537 = CARTESIAN_POINT('',(150.,0.));
#538 = VECTOR('',#539,1.);
#539 = DIRECTION('',(0.,1.));
#540 = ( GEOMETRIC_REPRESENTATION_CONTEXT(2) 
PARAMETRIC_REPRESENTATION_CONTEXT() REPRESENTATION_CONTEXT('2D SPACE',''
  ) );
#541 = PCURVE('',#510,#542);
#542 = DEFINITIONAL_REPRESENTATION('',(#543),#547);
#543 = LINE('',#544,#545);
#544 = CARTESIAN_POINT('',(-0.,0.));
#545 = VECTOR('',#546,1.);
#546 = DIRECTION('',(-0.,1.));
#547 = ( GEOMETRIC_REPRESENTATION_CONTEXT(2) 
PARAMETRIC_REPRESENTATION_CONTEXT() REPRESENTATION_CONTEXT('2D SPACE',''
  ) );
#548 = ORIENTED_EDGE('',*,*,#549,.F.);
#549 = EDGE_CURVE('',#550,#527,#552,.T.);
#550 = VERTEX_POINT('',#551);
#551 = CARTESIAN_POINT('',(2.49E+03,-1.3E+03,-20.));
#552 = SURFACE_CURVE('',#553,(#557,#564),.PCURVE_S1.);
#553 = LINE('',#554,#555);
#554 = CARTESIAN_POINT('',(2.49E+03,-1.3E+03,-130.));
#555 = VECTOR('',#556,1.);
#556 = DIRECTION('',(0.,0.,1.));
#557 = PCURVE('',#187,#558);
#558 = DEFINITIONAL_REPRESENTATION('',(#559),#563);
#559 = LINE('',#560,#561);
#560 = CARTESIAN_POINT('',(0.,5.09E+03));
#561 = VECTOR('',#562,1.);
#562 = DIRECTION('',(1.,0.));
#563 = ( GEOMETRIC_REPRESENTATION_CONTEXT(2) 
PARAMETRIC_REPRESENTATION_CONTEXT() REPRESENTATION_CONTEXT('2D SPACE',''
  ) );
#564 = PCURVE('',#565,#570);
#565 = CYLINDRICAL_SURFACE('',#566,110.);
#566 = AXIS2_PLACEMENT_3D('',#567,#568,#569);
#567 = CARTESIAN_POINT('',(2.49E+03,-1.19E+03,-130.));
#568 = DIRECTION('',(0.,0.,1.));
#569 = DIRECTION('',(1.,0.,-0.));
#570 = DEFINITIONAL_REPRESENTATION('',(#571),#575);
#571 = LINE('',#572,#573);
#572 = CARTESIAN_POINT('',(-1.570796326795,0.));
#573 = VECTOR('',#574,1.);
#574 = DIRECTION('',(-0.,1.));
#575 = ( GEOMETRIC_REPRESENTATION_CONTEXT(2) 
PARAMETRIC_REPRESENTATION_CONTEXT() REPRESENTATION_CONTEXT('2D SPACE',''
  ) );
#576 = ORIENTED_EDGE('',*,*,#577,.F.);
#577 = EDGE_CURVE('',#143,#550,#578,.T.);
#578 = SURFACE_CURVE('',#579,(#583,#590),.PCURVE_S1.);
#579 = LINE('',#580,#581);
#580 = CARTESIAN_POINT('',(-2.6E+03,-1.3E+03,-20.));
#581 = VECTOR('',#582,1.);
#582 = DIRECTION('',(1.,0.,0.));
#583 = PCURVE('',#187,#584);
#584 = DEFINITIONAL_REPRESENTATION('',(#585),#589);
#585 = LINE('',#586,#587);
#586 = CARTESIAN_POINT('',(110.,0.));
#587 = VECTOR('',#588,1.);
#588 = DIRECTION('',(0.,1.));
#589 = ( GEOMETRIC_REPRESENTATION_CONTEXT(2) 
PARAMETRIC_REPRESENTATION_CONTEXT() REPRESENTATION_CONTEXT('2D SPACE',''
  ) );
#590 = PCURVE('',#480,#591);
#591 = DEFINITIONAL_REPRESENTATION('',(#592),#596);
#592 = LINE('',#593,#594);
#593 = CARTESIAN_POINT('',(0.,0.));
#594 = VECTOR('',#595,1.);
#595 = DIRECTION('',(0.,1.));
#596 = ( GEOMETRIC_REPRESENTATION_CONTEXT(2) 
PARAMETRIC_REPRESENTATION_CONTEXT() REPRESENTATION_CONTEXT('2D SPACE',''
  ) );
#597 = ADVANCED_FACE('',(#598,#678,#900),#267,.F.);
#598 = FACE_BOUND('',#599,.F.);
#599 = EDGE_LOOP('',(#600,#601,#624,#652));
#600 = ORIENTED_EDGE('',*,*,#251,.F.);
#601 = ORIENTED_EDGE('',*,*,#602,.T.);
#602 = EDGE_CURVE('',#230,#603,#605,.T.);
#603 = VERTEX_POINT('',#604);
#604 = CARTESIAN_POINT('',(2.49E+03,-1.19E+03,-130.));
#605 = SURFACE_CURVE('',#606,(#610,#617),.PCURVE_S1.);
#606 = LINE('',#607,#608);
#607 = CARTESIAN_POINT('',(-2.6E+03,-1.19E+03,-130.));
#608 = VECTOR('',#609,1.);
#609 = DIRECTION('',(1.,0.,0.));
#610 = PCURVE('',#267,#611);
#611 = DEFINITIONAL_REPRESENTATION('',(#612),#616);
#612 = LINE('',#613,#614);
#613 = CARTESIAN_POINT('',(0.,110.));
#614 = VECTOR('',#615,1.);
#615 = DIRECTION('',(1.,0.));
#616 = ( GEOMETRIC_REPRESENTATION_CONTEXT(2) 
PARAMETRIC_REPRESENTATION_CONTEXT() REPRESENTATION_CONTEXT('2D SPACE',''
  ) );
#617 = PCURVE('',#480,#618);
#618 = DEFINITIONAL_REPRESENTATION('',(#619),#623);
#619 = LINE('',#620,#621);
#620 = CARTESIAN_POINT('',(1.570796326795,0.));
#621 = VECTOR('',#622,1.);
#622 = DIRECTION('',(0.,1.));
#623 = ( GEOMETRIC_REPRESENTATION_CONTEXT(2) 
PARAMETRIC_REPRESENTATION_CONTEXT() REPRESENTATION_CONTEXT('2D SPACE',''
  ) );
#624 = ORIENTED_EDGE('',*,*,#625,.T.);
#625 = EDGE_CURVE('',#603,#626,#628,.T.);
#626 = VERTEX_POINT('',#627);
#627 = CARTESIAN_POINT('',(2.49E+03,1.19E+03,-130.));
#628 = SURFACE_CURVE('',#629,(#633,#640),.PCURVE_S1.);
#629 = LINE('',#630,#631);
#630 = CARTESIAN_POINT('',(2.49E+03,-1.3E+03,-130.));
#631 = VECTOR('',#632,1.);
#632 = DIRECTION('',(0.,1.,0.));
#633 = PCURVE('',#267,#634);
#634 = DEFINITIONAL_REPRESENTATION('',(#635),#639);
#635 = LINE('',#636,#637);
#636 = CARTESIAN_POINT('',(5.09E+03,0.));
#637 = VECTOR('',#638,1.);
#638 = DIRECTION('',(0.,1.));
#639 = ( GEOMETRIC_REPRESENTATION_CONTEXT(2) 
PARAMETRIC_REPRESENTATION_CONTEXT() REPRESENTATION_CONTEXT('2D SPACE',''
  ) );
#640 = PCURVE('',#641,#646);
#641 = CYLINDRICAL_SURFACE('',#642,110.);
#642 = AXIS2_PLACEMENT_3D('',#643,#644,#645);
#643 = CARTESIAN_POINT('',(2.49E+03,-1.3E+03,-20.));
#644 = DIRECTION('',(0.,1.,0.));
#645 = DIRECTION('',(1.,0.,-0.));
#646 = DEFINITIONAL_REPRESENTATION('',(#647),#651);
#647 = LINE('',#648,#649);
#648 = CARTESIAN_POINT('',(1.570796326795,0.));
#649 = VECTOR('',#650,1.);
#650 = DIRECTION('',(0.,1.));
#651 = ( GEOMETRIC_REPRESENTATION_CONTEXT(2) 
PARAMETRIC_REPRESENTATION_CONTEXT() REPRESENTATION_CONTEXT('2D SPACE',''
  ) );
#652 = ORIENTED_EDGE('',*,*,#653,.F.);
#653 = EDGE_CURVE('',#252,#626,#654,.T.);
#654 = SURFACE_CURVE('',#655,(#659,#666),.PCURVE_S1.);
#655 = LINE('',#656,#657);
#656 = CARTESIAN_POINT('',(-2.6E+03,1.19E+03,-130.));
#657 = VECTOR('',#658,1.);
#658 = DIRECTION('',(1.,0.,0.));
#659 = PCURVE('',#267,#660);
#660 = DEFINITIONAL_REPRESENTATION('',(#661),#665);
#661 = LINE('',#662,#663);
#662 = CARTESIAN_POINT('',(0.,2.49E+03));
#663 = VECTOR('',#664,1.);
#664 = DIRECTION('',(1.,0.));
#665 = ( GEOMETRIC_REPRESENTATION_CONTEXT(2) 
PARAMETRIC_REPRESENTATION_CONTEXT() REPRESENTATION_CONTEXT('2D SPACE',''
  ) );
#666 = PCURVE('',#667,#672);
#667 = CYLINDRICAL_SURFACE('',#668,110.);
#668 = AXIS2_PLACEMENT_3D('',#669,#670,#671);
#669 = CARTESIAN_POINT('',(-2.6E+03,1.19E+03,-20.));
#670 = DIRECTION('',(1.,0.,0.));
#671 = DIRECTION('',(-0.,1.,0.));
#672 = DEFINITIONAL_REPRESENTATION('',(#673),#677);
#673 = LINE('',#674,#675);
#674 = CARTESIAN_POINT('',(-1.570796326795,0.));
#675 = VECTOR('',#676,1.);
#676 = DIRECTION('',(-0.,1.));
#677 = ( GEOMETRIC_REPRESENTATION_CONTEXT(2) 
PARAMETRIC_REPRESENTATION_CONTEXT() REPRESENTATION_CONTEXT('2D SPACE',''
  ) );
#678 = FACE_BOUND('',#679,.F.);
#679 = EDGE_LOOP('',(#680,#711,#737,#766,#792,#821,#847,#876));
#680 = ORIENTED_EDGE('',*,*,#681,.F.);
#681 = EDGE_CURVE('',#682,#684,#686,.T.);
#682 = VERTEX_POINT('',#683);
#683 = CARTESIAN_POINT('',(-1.3E+03,-795.,-130.));
#684 = VERTEX_POINT('',#685);
#685 = CARTESIAN_POINT('',(-1.245E+03,-850.,-130.));
#686 = SURFACE_CURVE('',#687,(#692,#699),.PCURVE_S1.);
#687 = CIRCLE('',#688,55.);
#688 = AXIS2_PLACEMENT_3D('',#689,#690,#691);
#689 = CARTESIAN_POINT('',(-1.245E+03,-795.,-130.));
#690 = DIRECTION('',(0.,0.,1.));
#691 = DIRECTION('',(-1.,-0.,0.));
#692 = PCURVE('',#267,#693);
#693 = DEFINITIONAL_REPRESENTATION('',(#694),#698);
#694 = CIRCLE('',#695,55.);
#695 = AXIS2_PLACEMENT_2D('',#696,#697);
#696 = CARTESIAN_POINT('',(1.355E+03,505.));
#697 = DIRECTION('',(-1.,0.));
#698 = ( GEOMETRIC_REPRESENTATION_CONTEXT(2) 
PARAMETRIC_REPRESENTATION_CONTEXT() REPRESENTATION_CONTEXT('2D SPACE',''
  ) );
#699 = PCURVE('',#700,#705);
#700 = CYLINDRICAL_SURFACE('',#701,55.);
#701 = AXIS2_PLACEMENT_3D('',#702,#703,#704);
#702 = CARTESIAN_POINT('',(-1.245E+03,-795.,-625.));
#703 = DIRECTION('',(0.,0.,1.));
#704 = DIRECTION('',(-1.,-0.,0.));
#705 = DEFINITIONAL_REPRESENTATION('',(#706),#710);
#706 = LINE('',#707,#708);
#707 = CARTESIAN_POINT('',(0.,495.));
#708 = VECTOR('',#709,1.);
#709 = DIRECTION('',(1.,0.));
#710 = ( GEOMETRIC_REPRESENTATION_CONTEXT(2) 
PARAMETRIC_REPRESENTATION_CONTEXT() REPRESENTATION_CONTEXT('2D SPACE',''
  ) );
#711 = ORIENTED_EDGE('',*,*,#712,.T.);
#712 = EDGE_CURVE('',#682,#713,#715,.T.);
#713 = VERTEX_POINT('',#714);
#714 = CARTESIAN_POINT('',(-1.3E+03,-765.,-130.));
#715 = SURFACE_CURVE('',#716,(#720,#726),.PCURVE_S1.);
#716 = LINE('',#717,#718);
#717 = CARTESIAN_POINT('',(-1.3E+03,-1.075E+03,-130.));
#718 = VECTOR('',#719,1.);
#719 = DIRECTION('',(0.,1.,0.));
#720 = PCURVE('',#267,#721);
#721 = DEFINITIONAL_REPRESENTATION('',(#722),#725);
#722 = B_SPLINE_CURVE_WITH_KNOTS('',1,(#723,#724),.UNSPECIFIED.,.F.,.F.,
  (2,2),(280.,310.),.PIECEWISE_BEZIER_KNOTS.);
#723 = CARTESIAN_POINT('',(1.3E+03,505.));
#724 = CARTESIAN_POINT('',(1.3E+03,535.));
#725 = ( GEOMETRIC_REPRESENTATION_CONTEXT(2) 
PARAMETRIC_REPRESENTATION_CONTEXT() REPRESENTATION_CONTEXT('2D SPACE',''
  ) );
#726 = PCURVE('',#727,#732);
#727 = PLANE('',#728);
#728 = AXIS2_PLACEMENT_3D('',#729,#730,#731);
#729 = CARTESIAN_POINT('',(-1.3E+03,-850.,-625.));
#730 = DIRECTION('',(1.,0.,0.));
#731 = DIRECTION('',(0.,0.,1.));
#732 = DEFINITIONAL_REPRESENTATION('',(#733),#736);
#733 = B_SPLINE_CURVE_WITH_KNOTS('',1,(#734,#735),.UNSPECIFIED.,.F.,.F.,
  (2,2),(280.,310.),.PIECEWISE_BEZIER_KNOTS.);
#734 = CARTESIAN_POINT('',(495.,-55.));
#735 = CARTESIAN_POINT('',(495.,-85.));
#736 = ( GEOMETRIC_REPRESENTATION_CONTEXT(2) 
PARAMETRIC_REPRESENTATION_CONTEXT() REPRESENTATION_CONTEXT('2D SPACE',''
  ) );
#737 = ORIENTED_EDGE('',*,*,#738,.F.);
#738 = EDGE_CURVE('',#739,#713,#741,.T.);
#739 = VERTEX_POINT('',#740);
#740 = CARTESIAN_POINT('',(-1.245E+03,-710.,-130.));
#741 = SURFACE_CURVE('',#742,(#747,#754),.PCURVE_S1.);
#742 = CIRCLE('',#743,55.);
#743 = AXIS2_PLACEMENT_3D('',#744,#745,#746);
#744 = CARTESIAN_POINT('',(-1.245E+03,-765.,-130.));
#745 = DIRECTION('',(0.,0.,1.));
#746 = DIRECTION('',(-1.,-0.,0.));
#747 = PCURVE('',#267,#748);
#748 = DEFINITIONAL_REPRESENTATION('',(#749),#753);
#749 = CIRCLE('',#750,55.);
#750 = AXIS2_PLACEMENT_2D('',#751,#752);
#751 = CARTESIAN_POINT('',(1.355E+03,535.));
#752 = DIRECTION('',(-1.,0.));
#753 = ( GEOMETRIC_REPRESENTATION_CONTEXT(2) 
PARAMETRIC_REPRESENTATION_CONTEXT() REPRESENTATION_CONTEXT('2D SPACE',''
  ) );
#754 = PCURVE('',#755,#760);
#755 = CYLINDRICAL_SURFACE('',#756,55.);
#756 = AXIS2_PLACEMENT_3D('',#757,#758,#759);
#757 = CARTESIAN_POINT('',(-1.245E+03,-765.,-625.));
#758 = DIRECTION('',(0.,0.,1.));
#759 = DIRECTION('',(-1.,-0.,0.));
#760 = DEFINITIONAL_REPRESENTATION('',(#761),#765);
#761 = LINE('',#762,#763);
#762 = CARTESIAN_POINT('',(-6.28318530718,495.));
#763 = VECTOR('',#764,1.);
#764 = DIRECTION('',(1.,-0.));
#765 = ( GEOMETRIC_REPRESENTATION_CONTEXT(2) 
PARAMETRIC_REPRESENTATION_CONTEXT() REPRESENTATION_CONTEXT('2D SPACE',''
  ) );
#766 = ORIENTED_EDGE('',*,*,#767,.F.);
#767 = EDGE_CURVE('',#768,#739,#770,.T.);
#768 = VERTEX_POINT('',#769);
#769 = CARTESIAN_POINT('',(1.245E+03,-710.,-130.));
#770 = SURFACE_CURVE('',#771,(#775,#781),.PCURVE_S1.);
#771 = LINE('',#772,#773);
#772 = CARTESIAN_POINT('',(-1.95E+03,-710.,-130.));
#773 = VECTOR('',#774,1.);
#774 = DIRECTION('',(-1.,0.,0.));
#775 = PCURVE('',#267,#776);
#776 = DEFINITIONAL_REPRESENTATION('',(#777),#780);
#777 = B_SPLINE_CURVE_WITH_KNOTS('',1,(#778,#779),.UNSPECIFIED.,.F.,.F.,
  (2,2),(-3.195E+03,-705.),.PIECEWISE_BEZIER_KNOTS.);
#778 = CARTESIAN_POINT('',(3.845E+03,590.));
#779 = CARTESIAN_POINT('',(1.355E+03,590.));
#780 = ( GEOMETRIC_REPRESENTATION_CONTEXT(2) 
PARAMETRIC_REPRESENTATION_CONTEXT() REPRESENTATION_CONTEXT('2D SPACE',''
  ) );
#781 = PCURVE('',#782,#787);
#782 = PLANE('',#783);
#783 = AXIS2_PLACEMENT_3D('',#784,#785,#786);
#784 = CARTESIAN_POINT('',(-1.3E+03,-710.,-625.));
#785 = DIRECTION('',(0.,1.,0.));
#786 = DIRECTION('',(0.,0.,1.));
#787 = DEFINITIONAL_REPRESENTATION('',(#788),#791);
#788 = B_SPLINE_CURVE_WITH_KNOTS('',1,(#789,#790),.UNSPECIFIED.,.F.,.F.,
  (2,2),(-3.195E+03,-705.),.PIECEWISE_BEZIER_KNOTS.);
#789 = CARTESIAN_POINT('',(495.,2.545E+03));
#790 = CARTESIAN_POINT('',(495.,55.));
#791 = ( GEOMETRIC_REPRESENTATION_CONTEXT(2) 
PARAMETRIC_REPRESENTATION_CONTEXT() REPRESENTATION_CONTEXT('2D SPACE',''
  ) );
#792 = ORIENTED_EDGE('',*,*,#793,.F.);
#793 = EDGE_CURVE('',#794,#768,#796,.T.);
#794 = VERTEX_POINT('',#795);
#795 = CARTESIAN_POINT('',(1.3E+03,-765.,-130.));
#796 = SURFACE_CURVE('',#797,(#802,#809),.PCURVE_S1.);
#797 = CIRCLE('',#798,55.);
#798 = AXIS2_PLACEMENT_3D('',#799,#800,#801);
#799 = CARTESIAN_POINT('',(1.245E+03,-765.,-130.));
#800 = DIRECTION('',(0.,0.,1.));
#801 = DIRECTION('',(1.,0.,-0.));
#802 = PCURVE('',#267,#803);
#803 = DEFINITIONAL_REPRESENTATION('',(#804),#808);
#804 = CIRCLE('',#805,55.);
#805 = AXIS2_PLACEMENT_2D('',#806,#807);
#806 = CARTESIAN_POINT('',(3.845E+03,535.));
#807 = DIRECTION('',(1.,0.));
#808 = ( GEOMETRIC_REPRESENTATION_CONTEXT(2) 
PARAMETRIC_REPRESENTATION_CONTEXT() REPRESENTATION_CONTEXT('2D SPACE',''
  ) );
#809 = PCURVE('',#810,#815);
#810 = CYLINDRICAL_SURFACE('',#811,55.);
#811 = AXIS2_PLACEMENT_3D('',#812,#813,#814);
#812 = CARTESIAN_POINT('',(1.245E+03,-765.,-625.));
#813 = DIRECTION('',(0.,0.,1.));
#814 = DIRECTION('',(1.,0.,-0.));
#815 = DEFINITIONAL_REPRESENTATION('',(#816),#820);
#816 = LINE('',#817,#818);
#817 = CARTESIAN_POINT('',(0.,495.));
#818 = VECTOR('',#819,1.);
#819 = DIRECTION('',(1.,0.));
#820 = ( GEOMETRIC_REPRESENTATION_CONTEXT(2) 
PARAMETRIC_REPRESENTATION_CONTEXT() REPRESENTATION_CONTEXT('2D SPACE',''
  ) );
#821 = ORIENTED_EDGE('',*,*,#822,.F.);
#822 = EDGE_CURVE('',#823,#794,#825,.T.);
#823 = VERTEX_POINT('',#824);
#824 = CARTESIAN_POINT('',(1.3E+03,-795.,-130.));
#825 = SURFACE_CURVE('',#826,(#830,#836),.PCURVE_S1.);
#826 = LINE('',#827,#828);
#827 = CARTESIAN_POINT('',(1.3E+03,-1.075E+03,-130.));
#828 = VECTOR('',#829,1.);
#829 = DIRECTION('',(0.,1.,0.));
#830 = PCURVE('',#267,#831);
#831 = DEFINITIONAL_REPRESENTATION('',(#832),#835);
#832 = B_SPLINE_CURVE_WITH_KNOTS('',1,(#833,#834),.UNSPECIFIED.,.F.,.F.,
  (2,2),(280.,310.),.PIECEWISE_BEZIER_KNOTS.);
#833 = CARTESIAN_POINT('',(3.9E+03,505.));
#834 = CARTESIAN_POINT('',(3.9E+03,535.));
#835 = ( GEOMETRIC_REPRESENTATION_CONTEXT(2) 
PARAMETRIC_REPRESENTATION_CONTEXT() REPRESENTATION_CONTEXT('2D SPACE',''
  ) );
#836 = PCURVE('',#837,#842);
#837 = PLANE('',#838);
#838 = AXIS2_PLACEMENT_3D('',#839,#840,#841);
#839 = CARTESIAN_POINT('',(1.3E+03,-850.,-625.));
#840 = DIRECTION('',(1.,0.,0.));
#841 = DIRECTION('',(0.,0.,1.));
#842 = DEFINITIONAL_REPRESENTATION('',(#843),#846);
#843 = B_SPLINE_CURVE_WITH_KNOTS('',1,(#844,#845),.UNSPECIFIED.,.F.,.F.,
  (2,2),(280.,310.),.PIECEWISE_BEZIER_KNOTS.);
#844 = CARTESIAN_POINT('',(495.,-55.));
#845 = CARTESIAN_POINT('',(495.,-85.));
#846 = ( GEOMETRIC_REPRESENTATION_CONTEXT(2) 
PARAMETRIC_REPRESENTATION_CONTEXT() REPRESENTATION_CONTEXT('2D SPACE',''
  ) );
#847 = ORIENTED_EDGE('',*,*,#848,.F.);
#848 = EDGE_CURVE('',#849,#823,#851,.T.);
#849 = VERTEX_POINT('',#850);
#850 = CARTESIAN_POINT('',(1.245E+03,-850.,-130.));
#851 = SURFACE_CURVE('',#852,(#857,#864),.PCURVE_S1.);
#852 = CIRCLE('',#853,55.);
#853 = AXIS2_PLACEMENT_3D('',#854,#855,#856);
#854 = CARTESIAN_POINT('',(1.245E+03,-795.,-130.));
#855 = DIRECTION('',(0.,0.,1.));
#856 = DIRECTION('',(1.,0.,-0.));
#857 = PCURVE('',#267,#858);
#858 = DEFINITIONAL_REPRESENTATION('',(#859),#863);
#859 = CIRCLE('',#860,55.);
#860 = AXIS2_PLACEMENT_2D('',#861,#862);
#861 = CARTESIAN_POINT('',(3.845E+03,505.));
#862 = DIRECTION('',(1.,0.));
#863 = ( GEOMETRIC_REPRESENTATION_CONTEXT(2) 
PARAMETRIC_REPRESENTATION_CONTEXT() REPRESENTATION_CONTEXT('2D SPACE',''
  ) );
#864 = PCURVE('',#865,#870);
#865 = CYLINDRICAL_SURFACE('',#866,55.);
#866 = AXIS2_PLACEMENT_3D('',#867,#868,#869);
#867 = CARTESIAN_POINT('',(1.245E+03,-795.,-625.));
#868 = DIRECTION('',(0.,0.,1.));
#869 = DIRECTION('',(1.,0.,-0.));
#870 = DEFINITIONAL_REPRESENTATION('',(#871),#875);
#871 = LINE('',#872,#873);
#872 = CARTESIAN_POINT('',(-6.28318530718,495.));
#873 = VECTOR('',#874,1.);
#874 = DIRECTION('',(1.,-0.));
#875 = ( GEOMETRIC_REPRESENTATION_CONTEXT(2) 
PARAMETRIC_REPRESENTATION_CONTEXT() REPRESENTATION_CONTEXT('2D SPACE',''
  ) );
#876 = ORIENTED_EDGE('',*,*,#877,.T.);
#877 = EDGE_CURVE('',#849,#684,#878,.T.);
#878 = SURFACE_CURVE('',#879,(#883,#889),.PCURVE_S1.);
#879 = LINE('',#880,#881);
#880 = CARTESIAN_POINT('',(-1.95E+03,-850.,-130.));
#881 = VECTOR('',#882,1.);
#882 = DIRECTION('',(-1.,0.,0.));
#883 = PCURVE('',#267,#884);
#884 = DEFINITIONAL_REPRESENTATION('',(#885),#888);
#885 = B_SPLINE_CURVE_WITH_KNOTS('',1,(#886,#887),.UNSPECIFIED.,.F.,.F.,
  (2,2),(-3.195E+03,-705.),.PIECEWISE_BEZIER_KNOTS.);
#886 = CARTESIAN_POINT('',(3.845E+03,450.));
#887 = CARTESIAN_POINT('',(1.355E+03,450.));
#888 = ( GEOMETRIC_REPRESENTATION_CONTEXT(2) 
PARAMETRIC_REPRESENTATION_CONTEXT() REPRESENTATION_CONTEXT('2D SPACE',''
  ) );
#889 = PCURVE('',#890,#895);
#890 = PLANE('',#891);
#891 = AXIS2_PLACEMENT_3D('',#892,#893,#894);
#892 = CARTESIAN_POINT('',(-1.3E+03,-850.,-625.));
#893 = DIRECTION('',(0.,1.,0.));
#894 = DIRECTION('',(0.,0.,1.));
#895 = DEFINITIONAL_REPRESENTATION('',(#896),#899);
#896 = B_SPLINE_CURVE_WITH_KNOTS('',1,(#897,#898),.UNSPECIFIED.,.F.,.F.,
  (2,2),(-3.195E+03,-705.),.PIECEWISE_BEZIER_KNOTS.);
#897 = CARTESIAN_POINT('',(495.,2.545E+03));
#898 = CARTESIAN_POINT('',(495.,55.));
#899 = ( GEOMETRIC_REPRESENTATION_CONTEXT(2) 
PARAMETRIC_REPRESENTATION_CONTEXT() REPRESENTATION_CONTEXT('2D SPACE',''
  ) );
#900 = FACE_BOUND('',#901,.F.);
#901 = EDGE_LOOP('',(#902,#933,#959,#988,#1014,#1043,#1069,#1098));
#902 = ORIENTED_EDGE('',*,*,#903,.F.);
#903 = EDGE_CURVE('',#904,#906,#908,.T.);
#904 = VERTEX_POINT('',#905);
#905 = CARTESIAN_POINT('',(-1.3E+03,765.,-130.));
#906 = VERTEX_POINT('',#907);
#907 = CARTESIAN_POINT('',(-1.245E+03,710.,-130.));
#908 = SURFACE_CURVE('',#909,(#914,#921),.PCURVE_S1.);
#909 = CIRCLE('',#910,55.);
#910 = AXIS2_PLACEMENT_3D('',#911,#912,#913);
#911 = CARTESIAN_POINT('',(-1.245E+03,765.,-130.));
#912 = DIRECTION('',(0.,0.,1.));
#913 = DIRECTION('',(-1.,-0.,0.));
#914 = PCURVE('',#267,#915);
#915 = DEFINITIONAL_REPRESENTATION('',(#916),#920);
#916 = CIRCLE('',#917,55.);
#917 = AXIS2_PLACEMENT_2D('',#918,#919);
#918 = CARTESIAN_POINT('',(1.355E+03,2.065E+03));
#919 = DIRECTION('',(-1.,0.));
#920 = ( GEOMETRIC_REPRESENTATION_CONTEXT(2) 
PARAMETRIC_REPRESENTATION_CONTEXT() REPRESENTATION_CONTEXT('2D SPACE',''
  ) );
#921 = PCURVE('',#922,#927);
#922 = CYLINDRICAL_SURFACE('',#923,55.);
#923 = AXIS2_PLACEMENT_3D('',#924,#925,#926);
#924 = CARTESIAN_POINT('',(-1.245E+03,765.,-625.));
#925 = DIRECTION('',(0.,0.,1.));
#926 = DIRECTION('',(-1.,-0.,0.));
#927 = DEFINITIONAL_REPRESENTATION('',(#928),#932);
#928 = LINE('',#929,#930);
#929 = CARTESIAN_POINT('',(0.,495.));
#930 = VECTOR('',#931,1.);
#931 = DIRECTION('',(1.,0.));
#932 = ( GEOMETRIC_REPRESENTATION_CONTEXT(2) 
PARAMETRIC_REPRESENTATION_CONTEXT() REPRESENTATION_CONTEXT('2D SPACE',''
  ) );
#933 = ORIENTED_EDGE('',*,*,#934,.T.);
#934 = EDGE_CURVE('',#904,#935,#937,.T.);
#935 = VERTEX_POINT('',#936);
#936 = CARTESIAN_POINT('',(-1.3E+03,795.,-130.));
#937 = SURFACE_CURVE('',#938,(#942,#948),.PCURVE_S1.);
#938 = LINE('',#939,#940);
#939 = CARTESIAN_POINT('',(-1.3E+03,-295.,-130.));
#940 = VECTOR('',#941,1.);
#941 = DIRECTION('',(0.,1.,0.));
#942 = PCURVE('',#267,#943);
#943 = DEFINITIONAL_REPRESENTATION('',(#944),#947);
#944 = B_SPLINE_CURVE_WITH_KNOTS('',1,(#945,#946),.UNSPECIFIED.,.F.,.F.,
  (2,2),(1.06E+03,1.09E+03),.PIECEWISE_BEZIER_KNOTS.);
#945 = CARTESIAN_POINT('',(1.3E+03,2.065E+03));
#946 = CARTESIAN_POINT('',(1.3E+03,2.095E+03));
#947 = ( GEOMETRIC_REPRESENTATION_CONTEXT(2) 
PARAMETRIC_REPRESENTATION_CONTEXT() REPRESENTATION_CONTEXT('2D SPACE',''
  ) );
#948 = PCURVE('',#949,#954);
#949 = PLANE('',#950);
#950 = AXIS2_PLACEMENT_3D('',#951,#952,#953);
#951 = CARTESIAN_POINT('',(-1.3E+03,710.,-625.));
#952 = DIRECTION('',(1.,0.,0.));
#953 = DIRECTION('',(0.,0.,1.));
#954 = DEFINITIONAL_REPRESENTATION('',(#955),#958);
#955 = B_SPLINE_CURVE_WITH_KNOTS('',1,(#956,#957),.UNSPECIFIED.,.F.,.F.,
  (2,2),(1.06E+03,1.09E+03),.PIECEWISE_BEZIER_KNOTS.);
#956 = CARTESIAN_POINT('',(495.,-55.));
#957 = CARTESIAN_POINT('',(495.,-85.));
#958 = ( GEOMETRIC_REPRESENTATION_CONTEXT(2) 
PARAMETRIC_REPRESENTATION_CONTEXT() REPRESENTATION_CONTEXT('2D SPACE',''
  ) );
#959 = ORIENTED_EDGE('',*,*,#960,.F.);
#960 = EDGE_CURVE('',#961,#935,#963,.T.);
#961 = VERTEX_POINT('',#962);
#962 = CARTESIAN_POINT('',(-1.245E+03,850.,-130.));
#963 = SURFACE_CURVE('',#964,(#969,#976),.PCURVE_S1.);
#964 = CIRCLE('',#965,55.);
#965 = AXIS2_PLACEMENT_3D('',#966,#967,#968);
#966 = CARTESIAN_POINT('',(-1.245E+03,795.,-130.));
#967 = DIRECTION('',(0.,0.,1.));
#968 = DIRECTION('',(-1.,-0.,0.));
#969 = PCURVE('',#267,#970);
#970 = DEFINITIONAL_REPRESENTATION('',(#971),#975);
#971 = CIRCLE('',#972,55.);
#972 = AXIS2_PLACEMENT_2D('',#973,#974);
#973 = CARTESIAN_POINT('',(1.355E+03,2.095E+03));
#974 = DIRECTION('',(-1.,0.));
#975 = ( GEOMETRIC_REPRESENTATION_CONTEXT(2) 
PARAMETRIC_REPRESENTATION_CONTEXT() REPRESENTATION_CONTEXT('2D SPACE',''
  ) );
#976 = PCURVE('',#977,#982);
#977 = CYLINDRICAL_SURFACE('',#978,55.);
#978 = AXIS2_PLACEMENT_3D('',#979,#980,#981);
#979 = CARTESIAN_POINT('',(-1.245E+03,795.,-625.));
#980 = DIRECTION('',(0.,0.,1.));
#981 = DIRECTION('',(-1.,-0.,0.));
#982 = DEFINITIONAL_REPRESENTATION('',(#983),#987);
#983 = LINE('',#984,#985);
#984 = CARTESIAN_POINT('',(-6.28318530718,495.));
#985 = VECTOR('',#986,1.);
#986 = DIRECTION('',(1.,-0.));
#987 = ( GEOMETRIC_REPRESENTATION_CONTEXT(2) 
PARAMETRIC_REPRESENTATION_CONTEXT() REPRESENTATION_CONTEXT('2D SPACE',''
  ) );
#988 = ORIENTED_EDGE('',*,*,#989,.F.);
#989 = EDGE_CURVE('',#990,#961,#992,.T.);
#990 = VERTEX_POINT('',#991);
#991 = CARTESIAN_POINT('',(1.245E+03,850.,-130.));
#992 = SURFACE_CURVE('',#993,(#997,#1003),.PCURVE_S1.);
#993 = LINE('',#994,#995);
#994 = CARTESIAN_POINT('',(-1.95E+03,850.,-130.));
#995 = VECTOR('',#996,1.);
#996 = DIRECTION('',(-1.,0.,0.));
#997 = PCURVE('',#267,#998);
#998 = DEFINITIONAL_REPRESENTATION('',(#999),#1002);
#999 = B_SPLINE_CURVE_WITH_KNOTS('',1,(#1000,#1001),.UNSPECIFIED.,.F.,
  .F.,(2,2),(-3.195E+03,-705.),.PIECEWISE_BEZIER_KNOTS.);
#1000 = CARTESIAN_POINT('',(3.845E+03,2.15E+03));
#1001 = CARTESIAN_POINT('',(1.355E+03,2.15E+03));
#1002 = ( GEOMETRIC_REPRESENTATION_CONTEXT(2) 
PARAMETRIC_REPRESENTATION_CONTEXT() REPRESENTATION_CONTEXT('2D SPACE',''
  ) );
#1003 = PCURVE('',#1004,#1009);
#1004 = PLANE('',#1005);
#1005 = AXIS2_PLACEMENT_3D('',#1006,#1007,#1008);
#1006 = CARTESIAN_POINT('',(-1.3E+03,850.,-625.));
#1007 = DIRECTION('',(0.,1.,0.));
#1008 = DIRECTION('',(0.,0.,1.));
#1009 = DEFINITIONAL_REPRESENTATION('',(#1010),#1013);
#1010 = B_SPLINE_CURVE_WITH_KNOTS('',1,(#1011,#1012),.UNSPECIFIED.,.F.,
  .F.,(2,2),(-3.195E+03,-705.),.PIECEWISE_BEZIER_KNOTS.);
#1011 = CARTESIAN_POINT('',(495.,2.545E+03));
#1012 = CARTESIAN_POINT('',(495.,55.));
#1013 = ( GEOMETRIC_REPRESENTATION_CONTEXT(2) 
PARAMETRIC_REPRESENTATION_CONTEXT() REPRESENTATION_CONTEXT('2D SPACE',''
  ) );
#1014 = ORIENTED_EDGE('',*,*,#1015,.F.);
#1015 = EDGE_CURVE('',#1016,#990,#1018,.T.);
#1016 = VERTEX_POINT('',#1017);
#1017 = CARTESIAN_POINT('',(1.3E+03,795.,-130.));
#1018 = SURFACE_CURVE('',#1019,(#1024,#1031),.PCURVE_S1.);
#1019 = CIRCLE('',#1020,55.);
#1020 = AXIS2_PLACEMENT_3D('',#1021,#1022,#1023);
#1021 = CARTESIAN_POINT('',(1.245E+03,795.,-130.));
#1022 = DIRECTION('',(0.,0.,1.));
#1023 = DIRECTION('',(1.,0.,-0.));
#1024 = PCURVE('',#267,#1025);
#1025 = DEFINITIONAL_REPRESENTATION('',(#1026),#1030);
#1026 = CIRCLE('',#1027,55.);
#1027 = AXIS2_PLACEMENT_2D('',#1028,#1029);
#1028 = CARTESIAN_POINT('',(3.845E+03,2.095E+03));
#1029 = DIRECTION('',(1.,0.));
#1030 = ( GEOMETRIC_REPRESENTATION_CONTEXT(2) 
PARAMETRIC_REPRESENTATION_CONTEXT() REPRESENTATION_CONTEXT('2D SPACE',''
  ) );
#1031 = PCURVE('',#1032,#1037);
#1032 = CYLINDRICAL_SURFACE('',#1033,55.);
#1033 = AXIS2_PLACEMENT_3D('',#1034,#1035,#1036);
#1034 = CARTESIAN_POINT('',(1.245E+03,795.,-625.));
#1035 = DIRECTION('',(0.,0.,1.));
#1036 = DIRECTION('',(1.,0.,-0.));
#1037 = DEFINITIONAL_REPRESENTATION('',(#1038),#1042);
#1038 = LINE('',#1039,#1040);
#1039 = CARTESIAN_POINT('',(0.,495.));
#1040 = VECTOR('',#1041,1.);
#1041 = DIRECTION('',(1.,0.));
#1042 = ( GEOMETRIC_REPRESENTATION_CONTEXT(2) 
PARAMETRIC_REPRESENTATION_CONTEXT() REPRESENTATION_CONTEXT('2D SPACE',''
  ) );
#1043 = ORIENTED_EDGE('',*,*,#1044,.F.);
#1044 = EDGE_CURVE('',#1045,#1016,#1047,.T.);
#1045 = VERTEX_POINT('',#1046);
#1046 = CARTESIAN_POINT('',(1.3E+03,765.,-130.));
#1047 = SURFACE_CURVE('',#1048,(#1052,#1058),.PCURVE_S1.);
#1048 = LINE('',#1049,#1050);
#1049 = CARTESIAN_POINT('',(1.3E+03,-295.,-130.));
#1050 = VECTOR('',#1051,1.);
#1051 = DIRECTION('',(0.,1.,0.));
#1052 = PCURVE('',#267,#1053);
#1053 = DEFINITIONAL_REPRESENTATION('',(#1054),#1057);
#1054 = B_SPLINE_CURVE_WITH_KNOTS('',1,(#1055,#1056),.UNSPECIFIED.,.F.,
  .F.,(2,2),(1.06E+03,1.09E+03),.PIECEWISE_BEZIER_KNOTS.);
#1055 = CARTESIAN_POINT('',(3.9E+03,2.065E+03));
#1056 = CARTESIAN_POINT('',(3.9E+03,2.095E+03));
#1057 = ( GEOMETRIC_REPRESENTATION_CONTEXT(2) 
PARAMETRIC_REPRESENTATION_CONTEXT() REPRESENTATION_CONTEXT('2D SPACE',''
  ) );
#1058 = PCURVE('',#1059,#1064);
#1059 = PLANE('',#1060);
#1060 = AXIS2_PLACEMENT_3D('',#1061,#1062,#1063);
#1061 = CARTESIAN_POINT('',(1.3E+03,710.,-625.));
#1062 = DIRECTION('',(1.,0.,0.));
#1063 = DIRECTION('',(0.,0.,1.));
#1064 = DEFINITIONAL_REPRESENTATION('',(#1065),#1068);
#1065 = B_SPLINE_CURVE_WITH_KNOTS('',1,(#1066,#1067),.UNSPECIFIED.,.F.,
  .F.,(2,2),(1.06E+03,1.09E+03),.PIECEWISE_BEZIER_KNOTS.);
#1066 = CARTESIAN_POINT('',(495.,-55.));
#1067 = CARTESIAN_POINT('',(495.,-85.));
#1068 = ( GEOMETRIC_REPRESENTATION_CONTEXT(2) 
PARAMETRIC_REPRESENTATION_CONTEXT() REPRESENTATION_CONTEXT('2D SPACE',''
  ) );
#1069 = ORIENTED_EDGE('',*,*,#1070,.F.);
#1070 = EDGE_CURVE('',#1071,#1045,#1073,.T.);
#1071 = VERTEX_POINT('',#1072);
#1072 = CARTESIAN_POINT('',(1.245E+03,710.,-130.));
#1073 = SURFACE_CURVE('',#1074,(#1079,#1086),.PCURVE_S1.);
#1074 = CIRCLE('',#1075,55.);
#1075 = AXIS2_PLACEMENT_3D('',#1076,#1077,#1078);
#1076 = CARTESIAN_POINT('',(1.245E+03,765.,-130.));
#1077 = DIRECTION('',(0.,0.,1.));
#1078 = DIRECTION('',(1.,0.,-0.));
#1079 = PCURVE('',#267,#1080);
#1080 = DEFINITIONAL_REPRESENTATION('',(#1081),#1085);
#1081 = CIRCLE('',#1082,55.);
#1082 = AXIS2_PLACEMENT_2D('',#1083,#1084);
#1083 = CARTESIAN_POINT('',(3.845E+03,2.065E+03));
#1084 = DIRECTION('',(1.,0.));
#1085 = ( GEOMETRIC_REPRESENTATION_CONTEXT(2) 
PARAMETRIC_REPRESENTATION_CONTEXT() REPRESENTATION_CONTEXT('2D SPACE',''
  ) );
#1086 = PCURVE('',#1087,#1092);
#1087 = CYLINDRICAL_SURFACE('',#1088,55.);
#1088 = AXIS2_PLACEMENT_3D('',#1089,#1090,#1091);
#1089 = CARTESIAN_POINT('',(1.245E+03,765.,-625.));
#1090 = DIRECTION('',(0.,0.,1.));
#1091 = DIRECTION('',(1.,0.,-0.));
#1092 = DEFINITIONAL_REPRESENTATION('',(#1093),#1097);
#1093 = LINE('',#1094,#1095);
#1094 = CARTESIAN_POINT('',(-6.28318530718,495.));
#1095 = VECTOR('',#1096,1.);
#1096 = DIRECTION('',(1.,-0.));
#1097 = ( GEOMETRIC_REPRESENTATION_CONTEXT(2) 
PARAMETRIC_REPRESENTATION_CONTEXT() REPRESENTATION_CONTEXT('2D SPACE',''
  ) );
#1098 = ORIENTED_EDGE('',*,*,#1099,.T.);
#1099 = EDGE_CURVE('',#1071,#906,#1100,.T.);
#1100 = SURFACE_CURVE('',#1101,(#1105,#1111),.PCURVE_S1.);
#1101 = LINE('',#1102,#1103);
#1102 = CARTESIAN_POINT('',(-1.95E+03,710.,-130.));
#1103 = VECTOR('',#1104,1.);
#1104 = DIRECTION('',(-1.,0.,0.));
#1105 = PCURVE('',#267,#1106);
#1106 = DEFINITIONAL_REPRESENTATION('',(#1107),#1110);
#1107 = B_SPLINE_CURVE_WITH_KNOTS('',1,(#1108,#1109),.UNSPECIFIED.,.F.,
  .F.,(2,2),(-3.195E+03,-705.),.PIECEWISE_BEZIER_KNOTS.);
#1108 = CARTESIAN_POINT('',(3.845E+03,2.01E+03));
#1109 = CARTESIAN_POINT('',(1.355E+03,2.01E+03));
#1110 = ( GEOMETRIC_REPRESENTATION_CONTEXT(2) 
PARAMETRIC_REPRESENTATION_CONTEXT() REPRESENTATION_CONTEXT('2D SPACE',''
  ) );
#1111 = PCURVE('',#1112,#1117);
#1112 = PLANE('',#1113);
#1113 = AXIS2_PLACEMENT_3D('',#1114,#1115,#1116);
#1114 = CARTESIAN_POINT('',(-1.3E+03,710.,-625.));
#1115 = DIRECTION('',(0.,1.,0.));
#1116 = DIRECTION('',(0.,0.,1.));
#1117 = DEFINITIONAL_REPRESENTATION('',(#1118),#1121);
#1118 = B_SPLINE_CURVE_WITH_KNOTS('',1,(#1119,#1120),.UNSPECIFIED.,.F.,
  .F.,(2,2),(-3.195E+03,-705.),.PIECEWISE_BEZIER_KNOTS.);
#1119 = CARTESIAN_POINT('',(495.,2.545E+03));
#1120 = CARTESIAN_POINT('',(495.,55.));
#1121 = ( GEOMETRIC_REPRESENTATION_CONTEXT(2) 
PARAMETRIC_REPRESENTATION_CONTEXT() REPRESENTATION_CONTEXT('2D SPACE',''
  ) );
#1122 = ADVANCED_FACE('',(#1123),#293,.T.);
#1123 = FACE_BOUND('',#1124,.F.);
#1124 = EDGE_LOOP('',(#1125,#1126,#1146));
#1125 = ORIENTED_EDGE('',*,*,#279,.F.);
#1126 = ORIENTED_EDGE('',*,*,#1127,.T.);
#1127 = EDGE_CURVE('',#252,#391,#1128,.T.);
#1128 = SURFACE_CURVE('',#1129,(#1134,#1140),.PCURVE_S1.);
#1129 = CIRCLE('',#1130,110.);
#1130 = AXIS2_PLACEMENT_3D('',#1131,#1132,#1133);
#1131 = CARTESIAN_POINT('',(-2.49E+03,1.19E+03,-20.));
#1132 = DIRECTION('',(1.,6.123233995737E-17,-0.));
#1133 = DIRECTION('',(-6.123233995737E-17,1.,0.));
#1134 = PCURVE('',#293,#1135);
#1135 = DEFINITIONAL_REPRESENTATION('',(#1136),#1139);
#1136 = B_SPLINE_CURVE_WITH_KNOTS('',1,(#1137,#1138),.UNSPECIFIED.,.F.,
  .F.,(2,2),(4.712388980385,6.28318530718),.PIECEWISE_BEZIER_KNOTS.);
#1137 = CARTESIAN_POINT('',(-1.570796326795,-1.570796326795));
#1138 = CARTESIAN_POINT('',(-1.570796326795,0.));
#1139 = ( GEOMETRIC_REPRESENTATION_CONTEXT(2) 
PARAMETRIC_REPRESENTATION_CONTEXT() REPRESENTATION_CONTEXT('2D SPACE',''
  ) );
#1140 = PCURVE('',#667,#1141);
#1141 = DEFINITIONAL_REPRESENTATION('',(#1142),#1145);
#1142 = B_SPLINE_CURVE_WITH_KNOTS('',1,(#1143,#1144),.UNSPECIFIED.,.F.,
  .F.,(2,2),(4.712388980385,6.28318530718),.PIECEWISE_BEZIER_KNOTS.);
#1143 = CARTESIAN_POINT('',(-1.570796326795,110.));
#1144 = CARTESIAN_POINT('',(0.,110.));
#1145 = ( GEOMETRIC_REPRESENTATION_CONTEXT(2) 
PARAMETRIC_REPRESENTATION_CONTEXT() REPRESENTATION_CONTEXT('2D SPACE',''
  ) );
#1146 = ORIENTED_EDGE('',*,*,#390,.F.);
#1147 = ADVANCED_FACE('',(#1148,#1228),#346,.T.);
#1148 = FACE_BOUND('',#1149,.T.);
#1149 = EDGE_LOOP('',(#1150,#1151,#1174,#1202));
#1150 = ORIENTED_EDGE('',*,*,#330,.F.);
#1151 = ORIENTED_EDGE('',*,*,#1152,.T.);
#1152 = EDGE_CURVE('',#309,#1153,#1155,.T.);
#1153 = VERTEX_POINT('',#1154);
#1154 = CARTESIAN_POINT('',(2.49E+03,-1.19E+03,130.));
#1155 = SURFACE_CURVE('',#1156,(#1160,#1167),.PCURVE_S1.);
#1156 = LINE('',#1157,#1158);
#1157 = CARTESIAN_POINT('',(-2.6E+03,-1.19E+03,130.));
#1158 = VECTOR('',#1159,1.);
#1159 = DIRECTION('',(1.,0.,0.));
#1160 = PCURVE('',#346,#1161);
#1161 = DEFINITIONAL_REPRESENTATION('',(#1162),#1166);
#1162 = LINE('',#1163,#1164);
#1163 = CARTESIAN_POINT('',(0.,110.));
#1164 = VECTOR('',#1165,1.);
#1165 = DIRECTION('',(1.,0.));
#1166 = ( GEOMETRIC_REPRESENTATION_CONTEXT(2) 
PARAMETRIC_REPRESENTATION_CONTEXT() REPRESENTATION_CONTEXT('2D SPACE',''
  ) );
#1167 = PCURVE('',#510,#1168);
#1168 = DEFINITIONAL_REPRESENTATION('',(#1169),#1173);
#1169 = LINE('',#1170,#1171);
#1170 = CARTESIAN_POINT('',(-1.570796326795,0.));
#1171 = VECTOR('',#1172,1.);
#1172 = DIRECTION('',(-0.,1.));
#1173 = ( GEOMETRIC_REPRESENTATION_CONTEXT(2) 
PARAMETRIC_REPRESENTATION_CONTEXT() REPRESENTATION_CONTEXT('2D SPACE',''
  ) );
#1174 = ORIENTED_EDGE('',*,*,#1175,.T.);
#1175 = EDGE_CURVE('',#1153,#1176,#1178,.T.);
#1176 = VERTEX_POINT('',#1177);
#1177 = CARTESIAN_POINT('',(2.49E+03,1.19E+03,130.));
#1178 = SURFACE_CURVE('',#1179,(#1183,#1190),.PCURVE_S1.);
#1179 = LINE('',#1180,#1181);
#1180 = CARTESIAN_POINT('',(2.49E+03,-1.3E+03,130.));
#1181 = VECTOR('',#1182,1.);
#1182 = DIRECTION('',(0.,1.,0.));
#1183 = PCURVE('',#346,#1184);
#1184 = DEFINITIONAL_REPRESENTATION('',(#1185),#1189);
#1185 = LINE('',#1186,#1187);
#1186 = CARTESIAN_POINT('',(5.09E+03,0.));
#1187 = VECTOR('',#1188,1.);
#1188 = DIRECTION('',(0.,1.));
#1189 = ( GEOMETRIC_REPRESENTATION_CONTEXT(2) 
PARAMETRIC_REPRESENTATION_CONTEXT() REPRESENTATION_CONTEXT('2D SPACE',''
  ) );
#1190 = PCURVE('',#1191,#1196);
#1191 = CYLINDRICAL_SURFACE('',#1192,110.);
#1192 = AXIS2_PLACEMENT_3D('',#1193,#1194,#1195);
#1193 = CARTESIAN_POINT('',(2.49E+03,-1.3E+03,20.));
#1194 = DIRECTION('',(0.,1.,0.));
#1195 = DIRECTION('',(1.,0.,-0.));
#1196 = DEFINITIONAL_REPRESENTATION('',(#1197),#1201);
#1197 = LINE('',#1198,#1199);
#1198 = CARTESIAN_POINT('',(-1.570796326795,0.));
#1199 = VECTOR('',#1200,1.);
#1200 = DIRECTION('',(-0.,1.));
#1201 = ( GEOMETRIC_REPRESENTATION_CONTEXT(2) 
PARAMETRIC_REPRESENTATION_CONTEXT() REPRESENTATION_CONTEXT('2D SPACE',''
  ) );
#1202 = ORIENTED_EDGE('',*,*,#1203,.F.);
#1203 = EDGE_CURVE('',#331,#1176,#1204,.T.);
#1204 = SURFACE_CURVE('',#1205,(#1209,#1216),.PCURVE_S1.);
#1205 = LINE('',#1206,#1207);
#1206 = CARTESIAN_POINT('',(-2.6E+03,1.19E+03,130.));
#1207 = VECTOR('',#1208,1.);
#1208 = DIRECTION('',(1.,0.,0.));
#1209 = PCURVE('',#346,#1210);
#1210 = DEFINITIONAL_REPRESENTATION('',(#1211),#1215);
#1211 = LINE('',#1212,#1213);
#1212 = CARTESIAN_POINT('',(0.,2.49E+03));
#1213 = VECTOR('',#1214,1.);
#1214 = DIRECTION('',(1.,0.));
#1215 = ( GEOMETRIC_REPRESENTATION_CONTEXT(2) 
PARAMETRIC_REPRESENTATION_CONTEXT() REPRESENTATION_CONTEXT('2D SPACE',''
  ) );
#1216 = PCURVE('',#1217,#1222);
#1217 = CYLINDRICAL_SURFACE('',#1218,110.);
#1218 = AXIS2_PLACEMENT_3D('',#1219,#1220,#1221);
#1219 = CARTESIAN_POINT('',(-2.6E+03,1.19E+03,20.));
#1220 = DIRECTION('',(1.,0.,0.));
#1221 = DIRECTION('',(-0.,1.,0.));
#1222 = DEFINITIONAL_REPRESENTATION('',(#1223),#1227);
#1223 = LINE('',#1224,#1225);
#1224 = CARTESIAN_POINT('',(1.570796326795,0.));
#1225 = VECTOR('',#1226,1.);
#1226 = DIRECTION('',(0.,1.));
#1227 = ( GEOMETRIC_REPRESENTATION_CONTEXT(2) 
PARAMETRIC_REPRESENTATION_CONTEXT() REPRESENTATION_CONTEXT('2D SPACE',''
  ) );
#1228 = FACE_BOUND('',#1229,.T.);
#1229 = EDGE_LOOP('',(#1230,#1258,#1286,#1315,#1341,#1370,#1393,#1422,
    #1448,#1477,#1500,#1529,#1555,#1584,#1607,#1633,#1656,#1682,#1708,
    #1737,#1763,#1792,#1818,#1844,#1872,#1898,#1921,#1950,#1976,#2005,
    #2028,#2057,#2083,#2112,#2135,#2164,#2190,#2219,#2242,#2268,#2291,
    #2317,#2338,#2367,#2393,#2422,#2443,#2469));
#1230 = ORIENTED_EDGE('',*,*,#1231,.F.);
#1231 = EDGE_CURVE('',#1232,#1234,#1236,.T.);
#1232 = VERTEX_POINT('',#1233);
#1233 = CARTESIAN_POINT('',(1.8E+03,-1.071990098767E+03,130.));
#1234 = VERTEX_POINT('',#1235);
#1235 = CARTESIAN_POINT('',(1.8E+03,-668.0099012327,130.));
#1236 = SURFACE_CURVE('',#1237,(#1241,#1247),.PCURVE_S1.);
#1237 = LINE('',#1238,#1239);
#1238 = CARTESIAN_POINT('',(1.8E+03,-1.085E+03,130.));
#1239 = VECTOR('',#1240,1.);
#1240 = DIRECTION('',(0.,1.,0.));
#1241 = PCURVE('',#346,#1242);
#1242 = DEFINITIONAL_REPRESENTATION('',(#1243),#1246);
#1243 = B_SPLINE_CURVE_WITH_KNOTS('',1,(#1244,#1245),.UNSPECIFIED.,.F.,
  .F.,(2,2),(-15.,445.),.PIECEWISE_BEZIER_KNOTS.);
#1244 = CARTESIAN_POINT('',(4.4E+03,200.));
#1245 = CARTESIAN_POINT('',(4.4E+03,660.));
#1246 = ( GEOMETRIC_REPRESENTATION_CONTEXT(2) 
PARAMETRIC_REPRESENTATION_CONTEXT() REPRESENTATION_CONTEXT('2D SPACE',''
  ) );
#1247 = PCURVE('',#1248,#1253);
#1248 = PLANE('',#1249);
#1249 = AXIS2_PLACEMENT_3D('',#1250,#1251,#1252);
#1250 = CARTESIAN_POINT('',(1.8E+03,-870.,240.));
#1251 = DIRECTION('',(1.,0.,0.));
#1252 = DIRECTION('',(-0.,0.,1.));
#1253 = DEFINITIONAL_REPRESENTATION('',(#1254),#1257);
#1254 = B_SPLINE_CURVE_WITH_KNOTS('',1,(#1255,#1256),.UNSPECIFIED.,.F.,
  .F.,(2,2),(-15.,445.),.PIECEWISE_BEZIER_KNOTS.);
#1255 = CARTESIAN_POINT('',(-110.,230.));
#1256 = CARTESIAN_POINT('',(-110.,-230.));
#1257 = ( GEOMETRIC_REPRESENTATION_CONTEXT(2) 
PARAMETRIC_REPRESENTATION_CONTEXT() REPRESENTATION_CONTEXT('2D SPACE',''
  ) );
#1258 = ORIENTED_EDGE('',*,*,#1259,.T.);
#1259 = EDGE_CURVE('',#1232,#1260,#1262,.T.);
#1260 = VERTEX_POINT('',#1261);
#1261 = CARTESIAN_POINT('',(1.768476339562E+03,-1.071990098767E+03,130.)
  );
#1262 = SURFACE_CURVE('',#1263,(#1267,#1274),.PCURVE_S1.);
#1263 = LINE('',#1264,#1265);
#1264 = CARTESIAN_POINT('',(1.8E+03,-1.071990098767E+03,130.));
#1265 = VECTOR('',#1266,1.);
#1266 = DIRECTION('',(-1.,0.,0.));
#1267 = PCURVE('',#346,#1268);
#1268 = DEFINITIONAL_REPRESENTATION('',(#1269),#1273);
#1269 = LINE('',#1270,#1271);
#1270 = CARTESIAN_POINT('',(4.4E+03,228.00990123275));
#1271 = VECTOR('',#1272,1.);
#1272 = DIRECTION('',(-1.,0.));
#1273 = ( GEOMETRIC_REPRESENTATION_CONTEXT(2) 
PARAMETRIC_REPRESENTATION_CONTEXT() REPRESENTATION_CONTEXT('2D SPACE',''
  ) );
#1274 = PCURVE('',#1275,#1280);
#1275 = CYLINDRICAL_SURFACE('',#1276,230.);
#1276 = AXIS2_PLACEMENT_3D('',#1277,#1278,#1279);
#1277 = CARTESIAN_POINT('',(0.,-870.,240.));
#1278 = DIRECTION('',(-1.,-0.,-0.));
#1279 = DIRECTION('',(0.,1.,0.));
#1280 = DEFINITIONAL_REPRESENTATION('',(#1281),#1285);
#1281 = LINE('',#1282,#1283);
#1282 = CARTESIAN_POINT('',(-9.923451307831,-1.8E+03));
#1283 = VECTOR('',#1284,1.);
#1284 = DIRECTION('',(-0.,1.));
#1285 = ( GEOMETRIC_REPRESENTATION_CONTEXT(2) 
PARAMETRIC_REPRESENTATION_CONTEXT() REPRESENTATION_CONTEXT('2D SPACE',''
  ) );
#1286 = ORIENTED_EDGE('',*,*,#1287,.F.);
#1287 = EDGE_CURVE('',#1288,#1260,#1290,.T.);
#1288 = VERTEX_POINT('',#1289);
#1289 = CARTESIAN_POINT('',(1.745E+03,-1.089494897428E+03,130.));
#1290 = SURFACE_CURVE('',#1291,(#1296,#1303),.PCURVE_S1.);
#1291 = CIRCLE('',#1292,24.494897427832);
#1292 = AXIS2_PLACEMENT_3D('',#1293,#1294,#1295);
#1293 = CARTESIAN_POINT('',(1.745E+03,-1.065E+03,130.));
#1294 = DIRECTION('',(0.,0.,1.));
#1295 = DIRECTION('',(1.,0.,-0.));
#1296 = PCURVE('',#346,#1297);
#1297 = DEFINITIONAL_REPRESENTATION('',(#1298),#1302);
#1298 = CIRCLE('',#1299,24.494897427832);
#1299 = AXIS2_PLACEMENT_2D('',#1300,#1301);
#1300 = CARTESIAN_POINT('',(4.345E+03,235.));
#1301 = DIRECTION('',(1.,0.));
#1302 = ( GEOMETRIC_REPRESENTATION_CONTEXT(2) 
PARAMETRIC_REPRESENTATION_CONTEXT() REPRESENTATION_CONTEXT('2D SPACE',''
  ) );
#1303 = PCURVE('',#1304,#1309);
#1304 = SPHERICAL_SURFACE('',#1305,35.);
#1305 = AXIS2_PLACEMENT_3D('',#1306,#1307,#1308);
#1306 = CARTESIAN_POINT('',(1.745E+03,-1.065E+03,155.));
#1307 = DIRECTION('',(0.,0.,1.));
#1308 = DIRECTION('',(1.,0.,-0.));
#1309 = DEFINITIONAL_REPRESENTATION('',(#1310),#1314);
#1310 = LINE('',#1311,#1312);
#1311 = CARTESIAN_POINT('',(-6.28318530718,-0.795602953485));
#1312 = VECTOR('',#1313,1.);
#1313 = DIRECTION('',(1.,-0.));
#1314 = ( GEOMETRIC_REPRESENTATION_CONTEXT(2) 
PARAMETRIC_REPRESENTATION_CONTEXT() REPRESENTATION_CONTEXT('2D SPACE',''
  ) );
#1315 = ORIENTED_EDGE('',*,*,#1316,.F.);
#1316 = EDGE_CURVE('',#1317,#1288,#1319,.T.);
#1317 = VERTEX_POINT('',#1318);
#1318 = CARTESIAN_POINT('',(1.655E+03,-1.089494897428E+03,130.));
#1319 = SURFACE_CURVE('',#1320,(#1324,#1330),.PCURVE_S1.);
#1320 = LINE('',#1321,#1322);
#1321 = CARTESIAN_POINT('',(1.62E+03,-1.089494897428E+03,130.));
#1322 = VECTOR('',#1323,1.);
#1323 = DIRECTION('',(1.,0.,0.));
#1324 = PCURVE('',#346,#1325);
#1325 = DEFINITIONAL_REPRESENTATION('',(#1326),#1329);
#1326 = B_SPLINE_CURVE_WITH_KNOTS('',1,(#1327,#1328),.UNSPECIFIED.,.F.,
  .F.,(2,2),(34.9999994,125.0000006),.PIECEWISE_BEZIER_KNOTS.);
#1327 = CARTESIAN_POINT('',(4.2549999994E+03,210.50510257216));
#1328 = CARTESIAN_POINT('',(4.3450000006E+03,210.50510257216));
#1329 = ( GEOMETRIC_REPRESENTATION_CONTEXT(2) 
PARAMETRIC_REPRESENTATION_CONTEXT() REPRESENTATION_CONTEXT('2D SPACE',''
  ) );
#1330 = PCURVE('',#1331,#1336);
#1331 = CYLINDRICAL_SURFACE('',#1332,35.);
#1332 = AXIS2_PLACEMENT_3D('',#1333,#1334,#1335);
#1333 = CARTESIAN_POINT('',(1.62E+03,-1.065E+03,155.));
#1334 = DIRECTION('',(1.,0.,0.));
#1335 = DIRECTION('',(0.,-1.,0.));
#1336 = DEFINITIONAL_REPRESENTATION('',(#1337),#1340);
#1337 = B_SPLINE_CURVE_WITH_KNOTS('',1,(#1338,#1339),.UNSPECIFIED.,.F.,
  .F.,(2,2),(34.9999994,125.0000006),.PIECEWISE_BEZIER_KNOTS.);
#1338 = CARTESIAN_POINT('',(0.795602953485,34.9999994));
#1339 = CARTESIAN_POINT('',(0.795602953485,125.0000006));
#1340 = ( GEOMETRIC_REPRESENTATION_CONTEXT(2) 
PARAMETRIC_REPRESENTATION_CONTEXT() REPRESENTATION_CONTEXT('2D SPACE',''
  ) );
#1341 = ORIENTED_EDGE('',*,*,#1342,.F.);
#1342 = EDGE_CURVE('',#1343,#1317,#1345,.T.);
#1343 = VERTEX_POINT('',#1344);
#1344 = CARTESIAN_POINT('',(1.631523660438E+03,-1.071990098767E+03,130.)
  );
#1345 = SURFACE_CURVE('',#1346,(#1351,#1358),.PCURVE_S1.);
#1346 = CIRCLE('',#1347,24.494897427832);
#1347 = AXIS2_PLACEMENT_3D('',#1348,#1349,#1350);
#1348 = CARTESIAN_POINT('',(1.655E+03,-1.065E+03,130.));
#1349 = DIRECTION('',(0.,0.,1.));
#1350 = DIRECTION('',(-1.,0.,0.));
#1351 = PCURVE('',#346,#1352);
#1352 = DEFINITIONAL_REPRESENTATION('',(#1353),#1357);
#1353 = CIRCLE('',#1354,24.494897427832);
#1354 = AXIS2_PLACEMENT_2D('',#1355,#1356);
#1355 = CARTESIAN_POINT('',(4.255E+03,235.));
#1356 = DIRECTION('',(-1.,0.));
#1357 = ( GEOMETRIC_REPRESENTATION_CONTEXT(2) 
PARAMETRIC_REPRESENTATION_CONTEXT() REPRESENTATION_CONTEXT('2D SPACE',''
  ) );
#1358 = PCURVE('',#1359,#1364);
#1359 = SPHERICAL_SURFACE('',#1360,35.);
#1360 = AXIS2_PLACEMENT_3D('',#1361,#1362,#1363);
#1361 = CARTESIAN_POINT('',(1.655E+03,-1.065E+03,155.));
#1362 = DIRECTION('',(0.,0.,1.));
#1363 = DIRECTION('',(-1.,0.,0.));
#1364 = DEFINITIONAL_REPRESENTATION('',(#1365),#1369);
#1365 = LINE('',#1366,#1367);
#1366 = CARTESIAN_POINT('',(0.,-0.795602953485));
#1367 = VECTOR('',#1368,1.);
#1368 = DIRECTION('',(1.,0.));
#1369 = ( GEOMETRIC_REPRESENTATION_CONTEXT(2) 
PARAMETRIC_REPRESENTATION_CONTEXT() REPRESENTATION_CONTEXT('2D SPACE',''
  ) );
#1370 = ORIENTED_EDGE('',*,*,#1371,.T.);
#1371 = EDGE_CURVE('',#1343,#1372,#1374,.T.);
#1372 = VERTEX_POINT('',#1373);
#1373 = CARTESIAN_POINT('',(68.47633956187,-1.071990098767E+03,130.));
#1374 = SURFACE_CURVE('',#1375,(#1379,#1386),.PCURVE_S1.);
#1375 = LINE('',#1376,#1377);
#1376 = CARTESIAN_POINT('',(1.8E+03,-1.071990098767E+03,130.));
#1377 = VECTOR('',#1378,1.);
#1378 = DIRECTION('',(-1.,0.,0.));
#1379 = PCURVE('',#346,#1380);
#1380 = DEFINITIONAL_REPRESENTATION('',(#1381),#1385);
#1381 = LINE('',#1382,#1383);
#1382 = CARTESIAN_POINT('',(4.4E+03,228.00990123275));
#1383 = VECTOR('',#1384,1.);
#1384 = DIRECTION('',(-1.,0.));
#1385 = ( GEOMETRIC_REPRESENTATION_CONTEXT(2) 
PARAMETRIC_REPRESENTATION_CONTEXT() REPRESENTATION_CONTEXT('2D SPACE',''
  ) );
#1386 = PCURVE('',#1275,#1387);
#1387 = DEFINITIONAL_REPRESENTATION('',(#1388),#1392);
#1388 = LINE('',#1389,#1390);
#1389 = CARTESIAN_POINT('',(-9.923451307831,-1.8E+03));
#1390 = VECTOR('',#1391,1.);
#1391 = DIRECTION('',(-0.,1.));
#1392 = ( GEOMETRIC_REPRESENTATION_CONTEXT(2) 
PARAMETRIC_REPRESENTATION_CONTEXT() REPRESENTATION_CONTEXT('2D SPACE',''
  ) );
#1393 = ORIENTED_EDGE('',*,*,#1394,.F.);
#1394 = EDGE_CURVE('',#1395,#1372,#1397,.T.);
#1395 = VERTEX_POINT('',#1396);
#1396 = CARTESIAN_POINT('',(45.,-1.089494897428E+03,130.));
#1397 = SURFACE_CURVE('',#1398,(#1403,#1410),.PCURVE_S1.);
#1398 = CIRCLE('',#1399,24.494897427832);
#1399 = AXIS2_PLACEMENT_3D('',#1400,#1401,#1402);
#1400 = CARTESIAN_POINT('',(45.,-1.065E+03,130.));
#1401 = DIRECTION('',(0.,0.,1.));
#1402 = DIRECTION('',(1.,0.,-0.));
#1403 = PCURVE('',#346,#1404);
#1404 = DEFINITIONAL_REPRESENTATION('',(#1405),#1409);
#1405 = CIRCLE('',#1406,24.494897427832);
#1406 = AXIS2_PLACEMENT_2D('',#1407,#1408);
#1407 = CARTESIAN_POINT('',(2.645E+03,235.));
#1408 = DIRECTION('',(1.,0.));
#1409 = ( GEOMETRIC_REPRESENTATION_CONTEXT(2) 
PARAMETRIC_REPRESENTATION_CONTEXT() REPRESENTATION_CONTEXT('2D SPACE',''
  ) );
#1410 = PCURVE('',#1411,#1416);
#1411 = SPHERICAL_SURFACE('',#1412,35.);
#1412 = AXIS2_PLACEMENT_3D('',#1413,#1414,#1415);
#1413 = CARTESIAN_POINT('',(45.,-1.065E+03,155.));
#1414 = DIRECTION('',(0.,0.,1.));
#1415 = DIRECTION('',(1.,0.,-0.));
#1416 = DEFINITIONAL_REPRESENTATION('',(#1417),#1421);
#1417 = LINE('',#1418,#1419);
#1418 = CARTESIAN_POINT('',(-6.28318530718,-0.795602953485));
#1419 = VECTOR('',#1420,1.);
#1420 = DIRECTION('',(1.,-0.));
#1421 = ( GEOMETRIC_REPRESENTATION_CONTEXT(2) 
PARAMETRIC_REPRESENTATION_CONTEXT() REPRESENTATION_CONTEXT('2D SPACE',''
  ) );
#1422 = ORIENTED_EDGE('',*,*,#1423,.F.);
#1423 = EDGE_CURVE('',#1424,#1395,#1426,.T.);
#1424 = VERTEX_POINT('',#1425);
#1425 = CARTESIAN_POINT('',(-45.,-1.089494897428E+03,130.));
#1426 = SURFACE_CURVE('',#1427,(#1431,#1437),.PCURVE_S1.);
#1427 = LINE('',#1428,#1429);
#1428 = CARTESIAN_POINT('',(-80.,-1.089494897428E+03,130.));
#1429 = VECTOR('',#1430,1.);
#1430 = DIRECTION('',(1.,0.,0.));
#1431 = PCURVE('',#346,#1432);
#1432 = DEFINITIONAL_REPRESENTATION('',(#1433),#1436);
#1433 = B_SPLINE_CURVE_WITH_KNOTS('',1,(#1434,#1435),.UNSPECIFIED.,.F.,
  .F.,(2,2),(34.9999994,125.0000006),.PIECEWISE_BEZIER_KNOTS.);
#1434 = CARTESIAN_POINT('',(2.5549999994E+03,210.50510257216));
#1435 = CARTESIAN_POINT('',(2.6450000006E+03,210.50510257216));
#1436 = ( GEOMETRIC_REPRESENTATION_CONTEXT(2) 
PARAMETRIC_REPRESENTATION_CONTEXT() REPRESENTATION_CONTEXT('2D SPACE',''
  ) );
#1437 = PCURVE('',#1438,#1443);
#1438 = CYLINDRICAL_SURFACE('',#1439,35.);
#1439 = AXIS2_PLACEMENT_3D('',#1440,#1441,#1442);
#1440 = CARTESIAN_POINT('',(-80.,-1.065E+03,155.));
#1441 = DIRECTION('',(1.,0.,0.));
#1442 = DIRECTION('',(0.,-1.,0.));
#1443 = DEFINITIONAL_REPRESENTATION('',(#1444),#1447);
#1444 = B_SPLINE_CURVE_WITH_KNOTS('',1,(#1445,#1446),.UNSPECIFIED.,.F.,
  .F.,(2,2),(34.9999994,125.0000006),.PIECEWISE_BEZIER_KNOTS.);
#1445 = CARTESIAN_POINT('',(0.795602953485,34.9999994));
#1446 = CARTESIAN_POINT('',(0.795602953485,125.0000006));
#1447 = ( GEOMETRIC_REPRESENTATION_CONTEXT(2) 
PARAMETRIC_REPRESENTATION_CONTEXT() REPRESENTATION_CONTEXT('2D SPACE',''
  ) );
#1448 = ORIENTED_EDGE('',*,*,#1449,.F.);
#1449 = EDGE_CURVE('',#1450,#1424,#1452,.T.);
#1450 = VERTEX_POINT('',#1451);
#1451 = CARTESIAN_POINT('',(-68.47633956187,-1.071990098767E+03,130.));
#1452 = SURFACE_CURVE('',#1453,(#1458,#1465),.PCURVE_S1.);
#1453 = CIRCLE('',#1454,24.494897427832);
#1454 = AXIS2_PLACEMENT_3D('',#1455,#1456,#1457);
#1455 = CARTESIAN_POINT('',(-45.,-1.065E+03,130.));
#1456 = DIRECTION('',(0.,0.,1.));
#1457 = DIRECTION('',(-1.,0.,0.));
#1458 = PCURVE('',#346,#1459);
#1459 = DEFINITIONAL_REPRESENTATION('',(#1460),#1464);
#1460 = CIRCLE('',#1461,24.494897427832);
#1461 = AXIS2_PLACEMENT_2D('',#1462,#1463);
#1462 = CARTESIAN_POINT('',(2.555E+03,235.));
#1463 = DIRECTION('',(-1.,0.));
#1464 = ( GEOMETRIC_REPRESENTATION_CONTEXT(2) 
PARAMETRIC_REPRESENTATION_CONTEXT() REPRESENTATION_CONTEXT('2D SPACE',''
  ) );
#1465 = PCURVE('',#1466,#1471);
#1466 = SPHERICAL_SURFACE('',#1467,35.);
#1467 = AXIS2_PLACEMENT_3D('',#1468,#1469,#1470);
#1468 = CARTESIAN_POINT('',(-45.,-1.065E+03,155.));
#1469 = DIRECTION('',(0.,0.,1.));
#1470 = DIRECTION('',(-1.,0.,0.));
#1471 = DEFINITIONAL_REPRESENTATION('',(#1472),#1476);
#1472 = LINE('',#1473,#1474);
#1473 = CARTESIAN_POINT('',(0.,-0.795602953485));
#1474 = VECTOR('',#1475,1.);
#1475 = DIRECTION('',(1.,0.));
#1476 = ( GEOMETRIC_REPRESENTATION_CONTEXT(2) 
PARAMETRIC_REPRESENTATION_CONTEXT() REPRESENTATION_CONTEXT('2D SPACE',''
  ) );
#1477 = ORIENTED_EDGE('',*,*,#1478,.T.);
#1478 = EDGE_CURVE('',#1450,#1479,#1481,.T.);
#1479 = VERTEX_POINT('',#1480);
#1480 = CARTESIAN_POINT('',(-1.631523660438E+03,-1.071990098767E+03,130.
    ));
#1481 = SURFACE_CURVE('',#1482,(#1486,#1493),.PCURVE_S1.);
#1482 = LINE('',#1483,#1484);
#1483 = CARTESIAN_POINT('',(1.8E+03,-1.071990098767E+03,130.));
#1484 = VECTOR('',#1485,1.);
#1485 = DIRECTION('',(-1.,0.,0.));
#1486 = PCURVE('',#346,#1487);
#1487 = DEFINITIONAL_REPRESENTATION('',(#1488),#1492);
#1488 = LINE('',#1489,#1490);
#1489 = CARTESIAN_POINT('',(4.4E+03,228.00990123275));
#1490 = VECTOR('',#1491,1.);
#1491 = DIRECTION('',(-1.,0.));
#1492 = ( GEOMETRIC_REPRESENTATION_CONTEXT(2) 
PARAMETRIC_REPRESENTATION_CONTEXT() REPRESENTATION_CONTEXT('2D SPACE',''
  ) );
#1493 = PCURVE('',#1275,#1494);
#1494 = DEFINITIONAL_REPRESENTATION('',(#1495),#1499);
#1495 = LINE('',#1496,#1497);
#1496 = CARTESIAN_POINT('',(-9.923451307831,-1.8E+03));
#1497 = VECTOR('',#1498,1.);
#1498 = DIRECTION('',(-0.,1.));
#1499 = ( GEOMETRIC_REPRESENTATION_CONTEXT(2) 
PARAMETRIC_REPRESENTATION_CONTEXT() REPRESENTATION_CONTEXT('2D SPACE',''
  ) );
#1500 = ORIENTED_EDGE('',*,*,#1501,.F.);
#1501 = EDGE_CURVE('',#1502,#1479,#1504,.T.);
#1502 = VERTEX_POINT('',#1503);
#1503 = CARTESIAN_POINT('',(-1.655E+03,-1.089494897428E+03,130.));
#1504 = SURFACE_CURVE('',#1505,(#1510,#1517),.PCURVE_S1.);
#1505 = CIRCLE('',#1506,24.494897427832);
#1506 = AXIS2_PLACEMENT_3D('',#1507,#1508,#1509);
#1507 = CARTESIAN_POINT('',(-1.655E+03,-1.065E+03,130.));
#1508 = DIRECTION('',(0.,0.,1.));
#1509 = DIRECTION('',(1.,0.,-0.));
#1510 = PCURVE('',#346,#1511);
#1511 = DEFINITIONAL_REPRESENTATION('',(#1512),#1516);
#1512 = CIRCLE('',#1513,24.494897427832);
#1513 = AXIS2_PLACEMENT_2D('',#1514,#1515);
#1514 = CARTESIAN_POINT('',(945.,235.));
#1515 = DIRECTION('',(1.,0.));
#1516 = ( GEOMETRIC_REPRESENTATION_CONTEXT(2) 
PARAMETRIC_REPRESENTATION_CONTEXT() REPRESENTATION_CONTEXT('2D SPACE',''
  ) );
#1517 = PCURVE('',#1518,#1523);
#1518 = SPHERICAL_SURFACE('',#1519,35.);
#1519 = AXIS2_PLACEMENT_3D('',#1520,#1521,#1522);
#1520 = CARTESIAN_POINT('',(-1.655E+03,-1.065E+03,155.));
#1521 = DIRECTION('',(0.,0.,1.));
#1522 = DIRECTION('',(1.,0.,-0.));
#1523 = DEFINITIONAL_REPRESENTATION('',(#1524),#1528);
#1524 = LINE('',#1525,#1526);
#1525 = CARTESIAN_POINT('',(-6.28318530718,-0.795602953485));
#1526 = VECTOR('',#1527,1.);
#1527 = DIRECTION('',(1.,-0.));
#1528 = ( GEOMETRIC_REPRESENTATION_CONTEXT(2) 
PARAMETRIC_REPRESENTATION_CONTEXT() REPRESENTATION_CONTEXT('2D SPACE',''
  ) );
#1529 = ORIENTED_EDGE('',*,*,#1530,.F.);
#1530 = EDGE_CURVE('',#1531,#1502,#1533,.T.);
#1531 = VERTEX_POINT('',#1532);
#1532 = CARTESIAN_POINT('',(-1.745E+03,-1.089494897428E+03,130.));
#1533 = SURFACE_CURVE('',#1534,(#1538,#1544),.PCURVE_S1.);
#1534 = LINE('',#1535,#1536);
#1535 = CARTESIAN_POINT('',(-1.78E+03,-1.089494897428E+03,130.));
#1536 = VECTOR('',#1537,1.);
#1537 = DIRECTION('',(1.,0.,0.));
#1538 = PCURVE('',#346,#1539);
#1539 = DEFINITIONAL_REPRESENTATION('',(#1540),#1543);
#1540 = B_SPLINE_CURVE_WITH_KNOTS('',1,(#1541,#1542),.UNSPECIFIED.,.F.,
  .F.,(2,2),(34.9999994,125.0000006),.PIECEWISE_BEZIER_KNOTS.);
#1541 = CARTESIAN_POINT('',(854.9999994,210.50510257216));
#1542 = CARTESIAN_POINT('',(945.0000006,210.50510257216));
#1543 = ( GEOMETRIC_REPRESENTATION_CONTEXT(2) 
PARAMETRIC_REPRESENTATION_CONTEXT() REPRESENTATION_CONTEXT('2D SPACE',''
  ) );
#1544 = PCURVE('',#1545,#1550);
#1545 = CYLINDRICAL_SURFACE('',#1546,35.);
#1546 = AXIS2_PLACEMENT_3D('',#1547,#1548,#1549);
#1547 = CARTESIAN_POINT('',(-1.78E+03,-1.065E+03,155.));
#1548 = DIRECTION('',(1.,0.,0.));
#1549 = DIRECTION('',(0.,-1.,0.));
#1550 = DEFINITIONAL_REPRESENTATION('',(#1551),#1554);
#1551 = B_SPLINE_CURVE_WITH_KNOTS('',1,(#1552,#1553),.UNSPECIFIED.,.F.,
  .F.,(2,2),(34.9999994,125.0000006),.PIECEWISE_BEZIER_KNOTS.);
#1552 = CARTESIAN_POINT('',(0.795602953485,34.9999994));
#1553 = CARTESIAN_POINT('',(0.795602953485,125.0000006));
#1554 = ( GEOMETRIC_REPRESENTATION_CONTEXT(2) 
PARAMETRIC_REPRESENTATION_CONTEXT() REPRESENTATION_CONTEXT('2D SPACE',''
  ) );
#1555 = ORIENTED_EDGE('',*,*,#1556,.F.);
#1556 = EDGE_CURVE('',#1557,#1531,#1559,.T.);
#1557 = VERTEX_POINT('',#1558);
#1558 = CARTESIAN_POINT('',(-1.768476339562E+03,-1.071990098767E+03,130.
    ));
#1559 = SURFACE_CURVE('',#1560,(#1565,#1572),.PCURVE_S1.);
#1560 = CIRCLE('',#1561,24.494897427832);
#1561 = AXIS2_PLACEMENT_3D('',#1562,#1563,#1564);
#1562 = CARTESIAN_POINT('',(-1.745E+03,-1.065E+03,130.));
#1563 = DIRECTION('',(0.,0.,1.));
#1564 = DIRECTION('',(-1.,0.,0.));
#1565 = PCURVE('',#346,#1566);
#1566 = DEFINITIONAL_REPRESENTATION('',(#1567),#1571);
#1567 = CIRCLE('',#1568,24.494897427832);
#1568 = AXIS2_PLACEMENT_2D('',#1569,#1570);
#1569 = CARTESIAN_POINT('',(855.,235.));
#1570 = DIRECTION('',(-1.,0.));
#1571 = ( GEOMETRIC_REPRESENTATION_CONTEXT(2) 
PARAMETRIC_REPRESENTATION_CONTEXT() REPRESENTATION_CONTEXT('2D SPACE',''
  ) );
#1572 = PCURVE('',#1573,#1578);
#1573 = SPHERICAL_SURFACE('',#1574,35.);
#1574 = AXIS2_PLACEMENT_3D('',#1575,#1576,#1577);
#1575 = CARTESIAN_POINT('',(-1.745E+03,-1.065E+03,155.));
#1576 = DIRECTION('',(0.,0.,1.));
#1577 = DIRECTION('',(-1.,0.,0.));
#1578 = DEFINITIONAL_REPRESENTATION('',(#1579),#1583);
#1579 = LINE('',#1580,#1581);
#1580 = CARTESIAN_POINT('',(0.,-0.795602953485));
#1581 = VECTOR('',#1582,1.);
#1582 = DIRECTION('',(1.,0.));
#1583 = ( GEOMETRIC_REPRESENTATION_CONTEXT(2) 
PARAMETRIC_REPRESENTATION_CONTEXT() REPRESENTATION_CONTEXT('2D SPACE',''
  ) );
#1584 = ORIENTED_EDGE('',*,*,#1585,.T.);
#1585 = EDGE_CURVE('',#1557,#1586,#1588,.T.);
#1586 = VERTEX_POINT('',#1587);
#1587 = CARTESIAN_POINT('',(-1.8E+03,-1.071990098767E+03,130.));
#1588 = SURFACE_CURVE('',#1589,(#1593,#1600),.PCURVE_S1.);
#1589 = LINE('',#1590,#1591);
#1590 = CARTESIAN_POINT('',(1.8E+03,-1.071990098767E+03,130.));
#1591 = VECTOR('',#1592,1.);
#1592 = DIRECTION('',(-1.,0.,0.));
#1593 = PCURVE('',#346,#1594);
#1594 = DEFINITIONAL_REPRESENTATION('',(#1595),#1599);
#1595 = LINE('',#1596,#1597);
#1596 = CARTESIAN_POINT('',(4.4E+03,228.00990123275));
#1597 = VECTOR('',#1598,1.);
#1598 = DIRECTION('',(-1.,0.));
#1599 = ( GEOMETRIC_REPRESENTATION_CONTEXT(2) 
PARAMETRIC_REPRESENTATION_CONTEXT() REPRESENTATION_CONTEXT('2D SPACE',''
  ) );
#1600 = PCURVE('',#1275,#1601);
#1601 = DEFINITIONAL_REPRESENTATION('',(#1602),#1606);
#1602 = LINE('',#1603,#1604);
#1603 = CARTESIAN_POINT('',(-9.923451307831,-1.8E+03));
#1604 = VECTOR('',#1605,1.);
#1605 = DIRECTION('',(-0.,1.));
#1606 = ( GEOMETRIC_REPRESENTATION_CONTEXT(2) 
PARAMETRIC_REPRESENTATION_CONTEXT() REPRESENTATION_CONTEXT('2D SPACE',''
  ) );
#1607 = ORIENTED_EDGE('',*,*,#1608,.T.);
#1608 = EDGE_CURVE('',#1586,#1609,#1611,.T.);
#1609 = VERTEX_POINT('',#1610);
#1610 = CARTESIAN_POINT('',(-1.8E+03,-668.0099012327,130.));
#1611 = SURFACE_CURVE('',#1612,(#1616,#1622),.PCURVE_S1.);
#1612 = LINE('',#1613,#1614);
#1613 = CARTESIAN_POINT('',(-1.8E+03,-1.085E+03,130.));
#1614 = VECTOR('',#1615,1.);
#1615 = DIRECTION('',(0.,1.,0.));
#1616 = PCURVE('',#346,#1617);
#1617 = DEFINITIONAL_REPRESENTATION('',(#1618),#1621);
#1618 = B_SPLINE_CURVE_WITH_KNOTS('',1,(#1619,#1620),.UNSPECIFIED.,.F.,
  .F.,(2,2),(-15.,445.),.PIECEWISE_BEZIER_KNOTS.);
#1619 = CARTESIAN_POINT('',(800.,200.));
#1620 = CARTESIAN_POINT('',(800.,660.));
#1621 = ( GEOMETRIC_REPRESENTATION_CONTEXT(2) 
PARAMETRIC_REPRESENTATION_CONTEXT() REPRESENTATION_CONTEXT('2D SPACE',''
  ) );
#1622 = PCURVE('',#1623,#1628);
#1623 = PLANE('',#1624);
#1624 = AXIS2_PLACEMENT_3D('',#1625,#1626,#1627);
#1625 = CARTESIAN_POINT('',(-1.8E+03,-870.,240.));
#1626 = DIRECTION('',(1.,0.,0.));
#1627 = DIRECTION('',(-0.,0.,1.));
#1628 = DEFINITIONAL_REPRESENTATION('',(#1629),#1632);
#1629 = B_SPLINE_CURVE_WITH_KNOTS('',1,(#1630,#1631),.UNSPECIFIED.,.F.,
  .F.,(2,2),(-15.,445.),.PIECEWISE_BEZIER_KNOTS.);
#1630 = CARTESIAN_POINT('',(-110.,230.));
#1631 = CARTESIAN_POINT('',(-110.,-230.));
#1632 = ( GEOMETRIC_REPRESENTATION_CONTEXT(2) 
PARAMETRIC_REPRESENTATION_CONTEXT() REPRESENTATION_CONTEXT('2D SPACE',''
  ) );
#1633 = ORIENTED_EDGE('',*,*,#1634,.T.);
#1634 = EDGE_CURVE('',#1609,#1635,#1637,.T.);
#1635 = VERTEX_POINT('',#1636);
#1636 = CARTESIAN_POINT('',(-1.769494897428E+03,-668.0099012327,130.));
#1637 = SURFACE_CURVE('',#1638,(#1642,#1649),.PCURVE_S1.);
#1638 = LINE('',#1639,#1640);
#1639 = CARTESIAN_POINT('',(-1.8E+03,-668.0099012327,130.));
#1640 = VECTOR('',#1641,1.);
#1641 = DIRECTION('',(1.,0.,0.));
#1642 = PCURVE('',#346,#1643);
#1643 = DEFINITIONAL_REPRESENTATION('',(#1644),#1648);
#1644 = LINE('',#1645,#1646);
#1645 = CARTESIAN_POINT('',(800.,631.99009876724));
#1646 = VECTOR('',#1647,1.);
#1647 = DIRECTION('',(1.,0.));
#1648 = ( GEOMETRIC_REPRESENTATION_CONTEXT(2) 
PARAMETRIC_REPRESENTATION_CONTEXT() REPRESENTATION_CONTEXT('2D SPACE',''
  ) );
#1649 = PCURVE('',#1275,#1650);
#1650 = DEFINITIONAL_REPRESENTATION('',(#1651),#1655);
#1651 = LINE('',#1652,#1653);
#1652 = CARTESIAN_POINT('',(-5.784511960118,1.8E+03));
#1653 = VECTOR('',#1654,1.);
#1654 = DIRECTION('',(-0.,-1.));
#1655 = ( GEOMETRIC_REPRESENTATION_CONTEXT(2) 
PARAMETRIC_REPRESENTATION_CONTEXT() REPRESENTATION_CONTEXT('2D SPACE',''
  ) );
#1656 = ORIENTED_EDGE('',*,*,#1657,.T.);
#1657 = EDGE_CURVE('',#1635,#1658,#1660,.T.);
#1658 = VERTEX_POINT('',#1659);
#1659 = CARTESIAN_POINT('',(-1.769494897428E+03,-260.,130.));
#1660 = SURFACE_CURVE('',#1661,(#1665,#1671),.PCURVE_S1.);
#1661 = LINE('',#1662,#1663);
#1662 = CARTESIAN_POINT('',(-1.769494897428E+03,-1.1E+03,130.));
#1663 = VECTOR('',#1664,1.);
#1664 = DIRECTION('',(0.,1.,0.));
#1665 = PCURVE('',#346,#1666);
#1666 = DEFINITIONAL_REPRESENTATION('',(#1667),#1670);
#1667 = B_SPLINE_CURVE_WITH_KNOTS('',1,(#1668,#1669),.UNSPECIFIED.,.F.,
  .F.,(2,2),(34.9999994,2.1650000006E+03),.PIECEWISE_BEZIER_KNOTS.);
#1668 = CARTESIAN_POINT('',(830.50510257216,234.9999994));
#1669 = CARTESIAN_POINT('',(830.50510257216,2.3650000006E+03));
#1670 = ( GEOMETRIC_REPRESENTATION_CONTEXT(2) 
PARAMETRIC_REPRESENTATION_CONTEXT() REPRESENTATION_CONTEXT('2D SPACE',''
  ) );
#1671 = PCURVE('',#1672,#1677);
#1672 = CYLINDRICAL_SURFACE('',#1673,35.);
#1673 = AXIS2_PLACEMENT_3D('',#1674,#1675,#1676);
#1674 = CARTESIAN_POINT('',(-1.745E+03,-1.1E+03,155.));
#1675 = DIRECTION('',(0.,1.,0.));
#1676 = DIRECTION('',(-1.,0.,0.));
#1677 = DEFINITIONAL_REPRESENTATION('',(#1678),#1681);
#1678 = B_SPLINE_CURVE_WITH_KNOTS('',1,(#1679,#1680),.UNSPECIFIED.,.F.,
  .F.,(2,2),(34.9999994,2.1650000006E+03),.PIECEWISE_BEZIER_KNOTS.);
#1679 = CARTESIAN_POINT('',(-0.795602953485,34.9999994));
#1680 = CARTESIAN_POINT('',(-0.795602953485,2.1650000006E+03));
#1681 = ( GEOMETRIC_REPRESENTATION_CONTEXT(2) 
PARAMETRIC_REPRESENTATION_CONTEXT() REPRESENTATION_CONTEXT('2D SPACE',''
  ) );
#1682 = ORIENTED_EDGE('',*,*,#1683,.T.);
#1683 = EDGE_CURVE('',#1658,#1684,#1686,.T.);
#1684 = VERTEX_POINT('',#1685);
#1685 = CARTESIAN_POINT('',(-1.88E+03,-260.,130.));
#1686 = SURFACE_CURVE('',#1687,(#1691,#1697),.PCURVE_S1.);
#1687 = LINE('',#1688,#1689);
#1688 = CARTESIAN_POINT('',(-2.3E+03,-260.,130.));
#1689 = VECTOR('',#1690,1.);
#1690 = DIRECTION('',(-1.,0.,0.));
#1691 = PCURVE('',#346,#1692);
#1692 = DEFINITIONAL_REPRESENTATION('',(#1693),#1696);
#1693 = B_SPLINE_CURVE_WITH_KNOTS('',1,(#1694,#1695),.UNSPECIFIED.,.F.,
  .F.,(2,2),(-4.18E+03,-420.),.PIECEWISE_BEZIER_KNOTS.);
#1694 = CARTESIAN_POINT('',(4.48E+03,1.04E+03));
#1695 = CARTESIAN_POINT('',(720.,1.04E+03));
#1696 = ( GEOMETRIC_REPRESENTATION_CONTEXT(2) 
PARAMETRIC_REPRESENTATION_CONTEXT() REPRESENTATION_CONTEXT('2D SPACE',''
  ) );
#1697 = PCURVE('',#1698,#1703);
#1698 = PLANE('',#1699);
#1699 = AXIS2_PLACEMENT_3D('',#1700,#1701,#1702);
#1700 = CARTESIAN_POINT('',(-2.E+03,-260.,-40.));
#1701 = DIRECTION('',(0.,1.,0.));
#1702 = DIRECTION('',(0.,0.,1.));
#1703 = DEFINITIONAL_REPRESENTATION('',(#1704),#1707);
#1704 = B_SPLINE_CURVE_WITH_KNOTS('',1,(#1705,#1706),.UNSPECIFIED.,.F.,
  .F.,(2,2),(-4.18E+03,-420.),.PIECEWISE_BEZIER_KNOTS.);
#1705 = CARTESIAN_POINT('',(170.,3.88E+03));
#1706 = CARTESIAN_POINT('',(170.,120.));
#1707 = ( GEOMETRIC_REPRESENTATION_CONTEXT(2) 
PARAMETRIC_REPRESENTATION_CONTEXT() REPRESENTATION_CONTEXT('2D SPACE',''
  ) );
#1708 = ORIENTED_EDGE('',*,*,#1709,.F.);
#1709 = EDGE_CURVE('',#1710,#1684,#1712,.T.);
#1710 = VERTEX_POINT('',#1711);
#1711 = CARTESIAN_POINT('',(-2.E+03,-140.,130.));
#1712 = SURFACE_CURVE('',#1713,(#1718,#1725),.PCURVE_S1.);
#1713 = CIRCLE('',#1714,120.);
#1714 = AXIS2_PLACEMENT_3D('',#1715,#1716,#1717);
#1715 = CARTESIAN_POINT('',(-1.88E+03,-140.,130.));
#1716 = DIRECTION('',(0.,0.,1.));
#1717 = DIRECTION('',(-1.,-0.,0.));
#1718 = PCURVE('',#346,#1719);
#1719 = DEFINITIONAL_REPRESENTATION('',(#1720),#1724);
#1720 = CIRCLE('',#1721,120.);
#1721 = AXIS2_PLACEMENT_2D('',#1722,#1723);
#1722 = CARTESIAN_POINT('',(720.,1.16E+03));
#1723 = DIRECTION('',(-1.,0.));
#1724 = ( GEOMETRIC_REPRESENTATION_CONTEXT(2) 
PARAMETRIC_REPRESENTATION_CONTEXT() REPRESENTATION_CONTEXT('2D SPACE',''
  ) );
#1725 = PCURVE('',#1726,#1731);
#1726 = CYLINDRICAL_SURFACE('',#1727,120.);
#1727 = AXIS2_PLACEMENT_3D('',#1728,#1729,#1730);
#1728 = CARTESIAN_POINT('',(-1.88E+03,-140.,-40.));
#1729 = DIRECTION('',(0.,0.,1.));
#1730 = DIRECTION('',(-1.,-0.,0.));
#1731 = DEFINITIONAL_REPRESENTATION('',(#1732),#1736);
#1732 = LINE('',#1733,#1734);
#1733 = CARTESIAN_POINT('',(0.,170.));
#1734 = VECTOR('',#1735,1.);
#1735 = DIRECTION('',(1.,0.));
#1736 = ( GEOMETRIC_REPRESENTATION_CONTEXT(2) 
PARAMETRIC_REPRESENTATION_CONTEXT() REPRESENTATION_CONTEXT('2D SPACE',''
  ) );
#1737 = ORIENTED_EDGE('',*,*,#1738,.T.);
#1738 = EDGE_CURVE('',#1710,#1739,#1741,.T.);
#1739 = VERTEX_POINT('',#1740);
#1740 = CARTESIAN_POINT('',(-2.E+03,140.,130.));
#1741 = SURFACE_CURVE('',#1742,(#1746,#1752),.PCURVE_S1.);
#1742 = LINE('',#1743,#1744);
#1743 = CARTESIAN_POINT('',(-2.E+03,-780.,130.));
#1744 = VECTOR('',#1745,1.);
#1745 = DIRECTION('',(0.,1.,0.));
#1746 = PCURVE('',#346,#1747);
#1747 = DEFINITIONAL_REPRESENTATION('',(#1748),#1751);
#1748 = B_SPLINE_CURVE_WITH_KNOTS('',1,(#1749,#1750),.UNSPECIFIED.,.F.,
  .F.,(2,2),(640.,920.),.PIECEWISE_BEZIER_KNOTS.);
#1749 = CARTESIAN_POINT('',(600.,1.16E+03));
#1750 = CARTESIAN_POINT('',(600.,1.44E+03));
#1751 = ( GEOMETRIC_REPRESENTATION_CONTEXT(2) 
PARAMETRIC_REPRESENTATION_CONTEXT() REPRESENTATION_CONTEXT('2D SPACE',''
  ) );
#1752 = PCURVE('',#1753,#1758);
#1753 = PLANE('',#1754);
#1754 = AXIS2_PLACEMENT_3D('',#1755,#1756,#1757);
#1755 = CARTESIAN_POINT('',(-2.E+03,-260.,-40.));
#1756 = DIRECTION('',(1.,0.,0.));
#1757 = DIRECTION('',(0.,0.,1.));
#1758 = DEFINITIONAL_REPRESENTATION('',(#1759),#1762);
#1759 = B_SPLINE_CURVE_WITH_KNOTS('',1,(#1760,#1761),.UNSPECIFIED.,.F.,
  .F.,(2,2),(640.,920.),.PIECEWISE_BEZIER_KNOTS.);
#1760 = CARTESIAN_POINT('',(170.,-120.));
#1761 = CARTESIAN_POINT('',(170.,-400.));
#1762 = ( GEOMETRIC_REPRESENTATION_CONTEXT(2) 
PARAMETRIC_REPRESENTATION_CONTEXT() REPRESENTATION_CONTEXT('2D SPACE',''
  ) );
#1763 = ORIENTED_EDGE('',*,*,#1764,.F.);
#1764 = EDGE_CURVE('',#1765,#1739,#1767,.T.);
#1765 = VERTEX_POINT('',#1766);
#1766 = CARTESIAN_POINT('',(-1.88E+03,260.,130.));
#1767 = SURFACE_CURVE('',#1768,(#1773,#1780),.PCURVE_S1.);
#1768 = CIRCLE('',#1769,120.);
#1769 = AXIS2_PLACEMENT_3D('',#1770,#1771,#1772);
#1770 = CARTESIAN_POINT('',(-1.88E+03,140.,130.));
#1771 = DIRECTION('',(0.,0.,1.));
#1772 = DIRECTION('',(-1.,-0.,0.));
#1773 = PCURVE('',#346,#1774);
#1774 = DEFINITIONAL_REPRESENTATION('',(#1775),#1779);
#1775 = CIRCLE('',#1776,120.);
#1776 = AXIS2_PLACEMENT_2D('',#1777,#1778);
#1777 = CARTESIAN_POINT('',(720.,1.44E+03));
#1778 = DIRECTION('',(-1.,0.));
#1779 = ( GEOMETRIC_REPRESENTATION_CONTEXT(2) 
PARAMETRIC_REPRESENTATION_CONTEXT() REPRESENTATION_CONTEXT('2D SPACE',''
  ) );
#1780 = PCURVE('',#1781,#1786);
#1781 = CYLINDRICAL_SURFACE('',#1782,120.);
#1782 = AXIS2_PLACEMENT_3D('',#1783,#1784,#1785);
#1783 = CARTESIAN_POINT('',(-1.88E+03,140.,-40.));
#1784 = DIRECTION('',(0.,0.,1.));
#1785 = DIRECTION('',(-1.,-0.,0.));
#1786 = DEFINITIONAL_REPRESENTATION('',(#1787),#1791);
#1787 = LINE('',#1788,#1789);
#1788 = CARTESIAN_POINT('',(-6.28318530718,170.));
#1789 = VECTOR('',#1790,1.);
#1790 = DIRECTION('',(1.,-0.));
#1791 = ( GEOMETRIC_REPRESENTATION_CONTEXT(2) 
PARAMETRIC_REPRESENTATION_CONTEXT() REPRESENTATION_CONTEXT('2D SPACE',''
  ) );
#1792 = ORIENTED_EDGE('',*,*,#1793,.F.);
#1793 = EDGE_CURVE('',#1794,#1765,#1796,.T.);
#1794 = VERTEX_POINT('',#1795);
#1795 = CARTESIAN_POINT('',(-1.769494897428E+03,260.,130.));
#1796 = SURFACE_CURVE('',#1797,(#1801,#1807),.PCURVE_S1.);
#1797 = LINE('',#1798,#1799);
#1798 = CARTESIAN_POINT('',(-2.3E+03,260.,130.));
#1799 = VECTOR('',#1800,1.);
#1800 = DIRECTION('',(-1.,0.,0.));
#1801 = PCURVE('',#346,#1802);
#1802 = DEFINITIONAL_REPRESENTATION('',(#1803),#1806);
#1803 = B_SPLINE_CURVE_WITH_KNOTS('',1,(#1804,#1805),.UNSPECIFIED.,.F.,
  .F.,(2,2),(-4.18E+03,-420.),.PIECEWISE_BEZIER_KNOTS.);
#1804 = CARTESIAN_POINT('',(4.48E+03,1.56E+03));
#1805 = CARTESIAN_POINT('',(720.,1.56E+03));
#1806 = ( GEOMETRIC_REPRESENTATION_CONTEXT(2) 
PARAMETRIC_REPRESENTATION_CONTEXT() REPRESENTATION_CONTEXT('2D SPACE',''
  ) );
#1807 = PCURVE('',#1808,#1813);
#1808 = PLANE('',#1809);
#1809 = AXIS2_PLACEMENT_3D('',#1810,#1811,#1812);
#1810 = CARTESIAN_POINT('',(-2.E+03,260.,-40.));
#1811 = DIRECTION('',(0.,1.,0.));
#1812 = DIRECTION('',(0.,0.,1.));
#1813 = DEFINITIONAL_REPRESENTATION('',(#1814),#1817);
#1814 = B_SPLINE_CURVE_WITH_KNOTS('',1,(#1815,#1816),.UNSPECIFIED.,.F.,
  .F.,(2,2),(-4.18E+03,-420.),.PIECEWISE_BEZIER_KNOTS.);
#1815 = CARTESIAN_POINT('',(170.,3.88E+03));
#1816 = CARTESIAN_POINT('',(170.,120.));
#1817 = ( GEOMETRIC_REPRESENTATION_CONTEXT(2) 
PARAMETRIC_REPRESENTATION_CONTEXT() REPRESENTATION_CONTEXT('2D SPACE',''
  ) );
#1818 = ORIENTED_EDGE('',*,*,#1819,.T.);
#1819 = EDGE_CURVE('',#1794,#1820,#1822,.T.);
#1820 = VERTEX_POINT('',#1821);
#1821 = CARTESIAN_POINT('',(-1.769494897428E+03,668.00990123275,130.));
#1822 = SURFACE_CURVE('',#1823,(#1827,#1833),.PCURVE_S1.);
#1823 = LINE('',#1824,#1825);
#1824 = CARTESIAN_POINT('',(-1.769494897428E+03,-1.1E+03,130.));
#1825 = VECTOR('',#1826,1.);
#1826 = DIRECTION('',(0.,1.,0.));
#1827 = PCURVE('',#346,#1828);
#1828 = DEFINITIONAL_REPRESENTATION('',(#1829),#1832);
#1829 = B_SPLINE_CURVE_WITH_KNOTS('',1,(#1830,#1831),.UNSPECIFIED.,.F.,
  .F.,(2,2),(34.9999994,2.1650000006E+03),.PIECEWISE_BEZIER_KNOTS.);
#1830 = CARTESIAN_POINT('',(830.50510257216,234.9999994));
#1831 = CARTESIAN_POINT('',(830.50510257216,2.3650000006E+03));
#1832 = ( GEOMETRIC_REPRESENTATION_CONTEXT(2) 
PARAMETRIC_REPRESENTATION_CONTEXT() REPRESENTATION_CONTEXT('2D SPACE',''
  ) );
#1833 = PCURVE('',#1834,#1839);
#1834 = CYLINDRICAL_SURFACE('',#1835,35.);
#1835 = AXIS2_PLACEMENT_3D('',#1836,#1837,#1838);
#1836 = CARTESIAN_POINT('',(-1.745E+03,-1.1E+03,155.));
#1837 = DIRECTION('',(0.,1.,0.));
#1838 = DIRECTION('',(-1.,0.,0.));
#1839 = DEFINITIONAL_REPRESENTATION('',(#1840),#1843);
#1840 = B_SPLINE_CURVE_WITH_KNOTS('',1,(#1841,#1842),.UNSPECIFIED.,.F.,
  .F.,(2,2),(34.9999994,2.1650000006E+03),.PIECEWISE_BEZIER_KNOTS.);
#1841 = CARTESIAN_POINT('',(-0.795602953485,34.9999994));
#1842 = CARTESIAN_POINT('',(-0.795602953485,2.1650000006E+03));
#1843 = ( GEOMETRIC_REPRESENTATION_CONTEXT(2) 
PARAMETRIC_REPRESENTATION_CONTEXT() REPRESENTATION_CONTEXT('2D SPACE',''
  ) );
#1844 = ORIENTED_EDGE('',*,*,#1845,.T.);
#1845 = EDGE_CURVE('',#1820,#1846,#1848,.T.);
#1846 = VERTEX_POINT('',#1847);
#1847 = CARTESIAN_POINT('',(-1.8E+03,668.00990123275,130.));
#1848 = SURFACE_CURVE('',#1849,(#1853,#1860),.PCURVE_S1.);
#1849 = LINE('',#1850,#1851);
#1850 = CARTESIAN_POINT('',(1.8E+03,668.00990123275,130.));
#1851 = VECTOR('',#1852,1.);
#1852 = DIRECTION('',(-1.,0.,0.));
#1853 = PCURVE('',#346,#1854);
#1854 = DEFINITIONAL_REPRESENTATION('',(#1855),#1859);
#1855 = LINE('',#1856,#1857);
#1856 = CARTESIAN_POINT('',(4.4E+03,1.968009901233E+03));
#1857 = VECTOR('',#1858,1.);
#1858 = DIRECTION('',(-1.,0.));
#1859 = ( GEOMETRIC_REPRESENTATION_CONTEXT(2) 
PARAMETRIC_REPRESENTATION_CONTEXT() REPRESENTATION_CONTEXT('2D SPACE',''
  ) );
#1860 = PCURVE('',#1861,#1866);
#1861 = CYLINDRICAL_SURFACE('',#1862,230.);
#1862 = AXIS2_PLACEMENT_3D('',#1863,#1864,#1865);
#1863 = CARTESIAN_POINT('',(0.,870.,240.));
#1864 = DIRECTION('',(-1.,-0.,-0.));
#1865 = DIRECTION('',(0.,1.,0.));
#1866 = DEFINITIONAL_REPRESENTATION('',(#1867),#1871);
#1867 = LINE('',#1868,#1869);
#1868 = CARTESIAN_POINT('',(-9.923451307831,-1.8E+03));
#1869 = VECTOR('',#1870,1.);
#1870 = DIRECTION('',(-0.,1.));
#1871 = ( GEOMETRIC_REPRESENTATION_CONTEXT(2) 
PARAMETRIC_REPRESENTATION_CONTEXT() REPRESENTATION_CONTEXT('2D SPACE',''
  ) );
#1872 = ORIENTED_EDGE('',*,*,#1873,.T.);
#1873 = EDGE_CURVE('',#1846,#1874,#1876,.T.);
#1874 = VERTEX_POINT('',#1875);
#1875 = CARTESIAN_POINT('',(-1.8E+03,1.071990098767E+03,130.));
#1876 = SURFACE_CURVE('',#1877,(#1881,#1887),.PCURVE_S1.);
#1877 = LINE('',#1878,#1879);
#1878 = CARTESIAN_POINT('',(-1.8E+03,-215.,130.));
#1879 = VECTOR('',#1880,1.);
#1880 = DIRECTION('',(0.,1.,0.));
#1881 = PCURVE('',#346,#1882);
#1882 = DEFINITIONAL_REPRESENTATION('',(#1883),#1886);
#1883 = B_SPLINE_CURVE_WITH_KNOTS('',1,(#1884,#1885),.UNSPECIFIED.,.F.,
  .F.,(2,2),(855.,1.315E+03),.PIECEWISE_BEZIER_KNOTS.);
#1884 = CARTESIAN_POINT('',(800.,1.94E+03));
#1885 = CARTESIAN_POINT('',(800.,2.4E+03));
#1886 = ( GEOMETRIC_REPRESENTATION_CONTEXT(2) 
PARAMETRIC_REPRESENTATION_CONTEXT() REPRESENTATION_CONTEXT('2D SPACE',''
  ) );
#1887 = PCURVE('',#1888,#1893);
#1888 = PLANE('',#1889);
#1889 = AXIS2_PLACEMENT_3D('',#1890,#1891,#1892);
#1890 = CARTESIAN_POINT('',(-1.8E+03,870.,240.));
#1891 = DIRECTION('',(1.,0.,0.));
#1892 = DIRECTION('',(-0.,0.,1.));
#1893 = DEFINITIONAL_REPRESENTATION('',(#1894),#1897);
#1894 = B_SPLINE_CURVE_WITH_KNOTS('',1,(#1895,#1896),.UNSPECIFIED.,.F.,
  .F.,(2,2),(855.,1.315E+03),.PIECEWISE_BEZIER_KNOTS.);
#1895 = CARTESIAN_POINT('',(-110.,230.));
#1896 = CARTESIAN_POINT('',(-110.,-230.));
#1897 = ( GEOMETRIC_REPRESENTATION_CONTEXT(2) 
PARAMETRIC_REPRESENTATION_CONTEXT() REPRESENTATION_CONTEXT('2D SPACE',''
  ) );
#1898 = ORIENTED_EDGE('',*,*,#1899,.T.);
#1899 = EDGE_CURVE('',#1874,#1900,#1902,.T.);
#1900 = VERTEX_POINT('',#1901);
#1901 = CARTESIAN_POINT('',(-1.768476339562E+03,1.071990098767E+03,130.)
  );
#1902 = SURFACE_CURVE('',#1903,(#1907,#1914),.PCURVE_S1.);
#1903 = LINE('',#1904,#1905);
#1904 = CARTESIAN_POINT('',(-1.8E+03,1.071990098767E+03,130.));
#1905 = VECTOR('',#1906,1.);
#1906 = DIRECTION('',(1.,0.,0.));
#1907 = PCURVE('',#346,#1908);
#1908 = DEFINITIONAL_REPRESENTATION('',(#1909),#1913);
#1909 = LINE('',#1910,#1911);
#1910 = CARTESIAN_POINT('',(800.,2.371990098767E+03));
#1911 = VECTOR('',#1912,1.);
#1912 = DIRECTION('',(1.,0.));
#1913 = ( GEOMETRIC_REPRESENTATION_CONTEXT(2) 
PARAMETRIC_REPRESENTATION_CONTEXT() REPRESENTATION_CONTEXT('2D SPACE',''
  ) );
#1914 = PCURVE('',#1861,#1915);
#1915 = DEFINITIONAL_REPRESENTATION('',(#1916),#1920);
#1916 = LINE('',#1917,#1918);
#1917 = CARTESIAN_POINT('',(-5.784511960118,1.8E+03));
#1918 = VECTOR('',#1919,1.);
#1919 = DIRECTION('',(-0.,-1.));
#1920 = ( GEOMETRIC_REPRESENTATION_CONTEXT(2) 
PARAMETRIC_REPRESENTATION_CONTEXT() REPRESENTATION_CONTEXT('2D SPACE',''
  ) );
#1921 = ORIENTED_EDGE('',*,*,#1922,.F.);
#1922 = EDGE_CURVE('',#1923,#1900,#1925,.T.);
#1923 = VERTEX_POINT('',#1924);
#1924 = CARTESIAN_POINT('',(-1.745E+03,1.089494897428E+03,130.));
#1925 = SURFACE_CURVE('',#1926,(#1931,#1938),.PCURVE_S1.);
#1926 = CIRCLE('',#1927,24.494897427832);
#1927 = AXIS2_PLACEMENT_3D('',#1928,#1929,#1930);
#1928 = CARTESIAN_POINT('',(-1.745E+03,1.065E+03,130.));
#1929 = DIRECTION('',(0.,0.,1.));
#1930 = DIRECTION('',(-1.,0.,0.));
#1931 = PCURVE('',#346,#1932);
#1932 = DEFINITIONAL_REPRESENTATION('',(#1933),#1937);
#1933 = CIRCLE('',#1934,24.494897427832);
#1934 = AXIS2_PLACEMENT_2D('',#1935,#1936);
#1935 = CARTESIAN_POINT('',(855.,2.365E+03));
#1936 = DIRECTION('',(-1.,0.));
#1937 = ( GEOMETRIC_REPRESENTATION_CONTEXT(2) 
PARAMETRIC_REPRESENTATION_CONTEXT() REPRESENTATION_CONTEXT('2D SPACE',''
  ) );
#1938 = PCURVE('',#1939,#1944);
#1939 = SPHERICAL_SURFACE('',#1940,35.);
#1940 = AXIS2_PLACEMENT_3D('',#1941,#1942,#1943);
#1941 = CARTESIAN_POINT('',(-1.745E+03,1.065E+03,155.));
#1942 = DIRECTION('',(0.,0.,1.));
#1943 = DIRECTION('',(-1.,0.,0.));
#1944 = DEFINITIONAL_REPRESENTATION('',(#1945),#1949);
#1945 = LINE('',#1946,#1947);
#1946 = CARTESIAN_POINT('',(-6.28318530718,-0.795602953485));
#1947 = VECTOR('',#1948,1.);
#1948 = DIRECTION('',(1.,-0.));
#1949 = ( GEOMETRIC_REPRESENTATION_CONTEXT(2) 
PARAMETRIC_REPRESENTATION_CONTEXT() REPRESENTATION_CONTEXT('2D SPACE',''
  ) );
#1950 = ORIENTED_EDGE('',*,*,#1951,.T.);
#1951 = EDGE_CURVE('',#1923,#1952,#1954,.T.);
#1952 = VERTEX_POINT('',#1953);
#1953 = CARTESIAN_POINT('',(-1.655E+03,1.089494897428E+03,130.));
#1954 = SURFACE_CURVE('',#1955,(#1959,#1965),.PCURVE_S1.);
#1955 = LINE('',#1956,#1957);
#1956 = CARTESIAN_POINT('',(-1.78E+03,1.089494897428E+03,130.));
#1957 = VECTOR('',#1958,1.);
#1958 = DIRECTION('',(1.,0.,0.));
#1959 = PCURVE('',#346,#1960);
#1960 = DEFINITIONAL_REPRESENTATION('',(#1961),#1964);
#1961 = B_SPLINE_CURVE_WITH_KNOTS('',1,(#1962,#1963),.UNSPECIFIED.,.F.,
  .F.,(2,2),(34.9999994,125.0000006),.PIECEWISE_BEZIER_KNOTS.);
#1962 = CARTESIAN_POINT('',(854.9999994,2.389494897428E+03));
#1963 = CARTESIAN_POINT('',(945.0000006,2.389494897428E+03));
#1964 = ( GEOMETRIC_REPRESENTATION_CONTEXT(2) 
PARAMETRIC_REPRESENTATION_CONTEXT() REPRESENTATION_CONTEXT('2D SPACE',''
  ) );
#1965 = PCURVE('',#1966,#1971);
#1966 = CYLINDRICAL_SURFACE('',#1967,35.);
#1967 = AXIS2_PLACEMENT_3D('',#1968,#1969,#1970);
#1968 = CARTESIAN_POINT('',(-1.78E+03,1.065E+03,155.));
#1969 = DIRECTION('',(1.,0.,0.));
#1970 = DIRECTION('',(-0.,1.,0.));
#1971 = DEFINITIONAL_REPRESENTATION('',(#1972),#1975);
#1972 = B_SPLINE_CURVE_WITH_KNOTS('',1,(#1973,#1974),.UNSPECIFIED.,.F.,
  .F.,(2,2),(34.9999994,125.0000006),.PIECEWISE_BEZIER_KNOTS.);
#1973 = CARTESIAN_POINT('',(-0.795602953485,34.9999994));
#1974 = CARTESIAN_POINT('',(-0.795602953485,125.0000006));
#1975 = ( GEOMETRIC_REPRESENTATION_CONTEXT(2) 
PARAMETRIC_REPRESENTATION_CONTEXT() REPRESENTATION_CONTEXT('2D SPACE',''
  ) );
#1976 = ORIENTED_EDGE('',*,*,#1977,.F.);
#1977 = EDGE_CURVE('',#1978,#1952,#1980,.T.);
#1978 = VERTEX_POINT('',#1979);
#1979 = CARTESIAN_POINT('',(-1.631523660438E+03,1.071990098767E+03,130.)
  );
#1980 = SURFACE_CURVE('',#1981,(#1986,#1993),.PCURVE_S1.);
#1981 = CIRCLE('',#1982,24.494897427832);
#1982 = AXIS2_PLACEMENT_3D('',#1983,#1984,#1985);
#1983 = CARTESIAN_POINT('',(-1.655E+03,1.065E+03,130.));
#1984 = DIRECTION('',(0.,0.,1.));
#1985 = DIRECTION('',(1.,0.,-0.));
#1986 = PCURVE('',#346,#1987);
#1987 = DEFINITIONAL_REPRESENTATION('',(#1988),#1992);
#1988 = CIRCLE('',#1989,24.494897427832);
#1989 = AXIS2_PLACEMENT_2D('',#1990,#1991);
#1990 = CARTESIAN_POINT('',(945.,2.365E+03));
#1991 = DIRECTION('',(1.,0.));
#1992 = ( GEOMETRIC_REPRESENTATION_CONTEXT(2) 
PARAMETRIC_REPRESENTATION_CONTEXT() REPRESENTATION_CONTEXT('2D SPACE',''
  ) );
#1993 = PCURVE('',#1994,#1999);
#1994 = SPHERICAL_SURFACE('',#1995,35.);
#1995 = AXIS2_PLACEMENT_3D('',#1996,#1997,#1998);
#1996 = CARTESIAN_POINT('',(-1.655E+03,1.065E+03,155.));
#1997 = DIRECTION('',(0.,0.,1.));
#1998 = DIRECTION('',(1.,0.,-0.));
#1999 = DEFINITIONAL_REPRESENTATION('',(#2000),#2004);
#2000 = LINE('',#2001,#2002);
#2001 = CARTESIAN_POINT('',(0.,-0.795602953485));
#2002 = VECTOR('',#2003,1.);
#2003 = DIRECTION('',(1.,0.));
#2004 = ( GEOMETRIC_REPRESENTATION_CONTEXT(2) 
PARAMETRIC_REPRESENTATION_CONTEXT() REPRESENTATION_CONTEXT('2D SPACE',''
  ) );
#2005 = ORIENTED_EDGE('',*,*,#2006,.T.);
#2006 = EDGE_CURVE('',#1978,#2007,#2009,.T.);
#2007 = VERTEX_POINT('',#2008);
#2008 = CARTESIAN_POINT('',(-68.47633956187,1.071990098767E+03,130.));
#2009 = SURFACE_CURVE('',#2010,(#2014,#2021),.PCURVE_S1.);
#2010 = LINE('',#2011,#2012);
#2011 = CARTESIAN_POINT('',(-1.8E+03,1.071990098767E+03,130.));
#2012 = VECTOR('',#2013,1.);
#2013 = DIRECTION('',(1.,0.,0.));
#2014 = PCURVE('',#346,#2015);
#2015 = DEFINITIONAL_REPRESENTATION('',(#2016),#2020);
#2016 = LINE('',#2017,#2018);
#2017 = CARTESIAN_POINT('',(800.,2.371990098767E+03));
#2018 = VECTOR('',#2019,1.);
#2019 = DIRECTION('',(1.,0.));
#2020 = ( GEOMETRIC_REPRESENTATION_CONTEXT(2) 
PARAMETRIC_REPRESENTATION_CONTEXT() REPRESENTATION_CONTEXT('2D SPACE',''
  ) );
#2021 = PCURVE('',#1861,#2022);
#2022 = DEFINITIONAL_REPRESENTATION('',(#2023),#2027);
#2023 = LINE('',#2024,#2025);
#2024 = CARTESIAN_POINT('',(-5.784511960118,1.8E+03));
#2025 = VECTOR('',#2026,1.);
#2026 = DIRECTION('',(-0.,-1.));
#2027 = ( GEOMETRIC_REPRESENTATION_CONTEXT(2) 
PARAMETRIC_REPRESENTATION_CONTEXT() REPRESENTATION_CONTEXT('2D SPACE',''
  ) );
#2028 = ORIENTED_EDGE('',*,*,#2029,.F.);
#2029 = EDGE_CURVE('',#2030,#2007,#2032,.T.);
#2030 = VERTEX_POINT('',#2031);
#2031 = CARTESIAN_POINT('',(-45.,1.089494897428E+03,130.));
#2032 = SURFACE_CURVE('',#2033,(#2038,#2045),.PCURVE_S1.);
#2033 = CIRCLE('',#2034,24.494897427832);
#2034 = AXIS2_PLACEMENT_3D('',#2035,#2036,#2037);
#2035 = CARTESIAN_POINT('',(-45.,1.065E+03,130.));
#2036 = DIRECTION('',(0.,0.,1.));
#2037 = DIRECTION('',(-1.,0.,0.));
#2038 = PCURVE('',#346,#2039);
#2039 = DEFINITIONAL_REPRESENTATION('',(#2040),#2044);
#2040 = CIRCLE('',#2041,24.494897427832);
#2041 = AXIS2_PLACEMENT_2D('',#2042,#2043);
#2042 = CARTESIAN_POINT('',(2.555E+03,2.365E+03));
#2043 = DIRECTION('',(-1.,0.));
#2044 = ( GEOMETRIC_REPRESENTATION_CONTEXT(2) 
PARAMETRIC_REPRESENTATION_CONTEXT() REPRESENTATION_CONTEXT('2D SPACE',''
  ) );
#2045 = PCURVE('',#2046,#2051);
#2046 = SPHERICAL_SURFACE('',#2047,35.);
#2047 = AXIS2_PLACEMENT_3D('',#2048,#2049,#2050);
#2048 = CARTESIAN_POINT('',(-45.,1.065E+03,155.));
#2049 = DIRECTION('',(0.,0.,1.));
#2050 = DIRECTION('',(-1.,0.,0.));
#2051 = DEFINITIONAL_REPRESENTATION('',(#2052),#2056);
#2052 = LINE('',#2053,#2054);
#2053 = CARTESIAN_POINT('',(-6.28318530718,-0.795602953485));
#2054 = VECTOR('',#2055,1.);
#2055 = DIRECTION('',(1.,-0.));
#2056 = ( GEOMETRIC_REPRESENTATION_CONTEXT(2) 
PARAMETRIC_REPRESENTATION_CONTEXT() REPRESENTATION_CONTEXT('2D SPACE',''
  ) );
#2057 = ORIENTED_EDGE('',*,*,#2058,.T.);
#2058 = EDGE_CURVE('',#2030,#2059,#2061,.T.);
#2059 = VERTEX_POINT('',#2060);
#2060 = CARTESIAN_POINT('',(45.,1.089494897428E+03,130.));
#2061 = SURFACE_CURVE('',#2062,(#2066,#2072),.PCURVE_S1.);
#2062 = LINE('',#2063,#2064);
#2063 = CARTESIAN_POINT('',(-80.,1.089494897428E+03,130.));
#2064 = VECTOR('',#2065,1.);
#2065 = DIRECTION('',(1.,0.,0.));
#2066 = PCURVE('',#346,#2067);
#2067 = DEFINITIONAL_REPRESENTATION('',(#2068),#2071);
#2068 = B_SPLINE_CURVE_WITH_KNOTS('',1,(#2069,#2070),.UNSPECIFIED.,.F.,
  .F.,(2,2),(34.9999994,125.0000006),.PIECEWISE_BEZIER_KNOTS.);
#2069 = CARTESIAN_POINT('',(2.5549999994E+03,2.389494897428E+03));
#2070 = CARTESIAN_POINT('',(2.6450000006E+03,2.389494897428E+03));
#2071 = ( GEOMETRIC_REPRESENTATION_CONTEXT(2) 
PARAMETRIC_REPRESENTATION_CONTEXT() REPRESENTATION_CONTEXT('2D SPACE',''
  ) );
#2072 = PCURVE('',#2073,#2078);
#2073 = CYLINDRICAL_SURFACE('',#2074,35.);
#2074 = AXIS2_PLACEMENT_3D('',#2075,#2076,#2077);
#2075 = CARTESIAN_POINT('',(-80.,1.065E+03,155.));
#2076 = DIRECTION('',(1.,0.,0.));
#2077 = DIRECTION('',(-0.,1.,0.));
#2078 = DEFINITIONAL_REPRESENTATION('',(#2079),#2082);
#2079 = B_SPLINE_CURVE_WITH_KNOTS('',1,(#2080,#2081),.UNSPECIFIED.,.F.,
  .F.,(2,2),(34.9999994,125.0000006),.PIECEWISE_BEZIER_KNOTS.);
#2080 = CARTESIAN_POINT('',(-0.795602953485,34.9999994));
#2081 = CARTESIAN_POINT('',(-0.795602953485,125.0000006));
#2082 = ( GEOMETRIC_REPRESENTATION_CONTEXT(2) 
PARAMETRIC_REPRESENTATION_CONTEXT() REPRESENTATION_CONTEXT('2D SPACE',''
  ) );
#2083 = ORIENTED_EDGE('',*,*,#2084,.F.);
#2084 = EDGE_CURVE('',#2085,#2059,#2087,.T.);
#2085 = VERTEX_POINT('',#2086);
#2086 = CARTESIAN_POINT('',(68.47633956187,1.071990098767E+03,130.));
#2087 = SURFACE_CURVE('',#2088,(#2093,#2100),.PCURVE_S1.);
#2088 = CIRCLE('',#2089,24.494897427832);
#2089 = AXIS2_PLACEMENT_3D('',#2090,#2091,#2092);
#2090 = CARTESIAN_POINT('',(45.,1.065E+03,130.));
#2091 = DIRECTION('',(0.,0.,1.));
#2092 = DIRECTION('',(1.,0.,-0.));
#2093 = PCURVE('',#346,#2094);
#2094 = DEFINITIONAL_REPRESENTATION('',(#2095),#2099);
#2095 = CIRCLE('',#2096,24.494897427832);
#2096 = AXIS2_PLACEMENT_2D('',#2097,#2098);
#2097 = CARTESIAN_POINT('',(2.645E+03,2.365E+03));
#2098 = DIRECTION('',(1.,0.));
#2099 = ( GEOMETRIC_REPRESENTATION_CONTEXT(2) 
PARAMETRIC_REPRESENTATION_CONTEXT() REPRESENTATION_CONTEXT('2D SPACE',''
  ) );
#2100 = PCURVE('',#2101,#2106);
#2101 = SPHERICAL_SURFACE('',#2102,35.);
#2102 = AXIS2_PLACEMENT_3D('',#2103,#2104,#2105);
#2103 = CARTESIAN_POINT('',(45.,1.065E+03,155.));
#2104 = DIRECTION('',(0.,0.,1.));
#2105 = DIRECTION('',(1.,0.,-0.));
#2106 = DEFINITIONAL_REPRESENTATION('',(#2107),#2111);
#2107 = LINE('',#2108,#2109);
#2108 = CARTESIAN_POINT('',(0.,-0.795602953485));
#2109 = VECTOR('',#2110,1.);
#2110 = DIRECTION('',(1.,0.));
#2111 = ( GEOMETRIC_REPRESENTATION_CONTEXT(2) 
PARAMETRIC_REPRESENTATION_CONTEXT() REPRESENTATION_CONTEXT('2D SPACE',''
  ) );
#2112 = ORIENTED_EDGE('',*,*,#2113,.T.);
#2113 = EDGE_CURVE('',#2085,#2114,#2116,.T.);
#2114 = VERTEX_POINT('',#2115);
#2115 = CARTESIAN_POINT('',(1.631523660438E+03,1.071990098767E+03,130.)
  );
#2116 = SURFACE_CURVE('',#2117,(#2121,#2128),.PCURVE_S1.);
#2117 = LINE('',#2118,#2119);
#2118 = CARTESIAN_POINT('',(-1.8E+03,1.071990098767E+03,130.));
#2119 = VECTOR('',#2120,1.);
#2120 = DIRECTION('',(1.,0.,0.));
#2121 = PCURVE('',#346,#2122);
#2122 = DEFINITIONAL_REPRESENTATION('',(#2123),#2127);
#2123 = LINE('',#2124,#2125);
#2124 = CARTESIAN_POINT('',(800.,2.371990098767E+03));
#2125 = VECTOR('',#2126,1.);
#2126 = DIRECTION('',(1.,0.));
#2127 = ( GEOMETRIC_REPRESENTATION_CONTEXT(2) 
PARAMETRIC_REPRESENTATION_CONTEXT() REPRESENTATION_CONTEXT('2D SPACE',''
  ) );
#2128 = PCURVE('',#1861,#2129);
#2129 = DEFINITIONAL_REPRESENTATION('',(#2130),#2134);
#2130 = LINE('',#2131,#2132);
#2131 = CARTESIAN_POINT('',(-5.784511960118,1.8E+03));
#2132 = VECTOR('',#2133,1.);
#2133 = DIRECTION('',(-0.,-1.));
#2134 = ( GEOMETRIC_REPRESENTATION_CONTEXT(2) 
PARAMETRIC_REPRESENTATION_CONTEXT() REPRESENTATION_CONTEXT('2D SPACE',''
  ) );
#2135 = ORIENTED_EDGE('',*,*,#2136,.F.);
#2136 = EDGE_CURVE('',#2137,#2114,#2139,.T.);
#2137 = VERTEX_POINT('',#2138);
#2138 = CARTESIAN_POINT('',(1.655E+03,1.089494897428E+03,130.));
#2139 = SURFACE_CURVE('',#2140,(#2145,#2152),.PCURVE_S1.);
#2140 = CIRCLE('',#2141,24.494897427832);
#2141 = AXIS2_PLACEMENT_3D('',#2142,#2143,#2144);
#2142 = CARTESIAN_POINT('',(1.655E+03,1.065E+03,130.));
#2143 = DIRECTION('',(0.,0.,1.));
#2144 = DIRECTION('',(-1.,0.,0.));
#2145 = PCURVE('',#346,#2146);
#2146 = DEFINITIONAL_REPRESENTATION('',(#2147),#2151);
#2147 = CIRCLE('',#2148,24.494897427832);
#2148 = AXIS2_PLACEMENT_2D('',#2149,#2150);
#2149 = CARTESIAN_POINT('',(4.255E+03,2.365E+03));
#2150 = DIRECTION('',(-1.,0.));
#2151 = ( GEOMETRIC_REPRESENTATION_CONTEXT(2) 
PARAMETRIC_REPRESENTATION_CONTEXT() REPRESENTATION_CONTEXT('2D SPACE',''
  ) );
#2152 = PCURVE('',#2153,#2158);
#2153 = SPHERICAL_SURFACE('',#2154,35.);
#2154 = AXIS2_PLACEMENT_3D('',#2155,#2156,#2157);
#2155 = CARTESIAN_POINT('',(1.655E+03,1.065E+03,155.));
#2156 = DIRECTION('',(0.,0.,1.));
#2157 = DIRECTION('',(-1.,0.,0.));
#2158 = DEFINITIONAL_REPRESENTATION('',(#2159),#2163);
#2159 = LINE('',#2160,#2161);
#2160 = CARTESIAN_POINT('',(-6.28318530718,-0.795602953485));
#2161 = VECTOR('',#2162,1.);
#2162 = DIRECTION('',(1.,-0.));
#2163 = ( GEOMETRIC_REPRESENTATION_CONTEXT(2) 
PARAMETRIC_REPRESENTATION_CONTEXT() REPRESENTATION_CONTEXT('2D SPACE',''
  ) );
#2164 = ORIENTED_EDGE('',*,*,#2165,.T.);
#2165 = EDGE_CURVE('',#2137,#2166,#2168,.T.);
#2166 = VERTEX_POINT('',#2167);
#2167 = CARTESIAN_POINT('',(1.745E+03,1.089494897428E+03,130.));
#2168 = SURFACE_CURVE('',#2169,(#2173,#2179),.PCURVE_S1.);
#2169 = LINE('',#2170,#2171);
#2170 = CARTESIAN_POINT('',(1.62E+03,1.089494897428E+03,130.));
#2171 = VECTOR('',#2172,1.);
#2172 = DIRECTION('',(1.,0.,0.));
#2173 = PCURVE('',#346,#2174);
#2174 = DEFINITIONAL_REPRESENTATION('',(#2175),#2178);
#2175 = B_SPLINE_CURVE_WITH_KNOTS('',1,(#2176,#2177),.UNSPECIFIED.,.F.,
  .F.,(2,2),(34.9999994,125.0000006),.PIECEWISE_BEZIER_KNOTS.);
#2176 = CARTESIAN_POINT('',(4.2549999994E+03,2.389494897428E+03));
#2177 = CARTESIAN_POINT('',(4.3450000006E+03,2.389494897428E+03));
#2178 = ( GEOMETRIC_REPRESENTATION_CONTEXT(2) 
PARAMETRIC_REPRESENTATION_CONTEXT() REPRESENTATION_CONTEXT('2D SPACE',''
  ) );
#2179 = PCURVE('',#2180,#2185);
#2180 = CYLINDRICAL_SURFACE('',#2181,35.);
#2181 = AXIS2_PLACEMENT_3D('',#2182,#2183,#2184);
#2182 = CARTESIAN_POINT('',(1.62E+03,1.065E+03,155.));
#2183 = DIRECTION('',(1.,0.,0.));
#2184 = DIRECTION('',(-0.,1.,0.));
#2185 = DEFINITIONAL_REPRESENTATION('',(#2186),#2189);
#2186 = B_SPLINE_CURVE_WITH_KNOTS('',1,(#2187,#2188),.UNSPECIFIED.,.F.,
  .F.,(2,2),(34.9999994,125.0000006),.PIECEWISE_BEZIER_KNOTS.);
#2187 = CARTESIAN_POINT('',(-0.795602953485,34.9999994));
#2188 = CARTESIAN_POINT('',(-0.795602953485,125.0000006));
#2189 = ( GEOMETRIC_REPRESENTATION_CONTEXT(2) 
PARAMETRIC_REPRESENTATION_CONTEXT() REPRESENTATION_CONTEXT('2D SPACE',''
  ) );
#2190 = ORIENTED_EDGE('',*,*,#2191,.F.);
#2191 = EDGE_CURVE('',#2192,#2166,#2194,.T.);
#2192 = VERTEX_POINT('',#2193);
#2193 = CARTESIAN_POINT('',(1.768476339562E+03,1.071990098767E+03,130.)
  );
#2194 = SURFACE_CURVE('',#2195,(#2200,#2207),.PCURVE_S1.);
#2195 = CIRCLE('',#2196,24.494897427832);
#2196 = AXIS2_PLACEMENT_3D('',#2197,#2198,#2199);
#2197 = CARTESIAN_POINT('',(1.745E+03,1.065E+03,130.));
#2198 = DIRECTION('',(0.,0.,1.));
#2199 = DIRECTION('',(1.,0.,-0.));
#2200 = PCURVE('',#346,#2201);
#2201 = DEFINITIONAL_REPRESENTATION('',(#2202),#2206);
#2202 = CIRCLE('',#2203,24.494897427832);
#2203 = AXIS2_PLACEMENT_2D('',#2204,#2205);
#2204 = CARTESIAN_POINT('',(4.345E+03,2.365E+03));
#2205 = DIRECTION('',(1.,0.));
#2206 = ( GEOMETRIC_REPRESENTATION_CONTEXT(2) 
PARAMETRIC_REPRESENTATION_CONTEXT() REPRESENTATION_CONTEXT('2D SPACE',''
  ) );
#2207 = PCURVE('',#2208,#2213);
#2208 = SPHERICAL_SURFACE('',#2209,35.);
#2209 = AXIS2_PLACEMENT_3D('',#2210,#2211,#2212);
#2210 = CARTESIAN_POINT('',(1.745E+03,1.065E+03,155.));
#2211 = DIRECTION('',(0.,0.,1.));
#2212 = DIRECTION('',(1.,0.,-0.));
#2213 = DEFINITIONAL_REPRESENTATION('',(#2214),#2218);
#2214 = LINE('',#2215,#2216);
#2215 = CARTESIAN_POINT('',(0.,-0.795602953485));
#2216 = VECTOR('',#2217,1.);
#2217 = DIRECTION('',(1.,0.));
#2218 = ( GEOMETRIC_REPRESENTATION_CONTEXT(2) 
PARAMETRIC_REPRESENTATION_CONTEXT() REPRESENTATION_CONTEXT('2D SPACE',''
  ) );
#2219 = ORIENTED_EDGE('',*,*,#2220,.T.);
#2220 = EDGE_CURVE('',#2192,#2221,#2223,.T.);
#2221 = VERTEX_POINT('',#2222);
#2222 = CARTESIAN_POINT('',(1.8E+03,1.071990098767E+03,130.));
#2223 = SURFACE_CURVE('',#2224,(#2228,#2235),.PCURVE_S1.);
#2224 = LINE('',#2225,#2226);
#2225 = CARTESIAN_POINT('',(-1.8E+03,1.071990098767E+03,130.));
#2226 = VECTOR('',#2227,1.);
#2227 = DIRECTION('',(1.,0.,0.));
#2228 = PCURVE('',#346,#2229);
#2229 = DEFINITIONAL_REPRESENTATION('',(#2230),#2234);
#2230 = LINE('',#2231,#2232);
#2231 = CARTESIAN_POINT('',(800.,2.371990098767E+03));
#2232 = VECTOR('',#2233,1.);
#2233 = DIRECTION('',(1.,0.));
#2234 = ( GEOMETRIC_REPRESENTATION_CONTEXT(2) 
PARAMETRIC_REPRESENTATION_CONTEXT() REPRESENTATION_CONTEXT('2D SPACE',''
  ) );
#2235 = PCURVE('',#1861,#2236);
#2236 = DEFINITIONAL_REPRESENTATION('',(#2237),#2241);
#2237 = LINE('',#2238,#2239);
#2238 = CARTESIAN_POINT('',(-5.784511960118,1.8E+03));
#2239 = VECTOR('',#2240,1.);
#2240 = DIRECTION('',(-0.,-1.));
#2241 = ( GEOMETRIC_REPRESENTATION_CONTEXT(2) 
PARAMETRIC_REPRESENTATION_CONTEXT() REPRESENTATION_CONTEXT('2D SPACE',''
  ) );
#2242 = ORIENTED_EDGE('',*,*,#2243,.F.);
#2243 = EDGE_CURVE('',#2244,#2221,#2246,.T.);
#2244 = VERTEX_POINT('',#2245);
#2245 = CARTESIAN_POINT('',(1.8E+03,668.00990123275,130.));
#2246 = SURFACE_CURVE('',#2247,(#2251,#2257),.PCURVE_S1.);
#2247 = LINE('',#2248,#2249);
#2248 = CARTESIAN_POINT('',(1.8E+03,-215.,130.));
#2249 = VECTOR('',#2250,1.);
#2250 = DIRECTION('',(0.,1.,0.));
#2251 = PCURVE('',#346,#2252);
#2252 = DEFINITIONAL_REPRESENTATION('',(#2253),#2256);
#2253 = B_SPLINE_CURVE_WITH_KNOTS('',1,(#2254,#2255),.UNSPECIFIED.,.F.,
  .F.,(2,2),(855.,1.315E+03),.PIECEWISE_BEZIER_KNOTS.);
#2254 = CARTESIAN_POINT('',(4.4E+03,1.94E+03));
#2255 = CARTESIAN_POINT('',(4.4E+03,2.4E+03));
#2256 = ( GEOMETRIC_REPRESENTATION_CONTEXT(2) 
PARAMETRIC_REPRESENTATION_CONTEXT() REPRESENTATION_CONTEXT('2D SPACE',''
  ) );
#2257 = PCURVE('',#2258,#2263);
#2258 = PLANE('',#2259);
#2259 = AXIS2_PLACEMENT_3D('',#2260,#2261,#2262);
#2260 = CARTESIAN_POINT('',(1.8E+03,870.,240.));
#2261 = DIRECTION('',(1.,0.,0.));
#2262 = DIRECTION('',(-0.,0.,1.));
#2263 = DEFINITIONAL_REPRESENTATION('',(#2264),#2267);
#2264 = B_SPLINE_CURVE_WITH_KNOTS('',1,(#2265,#2266),.UNSPECIFIED.,.F.,
  .F.,(2,2),(855.,1.315E+03),.PIECEWISE_BEZIER_KNOTS.);
#2265 = CARTESIAN_POINT('',(-110.,230.));
#2266 = CARTESIAN_POINT('',(-110.,-230.));
#2267 = ( GEOMETRIC_REPRESENTATION_CONTEXT(2) 
PARAMETRIC_REPRESENTATION_CONTEXT() REPRESENTATION_CONTEXT('2D SPACE',''
  ) );
#2268 = ORIENTED_EDGE('',*,*,#2269,.T.);
#2269 = EDGE_CURVE('',#2244,#2270,#2272,.T.);
#2270 = VERTEX_POINT('',#2271);
#2271 = CARTESIAN_POINT('',(1.769494897428E+03,668.00990123275,130.));
#2272 = SURFACE_CURVE('',#2273,(#2277,#2284),.PCURVE_S1.);
#2273 = LINE('',#2274,#2275);
#2274 = CARTESIAN_POINT('',(1.8E+03,668.00990123275,130.));
#2275 = VECTOR('',#2276,1.);
#2276 = DIRECTION('',(-1.,0.,0.));
#2277 = PCURVE('',#346,#2278);
#2278 = DEFINITIONAL_REPRESENTATION('',(#2279),#2283);
#2279 = LINE('',#2280,#2281);
#2280 = CARTESIAN_POINT('',(4.4E+03,1.968009901233E+03));
#2281 = VECTOR('',#2282,1.);
#2282 = DIRECTION('',(-1.,0.));
#2283 = ( GEOMETRIC_REPRESENTATION_CONTEXT(2) 
PARAMETRIC_REPRESENTATION_CONTEXT() REPRESENTATION_CONTEXT('2D SPACE',''
  ) );
#2284 = PCURVE('',#1861,#2285);
#2285 = DEFINITIONAL_REPRESENTATION('',(#2286),#2290);
#2286 = LINE('',#2287,#2288);
#2287 = CARTESIAN_POINT('',(-9.923451307831,-1.8E+03));
#2288 = VECTOR('',#2289,1.);
#2289 = DIRECTION('',(-0.,1.));
#2290 = ( GEOMETRIC_REPRESENTATION_CONTEXT(2) 
PARAMETRIC_REPRESENTATION_CONTEXT() REPRESENTATION_CONTEXT('2D SPACE',''
  ) );
#2291 = ORIENTED_EDGE('',*,*,#2292,.F.);
#2292 = EDGE_CURVE('',#2293,#2270,#2295,.T.);
#2293 = VERTEX_POINT('',#2294);
#2294 = CARTESIAN_POINT('',(1.769494897428E+03,260.,130.));
#2295 = SURFACE_CURVE('',#2296,(#2300,#2306),.PCURVE_S1.);
#2296 = LINE('',#2297,#2298);
#2297 = CARTESIAN_POINT('',(1.769494897428E+03,-1.1E+03,130.));
#2298 = VECTOR('',#2299,1.);
#2299 = DIRECTION('',(0.,1.,0.));
#2300 = PCURVE('',#346,#2301);
#2301 = DEFINITIONAL_REPRESENTATION('',(#2302),#2305);
#2302 = B_SPLINE_CURVE_WITH_KNOTS('',1,(#2303,#2304),.UNSPECIFIED.,.F.,
  .F.,(2,2),(34.9999994,2.1650000006E+03),.PIECEWISE_BEZIER_KNOTS.);
#2303 = CARTESIAN_POINT('',(4.369494897428E+03,234.9999994));
#2304 = CARTESIAN_POINT('',(4.369494897428E+03,2.3650000006E+03));
#2305 = ( GEOMETRIC_REPRESENTATION_CONTEXT(2) 
PARAMETRIC_REPRESENTATION_CONTEXT() REPRESENTATION_CONTEXT('2D SPACE',''
  ) );
#2306 = PCURVE('',#2307,#2312);
#2307 = CYLINDRICAL_SURFACE('',#2308,35.);
#2308 = AXIS2_PLACEMENT_3D('',#2309,#2310,#2311);
#2309 = CARTESIAN_POINT('',(1.745E+03,-1.1E+03,155.));
#2310 = DIRECTION('',(0.,1.,0.));
#2311 = DIRECTION('',(1.,0.,-0.));
#2312 = DEFINITIONAL_REPRESENTATION('',(#2313),#2316);
#2313 = B_SPLINE_CURVE_WITH_KNOTS('',1,(#2314,#2315),.UNSPECIFIED.,.F.,
  .F.,(2,2),(34.9999994,2.1650000006E+03),.PIECEWISE_BEZIER_KNOTS.);
#2314 = CARTESIAN_POINT('',(0.795602953485,34.9999994));
#2315 = CARTESIAN_POINT('',(0.795602953485,2.1650000006E+03));
#2316 = ( GEOMETRIC_REPRESENTATION_CONTEXT(2) 
PARAMETRIC_REPRESENTATION_CONTEXT() REPRESENTATION_CONTEXT('2D SPACE',''
  ) );
#2317 = ORIENTED_EDGE('',*,*,#2318,.F.);
#2318 = EDGE_CURVE('',#2319,#2293,#2321,.T.);
#2319 = VERTEX_POINT('',#2320);
#2320 = CARTESIAN_POINT('',(1.88E+03,260.,130.));
#2321 = SURFACE_CURVE('',#2322,(#2326,#2332),.PCURVE_S1.);
#2322 = LINE('',#2323,#2324);
#2323 = CARTESIAN_POINT('',(-2.3E+03,260.,130.));
#2324 = VECTOR('',#2325,1.);
#2325 = DIRECTION('',(-1.,0.,0.));
#2326 = PCURVE('',#346,#2327);
#2327 = DEFINITIONAL_REPRESENTATION('',(#2328),#2331);
#2328 = B_SPLINE_CURVE_WITH_KNOTS('',1,(#2329,#2330),.UNSPECIFIED.,.F.,
  .F.,(2,2),(-4.18E+03,-420.),.PIECEWISE_BEZIER_KNOTS.);
#2329 = CARTESIAN_POINT('',(4.48E+03,1.56E+03));
#2330 = CARTESIAN_POINT('',(720.,1.56E+03));
#2331 = ( GEOMETRIC_REPRESENTATION_CONTEXT(2) 
PARAMETRIC_REPRESENTATION_CONTEXT() REPRESENTATION_CONTEXT('2D SPACE',''
  ) );
#2332 = PCURVE('',#1808,#2333);
#2333 = DEFINITIONAL_REPRESENTATION('',(#2334),#2337);
#2334 = B_SPLINE_CURVE_WITH_KNOTS('',1,(#2335,#2336),.UNSPECIFIED.,.F.,
  .F.,(2,2),(-4.18E+03,-420.),.PIECEWISE_BEZIER_KNOTS.);
#2335 = CARTESIAN_POINT('',(170.,3.88E+03));
#2336 = CARTESIAN_POINT('',(170.,120.));
#2337 = ( GEOMETRIC_REPRESENTATION_CONTEXT(2) 
PARAMETRIC_REPRESENTATION_CONTEXT() REPRESENTATION_CONTEXT('2D SPACE',''
  ) );
#2338 = ORIENTED_EDGE('',*,*,#2339,.F.);
#2339 = EDGE_CURVE('',#2340,#2319,#2342,.T.);
#2340 = VERTEX_POINT('',#2341);
#2341 = CARTESIAN_POINT('',(2.E+03,140.,130.));
#2342 = SURFACE_CURVE('',#2343,(#2348,#2355),.PCURVE_S1.);
#2343 = CIRCLE('',#2344,120.);
#2344 = AXIS2_PLACEMENT_3D('',#2345,#2346,#2347);
#2345 = CARTESIAN_POINT('',(1.88E+03,140.,130.));
#2346 = DIRECTION('',(0.,0.,1.));
#2347 = DIRECTION('',(1.,0.,-0.));
#2348 = PCURVE('',#346,#2349);
#2349 = DEFINITIONAL_REPRESENTATION('',(#2350),#2354);
#2350 = CIRCLE('',#2351,120.);
#2351 = AXIS2_PLACEMENT_2D('',#2352,#2353);
#2352 = CARTESIAN_POINT('',(4.48E+03,1.44E+03));
#2353 = DIRECTION('',(1.,0.));
#2354 = ( GEOMETRIC_REPRESENTATION_CONTEXT(2) 
PARAMETRIC_REPRESENTATION_CONTEXT() REPRESENTATION_CONTEXT('2D SPACE',''
  ) );
#2355 = PCURVE('',#2356,#2361);
#2356 = CYLINDRICAL_SURFACE('',#2357,120.);
#2357 = AXIS2_PLACEMENT_3D('',#2358,#2359,#2360);
#2358 = CARTESIAN_POINT('',(1.88E+03,140.,-40.));
#2359 = DIRECTION('',(0.,0.,1.));
#2360 = DIRECTION('',(1.,0.,-0.));
#2361 = DEFINITIONAL_REPRESENTATION('',(#2362),#2366);
#2362 = LINE('',#2363,#2364);
#2363 = CARTESIAN_POINT('',(0.,170.));
#2364 = VECTOR('',#2365,1.);
#2365 = DIRECTION('',(1.,0.));
#2366 = ( GEOMETRIC_REPRESENTATION_CONTEXT(2) 
PARAMETRIC_REPRESENTATION_CONTEXT() REPRESENTATION_CONTEXT('2D SPACE',''
  ) );
#2367 = ORIENTED_EDGE('',*,*,#2368,.F.);
#2368 = EDGE_CURVE('',#2369,#2340,#2371,.T.);
#2369 = VERTEX_POINT('',#2370);
#2370 = CARTESIAN_POINT('',(2.E+03,-140.,130.));
#2371 = SURFACE_CURVE('',#2372,(#2376,#2382),.PCURVE_S1.);
#2372 = LINE('',#2373,#2374);
#2373 = CARTESIAN_POINT('',(2.E+03,-780.,130.));
#2374 = VECTOR('',#2375,1.);
#2375 = DIRECTION('',(0.,1.,0.));
#2376 = PCURVE('',#346,#2377);
#2377 = DEFINITIONAL_REPRESENTATION('',(#2378),#2381);
#2378 = B_SPLINE_CURVE_WITH_KNOTS('',1,(#2379,#2380),.UNSPECIFIED.,.F.,
  .F.,(2,2),(640.,920.),.PIECEWISE_BEZIER_KNOTS.);
#2379 = CARTESIAN_POINT('',(4.6E+03,1.16E+03));
#2380 = CARTESIAN_POINT('',(4.6E+03,1.44E+03));
#2381 = ( GEOMETRIC_REPRESENTATION_CONTEXT(2) 
PARAMETRIC_REPRESENTATION_CONTEXT() REPRESENTATION_CONTEXT('2D SPACE',''
  ) );
#2382 = PCURVE('',#2383,#2388);
#2383 = PLANE('',#2384);
#2384 = AXIS2_PLACEMENT_3D('',#2385,#2386,#2387);
#2385 = CARTESIAN_POINT('',(2.E+03,-260.,-40.));
#2386 = DIRECTION('',(1.,0.,0.));
#2387 = DIRECTION('',(0.,0.,1.));
#2388 = DEFINITIONAL_REPRESENTATION('',(#2389),#2392);
#2389 = B_SPLINE_CURVE_WITH_KNOTS('',1,(#2390,#2391),.UNSPECIFIED.,.F.,
  .F.,(2,2),(640.,920.),.PIECEWISE_BEZIER_KNOTS.);
#2390 = CARTESIAN_POINT('',(170.,-120.));
#2391 = CARTESIAN_POINT('',(170.,-400.));
#2392 = ( GEOMETRIC_REPRESENTATION_CONTEXT(2) 
PARAMETRIC_REPRESENTATION_CONTEXT() REPRESENTATION_CONTEXT('2D SPACE',''
  ) );
#2393 = ORIENTED_EDGE('',*,*,#2394,.F.);
#2394 = EDGE_CURVE('',#2395,#2369,#2397,.T.);
#2395 = VERTEX_POINT('',#2396);
#2396 = CARTESIAN_POINT('',(1.88E+03,-260.,130.));
#2397 = SURFACE_CURVE('',#2398,(#2403,#2410),.PCURVE_S1.);
#2398 = CIRCLE('',#2399,120.);
#2399 = AXIS2_PLACEMENT_3D('',#2400,#2401,#2402);
#2400 = CARTESIAN_POINT('',(1.88E+03,-140.,130.));
#2401 = DIRECTION('',(0.,0.,1.));
#2402 = DIRECTION('',(1.,0.,-0.));
#2403 = PCURVE('',#346,#2404);
#2404 = DEFINITIONAL_REPRESENTATION('',(#2405),#2409);
#2405 = CIRCLE('',#2406,120.);
#2406 = AXIS2_PLACEMENT_2D('',#2407,#2408);
#2407 = CARTESIAN_POINT('',(4.48E+03,1.16E+03));
#2408 = DIRECTION('',(1.,0.));
#2409 = ( GEOMETRIC_REPRESENTATION_CONTEXT(2) 
PARAMETRIC_REPRESENTATION_CONTEXT() REPRESENTATION_CONTEXT('2D SPACE',''
  ) );
#2410 = PCURVE('',#2411,#2416);
#2411 = CYLINDRICAL_SURFACE('',#2412,120.);
#2412 = AXIS2_PLACEMENT_3D('',#2413,#2414,#2415);
#2413 = CARTESIAN_POINT('',(1.88E+03,-140.,-40.));
#2414 = DIRECTION('',(0.,0.,1.));
#2415 = DIRECTION('',(1.,0.,-0.));
#2416 = DEFINITIONAL_REPRESENTATION('',(#2417),#2421);
#2417 = LINE('',#2418,#2419);
#2418 = CARTESIAN_POINT('',(-6.28318530718,170.));
#2419 = VECTOR('',#2420,1.);
#2420 = DIRECTION('',(1.,-0.));
#2421 = ( GEOMETRIC_REPRESENTATION_CONTEXT(2) 
PARAMETRIC_REPRESENTATION_CONTEXT() REPRESENTATION_CONTEXT('2D SPACE',''
  ) );
#2422 = ORIENTED_EDGE('',*,*,#2423,.T.);
#2423 = EDGE_CURVE('',#2395,#2424,#2426,.T.);
#2424 = VERTEX_POINT('',#2425);
#2425 = CARTESIAN_POINT('',(1.769494897428E+03,-260.,130.));
#2426 = SURFACE_CURVE('',#2427,(#2431,#2437),.PCURVE_S1.);
#2427 = LINE('',#2428,#2429);
#2428 = CARTESIAN_POINT('',(-2.3E+03,-260.,130.));
#2429 = VECTOR('',#2430,1.);
#2430 = DIRECTION('',(-1.,0.,0.));
#2431 = PCURVE('',#346,#2432);
#2432 = DEFINITIONAL_REPRESENTATION('',(#2433),#2436);
#2433 = B_SPLINE_CURVE_WITH_KNOTS('',1,(#2434,#2435),.UNSPECIFIED.,.F.,
  .F.,(2,2),(-4.18E+03,-420.),.PIECEWISE_BEZIER_KNOTS.);
#2434 = CARTESIAN_POINT('',(4.48E+03,1.04E+03));
#2435 = CARTESIAN_POINT('',(720.,1.04E+03));
#2436 = ( GEOMETRIC_REPRESENTATION_CONTEXT(2) 
PARAMETRIC_REPRESENTATION_CONTEXT() REPRESENTATION_CONTEXT('2D SPACE',''
  ) );
#2437 = PCURVE('',#1698,#2438);
#2438 = DEFINITIONAL_REPRESENTATION('',(#2439),#2442);
#2439 = B_SPLINE_CURVE_WITH_KNOTS('',1,(#2440,#2441),.UNSPECIFIED.,.F.,
  .F.,(2,2),(-4.18E+03,-420.),.PIECEWISE_BEZIER_KNOTS.);
#2440 = CARTESIAN_POINT('',(170.,3.88E+03));
#2441 = CARTESIAN_POINT('',(170.,120.));
#2442 = ( GEOMETRIC_REPRESENTATION_CONTEXT(2) 
PARAMETRIC_REPRESENTATION_CONTEXT() REPRESENTATION_CONTEXT('2D SPACE',''
  ) );
#2443 = ORIENTED_EDGE('',*,*,#2444,.F.);
#2444 = EDGE_CURVE('',#2445,#2424,#2447,.T.);
#2445 = VERTEX_POINT('',#2446);
#2446 = CARTESIAN_POINT('',(1.769494897428E+03,-668.0099012327,130.));
#2447 = SURFACE_CURVE('',#2448,(#2452,#2458),.PCURVE_S1.);
#2448 = LINE('',#2449,#2450);
#2449 = CARTESIAN_POINT('',(1.769494897428E+03,-1.1E+03,130.));
#2450 = VECTOR('',#2451,1.);
#2451 = DIRECTION('',(0.,1.,0.));
#2452 = PCURVE('',#346,#2453);
#2453 = DEFINITIONAL_REPRESENTATION('',(#2454),#2457);
#2454 = B_SPLINE_CURVE_WITH_KNOTS('',1,(#2455,#2456),.UNSPECIFIED.,.F.,
  .F.,(2,2),(34.9999994,2.1650000006E+03),.PIECEWISE_BEZIER_KNOTS.);
#2455 = CARTESIAN_POINT('',(4.369494897428E+03,234.9999994));
#2456 = CARTESIAN_POINT('',(4.369494897428E+03,2.3650000006E+03));
#2457 = ( GEOMETRIC_REPRESENTATION_CONTEXT(2) 
PARAMETRIC_REPRESENTATION_CONTEXT() REPRESENTATION_CONTEXT('2D SPACE',''
  ) );
#2458 = PCURVE('',#2459,#2464);
#2459 = CYLINDRICAL_SURFACE('',#2460,35.);
#2460 = AXIS2_PLACEMENT_3D('',#2461,#2462,#2463);
#2461 = CARTESIAN_POINT('',(1.745E+03,-1.1E+03,155.));
#2462 = DIRECTION('',(0.,1.,0.));
#2463 = DIRECTION('',(1.,0.,-0.));
#2464 = DEFINITIONAL_REPRESENTATION('',(#2465),#2468);
#2465 = B_SPLINE_CURVE_WITH_KNOTS('',1,(#2466,#2467),.UNSPECIFIED.,.F.,
  .F.,(2,2),(34.9999994,2.1650000006E+03),.PIECEWISE_BEZIER_KNOTS.);
#2466 = CARTESIAN_POINT('',(0.795602953485,34.9999994));
#2467 = CARTESIAN_POINT('',(0.795602953485,2.1650000006E+03));
#2468 = ( GEOMETRIC_REPRESENTATION_CONTEXT(2) 
PARAMETRIC_REPRESENTATION_CONTEXT() REPRESENTATION_CONTEXT('2D SPACE',''
  ) );
#2469 = ORIENTED_EDGE('',*,*,#2470,.T.);
#2470 = EDGE_CURVE('',#2445,#1234,#2471,.T.);
#2471 = SURFACE_CURVE('',#2472,(#2476,#2483),.PCURVE_S1.);
#2472 = LINE('',#2473,#2474);
#2473 = CARTESIAN_POINT('',(-1.8E+03,-668.0099012327,130.));
#2474 = VECTOR('',#2475,1.);
#2475 = DIRECTION('',(1.,0.,0.));
#2476 = PCURVE('',#346,#2477);
#2477 = DEFINITIONAL_REPRESENTATION('',(#2478),#2482);
#2478 = LINE('',#2479,#2480);
#2479 = CARTESIAN_POINT('',(800.,631.99009876724));
#2480 = VECTOR('',#2481,1.);
#2481 = DIRECTION('',(1.,0.));
#2482 = ( GEOMETRIC_REPRESENTATION_CONTEXT(2) 
PARAMETRIC_REPRESENTATION_CONTEXT() REPRESENTATION_CONTEXT('2D SPACE',''
  ) );
#2483 = PCURVE('',#1275,#2484);
#2484 = DEFINITIONAL_REPRESENTATION('',(#2485),#2489);
#2485 = LINE('',#2486,#2487);
#2486 = CARTESIAN_POINT('',(-5.784511960118,1.8E+03));
#2487 = VECTOR('',#2488,1.);
#2488 = DIRECTION('',(-0.,-1.));
#2489 = ( GEOMETRIC_REPRESENTATION_CONTEXT(2) 
PARAMETRIC_REPRESENTATION_CONTEXT() REPRESENTATION_CONTEXT('2D SPACE',''
  ) );
#2490 = ADVANCED_FACE('',(#2491),#373,.T.);
#2491 = FACE_BOUND('',#2492,.F.);
#2492 = EDGE_LOOP('',(#2493,#2494,#2514));
#2493 = ORIENTED_EDGE('',*,*,#442,.F.);
#2494 = ORIENTED_EDGE('',*,*,#2495,.T.);
#2495 = EDGE_CURVE('',#415,#331,#2496,.T.);
#2496 = SURFACE_CURVE('',#2497,(#2502,#2508),.PCURVE_S1.);
#2497 = CIRCLE('',#2498,110.);
#2498 = AXIS2_PLACEMENT_3D('',#2499,#2500,#2501);
#2499 = CARTESIAN_POINT('',(-2.49E+03,1.19E+03,20.));
#2500 = DIRECTION('',(1.,0.,9.352973703737E-17));
#2501 = DIRECTION('',(-9.352973703737E-17,0.,1.));
#2502 = PCURVE('',#373,#2503);
#2503 = DEFINITIONAL_REPRESENTATION('',(#2504),#2507);
#2504 = B_SPLINE_CURVE_WITH_KNOTS('',1,(#2505,#2506),.UNSPECIFIED.,.F.,
  .F.,(2,2),(4.712388980385,6.28318530718),.PIECEWISE_BEZIER_KNOTS.);
#2505 = CARTESIAN_POINT('',(-1.570796326795,-1.570796326795));
#2506 = CARTESIAN_POINT('',(-1.570796326795,0.));
#2507 = ( GEOMETRIC_REPRESENTATION_CONTEXT(2) 
PARAMETRIC_REPRESENTATION_CONTEXT() REPRESENTATION_CONTEXT('2D SPACE',''
  ) );
#2508 = PCURVE('',#1217,#2509);
#2509 = DEFINITIONAL_REPRESENTATION('',(#2510),#2513);
#2510 = B_SPLINE_CURVE_WITH_KNOTS('',1,(#2511,#2512),.UNSPECIFIED.,.F.,
  .F.,(2,2),(4.712388980385,6.28318530718),.PIECEWISE_BEZIER_KNOTS.);
#2511 = CARTESIAN_POINT('',(0.,110.));
#2512 = CARTESIAN_POINT('',(1.570796326795,110.));
#2513 = ( GEOMETRIC_REPRESENTATION_CONTEXT(2) 
PARAMETRIC_REPRESENTATION_CONTEXT() REPRESENTATION_CONTEXT('2D SPACE',''
  ) );
#2514 = ORIENTED_EDGE('',*,*,#358,.F.);
#2515 = ADVANCED_FACE('',(#2516),#430,.T.);
#2516 = FACE_BOUND('',#2517,.T.);
#2517 = EDGE_LOOP('',(#2518,#2519,#2542,#2570));
#2518 = ORIENTED_EDGE('',*,*,#414,.T.);
#2519 = ORIENTED_EDGE('',*,*,#2520,.T.);
#2520 = EDGE_CURVE('',#415,#2521,#2523,.T.);
#2521 = VERTEX_POINT('',#2522);
#2522 = CARTESIAN_POINT('',(2.49E+03,1.3E+03,20.));
#2523 = SURFACE_CURVE('',#2524,(#2528,#2535),.PCURVE_S1.);
#2524 = LINE('',#2525,#2526);
#2525 = CARTESIAN_POINT('',(-2.6E+03,1.3E+03,20.));
#2526 = VECTOR('',#2527,1.);
#2527 = DIRECTION('',(1.,0.,0.));
#2528 = PCURVE('',#430,#2529);
#2529 = DEFINITIONAL_REPRESENTATION('',(#2530),#2534);
#2530 = LINE('',#2531,#2532);
#2531 = CARTESIAN_POINT('',(150.,0.));
#2532 = VECTOR('',#2533,1.);
#2533 = DIRECTION('',(0.,1.));
#2534 = ( GEOMETRIC_REPRESENTATION_CONTEXT(2) 
PARAMETRIC_REPRESENTATION_CONTEXT() REPRESENTATION_CONTEXT('2D SPACE',''
  ) );
#2535 = PCURVE('',#1217,#2536);
#2536 = DEFINITIONAL_REPRESENTATION('',(#2537),#2541);
#2537 = LINE('',#2538,#2539);
#2538 = CARTESIAN_POINT('',(0.,0.));
#2539 = VECTOR('',#2540,1.);
#2540 = DIRECTION('',(0.,1.));
#2541 = ( GEOMETRIC_REPRESENTATION_CONTEXT(2) 
PARAMETRIC_REPRESENTATION_CONTEXT() REPRESENTATION_CONTEXT('2D SPACE',''
  ) );
#2542 = ORIENTED_EDGE('',*,*,#2543,.F.);
#2543 = EDGE_CURVE('',#2544,#2521,#2546,.T.);
#2544 = VERTEX_POINT('',#2545);
#2545 = CARTESIAN_POINT('',(2.49E+03,1.3E+03,-20.));
#2546 = SURFACE_CURVE('',#2547,(#2551,#2558),.PCURVE_S1.);
#2547 = LINE('',#2548,#2549);
#2548 = CARTESIAN_POINT('',(2.49E+03,1.3E+03,-130.));
#2549 = VECTOR('',#2550,1.);
#2550 = DIRECTION('',(0.,0.,1.));
#2551 = PCURVE('',#430,#2552);
#2552 = DEFINITIONAL_REPRESENTATION('',(#2553),#2557);
#2553 = LINE('',#2554,#2555);
#2554 = CARTESIAN_POINT('',(0.,5.09E+03));
#2555 = VECTOR('',#2556,1.);
#2556 = DIRECTION('',(1.,0.));
#2557 = ( GEOMETRIC_REPRESENTATION_CONTEXT(2) 
PARAMETRIC_REPRESENTATION_CONTEXT() REPRESENTATION_CONTEXT('2D SPACE',''
  ) );
#2558 = PCURVE('',#2559,#2564);
#2559 = CYLINDRICAL_SURFACE('',#2560,110.);
#2560 = AXIS2_PLACEMENT_3D('',#2561,#2562,#2563);
#2561 = CARTESIAN_POINT('',(2.49E+03,1.19E+03,-130.));
#2562 = DIRECTION('',(0.,0.,1.));
#2563 = DIRECTION('',(1.,0.,-0.));
#2564 = DEFINITIONAL_REPRESENTATION('',(#2565),#2569);
#2565 = LINE('',#2566,#2567);
#2566 = CARTESIAN_POINT('',(1.570796326795,0.));
#2567 = VECTOR('',#2568,1.);
#2568 = DIRECTION('',(0.,1.));
#2569 = ( GEOMETRIC_REPRESENTATION_CONTEXT(2) 
PARAMETRIC_REPRESENTATION_CONTEXT() REPRESENTATION_CONTEXT('2D SPACE',''
  ) );
#2570 = ORIENTED_EDGE('',*,*,#2571,.F.);
#2571 = EDGE_CURVE('',#391,#2544,#2572,.T.);
#2572 = SURFACE_CURVE('',#2573,(#2577,#2584),.PCURVE_S1.);
#2573 = LINE('',#2574,#2575);
#2574 = CARTESIAN_POINT('',(-2.6E+03,1.3E+03,-20.));
#2575 = VECTOR('',#2576,1.);
#2576 = DIRECTION('',(1.,0.,0.));
#2577 = PCURVE('',#430,#2578);
#2578 = DEFINITIONAL_REPRESENTATION('',(#2579),#2583);
#2579 = LINE('',#2580,#2581);
#2580 = CARTESIAN_POINT('',(110.,0.));
#2581 = VECTOR('',#2582,1.);
#2582 = DIRECTION('',(0.,1.));
#2583 = ( GEOMETRIC_REPRESENTATION_CONTEXT(2) 
PARAMETRIC_REPRESENTATION_CONTEXT() REPRESENTATION_CONTEXT('2D SPACE',''
  ) );
#2584 = PCURVE('',#667,#2585);
#2585 = DEFINITIONAL_REPRESENTATION('',(#2586),#2590);
#2586 = LINE('',#2587,#2588);
#2587 = CARTESIAN_POINT('',(-0.,0.));
#2588 = VECTOR('',#2589,1.);
#2589 = DIRECTION('',(-0.,1.));
#2590 = ( GEOMETRIC_REPRESENTATION_CONTEXT(2) 
PARAMETRIC_REPRESENTATION_CONTEXT() REPRESENTATION_CONTEXT('2D SPACE',''
  ) );
#2591 = ADVANCED_FACE('',(#2592),#480,.T.);
#2592 = FACE_BOUND('',#2593,.T.);
#2593 = EDGE_LOOP('',(#2594,#2595,#2596,#2621));
#2594 = ORIENTED_EDGE('',*,*,#466,.F.);
#2595 = ORIENTED_EDGE('',*,*,#602,.T.);
#2596 = ORIENTED_EDGE('',*,*,#2597,.T.);
#2597 = EDGE_CURVE('',#603,#550,#2598,.T.);
#2598 = SURFACE_CURVE('',#2599,(#2604,#2610),.PCURVE_S1.);
#2599 = CIRCLE('',#2600,110.);
#2600 = AXIS2_PLACEMENT_3D('',#2601,#2602,#2603);
#2601 = CARTESIAN_POINT('',(2.49E+03,-1.19E+03,-20.));
#2602 = DIRECTION('',(-1.,-6.123233995737E-17,0.));
#2603 = DIRECTION('',(6.123233995737E-17,-1.,-0.));
#2604 = PCURVE('',#480,#2605);
#2605 = DEFINITIONAL_REPRESENTATION('',(#2606),#2609);
#2606 = B_SPLINE_CURVE_WITH_KNOTS('',1,(#2607,#2608),.UNSPECIFIED.,.F.,
  .F.,(2,2),(4.712388980385,6.28318530718),.PIECEWISE_BEZIER_KNOTS.);
#2607 = CARTESIAN_POINT('',(1.570796326795,5.09E+03));
#2608 = CARTESIAN_POINT('',(0.,5.09E+03));
#2609 = ( GEOMETRIC_REPRESENTATION_CONTEXT(2) 
PARAMETRIC_REPRESENTATION_CONTEXT() REPRESENTATION_CONTEXT('2D SPACE',''
  ) );
#2610 = PCURVE('',#2611,#2616);
#2611 = SPHERICAL_SURFACE('',#2612,110.);
#2612 = AXIS2_PLACEMENT_3D('',#2613,#2614,#2615);
#2613 = CARTESIAN_POINT('',(2.49E+03,-1.19E+03,-20.));
#2614 = DIRECTION('',(0.,0.,1.));
#2615 = DIRECTION('',(1.,0.,-0.));
#2616 = DEFINITIONAL_REPRESENTATION('',(#2617),#2620);
#2617 = B_SPLINE_CURVE_WITH_KNOTS('',1,(#2618,#2619),.UNSPECIFIED.,.F.,
  .F.,(2,2),(4.712388980385,6.28318530718),.PIECEWISE_BEZIER_KNOTS.);
#2618 = CARTESIAN_POINT('',(-1.570796326795,-1.570796326795));
#2619 = CARTESIAN_POINT('',(-1.570796326795,0.));
#2620 = ( GEOMETRIC_REPRESENTATION_CONTEXT(2) 
PARAMETRIC_REPRESENTATION_CONTEXT() REPRESENTATION_CONTEXT('2D SPACE',''
  ) );
#2621 = ORIENTED_EDGE('',*,*,#577,.F.);
#2622 = ADVANCED_FACE('',(#2623),#510,.T.);
#2623 = FACE_BOUND('',#2624,.F.);
#2624 = EDGE_LOOP('',(#2625,#2626,#2627,#2652));
#2625 = ORIENTED_EDGE('',*,*,#496,.F.);
#2626 = ORIENTED_EDGE('',*,*,#1152,.T.);
#2627 = ORIENTED_EDGE('',*,*,#2628,.T.);
#2628 = EDGE_CURVE('',#1153,#527,#2629,.T.);
#2629 = SURFACE_CURVE('',#2630,(#2635,#2641),.PCURVE_S1.);
#2630 = CIRCLE('',#2631,110.);
#2631 = AXIS2_PLACEMENT_3D('',#2632,#2633,#2634);
#2632 = CARTESIAN_POINT('',(2.49E+03,-1.19E+03,20.));
#2633 = DIRECTION('',(1.,6.123233995737E-17,0.));
#2634 = DIRECTION('',(6.123233995737E-17,-1.,0.));
#2635 = PCURVE('',#510,#2636);
#2636 = DEFINITIONAL_REPRESENTATION('',(#2637),#2640);
#2637 = B_SPLINE_CURVE_WITH_KNOTS('',1,(#2638,#2639),.UNSPECIFIED.,.F.,
  .F.,(2,2),(4.712388980385,6.28318530718),.PIECEWISE_BEZIER_KNOTS.);
#2638 = CARTESIAN_POINT('',(-1.570796326795,5.09E+03));
#2639 = CARTESIAN_POINT('',(0.,5.09E+03));
#2640 = ( GEOMETRIC_REPRESENTATION_CONTEXT(2) 
PARAMETRIC_REPRESENTATION_CONTEXT() REPRESENTATION_CONTEXT('2D SPACE',''
  ) );
#2641 = PCURVE('',#2642,#2647);
#2642 = SPHERICAL_SURFACE('',#2643,110.);
#2643 = AXIS2_PLACEMENT_3D('',#2644,#2645,#2646);
#2644 = CARTESIAN_POINT('',(2.49E+03,-1.19E+03,20.));
#2645 = DIRECTION('',(-0.,-0.,-1.));
#2646 = DIRECTION('',(1.,0.,0.));
#2647 = DEFINITIONAL_REPRESENTATION('',(#2648),#2651);
#2648 = B_SPLINE_CURVE_WITH_KNOTS('',1,(#2649,#2650),.UNSPECIFIED.,.F.,
  .F.,(2,2),(4.712388980385,6.28318530718),.PIECEWISE_BEZIER_KNOTS.);
#2649 = CARTESIAN_POINT('',(1.570796326795,-1.570796326795));
#2650 = CARTESIAN_POINT('',(1.570796326795,0.));
#2651 = ( GEOMETRIC_REPRESENTATION_CONTEXT(2) 
PARAMETRIC_REPRESENTATION_CONTEXT() REPRESENTATION_CONTEXT('2D SPACE',''
  ) );
#2652 = ORIENTED_EDGE('',*,*,#526,.F.);
#2653 = ADVANCED_FACE('',(#2654),#565,.T.);
#2654 = FACE_BOUND('',#2655,.F.);
#2655 = EDGE_LOOP('',(#2656,#2686,#2708,#2709));
#2656 = ORIENTED_EDGE('',*,*,#2657,.F.);
#2657 = EDGE_CURVE('',#2658,#2660,#2662,.T.);
#2658 = VERTEX_POINT('',#2659);
#2659 = CARTESIAN_POINT('',(2.6E+03,-1.19E+03,-20.));
#2660 = VERTEX_POINT('',#2661);
#2661 = CARTESIAN_POINT('',(2.6E+03,-1.19E+03,20.));
#2662 = SURFACE_CURVE('',#2663,(#2667,#2674),.PCURVE_S1.);
#2663 = LINE('',#2664,#2665);
#2664 = CARTESIAN_POINT('',(2.6E+03,-1.19E+03,-130.));
#2665 = VECTOR('',#2666,1.);
#2666 = DIRECTION('',(0.,0.,1.));
#2667 = PCURVE('',#565,#2668);
#2668 = DEFINITIONAL_REPRESENTATION('',(#2669),#2673);
#2669 = LINE('',#2670,#2671);
#2670 = CARTESIAN_POINT('',(-0.,0.));
#2671 = VECTOR('',#2672,1.);
#2672 = DIRECTION('',(-0.,1.));
#2673 = ( GEOMETRIC_REPRESENTATION_CONTEXT(2) 
PARAMETRIC_REPRESENTATION_CONTEXT() REPRESENTATION_CONTEXT('2D SPACE',''
  ) );
#2674 = PCURVE('',#2675,#2680);
#2675 = PLANE('',#2676);
#2676 = AXIS2_PLACEMENT_3D('',#2677,#2678,#2679);
#2677 = CARTESIAN_POINT('',(2.6E+03,-1.3E+03,-130.));
#2678 = DIRECTION('',(1.,0.,0.));
#2679 = DIRECTION('',(0.,0.,1.));
#2680 = DEFINITIONAL_REPRESENTATION('',(#2681),#2685);
#2681 = LINE('',#2682,#2683);
#2682 = CARTESIAN_POINT('',(0.,-110.));
#2683 = VECTOR('',#2684,1.);
#2684 = DIRECTION('',(1.,0.));
#2685 = ( GEOMETRIC_REPRESENTATION_CONTEXT(2) 
PARAMETRIC_REPRESENTATION_CONTEXT() REPRESENTATION_CONTEXT('2D SPACE',''
  ) );
#2686 = ORIENTED_EDGE('',*,*,#2687,.T.);
#2687 = EDGE_CURVE('',#2658,#550,#2688,.T.);
#2688 = SURFACE_CURVE('',#2689,(#2694,#2701),.PCURVE_S1.);
#2689 = CIRCLE('',#2690,110.);
#2690 = AXIS2_PLACEMENT_3D('',#2691,#2692,#2693);
#2691 = CARTESIAN_POINT('',(2.49E+03,-1.19E+03,-20.));
#2692 = DIRECTION('',(0.,-0.,-1.));
#2693 = DIRECTION('',(1.,0.,-0.));
#2694 = PCURVE('',#565,#2695);
#2695 = DEFINITIONAL_REPRESENTATION('',(#2696),#2700);
#2696 = LINE('',#2697,#2698);
#2697 = CARTESIAN_POINT('',(-0.,110.));
#2698 = VECTOR('',#2699,1.);
#2699 = DIRECTION('',(-1.,0.));
#2700 = ( GEOMETRIC_REPRESENTATION_CONTEXT(2) 
PARAMETRIC_REPRESENTATION_CONTEXT() REPRESENTATION_CONTEXT('2D SPACE',''
  ) );
#2701 = PCURVE('',#2611,#2702);
#2702 = DEFINITIONAL_REPRESENTATION('',(#2703),#2707);
#2703 = LINE('',#2704,#2705);
#2704 = CARTESIAN_POINT('',(-0.,0.));
#2705 = VECTOR('',#2706,1.);
#2706 = DIRECTION('',(-1.,0.));
#2707 = ( GEOMETRIC_REPRESENTATION_CONTEXT(2) 
PARAMETRIC_REPRESENTATION_CONTEXT() REPRESENTATION_CONTEXT('2D SPACE',''
  ) );
#2708 = ORIENTED_EDGE('',*,*,#549,.T.);
#2709 = ORIENTED_EDGE('',*,*,#2710,.F.);
#2710 = EDGE_CURVE('',#2660,#527,#2711,.T.);
#2711 = SURFACE_CURVE('',#2712,(#2717,#2724),.PCURVE_S1.);
#2712 = CIRCLE('',#2713,110.);
#2713 = AXIS2_PLACEMENT_3D('',#2714,#2715,#2716);
#2714 = CARTESIAN_POINT('',(2.49E+03,-1.19E+03,20.));
#2715 = DIRECTION('',(0.,0.,-1.));
#2716 = DIRECTION('',(1.,0.,0.));
#2717 = PCURVE('',#565,#2718);
#2718 = DEFINITIONAL_REPRESENTATION('',(#2719),#2723);
#2719 = LINE('',#2720,#2721);
#2720 = CARTESIAN_POINT('',(-0.,150.));
#2721 = VECTOR('',#2722,1.);
#2722 = DIRECTION('',(-1.,0.));
#2723 = ( GEOMETRIC_REPRESENTATION_CONTEXT(2) 
PARAMETRIC_REPRESENTATION_CONTEXT() REPRESENTATION_CONTEXT('2D SPACE',''
  ) );
#2724 = PCURVE('',#2642,#2725);
#2725 = DEFINITIONAL_REPRESENTATION('',(#2726),#2730);
#2726 = LINE('',#2727,#2728);
#2727 = CARTESIAN_POINT('',(0.,0.));
#2728 = VECTOR('',#2729,1.);
#2729 = DIRECTION('',(1.,0.));
#2730 = ( GEOMETRIC_REPRESENTATION_CONTEXT(2) 
PARAMETRIC_REPRESENTATION_CONTEXT() REPRESENTATION_CONTEXT('2D SPACE',''
  ) );
#2731 = ADVANCED_FACE('',(#2732),#667,.T.);
#2732 = FACE_BOUND('',#2733,.F.);
#2733 = EDGE_LOOP('',(#2734,#2735,#2736,#2761));
#2734 = ORIENTED_EDGE('',*,*,#1127,.F.);
#2735 = ORIENTED_EDGE('',*,*,#653,.T.);
#2736 = ORIENTED_EDGE('',*,*,#2737,.T.);
#2737 = EDGE_CURVE('',#626,#2544,#2738,.T.);
#2738 = SURFACE_CURVE('',#2739,(#2744,#2750),.PCURVE_S1.);
#2739 = CIRCLE('',#2740,110.);
#2740 = AXIS2_PLACEMENT_3D('',#2741,#2742,#2743);
#2741 = CARTESIAN_POINT('',(2.49E+03,1.19E+03,-20.));
#2742 = DIRECTION('',(1.,-6.123233995737E-17,0.));
#2743 = DIRECTION('',(6.123233995737E-17,1.,0.));
#2744 = PCURVE('',#667,#2745);
#2745 = DEFINITIONAL_REPRESENTATION('',(#2746),#2749);
#2746 = B_SPLINE_CURVE_WITH_KNOTS('',1,(#2747,#2748),.UNSPECIFIED.,.F.,
  .F.,(2,2),(4.712388980385,6.28318530718),.PIECEWISE_BEZIER_KNOTS.);
#2747 = CARTESIAN_POINT('',(-1.570796326795,5.09E+03));
#2748 = CARTESIAN_POINT('',(0.,5.09E+03));
#2749 = ( GEOMETRIC_REPRESENTATION_CONTEXT(2) 
PARAMETRIC_REPRESENTATION_CONTEXT() REPRESENTATION_CONTEXT('2D SPACE',''
  ) );
#2750 = PCURVE('',#2751,#2756);
#2751 = SPHERICAL_SURFACE('',#2752,110.);
#2752 = AXIS2_PLACEMENT_3D('',#2753,#2754,#2755);
#2753 = CARTESIAN_POINT('',(2.49E+03,1.19E+03,-20.));
#2754 = DIRECTION('',(0.,0.,1.));
#2755 = DIRECTION('',(1.,0.,-0.));
#2756 = DEFINITIONAL_REPRESENTATION('',(#2757),#2760);
#2757 = B_SPLINE_CURVE_WITH_KNOTS('',1,(#2758,#2759),.UNSPECIFIED.,.F.,
  .F.,(2,2),(4.712388980385,6.28318530718),.PIECEWISE_BEZIER_KNOTS.);
#2758 = CARTESIAN_POINT('',(1.570796326795,-1.570796326795));
#2759 = CARTESIAN_POINT('',(1.570796326795,0.));
#2760 = ( GEOMETRIC_REPRESENTATION_CONTEXT(2) 
PARAMETRIC_REPRESENTATION_CONTEXT() REPRESENTATION_CONTEXT('2D SPACE',''
  ) );
#2761 = ORIENTED_EDGE('',*,*,#2571,.F.);
#2762 = ADVANCED_FACE('',(#2763),#641,.T.);
#2763 = FACE_BOUND('',#2764,.T.);
#2764 = EDGE_LOOP('',(#2765,#2785,#2786,#2808));
#2765 = ORIENTED_EDGE('',*,*,#2766,.F.);
#2766 = EDGE_CURVE('',#603,#2658,#2767,.T.);
#2767 = SURFACE_CURVE('',#2768,(#2773,#2779),.PCURVE_S1.);
#2768 = CIRCLE('',#2769,110.);
#2769 = AXIS2_PLACEMENT_3D('',#2770,#2771,#2772);
#2770 = CARTESIAN_POINT('',(2.49E+03,-1.19E+03,-20.));
#2771 = DIRECTION('',(0.,-1.,0.));
#2772 = DIRECTION('',(1.,0.,0.));
#2773 = PCURVE('',#641,#2774);
#2774 = DEFINITIONAL_REPRESENTATION('',(#2775),#2778);
#2775 = B_SPLINE_CURVE_WITH_KNOTS('',1,(#2776,#2777),.UNSPECIFIED.,.F.,
  .F.,(2,2),(4.712388980385,6.28318530718),.PIECEWISE_BEZIER_KNOTS.);
#2776 = CARTESIAN_POINT('',(1.570796326795,110.));
#2777 = CARTESIAN_POINT('',(0.,110.));
#2778 = ( GEOMETRIC_REPRESENTATION_CONTEXT(2) 
PARAMETRIC_REPRESENTATION_CONTEXT() REPRESENTATION_CONTEXT('2D SPACE',''
  ) );
#2779 = PCURVE('',#2611,#2780);
#2780 = DEFINITIONAL_REPRESENTATION('',(#2781),#2784);
#2781 = B_SPLINE_CURVE_WITH_KNOTS('',1,(#2782,#2783),.UNSPECIFIED.,.F.,
  .F.,(2,2),(4.712388980385,6.28318530718),.PIECEWISE_BEZIER_KNOTS.);
#2782 = CARTESIAN_POINT('',(0.,-1.570796326795));
#2783 = CARTESIAN_POINT('',(0.,0.));
#2784 = ( GEOMETRIC_REPRESENTATION_CONTEXT(2) 
PARAMETRIC_REPRESENTATION_CONTEXT() REPRESENTATION_CONTEXT('2D SPACE',''
  ) );
#2785 = ORIENTED_EDGE('',*,*,#625,.T.);
#2786 = ORIENTED_EDGE('',*,*,#2787,.T.);
#2787 = EDGE_CURVE('',#626,#2788,#2790,.T.);
#2788 = VERTEX_POINT('',#2789);
#2789 = CARTESIAN_POINT('',(2.6E+03,1.19E+03,-20.));
#2790 = SURFACE_CURVE('',#2791,(#2796,#2802),.PCURVE_S1.);
#2791 = CIRCLE('',#2792,110.);
#2792 = AXIS2_PLACEMENT_3D('',#2793,#2794,#2795);
#2793 = CARTESIAN_POINT('',(2.49E+03,1.19E+03,-20.));
#2794 = DIRECTION('',(0.,-1.,0.));
#2795 = DIRECTION('',(1.,0.,0.));
#2796 = PCURVE('',#641,#2797);
#2797 = DEFINITIONAL_REPRESENTATION('',(#2798),#2801);
#2798 = B_SPLINE_CURVE_WITH_KNOTS('',1,(#2799,#2800),.UNSPECIFIED.,.F.,
  .F.,(2,2),(4.712388980385,6.28318530718),.PIECEWISE_BEZIER_KNOTS.);
#2799 = CARTESIAN_POINT('',(1.570796326795,2.49E+03));
#2800 = CARTESIAN_POINT('',(0.,2.49E+03));
#2801 = ( GEOMETRIC_REPRESENTATION_CONTEXT(2) 
PARAMETRIC_REPRESENTATION_CONTEXT() REPRESENTATION_CONTEXT('2D SPACE',''
  ) );
#2802 = PCURVE('',#2751,#2803);
#2803 = DEFINITIONAL_REPRESENTATION('',(#2804),#2807);
#2804 = B_SPLINE_CURVE_WITH_KNOTS('',1,(#2805,#2806),.UNSPECIFIED.,.F.,
  .F.,(2,2),(4.712388980385,6.28318530718),.PIECEWISE_BEZIER_KNOTS.);
#2805 = CARTESIAN_POINT('',(0.,-1.570796326795));
#2806 = CARTESIAN_POINT('',(0.,0.));
#2807 = ( GEOMETRIC_REPRESENTATION_CONTEXT(2) 
PARAMETRIC_REPRESENTATION_CONTEXT() REPRESENTATION_CONTEXT('2D SPACE',''
  ) );
#2808 = ORIENTED_EDGE('',*,*,#2809,.F.);
#2809 = EDGE_CURVE('',#2658,#2788,#2810,.T.);
#2810 = SURFACE_CURVE('',#2811,(#2815,#2822),.PCURVE_S1.);
#2811 = LINE('',#2812,#2813);
#2812 = CARTESIAN_POINT('',(2.6E+03,-1.3E+03,-20.));
#2813 = VECTOR('',#2814,1.);
#2814 = DIRECTION('',(0.,1.,0.));
#2815 = PCURVE('',#641,#2816);
#2816 = DEFINITIONAL_REPRESENTATION('',(#2817),#2821);
#2817 = LINE('',#2818,#2819);
#2818 = CARTESIAN_POINT('',(0.,0.));
#2819 = VECTOR('',#2820,1.);
#2820 = DIRECTION('',(0.,1.));
#2821 = ( GEOMETRIC_REPRESENTATION_CONTEXT(2) 
PARAMETRIC_REPRESENTATION_CONTEXT() REPRESENTATION_CONTEXT('2D SPACE',''
  ) );
#2822 = PCURVE('',#2675,#2823);
#2823 = DEFINITIONAL_REPRESENTATION('',(#2824),#2828);
#2824 = LINE('',#2825,#2826);
#2825 = CARTESIAN_POINT('',(110.,0.));
#2826 = VECTOR('',#2827,1.);
#2827 = DIRECTION('',(0.,-1.));
#2828 = ( GEOMETRIC_REPRESENTATION_CONTEXT(2) 
PARAMETRIC_REPRESENTATION_CONTEXT() REPRESENTATION_CONTEXT('2D SPACE',''
  ) );
#2829 = ADVANCED_FACE('',(#2830),#700,.T.);
#2830 = FACE_BOUND('',#2831,.T.);
#2831 = EDGE_LOOP('',(#2832,#2855,#2884,#2905));
#2832 = ORIENTED_EDGE('',*,*,#2833,.F.);
#2833 = EDGE_CURVE('',#2834,#682,#2836,.T.);
#2834 = VERTEX_POINT('',#2835);
#2835 = CARTESIAN_POINT('',(-1.3E+03,-795.,-570.));
#2836 = SURFACE_CURVE('',#2837,(#2841,#2848),.PCURVE_S1.);
#2837 = LINE('',#2838,#2839);
#2838 = CARTESIAN_POINT('',(-1.3E+03,-795.,-625.));
#2839 = VECTOR('',#2840,1.);
#2840 = DIRECTION('',(0.,0.,1.));
#2841 = PCURVE('',#700,#2842);
#2842 = DEFINITIONAL_REPRESENTATION('',(#2843),#2847);
#2843 = LINE('',#2844,#2845);
#2844 = CARTESIAN_POINT('',(0.,0.));
#2845 = VECTOR('',#2846,1.);
#2846 = DIRECTION('',(0.,1.));
#2847 = ( GEOMETRIC_REPRESENTATION_CONTEXT(2) 
PARAMETRIC_REPRESENTATION_CONTEXT() REPRESENTATION_CONTEXT('2D SPACE',''
  ) );
#2848 = PCURVE('',#727,#2849);
#2849 = DEFINITIONAL_REPRESENTATION('',(#2850),#2854);
#2850 = LINE('',#2851,#2852);
#2851 = CARTESIAN_POINT('',(0.,-55.));
#2852 = VECTOR('',#2853,1.);
#2853 = DIRECTION('',(1.,0.));
#2854 = ( GEOMETRIC_REPRESENTATION_CONTEXT(2) 
PARAMETRIC_REPRESENTATION_CONTEXT() REPRESENTATION_CONTEXT('2D SPACE',''
  ) );
#2855 = ORIENTED_EDGE('',*,*,#2856,.T.);
#2856 = EDGE_CURVE('',#2834,#2857,#2859,.T.);
#2857 = VERTEX_POINT('',#2858);
#2858 = CARTESIAN_POINT('',(-1.245E+03,-850.,-570.));
#2859 = SURFACE_CURVE('',#2860,(#2865,#2872),.PCURVE_S1.);
#2860 = CIRCLE('',#2861,55.);
#2861 = AXIS2_PLACEMENT_3D('',#2862,#2863,#2864);
#2862 = CARTESIAN_POINT('',(-1.245E+03,-795.,-570.));
#2863 = DIRECTION('',(0.,0.,1.));
#2864 = DIRECTION('',(-1.,3.229739708E-17,0.));
#2865 = PCURVE('',#700,#2866);
#2866 = DEFINITIONAL_REPRESENTATION('',(#2867),#2871);
#2867 = LINE('',#2868,#2869);
#2868 = CARTESIAN_POINT('',(0.,55.));
#2869 = VECTOR('',#2870,1.);
#2870 = DIRECTION('',(1.,0.));
#2871 = ( GEOMETRIC_REPRESENTATION_CONTEXT(2) 
PARAMETRIC_REPRESENTATION_CONTEXT() REPRESENTATION_CONTEXT('2D SPACE',''
  ) );
#2872 = PCURVE('',#2873,#2878);
#2873 = SPHERICAL_SURFACE('',#2874,55.);
#2874 = AXIS2_PLACEMENT_3D('',#2875,#2876,#2877);
#2875 = CARTESIAN_POINT('',(-1.245E+03,-795.,-570.));
#2876 = DIRECTION('',(0.,0.,1.));
#2877 = DIRECTION('',(-1.,3.229739708E-17,0.));
#2878 = DEFINITIONAL_REPRESENTATION('',(#2879),#2883);
#2879 = LINE('',#2880,#2881);
#2880 = CARTESIAN_POINT('',(0.,0.));
#2881 = VECTOR('',#2882,1.);
#2882 = DIRECTION('',(1.,0.));
#2883 = ( GEOMETRIC_REPRESENTATION_CONTEXT(2) 
PARAMETRIC_REPRESENTATION_CONTEXT() REPRESENTATION_CONTEXT('2D SPACE',''
  ) );
#2884 = ORIENTED_EDGE('',*,*,#2885,.T.);
#2885 = EDGE_CURVE('',#2857,#684,#2886,.T.);
#2886 = SURFACE_CURVE('',#2887,(#2891,#2898),.PCURVE_S1.);
#2887 = LINE('',#2888,#2889);
#2888 = CARTESIAN_POINT('',(-1.245E+03,-850.,-625.));
#2889 = VECTOR('',#2890,1.);
#2890 = DIRECTION('',(0.,0.,1.));
#2891 = PCURVE('',#700,#2892);
#2892 = DEFINITIONAL_REPRESENTATION('',(#2893),#2897);
#2893 = LINE('',#2894,#2895);
#2894 = CARTESIAN_POINT('',(1.570796326795,0.));
#2895 = VECTOR('',#2896,1.);
#2896 = DIRECTION('',(0.,1.));
#2897 = ( GEOMETRIC_REPRESENTATION_CONTEXT(2) 
PARAMETRIC_REPRESENTATION_CONTEXT() REPRESENTATION_CONTEXT('2D SPACE',''
  ) );
#2898 = PCURVE('',#890,#2899);
#2899 = DEFINITIONAL_REPRESENTATION('',(#2900),#2904);
#2900 = LINE('',#2901,#2902);
#2901 = CARTESIAN_POINT('',(0.,55.));
#2902 = VECTOR('',#2903,1.);
#2903 = DIRECTION('',(1.,0.));
#2904 = ( GEOMETRIC_REPRESENTATION_CONTEXT(2) 
PARAMETRIC_REPRESENTATION_CONTEXT() REPRESENTATION_CONTEXT('2D SPACE',''
  ) );
#2905 = ORIENTED_EDGE('',*,*,#681,.F.);
#2906 = ADVANCED_FACE('',(#2907),#890,.F.);
#2907 = FACE_BOUND('',#2908,.F.);
#2908 = EDGE_LOOP('',(#2909,#2937,#2938,#2939));
#2909 = ORIENTED_EDGE('',*,*,#2910,.F.);
#2910 = EDGE_CURVE('',#2857,#2911,#2913,.T.);
#2911 = VERTEX_POINT('',#2912);
#2912 = CARTESIAN_POINT('',(1.245E+03,-850.,-570.));
#2913 = SURFACE_CURVE('',#2914,(#2918,#2925),.PCURVE_S1.);
#2914 = LINE('',#2915,#2916);
#2915 = CARTESIAN_POINT('',(-1.3E+03,-850.,-570.));
#2916 = VECTOR('',#2917,1.);
#2917 = DIRECTION('',(1.,0.,0.));
#2918 = PCURVE('',#890,#2919);
#2919 = DEFINITIONAL_REPRESENTATION('',(#2920),#2924);
#2920 = LINE('',#2921,#2922);
#2921 = CARTESIAN_POINT('',(55.,0.));
#2922 = VECTOR('',#2923,1.);
#2923 = DIRECTION('',(0.,1.));
#2924 = ( GEOMETRIC_REPRESENTATION_CONTEXT(2) 
PARAMETRIC_REPRESENTATION_CONTEXT() REPRESENTATION_CONTEXT('2D SPACE',''
  ) );
#2925 = PCURVE('',#2926,#2931);
#2926 = CYLINDRICAL_SURFACE('',#2927,55.);
#2927 = AXIS2_PLACEMENT_3D('',#2928,#2929,#2930);
#2928 = CARTESIAN_POINT('',(-1.3E+03,-795.,-570.));
#2929 = DIRECTION('',(1.,0.,0.));
#2930 = DIRECTION('',(0.,-1.,0.));
#2931 = DEFINITIONAL_REPRESENTATION('',(#2932),#2936);
#2932 = LINE('',#2933,#2934);
#2933 = CARTESIAN_POINT('',(0.,0.));
#2934 = VECTOR('',#2935,1.);
#2935 = DIRECTION('',(0.,1.));
#2936 = ( GEOMETRIC_REPRESENTATION_CONTEXT(2) 
PARAMETRIC_REPRESENTATION_CONTEXT() REPRESENTATION_CONTEXT('2D SPACE',''
  ) );
#2937 = ORIENTED_EDGE('',*,*,#2885,.T.);
#2938 = ORIENTED_EDGE('',*,*,#877,.F.);
#2939 = ORIENTED_EDGE('',*,*,#2940,.F.);
#2940 = EDGE_CURVE('',#2911,#849,#2941,.T.);
#2941 = SURFACE_CURVE('',#2942,(#2946,#2953),.PCURVE_S1.);
#2942 = LINE('',#2943,#2944);
#2943 = CARTESIAN_POINT('',(1.245E+03,-850.,-625.));
#2944 = VECTOR('',#2945,1.);
#2945 = DIRECTION('',(0.,0.,1.));
#2946 = PCURVE('',#890,#2947);
#2947 = DEFINITIONAL_REPRESENTATION('',(#2948),#2952);
#2948 = LINE('',#2949,#2950);
#2949 = CARTESIAN_POINT('',(0.,2.545E+03));
#2950 = VECTOR('',#2951,1.);
#2951 = DIRECTION('',(1.,0.));
#2952 = ( GEOMETRIC_REPRESENTATION_CONTEXT(2) 
PARAMETRIC_REPRESENTATION_CONTEXT() REPRESENTATION_CONTEXT('2D SPACE',''
  ) );
#2953 = PCURVE('',#865,#2954);
#2954 = DEFINITIONAL_REPRESENTATION('',(#2955),#2959);
#2955 = LINE('',#2956,#2957);
#2956 = CARTESIAN_POINT('',(-1.570796326795,0.));
#2957 = VECTOR('',#2958,1.);
#2958 = DIRECTION('',(-0.,1.));
#2959 = ( GEOMETRIC_REPRESENTATION_CONTEXT(2) 
PARAMETRIC_REPRESENTATION_CONTEXT() REPRESENTATION_CONTEXT('2D SPACE',''
  ) );
#2960 = ADVANCED_FACE('',(#2961),#865,.T.);
#2961 = FACE_BOUND('',#2962,.F.);
#2962 = EDGE_LOOP('',(#2963,#2986,#3013,#3014));
#2963 = ORIENTED_EDGE('',*,*,#2964,.F.);
#2964 = EDGE_CURVE('',#2965,#823,#2967,.T.);
#2965 = VERTEX_POINT('',#2966);
#2966 = CARTESIAN_POINT('',(1.3E+03,-795.,-570.));
#2967 = SURFACE_CURVE('',#2968,(#2972,#2979),.PCURVE_S1.);
#2968 = LINE('',#2969,#2970);
#2969 = CARTESIAN_POINT('',(1.3E+03,-795.,-625.));
#2970 = VECTOR('',#2971,1.);
#2971 = DIRECTION('',(0.,0.,1.));
#2972 = PCURVE('',#865,#2973);
#2973 = DEFINITIONAL_REPRESENTATION('',(#2974),#2978);
#2974 = LINE('',#2975,#2976);
#2975 = CARTESIAN_POINT('',(-0.,0.));
#2976 = VECTOR('',#2977,1.);
#2977 = DIRECTION('',(-0.,1.));
#2978 = ( GEOMETRIC_REPRESENTATION_CONTEXT(2) 
PARAMETRIC_REPRESENTATION_CONTEXT() REPRESENTATION_CONTEXT('2D SPACE',''
  ) );
#2979 = PCURVE('',#837,#2980);
#2980 = DEFINITIONAL_REPRESENTATION('',(#2981),#2985);
#2981 = LINE('',#2982,#2983);
#2982 = CARTESIAN_POINT('',(0.,-55.));
#2983 = VECTOR('',#2984,1.);
#2984 = DIRECTION('',(1.,0.));
#2985 = ( GEOMETRIC_REPRESENTATION_CONTEXT(2) 
PARAMETRIC_REPRESENTATION_CONTEXT() REPRESENTATION_CONTEXT('2D SPACE',''
  ) );
#2986 = ORIENTED_EDGE('',*,*,#2987,.T.);
#2987 = EDGE_CURVE('',#2965,#2911,#2988,.T.);
#2988 = SURFACE_CURVE('',#2989,(#2994,#3001),.PCURVE_S1.);
#2989 = CIRCLE('',#2990,55.);
#2990 = AXIS2_PLACEMENT_3D('',#2991,#2992,#2993);
#2991 = CARTESIAN_POINT('',(1.245E+03,-795.,-570.));
#2992 = DIRECTION('',(0.,-0.,-1.));
#2993 = DIRECTION('',(1.,3.229739708E-17,-0.));
#2994 = PCURVE('',#865,#2995);
#2995 = DEFINITIONAL_REPRESENTATION('',(#2996),#3000);
#2996 = LINE('',#2997,#2998);
#2997 = CARTESIAN_POINT('',(-0.,55.));
#2998 = VECTOR('',#2999,1.);
#2999 = DIRECTION('',(-1.,0.));
#3000 = ( GEOMETRIC_REPRESENTATION_CONTEXT(2) 
PARAMETRIC_REPRESENTATION_CONTEXT() REPRESENTATION_CONTEXT('2D SPACE',''
  ) );
#3001 = PCURVE('',#3002,#3007);
#3002 = SPHERICAL_SURFACE('',#3003,55.);
#3003 = AXIS2_PLACEMENT_3D('',#3004,#3005,#3006);
#3004 = CARTESIAN_POINT('',(1.245E+03,-795.,-570.));
#3005 = DIRECTION('',(0.,0.,1.));
#3006 = DIRECTION('',(1.,3.229739708E-17,-0.));
#3007 = DEFINITIONAL_REPRESENTATION('',(#3008),#3012);
#3008 = LINE('',#3009,#3010);
#3009 = CARTESIAN_POINT('',(-0.,0.));
#3010 = VECTOR('',#3011,1.);
#3011 = DIRECTION('',(-1.,0.));
#3012 = ( GEOMETRIC_REPRESENTATION_CONTEXT(2) 
PARAMETRIC_REPRESENTATION_CONTEXT() REPRESENTATION_CONTEXT('2D SPACE',''
  ) );
#3013 = ORIENTED_EDGE('',*,*,#2940,.T.);
#3014 = ORIENTED_EDGE('',*,*,#848,.T.);
#3015 = ADVANCED_FACE('',(#3016),#837,.T.);
#3016 = FACE_BOUND('',#3017,.T.);
#3017 = EDGE_LOOP('',(#3018,#3019,#3047,#3068));
#3018 = ORIENTED_EDGE('',*,*,#2964,.F.);
#3019 = ORIENTED_EDGE('',*,*,#3020,.T.);
#3020 = EDGE_CURVE('',#2965,#3021,#3023,.T.);
#3021 = VERTEX_POINT('',#3022);
#3022 = CARTESIAN_POINT('',(1.3E+03,-765.,-570.));
#3023 = SURFACE_CURVE('',#3024,(#3028,#3035),.PCURVE_S1.);
#3024 = LINE('',#3025,#3026);
#3025 = CARTESIAN_POINT('',(1.3E+03,-850.,-570.));
#3026 = VECTOR('',#3027,1.);
#3027 = DIRECTION('',(0.,1.,0.));
#3028 = PCURVE('',#837,#3029);
#3029 = DEFINITIONAL_REPRESENTATION('',(#3030),#3034);
#3030 = LINE('',#3031,#3032);
#3031 = CARTESIAN_POINT('',(55.,0.));
#3032 = VECTOR('',#3033,1.);
#3033 = DIRECTION('',(0.,-1.));
#3034 = ( GEOMETRIC_REPRESENTATION_CONTEXT(2) 
PARAMETRIC_REPRESENTATION_CONTEXT() REPRESENTATION_CONTEXT('2D SPACE',''
  ) );
#3035 = PCURVE('',#3036,#3041);
#3036 = CYLINDRICAL_SURFACE('',#3037,55.);
#3037 = AXIS2_PLACEMENT_3D('',#3038,#3039,#3040);
#3038 = CARTESIAN_POINT('',(1.245E+03,-850.,-570.));
#3039 = DIRECTION('',(0.,1.,0.));
#3040 = DIRECTION('',(1.,0.,-0.));
#3041 = DEFINITIONAL_REPRESENTATION('',(#3042),#3046);
#3042 = LINE('',#3043,#3044);
#3043 = CARTESIAN_POINT('',(0.,0.));
#3044 = VECTOR('',#3045,1.);
#3045 = DIRECTION('',(0.,1.));
#3046 = ( GEOMETRIC_REPRESENTATION_CONTEXT(2) 
PARAMETRIC_REPRESENTATION_CONTEXT() REPRESENTATION_CONTEXT('2D SPACE',''
  ) );
#3047 = ORIENTED_EDGE('',*,*,#3048,.T.);
#3048 = EDGE_CURVE('',#3021,#794,#3049,.T.);
#3049 = SURFACE_CURVE('',#3050,(#3054,#3061),.PCURVE_S1.);
#3050 = LINE('',#3051,#3052);
#3051 = CARTESIAN_POINT('',(1.3E+03,-765.,-625.));
#3052 = VECTOR('',#3053,1.);
#3053 = DIRECTION('',(0.,0.,1.));
#3054 = PCURVE('',#837,#3055);
#3055 = DEFINITIONAL_REPRESENTATION('',(#3056),#3060);
#3056 = LINE('',#3057,#3058);
#3057 = CARTESIAN_POINT('',(0.,-85.));
#3058 = VECTOR('',#3059,1.);
#3059 = DIRECTION('',(1.,0.));
#3060 = ( GEOMETRIC_REPRESENTATION_CONTEXT(2) 
PARAMETRIC_REPRESENTATION_CONTEXT() REPRESENTATION_CONTEXT('2D SPACE',''
  ) );
#3061 = PCURVE('',#810,#3062);
#3062 = DEFINITIONAL_REPRESENTATION('',(#3063),#3067);
#3063 = LINE('',#3064,#3065);
#3064 = CARTESIAN_POINT('',(0.,0.));
#3065 = VECTOR('',#3066,1.);
#3066 = DIRECTION('',(0.,1.));
#3067 = ( GEOMETRIC_REPRESENTATION_CONTEXT(2) 
PARAMETRIC_REPRESENTATION_CONTEXT() REPRESENTATION_CONTEXT('2D SPACE',''
  ) );
#3068 = ORIENTED_EDGE('',*,*,#822,.F.);
#3069 = ADVANCED_FACE('',(#3070),#810,.T.);
#3070 = FACE_BOUND('',#3071,.T.);
#3071 = EDGE_LOOP('',(#3072,#3073,#3102,#3123));
#3072 = ORIENTED_EDGE('',*,*,#3048,.F.);
#3073 = ORIENTED_EDGE('',*,*,#3074,.T.);
#3074 = EDGE_CURVE('',#3021,#3075,#3077,.T.);
#3075 = VERTEX_POINT('',#3076);
#3076 = CARTESIAN_POINT('',(1.245E+03,-710.,-570.));
#3077 = SURFACE_CURVE('',#3078,(#3083,#3090),.PCURVE_S1.);
#3078 = CIRCLE('',#3079,55.);
#3079 = AXIS2_PLACEMENT_3D('',#3080,#3081,#3082);
#3080 = CARTESIAN_POINT('',(1.245E+03,-765.,-570.));
#3081 = DIRECTION('',(0.,0.,1.));
#3082 = DIRECTION('',(1.,-3.229739708E-17,0.));
#3083 = PCURVE('',#810,#3084);
#3084 = DEFINITIONAL_REPRESENTATION('',(#3085),#3089);
#3085 = LINE('',#3086,#3087);
#3086 = CARTESIAN_POINT('',(0.,55.));
#3087 = VECTOR('',#3088,1.);
#3088 = DIRECTION('',(1.,0.));
#3089 = ( GEOMETRIC_REPRESENTATION_CONTEXT(2) 
PARAMETRIC_REPRESENTATION_CONTEXT() REPRESENTATION_CONTEXT('2D SPACE',''
  ) );
#3090 = PCURVE('',#3091,#3096);
#3091 = SPHERICAL_SURFACE('',#3092,55.);
#3092 = AXIS2_PLACEMENT_3D('',#3093,#3094,#3095);
#3093 = CARTESIAN_POINT('',(1.245E+03,-765.,-570.));
#3094 = DIRECTION('',(0.,0.,1.));
#3095 = DIRECTION('',(1.,-3.229739708E-17,0.));
#3096 = DEFINITIONAL_REPRESENTATION('',(#3097),#3101);
#3097 = LINE('',#3098,#3099);
#3098 = CARTESIAN_POINT('',(0.,0.));
#3099 = VECTOR('',#3100,1.);
#3100 = DIRECTION('',(1.,0.));
#3101 = ( GEOMETRIC_REPRESENTATION_CONTEXT(2) 
PARAMETRIC_REPRESENTATION_CONTEXT() REPRESENTATION_CONTEXT('2D SPACE',''
  ) );
#3102 = ORIENTED_EDGE('',*,*,#3103,.T.);
#3103 = EDGE_CURVE('',#3075,#768,#3104,.T.);
#3104 = SURFACE_CURVE('',#3105,(#3109,#3116),.PCURVE_S1.);
#3105 = LINE('',#3106,#3107);
#3106 = CARTESIAN_POINT('',(1.245E+03,-710.,-625.));
#3107 = VECTOR('',#3108,1.);
#3108 = DIRECTION('',(0.,0.,1.));
#3109 = PCURVE('',#810,#3110);
#3110 = DEFINITIONAL_REPRESENTATION('',(#3111),#3115);
#3111 = LINE('',#3112,#3113);
#3112 = CARTESIAN_POINT('',(1.570796326795,0.));
#3113 = VECTOR('',#3114,1.);
#3114 = DIRECTION('',(0.,1.));
#3115 = ( GEOMETRIC_REPRESENTATION_CONTEXT(2) 
PARAMETRIC_REPRESENTATION_CONTEXT() REPRESENTATION_CONTEXT('2D SPACE',''
  ) );
#3116 = PCURVE('',#782,#3117);
#3117 = DEFINITIONAL_REPRESENTATION('',(#3118),#3122);
#3118 = LINE('',#3119,#3120);
#3119 = CARTESIAN_POINT('',(0.,2.545E+03));
#3120 = VECTOR('',#3121,1.);
#3121 = DIRECTION('',(1.,0.));
#3122 = ( GEOMETRIC_REPRESENTATION_CONTEXT(2) 
PARAMETRIC_REPRESENTATION_CONTEXT() REPRESENTATION_CONTEXT('2D SPACE',''
  ) );
#3123 = ORIENTED_EDGE('',*,*,#793,.F.);
#3124 = ADVANCED_FACE('',(#3125),#782,.T.);
#3125 = FACE_BOUND('',#3126,.T.);
#3126 = EDGE_LOOP('',(#3127,#3155,#3176,#3177));
#3127 = ORIENTED_EDGE('',*,*,#3128,.F.);
#3128 = EDGE_CURVE('',#3129,#3075,#3131,.T.);
#3129 = VERTEX_POINT('',#3130);
#3130 = CARTESIAN_POINT('',(-1.245E+03,-710.,-570.));
#3131 = SURFACE_CURVE('',#3132,(#3136,#3143),.PCURVE_S1.);
#3132 = LINE('',#3133,#3134);
#3133 = CARTESIAN_POINT('',(-1.3E+03,-710.,-570.));
#3134 = VECTOR('',#3135,1.);
#3135 = DIRECTION('',(1.,0.,0.));
#3136 = PCURVE('',#782,#3137);
#3137 = DEFINITIONAL_REPRESENTATION('',(#3138),#3142);
#3138 = LINE('',#3139,#3140);
#3139 = CARTESIAN_POINT('',(55.,0.));
#3140 = VECTOR('',#3141,1.);
#3141 = DIRECTION('',(0.,1.));
#3142 = ( GEOMETRIC_REPRESENTATION_CONTEXT(2) 
PARAMETRIC_REPRESENTATION_CONTEXT() REPRESENTATION_CONTEXT('2D SPACE',''
  ) );
#3143 = PCURVE('',#3144,#3149);
#3144 = CYLINDRICAL_SURFACE('',#3145,55.);
#3145 = AXIS2_PLACEMENT_3D('',#3146,#3147,#3148);
#3146 = CARTESIAN_POINT('',(-1.3E+03,-765.,-570.));
#3147 = DIRECTION('',(1.,0.,0.));
#3148 = DIRECTION('',(-0.,1.,0.));
#3149 = DEFINITIONAL_REPRESENTATION('',(#3150),#3154);
#3150 = LINE('',#3151,#3152);
#3151 = CARTESIAN_POINT('',(-0.,0.));
#3152 = VECTOR('',#3153,1.);
#3153 = DIRECTION('',(-0.,1.));
#3154 = ( GEOMETRIC_REPRESENTATION_CONTEXT(2) 
PARAMETRIC_REPRESENTATION_CONTEXT() REPRESENTATION_CONTEXT('2D SPACE',''
  ) );
#3155 = ORIENTED_EDGE('',*,*,#3156,.T.);
#3156 = EDGE_CURVE('',#3129,#739,#3157,.T.);
#3157 = SURFACE_CURVE('',#3158,(#3162,#3169),.PCURVE_S1.);
#3158 = LINE('',#3159,#3160);
#3159 = CARTESIAN_POINT('',(-1.245E+03,-710.,-625.));
#3160 = VECTOR('',#3161,1.);
#3161 = DIRECTION('',(0.,0.,1.));
#3162 = PCURVE('',#782,#3163);
#3163 = DEFINITIONAL_REPRESENTATION('',(#3164),#3168);
#3164 = LINE('',#3165,#3166);
#3165 = CARTESIAN_POINT('',(0.,55.));
#3166 = VECTOR('',#3167,1.);
#3167 = DIRECTION('',(1.,0.));
#3168 = ( GEOMETRIC_REPRESENTATION_CONTEXT(2) 
PARAMETRIC_REPRESENTATION_CONTEXT() REPRESENTATION_CONTEXT('2D SPACE',''
  ) );
#3169 = PCURVE('',#755,#3170);
#3170 = DEFINITIONAL_REPRESENTATION('',(#3171),#3175);
#3171 = LINE('',#3172,#3173);
#3172 = CARTESIAN_POINT('',(-1.570796326795,0.));
#3173 = VECTOR('',#3174,1.);
#3174 = DIRECTION('',(-0.,1.));
#3175 = ( GEOMETRIC_REPRESENTATION_CONTEXT(2) 
PARAMETRIC_REPRESENTATION_CONTEXT() REPRESENTATION_CONTEXT('2D SPACE',''
  ) );
#3176 = ORIENTED_EDGE('',*,*,#767,.F.);
#3177 = ORIENTED_EDGE('',*,*,#3103,.F.);
#3178 = ADVANCED_FACE('',(#3179),#755,.T.);
#3179 = FACE_BOUND('',#3180,.F.);
#3180 = EDGE_LOOP('',(#3181,#3204,#3231,#3232));
#3181 = ORIENTED_EDGE('',*,*,#3182,.F.);
#3182 = EDGE_CURVE('',#3183,#713,#3185,.T.);
#3183 = VERTEX_POINT('',#3184);
#3184 = CARTESIAN_POINT('',(-1.3E+03,-765.,-570.));
#3185 = SURFACE_CURVE('',#3186,(#3190,#3197),.PCURVE_S1.);
#3186 = LINE('',#3187,#3188);
#3187 = CARTESIAN_POINT('',(-1.3E+03,-765.,-625.));
#3188 = VECTOR('',#3189,1.);
#3189 = DIRECTION('',(0.,0.,1.));
#3190 = PCURVE('',#755,#3191);
#3191 = DEFINITIONAL_REPRESENTATION('',(#3192),#3196);
#3192 = LINE('',#3193,#3194);
#3193 = CARTESIAN_POINT('',(-0.,0.));
#3194 = VECTOR('',#3195,1.);
#3195 = DIRECTION('',(-0.,1.));
#3196 = ( GEOMETRIC_REPRESENTATION_CONTEXT(2) 
PARAMETRIC_REPRESENTATION_CONTEXT() REPRESENTATION_CONTEXT('2D SPACE',''
  ) );
#3197 = PCURVE('',#727,#3198);
#3198 = DEFINITIONAL_REPRESENTATION('',(#3199),#3203);
#3199 = LINE('',#3200,#3201);
#3200 = CARTESIAN_POINT('',(0.,-85.));
#3201 = VECTOR('',#3202,1.);
#3202 = DIRECTION('',(1.,0.));
#3203 = ( GEOMETRIC_REPRESENTATION_CONTEXT(2) 
PARAMETRIC_REPRESENTATION_CONTEXT() REPRESENTATION_CONTEXT('2D SPACE',''
  ) );
#3204 = ORIENTED_EDGE('',*,*,#3205,.T.);
#3205 = EDGE_CURVE('',#3183,#3129,#3206,.T.);
#3206 = SURFACE_CURVE('',#3207,(#3212,#3219),.PCURVE_S1.);
#3207 = CIRCLE('',#3208,55.);
#3208 = AXIS2_PLACEMENT_3D('',#3209,#3210,#3211);
#3209 = CARTESIAN_POINT('',(-1.245E+03,-765.,-570.));
#3210 = DIRECTION('',(-0.,0.,-1.));
#3211 = DIRECTION('',(-1.,-3.229739708E-17,0.));
#3212 = PCURVE('',#755,#3213);
#3213 = DEFINITIONAL_REPRESENTATION('',(#3214),#3218);
#3214 = LINE('',#3215,#3216);
#3215 = CARTESIAN_POINT('',(-0.,55.));
#3216 = VECTOR('',#3217,1.);
#3217 = DIRECTION('',(-1.,0.));
#3218 = ( GEOMETRIC_REPRESENTATION_CONTEXT(2) 
PARAMETRIC_REPRESENTATION_CONTEXT() REPRESENTATION_CONTEXT('2D SPACE',''
  ) );
#3219 = PCURVE('',#3220,#3225);
#3220 = SPHERICAL_SURFACE('',#3221,55.);
#3221 = AXIS2_PLACEMENT_3D('',#3222,#3223,#3224);
#3222 = CARTESIAN_POINT('',(-1.245E+03,-765.,-570.));
#3223 = DIRECTION('',(0.,0.,1.));
#3224 = DIRECTION('',(-1.,-3.229739708E-17,0.));
#3225 = DEFINITIONAL_REPRESENTATION('',(#3226),#3230);
#3226 = LINE('',#3227,#3228);
#3227 = CARTESIAN_POINT('',(-0.,0.));
#3228 = VECTOR('',#3229,1.);
#3229 = DIRECTION('',(-1.,0.));
#3230 = ( GEOMETRIC_REPRESENTATION_CONTEXT(2) 
PARAMETRIC_REPRESENTATION_CONTEXT() REPRESENTATION_CONTEXT('2D SPACE',''
  ) );
#3231 = ORIENTED_EDGE('',*,*,#3156,.T.);
#3232 = ORIENTED_EDGE('',*,*,#738,.T.);
#3233 = ADVANCED_FACE('',(#3234),#727,.F.);
#3234 = FACE_BOUND('',#3235,.F.);
#3235 = EDGE_LOOP('',(#3236,#3237,#3263,#3264));
#3236 = ORIENTED_EDGE('',*,*,#2833,.F.);
#3237 = ORIENTED_EDGE('',*,*,#3238,.T.);
#3238 = EDGE_CURVE('',#2834,#3183,#3239,.T.);
#3239 = SURFACE_CURVE('',#3240,(#3244,#3251),.PCURVE_S1.);
#3240 = LINE('',#3241,#3242);
#3241 = CARTESIAN_POINT('',(-1.3E+03,-850.,-570.));
#3242 = VECTOR('',#3243,1.);
#3243 = DIRECTION('',(0.,1.,0.));
#3244 = PCURVE('',#727,#3245);
#3245 = DEFINITIONAL_REPRESENTATION('',(#3246),#3250);
#3246 = LINE('',#3247,#3248);
#3247 = CARTESIAN_POINT('',(55.,0.));
#3248 = VECTOR('',#3249,1.);
#3249 = DIRECTION('',(0.,-1.));
#3250 = ( GEOMETRIC_REPRESENTATION_CONTEXT(2) 
PARAMETRIC_REPRESENTATION_CONTEXT() REPRESENTATION_CONTEXT('2D SPACE',''
  ) );
#3251 = PCURVE('',#3252,#3257);
#3252 = CYLINDRICAL_SURFACE('',#3253,55.);
#3253 = AXIS2_PLACEMENT_3D('',#3254,#3255,#3256);
#3254 = CARTESIAN_POINT('',(-1.245E+03,-850.,-570.));
#3255 = DIRECTION('',(0.,1.,0.));
#3256 = DIRECTION('',(-1.,0.,0.));
#3257 = DEFINITIONAL_REPRESENTATION('',(#3258),#3262);
#3258 = LINE('',#3259,#3260);
#3259 = CARTESIAN_POINT('',(-0.,0.));
#3260 = VECTOR('',#3261,1.);
#3261 = DIRECTION('',(-0.,1.));
#3262 = ( GEOMETRIC_REPRESENTATION_CONTEXT(2) 
PARAMETRIC_REPRESENTATION_CONTEXT() REPRESENTATION_CONTEXT('2D SPACE',''
  ) );
#3263 = ORIENTED_EDGE('',*,*,#3182,.T.);
#3264 = ORIENTED_EDGE('',*,*,#712,.F.);
#3265 = ADVANCED_FACE('',(#3266),#922,.T.);
#3266 = FACE_BOUND('',#3267,.T.);
#3267 = EDGE_LOOP('',(#3268,#3291,#3320,#3341));
#3268 = ORIENTED_EDGE('',*,*,#3269,.F.);
#3269 = EDGE_CURVE('',#3270,#904,#3272,.T.);
#3270 = VERTEX_POINT('',#3271);
#3271 = CARTESIAN_POINT('',(-1.3E+03,765.,-570.));
#3272 = SURFACE_CURVE('',#3273,(#3277,#3284),.PCURVE_S1.);
#3273 = LINE('',#3274,#3275);
#3274 = CARTESIAN_POINT('',(-1.3E+03,765.,-625.));
#3275 = VECTOR('',#3276,1.);
#3276 = DIRECTION('',(0.,0.,1.));
#3277 = PCURVE('',#922,#3278);
#3278 = DEFINITIONAL_REPRESENTATION('',(#3279),#3283);
#3279 = LINE('',#3280,#3281);
#3280 = CARTESIAN_POINT('',(0.,0.));
#3281 = VECTOR('',#3282,1.);
#3282 = DIRECTION('',(0.,1.));
#3283 = ( GEOMETRIC_REPRESENTATION_CONTEXT(2) 
PARAMETRIC_REPRESENTATION_CONTEXT() REPRESENTATION_CONTEXT('2D SPACE',''
  ) );
#3284 = PCURVE('',#949,#3285);
#3285 = DEFINITIONAL_REPRESENTATION('',(#3286),#3290);
#3286 = LINE('',#3287,#3288);
#3287 = CARTESIAN_POINT('',(0.,-55.));
#3288 = VECTOR('',#3289,1.);
#3289 = DIRECTION('',(1.,0.));
#3290 = ( GEOMETRIC_REPRESENTATION_CONTEXT(2) 
PARAMETRIC_REPRESENTATION_CONTEXT() REPRESENTATION_CONTEXT('2D SPACE',''
  ) );
#3291 = ORIENTED_EDGE('',*,*,#3292,.T.);
#3292 = EDGE_CURVE('',#3270,#3293,#3295,.T.);
#3293 = VERTEX_POINT('',#3294);
#3294 = CARTESIAN_POINT('',(-1.245E+03,710.,-570.));
#3295 = SURFACE_CURVE('',#3296,(#3301,#3308),.PCURVE_S1.);
#3296 = CIRCLE('',#3297,55.);
#3297 = AXIS2_PLACEMENT_3D('',#3298,#3299,#3300);
#3298 = CARTESIAN_POINT('',(-1.245E+03,765.,-570.));
#3299 = DIRECTION('',(0.,0.,1.));
#3300 = DIRECTION('',(-1.,3.229739708E-17,0.));
#3301 = PCURVE('',#922,#3302);
#3302 = DEFINITIONAL_REPRESENTATION('',(#3303),#3307);
#3303 = LINE('',#3304,#3305);
#3304 = CARTESIAN_POINT('',(0.,55.));
#3305 = VECTOR('',#3306,1.);
#3306 = DIRECTION('',(1.,0.));
#3307 = ( GEOMETRIC_REPRESENTATION_CONTEXT(2) 
PARAMETRIC_REPRESENTATION_CONTEXT() REPRESENTATION_CONTEXT('2D SPACE',''
  ) );
#3308 = PCURVE('',#3309,#3314);
#3309 = SPHERICAL_SURFACE('',#3310,55.);
#3310 = AXIS2_PLACEMENT_3D('',#3311,#3312,#3313);
#3311 = CARTESIAN_POINT('',(-1.245E+03,765.,-570.));
#3312 = DIRECTION('',(0.,0.,1.));
#3313 = DIRECTION('',(-1.,3.229739708E-17,0.));
#3314 = DEFINITIONAL_REPRESENTATION('',(#3315),#3319);
#3315 = LINE('',#3316,#3317);
#3316 = CARTESIAN_POINT('',(0.,0.));
#3317 = VECTOR('',#3318,1.);
#3318 = DIRECTION('',(1.,0.));
#3319 = ( GEOMETRIC_REPRESENTATION_CONTEXT(2) 
PARAMETRIC_REPRESENTATION_CONTEXT() REPRESENTATION_CONTEXT('2D SPACE',''
  ) );
#3320 = ORIENTED_EDGE('',*,*,#3321,.T.);
#3321 = EDGE_CURVE('',#3293,#906,#3322,.T.);
#3322 = SURFACE_CURVE('',#3323,(#3327,#3334),.PCURVE_S1.);
#3323 = LINE('',#3324,#3325);
#3324 = CARTESIAN_POINT('',(-1.245E+03,710.,-625.));
#3325 = VECTOR('',#3326,1.);
#3326 = DIRECTION('',(0.,0.,1.));
#3327 = PCURVE('',#922,#3328);
#3328 = DEFINITIONAL_REPRESENTATION('',(#3329),#3333);
#3329 = LINE('',#3330,#3331);
#3330 = CARTESIAN_POINT('',(1.570796326795,0.));
#3331 = VECTOR('',#3332,1.);
#3332 = DIRECTION('',(0.,1.));
#3333 = ( GEOMETRIC_REPRESENTATION_CONTEXT(2) 
PARAMETRIC_REPRESENTATION_CONTEXT() REPRESENTATION_CONTEXT('2D SPACE',''
  ) );
#3334 = PCURVE('',#1112,#3335);
#3335 = DEFINITIONAL_REPRESENTATION('',(#3336),#3340);
#3336 = LINE('',#3337,#3338);
#3337 = CARTESIAN_POINT('',(0.,55.));
#3338 = VECTOR('',#3339,1.);
#3339 = DIRECTION('',(1.,0.));
#3340 = ( GEOMETRIC_REPRESENTATION_CONTEXT(2) 
PARAMETRIC_REPRESENTATION_CONTEXT() REPRESENTATION_CONTEXT('2D SPACE',''
  ) );
#3341 = ORIENTED_EDGE('',*,*,#903,.F.);
#3342 = ADVANCED_FACE('',(#3343),#1112,.F.);
#3343 = FACE_BOUND('',#3344,.F.);
#3344 = EDGE_LOOP('',(#3345,#3373,#3374,#3375));
#3345 = ORIENTED_EDGE('',*,*,#3346,.F.);
#3346 = EDGE_CURVE('',#3293,#3347,#3349,.T.);
#3347 = VERTEX_POINT('',#3348);
#3348 = CARTESIAN_POINT('',(1.245E+03,710.,-570.));
#3349 = SURFACE_CURVE('',#3350,(#3354,#3361),.PCURVE_S1.);
#3350 = LINE('',#3351,#3352);
#3351 = CARTESIAN_POINT('',(-1.3E+03,710.,-570.));
#3352 = VECTOR('',#3353,1.);
#3353 = DIRECTION('',(1.,0.,0.));
#3354 = PCURVE('',#1112,#3355);
#3355 = DEFINITIONAL_REPRESENTATION('',(#3356),#3360);
#3356 = LINE('',#3357,#3358);
#3357 = CARTESIAN_POINT('',(55.,0.));
#3358 = VECTOR('',#3359,1.);
#3359 = DIRECTION('',(0.,1.));
#3360 = ( GEOMETRIC_REPRESENTATION_CONTEXT(2) 
PARAMETRIC_REPRESENTATION_CONTEXT() REPRESENTATION_CONTEXT('2D SPACE',''
  ) );
#3361 = PCURVE('',#3362,#3367);
#3362 = CYLINDRICAL_SURFACE('',#3363,55.);
#3363 = AXIS2_PLACEMENT_3D('',#3364,#3365,#3366);
#3364 = CARTESIAN_POINT('',(-1.3E+03,765.,-570.));
#3365 = DIRECTION('',(1.,0.,0.));
#3366 = DIRECTION('',(0.,-1.,0.));
#3367 = DEFINITIONAL_REPRESENTATION('',(#3368),#3372);
#3368 = LINE('',#3369,#3370);
#3369 = CARTESIAN_POINT('',(0.,0.));
#3370 = VECTOR('',#3371,1.);
#3371 = DIRECTION('',(0.,1.));
#3372 = ( GEOMETRIC_REPRESENTATION_CONTEXT(2) 
PARAMETRIC_REPRESENTATION_CONTEXT() REPRESENTATION_CONTEXT('2D SPACE',''
  ) );
#3373 = ORIENTED_EDGE('',*,*,#3321,.T.);
#3374 = ORIENTED_EDGE('',*,*,#1099,.F.);
#3375 = ORIENTED_EDGE('',*,*,#3376,.F.);
#3376 = EDGE_CURVE('',#3347,#1071,#3377,.T.);
#3377 = SURFACE_CURVE('',#3378,(#3382,#3389),.PCURVE_S1.);
#3378 = LINE('',#3379,#3380);
#3379 = CARTESIAN_POINT('',(1.245E+03,710.,-625.));
#3380 = VECTOR('',#3381,1.);
#3381 = DIRECTION('',(0.,0.,1.));
#3382 = PCURVE('',#1112,#3383);
#3383 = DEFINITIONAL_REPRESENTATION('',(#3384),#3388);
#3384 = LINE('',#3385,#3386);
#3385 = CARTESIAN_POINT('',(0.,2.545E+03));
#3386 = VECTOR('',#3387,1.);
#3387 = DIRECTION('',(1.,0.));
#3388 = ( GEOMETRIC_REPRESENTATION_CONTEXT(2) 
PARAMETRIC_REPRESENTATION_CONTEXT() REPRESENTATION_CONTEXT('2D SPACE',''
  ) );
#3389 = PCURVE('',#1087,#3390);
#3390 = DEFINITIONAL_REPRESENTATION('',(#3391),#3395);
#3391 = LINE('',#3392,#3393);
#3392 = CARTESIAN_POINT('',(-1.570796326795,0.));
#3393 = VECTOR('',#3394,1.);
#3394 = DIRECTION('',(-0.,1.));
#3395 = ( GEOMETRIC_REPRESENTATION_CONTEXT(2) 
PARAMETRIC_REPRESENTATION_CONTEXT() REPRESENTATION_CONTEXT('2D SPACE',''
  ) );
#3396 = ADVANCED_FACE('',(#3397),#1087,.T.);
#3397 = FACE_BOUND('',#3398,.F.);
#3398 = EDGE_LOOP('',(#3399,#3422,#3449,#3450));
#3399 = ORIENTED_EDGE('',*,*,#3400,.F.);
#3400 = EDGE_CURVE('',#3401,#1045,#3403,.T.);
#3401 = VERTEX_POINT('',#3402);
#3402 = CARTESIAN_POINT('',(1.3E+03,765.,-570.));
#3403 = SURFACE_CURVE('',#3404,(#3408,#3415),.PCURVE_S1.);
#3404 = LINE('',#3405,#3406);
#3405 = CARTESIAN_POINT('',(1.3E+03,765.,-625.));
#3406 = VECTOR('',#3407,1.);
#3407 = DIRECTION('',(0.,0.,1.));
#3408 = PCURVE('',#1087,#3409);
#3409 = DEFINITIONAL_REPRESENTATION('',(#3410),#3414);
#3410 = LINE('',#3411,#3412);
#3411 = CARTESIAN_POINT('',(-0.,0.));
#3412 = VECTOR('',#3413,1.);
#3413 = DIRECTION('',(-0.,1.));
#3414 = ( GEOMETRIC_REPRESENTATION_CONTEXT(2) 
PARAMETRIC_REPRESENTATION_CONTEXT() REPRESENTATION_CONTEXT('2D SPACE',''
  ) );
#3415 = PCURVE('',#1059,#3416);
#3416 = DEFINITIONAL_REPRESENTATION('',(#3417),#3421);
#3417 = LINE('',#3418,#3419);
#3418 = CARTESIAN_POINT('',(0.,-55.));
#3419 = VECTOR('',#3420,1.);
#3420 = DIRECTION('',(1.,0.));
#3421 = ( GEOMETRIC_REPRESENTATION_CONTEXT(2) 
PARAMETRIC_REPRESENTATION_CONTEXT() REPRESENTATION_CONTEXT('2D SPACE',''
  ) );
#3422 = ORIENTED_EDGE('',*,*,#3423,.T.);
#3423 = EDGE_CURVE('',#3401,#3347,#3424,.T.);
#3424 = SURFACE_CURVE('',#3425,(#3430,#3437),.PCURVE_S1.);
#3425 = CIRCLE('',#3426,55.);
#3426 = AXIS2_PLACEMENT_3D('',#3427,#3428,#3429);
#3427 = CARTESIAN_POINT('',(1.245E+03,765.,-570.));
#3428 = DIRECTION('',(0.,-0.,-1.));
#3429 = DIRECTION('',(1.,3.229739708E-17,-0.));
#3430 = PCURVE('',#1087,#3431);
#3431 = DEFINITIONAL_REPRESENTATION('',(#3432),#3436);
#3432 = LINE('',#3433,#3434);
#3433 = CARTESIAN_POINT('',(-0.,55.));
#3434 = VECTOR('',#3435,1.);
#3435 = DIRECTION('',(-1.,0.));
#3436 = ( GEOMETRIC_REPRESENTATION_CONTEXT(2) 
PARAMETRIC_REPRESENTATION_CONTEXT() REPRESENTATION_CONTEXT('2D SPACE',''
  ) );
#3437 = PCURVE('',#3438,#3443);
#3438 = SPHERICAL_SURFACE('',#3439,55.);
#3439 = AXIS2_PLACEMENT_3D('',#3440,#3441,#3442);
#3440 = CARTESIAN_POINT('',(1.245E+03,765.,-570.));
#3441 = DIRECTION('',(0.,0.,1.));
#3442 = DIRECTION('',(1.,3.229739708E-17,-0.));
#3443 = DEFINITIONAL_REPRESENTATION('',(#3444),#3448);
#3444 = LINE('',#3445,#3446);
#3445 = CARTESIAN_POINT('',(-0.,0.));
#3446 = VECTOR('',#3447,1.);
#3447 = DIRECTION('',(-1.,0.));
#3448 = ( GEOMETRIC_REPRESENTATION_CONTEXT(2) 
PARAMETRIC_REPRESENTATION_CONTEXT() REPRESENTATION_CONTEXT('2D SPACE',''
  ) );
#3449 = ORIENTED_EDGE('',*,*,#3376,.T.);
#3450 = ORIENTED_EDGE('',*,*,#1070,.T.);
#3451 = ADVANCED_FACE('',(#3452),#1059,.T.);
#3452 = FACE_BOUND('',#3453,.T.);
#3453 = EDGE_LOOP('',(#3454,#3455,#3483,#3504));
#3454 = ORIENTED_EDGE('',*,*,#3400,.F.);
#3455 = ORIENTED_EDGE('',*,*,#3456,.T.);
#3456 = EDGE_CURVE('',#3401,#3457,#3459,.T.);
#3457 = VERTEX_POINT('',#3458);
#3458 = CARTESIAN_POINT('',(1.3E+03,795.,-570.));
#3459 = SURFACE_CURVE('',#3460,(#3464,#3471),.PCURVE_S1.);
#3460 = LINE('',#3461,#3462);
#3461 = CARTESIAN_POINT('',(1.3E+03,710.,-570.));
#3462 = VECTOR('',#3463,1.);
#3463 = DIRECTION('',(0.,1.,0.));
#3464 = PCURVE('',#1059,#3465);
#3465 = DEFINITIONAL_REPRESENTATION('',(#3466),#3470);
#3466 = LINE('',#3467,#3468);
#3467 = CARTESIAN_POINT('',(55.,0.));
#3468 = VECTOR('',#3469,1.);
#3469 = DIRECTION('',(0.,-1.));
#3470 = ( GEOMETRIC_REPRESENTATION_CONTEXT(2) 
PARAMETRIC_REPRESENTATION_CONTEXT() REPRESENTATION_CONTEXT('2D SPACE',''
  ) );
#3471 = PCURVE('',#3472,#3477);
#3472 = CYLINDRICAL_SURFACE('',#3473,55.);
#3473 = AXIS2_PLACEMENT_3D('',#3474,#3475,#3476);
#3474 = CARTESIAN_POINT('',(1.245E+03,710.,-570.));
#3475 = DIRECTION('',(0.,1.,0.));
#3476 = DIRECTION('',(1.,0.,-0.));
#3477 = DEFINITIONAL_REPRESENTATION('',(#3478),#3482);
#3478 = LINE('',#3479,#3480);
#3479 = CARTESIAN_POINT('',(0.,0.));
#3480 = VECTOR('',#3481,1.);
#3481 = DIRECTION('',(0.,1.));
#3482 = ( GEOMETRIC_REPRESENTATION_CONTEXT(2) 
PARAMETRIC_REPRESENTATION_CONTEXT() REPRESENTATION_CONTEXT('2D SPACE',''
  ) );
#3483 = ORIENTED_EDGE('',*,*,#3484,.T.);
#3484 = EDGE_CURVE('',#3457,#1016,#3485,.T.);
#3485 = SURFACE_CURVE('',#3486,(#3490,#3497),.PCURVE_S1.);
#3486 = LINE('',#3487,#3488);
#3487 = CARTESIAN_POINT('',(1.3E+03,795.,-625.));
#3488 = VECTOR('',#3489,1.);
#3489 = DIRECTION('',(0.,0.,1.));
#3490 = PCURVE('',#1059,#3491);
#3491 = DEFINITIONAL_REPRESENTATION('',(#3492),#3496);
#3492 = LINE('',#3493,#3494);
#3493 = CARTESIAN_POINT('',(0.,-85.));
#3494 = VECTOR('',#3495,1.);
#3495 = DIRECTION('',(1.,0.));
#3496 = ( GEOMETRIC_REPRESENTATION_CONTEXT(2) 
PARAMETRIC_REPRESENTATION_CONTEXT() REPRESENTATION_CONTEXT('2D SPACE',''
  ) );
#3497 = PCURVE('',#1032,#3498);
#3498 = DEFINITIONAL_REPRESENTATION('',(#3499),#3503);
#3499 = LINE('',#3500,#3501);
#3500 = CARTESIAN_POINT('',(0.,0.));
#3501 = VECTOR('',#3502,1.);
#3502 = DIRECTION('',(0.,1.));
#3503 = ( GEOMETRIC_REPRESENTATION_CONTEXT(2) 
PARAMETRIC_REPRESENTATION_CONTEXT() REPRESENTATION_CONTEXT('2D SPACE',''
  ) );
#3504 = ORIENTED_EDGE('',*,*,#1044,.F.);
#3505 = ADVANCED_FACE('',(#3506),#1032,.T.);
#3506 = FACE_BOUND('',#3507,.T.);
#3507 = EDGE_LOOP('',(#3508,#3509,#3538,#3559));
#3508 = ORIENTED_EDGE('',*,*,#3484,.F.);
#3509 = ORIENTED_EDGE('',*,*,#3510,.T.);
#3510 = EDGE_CURVE('',#3457,#3511,#3513,.T.);
#3511 = VERTEX_POINT('',#3512);
#3512 = CARTESIAN_POINT('',(1.245E+03,850.,-570.));
#3513 = SURFACE_CURVE('',#3514,(#3519,#3526),.PCURVE_S1.);
#3514 = CIRCLE('',#3515,55.);
#3515 = AXIS2_PLACEMENT_3D('',#3516,#3517,#3518);
#3516 = CARTESIAN_POINT('',(1.245E+03,795.,-570.));
#3517 = DIRECTION('',(0.,0.,1.));
#3518 = DIRECTION('',(1.,-3.229739708E-17,0.));
#3519 = PCURVE('',#1032,#3520);
#3520 = DEFINITIONAL_REPRESENTATION('',(#3521),#3525);
#3521 = LINE('',#3522,#3523);
#3522 = CARTESIAN_POINT('',(0.,55.));
#3523 = VECTOR('',#3524,1.);
#3524 = DIRECTION('',(1.,0.));
#3525 = ( GEOMETRIC_REPRESENTATION_CONTEXT(2) 
PARAMETRIC_REPRESENTATION_CONTEXT() REPRESENTATION_CONTEXT('2D SPACE',''
  ) );
#3526 = PCURVE('',#3527,#3532);
#3527 = SPHERICAL_SURFACE('',#3528,55.);
#3528 = AXIS2_PLACEMENT_3D('',#3529,#3530,#3531);
#3529 = CARTESIAN_POINT('',(1.245E+03,795.,-570.));
#3530 = DIRECTION('',(0.,0.,1.));
#3531 = DIRECTION('',(1.,-3.229739708E-17,0.));
#3532 = DEFINITIONAL_REPRESENTATION('',(#3533),#3537);
#3533 = LINE('',#3534,#3535);
#3534 = CARTESIAN_POINT('',(0.,0.));
#3535 = VECTOR('',#3536,1.);
#3536 = DIRECTION('',(1.,0.));
#3537 = ( GEOMETRIC_REPRESENTATION_CONTEXT(2) 
PARAMETRIC_REPRESENTATION_CONTEXT() REPRESENTATION_CONTEXT('2D SPACE',''
  ) );
#3538 = ORIENTED_EDGE('',*,*,#3539,.T.);
#3539 = EDGE_CURVE('',#3511,#990,#3540,.T.);
#3540 = SURFACE_CURVE('',#3541,(#3545,#3552),.PCURVE_S1.);
#3541 = LINE('',#3542,#3543);
#3542 = CARTESIAN_POINT('',(1.245E+03,850.,-625.));
#3543 = VECTOR('',#3544,1.);
#3544 = DIRECTION('',(0.,0.,1.));
#3545 = PCURVE('',#1032,#3546);
#3546 = DEFINITIONAL_REPRESENTATION('',(#3547),#3551);
#3547 = LINE('',#3548,#3549);
#3548 = CARTESIAN_POINT('',(1.570796326795,0.));
#3549 = VECTOR('',#3550,1.);
#3550 = DIRECTION('',(0.,1.));
#3551 = ( GEOMETRIC_REPRESENTATION_CONTEXT(2) 
PARAMETRIC_REPRESENTATION_CONTEXT() REPRESENTATION_CONTEXT('2D SPACE',''
  ) );
#3552 = PCURVE('',#1004,#3553);
#3553 = DEFINITIONAL_REPRESENTATION('',(#3554),#3558);
#3554 = LINE('',#3555,#3556);
#3555 = CARTESIAN_POINT('',(0.,2.545E+03));
#3556 = VECTOR('',#3557,1.);
#3557 = DIRECTION('',(1.,0.));
#3558 = ( GEOMETRIC_REPRESENTATION_CONTEXT(2) 
PARAMETRIC_REPRESENTATION_CONTEXT() REPRESENTATION_CONTEXT('2D SPACE',''
  ) );
#3559 = ORIENTED_EDGE('',*,*,#1015,.F.);
#3560 = ADVANCED_FACE('',(#3561),#1004,.T.);
#3561 = FACE_BOUND('',#3562,.T.);
#3562 = EDGE_LOOP('',(#3563,#3591,#3612,#3613));
#3563 = ORIENTED_EDGE('',*,*,#3564,.F.);
#3564 = EDGE_CURVE('',#3565,#3511,#3567,.T.);
#3565 = VERTEX_POINT('',#3566);
#3566 = CARTESIAN_POINT('',(-1.245E+03,850.,-570.));
#3567 = SURFACE_CURVE('',#3568,(#3572,#3579),.PCURVE_S1.);
#3568 = LINE('',#3569,#3570);
#3569 = CARTESIAN_POINT('',(-1.3E+03,850.,-570.));
#3570 = VECTOR('',#3571,1.);
#3571 = DIRECTION('',(1.,0.,0.));
#3572 = PCURVE('',#1004,#3573);
#3573 = DEFINITIONAL_REPRESENTATION('',(#3574),#3578);
#3574 = LINE('',#3575,#3576);
#3575 = CARTESIAN_POINT('',(55.,0.));
#3576 = VECTOR('',#3577,1.);
#3577 = DIRECTION('',(0.,1.));
#3578 = ( GEOMETRIC_REPRESENTATION_CONTEXT(2) 
PARAMETRIC_REPRESENTATION_CONTEXT() REPRESENTATION_CONTEXT('2D SPACE',''
  ) );
#3579 = PCURVE('',#3580,#3585);
#3580 = CYLINDRICAL_SURFACE('',#3581,55.);
#3581 = AXIS2_PLACEMENT_3D('',#3582,#3583,#3584);
#3582 = CARTESIAN_POINT('',(-1.3E+03,795.,-570.));
#3583 = DIRECTION('',(1.,0.,0.));
#3584 = DIRECTION('',(-0.,1.,0.));
#3585 = DEFINITIONAL_REPRESENTATION('',(#3586),#3590);
#3586 = LINE('',#3587,#3588);
#3587 = CARTESIAN_POINT('',(-0.,0.));
#3588 = VECTOR('',#3589,1.);
#3589 = DIRECTION('',(-0.,1.));
#3590 = ( GEOMETRIC_REPRESENTATION_CONTEXT(2) 
PARAMETRIC_REPRESENTATION_CONTEXT() REPRESENTATION_CONTEXT('2D SPACE',''
  ) );
#3591 = ORIENTED_EDGE('',*,*,#3592,.T.);
#3592 = EDGE_CURVE('',#3565,#961,#3593,.T.);
#3593 = SURFACE_CURVE('',#3594,(#3598,#3605),.PCURVE_S1.);
#3594 = LINE('',#3595,#3596);
#3595 = CARTESIAN_POINT('',(-1.245E+03,850.,-625.));
#3596 = VECTOR('',#3597,1.);
#3597 = DIRECTION('',(0.,0.,1.));
#3598 = PCURVE('',#1004,#3599);
#3599 = DEFINITIONAL_REPRESENTATION('',(#3600),#3604);
#3600 = LINE('',#3601,#3602);
#3601 = CARTESIAN_POINT('',(0.,55.));
#3602 = VECTOR('',#3603,1.);
#3603 = DIRECTION('',(1.,0.));
#3604 = ( GEOMETRIC_REPRESENTATION_CONTEXT(2) 
PARAMETRIC_REPRESENTATION_CONTEXT() REPRESENTATION_CONTEXT('2D SPACE',''
  ) );
#3605 = PCURVE('',#977,#3606);
#3606 = DEFINITIONAL_REPRESENTATION('',(#3607),#3611);
#3607 = LINE('',#3608,#3609);
#3608 = CARTESIAN_POINT('',(-1.570796326795,0.));
#3609 = VECTOR('',#3610,1.);
#3610 = DIRECTION('',(-0.,1.));
#3611 = ( GEOMETRIC_REPRESENTATION_CONTEXT(2) 
PARAMETRIC_REPRESENTATION_CONTEXT() REPRESENTATION_CONTEXT('2D SPACE',''
  ) );
#3612 = ORIENTED_EDGE('',*,*,#989,.F.);
#3613 = ORIENTED_EDGE('',*,*,#3539,.F.);
#3614 = ADVANCED_FACE('',(#3615),#977,.T.);
#3615 = FACE_BOUND('',#3616,.F.);
#3616 = EDGE_LOOP('',(#3617,#3640,#3667,#3668));
#3617 = ORIENTED_EDGE('',*,*,#3618,.F.);
#3618 = EDGE_CURVE('',#3619,#935,#3621,.T.);
#3619 = VERTEX_POINT('',#3620);
#3620 = CARTESIAN_POINT('',(-1.3E+03,795.,-570.));
#3621 = SURFACE_CURVE('',#3622,(#3626,#3633),.PCURVE_S1.);
#3622 = LINE('',#3623,#3624);
#3623 = CARTESIAN_POINT('',(-1.3E+03,795.,-625.));
#3624 = VECTOR('',#3625,1.);
#3625 = DIRECTION('',(0.,0.,1.));
#3626 = PCURVE('',#977,#3627);
#3627 = DEFINITIONAL_REPRESENTATION('',(#3628),#3632);
#3628 = LINE('',#3629,#3630);
#3629 = CARTESIAN_POINT('',(-0.,0.));
#3630 = VECTOR('',#3631,1.);
#3631 = DIRECTION('',(-0.,1.));
#3632 = ( GEOMETRIC_REPRESENTATION_CONTEXT(2) 
PARAMETRIC_REPRESENTATION_CONTEXT() REPRESENTATION_CONTEXT('2D SPACE',''
  ) );
#3633 = PCURVE('',#949,#3634);
#3634 = DEFINITIONAL_REPRESENTATION('',(#3635),#3639);
#3635 = LINE('',#3636,#3637);
#3636 = CARTESIAN_POINT('',(0.,-85.));
#3637 = VECTOR('',#3638,1.);
#3638 = DIRECTION('',(1.,0.));
#3639 = ( GEOMETRIC_REPRESENTATION_CONTEXT(2) 
PARAMETRIC_REPRESENTATION_CONTEXT() REPRESENTATION_CONTEXT('2D SPACE',''
  ) );
#3640 = ORIENTED_EDGE('',*,*,#3641,.T.);
#3641 = EDGE_CURVE('',#3619,#3565,#3642,.T.);
#3642 = SURFACE_CURVE('',#3643,(#3648,#3655),.PCURVE_S1.);
#3643 = CIRCLE('',#3644,55.);
#3644 = AXIS2_PLACEMENT_3D('',#3645,#3646,#3647);
#3645 = CARTESIAN_POINT('',(-1.245E+03,795.,-570.));
#3646 = DIRECTION('',(-0.,0.,-1.));
#3647 = DIRECTION('',(-1.,-3.229739708E-17,0.));
#3648 = PCURVE('',#977,#3649);
#3649 = DEFINITIONAL_REPRESENTATION('',(#3650),#3654);
#3650 = LINE('',#3651,#3652);
#3651 = CARTESIAN_POINT('',(-0.,55.));
#3652 = VECTOR('',#3653,1.);
#3653 = DIRECTION('',(-1.,0.));
#3654 = ( GEOMETRIC_REPRESENTATION_CONTEXT(2) 
PARAMETRIC_REPRESENTATION_CONTEXT() REPRESENTATION_CONTEXT('2D SPACE',''
  ) );
#3655 = PCURVE('',#3656,#3661);
#3656 = SPHERICAL_SURFACE('',#3657,55.);
#3657 = AXIS2_PLACEMENT_3D('',#3658,#3659,#3660);
#3658 = CARTESIAN_POINT('',(-1.245E+03,795.,-570.));
#3659 = DIRECTION('',(0.,0.,1.));
#3660 = DIRECTION('',(-1.,-3.229739708E-17,0.));
#3661 = DEFINITIONAL_REPRESENTATION('',(#3662),#3666);
#3662 = LINE('',#3663,#3664);
#3663 = CARTESIAN_POINT('',(-0.,0.));
#3664 = VECTOR('',#3665,1.);
#3665 = DIRECTION('',(-1.,0.));
#3666 = ( GEOMETRIC_REPRESENTATION_CONTEXT(2) 
PARAMETRIC_REPRESENTATION_CONTEXT() REPRESENTATION_CONTEXT('2D SPACE',''
  ) );
#3667 = ORIENTED_EDGE('',*,*,#3592,.T.);
#3668 = ORIENTED_EDGE('',*,*,#960,.T.);
#3669 = ADVANCED_FACE('',(#3670),#949,.F.);
#3670 = FACE_BOUND('',#3671,.F.);
#3671 = EDGE_LOOP('',(#3672,#3673,#3699,#3700));
#3672 = ORIENTED_EDGE('',*,*,#3269,.F.);
#3673 = ORIENTED_EDGE('',*,*,#3674,.T.);
#3674 = EDGE_CURVE('',#3270,#3619,#3675,.T.);
#3675 = SURFACE_CURVE('',#3676,(#3680,#3687),.PCURVE_S1.);
#3676 = LINE('',#3677,#3678);
#3677 = CARTESIAN_POINT('',(-1.3E+03,710.,-570.));
#3678 = VECTOR('',#3679,1.);
#3679 = DIRECTION('',(0.,1.,0.));
#3680 = PCURVE('',#949,#3681);
#3681 = DEFINITIONAL_REPRESENTATION('',(#3682),#3686);
#3682 = LINE('',#3683,#3684);
#3683 = CARTESIAN_POINT('',(55.,0.));
#3684 = VECTOR('',#3685,1.);
#3685 = DIRECTION('',(0.,-1.));
#3686 = ( GEOMETRIC_REPRESENTATION_CONTEXT(2) 
PARAMETRIC_REPRESENTATION_CONTEXT() REPRESENTATION_CONTEXT('2D SPACE',''
  ) );
#3687 = PCURVE('',#3688,#3693);
#3688 = CYLINDRICAL_SURFACE('',#3689,55.);
#3689 = AXIS2_PLACEMENT_3D('',#3690,#3691,#3692);
#3690 = CARTESIAN_POINT('',(-1.245E+03,710.,-570.));
#3691 = DIRECTION('',(0.,1.,0.));
#3692 = DIRECTION('',(-1.,0.,0.));
#3693 = DEFINITIONAL_REPRESENTATION('',(#3694),#3698);
#3694 = LINE('',#3695,#3696);
#3695 = CARTESIAN_POINT('',(-0.,0.));
#3696 = VECTOR('',#3697,1.);
#3697 = DIRECTION('',(-0.,1.));
#3698 = ( GEOMETRIC_REPRESENTATION_CONTEXT(2) 
PARAMETRIC_REPRESENTATION_CONTEXT() REPRESENTATION_CONTEXT('2D SPACE',''
  ) );
#3699 = ORIENTED_EDGE('',*,*,#3618,.T.);
#3700 = ORIENTED_EDGE('',*,*,#934,.F.);
#3701 = ADVANCED_FACE('',(#3702),#1217,.T.);
#3702 = FACE_BOUND('',#3703,.T.);
#3703 = EDGE_LOOP('',(#3704,#3705,#3706,#3731));
#3704 = ORIENTED_EDGE('',*,*,#2495,.T.);
#3705 = ORIENTED_EDGE('',*,*,#1203,.T.);
#3706 = ORIENTED_EDGE('',*,*,#3707,.F.);
#3707 = EDGE_CURVE('',#2521,#1176,#3708,.T.);
#3708 = SURFACE_CURVE('',#3709,(#3714,#3720),.PCURVE_S1.);
#3709 = CIRCLE('',#3710,110.);
#3710 = AXIS2_PLACEMENT_3D('',#3711,#3712,#3713);
#3711 = CARTESIAN_POINT('',(2.49E+03,1.19E+03,20.));
#3712 = DIRECTION('',(1.,0.,-9.352973703737E-17));
#3713 = DIRECTION('',(9.352973703737E-17,0.,1.));
#3714 = PCURVE('',#1217,#3715);
#3715 = DEFINITIONAL_REPRESENTATION('',(#3716),#3719);
#3716 = B_SPLINE_CURVE_WITH_KNOTS('',1,(#3717,#3718),.UNSPECIFIED.,.F.,
  .F.,(2,2),(4.712388980385,6.28318530718),.PIECEWISE_BEZIER_KNOTS.);
#3717 = CARTESIAN_POINT('',(0.,5.09E+03));
#3718 = CARTESIAN_POINT('',(1.570796326795,5.09E+03));
#3719 = ( GEOMETRIC_REPRESENTATION_CONTEXT(2) 
PARAMETRIC_REPRESENTATION_CONTEXT() REPRESENTATION_CONTEXT('2D SPACE',''
  ) );
#3720 = PCURVE('',#3721,#3726);
#3721 = SPHERICAL_SURFACE('',#3722,110.);
#3722 = AXIS2_PLACEMENT_3D('',#3723,#3724,#3725);
#3723 = CARTESIAN_POINT('',(2.49E+03,1.19E+03,20.));
#3724 = DIRECTION('',(-0.,-1.,-0.));
#3725 = DIRECTION('',(1.,0.,-3.229739708E-17));
#3726 = DEFINITIONAL_REPRESENTATION('',(#3727),#3730);
#3727 = B_SPLINE_CURVE_WITH_KNOTS('',1,(#3728,#3729),.UNSPECIFIED.,.F.,
  .F.,(2,2),(4.712388980385,6.28318530718),.PIECEWISE_BEZIER_KNOTS.);
#3728 = CARTESIAN_POINT('',(1.570796326795,-1.570796326795));
#3729 = CARTESIAN_POINT('',(1.570796326795,0.));
#3730 = ( GEOMETRIC_REPRESENTATION_CONTEXT(2) 
PARAMETRIC_REPRESENTATION_CONTEXT() REPRESENTATION_CONTEXT('2D SPACE',''
  ) );
#3731 = ORIENTED_EDGE('',*,*,#2520,.F.);
#3732 = ADVANCED_FACE('',(#3733),#1191,.T.);
#3733 = FACE_BOUND('',#3734,.F.);
#3734 = EDGE_LOOP('',(#3735,#3755,#3756,#3780));
#3735 = ORIENTED_EDGE('',*,*,#3736,.F.);
#3736 = EDGE_CURVE('',#1153,#2660,#3737,.T.);
#3737 = SURFACE_CURVE('',#3738,(#3743,#3749),.PCURVE_S1.);
#3738 = CIRCLE('',#3739,110.);
#3739 = AXIS2_PLACEMENT_3D('',#3740,#3741,#3742);
#3740 = CARTESIAN_POINT('',(2.49E+03,-1.19E+03,20.));
#3741 = DIRECTION('',(-0.,1.,0.));
#3742 = DIRECTION('',(1.,0.,0.));
#3743 = PCURVE('',#1191,#3744);
#3744 = DEFINITIONAL_REPRESENTATION('',(#3745),#3748);
#3745 = B_SPLINE_CURVE_WITH_KNOTS('',1,(#3746,#3747),.UNSPECIFIED.,.F.,
  .F.,(2,2),(4.712388980385,6.28318530718),.PIECEWISE_BEZIER_KNOTS.);
#3746 = CARTESIAN_POINT('',(-1.570796326795,110.));
#3747 = CARTESIAN_POINT('',(0.,110.));
#3748 = ( GEOMETRIC_REPRESENTATION_CONTEXT(2) 
PARAMETRIC_REPRESENTATION_CONTEXT() REPRESENTATION_CONTEXT('2D SPACE',''
  ) );
#3749 = PCURVE('',#2642,#3750);
#3750 = DEFINITIONAL_REPRESENTATION('',(#3751),#3754);
#3751 = B_SPLINE_CURVE_WITH_KNOTS('',1,(#3752,#3753),.UNSPECIFIED.,.F.,
  .F.,(2,2),(4.712388980385,6.28318530718),.PIECEWISE_BEZIER_KNOTS.);
#3752 = CARTESIAN_POINT('',(0.,-1.570796326795));
#3753 = CARTESIAN_POINT('',(0.,0.));
#3754 = ( GEOMETRIC_REPRESENTATION_CONTEXT(2) 
PARAMETRIC_REPRESENTATION_CONTEXT() REPRESENTATION_CONTEXT('2D SPACE',''
  ) );
#3755 = ORIENTED_EDGE('',*,*,#1175,.T.);
#3756 = ORIENTED_EDGE('',*,*,#3757,.F.);
#3757 = EDGE_CURVE('',#3758,#1176,#3760,.T.);
#3758 = VERTEX_POINT('',#3759);
#3759 = CARTESIAN_POINT('',(2.6E+03,1.19E+03,20.));
#3760 = SURFACE_CURVE('',#3761,(#3766,#3773),.PCURVE_S1.);
#3761 = CIRCLE('',#3762,110.);
#3762 = AXIS2_PLACEMENT_3D('',#3763,#3764,#3765);
#3763 = CARTESIAN_POINT('',(2.49E+03,1.19E+03,20.));
#3764 = DIRECTION('',(0.,-1.,-0.));
#3765 = DIRECTION('',(1.,0.,-3.229739708E-17));
#3766 = PCURVE('',#1191,#3767);
#3767 = DEFINITIONAL_REPRESENTATION('',(#3768),#3772);
#3768 = LINE('',#3769,#3770);
#3769 = CARTESIAN_POINT('',(-0.,2.49E+03));
#3770 = VECTOR('',#3771,1.);
#3771 = DIRECTION('',(-1.,0.));
#3772 = ( GEOMETRIC_REPRESENTATION_CONTEXT(2) 
PARAMETRIC_REPRESENTATION_CONTEXT() REPRESENTATION_CONTEXT('2D SPACE',''
  ) );
#3773 = PCURVE('',#3721,#3774);
#3774 = DEFINITIONAL_REPRESENTATION('',(#3775),#3779);
#3775 = LINE('',#3776,#3777);
#3776 = CARTESIAN_POINT('',(0.,0.));
#3777 = VECTOR('',#3778,1.);
#3778 = DIRECTION('',(1.,0.));
#3779 = ( GEOMETRIC_REPRESENTATION_CONTEXT(2) 
PARAMETRIC_REPRESENTATION_CONTEXT() REPRESENTATION_CONTEXT('2D SPACE',''
  ) );
#3780 = ORIENTED_EDGE('',*,*,#3781,.F.);
#3781 = EDGE_CURVE('',#2660,#3758,#3782,.T.);
#3782 = SURFACE_CURVE('',#3783,(#3787,#3794),.PCURVE_S1.);
#3783 = LINE('',#3784,#3785);
#3784 = CARTESIAN_POINT('',(2.6E+03,-1.3E+03,20.));
#3785 = VECTOR('',#3786,1.);
#3786 = DIRECTION('',(0.,1.,0.));
#3787 = PCURVE('',#1191,#3788);
#3788 = DEFINITIONAL_REPRESENTATION('',(#3789),#3793);
#3789 = LINE('',#3790,#3791);
#3790 = CARTESIAN_POINT('',(-0.,0.));
#3791 = VECTOR('',#3792,1.);
#3792 = DIRECTION('',(-0.,1.));
#3793 = ( GEOMETRIC_REPRESENTATION_CONTEXT(2) 
PARAMETRIC_REPRESENTATION_CONTEXT() REPRESENTATION_CONTEXT('2D SPACE',''
  ) );
#3794 = PCURVE('',#2675,#3795);
#3795 = DEFINITIONAL_REPRESENTATION('',(#3796),#3800);
#3796 = LINE('',#3797,#3798);
#3797 = CARTESIAN_POINT('',(150.,0.));
#3798 = VECTOR('',#3799,1.);
#3799 = DIRECTION('',(0.,-1.));
#3800 = ( GEOMETRIC_REPRESENTATION_CONTEXT(2) 
PARAMETRIC_REPRESENTATION_CONTEXT() REPRESENTATION_CONTEXT('2D SPACE',''
  ) );
#3801 = ADVANCED_FACE('',(#3802),#1248,.T.);
#3802 = FACE_BOUND('',#3803,.T.);
#3803 = EDGE_LOOP('',(#3804,#3826));
#3804 = ORIENTED_EDGE('',*,*,#3805,.T.);
#3805 = EDGE_CURVE('',#1234,#1232,#3806,.T.);
#3806 = SURFACE_CURVE('',#3807,(#3812,#3819),.PCURVE_S1.);
#3807 = CIRCLE('',#3808,230.);
#3808 = AXIS2_PLACEMENT_3D('',#3809,#3810,#3811);
#3809 = CARTESIAN_POINT('',(1.8E+03,-870.,240.));
#3810 = DIRECTION('',(1.,0.,0.));
#3811 = DIRECTION('',(0.,0.878217820727,-0.478260869565));
#3812 = PCURVE('',#1248,#3813);
#3813 = DEFINITIONAL_REPRESENTATION('',(#3814),#3818);
#3814 = CIRCLE('',#3815,230.);
#3815 = AXIS2_PLACEMENT_2D('',#3816,#3817);
#3816 = CARTESIAN_POINT('',(-2.84217094304E-14,0.));
#3817 = DIRECTION('',(-0.478260869565,-0.878217820727));
#3818 = ( GEOMETRIC_REPRESENTATION_CONTEXT(2) 
PARAMETRIC_REPRESENTATION_CONTEXT() REPRESENTATION_CONTEXT('2D SPACE',''
  ) );
#3819 = PCURVE('',#1275,#3820);
#3820 = DEFINITIONAL_REPRESENTATION('',(#3821),#3825);
#3821 = LINE('',#3822,#3823);
#3822 = CARTESIAN_POINT('',(-5.784511960118,-1.8E+03));
#3823 = VECTOR('',#3824,1.);
#3824 = DIRECTION('',(-1.,0.));
#3825 = ( GEOMETRIC_REPRESENTATION_CONTEXT(2) 
PARAMETRIC_REPRESENTATION_CONTEXT() REPRESENTATION_CONTEXT('2D SPACE',''
  ) );
#3826 = ORIENTED_EDGE('',*,*,#1231,.T.);
#3827 = ADVANCED_FACE('',(#3828),#1275,.T.);
#3828 = FACE_BOUND('',#3829,.F.);
#3829 = EDGE_LOOP('',(#3830,#3831,#3832,#3833,#3928,#3989,#4026,#4219,
    #4245,#4417,#4454,#4515,#4608,#4609,#4704,#4765,#4802,#4995,#5021,
    #5214,#5251,#5312,#5405,#5406,#5501,#5562,#5599,#5792,#5818,#5990,
    #6027,#6088,#6181,#6182,#6204,#6205,#6246,#6279,#6346,#6372,#6439,
    #6472,#6518,#6546,#6592,#6625,#6692,#6718,#6785,#6818,#6864,#6892,
    #6938,#6971,#7038,#7064,#7131,#7164));
#3830 = ORIENTED_EDGE('',*,*,#2470,.T.);
#3831 = ORIENTED_EDGE('',*,*,#3805,.T.);
#3832 = ORIENTED_EDGE('',*,*,#1259,.T.);
#3833 = ORIENTED_EDGE('',*,*,#3834,.F.);
#3834 = EDGE_CURVE('',#3835,#1260,#3837,.T.);
#3835 = VERTEX_POINT('',#3836);
#3836 = CARTESIAN_POINT('',(1.774574821476E+03,-1.083717102732E+03,155.)
  );
#3837 = SURFACE_CURVE('',#3838,(#3866,#3897),.PCURVE_S1.);
#3838 = B_SPLINE_CURVE_WITH_KNOTS('',6,(#3839,#3840,#3841,#3842,#3843,
    #3844,#3845,#3846,#3847,#3848,#3849,#3850,#3851,#3852,#3853,#3854,
    #3855,#3856,#3857,#3858,#3859,#3860,#3861,#3862,#3863,#3864,#3865),
  .UNSPECIFIED.,.F.,.F.,(7,5,5,5,5,7),(0.,0.24734490956,0.445690806645,
    0.537407395597,0.689042463906,1.),.UNSPECIFIED.);
#3839 = CARTESIAN_POINT('',(1.774574821476E+03,-1.083717102732E+03,155.)
  );
#3840 = CARTESIAN_POINT('',(1.774856082089E+03,-1.083272683927E+03,
    153.88258942095));
#3841 = CARTESIAN_POINT('',(1.775085605932E+03,-1.082812228728E+03,
    152.74527401463));
#3842 = CARTESIAN_POINT('',(1.775260253705E+03,-1.082337133038E+03,
    151.59311800379));
#3843 = CARTESIAN_POINT('',(1.775377721747E+03,-1.081849208433E+03,
    150.43169891453));
#3844 = CARTESIAN_POINT('',(1.775436667269E+03,-1.081350764339E+03,
    149.26710222403));
#3845 = CARTESIAN_POINT('',(1.775437470567E+03,-1.080438887008E+03,
    147.17486069816));
#3846 = CARTESIAN_POINT('',(1.775400210344E+03,-1.080028103629E+03,
    146.24581755209));
#3847 = CARTESIAN_POINT('',(1.775325320818E+03,-1.079613814189E+03,
    145.32220638036));
#3848 = CARTESIAN_POINT('',(1.775213339913E+03,-1.079197500251E+03,
    144.40710870273));
#3849 = CARTESIAN_POINT('',(1.775065242808E+03,-1.078780652342E+03,
    143.50334716669));
#3850 = CARTESIAN_POINT('',(1.774797857436E+03,-1.078172436155E+03,
    142.20202906396));
#3851 = CARTESIAN_POINT('',(1.774705879642E+03,-1.077980316306E+03,
    141.79351811287));
#3852 = CARTESIAN_POINT('',(1.774606602753E+03,-1.077788533181E+03,
    141.38821152616));
#3853 = CARTESIAN_POINT('',(1.774500173656E+03,-1.077597222307E+03,
    140.98633148784));
#3854 = CARTESIAN_POINT('',(1.774386750789E+03,-1.077406513524E+03,
    140.58808007223));
#3855 = CARTESIAN_POINT('',(1.774067692834E+03,-1.076902432373E+03,
    139.54151402011));
#3856 = CARTESIAN_POINT('',(1.773850223416E+03,-1.07659031717E+03,
    138.89980436055));
#3857 = CARTESIAN_POINT('',(1.773614848926E+03,-1.076280744704E+03,
    138.26933837671));
#3858 = CARTESIAN_POINT('',(1.773362379789E+03,-1.075974217635E+03,
    137.65077761214));
#3859 = CARTESIAN_POINT('',(1.77309365043E+03,-1.075671183151E+03,
    137.04464107171));
#3860 = CARTESIAN_POINT('',(1.772226759219E+03,-1.074758570783E+03,
    135.23462212705));
#3861 = CARTESIAN_POINT('',(1.771579188318E+03,-1.074161507935E+03,
    134.07196180342));
#3862 = CARTESIAN_POINT('',(1.770873824029E+03,-1.073584094348E+03,
    132.96649311253));
#3863 = CARTESIAN_POINT('',(1.770117592446E+03,-1.073028723296E+03,
    131.9194554802));
#3864 = CARTESIAN_POINT('',(1.769316703298E+03,-1.072497044197E+03,
    130.93089052217));
#3865 = CARTESIAN_POINT('',(1.768476339562E+03,-1.071990098767E+03,130.)
  );
#3866 = PCURVE('',#1275,#3867);
#3867 = DEFINITIONAL_REPRESENTATION('',(#3868),#3896);
#3868 = B_SPLINE_CURVE_WITH_KNOTS('',6,(#3869,#3870,#3871,#3872,#3873,
    #3874,#3875,#3876,#3877,#3878,#3879,#3880,#3881,#3882,#3883,#3884,
    #3885,#3886,#3887,#3888,#3889,#3890,#3891,#3892,#3893,#3894,#3895),
  .UNSPECIFIED.,.F.,.F.,(7,5,5,5,5,7),(0.,0.24734490956,0.445690806645,
    0.537407395597,0.689042463906,1.),.UNSPECIFIED.);
#3869 = CARTESIAN_POINT('',(-9.803319029631,-1.774574821476E+03));
#3870 = CARTESIAN_POINT('',(-9.80854748615,-1.774856082089E+03));
#3871 = CARTESIAN_POINT('',(-9.813882125967,-1.775085605932E+03));
#3872 = CARTESIAN_POINT('',(-9.819300503741,-1.775260253705E+03));
#3873 = CARTESIAN_POINT('',(-9.824777485138,-1.775377721747E+03));
#3874 = CARTESIAN_POINT('',(-9.830285104731,-1.775436667269E+03));
#3875 = CARTESIAN_POINT('',(-9.840208244965,-1.775437470567E+03));
#3876 = CARTESIAN_POINT('',(-9.844624735762,-1.775400210344E+03));
#3877 = CARTESIAN_POINT('',(-9.849025821687,-1.775325320818E+03));
#3878 = CARTESIAN_POINT('',(-9.853396802269,-1.775213339913E+03));
#3879 = CARTESIAN_POINT('',(-9.857723974422,-1.775065242808E+03));
#3880 = CARTESIAN_POINT('',(-9.863969359461,-1.774797857436E+03));
#3881 = CARTESIAN_POINT('',(-9.865932103552,-1.774705879642E+03));
#3882 = CARTESIAN_POINT('',(-9.867881620132,-1.774606602753E+03));
#3883 = CARTESIAN_POINT('',(-9.869816797552,-1.774500173656E+03));
#3884 = CARTESIAN_POINT('',(-9.871736612793,-1.774386750789E+03));
#3885 = CARTESIAN_POINT('',(-9.876787204307,-1.774067692834E+03));
#3886 = CARTESIAN_POINT('',(-9.879889736057,-1.773850223416E+03));
#3887 = CARTESIAN_POINT('',(-9.882943483659,-1.773614848926E+03));
#3888 = CARTESIAN_POINT('',(-9.885944955191,-1.773362379789E+03));
#3889 = CARTESIAN_POINT('',(-9.88889131275,-1.77309365043E+03));
#3890 = CARTESIAN_POINT('',(-9.897704678945,-1.772226759219E+03));
#3891 = CARTESIAN_POINT('',(-9.903387154836,-1.771579188318E+03));
#3892 = CARTESIAN_POINT('',(-9.908809510159,-1.770873824029E+03));
#3893 = CARTESIAN_POINT('',(-9.913962466748,-1.770117592446E+03));
#3894 = CARTESIAN_POINT('',(-9.918842713015,-1.769316703298E+03));
#3895 = CARTESIAN_POINT('',(-9.923451307831,-1.768476339562E+03));
#3896 = ( GEOMETRIC_REPRESENTATION_CONTEXT(2) 
PARAMETRIC_REPRESENTATION_CONTEXT() REPRESENTATION_CONTEXT('2D SPACE',''
  ) );
#3897 = PCURVE('',#1304,#3898);
#3898 = DEFINITIONAL_REPRESENTATION('',(#3899),#3927);
#3899 = B_SPLINE_CURVE_WITH_KNOTS('',6,(#3900,#3901,#3902,#3903,#3904,
    #3905,#3906,#3907,#3908,#3909,#3910,#3911,#3912,#3913,#3914,#3915,
    #3916,#3917,#3918,#3919,#3920,#3921,#3922,#3923,#3924,#3925,#3926),
  .UNSPECIFIED.,.F.,.F.,(7,5,5,5,5,7),(0.,0.24734490956,0.445690806645,
    0.537407395597,0.689042463906,1.),.UNSPECIFIED.);
#3900 = CARTESIAN_POINT('',(-0.564240697817,1.665334536938E-15));
#3901 = CARTESIAN_POINT('',(-0.549213766734,-3.192601654402E-02));
#3902 = CARTESIAN_POINT('',(-0.53459018002,-6.442073791416E-02));
#3903 = CARTESIAN_POINT('',(-0.520362743484,-9.739807671581E-02));
#3904 = CARTESIAN_POINT('',(-0.506520944718,-0.130767582134));
#3905 = CARTESIAN_POINT('',(-0.493056737036,-0.164430614971));
#3906 = CARTESIAN_POINT('',(-0.469474322586,-0.225403459288));
#3907 = CARTESIAN_POINT('',(-0.459219844876,-0.252655476818));
#3908 = CARTESIAN_POINT('',(-0.44920475256,-0.279965549419));
#3909 = CARTESIAN_POINT('',(-0.439425313843,-0.307281301271));
#3910 = CARTESIAN_POINT('',(-0.429878002691,-0.334554263731));
#3911 = CARTESIAN_POINT('',(-0.416251865954,-0.374307478894));
#3912 = CARTESIAN_POINT('',(-0.411992298372,-0.386858586226));
#3913 = CARTESIAN_POINT('',(-0.407781338237,-0.399386722943));
#3914 = CARTESIAN_POINT('',(-0.403618580631,-0.411888025926));
#3915 = CARTESIAN_POINT('',(-0.399503599953,-0.424358989759));
#3916 = CARTESIAN_POINT('',(-0.388710981639,-0.457359217125));
#3917 = CARTESIAN_POINT('',(-0.382115411008,-0.477830434948));
#3918 = CARTESIAN_POINT('',(-0.37564734268,-0.498195710962));
#3919 = CARTESIAN_POINT('',(-0.369304670373,-0.518443780509));
#3920 = CARTESIAN_POINT('',(-0.363085330498,-0.538565992598));
#3921 = CARTESIAN_POINT('',(-0.344482778428,-0.59954892299));
#3922 = CARTESIAN_POINT('',(-0.332490361063,-0.639981334236));
#3923 = CARTESIAN_POINT('',(-0.320991557206,-0.679806400744));
#3924 = CARTESIAN_POINT('',(-0.309974574237,-0.719010356726));
#3925 = CARTESIAN_POINT('',(-0.299437024245,-0.757599507056));
#3926 = CARTESIAN_POINT('',(-0.289392028358,-0.795602953485));
#3927 = ( GEOMETRIC_REPRESENTATION_CONTEXT(2) 
PARAMETRIC_REPRESENTATION_CONTEXT() REPRESENTATION_CONTEXT('2D SPACE',''
  ) );
#3928 = ORIENTED_EDGE('',*,*,#3929,.T.);
#3929 = EDGE_CURVE('',#3835,#3930,#3932,.T.);
#3930 = VERTEX_POINT('',#3931);
#3931 = CARTESIAN_POINT('',(1.745E+03,-1.1E+03,240.));
#3932 = SURFACE_CURVE('',#3933,(#3948,#3966),.PCURVE_S1.);
#3933 = B_SPLINE_CURVE_WITH_KNOTS('',7,(#3934,#3935,#3936,#3937,#3938,
    #3939,#3940,#3941,#3942,#3943,#3944,#3945,#3946,#3947),
  .UNSPECIFIED.,.F.,.F.,(8,6,8),(0.,0.512771280628,1.),.UNSPECIFIED.);
#3934 = CARTESIAN_POINT('',(1.774574821627E+03,-1.083717102493E+03,
    154.9999994));
#3935 = CARTESIAN_POINT('',(1.773006167877E+03,-1.086195726248E+03,
    161.23204979192));
#3936 = CARTESIAN_POINT('',(1.771250595144E+03,-1.088433384535E+03,
    167.47563664814));
#3937 = CARTESIAN_POINT('',(1.769348059765E+03,-1.090435160566E+03,
    173.71758066987));
#3938 = CARTESIAN_POINT('',(1.767328578243E+03,-1.092209317287E+03,
    179.95128868012));
#3939 = CARTESIAN_POINT('',(1.765214803093E+03,-1.093764623975E+03,
    186.17616175471));
#3940 = CARTESIAN_POINT('',(1.763023423879E+03,-1.095108912027E+03,
    192.39698001717));
#3941 = CARTESIAN_POINT('',(1.758622035975E+03,-1.097329703647E+03,
    204.54040219641));
#3942 = CARTESIAN_POINT('',(1.756420758831E+03,-1.098224979227E+03,
    210.45589600942));
#3943 = CARTESIAN_POINT('',(1.754176989298E+03,-1.09893707106E+03,
    216.36861294775));
#3944 = CARTESIAN_POINT('',(1.751902805078E+03,-1.099468999643E+03,
    222.27819082683));
#3945 = CARTESIAN_POINT('',(1.749608822891E+03,-1.099822937948E+03,
    228.18537584006));
#3946 = CARTESIAN_POINT('',(1.747304748055E+03,-1.099999999987E+03,
    234.09182494304));
#3947 = CARTESIAN_POINT('',(1.745E+03,-1.1E+03,240.));
#3948 = PCURVE('',#1275,#3949);
#3949 = DEFINITIONAL_REPRESENTATION('',(#3950),#3965);
#3950 = B_SPLINE_CURVE_WITH_KNOTS('',7,(#3951,#3952,#3953,#3954,#3955,
    #3956,#3957,#3958,#3959,#3960,#3961,#3962,#3963,#3964),
  .UNSPECIFIED.,.F.,.F.,(8,6,8),(0.,0.512771280628,1.),.UNSPECIFIED.);
#3951 = CARTESIAN_POINT('',(-9.803319032438,-1.774574821627E+03));
#3952 = CARTESIAN_POINT('',(-9.774158753176,-1.773006167877E+03));
#3953 = CARTESIAN_POINT('',(-9.745339052276,-1.771250595144E+03));
#3954 = CARTESIAN_POINT('',(-9.716864497181,-1.769348059765E+03));
#3955 = CARTESIAN_POINT('',(-9.688712242223,-1.767328578243E+03));
#3956 = CARTESIAN_POINT('',(-9.660838582551,-1.765214803093E+03));
#3957 = CARTESIAN_POINT('',(-9.633181356239,-1.763023423879E+03));
#3958 = CARTESIAN_POINT('',(-9.579508219322,-1.758622035975E+03));
#3959 = CARTESIAN_POINT('',(-9.553508033894,-1.756420758831E+03));
#3960 = CARTESIAN_POINT('',(-9.527633792214,-1.754176989298E+03));
#3961 = CARTESIAN_POINT('',(-9.501856989817,-1.751902805078E+03));
#3962 = CARTESIAN_POINT('',(-9.476145892109,-1.749608822891E+03));
#3963 = CARTESIAN_POINT('',(-9.45046567837,-1.747304748055E+03));
#3964 = CARTESIAN_POINT('',(-9.424777960769,-1.745E+03));
#3965 = ( GEOMETRIC_REPRESENTATION_CONTEXT(2) 
PARAMETRIC_REPRESENTATION_CONTEXT() REPRESENTATION_CONTEXT('2D SPACE',''
  ) );
#3966 = PCURVE('',#3967,#3972);
#3967 = CYLINDRICAL_SURFACE('',#3968,35.);
#3968 = AXIS2_PLACEMENT_3D('',#3969,#3970,#3971);
#3969 = CARTESIAN_POINT('',(1.745E+03,-1.065E+03,120.));
#3970 = DIRECTION('',(0.,0.,1.));
#3971 = DIRECTION('',(1.,0.,-0.));
#3972 = DEFINITIONAL_REPRESENTATION('',(#3973),#3988);
#3973 = B_SPLINE_CURVE_WITH_KNOTS('',7,(#3974,#3975,#3976,#3977,#3978,
    #3979,#3980,#3981,#3982,#3983,#3984,#3985,#3986,#3987),
  .UNSPECIFIED.,.F.,.F.,(8,6,8),(0.,0.512771280628,1.),.UNSPECIFIED.);
#3974 = CARTESIAN_POINT('',(-0.564240689748,34.9999994));
#3975 = CARTESIAN_POINT('',(-0.648049268075,41.23204979192));
#3976 = CARTESIAN_POINT('',(-0.728896309213,47.475636648144));
#3977 = CARTESIAN_POINT('',(-0.807255217218,53.717580669866));
#3978 = CARTESIAN_POINT('',(-0.883523746623,59.951288680125));
#3979 = CARTESIAN_POINT('',(-0.958075909239,66.176161754714));
#3980 = CARTESIAN_POINT('',(-1.03127606991,72.396980017173));
#3981 = CARTESIAN_POINT('',(-1.172130984108,84.540402196418));
#3982 = CARTESIAN_POINT('',(-1.239804586914,90.455896009412));
#3983 = CARTESIAN_POINT('',(-1.306732341646,96.368612947781));
#3984 = CARTESIAN_POINT('',(-1.373106936456,102.2781908268));
#3985 = CARTESIAN_POINT('',(-1.439115675738,108.18537584008));
#3986 = CARTESIAN_POINT('',(-1.504946381759,114.09182494304));
#3987 = CARTESIAN_POINT('',(-1.570796326795,120.));
#3988 = ( GEOMETRIC_REPRESENTATION_CONTEXT(2) 
PARAMETRIC_REPRESENTATION_CONTEXT() REPRESENTATION_CONTEXT('2D SPACE',''
  ) );
#3989 = ORIENTED_EDGE('',*,*,#3990,.F.);
#3990 = EDGE_CURVE('',#3991,#3930,#3993,.T.);
#3991 = VERTEX_POINT('',#3992);
#3992 = CARTESIAN_POINT('',(1.754671310581E+03,-1.098637267303E+03,265.)
  );
#3993 = SURFACE_CURVE('',#3994,(#4001,#4011),.PCURVE_S1.);
#3994 = B_SPLINE_CURVE_WITH_KNOTS('',5,(#3995,#3996,#3997,#3998,#3999,
    #4000),.UNSPECIFIED.,.F.,.F.,(6,6),(0.,1.),
  .PIECEWISE_BEZIER_KNOTS.);
#3995 = CARTESIAN_POINT('',(1.754671310809E+03,-1.098637267238E+03,
    265.0000006));
#3996 = CARTESIAN_POINT('',(1.752768988441E+03,-1.099184218652E+03,
    259.99786165533));
#3997 = CARTESIAN_POINT('',(1.750842253537E+03,-1.099592592201E+03,
    254.99705730065));
#3998 = CARTESIAN_POINT('',(1.748900023136E+03,-1.099864187219E+03,
    249.99762962404));
#3999 = CARTESIAN_POINT('',(1.746950065468E+03,-1.100000000021E+03,
    244.99895363856));
#4000 = CARTESIAN_POINT('',(1.745E+03,-1.1E+03,240.));
#4001 = PCURVE('',#1275,#4002);
#4002 = DEFINITIONAL_REPRESENTATION('',(#4003),#4010);
#4003 = B_SPLINE_CURVE_WITH_KNOTS('',5,(#4004,#4005,#4006,#4007,#4008,
    #4009),.UNSPECIFIED.,.F.,.F.,(6,6),(0.,1.),
  .PIECEWISE_BEZIER_KNOTS.);
#4004 = CARTESIAN_POINT('',(-9.315867124724,-1.754671310809E+03));
#4005 = CARTESIAN_POINT('',(-9.337745180761,-1.752768988441E+03));
#4006 = CARTESIAN_POINT('',(-9.359551977482,-1.750842253537E+03));
#4007 = CARTESIAN_POINT('',(-9.381310004289,-1.748900023136E+03));
#4008 = CARTESIAN_POINT('',(-9.403043380127,-1.746950065468E+03));
#4009 = CARTESIAN_POINT('',(-9.424777960769,-1.745E+03));
#4010 = ( GEOMETRIC_REPRESENTATION_CONTEXT(2) 
PARAMETRIC_REPRESENTATION_CONTEXT() REPRESENTATION_CONTEXT('2D SPACE',''
  ) );
#4011 = PCURVE('',#4012,#4017);
#4012 = CYLINDRICAL_SURFACE('',#4013,35.);
#4013 = AXIS2_PLACEMENT_3D('',#4014,#4015,#4016);
#4014 = CARTESIAN_POINT('',(1.745E+03,-1.065E+03,120.));
#4015 = DIRECTION('',(0.,0.,1.));
#4016 = DIRECTION('',(1.,0.,-0.));
#4017 = DEFINITIONAL_REPRESENTATION('',(#4018),#4025);
#4018 = B_SPLINE_CURVE_WITH_KNOTS('',5,(#4019,#4020,#4021,#4022,#4023,
    #4024),.UNSPECIFIED.,.F.,.F.,(6,6),(0.,1.),
  .PIECEWISE_BEZIER_KNOTS.);
#4019 = CARTESIAN_POINT('',(-1.2908301255,145.0000006));
#4020 = CARTESIAN_POINT('',(-1.347384136102,139.99786165533));
#4021 = CARTESIAN_POINT('',(-1.403514439958,134.99705730065));
#4022 = CARTESIAN_POINT('',(-1.459367111903,129.99762962404));
#4023 = CARTESIAN_POINT('',(-1.515080165404,124.99895363856));
#4024 = CARTESIAN_POINT('',(-1.570796326795,120.));
#4025 = ( GEOMETRIC_REPRESENTATION_CONTEXT(2) 
PARAMETRIC_REPRESENTATION_CONTEXT() REPRESENTATION_CONTEXT('2D SPACE',''
  ) );
#4026 = ORIENTED_EDGE('',*,*,#4027,.F.);
#4027 = EDGE_CURVE('',#4028,#3991,#4030,.T.);
#4028 = VERTEX_POINT('',#4029);
#4029 = CARTESIAN_POINT('',(1.745E+03,-1.096420653651E+03,
    280.41890152187));
#4030 = SURFACE_CURVE('',#4031,(#4090,#4152),.PCURVE_S1.);
#4031 = B_SPLINE_CURVE_WITH_KNOTS('',8,(#4032,#4033,#4034,#4035,#4036,
    #4037,#4038,#4039,#4040,#4041,#4042,#4043,#4044,#4045,#4046,#4047,
    #4048,#4049,#4050,#4051,#4052,#4053,#4054,#4055,#4056,#4057,#4058,
    #4059,#4060,#4061,#4062,#4063,#4064,#4065,#4066,#4067,#4068,#4069,
    #4070,#4071,#4072,#4073,#4074,#4075,#4076,#4077,#4078,#4079,#4080,
    #4081,#4082,#4083,#4084,#4085,#4086,#4087,#4088,#4089),
  .UNSPECIFIED.,.F.,.F.,(9,7,7,7,7,7,7,7,9),(0.,0.388169180532,
    0.528680219147,0.640230262807,0.69999608764,0.737923266904,
    0.821318915213,0.940657682219,1.),.UNSPECIFIED.);
#4032 = CARTESIAN_POINT('',(1.745E+03,-1.096420653651E+03,
    280.41890152187));
#4033 = CARTESIAN_POINT('',(1.74586114017E+03,-1.096420653651E+03,
    280.41890152187));
#4034 = CARTESIAN_POINT('',(1.746719705027E+03,-1.096436075564E+03,
    280.3325097941));
#4035 = CARTESIAN_POINT('',(1.747572899568E+03,-1.096466758984E+03,
    280.16062732361));
#4036 = CARTESIAN_POINT('',(1.748416154839E+03,-1.096512744576E+03,
    279.90195404621));
#4037 = CARTESIAN_POINT('',(1.749243633858E+03,-1.096573993393E+03,
    279.55463437986));
#4038 = CARTESIAN_POINT('',(1.750048114251E+03,-1.09665032535E+03,
    279.11631925151));
#4039 = CARTESIAN_POINT('',(1.750821154791E+03,-1.096741328001E+03,
    278.58465987192));
#4040 = CARTESIAN_POINT('',(1.751817294068E+03,-1.096884509049E+03,
    277.72893752191));
#4041 = CARTESIAN_POINT('',(1.752076493069E+03,-1.096924400395E+03,
    277.48892509269));
#4042 = CARTESIAN_POINT('',(1.752329626784E+03,-1.096966095762E+03,
    277.23622213361));
#4043 = CARTESIAN_POINT('',(1.752576115891E+03,-1.09700955206E+03,
    276.97074822705));
#4044 = CARTESIAN_POINT('',(1.752815321154E+03,-1.097054715127E+03,
    276.69246240744));
#4045 = CARTESIAN_POINT('',(1.753046549436E+03,-1.097101518655E+03,
    276.40137361776));
#4046 = CARTESIAN_POINT('',(1.753269059721E+03,-1.097149883121E+03,
    276.09755116596));
#4047 = CARTESIAN_POINT('',(1.753651174763E+03,-1.097239275419E+03,
    275.52993629182));
#4048 = CARTESIAN_POINT('',(1.753814284595E+03,-1.097279758998E+03,
    275.27081200789));
#4049 = CARTESIAN_POINT('',(1.753971000672E+03,-1.09732111681E+03,
    275.00384446878));
#4050 = CARTESIAN_POINT('',(1.754120901613E+03,-1.09736329238E+03,
    274.72915980803));
#4051 = CARTESIAN_POINT('',(1.754263547955E+03,-1.09740622105E+03,
    274.44693375588));
#4052 = CARTESIAN_POINT('',(1.754398488951E+03,-1.09744982969E+03,
    274.15739865126));
#4053 = CARTESIAN_POINT('',(1.754525270835E+03,-1.097494036476E+03,
    273.86085186326));
#4054 = CARTESIAN_POINT('',(1.75470676221E+03,-1.09756270753E+03,
    273.39522574179));
#4055 = CARTESIAN_POINT('',(1.754767606973E+03,-1.097586809836E+03,
    273.23088114327));
#4056 = CARTESIAN_POINT('',(1.754825911662E+03,-1.097611043481E+03,
    273.0646905355));
#4057 = CARTESIAN_POINT('',(1.754881607894E+03,-1.097635393626E+03,
    272.89671849147));
#4058 = CARTESIAN_POINT('',(1.754934628628E+03,-1.09765984476E+03,
    272.72703580988));
#4059 = CARTESIAN_POINT('',(1.754984908737E+03,-1.097684380711E+03,
    272.55571987652));
#4060 = CARTESIAN_POINT('',(1.755032385579E+03,-1.097708984663E+03,
    272.38285502569));
#4061 = CARTESIAN_POINT('',(1.755105311445E+03,-1.097749284827E+03,
    272.09790870347));
#4062 = CARTESIAN_POINT('',(1.755132470543E+03,-1.097764950883E+03,
    271.98669742553));
#4063 = CARTESIAN_POINT('',(1.755158461525E+03,-1.097780632869E+03,
    271.87492244016));
#4064 = CARTESIAN_POINT('',(1.755183269741E+03,-1.09779632626E+03,
    271.76260811547));
#4065 = CARTESIAN_POINT('',(1.75520688123E+03,-1.097812026466E+03,
    271.64977981537));
#4066 = CARTESIAN_POINT('',(1.755229282718E+03,-1.097827728838E+03,
    271.53646389947));
#4067 = CARTESIAN_POINT('',(1.755250461621E+03,-1.097843428665E+03,
    271.42268772319));
#4068 = CARTESIAN_POINT('',(1.755314260551E+03,-1.097893626432E+03,
    271.05735478428));
#4069 = CARTESIAN_POINT('',(1.755352148241E+03,-1.097928097578E+03,
    270.80413272766));
#4070 = CARTESIAN_POINT('',(1.755383941774E+03,-1.097962482481E+03,
    270.54912564902));
#4071 = CARTESIAN_POINT('',(1.755409535868E+03,-1.097996729594E+03,
    270.29265724504));
#4072 = CARTESIAN_POINT('',(1.755428848949E+03,-1.098030788106E+03,
    270.03506295211));
#4073 = CARTESIAN_POINT('',(1.755441824807E+03,-1.098064608089E+03,
    269.77669017048));
#4074 = CARTESIAN_POINT('',(1.755448434249E+03,-1.098098140651E+03,
    269.51789848848));
#4075 = CARTESIAN_POINT('',(1.755449023771E+03,-1.098178843436E+03,
    268.88866315557));
#4076 = CARTESIAN_POINT('',(1.755436333177E+03,-1.098225669782E+03,
    268.51811370436));
#4077 = CARTESIAN_POINT('',(1.755410597981E+03,-1.098271672831E+03,
    268.14853314242));
#4078 = CARTESIAN_POINT('',(1.75537194025E+03,-1.098316728933E+03,
    267.7809746676));
#4079 = CARTESIAN_POINT('',(1.755320591044E+03,-1.098360733353E+03,
    267.41642709008));
#4080 = CARTESIAN_POINT('',(1.755256875374E+03,-1.098403598587E+03,
    267.05581779911));
#4081 = CARTESIAN_POINT('',(1.755181202215E+03,-1.098445252692E+03,
    266.70001469299));
#4082 = CARTESIAN_POINT('',(1.755050727023E+03,-1.098505719451E+03,
    266.17569300299));
#4083 = CARTESIAN_POINT('',(1.755004555338E+03,-1.098525488871E+03,
    266.00293496818));
#4084 = CARTESIAN_POINT('',(1.754955602009E+03,-1.098544939535E+03,
    265.83164564442));
#4085 = CARTESIAN_POINT('',(1.754903927672E+03,-1.098564066272E+03,
    265.66191068231));
#4086 = CARTESIAN_POINT('',(1.754849595516E+03,-1.098582865022E+03,
    265.49380903572));
#4087 = CARTESIAN_POINT('',(1.754792670721E+03,-1.098601332737E+03,
    265.32741329149));
#4088 = CARTESIAN_POINT('',(1.754733219908E+03,-1.098619467275E+03,
    265.16278999904));
#4089 = CARTESIAN_POINT('',(1.754671310581E+03,-1.098637267303E+03,265.)
  );
#4090 = PCURVE('',#1275,#4091);
#4091 = DEFINITIONAL_REPRESENTATION('',(#4092),#4151);
#4092 = B_SPLINE_CURVE_WITH_KNOTS('',8,(#4093,#4094,#4095,#4096,#4097,
    #4098,#4099,#4100,#4101,#4102,#4103,#4104,#4105,#4106,#4107,#4108,
    #4109,#4110,#4111,#4112,#4113,#4114,#4115,#4116,#4117,#4118,#4119,
    #4120,#4121,#4122,#4123,#4124,#4125,#4126,#4127,#4128,#4129,#4130,
    #4131,#4132,#4133,#4134,#4135,#4136,#4137,#4138,#4139,#4140,#4141,
    #4142,#4143,#4144,#4145,#4146,#4147,#4148,#4149,#4150),
  .UNSPECIFIED.,.F.,.F.,(9,7,7,7,7,7,7,7,9),(0.,0.388169180532,
    0.528680219147,0.640230262807,0.69999608764,0.737923266904,
    0.821318915213,0.940657682219,1.),.UNSPECIFIED.);
#4093 = CARTESIAN_POINT('',(-9.248126278792,-1.745E+03));
#4094 = CARTESIAN_POINT('',(-9.248126278792,-1.74586114017E+03));
#4095 = CARTESIAN_POINT('',(-9.248507832835,-1.746719705027E+03));
#4096 = CARTESIAN_POINT('',(-9.249266961936,-1.747572899568E+03));
#4097 = CARTESIAN_POINT('',(-9.250409261797,-1.748416154839E+03));
#4098 = CARTESIAN_POINT('',(-9.25194264467,-1.749243633858E+03));
#4099 = CARTESIAN_POINT('',(-9.253877034629,-1.750048114251E+03));
#4100 = CARTESIAN_POINT('',(-9.256222198631,-1.750821154791E+03));
#4101 = CARTESIAN_POINT('',(-9.259994452205,-1.751817294068E+03));
#4102 = CARTESIAN_POINT('',(-9.261052299075,-1.752076493069E+03));
#4103 = CARTESIAN_POINT('',(-9.262165861577,-1.752329626784E+03));
#4104 = CARTESIAN_POINT('',(-9.263335455886,-1.752576115891E+03));
#4105 = CARTESIAN_POINT('',(-9.264561221959,-1.752815321154E+03));
#4106 = CARTESIAN_POINT('',(-9.265843078125,-1.753046549436E+03));
#4107 = CARTESIAN_POINT('',(-9.267180675666,-1.753269059721E+03));
#4108 = CARTESIAN_POINT('',(-9.269678983707,-1.753651174763E+03));
#4109 = CARTESIAN_POINT('',(-9.270819276934,-1.753814284595E+03));
#4110 = CARTESIAN_POINT('',(-9.271993849472,-1.753971000672E+03));
#4111 = CARTESIAN_POINT('',(-9.273202123986,-1.754120901613E+03));
#4112 = CARTESIAN_POINT('',(-9.274443305207,-1.754263547955E+03));
#4113 = CARTESIAN_POINT('',(-9.275716349649,-1.754398488951E+03));
#4114 = CARTESIAN_POINT('',(-9.277019929274,-1.754525270835E+03));
#4115 = CARTESIAN_POINT('',(-9.279066288938,-1.75470676221E+03));
#4116 = CARTESIAN_POINT('',(-9.279788473849,-1.754767606973E+03));
#4117 = CARTESIAN_POINT('',(-9.280518682869,-1.754825911662E+03));
#4118 = CARTESIAN_POINT('',(-9.281256629445,-1.754881607894E+03));
#4119 = CARTESIAN_POINT('',(-9.282001999874,-1.754934628628E+03));
#4120 = CARTESIAN_POINT('',(-9.282754451748,-1.754984908737E+03));
#4121 = CARTESIAN_POINT('',(-9.283513612405,-1.755032385579E+03));
#4122 = CARTESIAN_POINT('',(-9.284764838721,-1.755105311445E+03));
#4123 = CARTESIAN_POINT('',(-9.285253139849,-1.755132470543E+03));
#4124 = CARTESIAN_POINT('',(-9.285743877603,-1.755158461525E+03));
#4125 = CARTESIAN_POINT('',(-9.286236944505,-1.755183269741E+03));
#4126 = CARTESIAN_POINT('',(-9.28673222876,-1.75520688123E+03));
#4127 = CARTESIAN_POINT('',(-9.287229614252,-1.755229282718E+03));
#4128 = CARTESIAN_POINT('',(-9.287728980552,-1.755250461621E+03));
#4129 = CARTESIAN_POINT('',(-9.289332308683,-1.755314260551E+03));
#4130 = CARTESIAN_POINT('',(-9.290443427673,-1.755352148241E+03));
#4131 = CARTESIAN_POINT('',(-9.291562186381,-1.755383941774E+03));
#4132 = CARTESIAN_POINT('',(-9.292687162207,-1.755409535868E+03));
#4133 = CARTESIAN_POINT('',(-9.293816882511,-1.755428848949E+03));
#4134 = CARTESIAN_POINT('',(-9.294949823668,-1.755441824807E+03));
#4135 = CARTESIAN_POINT('',(-9.296084410129,-1.755448434249E+03));
#4136 = CARTESIAN_POINT('',(-9.298842625367,-1.755449023771E+03));
#4137 = CARTESIAN_POINT('',(-9.300466520207,-1.755436333177E+03));
#4138 = CARTESIAN_POINT('',(-9.302085787863,-1.755410597981E+03));
#4139 = CARTESIAN_POINT('',(-9.303695824564,-1.75537194025E+03));
#4140 = CARTESIAN_POINT('',(-9.305292314258,-1.755320591044E+03));
#4141 = CARTESIAN_POINT('',(-9.30687121455,-1.755256875374E+03));
#4142 = CARTESIAN_POINT('',(-9.308428747217,-1.755181202215E+03));
#4143 = CARTESIAN_POINT('',(-9.310723515918,-1.755050727023E+03));
#4144 = CARTESIAN_POINT('',(-9.311479539558,-1.755004555338E+03));
#4145 = CARTESIAN_POINT('',(-9.312229061442,-1.754955602009E+03));
#4146 = CARTESIAN_POINT('',(-9.312971709683,-1.754903927672E+03));
#4147 = CARTESIAN_POINT('',(-9.313707141817,-1.754849595516E+03));
#4148 = CARTESIAN_POINT('',(-9.314435043333,-1.754792670721E+03));
#4149 = CARTESIAN_POINT('',(-9.315155126191,-1.754733219908E+03));
#4150 = CARTESIAN_POINT('',(-9.315867127349,-1.754671310581E+03));
#4151 = ( GEOMETRIC_REPRESENTATION_CONTEXT(2) 
PARAMETRIC_REPRESENTATION_CONTEXT() REPRESENTATION_CONTEXT('2D SPACE',''
  ) );
#4152 = PCURVE('',#4153,#4158);
#4153 = SPHERICAL_SURFACE('',#4154,35.);
#4154 = AXIS2_PLACEMENT_3D('',#4155,#4156,#4157);
#4155 = CARTESIAN_POINT('',(1.745E+03,-1.065E+03,265.));
#4156 = DIRECTION('',(-0.,-0.,-1.));
#4157 = DIRECTION('',(1.,0.,0.));
#4158 = DEFINITIONAL_REPRESENTATION('',(#4159),#4218);
#4159 = B_SPLINE_CURVE_WITH_KNOTS('',8,(#4160,#4161,#4162,#4163,#4164,
    #4165,#4166,#4167,#4168,#4169,#4170,#4171,#4172,#4173,#4174,#4175,
    #4176,#4177,#4178,#4179,#4180,#4181,#4182,#4183,#4184,#4185,#4186,
    #4187,#4188,#4189,#4190,#4191,#4192,#4193,#4194,#4195,#4196,#4197,
    #4198,#4199,#4200,#4201,#4202,#4203,#4204,#4205,#4206,#4207,#4208,
    #4209,#4210,#4211,#4212,#4213,#4214,#4215,#4216,#4217),
  .UNSPECIFIED.,.F.,.F.,(9,7,7,7,7,7,7,7,9),(0.,0.388169180532,
    0.528680219147,0.640230262807,0.69999608764,0.737923266904,
    0.821318915213,0.940657682219,1.),.UNSPECIFIED.);
#4160 = CARTESIAN_POINT('',(1.570796326795,-0.456200148278));
#4161 = CARTESIAN_POINT('',(1.543389507707,-0.456200148278));
#4162 = CARTESIAN_POINT('',(1.516064637819,-0.453450628411));
#4163 = CARTESIAN_POINT('',(1.48902729175,-0.447980262732));
#4164 = CARTESIAN_POINT('',(1.462536308006,-0.439768441181));
#4165 = CARTESIAN_POINT('',(1.436879661199,-0.428796637749));
#4166 = CARTESIAN_POINT('',(1.412356064948,-0.415050836821));
#4167 = CARTESIAN_POINT('',(1.389255703591,-0.39852885631));
#4168 = CARTESIAN_POINT('',(1.360134184502,-0.372209930405));
#4169 = CARTESIAN_POINT('',(1.35262229516,-0.364850303533));
#4170 = CARTESIAN_POINT('',(1.345353164206,-0.357126179879));
#4171 = CARTESIAN_POINT('',(1.338342620875,-0.349038704951));
#4172 = CARTESIAN_POINT('',(1.331607302207,-0.340590213482));
#4173 = CARTESIAN_POINT('',(1.325164449602,-0.331784438256));
#4174 = CARTESIAN_POINT('',(1.319031705358,-0.322626718942));
#4175 = CARTESIAN_POINT('',(1.308618550554,-0.305580282744));
#4176 = CARTESIAN_POINT('',(1.304217104325,-0.297819400359));
#4177 = CARTESIAN_POINT('',(1.300031680429,-0.289845495458));
#4178 = CARTESIAN_POINT('',(1.296071672181,-0.281663685663));
#4179 = CARTESIAN_POINT('',(1.292346609208,-0.273280389552));
#4180 = CARTESIAN_POINT('',(1.288865994728,-0.264703484176));
#4181 = CARTESIAN_POINT('',(1.285639127193,-0.255942505079));
#4182 = CARTESIAN_POINT('',(1.28108674821,-0.24222247254));
#4183 = CARTESIAN_POINT('',(1.279573995901,-0.237386534372));
#4184 = CARTESIAN_POINT('',(1.278138027698,-0.232502876406));
#4185 = CARTESIAN_POINT('',(1.276780182442,-0.227573447868));
#4186 = CARTESIAN_POINT('',(1.275501747924,-0.222600354363));
#4187 = CARTESIAN_POINT('',(1.274303949299,-0.217585867124));
#4188 = CARTESIAN_POINT('',(1.273187937506,-0.21253243226));
#4189 = CARTESIAN_POINT('',(1.271499138142,-0.204212741373));
#4190 = CARTESIAN_POINT('',(1.27087686142,-0.200968170957));
#4191 = CARTESIAN_POINT('',(1.27028822179,-0.197709639606));
#4192 = CARTESIAN_POINT('',(1.269733475685,-0.19443784255));
#4193 = CARTESIAN_POINT('',(1.269212861694,-0.191153499394));
#4194 = CARTESIAN_POINT('',(1.26872660056,-0.187857354123));
#4195 = CARTESIAN_POINT('',(1.268274895186,-0.184550175095));
#4196 = CARTESIAN_POINT('',(1.266941093931,-0.173938292317));
#4197 = CARTESIAN_POINT('',(1.26619219101,-0.166594054382));
#4198 = CARTESIAN_POINT('',(1.265613207718,-0.159208785649));
#4199 = CARTESIAN_POINT('',(1.265205594071,-0.151791454448));
#4200 = CARTESIAN_POINT('',(1.264970238784,-0.144351271908));
#4201 = CARTESIAN_POINT('',(1.264907443815,-0.136897710838));
#4202 = CARTESIAN_POINT('',(1.265016898903,-0.129440524609));
#4203 = CARTESIAN_POINT('',(1.265699418307,-0.111327766762));
#4204 = CARTESIAN_POINT('',(1.266452017513,-0.100677299616));
#4205 = CARTESIAN_POINT('',(1.267552768779,-9.006874322214E-02));
#4206 = CARTESIAN_POINT('',(1.268996182926,-7.95302649382E-02));
#4207 = CARTESIAN_POINT('',(1.270774532817,-6.908808069124E-02));
#4208 = CARTESIAN_POINT('',(1.272878227875,-5.87666583186E-02));
#4209 = CARTESIAN_POINT('',(1.275295996823,-4.858886440843E-02));
#4210 = CARTESIAN_POINT('',(1.279366868097,-3.359709135873E-02));
#4211 = CARTESIAN_POINT('',(1.280793410848,-2.865856619253E-02));
#4212 = CARTESIAN_POINT('',(1.282292987487,-2.376290946314E-02));
#4213 = CARTESIAN_POINT('',(1.283864025992,-1.891236144547E-02));
#4214 = CARTESIAN_POINT('',(1.285504912732,-1.410898289745E-02));
#4215 = CARTESIAN_POINT('',(1.287214003435,-9.354665588826E-03));
#4216 = CARTESIAN_POINT('',(1.288989634163,-4.651142829843E-03));
#4217 = CARTESIAN_POINT('',(1.290830132283,0.));
#4218 = ( GEOMETRIC_REPRESENTATION_CONTEXT(2) 
PARAMETRIC_REPRESENTATION_CONTEXT() REPRESENTATION_CONTEXT('2D SPACE',''
  ) );
#4219 = ORIENTED_EDGE('',*,*,#4220,.T.);
#4220 = EDGE_CURVE('',#4028,#4221,#4223,.T.);
#4221 = VERTEX_POINT('',#4222);
#4222 = CARTESIAN_POINT('',(1.655E+03,-1.096420653651E+03,
    280.41890152187));
#4223 = SURFACE_CURVE('',#4224,(#4228,#4234),.PCURVE_S1.);
#4224 = LINE('',#4225,#4226);
#4225 = CARTESIAN_POINT('',(0.,-1.096420653651E+03,280.41890152187));
#4226 = VECTOR('',#4227,1.);
#4227 = DIRECTION('',(-1.,-0.,-0.));
#4228 = PCURVE('',#1275,#4229);
#4229 = DEFINITIONAL_REPRESENTATION('',(#4230),#4233);
#4230 = B_SPLINE_CURVE_WITH_KNOTS('',1,(#4231,#4232),.UNSPECIFIED.,.F.,
  .F.,(2,2),(-1.7450000006E+03,-1.6549999994E+03),
  .PIECEWISE_BEZIER_KNOTS.);
#4231 = CARTESIAN_POINT('',(-9.248126278792,-1.7450000006E+03));
#4232 = CARTESIAN_POINT('',(-9.248126278792,-1.6549999994E+03));
#4233 = ( GEOMETRIC_REPRESENTATION_CONTEXT(2) 
PARAMETRIC_REPRESENTATION_CONTEXT() REPRESENTATION_CONTEXT('2D SPACE',''
  ) );
#4234 = PCURVE('',#4235,#4240);
#4235 = CYLINDRICAL_SURFACE('',#4236,35.);
#4236 = AXIS2_PLACEMENT_3D('',#4237,#4238,#4239);
#4237 = CARTESIAN_POINT('',(1.62E+03,-1.065E+03,265.));
#4238 = DIRECTION('',(1.,0.,0.));
#4239 = DIRECTION('',(0.,-1.,0.));
#4240 = DEFINITIONAL_REPRESENTATION('',(#4241),#4244);
#4241 = B_SPLINE_CURVE_WITH_KNOTS('',1,(#4242,#4243),.UNSPECIFIED.,.F.,
  .F.,(2,2),(-1.7450000006E+03,-1.6549999994E+03),
  .PIECEWISE_BEZIER_KNOTS.);
#4242 = CARTESIAN_POINT('',(-0.456200148278,125.0000006));
#4243 = CARTESIAN_POINT('',(-0.456200148278,34.9999994));
#4244 = ( GEOMETRIC_REPRESENTATION_CONTEXT(2) 
PARAMETRIC_REPRESENTATION_CONTEXT() REPRESENTATION_CONTEXT('2D SPACE',''
  ) );
#4245 = ORIENTED_EDGE('',*,*,#4246,.F.);
#4246 = EDGE_CURVE('',#4247,#4221,#4249,.T.);
#4247 = VERTEX_POINT('',#4248);
#4248 = CARTESIAN_POINT('',(1.645328689419E+03,-1.098637267303E+03,265.)
  );
#4249 = SURFACE_CURVE('',#4250,(#4302,#4357),.PCURVE_S1.);
#4250 = B_SPLINE_CURVE_WITH_KNOTS('',8,(#4251,#4252,#4253,#4254,#4255,
    #4256,#4257,#4258,#4259,#4260,#4261,#4262,#4263,#4264,#4265,#4266,
    #4267,#4268,#4269,#4270,#4271,#4272,#4273,#4274,#4275,#4276,#4277,
    #4278,#4279,#4280,#4281,#4282,#4283,#4284,#4285,#4286,#4287,#4288,
    #4289,#4290,#4291,#4292,#4293,#4294,#4295,#4296,#4297,#4298,#4299,
    #4300,#4301),.UNSPECIFIED.,.F.,.F.,(9,7,7,7,7,7,7,9),(0.,
    9.118729935494E-02,0.176520056298,0.265617624819,0.358977283076,
    0.470241563913,0.610061940136,1.),.UNSPECIFIED.);
#4251 = CARTESIAN_POINT('',(1.645328689419E+03,-1.098637267303E+03,265.)
  );
#4252 = CARTESIAN_POINT('',(1.645233540104E+03,-1.098609910189E+03,
    265.25019423792));
#4253 = CARTESIAN_POINT('',(1.64514419628E+03,-1.09858176235E+03,
    265.50472410125));
#4254 = CARTESIAN_POINT('',(1.645060904837E+03,-1.098552829158E+03,
    265.76336389276));
#4255 = CARTESIAN_POINT('',(1.644983906891E+03,-1.098523120268E+03,
    266.0258580694));
#4256 = CARTESIAN_POINT('',(1.644913432984E+03,-1.098492650445E+03,
    266.29191881821));
#4257 = CARTESIAN_POINT('',(1.64484969828E+03,-1.098461440376E+03,
    266.5612236324));
#4258 = CARTESIAN_POINT('',(1.644792897764E+03,-1.098429517492E+03,
    266.83341288723));
#4259 = CARTESIAN_POINT('',(1.644696695789E+03,-1.098366409156E+03,
    267.36512688287));
#4260 = CARTESIAN_POINT('',(1.644656409001E+03,-1.098335306442E+03,
    267.62435555757));
#4261 = CARTESIAN_POINT('',(1.64462248165E+03,-1.098303638101E+03,
    267.88543941332));
#4262 = CARTESIAN_POINT('',(1.644595030629E+03,-1.098271437412E+03,
    268.14803184097));
#4263 = CARTESIAN_POINT('',(1.644574147209E+03,-1.09823874172E+03,
    268.41177342178));
#4264 = CARTESIAN_POINT('',(1.644559895099E+03,-1.098205592668E+03,
    268.67629170024));
#4265 = CARTESIAN_POINT('',(1.644552308514E+03,-1.098172036433E+03,
    268.94120095673));
#4266 = CARTESIAN_POINT('',(1.644550431436E+03,-1.098102715311E+03,
    269.48269022083));
#4267 = CARTESIAN_POINT('',(1.644556742282E+03,-1.098066915696E+03,
    269.7592898139));
#4268 = CARTESIAN_POINT('',(1.644570326598E+03,-1.098030783164E+03,
    270.03544487291));
#4269 = CARTESIAN_POINT('',(1.644591150612E+03,-1.097994377293E+03,
    270.3107158812));
#4270 = CARTESIAN_POINT('',(1.644619145278E+03,-1.097957758997E+03,
    270.58467938427));
#4271 = CARTESIAN_POINT('',(1.644654208602E+03,-1.097920990307E+03,
    270.85692768204));
#4272 = CARTESIAN_POINT('',(1.644696207963E+03,-1.097884134168E+03,
    271.12706852102));
#4273 = CARTESIAN_POINT('',(1.644796090108E+03,-1.097808610076E+03,
    271.6751847128));
#4274 = CARTESIAN_POINT('',(1.644854639766E+03,-1.09776993742E+03,
    271.95293371457));
#4275 = CARTESIAN_POINT('',(1.644920448236E+03,-1.097731307972E+03,
    272.22754838565));
#4276 = CARTESIAN_POINT('',(1.644993305071E+03,-1.097692790493E+03,
    272.49864962137));
#4277 = CARTESIAN_POINT('',(1.645072977945E+03,-1.097654450586E+03,
    272.76589972951));
#4278 = CARTESIAN_POINT('',(1.645159218035E+03,-1.0976163505E+03,
    273.02899954119));
#4279 = CARTESIAN_POINT('',(1.645251765409E+03,-1.097578548928E+03,
    273.28768552174));
#4280 = CARTESIAN_POINT('',(1.645467850929E+03,-1.097496470849E+03,
    273.84448858534));
#4281 = CARTESIAN_POINT('',(1.645593929954E+03,-1.097452342301E+03,
    274.14065765891));
#4282 = CARTESIAN_POINT('',(1.645728147834E+03,-1.097408805516E+03,
    274.42986192413));
#4283 = CARTESIAN_POINT('',(1.645870053995E+03,-1.097365942057E+03,
    274.71180365794));
#4284 = CARTESIAN_POINT('',(1.646019200606E+03,-1.09732382486E+03,
    274.98624984429));
#4285 = CARTESIAN_POINT('',(1.646175150805E+03,-1.097282518456E+03,
    275.25302382491));
#4286 = CARTESIAN_POINT('',(1.646337485466E+03,-1.097242079251E+03,
    275.51199834904));
#4287 = CARTESIAN_POINT('',(1.646717331867E+03,-1.097152888762E+03,
    276.0786246383));
#4288 = CARTESIAN_POINT('',(1.646938299907E+03,-1.097104670673E+03,
    276.38169262854));
#4289 = CARTESIAN_POINT('',(1.647167938906E+03,-1.097057994738E+03,
    276.67215220069));
#4290 = CARTESIAN_POINT('',(1.647405516111E+03,-1.097012939981E+03,
    276.94993192564));
#4291 = CARTESIAN_POINT('',(1.647650345734E+03,-1.096969572362E+03,
    277.215020404));
#4292 = CARTESIAN_POINT('',(1.647901794931E+03,-1.096927945834E+03,
    277.46745593288));
#4293 = CARTESIAN_POINT('',(1.64815928978E+03,-1.09688810339E+03,
    277.7073161727));
#4294 = CARTESIAN_POINT('',(1.649155876637E+03,-1.096744031345E+03,
    278.56886899867));
#4295 = CARTESIAN_POINT('',(1.649931522481E+03,-1.096652258956E+03,
    279.10521477155));
#4296 = CARTESIAN_POINT('',(1.650739171713E+03,-1.096575253003E+03,
    279.5475004956));
#4297 = CARTESIAN_POINT('',(1.651570326098E+03,-1.096513455781E+03,
    279.89795790605));
#4298 = CARTESIAN_POINT('',(1.652417577177E+03,-1.096467069036E+03,
    280.15889081591));
#4299 = CARTESIAN_POINT('',(1.653274738796E+03,-1.096436151015E+03,
    280.33208723516));
#4300 = CARTESIAN_POINT('',(1.654136761691E+03,-1.096420653651E+03,
    280.41890152187));
#4301 = CARTESIAN_POINT('',(1.655E+03,-1.096420653651E+03,
    280.41890152187));
#4302 = PCURVE('',#1275,#4303);
#4303 = DEFINITIONAL_REPRESENTATION('',(#4304),#4356);
#4304 = B_SPLINE_CURVE_WITH_KNOTS('',8,(#4305,#4306,#4307,#4308,#4309,
    #4310,#4311,#4312,#4313,#4314,#4315,#4316,#4317,#4318,#4319,#4320,
    #4321,#4322,#4323,#4324,#4325,#4326,#4327,#4328,#4329,#4330,#4331,
    #4332,#4333,#4334,#4335,#4336,#4337,#4338,#4339,#4340,#4341,#4342,
    #4343,#4344,#4345,#4346,#4347,#4348,#4349,#4350,#4351,#4352,#4353,
    #4354,#4355),.UNSPECIFIED.,.F.,.F.,(9,7,7,7,7,7,7,9),(0.,
    9.118729935494E-02,0.176520056298,0.265617624819,0.358977283076,
    0.470241563913,0.610061940136,1.),.UNSPECIFIED.);
#4305 = CARTESIAN_POINT('',(-9.315867127349,-1.645328689419E+03));
#4306 = CARTESIAN_POINT('',(-9.31477284276,-1.645233540104E+03));
#4307 = CARTESIAN_POINT('',(-9.313659445621,-1.64514419628E+03));
#4308 = CARTESIAN_POINT('',(-9.312527911968,-1.645060904837E+03));
#4309 = CARTESIAN_POINT('',(-9.311379348537,-1.644983906891E+03));
#4310 = CARTESIAN_POINT('',(-9.310215003672,-1.644913432984E+03));
#4311 = CARTESIAN_POINT('',(-9.309036278244,-1.64484969828E+03));
#4312 = CARTESIAN_POINT('',(-9.307844736569,-1.644792897764E+03));
#4313 = CARTESIAN_POINT('',(-9.305516710416,-1.644696695789E+03));
#4314 = CARTESIAN_POINT('',(-9.304381546612,-1.644656409001E+03));
#4315 = CARTESIAN_POINT('',(-9.303238081005,-1.64462248165E+03));
#4316 = CARTESIAN_POINT('',(-9.302087824807,-1.644595030629E+03));
#4317 = CARTESIAN_POINT('',(-9.300932346513,-1.644574147209E+03));
#4318 = CARTESIAN_POINT('',(-9.299773273077,-1.644559895099E+03));
#4319 = CARTESIAN_POINT('',(-9.298612291083,-1.644552308514E+03));
#4320 = CARTESIAN_POINT('',(-9.296238776062,-1.644550431436E+03));
#4321 = CARTESIAN_POINT('',(-9.295026139403,-1.644556742282E+03));
#4322 = CARTESIAN_POINT('',(-9.293815233328,-1.644570326598E+03));
#4323 = CARTESIAN_POINT('',(-9.292607983492,-1.644591150612E+03));
#4324 = CARTESIAN_POINT('',(-9.291406247099,-1.644619145278E+03));
#4325 = CARTESIAN_POINT('',(-9.290211814198,-1.644654208602E+03));
#4326 = CARTESIAN_POINT('',(-9.289026408963,-1.644696207963E+03));
#4327 = CARTESIAN_POINT('',(-9.286620778956,-1.644796090108E+03));
#4328 = CARTESIAN_POINT('',(-9.28540152632,-1.644854639766E+03));
#4329 = CARTESIAN_POINT('',(-9.284195796444,-1.644920448236E+03));
#4330 = CARTESIAN_POINT('',(-9.283005260391,-1.644993305071E+03));
#4331 = CARTESIAN_POINT('',(-9.281831409282,-1.645072977945E+03));
#4332 = CARTESIAN_POINT('',(-9.28067556665,-1.645159218035E+03));
#4333 = CARTESIAN_POINT('',(-9.279538900806,-1.645251765409E+03));
#4334 = CARTESIAN_POINT('',(-9.277091856902,-1.645467850929E+03));
#4335 = CARTESIAN_POINT('',(-9.275789951709,-1.645593929954E+03));
#4336 = CARTESIAN_POINT('',(-9.274518376174,-1.645728147834E+03));
#4337 = CARTESIAN_POINT('',(-9.273278459688,-1.645870053995E+03));
#4338 = CARTESIAN_POINT('',(-9.272071248516,-1.646019200606E+03));
#4339 = CARTESIAN_POINT('',(-9.270897541828,-1.646175150805E+03));
#4340 = CARTESIAN_POINT('',(-9.269757921702,-1.646337485466E+03));
#4341 = CARTESIAN_POINT('',(-9.267263996019,-1.646717331867E+03));
#4342 = CARTESIAN_POINT('',(-9.265929737988,-1.646938299907E+03));
#4343 = CARTESIAN_POINT('',(-9.264650670902,-1.647167938906E+03));
#4344 = CARTESIAN_POINT('',(-9.263427152241,-1.647405516111E+03));
#4345 = CARTESIAN_POINT('',(-9.262259273969,-1.647650345734E+03));
#4346 = CARTESIAN_POINT('',(-9.261146907413,-1.647901794931E+03));
#4347 = CARTESIAN_POINT('',(-9.260089748137,-1.64815928978E+03));
#4348 = CARTESIAN_POINT('',(-9.256291852923,-1.649155876637E+03));
#4349 = CARTESIAN_POINT('',(-9.253926041213,-1.649931522481E+03));
#4350 = CARTESIAN_POINT('',(-9.251974141236,-1.650739171713E+03));
#4351 = CARTESIAN_POINT('',(-9.250426909356,-1.651570326098E+03));
#4352 = CARTESIAN_POINT('',(-9.249274631371,-1.652417577177E+03));
#4353 = CARTESIAN_POINT('',(-9.248509699102,-1.653274738796E+03));
#4354 = CARTESIAN_POINT('',(-9.248126278792,-1.654136761691E+03));
#4355 = CARTESIAN_POINT('',(-9.248126278792,-1.655E+03));
#4356 = ( GEOMETRIC_REPRESENTATION_CONTEXT(2) 
PARAMETRIC_REPRESENTATION_CONTEXT() REPRESENTATION_CONTEXT('2D SPACE',''
  ) );
#4357 = PCURVE('',#4358,#4363);
#4358 = SPHERICAL_SURFACE('',#4359,35.);
#4359 = AXIS2_PLACEMENT_3D('',#4360,#4361,#4362);
#4360 = CARTESIAN_POINT('',(1.655E+03,-1.065E+03,265.));
#4361 = DIRECTION('',(-0.,-0.,-1.));
#4362 = DIRECTION('',(-1.,0.,0.));
#4363 = DEFINITIONAL_REPRESENTATION('',(#4364),#4416);
#4364 = B_SPLINE_CURVE_WITH_KNOTS('',8,(#4365,#4366,#4367,#4368,#4369,
    #4370,#4371,#4372,#4373,#4374,#4375,#4376,#4377,#4378,#4379,#4380,
    #4381,#4382,#4383,#4384,#4385,#4386,#4387,#4388,#4389,#4390,#4391,
    #4392,#4393,#4394,#4395,#4396,#4397,#4398,#4399,#4400,#4401,#4402,
    #4403,#4404,#4405,#4406,#4407,#4408,#4409,#4410,#4411,#4412,#4413,
    #4414,#4415),.UNSPECIFIED.,.F.,.F.,(9,7,7,7,7,7,7,9),(0.,
    9.118729935494E-02,0.176520056298,0.265617624819,0.358977283076,
    0.470241563913,0.610061940136,1.),.UNSPECIFIED.);
#4365 = CARTESIAN_POINT('',(-1.290830132283,0.));
#4366 = CARTESIAN_POINT('',(-1.288001444849,-7.148406797747E-03));
#4367 = CARTESIAN_POINT('',(-1.285325927777,-1.442069022322E-02));
#4368 = CARTESIAN_POINT('',(-1.282809707284,-2.181095332265E-02));
#4369 = CARTESIAN_POINT('',(-1.280458836606,-2.931253619893E-02));
#4370 = CARTESIAN_POINT('',(-1.278279200256,-3.691793354067E-02));
#4371 = CARTESIAN_POINT('',(-1.276276418279,-4.461871215114E-02));
#4372 = CARTESIAN_POINT('',(-1.274455750501,-5.240542847729E-02));
#4373 = CARTESIAN_POINT('',(-1.271293143501,-6.762488844635E-02));
#4374 = CARTESIAN_POINT('',(-1.269927896694,-7.504862686766E-02));
#4375 = CARTESIAN_POINT('',(-1.268730230978,-8.252992301497E-02));
#4376 = CARTESIAN_POINT('',(-1.267703634171,-9.005960423143E-02));
#4377 = CARTESIAN_POINT('',(-1.266851065574,-9.762813623944E-02));
#4378 = CARTESIAN_POINT('',(-1.26617491025,-0.105225595789));
#4379 = CARTESIAN_POINT('',(-1.265676933299,-0.112841643306));
#4380 = CARTESIAN_POINT('',(-1.265025474227,-0.128425705913));
#4381 = CARTESIAN_POINT('',(-1.264888136583,-0.136395008459));
#4382 = CARTESIAN_POINT('',(-1.264947477159,-0.144361088804));
#4383 = CARTESIAN_POINT('',(-1.26520391714,-0.15231202987));
#4384 = CARTESIAN_POINT('',(-1.265657078769,-0.160236285876));
#4385 = CARTESIAN_POINT('',(-1.266305821188,-0.168122656342));
#4386 = CARTESIAN_POINT('',(-1.267148276273,-0.175960260084));
#4387 = CARTESIAN_POINT('',(-1.269264936559,-0.191888840289));
#4388 = CARTESIAN_POINT('',(-1.270557932158,-0.199974497108));
#4389 = CARTESIAN_POINT('',(-1.272057963519,-0.207983612653));
#4390 = CARTESIAN_POINT('',(-1.273761432414,-0.215905431876));
#4391 = CARTESIAN_POINT('',(-1.275664155824,-0.223730235016));
#4392 = CARTESIAN_POINT('',(-1.277761471632,-0.23144926092));
#4393 = CARTESIAN_POINT('',(-1.280048344311,-0.239054630355));
#4394 = CARTESIAN_POINT('',(-1.285464512363,-0.255459320958));
#4395 = CARTESIAN_POINT('',(-1.288671291128,-0.264208022868));
#4396 = CARTESIAN_POINT('',(-1.292130984252,-0.27277395339));
#4397 = CARTESIAN_POINT('',(-1.295834367758,-0.281147581617));
#4398 = CARTESIAN_POINT('',(-1.299772009549,-0.289321026663));
#4399 = CARTESIAN_POINT('',(-1.303934446807,-0.297287859175));
#4400 = CARTESIAN_POINT('',(-1.308312347594,-0.305042945103));
#4401 = CARTESIAN_POINT('',(-1.31865753346,-0.3220567099));
#4402 = CARTESIAN_POINT('',(-1.324744024978,-0.331189917178));
#4403 = CARTESIAN_POINT('',(-1.331138522201,-0.339974802423));
#4404 = CARTESIAN_POINT('',(-1.337823607952,-0.34840601799));
#4405 = CARTESIAN_POINT('',(-1.34478225767,-0.356479812872));
#4406 = CARTESIAN_POINT('',(-1.351998040193,-0.36419382585));
#4407 = CARTESIAN_POINT('',(-1.35945531855,-0.371546878643));
#4408 = CARTESIAN_POINT('',(-1.388569343035,-0.398038102815));
#4409 = CARTESIAN_POINT('',(-1.411735342727,-0.414702610058));
#4410 = CARTESIAN_POINT('',(-1.436346191458,-0.42857113246));
#4411 = CARTESIAN_POINT('',(-1.462111002255,-0.439641485534));
#4412 = CARTESIAN_POINT('',(-1.488725045363,-0.447924987074));
#4413 = CARTESIAN_POINT('',(-1.515887813694,-0.453437181801));
#4414 = CARTESIAN_POINT('',(-1.543322731932,-0.456200148278));
#4415 = CARTESIAN_POINT('',(-1.570796326795,-0.456200148278));
#4416 = ( GEOMETRIC_REPRESENTATION_CONTEXT(2) 
PARAMETRIC_REPRESENTATION_CONTEXT() REPRESENTATION_CONTEXT('2D SPACE',''
  ) );
#4417 = ORIENTED_EDGE('',*,*,#4418,.T.);
#4418 = EDGE_CURVE('',#4247,#4419,#4421,.T.);
#4419 = VERTEX_POINT('',#4420);
#4420 = CARTESIAN_POINT('',(1.655E+03,-1.1E+03,240.));
#4421 = SURFACE_CURVE('',#4422,(#4429,#4439),.PCURVE_S1.);
#4422 = B_SPLINE_CURVE_WITH_KNOTS('',5,(#4423,#4424,#4425,#4426,#4427,
    #4428),.UNSPECIFIED.,.F.,.F.,(6,6),(0.,1.),
  .PIECEWISE_BEZIER_KNOTS.);
#4423 = CARTESIAN_POINT('',(1.645328689191E+03,-1.098637267238E+03,
    265.0000006));
#4424 = CARTESIAN_POINT('',(1.647231011551E+03,-1.09918421865E+03,
    259.99786167544));
#4425 = CARTESIAN_POINT('',(1.649157746482E+03,-1.099592592205E+03,
    254.99705725077));
#4426 = CARTESIAN_POINT('',(1.651099976845E+03,-1.099864187215E+03,
    249.99762967358));
#4427 = CARTESIAN_POINT('',(1.653049934539E+03,-1.100000000022E+03,
    244.99895361884));
#4428 = CARTESIAN_POINT('',(1.655E+03,-1.1E+03,240.));
#4429 = PCURVE('',#1275,#4430);
#4430 = DEFINITIONAL_REPRESENTATION('',(#4431),#4438);
#4431 = B_SPLINE_CURVE_WITH_KNOTS('',5,(#4432,#4433,#4434,#4435,#4436,
    #4437),.UNSPECIFIED.,.F.,.F.,(6,6),(0.,1.),
  .PIECEWISE_BEZIER_KNOTS.);
#4432 = CARTESIAN_POINT('',(-9.315867124724,-1.645328689191E+03));
#4433 = CARTESIAN_POINT('',(-9.337745180673,-1.647231011551E+03));
#4434 = CARTESIAN_POINT('',(-9.3595519777,-1.649157746482E+03));
#4435 = CARTESIAN_POINT('',(-9.381310004073,-1.651099976845E+03));
#4436 = CARTESIAN_POINT('',(-9.403043380213,-1.653049934539E+03));
#4437 = CARTESIAN_POINT('',(-9.424777960769,-1.655E+03));
#4438 = ( GEOMETRIC_REPRESENTATION_CONTEXT(2) 
PARAMETRIC_REPRESENTATION_CONTEXT() REPRESENTATION_CONTEXT('2D SPACE',''
  ) );
#4439 = PCURVE('',#4440,#4445);
#4440 = CYLINDRICAL_SURFACE('',#4441,35.);
#4441 = AXIS2_PLACEMENT_3D('',#4442,#4443,#4444);
#4442 = CARTESIAN_POINT('',(1.655E+03,-1.065E+03,120.));
#4443 = DIRECTION('',(0.,0.,1.));
#4444 = DIRECTION('',(-1.,-0.,0.));
#4445 = DEFINITIONAL_REPRESENTATION('',(#4446),#4453);
#4446 = B_SPLINE_CURVE_WITH_KNOTS('',5,(#4447,#4448,#4449,#4450,#4451,
    #4452),.UNSPECIFIED.,.F.,.F.,(6,6),(0.,1.),
  .PIECEWISE_BEZIER_KNOTS.);
#4447 = CARTESIAN_POINT('',(1.2908301255,145.0000006));
#4448 = CARTESIAN_POINT('',(1.347384135874,139.99786167544));
#4449 = CARTESIAN_POINT('',(1.40351444052,134.99705725076));
#4450 = CARTESIAN_POINT('',(1.459367111346,129.99762967358));
#4451 = CARTESIAN_POINT('',(1.515080165625,124.99895361884));
#4452 = CARTESIAN_POINT('',(1.570796326795,120.));
#4453 = ( GEOMETRIC_REPRESENTATION_CONTEXT(2) 
PARAMETRIC_REPRESENTATION_CONTEXT() REPRESENTATION_CONTEXT('2D SPACE',''
  ) );
#4454 = ORIENTED_EDGE('',*,*,#4455,.F.);
#4455 = EDGE_CURVE('',#4456,#4419,#4458,.T.);
#4456 = VERTEX_POINT('',#4457);
#4457 = CARTESIAN_POINT('',(1.625425178524E+03,-1.083717102732E+03,155.)
  );
#4458 = SURFACE_CURVE('',#4459,(#4474,#4492),.PCURVE_S1.);
#4459 = B_SPLINE_CURVE_WITH_KNOTS('',7,(#4460,#4461,#4462,#4463,#4464,
    #4465,#4466,#4467,#4468,#4469,#4470,#4471,#4472,#4473),
  .UNSPECIFIED.,.F.,.F.,(8,6,8),(0.,0.512771280617,1.),.UNSPECIFIED.);
#4460 = CARTESIAN_POINT('',(1.625425178373E+03,-1.083717102493E+03,
    154.9999994));
#4461 = CARTESIAN_POINT('',(1.626993832123E+03,-1.086195726248E+03,
    161.23204979193));
#4462 = CARTESIAN_POINT('',(1.628749404856E+03,-1.088433384535E+03,
    167.47563664814));
#4463 = CARTESIAN_POINT('',(1.630651940235E+03,-1.090435160566E+03,
    173.71758066984));
#4464 = CARTESIAN_POINT('',(1.632671421757E+03,-1.092209317287E+03,
    179.95128868013));
#4465 = CARTESIAN_POINT('',(1.634785196907E+03,-1.093764623975E+03,
    186.17616175471));
#4466 = CARTESIAN_POINT('',(1.636976576121E+03,-1.095108912027E+03,
    192.39698001718));
#4467 = CARTESIAN_POINT('',(1.641377964025E+03,-1.097329703647E+03,
    204.54040219668));
#4468 = CARTESIAN_POINT('',(1.643579241169E+03,-1.098224979227E+03,
    210.45589600918));
#4469 = CARTESIAN_POINT('',(1.645823010702E+03,-1.09893707106E+03,
    216.36861294763));
#4470 = CARTESIAN_POINT('',(1.648097194922E+03,-1.099468999643E+03,
    222.2781908269));
#4471 = CARTESIAN_POINT('',(1.650391177109E+03,-1.099822937948E+03,
    228.18537584015));
#4472 = CARTESIAN_POINT('',(1.652695251945E+03,-1.099999999987E+03,
    234.09182494308));
#4473 = CARTESIAN_POINT('',(1.655E+03,-1.1E+03,240.));
#4474 = PCURVE('',#1275,#4475);
#4475 = DEFINITIONAL_REPRESENTATION('',(#4476),#4491);
#4476 = B_SPLINE_CURVE_WITH_KNOTS('',7,(#4477,#4478,#4479,#4480,#4481,
    #4482,#4483,#4484,#4485,#4486,#4487,#4488,#4489,#4490),
  .UNSPECIFIED.,.F.,.F.,(8,6,8),(0.,0.512771280617,1.),.UNSPECIFIED.);
#4477 = CARTESIAN_POINT('',(-9.803319032438,-1.625425178373E+03));
#4478 = CARTESIAN_POINT('',(-9.774158753176,-1.626993832123E+03));
#4479 = CARTESIAN_POINT('',(-9.745339052276,-1.628749404856E+03));
#4480 = CARTESIAN_POINT('',(-9.716864497181,-1.630651940235E+03));
#4481 = CARTESIAN_POINT('',(-9.688712242223,-1.632671421757E+03));
#4482 = CARTESIAN_POINT('',(-9.660838582551,-1.634785196907E+03));
#4483 = CARTESIAN_POINT('',(-9.633181356239,-1.636976576121E+03));
#4484 = CARTESIAN_POINT('',(-9.579508219321,-1.641377964025E+03));
#4485 = CARTESIAN_POINT('',(-9.553508033895,-1.643579241169E+03));
#4486 = CARTESIAN_POINT('',(-9.527633792215,-1.645823010702E+03));
#4487 = CARTESIAN_POINT('',(-9.501856989816,-1.648097194922E+03));
#4488 = CARTESIAN_POINT('',(-9.476145892109,-1.650391177109E+03));
#4489 = CARTESIAN_POINT('',(-9.45046567837,-1.652695251945E+03));
#4490 = CARTESIAN_POINT('',(-9.424777960769,-1.655E+03));
#4491 = ( GEOMETRIC_REPRESENTATION_CONTEXT(2) 
PARAMETRIC_REPRESENTATION_CONTEXT() REPRESENTATION_CONTEXT('2D SPACE',''
  ) );
#4492 = PCURVE('',#4493,#4498);
#4493 = CYLINDRICAL_SURFACE('',#4494,35.);
#4494 = AXIS2_PLACEMENT_3D('',#4495,#4496,#4497);
#4495 = CARTESIAN_POINT('',(1.655E+03,-1.065E+03,120.));
#4496 = DIRECTION('',(0.,0.,1.));
#4497 = DIRECTION('',(-1.,-0.,0.));
#4498 = DEFINITIONAL_REPRESENTATION('',(#4499),#4514);
#4499 = B_SPLINE_CURVE_WITH_KNOTS('',7,(#4500,#4501,#4502,#4503,#4504,
    #4505,#4506,#4507,#4508,#4509,#4510,#4511,#4512,#4513),
  .UNSPECIFIED.,.F.,.F.,(8,6,8),(0.,0.512771280617,1.),.UNSPECIFIED.);
#4500 = CARTESIAN_POINT('',(0.564240689748,34.9999994));
#4501 = CARTESIAN_POINT('',(0.648049268076,41.232049791933));
#4502 = CARTESIAN_POINT('',(0.728896309213,47.475636648147));
#4503 = CARTESIAN_POINT('',(0.807255217218,53.717580669846));
#4504 = CARTESIAN_POINT('',(0.883523746623,59.951288680129));
#4505 = CARTESIAN_POINT('',(0.958075909239,66.176161754713));
#4506 = CARTESIAN_POINT('',(1.03127606991,72.396980017181));
#4507 = CARTESIAN_POINT('',(1.172130984111,84.54040219668));
#4508 = CARTESIAN_POINT('',(1.239804586911,90.455896009188));
#4509 = CARTESIAN_POINT('',(1.306732341645,96.368612947626));
#4510 = CARTESIAN_POINT('',(1.373106936457,102.27819082691));
#4511 = CARTESIAN_POINT('',(1.439115675739,108.18537584014));
#4512 = CARTESIAN_POINT('',(1.50494638176,114.09182494308));
#4513 = CARTESIAN_POINT('',(1.570796326795,120.));
#4514 = ( GEOMETRIC_REPRESENTATION_CONTEXT(2) 
PARAMETRIC_REPRESENTATION_CONTEXT() REPRESENTATION_CONTEXT('2D SPACE',''
  ) );
#4515 = ORIENTED_EDGE('',*,*,#4516,.F.);
#4516 = EDGE_CURVE('',#1343,#4456,#4517,.T.);
#4517 = SURFACE_CURVE('',#4518,(#4546,#4577),.PCURVE_S1.);
#4518 = B_SPLINE_CURVE_WITH_KNOTS('',6,(#4519,#4520,#4521,#4522,#4523,
    #4524,#4525,#4526,#4527,#4528,#4529,#4530,#4531,#4532,#4533,#4534,
    #4535,#4536,#4537,#4538,#4539,#4540,#4541,#4542,#4543,#4544,#4545),
  .UNSPECIFIED.,.F.,.F.,(7,5,5,5,5,7),(0.,0.311243516425,0.461755036604,
    0.553632803182,0.751650163407,1.),.UNSPECIFIED.);
#4519 = CARTESIAN_POINT('',(1.631523660438E+03,-1.071990098767E+03,130.)
  );
#4520 = CARTESIAN_POINT('',(1.630682524008E+03,-1.072497510321E+03,
    130.9317464534));
#4521 = CARTESIAN_POINT('',(1.629880934799E+03,-1.073029701042E+03,
    131.92127343714));
#4522 = CARTESIAN_POINT('',(1.629124090004E+03,-1.073585626405E+03,
    132.96938152536));
#4523 = CARTESIAN_POINT('',(1.62841821749E+03,-1.074163631857E+03,
    134.07602816719));
#4524 = CARTESIAN_POINT('',(1.62777026398E+03,-1.074761316049E+03,
    135.23996814942));
#4525 = CARTESIAN_POINT('',(1.626905385553E+03,-1.075672387493E+03,
    137.04707785605));
#4526 = CARTESIAN_POINT('',(1.626638684499E+03,-1.075973181425E+03,
    137.64874580104));
#4527 = CARTESIAN_POINT('',(1.626388003732E+03,-1.076277416031E+03,
    138.26265383281));
#4528 = CARTESIAN_POINT('',(1.626154159125E+03,-1.076584654097E+03,
    138.88829455194));
#4529 = CARTESIAN_POINT('',(1.62593794339E+03,-1.076894404535E+03,
    139.52502222055));
#4530 = CARTESIAN_POINT('',(1.625619323715E+03,-1.077396404311E+03,
    140.56698899085));
#4531 = CARTESIAN_POINT('',(1.625505395282E+03,-1.077587420708E+03,
    140.96577909721));
#4532 = CARTESIAN_POINT('',(1.625398479622E+03,-1.077779045798E+03,
    141.36821749738));
#4533 = CARTESIAN_POINT('',(1.625298736278E+03,-1.077971149218E+03,
    141.77410158068));
#4534 = CARTESIAN_POINT('',(1.625206313221E+03,-1.078163594852E+03,
    142.18320847205));
#4535 = CARTESIAN_POINT('',(1.624938216129E+03,-1.078771436961E+03,
    143.48343000681));
#4536 = CARTESIAN_POINT('',(1.624789697179E+03,-1.079187596132E+03,
    144.38546824956));
#4537 = CARTESIAN_POINT('',(1.624677157644E+03,-1.079603245929E+03,
    145.2988471397));
#4538 = CARTESIAN_POINT('',(1.624601573008E+03,-1.080016903614E+03,
    146.22076198513));
#4539 = CARTESIAN_POINT('',(1.624563485162E+03,-1.080427094438E+03,
    147.14814938563));
#4540 = CARTESIAN_POINT('',(1.624562144786E+03,-1.081340636662E+03,
    149.24344275671));
#4541 = CARTESIAN_POINT('',(1.624620374852E+03,-1.081841276771E+03,
    150.41282115983));
#4542 = CARTESIAN_POINT('',(1.624737619943E+03,-1.082331340423E+03,
    151.57907135172));
#4543 = CARTESIAN_POINT('',(1.624912529438E+03,-1.082808486341E+03,
    152.73603067133));
#4544 = CARTESIAN_POINT('',(1.625142775324E+03,-1.08327087853E+03,
    153.87805007694));
#4545 = CARTESIAN_POINT('',(1.625425178524E+03,-1.083717102732E+03,155.)
  );
#4546 = PCURVE('',#1275,#4547);
#4547 = DEFINITIONAL_REPRESENTATION('',(#4548),#4576);
#4548 = B_SPLINE_CURVE_WITH_KNOTS('',6,(#4549,#4550,#4551,#4552,#4553,
    #4554,#4555,#4556,#4557,#4558,#4559,#4560,#4561,#4562,#4563,#4564,
    #4565,#4566,#4567,#4568,#4569,#4570,#4571,#4572,#4573,#4574,#4575),
  .UNSPECIFIED.,.F.,.F.,(7,5,5,5,5,7),(0.,0.311243516425,0.461755036604,
    0.553632803182,0.751650163407,1.),.UNSPECIFIED.);
#4549 = CARTESIAN_POINT('',(-9.923451307831,-1.631523660438E+03));
#4550 = CARTESIAN_POINT('',(-9.918838475524,-1.630682524008E+03));
#4551 = CARTESIAN_POINT('',(-9.913953492055,-1.629880934799E+03));
#4552 = CARTESIAN_POINT('',(-9.90879529498,-1.629124090004E+03));
#4553 = CARTESIAN_POINT('',(-9.903367209289,-1.62841821749E+03));
#4554 = CARTESIAN_POINT('',(-9.897678550554,-1.62777026398E+03));
#4555 = CARTESIAN_POINT('',(-9.888879495066,-1.626905385553E+03));
#4556 = CARTESIAN_POINT('',(-9.885954871225,-1.626638684499E+03));
#4557 = CARTESIAN_POINT('',(-9.882975950475,-1.626388003732E+03));
#4558 = CARTESIAN_POINT('',(-9.879945507319,-1.626154159125E+03));
#4559 = CARTESIAN_POINT('',(-9.876866951068,-1.62593794339E+03));
#4560 = CARTESIAN_POINT('',(-9.871838302469,-1.625619323715E+03));
#4561 = CARTESIAN_POINT('',(-9.869915797175,-1.625505395282E+03));
#4562 = CARTESIAN_POINT('',(-9.867977840605,-1.625398479622E+03));
#4563 = CARTESIAN_POINT('',(-9.866025458826,-1.625298736278E+03));
#4564 = CARTESIAN_POINT('',(-9.864059767248,-1.625206313221E+03));
#4565 = CARTESIAN_POINT('',(-9.857819390053,-1.624938216129E+03));
#4566 = CARTESIAN_POINT('',(-9.853500275505,-1.624789697179E+03));
#4567 = CARTESIAN_POINT('',(-9.849137292286,-1.624677157644E+03));
#4568 = CARTESIAN_POINT('',(-9.844744059351,-1.624601573008E+03));
#4569 = CARTESIAN_POINT('',(-9.840335194068,-1.624563485162E+03));
#4570 = CARTESIAN_POINT('',(-9.830396997807,-1.624562144786E+03));
#4571 = CARTESIAN_POINT('',(-9.824866509756,-1.624620374852E+03));
#4572 = CARTESIAN_POINT('',(-9.819366563258,-1.624737619943E+03));
#4573 = CARTESIAN_POINT('',(-9.813925482554,-1.624912529438E+03));
#4574 = CARTESIAN_POINT('',(-9.808568726116,-1.625142775324E+03));
#4575 = CARTESIAN_POINT('',(-9.803319029631,-1.625425178524E+03));
#4576 = ( GEOMETRIC_REPRESENTATION_CONTEXT(2) 
PARAMETRIC_REPRESENTATION_CONTEXT() REPRESENTATION_CONTEXT('2D SPACE',''
  ) );
#4577 = PCURVE('',#1359,#4578);
#4578 = DEFINITIONAL_REPRESENTATION('',(#4579),#4607);
#4579 = B_SPLINE_CURVE_WITH_KNOTS('',6,(#4580,#4581,#4582,#4583,#4584,
    #4585,#4586,#4587,#4588,#4589,#4590,#4591,#4592,#4593,#4594,#4595,
    #4596,#4597,#4598,#4599,#4600,#4601,#4602,#4603,#4604,#4605,#4606),
  .UNSPECIFIED.,.F.,.F.,(7,5,5,5,5,7),(0.,0.311243516425,0.461755036604,
    0.553632803182,0.751650163407,1.),.UNSPECIFIED.);
#4580 = CARTESIAN_POINT('',(0.289392028358,-0.795602953485));
#4581 = CARTESIAN_POINT('',(0.299446260375,-0.75756456381));
#4582 = CARTESIAN_POINT('',(0.309993952454,-0.718939393229));
#4583 = CARTESIAN_POINT('',(0.321021949127,-0.67969825435));
#4584 = CARTESIAN_POINT('',(0.332532657499,-0.639834848808));
#4585 = CARTESIAN_POINT('',(0.344537919949,-0.599363023041));
#4586 = CARTESIAN_POINT('',(0.363110278326,-0.538486712752));
#4587 = CARTESIAN_POINT('',(0.369283791511,-0.518513384165));
#4588 = CARTESIAN_POINT('',(0.37557881818,-0.498416068268));
#4589 = CARTESIAN_POINT('',(0.381997375277,-0.478203222538));
#4590 = CARTESIAN_POINT('',(0.38854152146,-0.457885841589));
#4591 = CARTESIAN_POINT('',(0.399285743854,-0.425020173684));
#4592 = CARTESIAN_POINT('',(0.403405857228,-0.412528656813));
#4593 = CARTESIAN_POINT('',(0.407573900864,-0.400006574041));
#4594 = CARTESIAN_POINT('',(0.411790303123,-0.387457439783));
#4595 = CARTESIAN_POINT('',(0.416055471636,-0.374885129007));
#4596 = CARTESIAN_POINT('',(0.429668037511,-0.33515704413));
#4597 = CARTESIAN_POINT('',(0.439195199787,-0.307930334631));
#4598 = CARTESIAN_POINT('',(0.448953674754,-0.280660237435));
#4599 = CARTESIAN_POINT('',(0.458946975214,-0.25339491983));
#4600 = CARTESIAN_POINT('',(0.469178814696,-0.226186458335));
#4601 = CARTESIAN_POINT('',(0.492783271301,-0.165114532163));
#4602 = CARTESIAN_POINT('',(0.506296009811,-0.131309984605));
#4603 = CARTESIAN_POINT('',(0.520189317417,-9.780012682186E-02));
#4604 = CARTESIAN_POINT('',(0.534471338649,-6.468483331972E-02));
#4605 = CARTESIAN_POINT('',(0.549152721661,-3.205571208721E-02));
#4606 = CARTESIAN_POINT('',(0.564240697817,0.));
#4607 = ( GEOMETRIC_REPRESENTATION_CONTEXT(2) 
PARAMETRIC_REPRESENTATION_CONTEXT() REPRESENTATION_CONTEXT('2D SPACE',''
  ) );
#4608 = ORIENTED_EDGE('',*,*,#1371,.T.);
#4609 = ORIENTED_EDGE('',*,*,#4610,.F.);
#4610 = EDGE_CURVE('',#4611,#1372,#4613,.T.);
#4611 = VERTEX_POINT('',#4612);
#4612 = CARTESIAN_POINT('',(74.574821475941,-1.083717102732E+03,155.));
#4613 = SURFACE_CURVE('',#4614,(#4642,#4673),.PCURVE_S1.);
#4614 = B_SPLINE_CURVE_WITH_KNOTS('',6,(#4615,#4616,#4617,#4618,#4619,
    #4620,#4621,#4622,#4623,#4624,#4625,#4626,#4627,#4628,#4629,#4630,
    #4631,#4632,#4633,#4634,#4635,#4636,#4637,#4638,#4639,#4640,#4641),
  .UNSPECIFIED.,.F.,.F.,(7,5,5,5,5,7),(0.,0.247344909561,0.445690806645,
    0.537407395597,0.689042463906,1.),.UNSPECIFIED.);
#4615 = CARTESIAN_POINT('',(74.574821475941,-1.083717102732E+03,155.));
#4616 = CARTESIAN_POINT('',(74.856082088775,-1.083272683927E+03,
    153.88258942096));
#4617 = CARTESIAN_POINT('',(75.085605931914,-1.082812228728E+03,
    152.74527401462));
#4618 = CARTESIAN_POINT('',(75.260253705394,-1.082337133038E+03,
    151.59311800381));
#4619 = CARTESIAN_POINT('',(75.377721746647,-1.081849208433E+03,
    150.43169891452));
#4620 = CARTESIAN_POINT('',(75.436667269496,-1.081350764339E+03,
    149.26710222403));
#4621 = CARTESIAN_POINT('',(75.437470566857,-1.080438887008E+03,
    147.17486069816));
#4622 = CARTESIAN_POINT('',(75.40021034439,-1.080028103629E+03,
    146.24581755209));
#4623 = CARTESIAN_POINT('',(75.325320817611,-1.079613814189E+03,
    145.32220638035));
#4624 = CARTESIAN_POINT('',(75.213339912616,-1.079197500251E+03,
    144.40710870273));
#4625 = CARTESIAN_POINT('',(75.065242808261,-1.078780652342E+03,
    143.50334716669));
#4626 = CARTESIAN_POINT('',(74.797857436226,-1.078172436155E+03,
    142.20202906396));
#4627 = CARTESIAN_POINT('',(74.705879642394,-1.077980316306E+03,
    141.79351811288));
#4628 = CARTESIAN_POINT('',(74.606602753038,-1.077788533181E+03,
    141.38821152616));
#4629 = CARTESIAN_POINT('',(74.500173656129,-1.077597222307E+03,
    140.98633148784));
#4630 = CARTESIAN_POINT('',(74.386750789017,-1.077406513524E+03,
    140.58808007223));
#4631 = CARTESIAN_POINT('',(74.067692834495,-1.076902432373E+03,
    139.54151402011));
#4632 = CARTESIAN_POINT('',(73.850223415885,-1.07659031717E+03,
    138.89980436055));
#4633 = CARTESIAN_POINT('',(73.614848926347,-1.076280744704E+03,
    138.26933837671));
#4634 = CARTESIAN_POINT('',(73.362379789421,-1.075974217635E+03,
    137.65077761214));
#4635 = CARTESIAN_POINT('',(73.093650430313,-1.075671183151E+03,
    137.04464107171));
#4636 = CARTESIAN_POINT('',(72.226759219427,-1.074758570783E+03,
    135.23462212705));
#4637 = CARTESIAN_POINT('',(71.57918831804,-1.074161507935E+03,
    134.07196180342));
#4638 = CARTESIAN_POINT('',(70.873824028906,-1.073584094348E+03,
    132.96649311253));
#4639 = CARTESIAN_POINT('',(70.117592446208,-1.073028723296E+03,
    131.9194554802));
#4640 = CARTESIAN_POINT('',(69.316703298231,-1.072497044197E+03,
    130.93089052217));
#4641 = CARTESIAN_POINT('',(68.47633956187,-1.071990098767E+03,130.));
#4642 = PCURVE('',#1275,#4643);
#4643 = DEFINITIONAL_REPRESENTATION('',(#4644),#4672);
#4644 = B_SPLINE_CURVE_WITH_KNOTS('',6,(#4645,#4646,#4647,#4648,#4649,
    #4650,#4651,#4652,#4653,#4654,#4655,#4656,#4657,#4658,#4659,#4660,
    #4661,#4662,#4663,#4664,#4665,#4666,#4667,#4668,#4669,#4670,#4671),
  .UNSPECIFIED.,.F.,.F.,(7,5,5,5,5,7),(0.,0.247344909561,0.445690806645,
    0.537407395597,0.689042463906,1.),.UNSPECIFIED.);
#4645 = CARTESIAN_POINT('',(-9.803319029631,-74.57482147594));
#4646 = CARTESIAN_POINT('',(-9.80854748615,-74.85608208877));
#4647 = CARTESIAN_POINT('',(-9.813882125967,-75.08560593191));
#4648 = CARTESIAN_POINT('',(-9.819300503741,-75.26025370539));
#4649 = CARTESIAN_POINT('',(-9.824777485138,-75.37772174664));
#4650 = CARTESIAN_POINT('',(-9.830285104731,-75.43666726949));
#4651 = CARTESIAN_POINT('',(-9.840208244965,-75.43747056685));
#4652 = CARTESIAN_POINT('',(-9.844624735762,-75.40021034439));
#4653 = CARTESIAN_POINT('',(-9.849025821687,-75.32532081761));
#4654 = CARTESIAN_POINT('',(-9.853396802269,-75.21333991261));
#4655 = CARTESIAN_POINT('',(-9.857723974422,-75.06524280826));
#4656 = CARTESIAN_POINT('',(-9.863969359461,-74.79785743622));
#4657 = CARTESIAN_POINT('',(-9.865932103552,-74.70587964239));
#4658 = CARTESIAN_POINT('',(-9.867881620132,-74.60660275303));
#4659 = CARTESIAN_POINT('',(-9.869816797552,-74.50017365612));
#4660 = CARTESIAN_POINT('',(-9.871736612793,-74.38675078901));
#4661 = CARTESIAN_POINT('',(-9.876787204307,-74.06769283449));
#4662 = CARTESIAN_POINT('',(-9.879889736057,-73.85022341588));
#4663 = CARTESIAN_POINT('',(-9.882943483659,-73.61484892634));
#4664 = CARTESIAN_POINT('',(-9.885944955191,-73.36237978942));
#4665 = CARTESIAN_POINT('',(-9.88889131275,-73.09365043031));
#4666 = CARTESIAN_POINT('',(-9.897704678945,-72.22675921942));
#4667 = CARTESIAN_POINT('',(-9.903387154836,-71.57918831804));
#4668 = CARTESIAN_POINT('',(-9.908809510159,-70.8738240289));
#4669 = CARTESIAN_POINT('',(-9.913962466748,-70.1175924462));
#4670 = CARTESIAN_POINT('',(-9.918842713015,-69.31670329823));
#4671 = CARTESIAN_POINT('',(-9.923451307831,-68.47633956187));
#4672 = ( GEOMETRIC_REPRESENTATION_CONTEXT(2) 
PARAMETRIC_REPRESENTATION_CONTEXT() REPRESENTATION_CONTEXT('2D SPACE',''
  ) );
#4673 = PCURVE('',#1411,#4674);
#4674 = DEFINITIONAL_REPRESENTATION('',(#4675),#4703);
#4675 = B_SPLINE_CURVE_WITH_KNOTS('',6,(#4676,#4677,#4678,#4679,#4680,
    #4681,#4682,#4683,#4684,#4685,#4686,#4687,#4688,#4689,#4690,#4691,
    #4692,#4693,#4694,#4695,#4696,#4697,#4698,#4699,#4700,#4701,#4702),
  .UNSPECIFIED.,.F.,.F.,(7,5,5,5,5,7),(0.,0.247344909561,0.445690806645,
    0.537407395597,0.689042463906,1.),.UNSPECIFIED.);
#4676 = CARTESIAN_POINT('',(-0.564240697817,1.665334536938E-15));
#4677 = CARTESIAN_POINT('',(-0.549213766734,-3.192601654395E-02));
#4678 = CARTESIAN_POINT('',(-0.53459018002,-6.442073791446E-02));
#4679 = CARTESIAN_POINT('',(-0.520362743484,-9.73980767155E-02));
#4680 = CARTESIAN_POINT('',(-0.506520944718,-0.130767582135));
#4681 = CARTESIAN_POINT('',(-0.493056737036,-0.164430614971));
#4682 = CARTESIAN_POINT('',(-0.469474322586,-0.225403459288));
#4683 = CARTESIAN_POINT('',(-0.459219844876,-0.252655476818));
#4684 = CARTESIAN_POINT('',(-0.449204752559,-0.279965549419));
#4685 = CARTESIAN_POINT('',(-0.439425313843,-0.307281301271));
#4686 = CARTESIAN_POINT('',(-0.429878002691,-0.334554263731));
#4687 = CARTESIAN_POINT('',(-0.416251865954,-0.374307478894));
#4688 = CARTESIAN_POINT('',(-0.411992298372,-0.386858586226));
#4689 = CARTESIAN_POINT('',(-0.407781338237,-0.399386722943));
#4690 = CARTESIAN_POINT('',(-0.403618580631,-0.411888025926));
#4691 = CARTESIAN_POINT('',(-0.399503599953,-0.424358989759));
#4692 = CARTESIAN_POINT('',(-0.388710981639,-0.457359217125));
#4693 = CARTESIAN_POINT('',(-0.382115411008,-0.477830434948));
#4694 = CARTESIAN_POINT('',(-0.37564734268,-0.498195710962));
#4695 = CARTESIAN_POINT('',(-0.369304670373,-0.518443780509));
#4696 = CARTESIAN_POINT('',(-0.363085330498,-0.538565992598));
#4697 = CARTESIAN_POINT('',(-0.344482778428,-0.59954892299));
#4698 = CARTESIAN_POINT('',(-0.332490361063,-0.639981334236));
#4699 = CARTESIAN_POINT('',(-0.320991557206,-0.679806400744));
#4700 = CARTESIAN_POINT('',(-0.309974574238,-0.719010356726));
#4701 = CARTESIAN_POINT('',(-0.299437024245,-0.757599507056));
#4702 = CARTESIAN_POINT('',(-0.289392028358,-0.795602953485));
#4703 = ( GEOMETRIC_REPRESENTATION_CONTEXT(2) 
PARAMETRIC_REPRESENTATION_CONTEXT() REPRESENTATION_CONTEXT('2D SPACE',''
  ) );
#4704 = ORIENTED_EDGE('',*,*,#4705,.T.);
#4705 = EDGE_CURVE('',#4611,#4706,#4708,.T.);
#4706 = VERTEX_POINT('',#4707);
#4707 = CARTESIAN_POINT('',(45.,-1.1E+03,240.));
#4708 = SURFACE_CURVE('',#4709,(#4724,#4742),.PCURVE_S1.);
#4709 = B_SPLINE_CURVE_WITH_KNOTS('',7,(#4710,#4711,#4712,#4713,#4714,
    #4715,#4716,#4717,#4718,#4719,#4720,#4721,#4722,#4723),
  .UNSPECIFIED.,.F.,.F.,(8,6,8),(0.,0.5127712807,1.),.UNSPECIFIED.);
#4710 = CARTESIAN_POINT('',(74.574821626966,-1.083717102493E+03,
    154.9999994));
#4711 = CARTESIAN_POINT('',(73.00616787663,-1.086195726248E+03,
    161.23204979191));
#4712 = CARTESIAN_POINT('',(71.250595144074,-1.088433384535E+03,
    167.47563664816));
#4713 = CARTESIAN_POINT('',(69.348059765278,-1.090435160566E+03,
    173.71758066984));
#4714 = CARTESIAN_POINT('',(67.328578242811,-1.092209317287E+03,
    179.95128868014));
#4715 = CARTESIAN_POINT('',(65.214803092927,-1.093764623975E+03,
    186.1761617547));
#4716 = CARTESIAN_POINT('',(63.023423878898,-1.095108912027E+03,
    192.39698001717));
#4717 = CARTESIAN_POINT('',(58.622035976095,-1.097329703646E+03,
    204.5404021947));
#4718 = CARTESIAN_POINT('',(56.420758830166,-1.098224979227E+03,
    210.45589601155));
#4719 = CARTESIAN_POINT('',(54.176989297331,-1.09893707106E+03,
    216.36861294799));
#4720 = CARTESIAN_POINT('',(51.902805078759,-1.099468999643E+03,
    222.27819082552));
#4721 = CARTESIAN_POINT('',(49.608822891518,-1.099822937948E+03,
    228.1853758399));
#4722 = CARTESIAN_POINT('',(47.304748054344,-1.099999999987E+03,
    234.09182494372));
#4723 = CARTESIAN_POINT('',(45.,-1.1E+03,240.));
#4724 = PCURVE('',#1275,#4725);
#4725 = DEFINITIONAL_REPRESENTATION('',(#4726),#4741);
#4726 = B_SPLINE_CURVE_WITH_KNOTS('',7,(#4727,#4728,#4729,#4730,#4731,
    #4732,#4733,#4734,#4735,#4736,#4737,#4738,#4739,#4740),
  .UNSPECIFIED.,.F.,.F.,(8,6,8),(0.,0.5127712807,1.),.UNSPECIFIED.);
#4727 = CARTESIAN_POINT('',(-9.803319032438,-74.57482162696));
#4728 = CARTESIAN_POINT('',(-9.774158753176,-73.00616787663));
#4729 = CARTESIAN_POINT('',(-9.745339052276,-71.25059514407));
#4730 = CARTESIAN_POINT('',(-9.716864497181,-69.34805976527));
#4731 = CARTESIAN_POINT('',(-9.688712242223,-67.32857824281));
#4732 = CARTESIAN_POINT('',(-9.660838582551,-65.21480309292));
#4733 = CARTESIAN_POINT('',(-9.633181356239,-63.02342387889));
#4734 = CARTESIAN_POINT('',(-9.57950821933,-58.62203597609));
#4735 = CARTESIAN_POINT('',(-9.553508033885,-56.42075883016));
#4736 = CARTESIAN_POINT('',(-9.527633792213,-54.17698929733));
#4737 = CARTESIAN_POINT('',(-9.501856989822,-51.90280507875));
#4738 = CARTESIAN_POINT('',(-9.47614589211,-49.60882289152));
#4739 = CARTESIAN_POINT('',(-9.450465678367,-47.30474805434));
#4740 = CARTESIAN_POINT('',(-9.424777960769,-45.));
#4741 = ( GEOMETRIC_REPRESENTATION_CONTEXT(2) 
PARAMETRIC_REPRESENTATION_CONTEXT() REPRESENTATION_CONTEXT('2D SPACE',''
  ) );
#4742 = PCURVE('',#4743,#4748);
#4743 = CYLINDRICAL_SURFACE('',#4744,35.);
#4744 = AXIS2_PLACEMENT_3D('',#4745,#4746,#4747);
#4745 = CARTESIAN_POINT('',(45.,-1.065E+03,120.));
#4746 = DIRECTION('',(0.,0.,1.));
#4747 = DIRECTION('',(1.,0.,-0.));
#4748 = DEFINITIONAL_REPRESENTATION('',(#4749),#4764);
#4749 = B_SPLINE_CURVE_WITH_KNOTS('',7,(#4750,#4751,#4752,#4753,#4754,
    #4755,#4756,#4757,#4758,#4759,#4760,#4761,#4762,#4763),
  .UNSPECIFIED.,.F.,.F.,(8,6,8),(0.,0.5127712807,1.),.UNSPECIFIED.);
#4750 = CARTESIAN_POINT('',(-0.564240689748,34.9999994));
#4751 = CARTESIAN_POINT('',(-0.648049268075,41.232049791912));
#4752 = CARTESIAN_POINT('',(-0.728896309213,47.475636648164));
#4753 = CARTESIAN_POINT('',(-0.807255217218,53.717580669838));
#4754 = CARTESIAN_POINT('',(-0.883523746623,59.951288680147));
#4755 = CARTESIAN_POINT('',(-0.958075909239,66.176161754702));
#4756 = CARTESIAN_POINT('',(-1.03127606991,72.396980017178));
#4757 = CARTESIAN_POINT('',(-1.172130984088,84.540402194703));
#4758 = CARTESIAN_POINT('',(-1.239804586939,90.455896011565));
#4759 = CARTESIAN_POINT('',(-1.306732341648,96.368612947965));
#4760 = CARTESIAN_POINT('',(-1.373106936442,102.27819082555));
#4761 = CARTESIAN_POINT('',(-1.439115675736,108.18537583988));
#4762 = CARTESIAN_POINT('',(-1.504946381767,114.09182494373));
#4763 = CARTESIAN_POINT('',(-1.570796326795,120.));
#4764 = ( GEOMETRIC_REPRESENTATION_CONTEXT(2) 
PARAMETRIC_REPRESENTATION_CONTEXT() REPRESENTATION_CONTEXT('2D SPACE',''
  ) );
#4765 = ORIENTED_EDGE('',*,*,#4766,.F.);
#4766 = EDGE_CURVE('',#4767,#4706,#4769,.T.);
#4767 = VERTEX_POINT('',#4768);
#4768 = CARTESIAN_POINT('',(54.671310581026,-1.098637267303E+03,265.));
#4769 = SURFACE_CURVE('',#4770,(#4777,#4787),.PCURVE_S1.);
#4770 = B_SPLINE_CURVE_WITH_KNOTS('',5,(#4771,#4772,#4773,#4774,#4775,
    #4776),.UNSPECIFIED.,.F.,.F.,(6,6),(0.,1.),
  .PIECEWISE_BEZIER_KNOTS.);
#4771 = CARTESIAN_POINT('',(54.671310809207,-1.098637267238E+03,
    265.0000006));
#4772 = CARTESIAN_POINT('',(52.768988441221,-1.099184218652E+03,
    259.99786165535));
#4773 = CARTESIAN_POINT('',(50.842253537367,-1.099592592201E+03,
    254.99705730063));
#4774 = CARTESIAN_POINT('',(48.900023136336,-1.099864187219E+03,
    249.99762962401));
#4775 = CARTESIAN_POINT('',(46.95006546822,-1.100000000021E+03,
    244.99895363856));
#4776 = CARTESIAN_POINT('',(45.,-1.1E+03,240.));
#4777 = PCURVE('',#1275,#4778);
#4778 = DEFINITIONAL_REPRESENTATION('',(#4779),#4786);
#4779 = B_SPLINE_CURVE_WITH_KNOTS('',5,(#4780,#4781,#4782,#4783,#4784,
    #4785),.UNSPECIFIED.,.F.,.F.,(6,6),(0.,1.),
  .PIECEWISE_BEZIER_KNOTS.);
#4780 = CARTESIAN_POINT('',(-9.315867124724,-54.6713108092));
#4781 = CARTESIAN_POINT('',(-9.337745180761,-52.76898844122));
#4782 = CARTESIAN_POINT('',(-9.359551977482,-50.84225353736));
#4783 = CARTESIAN_POINT('',(-9.381310004289,-48.90002313633));
#4784 = CARTESIAN_POINT('',(-9.403043380127,-46.95006546822));
#4785 = CARTESIAN_POINT('',(-9.424777960769,-45.));
#4786 = ( GEOMETRIC_REPRESENTATION_CONTEXT(2) 
PARAMETRIC_REPRESENTATION_CONTEXT() REPRESENTATION_CONTEXT('2D SPACE',''
  ) );
#4787 = PCURVE('',#4788,#4793);
#4788 = CYLINDRICAL_SURFACE('',#4789,35.);
#4789 = AXIS2_PLACEMENT_3D('',#4790,#4791,#4792);
#4790 = CARTESIAN_POINT('',(45.,-1.065E+03,120.));
#4791 = DIRECTION('',(0.,0.,1.));
#4792 = DIRECTION('',(1.,0.,-0.));
#4793 = DEFINITIONAL_REPRESENTATION('',(#4794),#4801);
#4794 = B_SPLINE_CURVE_WITH_KNOTS('',5,(#4795,#4796,#4797,#4798,#4799,
    #4800),.UNSPECIFIED.,.F.,.F.,(6,6),(0.,1.),
  .PIECEWISE_BEZIER_KNOTS.);
#4795 = CARTESIAN_POINT('',(-1.2908301255,145.0000006));
#4796 = CARTESIAN_POINT('',(-1.347384136101,139.99786165535));
#4797 = CARTESIAN_POINT('',(-1.403514439958,134.99705730063));
#4798 = CARTESIAN_POINT('',(-1.459367111903,129.99762962401));
#4799 = CARTESIAN_POINT('',(-1.515080165403,124.99895363856));
#4800 = CARTESIAN_POINT('',(-1.570796326795,120.));
#4801 = ( GEOMETRIC_REPRESENTATION_CONTEXT(2) 
PARAMETRIC_REPRESENTATION_CONTEXT() REPRESENTATION_CONTEXT('2D SPACE',''
  ) );
#4802 = ORIENTED_EDGE('',*,*,#4803,.F.);
#4803 = EDGE_CURVE('',#4804,#4767,#4806,.T.);
#4804 = VERTEX_POINT('',#4805);
#4805 = CARTESIAN_POINT('',(45.,-1.096420653651E+03,280.41890152187));
#4806 = SURFACE_CURVE('',#4807,(#4866,#4928),.PCURVE_S1.);
#4807 = B_SPLINE_CURVE_WITH_KNOTS('',8,(#4808,#4809,#4810,#4811,#4812,
    #4813,#4814,#4815,#4816,#4817,#4818,#4819,#4820,#4821,#4822,#4823,
    #4824,#4825,#4826,#4827,#4828,#4829,#4830,#4831,#4832,#4833,#4834,
    #4835,#4836,#4837,#4838,#4839,#4840,#4841,#4842,#4843,#4844,#4845,
    #4846,#4847,#4848,#4849,#4850,#4851,#4852,#4853,#4854,#4855,#4856,
    #4857,#4858,#4859,#4860,#4861,#4862,#4863,#4864,#4865),
  .UNSPECIFIED.,.F.,.F.,(9,7,7,7,7,7,7,7,9),(0.,0.38816918053,
    0.528680219144,0.6402302628,0.69999608763,0.737923266893,
    0.821318915201,0.940657682212,1.),.UNSPECIFIED.);
#4808 = CARTESIAN_POINT('',(45.,-1.096420653651E+03,280.41890152187));
#4809 = CARTESIAN_POINT('',(45.861140168955,-1.096420653651E+03,
    280.41890152187));
#4810 = CARTESIAN_POINT('',(46.719705028616,-1.096436075564E+03,
    280.33250979417));
#4811 = CARTESIAN_POINT('',(47.572899566817,-1.096466758984E+03,
    280.16062732349));
#4812 = CARTESIAN_POINT('',(48.416154839634,-1.096512744576E+03,
    279.90195404634));
#4813 = CARTESIAN_POINT('',(49.243633857151,-1.096573993393E+03,
    279.55463437978));
#4814 = CARTESIAN_POINT('',(50.048114251265,-1.09665032535E+03,
    279.11631925152));
#4815 = CARTESIAN_POINT('',(50.821154791154,-1.096741328001E+03,
    278.58465987194));
#4816 = CARTESIAN_POINT('',(51.817294067807,-1.096884509049E+03,
    277.7289375219));
#4817 = CARTESIAN_POINT('',(52.07649306895,-1.096924400395E+03,
    277.4889250927));
#4818 = CARTESIAN_POINT('',(52.329626783544,-1.096966095762E+03,
    277.23622213362));
#4819 = CARTESIAN_POINT('',(52.576115890851,-1.09700955206E+03,
    276.97074822706));
#4820 = CARTESIAN_POINT('',(52.815321153695,-1.097054715127E+03,
    276.69246240745));
#4821 = CARTESIAN_POINT('',(53.046549436081,-1.097101518655E+03,
    276.40137361776));
#4822 = CARTESIAN_POINT('',(53.269059720813,-1.097149883121E+03,
    276.09755116597));
#4823 = CARTESIAN_POINT('',(53.651174763276,-1.097239275419E+03,
    275.52993629182));
#4824 = CARTESIAN_POINT('',(53.814284594725,-1.097279758998E+03,
    275.27081200792));
#4825 = CARTESIAN_POINT('',(53.971000671911,-1.09732111681E+03,
    275.00384446879));
#4826 = CARTESIAN_POINT('',(54.120901613446,-1.09736329238E+03,
    274.72915980802));
#4827 = CARTESIAN_POINT('',(54.263547954883,-1.09740622105E+03,
    274.44693375588));
#4828 = CARTESIAN_POINT('',(54.398488951469,-1.09744982969E+03,
    274.15739865128));
#4829 = CARTESIAN_POINT('',(54.525270834839,-1.097494036476E+03,
    273.86085186326));
#4830 = CARTESIAN_POINT('',(54.706762209515,-1.09756270753E+03,
    273.39522574179));
#4831 = CARTESIAN_POINT('',(54.767606973055,-1.097586809836E+03,
    273.23088114327));
#4832 = CARTESIAN_POINT('',(54.825911661801,-1.097611043481E+03,
    273.0646905355));
#4833 = CARTESIAN_POINT('',(54.881607893559,-1.097635393626E+03,
    272.89671849147));
#4834 = CARTESIAN_POINT('',(54.934628627865,-1.09765984476E+03,
    272.72703580989));
#4835 = CARTESIAN_POINT('',(54.98490873741,-1.097684380711E+03,
    272.55571987652));
#4836 = CARTESIAN_POINT('',(55.032385579463,-1.097708984663E+03,
    272.38285502569));
#4837 = CARTESIAN_POINT('',(55.10531144485,-1.097749284827E+03,
    272.09790870347));
#4838 = CARTESIAN_POINT('',(55.132470543406,-1.097764950883E+03,
    271.98669742553));
#4839 = CARTESIAN_POINT('',(55.15846152535,-1.097780632869E+03,
    271.87492244015));
#4840 = CARTESIAN_POINT('',(55.183269741236,-1.09779632626E+03,
    271.76260811547));
#4841 = CARTESIAN_POINT('',(55.206881229781,-1.097812026466E+03,
    271.64977981537));
#4842 = CARTESIAN_POINT('',(55.229282717871,-1.097827728838E+03,
    271.53646389947));
#4843 = CARTESIAN_POINT('',(55.250461620559,-1.097843428665E+03,
    271.42268772319));
#4844 = CARTESIAN_POINT('',(55.314260551485,-1.097893626432E+03,
    271.05735478428));
#4845 = CARTESIAN_POINT('',(55.352148241438,-1.097928097578E+03,
    270.80413272766));
#4846 = CARTESIAN_POINT('',(55.383941774173,-1.097962482481E+03,
    270.54912564902));
#4847 = CARTESIAN_POINT('',(55.409535867706,-1.097996729594E+03,
    270.29265724504));
#4848 = CARTESIAN_POINT('',(55.428848948828,-1.098030788106E+03,
    270.0350629521));
#4849 = CARTESIAN_POINT('',(55.441824807112,-1.098064608089E+03,
    269.77669017048));
#4850 = CARTESIAN_POINT('',(55.448434248918,-1.098098140651E+03,
    269.51789848849));
#4851 = CARTESIAN_POINT('',(55.449023771284,-1.098178843436E+03,
    268.88866315553));
#4852 = CARTESIAN_POINT('',(55.436333177084,-1.098225669782E+03,
    268.51811370441));
#4853 = CARTESIAN_POINT('',(55.410597980681,-1.098271672831E+03,
    268.14853314243));
#4854 = CARTESIAN_POINT('',(55.371940250435,-1.098316728933E+03,
    267.78097466757));
#4855 = CARTESIAN_POINT('',(55.320591043682,-1.098360733353E+03,
    267.41642709009));
#4856 = CARTESIAN_POINT('',(55.256875374264,-1.098403598587E+03,
    267.05581779917));
#4857 = CARTESIAN_POINT('',(55.181202215077,-1.098445252692E+03,
    266.70001469296));
#4858 = CARTESIAN_POINT('',(55.050727023491,-1.098505719451E+03,
    266.175693003));
#4859 = CARTESIAN_POINT('',(55.004555338004,-1.098525488871E+03,
    266.00293496818));
#4860 = CARTESIAN_POINT('',(54.955602008781,-1.098544939535E+03,
    265.83164564443));
#4861 = CARTESIAN_POINT('',(54.903927672257,-1.098564066272E+03,
    265.66191068231));
#4862 = CARTESIAN_POINT('',(54.849595515636,-1.098582865022E+03,
    265.49380903572));
#4863 = CARTESIAN_POINT('',(54.792670720811,-1.098601332737E+03,
    265.32741329149));
#4864 = CARTESIAN_POINT('',(54.733219908272,-1.098619467275E+03,
    265.16278999904));
#4865 = CARTESIAN_POINT('',(54.671310581026,-1.098637267303E+03,265.));
#4866 = PCURVE('',#1275,#4867);
#4867 = DEFINITIONAL_REPRESENTATION('',(#4868),#4927);
#4868 = B_SPLINE_CURVE_WITH_KNOTS('',8,(#4869,#4870,#4871,#4872,#4873,
    #4874,#4875,#4876,#4877,#4878,#4879,#4880,#4881,#4882,#4883,#4884,
    #4885,#4886,#4887,#4888,#4889,#4890,#4891,#4892,#4893,#4894,#4895,
    #4896,#4897,#4898,#4899,#4900,#4901,#4902,#4903,#4904,#4905,#4906,
    #4907,#4908,#4909,#4910,#4911,#4912,#4913,#4914,#4915,#4916,#4917,
    #4918,#4919,#4920,#4921,#4922,#4923,#4924,#4925,#4926),
  .UNSPECIFIED.,.F.,.F.,(9,7,7,7,7,7,7,7,9),(0.,0.38816918053,
    0.528680219144,0.6402302628,0.69999608763,0.737923266893,
    0.821318915201,0.940657682212,1.),.UNSPECIFIED.);
#4869 = CARTESIAN_POINT('',(-9.248126278792,-45.));
#4870 = CARTESIAN_POINT('',(-9.248126278792,-45.86114016895));
#4871 = CARTESIAN_POINT('',(-9.248507832835,-46.7197050286));
#4872 = CARTESIAN_POINT('',(-9.249266961936,-47.57289956683));
#4873 = CARTESIAN_POINT('',(-9.250409261797,-48.41615483961));
#4874 = CARTESIAN_POINT('',(-9.25194264467,-49.24363385715));
#4875 = CARTESIAN_POINT('',(-9.253877034629,-50.04811425126));
#4876 = CARTESIAN_POINT('',(-9.256222198631,-50.82115479115));
#4877 = CARTESIAN_POINT('',(-9.259994452205,-51.8172940678));
#4878 = CARTESIAN_POINT('',(-9.261052299075,-52.07649306895));
#4879 = CARTESIAN_POINT('',(-9.262165861577,-52.32962678354));
#4880 = CARTESIAN_POINT('',(-9.263335455886,-52.57611589085));
#4881 = CARTESIAN_POINT('',(-9.264561221959,-52.81532115369));
#4882 = CARTESIAN_POINT('',(-9.265843078125,-53.04654943608));
#4883 = CARTESIAN_POINT('',(-9.267180675666,-53.26905972081));
#4884 = CARTESIAN_POINT('',(-9.269678983707,-53.65117476327));
#4885 = CARTESIAN_POINT('',(-9.270819276934,-53.81428459472));
#4886 = CARTESIAN_POINT('',(-9.271993849472,-53.97100067191));
#4887 = CARTESIAN_POINT('',(-9.273202123986,-54.12090161344));
#4888 = CARTESIAN_POINT('',(-9.274443305207,-54.26354795488));
#4889 = CARTESIAN_POINT('',(-9.275716349649,-54.39848895146));
#4890 = CARTESIAN_POINT('',(-9.277019929274,-54.52527083483));
#4891 = CARTESIAN_POINT('',(-9.279066288938,-54.70676220951));
#4892 = CARTESIAN_POINT('',(-9.279788473849,-54.76760697305));
#4893 = CARTESIAN_POINT('',(-9.280518682869,-54.8259116618));
#4894 = CARTESIAN_POINT('',(-9.281256629445,-54.88160789355));
#4895 = CARTESIAN_POINT('',(-9.282001999874,-54.93462862786));
#4896 = CARTESIAN_POINT('',(-9.282754451748,-54.98490873741));
#4897 = CARTESIAN_POINT('',(-9.283513612405,-55.03238557946));
#4898 = CARTESIAN_POINT('',(-9.284764838721,-55.10531144485));
#4899 = CARTESIAN_POINT('',(-9.285253139849,-55.1324705434));
#4900 = CARTESIAN_POINT('',(-9.285743877603,-55.15846152535));
#4901 = CARTESIAN_POINT('',(-9.286236944505,-55.18326974123));
#4902 = CARTESIAN_POINT('',(-9.28673222876,-55.20688122978));
#4903 = CARTESIAN_POINT('',(-9.287229614252,-55.22928271787));
#4904 = CARTESIAN_POINT('',(-9.287728980552,-55.25046162055));
#4905 = CARTESIAN_POINT('',(-9.289332308683,-55.31426055148));
#4906 = CARTESIAN_POINT('',(-9.290443427673,-55.35214824143));
#4907 = CARTESIAN_POINT('',(-9.291562186381,-55.38394177417));
#4908 = CARTESIAN_POINT('',(-9.292687162207,-55.4095358677));
#4909 = CARTESIAN_POINT('',(-9.293816882511,-55.42884894882));
#4910 = CARTESIAN_POINT('',(-9.294949823668,-55.44182480711));
#4911 = CARTESIAN_POINT('',(-9.296084410129,-55.44843424891));
#4912 = CARTESIAN_POINT('',(-9.298842625367,-55.44902377128));
#4913 = CARTESIAN_POINT('',(-9.300466520207,-55.43633317708));
#4914 = CARTESIAN_POINT('',(-9.302085787863,-55.41059798068));
#4915 = CARTESIAN_POINT('',(-9.303695824564,-55.37194025043));
#4916 = CARTESIAN_POINT('',(-9.305292314258,-55.32059104368));
#4917 = CARTESIAN_POINT('',(-9.306871214549,-55.25687537426));
#4918 = CARTESIAN_POINT('',(-9.308428747217,-55.18120221507));
#4919 = CARTESIAN_POINT('',(-9.310723515918,-55.05072702349));
#4920 = CARTESIAN_POINT('',(-9.311479539558,-55.004555338));
#4921 = CARTESIAN_POINT('',(-9.312229061442,-54.95560200878));
#4922 = CARTESIAN_POINT('',(-9.312971709683,-54.90392767225));
#4923 = CARTESIAN_POINT('',(-9.313707141817,-54.84959551563));
#4924 = CARTESIAN_POINT('',(-9.314435043333,-54.79267072081));
#4925 = CARTESIAN_POINT('',(-9.315155126191,-54.73321990827));
#4926 = CARTESIAN_POINT('',(-9.315867127349,-54.67131058102));
#4927 = ( GEOMETRIC_REPRESENTATION_CONTEXT(2) 
PARAMETRIC_REPRESENTATION_CONTEXT() REPRESENTATION_CONTEXT('2D SPACE',''
  ) );
#4928 = PCURVE('',#4929,#4934);
#4929 = SPHERICAL_SURFACE('',#4930,35.);
#4930 = AXIS2_PLACEMENT_3D('',#4931,#4932,#4933);
#4931 = CARTESIAN_POINT('',(45.,-1.065E+03,265.));
#4932 = DIRECTION('',(-0.,-0.,-1.));
#4933 = DIRECTION('',(1.,0.,0.));
#4934 = DEFINITIONAL_REPRESENTATION('',(#4935),#4994);
#4935 = B_SPLINE_CURVE_WITH_KNOTS('',8,(#4936,#4937,#4938,#4939,#4940,
    #4941,#4942,#4943,#4944,#4945,#4946,#4947,#4948,#4949,#4950,#4951,
    #4952,#4953,#4954,#4955,#4956,#4957,#4958,#4959,#4960,#4961,#4962,
    #4963,#4964,#4965,#4966,#4967,#4968,#4969,#4970,#4971,#4972,#4973,
    #4974,#4975,#4976,#4977,#4978,#4979,#4980,#4981,#4982,#4983,#4984,
    #4985,#4986,#4987,#4988,#4989,#4990,#4991,#4992,#4993),
  .UNSPECIFIED.,.F.,.F.,(9,7,7,7,7,7,7,7,9),(0.,0.38816918053,
    0.528680219144,0.6402302628,0.69999608763,0.737923266893,
    0.821318915201,0.940657682212,1.),.UNSPECIFIED.);
#4936 = CARTESIAN_POINT('',(1.570796326795,-0.456200148278));
#4937 = CARTESIAN_POINT('',(1.543389507748,-0.456200148278));
#4938 = CARTESIAN_POINT('',(1.516064637761,-0.45345062841));
#4939 = CARTESIAN_POINT('',(1.489027291801,-0.447980262733));
#4940 = CARTESIAN_POINT('',(1.462536307974,-0.43976844118));
#4941 = CARTESIAN_POINT('',(1.436879661213,-0.428796637749));
#4942 = CARTESIAN_POINT('',(1.412356064944,-0.41505083682));
#4943 = CARTESIAN_POINT('',(1.389255703591,-0.398528856311));
#4944 = CARTESIAN_POINT('',(1.360134184502,-0.372209930405));
#4945 = CARTESIAN_POINT('',(1.35262229516,-0.364850303533));
#4946 = CARTESIAN_POINT('',(1.345353164206,-0.357126179879));
#4947 = CARTESIAN_POINT('',(1.338342620875,-0.349038704952));
#4948 = CARTESIAN_POINT('',(1.331607302207,-0.340590213482));
#4949 = CARTESIAN_POINT('',(1.325164449602,-0.331784438256));
#4950 = CARTESIAN_POINT('',(1.319031705358,-0.322626718942));
#4951 = CARTESIAN_POINT('',(1.308618550554,-0.305580282744));
#4952 = CARTESIAN_POINT('',(1.304217104325,-0.29781940036));
#4953 = CARTESIAN_POINT('',(1.300031680429,-0.289845495459));
#4954 = CARTESIAN_POINT('',(1.296071672181,-0.281663685663));
#4955 = CARTESIAN_POINT('',(1.292346609208,-0.273280389552));
#4956 = CARTESIAN_POINT('',(1.288865994728,-0.264703484176));
#4957 = CARTESIAN_POINT('',(1.285639127193,-0.25594250508));
#4958 = CARTESIAN_POINT('',(1.28108674821,-0.24222247254));
#4959 = CARTESIAN_POINT('',(1.279573995901,-0.237386534372));
#4960 = CARTESIAN_POINT('',(1.278138027698,-0.232502876406));
#4961 = CARTESIAN_POINT('',(1.276780182442,-0.227573447868));
#4962 = CARTESIAN_POINT('',(1.275501747924,-0.222600354363));
#4963 = CARTESIAN_POINT('',(1.274303949299,-0.217585867124));
#4964 = CARTESIAN_POINT('',(1.273187937506,-0.21253243226));
#4965 = CARTESIAN_POINT('',(1.271499138142,-0.204212741373));
#4966 = CARTESIAN_POINT('',(1.27087686142,-0.200968170957));
#4967 = CARTESIAN_POINT('',(1.27028822179,-0.197709639606));
#4968 = CARTESIAN_POINT('',(1.269733475685,-0.19443784255));
#4969 = CARTESIAN_POINT('',(1.269212861694,-0.191153499394));
#4970 = CARTESIAN_POINT('',(1.26872660056,-0.187857354123));
#4971 = CARTESIAN_POINT('',(1.268274895186,-0.184550175095));
#4972 = CARTESIAN_POINT('',(1.266941093931,-0.173938292317));
#4973 = CARTESIAN_POINT('',(1.266192191011,-0.166594054382));
#4974 = CARTESIAN_POINT('',(1.265613207719,-0.159208785649));
#4975 = CARTESIAN_POINT('',(1.265205594071,-0.151791454448));
#4976 = CARTESIAN_POINT('',(1.264970238783,-0.144351271908));
#4977 = CARTESIAN_POINT('',(1.264907443814,-0.136897710838));
#4978 = CARTESIAN_POINT('',(1.265016898903,-0.12944052461));
#4979 = CARTESIAN_POINT('',(1.265699418308,-0.111327766761));
#4980 = CARTESIAN_POINT('',(1.266452017513,-0.100677299617));
#4981 = CARTESIAN_POINT('',(1.267552768779,-9.006874322228E-02));
#4982 = CARTESIAN_POINT('',(1.268996182926,-7.953026493723E-02));
#4983 = CARTESIAN_POINT('',(1.270774532818,-6.908808069177E-02));
#4984 = CARTESIAN_POINT('',(1.272878227875,-5.876665832035E-02));
#4985 = CARTESIAN_POINT('',(1.275295996823,-4.858886440732E-02));
#4986 = CARTESIAN_POINT('',(1.279366868097,-3.359709135891E-02));
#4987 = CARTESIAN_POINT('',(1.280793410848,-2.865856619268E-02));
#4988 = CARTESIAN_POINT('',(1.282292987487,-2.376290946326E-02));
#4989 = CARTESIAN_POINT('',(1.283864025992,-1.891236144559E-02));
#4990 = CARTESIAN_POINT('',(1.285504912732,-1.410898289757E-02));
#4991 = CARTESIAN_POINT('',(1.287214003435,-9.354665588865E-03));
#4992 = CARTESIAN_POINT('',(1.288989634163,-4.651142829764E-03));
#4993 = CARTESIAN_POINT('',(1.290830132283,0.));
#4994 = ( GEOMETRIC_REPRESENTATION_CONTEXT(2) 
PARAMETRIC_REPRESENTATION_CONTEXT() REPRESENTATION_CONTEXT('2D SPACE',''
  ) );
#4995 = ORIENTED_EDGE('',*,*,#4996,.T.);
#4996 = EDGE_CURVE('',#4804,#4997,#4999,.T.);
#4997 = VERTEX_POINT('',#4998);
#4998 = CARTESIAN_POINT('',(-45.,-1.096420653651E+03,280.41890152187));
#4999 = SURFACE_CURVE('',#5000,(#5004,#5010),.PCURVE_S1.);
#5000 = LINE('',#5001,#5002);
#5001 = CARTESIAN_POINT('',(0.,-1.096420653651E+03,280.41890152187));
#5002 = VECTOR('',#5003,1.);
#5003 = DIRECTION('',(-1.,-0.,-0.));
#5004 = PCURVE('',#1275,#5005);
#5005 = DEFINITIONAL_REPRESENTATION('',(#5006),#5009);
#5006 = B_SPLINE_CURVE_WITH_KNOTS('',1,(#5007,#5008),.UNSPECIFIED.,.F.,
  .F.,(2,2),(-45.0000006,45.0000006),.PIECEWISE_BEZIER_KNOTS.);
#5007 = CARTESIAN_POINT('',(-9.248126278792,-45.0000006));
#5008 = CARTESIAN_POINT('',(-9.248126278792,45.0000006));
#5009 = ( GEOMETRIC_REPRESENTATION_CONTEXT(2) 
PARAMETRIC_REPRESENTATION_CONTEXT() REPRESENTATION_CONTEXT('2D SPACE',''
  ) );
#5010 = PCURVE('',#5011,#5016);
#5011 = CYLINDRICAL_SURFACE('',#5012,35.);
#5012 = AXIS2_PLACEMENT_3D('',#5013,#5014,#5015);
#5013 = CARTESIAN_POINT('',(-80.,-1.065E+03,265.));
#5014 = DIRECTION('',(1.,0.,0.));
#5015 = DIRECTION('',(0.,-1.,0.));
#5016 = DEFINITIONAL_REPRESENTATION('',(#5017),#5020);
#5017 = B_SPLINE_CURVE_WITH_KNOTS('',1,(#5018,#5019),.UNSPECIFIED.,.F.,
  .F.,(2,2),(-45.0000006,45.0000006),.PIECEWISE_BEZIER_KNOTS.);
#5018 = CARTESIAN_POINT('',(-0.456200148278,125.0000006));
#5019 = CARTESIAN_POINT('',(-0.456200148278,34.9999994));
#5020 = ( GEOMETRIC_REPRESENTATION_CONTEXT(2) 
PARAMETRIC_REPRESENTATION_CONTEXT() REPRESENTATION_CONTEXT('2D SPACE',''
  ) );
#5021 = ORIENTED_EDGE('',*,*,#5022,.F.);
#5022 = EDGE_CURVE('',#5023,#4997,#5025,.T.);
#5023 = VERTEX_POINT('',#5024);
#5024 = CARTESIAN_POINT('',(-54.67131058102,-1.098637267303E+03,265.));
#5025 = SURFACE_CURVE('',#5026,(#5085,#5147),.PCURVE_S1.);
#5026 = B_SPLINE_CURVE_WITH_KNOTS('',8,(#5027,#5028,#5029,#5030,#5031,
    #5032,#5033,#5034,#5035,#5036,#5037,#5038,#5039,#5040,#5041,#5042,
    #5043,#5044,#5045,#5046,#5047,#5048,#5049,#5050,#5051,#5052,#5053,
    #5054,#5055,#5056,#5057,#5058,#5059,#5060,#5061,#5062,#5063,#5064,
    #5065,#5066,#5067,#5068,#5069,#5070,#5071,#5072,#5073,#5074,#5075,
    #5076,#5077,#5078,#5079,#5080,#5081,#5082,#5083,#5084),
  .UNSPECIFIED.,.F.,.F.,(9,7,7,7,7,7,7,7,9),(0.,5.917010072342E-02,
    0.178083274089,0.261750850227,0.299307318831,0.358978932031,
    0.470242926653,0.610062943204,1.),.UNSPECIFIED.);
#5027 = CARTESIAN_POINT('',(-54.67131058102,-1.098637267303E+03,265.));
#5028 = CARTESIAN_POINT('',(-54.73305026846,-1.098619516049E+03,
    265.16234393275));
#5029 = CARTESIAN_POINT('',(-54.79234489316,-1.098601432117E+03,
    265.32651111761));
#5030 = CARTESIAN_POINT('',(-54.84912750784,-1.098583016829E+03,
    265.49244121769));
#5031 = CARTESIAN_POINT('',(-54.90333203718,-1.098564272304E+03,
    265.6600682485));
#5032 = CARTESIAN_POINT('',(-54.95489382636,-1.098545201563E+03,
    265.82932025263));
#5033 = CARTESIAN_POINT('',(-55.00375018954,-1.098525808623E+03,
    266.00011897433));
#5034 = CARTESIAN_POINT('',(-55.04984095841,-1.098506098601E+03,
    266.17237953413));
#5035 = CARTESIAN_POINT('',(-55.18006416027,-1.098445842348E+03,
    266.69495258881));
#5036 = CARTESIAN_POINT('',(-55.25563139128,-1.098404346021E+03,
    267.04947788532));
#5037 = CARTESIAN_POINT('',(-55.31932753926,-1.098361646071E+03,
    267.4087861525));
#5038 = CARTESIAN_POINT('',(-55.37074706135,-1.098317813495E+03,
    267.77201945293));
#5039 = CARTESIAN_POINT('',(-55.40956702011,-1.098272934664E+03,
    268.13826084519));
#5040 = CARTESIAN_POINT('',(-55.43555698397,-1.098227112966E+03,
    268.50653245283));
#5041 = CARTESIAN_POINT('',(-55.44859386428,-1.098180470483E+03,
    268.87579250971));
#5042 = CARTESIAN_POINT('',(-55.44874348278,-1.098099854678E+03,
    269.50465832161));
#5043 = CARTESIAN_POINT('',(-55.4423946665,-1.098066220316E+03,
    269.7643529729));
#5044 = CARTESIAN_POINT('',(-55.4296347915,-1.098032294732E+03,
    270.02363938393));
#5045 = CARTESIAN_POINT('',(-55.41049249899,-1.097998127269E+03,
    270.28215406459));
#5046 = CARTESIAN_POINT('',(-55.38502385304,-1.097963768331E+03,
    270.53954576434));
#5047 = CARTESIAN_POINT('',(-55.35331067355,-1.097929269242E+03,
    270.79547525037));
#5048 = CARTESIAN_POINT('',(-55.3154588692,-1.097894682086E+03,
    271.04961508584));
#5049 = CARTESIAN_POINT('',(-55.2519080736,-1.097844518302E+03,
    271.41478187285));
#5050 = CARTESIAN_POINT('',(-55.23100800234,-1.097828969655E+03,
    271.52749193697));
#5051 = CARTESIAN_POINT('',(-55.20890808058,-1.097813418258E+03,
    271.63975202665));
#5052 = CARTESIAN_POINT('',(-55.18562049784,-1.097797868692E+03,
    271.75153552438));
#5053 = CARTESIAN_POINT('',(-55.16115810921,-1.097782325475E+03,
    271.86281676897));
#5054 = CARTESIAN_POINT('',(-55.13553443537,-1.097766793069E+03,
    271.97357105553));
#5055 = CARTESIAN_POINT('',(-55.10876366251,-1.097751275878E+03,
    272.08377463547));
#5056 = CARTESIAN_POINT('',(-55.03652691561,-1.097711154823E+03,
    272.36759052343));
#5057 = CARTESIAN_POINT('',(-54.98933457944,-1.097686580681E+03,
    272.5403291016));
#5058 = CARTESIAN_POINT('',(-54.9393427902,-1.097662073225E+03,
    272.71152883128));
#5059 = CARTESIAN_POINT('',(-54.88661377426,-1.097637649233E+03,
    272.88110536218));
#5060 = CARTESIAN_POINT('',(-54.83121225958,-1.097613324843E+03,
    273.04898125558));
#5061 = CARTESIAN_POINT('',(-54.77320490715,-1.097589115543E+03,
    273.21508562645));
#5062 = CARTESIAN_POINT('',(-54.7126597425,-1.097565036152E+03,
    273.37935378553));
#5063 = CARTESIAN_POINT('',(-54.53214907139,-1.097496470849E+03,
    273.84448858534));
#5064 = CARTESIAN_POINT('',(-54.40607004622,-1.097452342301E+03,
    274.14065765891));
#5065 = CARTESIAN_POINT('',(-54.27185216576,-1.097408805516E+03,
    274.42986192413));
#5066 = CARTESIAN_POINT('',(-54.12994600541,-1.097365942057E+03,
    274.71180365795));
#5067 = CARTESIAN_POINT('',(-53.98079939408,-1.09732382486E+03,
    274.98624984428));
#5068 = CARTESIAN_POINT('',(-53.82484919481,-1.097282518456E+03,
    275.2530238249));
#5069 = CARTESIAN_POINT('',(-53.66251453388,-1.097242079251E+03,
    275.51199834904));
#5070 = CARTESIAN_POINT('',(-53.28266813258,-1.097152888762E+03,
    276.0786246383));
#5071 = CARTESIAN_POINT('',(-53.06170009259,-1.097104670673E+03,
    276.38169262854));
#5072 = CARTESIAN_POINT('',(-52.83206109381,-1.097057994738E+03,
    276.67215220069));
#5073 = CARTESIAN_POINT('',(-52.59448388854,-1.097012939981E+03,
    276.94993192564));
#5074 = CARTESIAN_POINT('',(-52.3496542655,-1.096969572362E+03,
    277.21502040401));
#5075 = CARTESIAN_POINT('',(-52.09820506932,-1.096927945834E+03,
    277.46745593289));
#5076 = CARTESIAN_POINT('',(-51.84071022012,-1.09688810339E+03,
    277.7073161727));
#5077 = CARTESIAN_POINT('',(-50.84412336322,-1.096744031345E+03,
    278.56886899868));
#5078 = CARTESIAN_POINT('',(-50.06847751952,-1.096652258956E+03,
    279.10521477157));
#5079 = CARTESIAN_POINT('',(-49.26082828715,-1.096575253003E+03,
    279.54750049559));
#5080 = CARTESIAN_POINT('',(-48.42967390248,-1.096513455781E+03,
    279.89795790604));
#5081 = CARTESIAN_POINT('',(-47.58242282317,-1.096467069036E+03,
    280.15889081591));
#5082 = CARTESIAN_POINT('',(-46.72526120372,-1.096436151015E+03,
    280.33208723517));
#5083 = CARTESIAN_POINT('',(-45.86323830871,-1.096420653651E+03,
    280.41890152187));
#5084 = CARTESIAN_POINT('',(-45.,-1.096420653651E+03,280.41890152187));
#5085 = PCURVE('',#1275,#5086);
#5086 = DEFINITIONAL_REPRESENTATION('',(#5087),#5146);
#5087 = B_SPLINE_CURVE_WITH_KNOTS('',8,(#5088,#5089,#5090,#5091,#5092,
    #5093,#5094,#5095,#5096,#5097,#5098,#5099,#5100,#5101,#5102,#5103,
    #5104,#5105,#5106,#5107,#5108,#5109,#5110,#5111,#5112,#5113,#5114,
    #5115,#5116,#5117,#5118,#5119,#5120,#5121,#5122,#5123,#5124,#5125,
    #5126,#5127,#5128,#5129,#5130,#5131,#5132,#5133,#5134,#5135,#5136,
    #5137,#5138,#5139,#5140,#5141,#5142,#5143,#5144,#5145),
  .UNSPECIFIED.,.F.,.F.,(9,7,7,7,7,7,7,7,9),(0.,5.917010072342E-02,
    0.178083274089,0.261750850227,0.299307318831,0.358978932031,
    0.470242926653,0.610062943204,1.),.UNSPECIFIED.);
#5088 = CARTESIAN_POINT('',(-9.315867127349,54.671310581026));
#5089 = CARTESIAN_POINT('',(-9.315157077169,54.733050268466));
#5090 = CARTESIAN_POINT('',(-9.314438989554,54.792344893165));
#5091 = CARTESIAN_POINT('',(-9.313713125363,54.849127507842));
#5092 = CARTESIAN_POINT('',(-9.31297977019,54.903332037186));
#5093 = CARTESIAN_POINT('',(-9.312239235818,54.954893826366));
#5094 = CARTESIAN_POINT('',(-9.311491861678,55.003750189549));
#5095 = CARTESIAN_POINT('',(-9.310738016307,55.049840958416));
#5096 = CARTESIAN_POINT('',(-9.308450905164,55.180064160277));
#5097 = CARTESIAN_POINT('',(-9.306898970246,55.255631391282));
#5098 = CARTESIAN_POINT('',(-9.305325771814,55.31932753926));
#5099 = CARTESIAN_POINT('',(-9.303735044666,55.370747061354));
#5100 = CARTESIAN_POINT('',(-9.302130785583,55.409567020116));
#5101 = CARTESIAN_POINT('',(-9.300517262792,55.435556983971));
#5102 = CARTESIAN_POINT('',(-9.298899029974,55.448593864288));
#5103 = CARTESIAN_POINT('',(-9.296142456399,55.448743482785));
#5104 = CARTESIAN_POINT('',(-9.295003919665,55.442394666501));
#5105 = CARTESIAN_POINT('',(-9.293866980231,55.429634791504));
#5106 = CARTESIAN_POINT('',(-9.292733230694,55.410492498996));
#5107 = CARTESIAN_POINT('',(-9.291604211524,55.385023853048));
#5108 = CARTESIAN_POINT('',(-9.290481411991,55.353310673557));
#5109 = CARTESIAN_POINT('',(-9.289366271099,55.3154588692));
#5110 = CARTESIAN_POINT('',(-9.287763678755,55.251908073603));
#5111 = CARTESIAN_POINT('',(-9.287268994063,55.231008002349));
#5112 = CARTESIAN_POINT('',(-9.286776245766,55.208908080586));
#5113 = CARTESIAN_POINT('',(-9.286285551042,55.185620497844));
#5114 = CARTESIAN_POINT('',(-9.285797022927,55.161158109219));
#5115 = CARTESIAN_POINT('',(-9.285310770306,55.13553443537));
#5116 = CARTESIAN_POINT('',(-9.28482689792,55.108763662519));
#5117 = CARTESIAN_POINT('',(-9.283580647154,55.036526915617));
#5118 = CARTESIAN_POINT('',(-9.282822048292,54.989334579442));
#5119 = CARTESIAN_POINT('',(-9.28207011411,54.939342790202));
#5120 = CARTESIAN_POINT('',(-9.281325217315,54.886613774268));
#5121 = CARTESIAN_POINT('',(-9.280587700523,54.831212259587));
#5122 = CARTESIAN_POINT('',(-9.279857877794,54.773204907156));
#5123 = CARTESIAN_POINT('',(-9.279136036165,54.712659742502));
#5124 = CARTESIAN_POINT('',(-9.277091856902,54.532149071391));
#5125 = CARTESIAN_POINT('',(-9.275789951709,54.406070046226));
#5126 = CARTESIAN_POINT('',(-9.274518376174,54.27185216576));
#5127 = CARTESIAN_POINT('',(-9.273278459688,54.12994600541));
#5128 = CARTESIAN_POINT('',(-9.272071248516,53.980799394085));
#5129 = CARTESIAN_POINT('',(-9.270897541828,53.824849194819));
#5130 = CARTESIAN_POINT('',(-9.269757921702,53.662514533885));
#5131 = CARTESIAN_POINT('',(-9.267263996019,53.282668132586));
#5132 = CARTESIAN_POINT('',(-9.265929737988,53.061700092593));
#5133 = CARTESIAN_POINT('',(-9.264650670902,52.832061093812));
#5134 = CARTESIAN_POINT('',(-9.263427152241,52.594483888545));
#5135 = CARTESIAN_POINT('',(-9.262259273969,52.349654265502));
#5136 = CARTESIAN_POINT('',(-9.261146907413,52.098205069327));
#5137 = CARTESIAN_POINT('',(-9.260089748137,51.840710220125));
#5138 = CARTESIAN_POINT('',(-9.256291852923,50.844123363221));
#5139 = CARTESIAN_POINT('',(-9.253926041213,50.068477519526));
#5140 = CARTESIAN_POINT('',(-9.251974141236,49.260828287162));
#5141 = CARTESIAN_POINT('',(-9.250426909356,48.429673902482));
#5142 = CARTESIAN_POINT('',(-9.249274631371,47.582422823183));
#5143 = CARTESIAN_POINT('',(-9.248509699102,46.725261203727));
#5144 = CARTESIAN_POINT('',(-9.248126278792,45.863238308717));
#5145 = CARTESIAN_POINT('',(-9.248126278792,45.));
#5146 = ( GEOMETRIC_REPRESENTATION_CONTEXT(2) 
PARAMETRIC_REPRESENTATION_CONTEXT() REPRESENTATION_CONTEXT('2D SPACE',''
  ) );
#5147 = PCURVE('',#5148,#5153);
#5148 = SPHERICAL_SURFACE('',#5149,35.);
#5149 = AXIS2_PLACEMENT_3D('',#5150,#5151,#5152);
#5150 = CARTESIAN_POINT('',(-45.,-1.065E+03,265.));
#5151 = DIRECTION('',(-0.,-0.,-1.));
#5152 = DIRECTION('',(-1.,0.,0.));
#5153 = DEFINITIONAL_REPRESENTATION('',(#5154),#5213);
#5154 = B_SPLINE_CURVE_WITH_KNOTS('',8,(#5155,#5156,#5157,#5158,#5159,
    #5160,#5161,#5162,#5163,#5164,#5165,#5166,#5167,#5168,#5169,#5170,
    #5171,#5172,#5173,#5174,#5175,#5176,#5177,#5178,#5179,#5180,#5181,
    #5182,#5183,#5184,#5185,#5186,#5187,#5188,#5189,#5190,#5191,#5192,
    #5193,#5194,#5195,#5196,#5197,#5198,#5199,#5200,#5201,#5202,#5203,
    #5204,#5205,#5206,#5207,#5208,#5209,#5210,#5211,#5212),
  .UNSPECIFIED.,.F.,.F.,(9,7,7,7,7,7,7,7,9),(0.,5.917010072342E-02,
    0.178083274089,0.261750850227,0.299307318831,0.358978932031,
    0.470242926653,0.610062943204,1.),.UNSPECIFIED.);
#5155 = CARTESIAN_POINT('',(-1.290830132283,0.));
#5156 = CARTESIAN_POINT('',(-1.288994677373,-4.63839807866E-03));
#5157 = CARTESIAN_POINT('',(-1.287223734938,-9.328889190336E-03));
#5158 = CARTESIAN_POINT('',(-1.285518963829,-1.406990112566E-02));
#5159 = CARTESIAN_POINT('',(-1.283882014326,-1.885971529576E-02));
#5160 = CARTESIAN_POINT('',(-1.282314517309,-2.369645634245E-02));
#5161 = CARTESIAN_POINT('',(-1.280818073445,-2.857808174841E-02));
#5162 = CARTESIAN_POINT('',(-1.279394242358,-3.350237144743E-02));
#5163 = CARTESIAN_POINT('',(-1.275332040831,-4.844408344296E-02));
#5164 = CARTESIAN_POINT('',(-1.272918520099,-5.85852548215E-02));
#5165 = CARTESIAN_POINT('',(-1.270816799635,-6.886932707365E-02));
#5166 = CARTESIAN_POINT('',(-1.269038050064,-7.927369721839E-02));
#5167 = CARTESIAN_POINT('',(-1.267591789172,-8.977417435474E-02));
#5168 = CARTESIAN_POINT('',(-1.266485700705,-0.100344834508));
#5169 = CARTESIAN_POINT('',(-1.265725265401,-0.110957819758));
#5170 = CARTESIAN_POINT('',(-1.265023277111,-0.129059039805));
#5171 = CARTESIAN_POINT('',(-1.264905787755,-0.136541872571));
#5172 = CARTESIAN_POINT('',(-1.26496171546,-0.144021422018));
#5173 = CARTESIAN_POINT('',(-1.265191392846,-0.15148783075));
#5174 = CARTESIAN_POINT('',(-1.265594531456,-0.15893152281));
#5175 = CARTESIAN_POINT('',(-1.266170247322,-0.166343184582));
#5176 = CARTESIAN_POINT('',(-1.266917086537,-0.17371374569));
#5177 = CARTESIAN_POINT('',(-1.268244206324,-0.184320416836));
#5178 = CARTESIAN_POINT('',(-1.268689445828,-0.187596463481));
#5179 = CARTESIAN_POINT('',(-1.269168590371,-0.190861728975));
#5180 = CARTESIAN_POINT('',(-1.269681443751,-0.194115465849));
#5181 = CARTESIAN_POINT('',(-1.27022779253,-0.197356950038));
#5182 = CARTESIAN_POINT('',(-1.270807406033,-0.200585480879));
#5183 = CARTESIAN_POINT('',(-1.27142003635,-0.203800381115));
#5184 = CARTESIAN_POINT('',(-1.273090833816,-0.212086296803));
#5185 = CARTESIAN_POINT('',(-1.274198935719,-0.217135551991));
#5186 = CARTESIAN_POINT('',(-1.275388668339,-0.2221461343));
#5187 = CARTESIAN_POINT('',(-1.276658890016,-0.227115598655));
#5188 = CARTESIAN_POINT('',(-1.278008384653,-0.232041673891));
#5189 = CARTESIAN_POINT('',(-1.279435873233,-0.236922253582));
#5190 = CARTESIAN_POINT('',(-1.280940025327,-0.241755386877));
#5191 = CARTESIAN_POINT('',(-1.285464512363,-0.255459320958));
#5192 = CARTESIAN_POINT('',(-1.288671291128,-0.264208022868));
#5193 = CARTESIAN_POINT('',(-1.292130984252,-0.27277395339));
#5194 = CARTESIAN_POINT('',(-1.295834367758,-0.281147581617));
#5195 = CARTESIAN_POINT('',(-1.299772009549,-0.289321026663));
#5196 = CARTESIAN_POINT('',(-1.303934446807,-0.297287859175));
#5197 = CARTESIAN_POINT('',(-1.308312347593,-0.305042945103));
#5198 = CARTESIAN_POINT('',(-1.318657533459,-0.3220567099));
#5199 = CARTESIAN_POINT('',(-1.324744024978,-0.331189917178));
#5200 = CARTESIAN_POINT('',(-1.331138522201,-0.339974802423));
#5201 = CARTESIAN_POINT('',(-1.337823607952,-0.34840601799));
#5202 = CARTESIAN_POINT('',(-1.34478225767,-0.356479812872));
#5203 = CARTESIAN_POINT('',(-1.351998040193,-0.36419382585));
#5204 = CARTESIAN_POINT('',(-1.35945531855,-0.371546878643));
#5205 = CARTESIAN_POINT('',(-1.388569343036,-0.398038102815));
#5206 = CARTESIAN_POINT('',(-1.411735342726,-0.414702610059));
#5207 = CARTESIAN_POINT('',(-1.43634619146,-0.42857113246));
#5208 = CARTESIAN_POINT('',(-1.462111002253,-0.439641485534));
#5209 = CARTESIAN_POINT('',(-1.488725045364,-0.447924987073));
#5210 = CARTESIAN_POINT('',(-1.515887813693,-0.453437181802));
#5211 = CARTESIAN_POINT('',(-1.543322731933,-0.456200148278));
#5212 = CARTESIAN_POINT('',(-1.570796326795,-0.456200148278));
#5213 = ( GEOMETRIC_REPRESENTATION_CONTEXT(2) 
PARAMETRIC_REPRESENTATION_CONTEXT() REPRESENTATION_CONTEXT('2D SPACE',''
  ) );
#5214 = ORIENTED_EDGE('',*,*,#5215,.T.);
#5215 = EDGE_CURVE('',#5023,#5216,#5218,.T.);
#5216 = VERTEX_POINT('',#5217);
#5217 = CARTESIAN_POINT('',(-45.,-1.1E+03,240.));
#5218 = SURFACE_CURVE('',#5219,(#5226,#5236),.PCURVE_S1.);
#5219 = B_SPLINE_CURVE_WITH_KNOTS('',5,(#5220,#5221,#5222,#5223,#5224,
    #5225),.UNSPECIFIED.,.F.,.F.,(6,6),(0.,1.),
  .PIECEWISE_BEZIER_KNOTS.);
#5220 = CARTESIAN_POINT('',(-54.6713108092,-1.098637267238E+03,
    265.0000006));
#5221 = CARTESIAN_POINT('',(-52.76898844887,-1.09918421865E+03,
    259.99786167548));
#5222 = CARTESIAN_POINT('',(-50.84225351828,-1.099592592205E+03,
    254.99705725073));
#5223 = CARTESIAN_POINT('',(-48.90002315536,-1.099864187215E+03,
    249.99762967355));
#5224 = CARTESIAN_POINT('',(-46.95006546063,-1.100000000022E+03,
    244.99895361888));
#5225 = CARTESIAN_POINT('',(-45.,-1.1E+03,240.));
#5226 = PCURVE('',#1275,#5227);
#5227 = DEFINITIONAL_REPRESENTATION('',(#5228),#5235);
#5228 = B_SPLINE_CURVE_WITH_KNOTS('',5,(#5229,#5230,#5231,#5232,#5233,
    #5234),.UNSPECIFIED.,.F.,.F.,(6,6),(0.,1.),
  .PIECEWISE_BEZIER_KNOTS.);
#5229 = CARTESIAN_POINT('',(-9.315867124724,54.671310809207));
#5230 = CARTESIAN_POINT('',(-9.337745180673,52.768988448875));
#5231 = CARTESIAN_POINT('',(-9.3595519777,50.84225351828));
#5232 = CARTESIAN_POINT('',(-9.381310004073,48.900023155367));
#5233 = CARTESIAN_POINT('',(-9.403043380213,46.950065460634));
#5234 = CARTESIAN_POINT('',(-9.424777960769,45.));
#5235 = ( GEOMETRIC_REPRESENTATION_CONTEXT(2) 
PARAMETRIC_REPRESENTATION_CONTEXT() REPRESENTATION_CONTEXT('2D SPACE',''
  ) );
#5236 = PCURVE('',#5237,#5242);
#5237 = CYLINDRICAL_SURFACE('',#5238,35.);
#5238 = AXIS2_PLACEMENT_3D('',#5239,#5240,#5241);
#5239 = CARTESIAN_POINT('',(-45.,-1.065E+03,120.));
#5240 = DIRECTION('',(0.,0.,1.));
#5241 = DIRECTION('',(-1.,-0.,0.));
#5242 = DEFINITIONAL_REPRESENTATION('',(#5243),#5250);
#5243 = B_SPLINE_CURVE_WITH_KNOTS('',5,(#5244,#5245,#5246,#5247,#5248,
    #5249),.UNSPECIFIED.,.F.,.F.,(6,6),(0.,1.),
  .PIECEWISE_BEZIER_KNOTS.);
#5244 = CARTESIAN_POINT('',(1.2908301255,145.0000006));
#5245 = CARTESIAN_POINT('',(1.347384135874,139.99786167548));
#5246 = CARTESIAN_POINT('',(1.40351444052,134.99705725073));
#5247 = CARTESIAN_POINT('',(1.459367111346,129.99762967355));
#5248 = CARTESIAN_POINT('',(1.515080165624,124.99895361888));
#5249 = CARTESIAN_POINT('',(1.570796326795,120.));
#5250 = ( GEOMETRIC_REPRESENTATION_CONTEXT(2) 
PARAMETRIC_REPRESENTATION_CONTEXT() REPRESENTATION_CONTEXT('2D SPACE',''
  ) );
#5251 = ORIENTED_EDGE('',*,*,#5252,.F.);
#5252 = EDGE_CURVE('',#5253,#5216,#5255,.T.);
#5253 = VERTEX_POINT('',#5254);
#5254 = CARTESIAN_POINT('',(-74.57482147594,-1.083717102732E+03,155.));
#5255 = SURFACE_CURVE('',#5256,(#5271,#5289),.PCURVE_S1.);
#5256 = B_SPLINE_CURVE_WITH_KNOTS('',7,(#5257,#5258,#5259,#5260,#5261,
    #5262,#5263,#5264,#5265,#5266,#5267,#5268,#5269,#5270),
  .UNSPECIFIED.,.F.,.F.,(8,6,8),(0.,0.512771280665,1.),.UNSPECIFIED.);
#5257 = CARTESIAN_POINT('',(-74.57482162696,-1.083717102493E+03,
    154.9999994));
#5258 = CARTESIAN_POINT('',(-73.00616787662,-1.086195726248E+03,
    161.23204979192));
#5259 = CARTESIAN_POINT('',(-71.25059514407,-1.088433384535E+03,
    167.47563664813));
#5260 = CARTESIAN_POINT('',(-69.34805976527,-1.090435160566E+03,
    173.71758066986));
#5261 = CARTESIAN_POINT('',(-67.32857824281,-1.092209317287E+03,
    179.95128868012));
#5262 = CARTESIAN_POINT('',(-65.21480309292,-1.093764623975E+03,
    186.17616175472));
#5263 = CARTESIAN_POINT('',(-63.0234238789,-1.095108912027E+03,
    192.39698001717));
#5264 = CARTESIAN_POINT('',(-58.62203597579,-1.097329703646E+03,
    204.54040219554));
#5265 = CARTESIAN_POINT('',(-56.42075883052,-1.098224979227E+03,
    210.4558960105));
#5266 = CARTESIAN_POINT('',(-54.17698929744,-1.09893707106E+03,
    216.36861294784));
#5267 = CARTESIAN_POINT('',(-51.90280507839,-1.099468999643E+03,
    222.27819082637));
#5268 = CARTESIAN_POINT('',(-49.60882289153,-1.099822937948E+03,
    228.1853758399));
#5269 = CARTESIAN_POINT('',(-47.30474805452,-1.099999999987E+03,
    234.09182494324));
#5270 = CARTESIAN_POINT('',(-45.,-1.1E+03,240.));
#5271 = PCURVE('',#1275,#5272);
#5272 = DEFINITIONAL_REPRESENTATION('',(#5273),#5288);
#5273 = B_SPLINE_CURVE_WITH_KNOTS('',7,(#5274,#5275,#5276,#5277,#5278,
    #5279,#5280,#5281,#5282,#5283,#5284,#5285,#5286,#5287),
  .UNSPECIFIED.,.F.,.F.,(8,6,8),(0.,0.512771280665,1.),.UNSPECIFIED.);
#5274 = CARTESIAN_POINT('',(-9.803319032438,74.574821626966));
#5275 = CARTESIAN_POINT('',(-9.774158753176,73.006167876628));
#5276 = CARTESIAN_POINT('',(-9.745339052276,71.250595144079));
#5277 = CARTESIAN_POINT('',(-9.716864497181,69.348059765274));
#5278 = CARTESIAN_POINT('',(-9.688712242223,67.328578242815));
#5279 = CARTESIAN_POINT('',(-9.66083858255,65.214803092921));
#5280 = CARTESIAN_POINT('',(-9.633181356239,63.0234238789));
#5281 = CARTESIAN_POINT('',(-9.579508219326,58.622035975791));
#5282 = CARTESIAN_POINT('',(-9.55350803389,56.420758830536));
#5283 = CARTESIAN_POINT('',(-9.527633792214,54.176989297422));
#5284 = CARTESIAN_POINT('',(-9.501856989819,51.902805078414));
#5285 = CARTESIAN_POINT('',(-9.47614589211,49.608822891521));
#5286 = CARTESIAN_POINT('',(-9.450465678369,47.304748054532));
#5287 = CARTESIAN_POINT('',(-9.424777960769,45.));
#5288 = ( GEOMETRIC_REPRESENTATION_CONTEXT(2) 
PARAMETRIC_REPRESENTATION_CONTEXT() REPRESENTATION_CONTEXT('2D SPACE',''
  ) );
#5289 = PCURVE('',#5290,#5295);
#5290 = CYLINDRICAL_SURFACE('',#5291,35.);
#5291 = AXIS2_PLACEMENT_3D('',#5292,#5293,#5294);
#5292 = CARTESIAN_POINT('',(-45.,-1.065E+03,120.));
#5293 = DIRECTION('',(0.,0.,1.));
#5294 = DIRECTION('',(-1.,-0.,0.));
#5295 = DEFINITIONAL_REPRESENTATION('',(#5296),#5311);
#5296 = B_SPLINE_CURVE_WITH_KNOTS('',7,(#5297,#5298,#5299,#5300,#5301,
    #5302,#5303,#5304,#5305,#5306,#5307,#5308,#5309,#5310),
  .UNSPECIFIED.,.F.,.F.,(8,6,8),(0.,0.512771280665,1.),.UNSPECIFIED.);
#5297 = CARTESIAN_POINT('',(0.564240689748,34.9999994));
#5298 = CARTESIAN_POINT('',(0.648049268075,41.23204979192));
#5299 = CARTESIAN_POINT('',(0.728896309213,47.475636648139));
#5300 = CARTESIAN_POINT('',(0.807255217218,53.717580669865));
#5301 = CARTESIAN_POINT('',(0.883523746623,59.951288680123));
#5302 = CARTESIAN_POINT('',(0.958075909239,66.176161754723));
#5303 = CARTESIAN_POINT('',(1.03127606991,72.396980017171));
#5304 = CARTESIAN_POINT('',(1.172130984098,84.540402195543));
#5305 = CARTESIAN_POINT('',(1.239804586926,90.455896010514));
#5306 = CARTESIAN_POINT('',(1.306732341647,96.368612947808));
#5307 = CARTESIAN_POINT('',(1.373106936452,102.27819082642));
#5308 = CARTESIAN_POINT('',(1.439115675736,108.18537583987));
#5309 = CARTESIAN_POINT('',(1.504946381762,114.09182494325));
#5310 = CARTESIAN_POINT('',(1.570796326795,120.));
#5311 = ( GEOMETRIC_REPRESENTATION_CONTEXT(2) 
PARAMETRIC_REPRESENTATION_CONTEXT() REPRESENTATION_CONTEXT('2D SPACE',''
  ) );
#5312 = ORIENTED_EDGE('',*,*,#5313,.F.);
#5313 = EDGE_CURVE('',#1450,#5253,#5314,.T.);
#5314 = SURFACE_CURVE('',#5315,(#5343,#5374),.PCURVE_S1.);
#5315 = B_SPLINE_CURVE_WITH_KNOTS('',6,(#5316,#5317,#5318,#5319,#5320,
    #5321,#5322,#5323,#5324,#5325,#5326,#5327,#5328,#5329,#5330,#5331,
    #5332,#5333,#5334,#5335,#5336,#5337,#5338,#5339,#5340,#5341,#5342),
  .UNSPECIFIED.,.F.,.F.,(7,5,5,5,5,7),(0.,0.3112435074,0.461755023216,
    0.553632787129,0.752497638486,1.),.UNSPECIFIED.);
#5316 = CARTESIAN_POINT('',(-68.47633956187,-1.071990098767E+03,130.));
#5317 = CARTESIAN_POINT('',(-69.31747599227,-1.072497510321E+03,
    130.9317464534));
#5318 = CARTESIAN_POINT('',(-70.11906520114,-1.073029701042E+03,
    131.92127343713));
#5319 = CARTESIAN_POINT('',(-70.87590999553,-1.073585626405E+03,
    132.96938152537));
#5320 = CARTESIAN_POINT('',(-71.58178250954,-1.074163631857E+03,
    134.07602816719));
#5321 = CARTESIAN_POINT('',(-72.22973601953,-1.074761316049E+03,
    135.23996814942));
#5322 = CARTESIAN_POINT('',(-73.09461444715,-1.075672387493E+03,
    137.04707785605));
#5323 = CARTESIAN_POINT('',(-73.36131550096,-1.075973181425E+03,
    137.64874580103));
#5324 = CARTESIAN_POINT('',(-73.61199626791,-1.076277416031E+03,
    138.26265383281));
#5325 = CARTESIAN_POINT('',(-73.84584087514,-1.076584654097E+03,
    138.88829455195));
#5326 = CARTESIAN_POINT('',(-74.06205661022,-1.076894404535E+03,
    139.52502222055));
#5327 = CARTESIAN_POINT('',(-74.38067628514,-1.077396404311E+03,
    140.56698899084));
#5328 = CARTESIAN_POINT('',(-74.49460471749,-1.077587420708E+03,
    140.96577909721));
#5329 = CARTESIAN_POINT('',(-74.60152037782,-1.077779045798E+03,
    141.36821749738));
#5330 = CARTESIAN_POINT('',(-74.70126372179,-1.077971149218E+03,
    141.77410158068));
#5331 = CARTESIAN_POINT('',(-74.79368677912,-1.078163594852E+03,
    142.18320847205));
#5332 = CARTESIAN_POINT('',(-75.06256764259,-1.078773213963E+03,
    143.48723115286));
#5333 = CARTESIAN_POINT('',(-75.21157366951,-1.07919115882E+03,
    144.3931906935));
#5334 = CARTESIAN_POINT('',(-75.32428552286,-1.079608583418E+03,
    145.31057681205));
#5335 = CARTESIAN_POINT('',(-75.39971697954,-1.080023985702E+03,
    146.23654720907));
#5336 = CARTESIAN_POINT('',(-75.43732311944,-1.080435872254E+03,
    147.16799729617));
#5337 = CARTESIAN_POINT('',(-75.43685468348,-1.081349177673E+03,
    149.26339511475));
#5338 = CARTESIAN_POINT('',(-75.37802073744,-1.081847965797E+03,
    150.42874109883));
#5339 = CARTESIAN_POINT('',(-75.26058724045,-1.082336225495E+03,
    151.59091714553));
#5340 = CARTESIAN_POINT('',(-75.08589821173,-1.082811642371E+03,
    152.74382572658));
#5341 = CARTESIAN_POINT('',(-74.85626112047,-1.08327240104E+03,
    153.88187815212));
#5342 = CARTESIAN_POINT('',(-74.57482147594,-1.083717102732E+03,155.));
#5343 = PCURVE('',#1275,#5344);
#5344 = DEFINITIONAL_REPRESENTATION('',(#5345),#5373);
#5345 = B_SPLINE_CURVE_WITH_KNOTS('',6,(#5346,#5347,#5348,#5349,#5350,
    #5351,#5352,#5353,#5354,#5355,#5356,#5357,#5358,#5359,#5360,#5361,
    #5362,#5363,#5364,#5365,#5366,#5367,#5368,#5369,#5370,#5371,#5372),
  .UNSPECIFIED.,.F.,.F.,(7,5,5,5,5,7),(0.,0.3112435074,0.461755023216,
    0.553632787129,0.752497638486,1.),.UNSPECIFIED.);
#5346 = CARTESIAN_POINT('',(-9.923451307831,68.47633956187));
#5347 = CARTESIAN_POINT('',(-9.918838475524,69.317475992278));
#5348 = CARTESIAN_POINT('',(-9.913953492055,70.11906520114));
#5349 = CARTESIAN_POINT('',(-9.90879529498,70.875909995532));
#5350 = CARTESIAN_POINT('',(-9.903367209289,71.581782509546));
#5351 = CARTESIAN_POINT('',(-9.897678550554,72.229736019532));
#5352 = CARTESIAN_POINT('',(-9.888879495066,73.094614447153));
#5353 = CARTESIAN_POINT('',(-9.885954871225,73.361315500964));
#5354 = CARTESIAN_POINT('',(-9.882975950475,73.611996267917));
#5355 = CARTESIAN_POINT('',(-9.879945507319,73.845840875146));
#5356 = CARTESIAN_POINT('',(-9.876866951068,74.062056610226));
#5357 = CARTESIAN_POINT('',(-9.871838302469,74.38067628514));
#5358 = CARTESIAN_POINT('',(-9.869915797175,74.494604717494));
#5359 = CARTESIAN_POINT('',(-9.867977840605,74.601520377824));
#5360 = CARTESIAN_POINT('',(-9.866025458826,74.701263721796));
#5361 = CARTESIAN_POINT('',(-9.864059767248,74.793686779124));
#5362 = CARTESIAN_POINT('',(-9.857801146558,75.062567642597));
#5363 = CARTESIAN_POINT('',(-9.853463299286,75.211573669513));
#5364 = CARTESIAN_POINT('',(-9.849081263136,75.324285522869));
#5365 = CARTESIAN_POINT('',(-9.844668838634,75.399716979547));
#5366 = CARTESIAN_POINT('',(-9.84024083759,75.437323119443));
#5367 = CARTESIAN_POINT('',(-9.830302636478,75.436854683487));
#5368 = CARTESIAN_POINT('',(-9.824791433552,75.378020737449));
#5369 = CARTESIAN_POINT('',(-9.81931085399,75.260587240452));
#5370 = CARTESIAN_POINT('',(-9.813888919241,75.085898211734));
#5371 = CARTESIAN_POINT('',(-9.808550814236,74.85626112047));
#5372 = CARTESIAN_POINT('',(-9.803319029631,74.574821475941));
#5373 = ( GEOMETRIC_REPRESENTATION_CONTEXT(2) 
PARAMETRIC_REPRESENTATION_CONTEXT() REPRESENTATION_CONTEXT('2D SPACE',''
  ) );
#5374 = PCURVE('',#1466,#5375);
#5375 = DEFINITIONAL_REPRESENTATION('',(#5376),#5404);
#5376 = B_SPLINE_CURVE_WITH_KNOTS('',6,(#5377,#5378,#5379,#5380,#5381,
    #5382,#5383,#5384,#5385,#5386,#5387,#5388,#5389,#5390,#5391,#5392,
    #5393,#5394,#5395,#5396,#5397,#5398,#5399,#5400,#5401,#5402,#5403),
  .UNSPECIFIED.,.F.,.F.,(7,5,5,5,5,7),(0.,0.3112435074,0.461755023216,
    0.553632787129,0.752497638486,1.),.UNSPECIFIED.);
#5377 = CARTESIAN_POINT('',(0.289392028358,-0.795602953485));
#5378 = CARTESIAN_POINT('',(0.299446260375,-0.75756456381));
#5379 = CARTESIAN_POINT('',(0.309993952454,-0.718939393229));
#5380 = CARTESIAN_POINT('',(0.321021949127,-0.67969825435));
#5381 = CARTESIAN_POINT('',(0.332532657499,-0.639834848808));
#5382 = CARTESIAN_POINT('',(0.344537919949,-0.599363023041));
#5383 = CARTESIAN_POINT('',(0.363110278327,-0.538486712752));
#5384 = CARTESIAN_POINT('',(0.36928379151,-0.518513384165));
#5385 = CARTESIAN_POINT('',(0.37557881818,-0.498416068268));
#5386 = CARTESIAN_POINT('',(0.381997375277,-0.478203222538));
#5387 = CARTESIAN_POINT('',(0.38854152146,-0.457885841589));
#5388 = CARTESIAN_POINT('',(0.399285743854,-0.425020173684));
#5389 = CARTESIAN_POINT('',(0.403405857228,-0.412528656813));
#5390 = CARTESIAN_POINT('',(0.407573900864,-0.400006574041));
#5391 = CARTESIAN_POINT('',(0.411790303123,-0.387457439783));
#5392 = CARTESIAN_POINT('',(0.416055471637,-0.374885129007));
#5393 = CARTESIAN_POINT('',(0.429707833307,-0.33504090065));
#5394 = CARTESIAN_POINT('',(0.439276764205,-0.307697249635));
#5395 = CARTESIAN_POINT('',(0.449078999874,-0.280310049454));
#5396 = CARTESIAN_POINT('',(0.459118098501,-0.252928105736));
#5397 = CARTESIAN_POINT('',(0.469397828633,-0.225604183464));
#5398 = CARTESIAN_POINT('',(0.493013879735,-0.164537770873));
#5399 = CARTESIAN_POINT('',(0.506485694841,-0.13085256551));
#5400 = CARTESIAN_POINT('',(0.520335566939,-9.746107037241E-02));
#5401 = CARTESIAN_POINT('',(0.534571557993,-6.446211755459E-02));
#5402 = CARTESIAN_POINT('',(0.549204201594,-3.194633851082E-02));
#5403 = CARTESIAN_POINT('',(0.564240697817,0.));
#5404 = ( GEOMETRIC_REPRESENTATION_CONTEXT(2) 
PARAMETRIC_REPRESENTATION_CONTEXT() REPRESENTATION_CONTEXT('2D SPACE',''
  ) );
#5405 = ORIENTED_EDGE('',*,*,#1478,.T.);
#5406 = ORIENTED_EDGE('',*,*,#5407,.F.);
#5407 = EDGE_CURVE('',#5408,#1479,#5410,.T.);
#5408 = VERTEX_POINT('',#5409);
#5409 = CARTESIAN_POINT('',(-1.625425178524E+03,-1.083717102732E+03,155.
    ));
#5410 = SURFACE_CURVE('',#5411,(#5439,#5470),.PCURVE_S1.);
#5411 = B_SPLINE_CURVE_WITH_KNOTS('',6,(#5412,#5413,#5414,#5415,#5416,
    #5417,#5418,#5419,#5420,#5421,#5422,#5423,#5424,#5425,#5426,#5427,
    #5428,#5429,#5430,#5431,#5432,#5433,#5434,#5435,#5436,#5437,#5438),
  .UNSPECIFIED.,.F.,.F.,(7,5,5,5,5,7),(0.,0.24734490956,0.445690806645,
    0.537407395597,0.689042463906,1.),.UNSPECIFIED.);
#5412 = CARTESIAN_POINT('',(-1.625425178524E+03,-1.083717102732E+03,155.
    ));
#5413 = CARTESIAN_POINT('',(-1.625143917911E+03,-1.083272683927E+03,
    153.88258942095));
#5414 = CARTESIAN_POINT('',(-1.624914394068E+03,-1.082812228728E+03,
    152.74527401463));
#5415 = CARTESIAN_POINT('',(-1.624739746295E+03,-1.082337133038E+03,
    151.59311800379));
#5416 = CARTESIAN_POINT('',(-1.624622278253E+03,-1.081849208433E+03,
    150.43169891453));
#5417 = CARTESIAN_POINT('',(-1.624563332731E+03,-1.081350764339E+03,
    149.26710222403));
#5418 = CARTESIAN_POINT('',(-1.624562529433E+03,-1.080438887008E+03,
    147.17486069816));
#5419 = CARTESIAN_POINT('',(-1.624599789656E+03,-1.080028103629E+03,
    146.24581755209));
#5420 = CARTESIAN_POINT('',(-1.624674679182E+03,-1.079613814189E+03,
    145.32220638036));
#5421 = CARTESIAN_POINT('',(-1.624786660087E+03,-1.079197500251E+03,
    144.40710870273));
#5422 = CARTESIAN_POINT('',(-1.624934757192E+03,-1.078780652342E+03,
    143.50334716669));
#5423 = CARTESIAN_POINT('',(-1.625202142564E+03,-1.078172436155E+03,
    142.20202906396));
#5424 = CARTESIAN_POINT('',(-1.625294120358E+03,-1.077980316306E+03,
    141.79351811287));
#5425 = CARTESIAN_POINT('',(-1.625393397247E+03,-1.077788533181E+03,
    141.38821152616));
#5426 = CARTESIAN_POINT('',(-1.625499826344E+03,-1.077597222307E+03,
    140.98633148784));
#5427 = CARTESIAN_POINT('',(-1.625613249211E+03,-1.077406513524E+03,
    140.58808007223));
#5428 = CARTESIAN_POINT('',(-1.625932307166E+03,-1.076902432373E+03,
    139.54151402011));
#5429 = CARTESIAN_POINT('',(-1.626149776584E+03,-1.07659031717E+03,
    138.89980436055));
#5430 = CARTESIAN_POINT('',(-1.626385151074E+03,-1.076280744704E+03,
    138.26933837671));
#5431 = CARTESIAN_POINT('',(-1.626637620211E+03,-1.075974217635E+03,
    137.65077761214));
#5432 = CARTESIAN_POINT('',(-1.62690634957E+03,-1.075671183151E+03,
    137.04464107171));
#5433 = CARTESIAN_POINT('',(-1.627773240781E+03,-1.074758570783E+03,
    135.23462212705));
#5434 = CARTESIAN_POINT('',(-1.628420811682E+03,-1.074161507935E+03,
    134.07196180342));
#5435 = CARTESIAN_POINT('',(-1.629126175971E+03,-1.073584094348E+03,
    132.96649311253));
#5436 = CARTESIAN_POINT('',(-1.629882407554E+03,-1.073028723296E+03,
    131.9194554802));
#5437 = CARTESIAN_POINT('',(-1.630683296702E+03,-1.072497044197E+03,
    130.93089052217));
#5438 = CARTESIAN_POINT('',(-1.631523660438E+03,-1.071990098767E+03,130.
    ));
#5439 = PCURVE('',#1275,#5440);
#5440 = DEFINITIONAL_REPRESENTATION('',(#5441),#5469);
#5441 = B_SPLINE_CURVE_WITH_KNOTS('',6,(#5442,#5443,#5444,#5445,#5446,
    #5447,#5448,#5449,#5450,#5451,#5452,#5453,#5454,#5455,#5456,#5457,
    #5458,#5459,#5460,#5461,#5462,#5463,#5464,#5465,#5466,#5467,#5468),
  .UNSPECIFIED.,.F.,.F.,(7,5,5,5,5,7),(0.,0.24734490956,0.445690806645,
    0.537407395597,0.689042463906,1.),.UNSPECIFIED.);
#5442 = CARTESIAN_POINT('',(-9.803319029631,1.625425178524E+03));
#5443 = CARTESIAN_POINT('',(-9.80854748615,1.625143917911E+03));
#5444 = CARTESIAN_POINT('',(-9.813882125967,1.624914394068E+03));
#5445 = CARTESIAN_POINT('',(-9.819300503741,1.624739746295E+03));
#5446 = CARTESIAN_POINT('',(-9.824777485138,1.624622278253E+03));
#5447 = CARTESIAN_POINT('',(-9.830285104731,1.624563332731E+03));
#5448 = CARTESIAN_POINT('',(-9.840208244965,1.624562529433E+03));
#5449 = CARTESIAN_POINT('',(-9.844624735762,1.624599789656E+03));
#5450 = CARTESIAN_POINT('',(-9.849025821687,1.624674679182E+03));
#5451 = CARTESIAN_POINT('',(-9.853396802269,1.624786660087E+03));
#5452 = CARTESIAN_POINT('',(-9.857723974422,1.624934757192E+03));
#5453 = CARTESIAN_POINT('',(-9.863969359461,1.625202142564E+03));
#5454 = CARTESIAN_POINT('',(-9.865932103552,1.625294120358E+03));
#5455 = CARTESIAN_POINT('',(-9.867881620132,1.625393397247E+03));
#5456 = CARTESIAN_POINT('',(-9.869816797552,1.625499826344E+03));
#5457 = CARTESIAN_POINT('',(-9.871736612793,1.625613249211E+03));
#5458 = CARTESIAN_POINT('',(-9.876787204307,1.625932307166E+03));
#5459 = CARTESIAN_POINT('',(-9.879889736057,1.626149776584E+03));
#5460 = CARTESIAN_POINT('',(-9.882943483659,1.626385151074E+03));
#5461 = CARTESIAN_POINT('',(-9.885944955191,1.626637620211E+03));
#5462 = CARTESIAN_POINT('',(-9.88889131275,1.62690634957E+03));
#5463 = CARTESIAN_POINT('',(-9.897704678945,1.627773240781E+03));
#5464 = CARTESIAN_POINT('',(-9.903387154836,1.628420811682E+03));
#5465 = CARTESIAN_POINT('',(-9.908809510159,1.629126175971E+03));
#5466 = CARTESIAN_POINT('',(-9.913962466748,1.629882407554E+03));
#5467 = CARTESIAN_POINT('',(-9.918842713015,1.630683296702E+03));
#5468 = CARTESIAN_POINT('',(-9.923451307831,1.631523660438E+03));
#5469 = ( GEOMETRIC_REPRESENTATION_CONTEXT(2) 
PARAMETRIC_REPRESENTATION_CONTEXT() REPRESENTATION_CONTEXT('2D SPACE',''
  ) );
#5470 = PCURVE('',#1518,#5471);
#5471 = DEFINITIONAL_REPRESENTATION('',(#5472),#5500);
#5472 = B_SPLINE_CURVE_WITH_KNOTS('',6,(#5473,#5474,#5475,#5476,#5477,
    #5478,#5479,#5480,#5481,#5482,#5483,#5484,#5485,#5486,#5487,#5488,
    #5489,#5490,#5491,#5492,#5493,#5494,#5495,#5496,#5497,#5498,#5499),
  .UNSPECIFIED.,.F.,.F.,(7,5,5,5,5,7),(0.,0.24734490956,0.445690806645,
    0.537407395597,0.689042463906,1.),.UNSPECIFIED.);
#5473 = CARTESIAN_POINT('',(-0.564240697817,1.665334536938E-15));
#5474 = CARTESIAN_POINT('',(-0.549213766734,-3.192601654402E-02));
#5475 = CARTESIAN_POINT('',(-0.53459018002,-6.442073791416E-02));
#5476 = CARTESIAN_POINT('',(-0.520362743484,-9.739807671581E-02));
#5477 = CARTESIAN_POINT('',(-0.506520944718,-0.130767582134));
#5478 = CARTESIAN_POINT('',(-0.493056737036,-0.164430614971));
#5479 = CARTESIAN_POINT('',(-0.469474322586,-0.225403459288));
#5480 = CARTESIAN_POINT('',(-0.459219844876,-0.252655476818));
#5481 = CARTESIAN_POINT('',(-0.44920475256,-0.279965549419));
#5482 = CARTESIAN_POINT('',(-0.439425313843,-0.307281301271));
#5483 = CARTESIAN_POINT('',(-0.429878002691,-0.334554263731));
#5484 = CARTESIAN_POINT('',(-0.416251865954,-0.374307478894));
#5485 = CARTESIAN_POINT('',(-0.411992298372,-0.386858586226));
#5486 = CARTESIAN_POINT('',(-0.407781338237,-0.399386722943));
#5487 = CARTESIAN_POINT('',(-0.403618580631,-0.411888025926));
#5488 = CARTESIAN_POINT('',(-0.399503599953,-0.424358989759));
#5489 = CARTESIAN_POINT('',(-0.388710981639,-0.457359217125));
#5490 = CARTESIAN_POINT('',(-0.382115411008,-0.477830434948));
#5491 = CARTESIAN_POINT('',(-0.37564734268,-0.498195710962));
#5492 = CARTESIAN_POINT('',(-0.369304670373,-0.518443780509));
#5493 = CARTESIAN_POINT('',(-0.363085330498,-0.538565992598));
#5494 = CARTESIAN_POINT('',(-0.344482778428,-0.59954892299));
#5495 = CARTESIAN_POINT('',(-0.332490361063,-0.639981334236));
#5496 = CARTESIAN_POINT('',(-0.320991557206,-0.679806400744));
#5497 = CARTESIAN_POINT('',(-0.309974574237,-0.719010356726));
#5498 = CARTESIAN_POINT('',(-0.299437024245,-0.757599507056));
#5499 = CARTESIAN_POINT('',(-0.289392028358,-0.795602953485));
#5500 = ( GEOMETRIC_REPRESENTATION_CONTEXT(2) 
PARAMETRIC_REPRESENTATION_CONTEXT() REPRESENTATION_CONTEXT('2D SPACE',''
  ) );
#5501 = ORIENTED_EDGE('',*,*,#5502,.T.);
#5502 = EDGE_CURVE('',#5408,#5503,#5505,.T.);
#5503 = VERTEX_POINT('',#5504);
#5504 = CARTESIAN_POINT('',(-1.655E+03,-1.1E+03,240.));
#5505 = SURFACE_CURVE('',#5506,(#5521,#5539),.PCURVE_S1.);
#5506 = B_SPLINE_CURVE_WITH_KNOTS('',7,(#5507,#5508,#5509,#5510,#5511,
    #5512,#5513,#5514,#5515,#5516,#5517,#5518,#5519,#5520),
  .UNSPECIFIED.,.F.,.F.,(8,6,8),(0.,0.512771280634,1.),.UNSPECIFIED.);
#5507 = CARTESIAN_POINT('',(-1.625425178373E+03,-1.083717102493E+03,
    154.9999994));
#5508 = CARTESIAN_POINT('',(-1.626993832123E+03,-1.086195726248E+03,
    161.23204979191));
#5509 = CARTESIAN_POINT('',(-1.628749404856E+03,-1.088433384535E+03,
    167.47563664816));
#5510 = CARTESIAN_POINT('',(-1.630651940235E+03,-1.090435160566E+03,
    173.71758066983));
#5511 = CARTESIAN_POINT('',(-1.632671421757E+03,-1.092209317287E+03,
    179.95128868014));
#5512 = CARTESIAN_POINT('',(-1.634785196907E+03,-1.093764623975E+03,
    186.17616175469));
#5513 = CARTESIAN_POINT('',(-1.636976576121E+03,-1.095108912027E+03,
    192.39698001718));
#5514 = CARTESIAN_POINT('',(-1.641377964024E+03,-1.097329703646E+03,
    204.54040219626));
#5515 = CARTESIAN_POINT('',(-1.643579241169E+03,-1.098224979227E+03,
    210.45589600969));
#5516 = CARTESIAN_POINT('',(-1.645823010702E+03,-1.09893707106E+03,
    216.36861294752));
#5517 = CARTESIAN_POINT('',(-1.648097194922E+03,-1.099468999643E+03,
    222.2781908268));
#5518 = CARTESIAN_POINT('',(-1.650391177109E+03,-1.099822937948E+03,
    228.18537584));
#5519 = CARTESIAN_POINT('',(-1.652695251945E+03,-1.099999999987E+03,
    234.09182494322));
#5520 = CARTESIAN_POINT('',(-1.655E+03,-1.1E+03,240.));
#5521 = PCURVE('',#1275,#5522);
#5522 = DEFINITIONAL_REPRESENTATION('',(#5523),#5538);
#5523 = B_SPLINE_CURVE_WITH_KNOTS('',7,(#5524,#5525,#5526,#5527,#5528,
    #5529,#5530,#5531,#5532,#5533,#5534,#5535,#5536,#5537),
  .UNSPECIFIED.,.F.,.F.,(8,6,8),(0.,0.512771280634,1.),.UNSPECIFIED.);
#5524 = CARTESIAN_POINT('',(-9.803319032438,1.625425178373E+03));
#5525 = CARTESIAN_POINT('',(-9.774158753176,1.626993832123E+03));
#5526 = CARTESIAN_POINT('',(-9.745339052276,1.628749404856E+03));
#5527 = CARTESIAN_POINT('',(-9.716864497181,1.630651940235E+03));
#5528 = CARTESIAN_POINT('',(-9.688712242223,1.632671421757E+03));
#5529 = CARTESIAN_POINT('',(-9.660838582551,1.634785196907E+03));
#5530 = CARTESIAN_POINT('',(-9.633181356239,1.636976576121E+03));
#5531 = CARTESIAN_POINT('',(-9.579508219323,1.641377964024E+03));
#5532 = CARTESIAN_POINT('',(-9.553508033893,1.643579241169E+03));
#5533 = CARTESIAN_POINT('',(-9.527633792215,1.645823010702E+03));
#5534 = CARTESIAN_POINT('',(-9.501856989817,1.648097194922E+03));
#5535 = CARTESIAN_POINT('',(-9.476145892109,1.650391177109E+03));
#5536 = CARTESIAN_POINT('',(-9.450465678369,1.652695251945E+03));
#5537 = CARTESIAN_POINT('',(-9.424777960769,1.655E+03));
#5538 = ( GEOMETRIC_REPRESENTATION_CONTEXT(2) 
PARAMETRIC_REPRESENTATION_CONTEXT() REPRESENTATION_CONTEXT('2D SPACE',''
  ) );
#5539 = PCURVE('',#5540,#5545);
#5540 = CYLINDRICAL_SURFACE('',#5541,35.);
#5541 = AXIS2_PLACEMENT_3D('',#5542,#5543,#5544);
#5542 = CARTESIAN_POINT('',(-1.655E+03,-1.065E+03,120.));
#5543 = DIRECTION('',(0.,0.,1.));
#5544 = DIRECTION('',(1.,0.,-0.));
#5545 = DEFINITIONAL_REPRESENTATION('',(#5546),#5561);
#5546 = B_SPLINE_CURVE_WITH_KNOTS('',7,(#5547,#5548,#5549,#5550,#5551,
    #5552,#5553,#5554,#5555,#5556,#5557,#5558,#5559,#5560),
  .UNSPECIFIED.,.F.,.F.,(8,6,8),(0.,0.512771280634,1.),.UNSPECIFIED.);
#5547 = CARTESIAN_POINT('',(-0.564240689748,34.9999994));
#5548 = CARTESIAN_POINT('',(-0.648049268075,41.232049791919));
#5549 = CARTESIAN_POINT('',(-0.728896309213,47.47563664816));
#5550 = CARTESIAN_POINT('',(-0.807255217217,53.717580669839));
#5551 = CARTESIAN_POINT('',(-0.883523746623,59.951288680141));
#5552 = CARTESIAN_POINT('',(-0.958075909239,66.176161754698));
#5553 = CARTESIAN_POINT('',(-1.03127606991,72.396980017186));
#5554 = CARTESIAN_POINT('',(-1.172130984106,84.540402196263));
#5555 = CARTESIAN_POINT('',(-1.239804586917,90.455896009694));
#5556 = CARTESIAN_POINT('',(-1.306732341644,96.368612947533));
#5557 = CARTESIAN_POINT('',(-1.373106936456,102.27819082679));
#5558 = CARTESIAN_POINT('',(-1.439115675737,108.18537584));
#5559 = CARTESIAN_POINT('',(-1.504946381761,114.09182494321));
#5560 = CARTESIAN_POINT('',(-1.570796326795,120.));
#5561 = ( GEOMETRIC_REPRESENTATION_CONTEXT(2) 
PARAMETRIC_REPRESENTATION_CONTEXT() REPRESENTATION_CONTEXT('2D SPACE',''
  ) );
#5562 = ORIENTED_EDGE('',*,*,#5563,.F.);
#5563 = EDGE_CURVE('',#5564,#5503,#5566,.T.);
#5564 = VERTEX_POINT('',#5565);
#5565 = CARTESIAN_POINT('',(-1.645328689419E+03,-1.098637267303E+03,265.
    ));
#5566 = SURFACE_CURVE('',#5567,(#5574,#5584),.PCURVE_S1.);
#5567 = B_SPLINE_CURVE_WITH_KNOTS('',5,(#5568,#5569,#5570,#5571,#5572,
    #5573),.UNSPECIFIED.,.F.,.F.,(6,6),(0.,1.),
  .PIECEWISE_BEZIER_KNOTS.);
#5568 = CARTESIAN_POINT('',(-1.645328689191E+03,-1.098637267238E+03,
    265.0000006));
#5569 = CARTESIAN_POINT('',(-1.647231011551E+03,-1.09918421865E+03,
    259.99786167539));
#5570 = CARTESIAN_POINT('',(-1.649157746482E+03,-1.099592592205E+03,
    254.99705725081));
#5571 = CARTESIAN_POINT('',(-1.651099976845E+03,-1.099864187215E+03,
    249.99762967363));
#5572 = CARTESIAN_POINT('',(-1.653049934539E+03,-1.100000000022E+03,
    244.99895361878));
#5573 = CARTESIAN_POINT('',(-1.655E+03,-1.1E+03,240.));
#5574 = PCURVE('',#1275,#5575);
#5575 = DEFINITIONAL_REPRESENTATION('',(#5576),#5583);
#5576 = B_SPLINE_CURVE_WITH_KNOTS('',5,(#5577,#5578,#5579,#5580,#5581,
    #5582),.UNSPECIFIED.,.F.,.F.,(6,6),(0.,1.),
  .PIECEWISE_BEZIER_KNOTS.);
#5577 = CARTESIAN_POINT('',(-9.315867124724,1.645328689191E+03));
#5578 = CARTESIAN_POINT('',(-9.337745180673,1.647231011551E+03));
#5579 = CARTESIAN_POINT('',(-9.3595519777,1.649157746482E+03));
#5580 = CARTESIAN_POINT('',(-9.381310004073,1.651099976845E+03));
#5581 = CARTESIAN_POINT('',(-9.403043380213,1.653049934539E+03));
#5582 = CARTESIAN_POINT('',(-9.424777960769,1.655E+03));
#5583 = ( GEOMETRIC_REPRESENTATION_CONTEXT(2) 
PARAMETRIC_REPRESENTATION_CONTEXT() REPRESENTATION_CONTEXT('2D SPACE',''
  ) );
#5584 = PCURVE('',#5585,#5590);
#5585 = CYLINDRICAL_SURFACE('',#5586,35.);
#5586 = AXIS2_PLACEMENT_3D('',#5587,#5588,#5589);
#5587 = CARTESIAN_POINT('',(-1.655E+03,-1.065E+03,120.));
#5588 = DIRECTION('',(0.,0.,1.));
#5589 = DIRECTION('',(1.,0.,-0.));
#5590 = DEFINITIONAL_REPRESENTATION('',(#5591),#5598);
#5591 = B_SPLINE_CURVE_WITH_KNOTS('',5,(#5592,#5593,#5594,#5595,#5596,
    #5597),.UNSPECIFIED.,.F.,.F.,(6,6),(0.,1.),
  .PIECEWISE_BEZIER_KNOTS.);
#5592 = CARTESIAN_POINT('',(-1.2908301255,145.0000006));
#5593 = CARTESIAN_POINT('',(-1.347384135875,139.99786167539));
#5594 = CARTESIAN_POINT('',(-1.403514440519,134.99705725081));
#5595 = CARTESIAN_POINT('',(-1.459367111345,129.99762967363));
#5596 = CARTESIAN_POINT('',(-1.515080165626,124.99895361878));
#5597 = CARTESIAN_POINT('',(-1.570796326795,120.));
#5598 = ( GEOMETRIC_REPRESENTATION_CONTEXT(2) 
PARAMETRIC_REPRESENTATION_CONTEXT() REPRESENTATION_CONTEXT('2D SPACE',''
  ) );
#5599 = ORIENTED_EDGE('',*,*,#5600,.F.);
#5600 = EDGE_CURVE('',#5601,#5564,#5603,.T.);
#5601 = VERTEX_POINT('',#5602);
#5602 = CARTESIAN_POINT('',(-1.655E+03,-1.096420653651E+03,
    280.41890152187));
#5603 = SURFACE_CURVE('',#5604,(#5663,#5725),.PCURVE_S1.);
#5604 = B_SPLINE_CURVE_WITH_KNOTS('',8,(#5605,#5606,#5607,#5608,#5609,
    #5610,#5611,#5612,#5613,#5614,#5615,#5616,#5617,#5618,#5619,#5620,
    #5621,#5622,#5623,#5624,#5625,#5626,#5627,#5628,#5629,#5630,#5631,
    #5632,#5633,#5634,#5635,#5636,#5637,#5638,#5639,#5640,#5641,#5642,
    #5643,#5644,#5645,#5646,#5647,#5648,#5649,#5650,#5651,#5652,#5653,
    #5654,#5655,#5656,#5657,#5658,#5659,#5660,#5661,#5662),
  .UNSPECIFIED.,.F.,.F.,(9,7,7,7,7,7,7,7,9),(0.,0.388169180532,
    0.528680219147,0.640230262807,0.69999608764,0.737923266904,
    0.821318915213,0.940657682219,1.),.UNSPECIFIED.);
#5605 = CARTESIAN_POINT('',(-1.655E+03,-1.096420653651E+03,
    280.41890152187));
#5606 = CARTESIAN_POINT('',(-1.65413885983E+03,-1.096420653651E+03,
    280.41890152187));
#5607 = CARTESIAN_POINT('',(-1.653280294973E+03,-1.096436075564E+03,
    280.3325097941));
#5608 = CARTESIAN_POINT('',(-1.652427100432E+03,-1.096466758984E+03,
    280.16062732361));
#5609 = CARTESIAN_POINT('',(-1.651583845161E+03,-1.096512744576E+03,
    279.90195404621));
#5610 = CARTESIAN_POINT('',(-1.650756366142E+03,-1.096573993393E+03,
    279.55463437986));
#5611 = CARTESIAN_POINT('',(-1.649951885749E+03,-1.09665032535E+03,
    279.11631925151));
#5612 = CARTESIAN_POINT('',(-1.649178845209E+03,-1.096741328001E+03,
    278.58465987192));
#5613 = CARTESIAN_POINT('',(-1.648182705932E+03,-1.096884509049E+03,
    277.72893752191));
#5614 = CARTESIAN_POINT('',(-1.647923506931E+03,-1.096924400395E+03,
    277.48892509269));
#5615 = CARTESIAN_POINT('',(-1.647670373216E+03,-1.096966095762E+03,
    277.23622213361));
#5616 = CARTESIAN_POINT('',(-1.647423884109E+03,-1.09700955206E+03,
    276.97074822705));
#5617 = CARTESIAN_POINT('',(-1.647184678846E+03,-1.097054715127E+03,
    276.69246240744));
#5618 = CARTESIAN_POINT('',(-1.646953450564E+03,-1.097101518655E+03,
    276.40137361776));
#5619 = CARTESIAN_POINT('',(-1.646730940279E+03,-1.097149883121E+03,
    276.09755116596));
#5620 = CARTESIAN_POINT('',(-1.646348825237E+03,-1.097239275419E+03,
    275.52993629182));
#5621 = CARTESIAN_POINT('',(-1.646185715405E+03,-1.097279758998E+03,
    275.27081200789));
#5622 = CARTESIAN_POINT('',(-1.646028999328E+03,-1.09732111681E+03,
    275.00384446878));
#5623 = CARTESIAN_POINT('',(-1.645879098387E+03,-1.09736329238E+03,
    274.72915980803));
#5624 = CARTESIAN_POINT('',(-1.645736452045E+03,-1.09740622105E+03,
    274.44693375588));
#5625 = CARTESIAN_POINT('',(-1.645601511049E+03,-1.09744982969E+03,
    274.15739865126));
#5626 = CARTESIAN_POINT('',(-1.645474729165E+03,-1.097494036476E+03,
    273.86085186326));
#5627 = CARTESIAN_POINT('',(-1.64529323779E+03,-1.09756270753E+03,
    273.39522574179));
#5628 = CARTESIAN_POINT('',(-1.645232393027E+03,-1.097586809836E+03,
    273.23088114327));
#5629 = CARTESIAN_POINT('',(-1.645174088338E+03,-1.097611043481E+03,
    273.0646905355));
#5630 = CARTESIAN_POINT('',(-1.645118392106E+03,-1.097635393626E+03,
    272.89671849147));
#5631 = CARTESIAN_POINT('',(-1.645065371372E+03,-1.09765984476E+03,
    272.72703580988));
#5632 = CARTESIAN_POINT('',(-1.645015091263E+03,-1.097684380711E+03,
    272.55571987652));
#5633 = CARTESIAN_POINT('',(-1.644967614421E+03,-1.097708984663E+03,
    272.38285502569));
#5634 = CARTESIAN_POINT('',(-1.644894688555E+03,-1.097749284827E+03,
    272.09790870347));
#5635 = CARTESIAN_POINT('',(-1.644867529457E+03,-1.097764950883E+03,
    271.98669742553));
#5636 = CARTESIAN_POINT('',(-1.644841538475E+03,-1.097780632869E+03,
    271.87492244016));
#5637 = CARTESIAN_POINT('',(-1.644816730259E+03,-1.09779632626E+03,
    271.76260811547));
#5638 = CARTESIAN_POINT('',(-1.64479311877E+03,-1.097812026466E+03,
    271.64977981537));
#5639 = CARTESIAN_POINT('',(-1.644770717282E+03,-1.097827728838E+03,
    271.53646389947));
#5640 = CARTESIAN_POINT('',(-1.644749538379E+03,-1.097843428665E+03,
    271.42268772319));
#5641 = CARTESIAN_POINT('',(-1.644685739449E+03,-1.097893626432E+03,
    271.05735478428));
#5642 = CARTESIAN_POINT('',(-1.644647851759E+03,-1.097928097578E+03,
    270.80413272766));
#5643 = CARTESIAN_POINT('',(-1.644616058226E+03,-1.097962482481E+03,
    270.54912564902));
#5644 = CARTESIAN_POINT('',(-1.644590464132E+03,-1.097996729594E+03,
    270.29265724504));
#5645 = CARTESIAN_POINT('',(-1.644571151051E+03,-1.098030788106E+03,
    270.03506295211));
#5646 = CARTESIAN_POINT('',(-1.644558175193E+03,-1.098064608089E+03,
    269.77669017048));
#5647 = CARTESIAN_POINT('',(-1.644551565751E+03,-1.098098140651E+03,
    269.51789848848));
#5648 = CARTESIAN_POINT('',(-1.644550976229E+03,-1.098178843436E+03,
    268.88866315557));
#5649 = CARTESIAN_POINT('',(-1.644563666823E+03,-1.098225669782E+03,
    268.51811370436));
#5650 = CARTESIAN_POINT('',(-1.644589402019E+03,-1.098271672831E+03,
    268.14853314242));
#5651 = CARTESIAN_POINT('',(-1.64462805975E+03,-1.098316728933E+03,
    267.7809746676));
#5652 = CARTESIAN_POINT('',(-1.644679408956E+03,-1.098360733353E+03,
    267.41642709008));
#5653 = CARTESIAN_POINT('',(-1.644743124626E+03,-1.098403598587E+03,
    267.05581779911));
#5654 = CARTESIAN_POINT('',(-1.644818797785E+03,-1.098445252692E+03,
    266.70001469299));
#5655 = CARTESIAN_POINT('',(-1.644949272977E+03,-1.098505719451E+03,
    266.17569300299));
#5656 = CARTESIAN_POINT('',(-1.644995444662E+03,-1.098525488871E+03,
    266.00293496818));
#5657 = CARTESIAN_POINT('',(-1.645044397991E+03,-1.098544939535E+03,
    265.83164564442));
#5658 = CARTESIAN_POINT('',(-1.645096072328E+03,-1.098564066272E+03,
    265.66191068231));
#5659 = CARTESIAN_POINT('',(-1.645150404484E+03,-1.098582865022E+03,
    265.49380903572));
#5660 = CARTESIAN_POINT('',(-1.645207329279E+03,-1.098601332737E+03,
    265.32741329149));
#5661 = CARTESIAN_POINT('',(-1.645266780092E+03,-1.098619467275E+03,
    265.16278999904));
#5662 = CARTESIAN_POINT('',(-1.645328689419E+03,-1.098637267303E+03,265.
    ));
#5663 = PCURVE('',#1275,#5664);
#5664 = DEFINITIONAL_REPRESENTATION('',(#5665),#5724);
#5665 = B_SPLINE_CURVE_WITH_KNOTS('',8,(#5666,#5667,#5668,#5669,#5670,
    #5671,#5672,#5673,#5674,#5675,#5676,#5677,#5678,#5679,#5680,#5681,
    #5682,#5683,#5684,#5685,#5686,#5687,#5688,#5689,#5690,#5691,#5692,
    #5693,#5694,#5695,#5696,#5697,#5698,#5699,#5700,#5701,#5702,#5703,
    #5704,#5705,#5706,#5707,#5708,#5709,#5710,#5711,#5712,#5713,#5714,
    #5715,#5716,#5717,#5718,#5719,#5720,#5721,#5722,#5723),
  .UNSPECIFIED.,.F.,.F.,(9,7,7,7,7,7,7,7,9),(0.,0.388169180532,
    0.528680219147,0.640230262807,0.69999608764,0.737923266904,
    0.821318915213,0.940657682219,1.),.UNSPECIFIED.);
#5666 = CARTESIAN_POINT('',(-9.248126278792,1.655E+03));
#5667 = CARTESIAN_POINT('',(-9.248126278792,1.65413885983E+03));
#5668 = CARTESIAN_POINT('',(-9.248507832835,1.653280294973E+03));
#5669 = CARTESIAN_POINT('',(-9.249266961936,1.652427100432E+03));
#5670 = CARTESIAN_POINT('',(-9.250409261797,1.651583845161E+03));
#5671 = CARTESIAN_POINT('',(-9.25194264467,1.650756366142E+03));
#5672 = CARTESIAN_POINT('',(-9.253877034629,1.649951885749E+03));
#5673 = CARTESIAN_POINT('',(-9.256222198631,1.649178845209E+03));
#5674 = CARTESIAN_POINT('',(-9.259994452205,1.648182705932E+03));
#5675 = CARTESIAN_POINT('',(-9.261052299075,1.647923506931E+03));
#5676 = CARTESIAN_POINT('',(-9.262165861577,1.647670373216E+03));
#5677 = CARTESIAN_POINT('',(-9.263335455886,1.647423884109E+03));
#5678 = CARTESIAN_POINT('',(-9.264561221959,1.647184678846E+03));
#5679 = CARTESIAN_POINT('',(-9.265843078125,1.646953450564E+03));
#5680 = CARTESIAN_POINT('',(-9.267180675666,1.646730940279E+03));
#5681 = CARTESIAN_POINT('',(-9.269678983707,1.646348825237E+03));
#5682 = CARTESIAN_POINT('',(-9.270819276934,1.646185715405E+03));
#5683 = CARTESIAN_POINT('',(-9.271993849472,1.646028999328E+03));
#5684 = CARTESIAN_POINT('',(-9.273202123986,1.645879098387E+03));
#5685 = CARTESIAN_POINT('',(-9.274443305207,1.645736452045E+03));
#5686 = CARTESIAN_POINT('',(-9.275716349649,1.645601511049E+03));
#5687 = CARTESIAN_POINT('',(-9.277019929274,1.645474729165E+03));
#5688 = CARTESIAN_POINT('',(-9.279066288938,1.64529323779E+03));
#5689 = CARTESIAN_POINT('',(-9.279788473849,1.645232393027E+03));
#5690 = CARTESIAN_POINT('',(-9.280518682869,1.645174088338E+03));
#5691 = CARTESIAN_POINT('',(-9.281256629445,1.645118392106E+03));
#5692 = CARTESIAN_POINT('',(-9.282001999874,1.645065371372E+03));
#5693 = CARTESIAN_POINT('',(-9.282754451748,1.645015091263E+03));
#5694 = CARTESIAN_POINT('',(-9.283513612405,1.644967614421E+03));
#5695 = CARTESIAN_POINT('',(-9.284764838721,1.644894688555E+03));
#5696 = CARTESIAN_POINT('',(-9.285253139849,1.644867529457E+03));
#5697 = CARTESIAN_POINT('',(-9.285743877603,1.644841538475E+03));
#5698 = CARTESIAN_POINT('',(-9.286236944505,1.644816730259E+03));
#5699 = CARTESIAN_POINT('',(-9.28673222876,1.64479311877E+03));
#5700 = CARTESIAN_POINT('',(-9.287229614252,1.644770717282E+03));
#5701 = CARTESIAN_POINT('',(-9.287728980552,1.644749538379E+03));
#5702 = CARTESIAN_POINT('',(-9.289332308683,1.644685739449E+03));
#5703 = CARTESIAN_POINT('',(-9.290443427673,1.644647851759E+03));
#5704 = CARTESIAN_POINT('',(-9.291562186381,1.644616058226E+03));
#5705 = CARTESIAN_POINT('',(-9.292687162207,1.644590464132E+03));
#5706 = CARTESIAN_POINT('',(-9.293816882511,1.644571151051E+03));
#5707 = CARTESIAN_POINT('',(-9.294949823668,1.644558175193E+03));
#5708 = CARTESIAN_POINT('',(-9.296084410129,1.644551565751E+03));
#5709 = CARTESIAN_POINT('',(-9.298842625367,1.644550976229E+03));
#5710 = CARTESIAN_POINT('',(-9.300466520207,1.644563666823E+03));
#5711 = CARTESIAN_POINT('',(-9.302085787863,1.644589402019E+03));
#5712 = CARTESIAN_POINT('',(-9.303695824564,1.64462805975E+03));
#5713 = CARTESIAN_POINT('',(-9.305292314258,1.644679408956E+03));
#5714 = CARTESIAN_POINT('',(-9.30687121455,1.644743124626E+03));
#5715 = CARTESIAN_POINT('',(-9.308428747217,1.644818797785E+03));
#5716 = CARTESIAN_POINT('',(-9.310723515918,1.644949272977E+03));
#5717 = CARTESIAN_POINT('',(-9.311479539558,1.644995444662E+03));
#5718 = CARTESIAN_POINT('',(-9.312229061442,1.645044397991E+03));
#5719 = CARTESIAN_POINT('',(-9.312971709683,1.645096072328E+03));
#5720 = CARTESIAN_POINT('',(-9.313707141817,1.645150404484E+03));
#5721 = CARTESIAN_POINT('',(-9.314435043333,1.645207329279E+03));
#5722 = CARTESIAN_POINT('',(-9.315155126191,1.645266780092E+03));
#5723 = CARTESIAN_POINT('',(-9.315867127349,1.645328689419E+03));
#5724 = ( GEOMETRIC_REPRESENTATION_CONTEXT(2) 
PARAMETRIC_REPRESENTATION_CONTEXT() REPRESENTATION_CONTEXT('2D SPACE',''
  ) );
#5725 = PCURVE('',#5726,#5731);
#5726 = SPHERICAL_SURFACE('',#5727,35.);
#5727 = AXIS2_PLACEMENT_3D('',#5728,#5729,#5730);
#5728 = CARTESIAN_POINT('',(-1.655E+03,-1.065E+03,265.));
#5729 = DIRECTION('',(-0.,-0.,-1.));
#5730 = DIRECTION('',(1.,0.,0.));
#5731 = DEFINITIONAL_REPRESENTATION('',(#5732),#5791);
#5732 = B_SPLINE_CURVE_WITH_KNOTS('',8,(#5733,#5734,#5735,#5736,#5737,
    #5738,#5739,#5740,#5741,#5742,#5743,#5744,#5745,#5746,#5747,#5748,
    #5749,#5750,#5751,#5752,#5753,#5754,#5755,#5756,#5757,#5758,#5759,
    #5760,#5761,#5762,#5763,#5764,#5765,#5766,#5767,#5768,#5769,#5770,
    #5771,#5772,#5773,#5774,#5775,#5776,#5777,#5778,#5779,#5780,#5781,
    #5782,#5783,#5784,#5785,#5786,#5787,#5788,#5789,#5790),
  .UNSPECIFIED.,.F.,.F.,(9,7,7,7,7,7,7,7,9),(0.,0.388169180532,
    0.528680219147,0.640230262807,0.69999608764,0.737923266904,
    0.821318915213,0.940657682219,1.),.UNSPECIFIED.);
#5733 = CARTESIAN_POINT('',(1.570796326795,-0.456200148278));
#5734 = CARTESIAN_POINT('',(1.543389507707,-0.456200148278));
#5735 = CARTESIAN_POINT('',(1.516064637819,-0.453450628411));
#5736 = CARTESIAN_POINT('',(1.48902729175,-0.447980262732));
#5737 = CARTESIAN_POINT('',(1.462536308006,-0.439768441181));
#5738 = CARTESIAN_POINT('',(1.436879661199,-0.428796637749));
#5739 = CARTESIAN_POINT('',(1.412356064948,-0.415050836821));
#5740 = CARTESIAN_POINT('',(1.389255703591,-0.39852885631));
#5741 = CARTESIAN_POINT('',(1.360134184502,-0.372209930405));
#5742 = CARTESIAN_POINT('',(1.35262229516,-0.364850303533));
#5743 = CARTESIAN_POINT('',(1.345353164206,-0.357126179879));
#5744 = CARTESIAN_POINT('',(1.338342620875,-0.349038704951));
#5745 = CARTESIAN_POINT('',(1.331607302207,-0.340590213482));
#5746 = CARTESIAN_POINT('',(1.325164449602,-0.331784438256));
#5747 = CARTESIAN_POINT('',(1.319031705358,-0.322626718942));
#5748 = CARTESIAN_POINT('',(1.308618550554,-0.305580282744));
#5749 = CARTESIAN_POINT('',(1.304217104325,-0.297819400359));
#5750 = CARTESIAN_POINT('',(1.300031680429,-0.289845495458));
#5751 = CARTESIAN_POINT('',(1.296071672181,-0.281663685663));
#5752 = CARTESIAN_POINT('',(1.292346609208,-0.273280389552));
#5753 = CARTESIAN_POINT('',(1.288865994728,-0.264703484176));
#5754 = CARTESIAN_POINT('',(1.285639127193,-0.255942505079));
#5755 = CARTESIAN_POINT('',(1.28108674821,-0.24222247254));
#5756 = CARTESIAN_POINT('',(1.279573995901,-0.237386534372));
#5757 = CARTESIAN_POINT('',(1.278138027698,-0.232502876406));
#5758 = CARTESIAN_POINT('',(1.276780182442,-0.227573447868));
#5759 = CARTESIAN_POINT('',(1.275501747924,-0.222600354363));
#5760 = CARTESIAN_POINT('',(1.274303949299,-0.217585867124));
#5761 = CARTESIAN_POINT('',(1.273187937506,-0.21253243226));
#5762 = CARTESIAN_POINT('',(1.271499138142,-0.204212741373));
#5763 = CARTESIAN_POINT('',(1.27087686142,-0.200968170957));
#5764 = CARTESIAN_POINT('',(1.27028822179,-0.197709639606));
#5765 = CARTESIAN_POINT('',(1.269733475685,-0.19443784255));
#5766 = CARTESIAN_POINT('',(1.269212861694,-0.191153499394));
#5767 = CARTESIAN_POINT('',(1.26872660056,-0.187857354123));
#5768 = CARTESIAN_POINT('',(1.268274895186,-0.184550175095));
#5769 = CARTESIAN_POINT('',(1.266941093931,-0.173938292317));
#5770 = CARTESIAN_POINT('',(1.26619219101,-0.166594054382));
#5771 = CARTESIAN_POINT('',(1.265613207718,-0.159208785649));
#5772 = CARTESIAN_POINT('',(1.265205594071,-0.151791454448));
#5773 = CARTESIAN_POINT('',(1.264970238784,-0.144351271908));
#5774 = CARTESIAN_POINT('',(1.264907443815,-0.136897710838));
#5775 = CARTESIAN_POINT('',(1.265016898903,-0.129440524609));
#5776 = CARTESIAN_POINT('',(1.265699418307,-0.111327766762));
#5777 = CARTESIAN_POINT('',(1.266452017513,-0.100677299616));
#5778 = CARTESIAN_POINT('',(1.267552768779,-9.006874322214E-02));
#5779 = CARTESIAN_POINT('',(1.268996182926,-7.95302649382E-02));
#5780 = CARTESIAN_POINT('',(1.270774532817,-6.908808069124E-02));
#5781 = CARTESIAN_POINT('',(1.272878227875,-5.87666583186E-02));
#5782 = CARTESIAN_POINT('',(1.275295996823,-4.858886440843E-02));
#5783 = CARTESIAN_POINT('',(1.279366868097,-3.359709135873E-02));
#5784 = CARTESIAN_POINT('',(1.280793410848,-2.865856619253E-02));
#5785 = CARTESIAN_POINT('',(1.282292987487,-2.376290946314E-02));
#5786 = CARTESIAN_POINT('',(1.283864025992,-1.891236144547E-02));
#5787 = CARTESIAN_POINT('',(1.285504912732,-1.410898289745E-02));
#5788 = CARTESIAN_POINT('',(1.287214003435,-9.354665588826E-03));
#5789 = CARTESIAN_POINT('',(1.288989634163,-4.651142829843E-03));
#5790 = CARTESIAN_POINT('',(1.290830132283,0.));
#5791 = ( GEOMETRIC_REPRESENTATION_CONTEXT(2) 
PARAMETRIC_REPRESENTATION_CONTEXT() REPRESENTATION_CONTEXT('2D SPACE',''
  ) );
#5792 = ORIENTED_EDGE('',*,*,#5793,.T.);
#5793 = EDGE_CURVE('',#5601,#5794,#5796,.T.);
#5794 = VERTEX_POINT('',#5795);
#5795 = CARTESIAN_POINT('',(-1.745E+03,-1.096420653651E+03,
    280.41890152187));
#5796 = SURFACE_CURVE('',#5797,(#5801,#5807),.PCURVE_S1.);
#5797 = LINE('',#5798,#5799);
#5798 = CARTESIAN_POINT('',(0.,-1.096420653651E+03,280.41890152187));
#5799 = VECTOR('',#5800,1.);
#5800 = DIRECTION('',(-1.,-0.,-0.));
#5801 = PCURVE('',#1275,#5802);
#5802 = DEFINITIONAL_REPRESENTATION('',(#5803),#5806);
#5803 = B_SPLINE_CURVE_WITH_KNOTS('',1,(#5804,#5805),.UNSPECIFIED.,.F.,
  .F.,(2,2),(1.6549999994E+03,1.7450000006E+03),
  .PIECEWISE_BEZIER_KNOTS.);
#5804 = CARTESIAN_POINT('',(-9.248126278792,1.6549999994E+03));
#5805 = CARTESIAN_POINT('',(-9.248126278792,1.7450000006E+03));
#5806 = ( GEOMETRIC_REPRESENTATION_CONTEXT(2) 
PARAMETRIC_REPRESENTATION_CONTEXT() REPRESENTATION_CONTEXT('2D SPACE',''
  ) );
#5807 = PCURVE('',#5808,#5813);
#5808 = CYLINDRICAL_SURFACE('',#5809,35.);
#5809 = AXIS2_PLACEMENT_3D('',#5810,#5811,#5812);
#5810 = CARTESIAN_POINT('',(-1.78E+03,-1.065E+03,265.));
#5811 = DIRECTION('',(1.,0.,0.));
#5812 = DIRECTION('',(0.,-1.,0.));
#5813 = DEFINITIONAL_REPRESENTATION('',(#5814),#5817);
#5814 = B_SPLINE_CURVE_WITH_KNOTS('',1,(#5815,#5816),.UNSPECIFIED.,.F.,
  .F.,(2,2),(1.6549999994E+03,1.7450000006E+03),
  .PIECEWISE_BEZIER_KNOTS.);
#5815 = CARTESIAN_POINT('',(-0.456200148278,125.0000006));
#5816 = CARTESIAN_POINT('',(-0.456200148278,34.9999994));
#5817 = ( GEOMETRIC_REPRESENTATION_CONTEXT(2) 
PARAMETRIC_REPRESENTATION_CONTEXT() REPRESENTATION_CONTEXT('2D SPACE',''
  ) );
#5818 = ORIENTED_EDGE('',*,*,#5819,.F.);
#5819 = EDGE_CURVE('',#5820,#5794,#5822,.T.);
#5820 = VERTEX_POINT('',#5821);
#5821 = CARTESIAN_POINT('',(-1.754671310581E+03,-1.098637267303E+03,265.
    ));
#5822 = SURFACE_CURVE('',#5823,(#5875,#5930),.PCURVE_S1.);
#5823 = B_SPLINE_CURVE_WITH_KNOTS('',8,(#5824,#5825,#5826,#5827,#5828,
    #5829,#5830,#5831,#5832,#5833,#5834,#5835,#5836,#5837,#5838,#5839,
    #5840,#5841,#5842,#5843,#5844,#5845,#5846,#5847,#5848,#5849,#5850,
    #5851,#5852,#5853,#5854,#5855,#5856,#5857,#5858,#5859,#5860,#5861,
    #5862,#5863,#5864,#5865,#5866,#5867,#5868,#5869,#5870,#5871,#5872,
    #5873,#5874),.UNSPECIFIED.,.F.,.F.,(9,7,7,7,7,7,7,9),(0.,
    9.118729935494E-02,0.176520056298,0.265617624819,0.358977283076,
    0.470241563913,0.610061940136,1.),.UNSPECIFIED.);
#5824 = CARTESIAN_POINT('',(-1.754671310581E+03,-1.098637267303E+03,265.
    ));
#5825 = CARTESIAN_POINT('',(-1.754766459896E+03,-1.098609910189E+03,
    265.25019423792));
#5826 = CARTESIAN_POINT('',(-1.75485580372E+03,-1.09858176235E+03,
    265.50472410125));
#5827 = CARTESIAN_POINT('',(-1.754939095163E+03,-1.098552829158E+03,
    265.76336389276));
#5828 = CARTESIAN_POINT('',(-1.755016093109E+03,-1.098523120268E+03,
    266.0258580694));
#5829 = CARTESIAN_POINT('',(-1.755086567016E+03,-1.098492650445E+03,
    266.29191881821));
#5830 = CARTESIAN_POINT('',(-1.75515030172E+03,-1.098461440376E+03,
    266.5612236324));
#5831 = CARTESIAN_POINT('',(-1.755207102236E+03,-1.098429517492E+03,
    266.83341288723));
#5832 = CARTESIAN_POINT('',(-1.755303304211E+03,-1.098366409156E+03,
    267.36512688287));
#5833 = CARTESIAN_POINT('',(-1.755343590999E+03,-1.098335306442E+03,
    267.62435555757));
#5834 = CARTESIAN_POINT('',(-1.75537751835E+03,-1.098303638101E+03,
    267.88543941332));
#5835 = CARTESIAN_POINT('',(-1.755404969371E+03,-1.098271437412E+03,
    268.14803184097));
#5836 = CARTESIAN_POINT('',(-1.755425852791E+03,-1.09823874172E+03,
    268.41177342178));
#5837 = CARTESIAN_POINT('',(-1.755440104901E+03,-1.098205592668E+03,
    268.67629170024));
#5838 = CARTESIAN_POINT('',(-1.755447691486E+03,-1.098172036433E+03,
    268.94120095673));
#5839 = CARTESIAN_POINT('',(-1.755449568564E+03,-1.098102715311E+03,
    269.48269022083));
#5840 = CARTESIAN_POINT('',(-1.755443257718E+03,-1.098066915696E+03,
    269.7592898139));
#5841 = CARTESIAN_POINT('',(-1.755429673402E+03,-1.098030783164E+03,
    270.03544487291));
#5842 = CARTESIAN_POINT('',(-1.755408849388E+03,-1.097994377293E+03,
    270.3107158812));
#5843 = CARTESIAN_POINT('',(-1.755380854722E+03,-1.097957758997E+03,
    270.58467938427));
#5844 = CARTESIAN_POINT('',(-1.755345791398E+03,-1.097920990307E+03,
    270.85692768204));
#5845 = CARTESIAN_POINT('',(-1.755303792037E+03,-1.097884134168E+03,
    271.12706852102));
#5846 = CARTESIAN_POINT('',(-1.755203909892E+03,-1.097808610076E+03,
    271.6751847128));
#5847 = CARTESIAN_POINT('',(-1.755145360234E+03,-1.09776993742E+03,
    271.95293371457));
#5848 = CARTESIAN_POINT('',(-1.755079551764E+03,-1.097731307972E+03,
    272.22754838565));
#5849 = CARTESIAN_POINT('',(-1.755006694929E+03,-1.097692790493E+03,
    272.49864962137));
#5850 = CARTESIAN_POINT('',(-1.754927022055E+03,-1.097654450586E+03,
    272.76589972951));
#5851 = CARTESIAN_POINT('',(-1.754840781965E+03,-1.0976163505E+03,
    273.02899954119));
#5852 = CARTESIAN_POINT('',(-1.754748234591E+03,-1.097578548928E+03,
    273.28768552174));
#5853 = CARTESIAN_POINT('',(-1.754532149071E+03,-1.097496470849E+03,
    273.84448858534));
#5854 = CARTESIAN_POINT('',(-1.754406070046E+03,-1.097452342301E+03,
    274.14065765891));
#5855 = CARTESIAN_POINT('',(-1.754271852166E+03,-1.097408805516E+03,
    274.42986192413));
#5856 = CARTESIAN_POINT('',(-1.754129946005E+03,-1.097365942057E+03,
    274.71180365794));
#5857 = CARTESIAN_POINT('',(-1.753980799394E+03,-1.09732382486E+03,
    274.98624984429));
#5858 = CARTESIAN_POINT('',(-1.753824849195E+03,-1.097282518456E+03,
    275.25302382491));
#5859 = CARTESIAN_POINT('',(-1.753662514534E+03,-1.097242079251E+03,
    275.51199834904));
#5860 = CARTESIAN_POINT('',(-1.753282668133E+03,-1.097152888762E+03,
    276.0786246383));
#5861 = CARTESIAN_POINT('',(-1.753061700093E+03,-1.097104670673E+03,
    276.38169262854));
#5862 = CARTESIAN_POINT('',(-1.752832061094E+03,-1.097057994738E+03,
    276.67215220069));
#5863 = CARTESIAN_POINT('',(-1.752594483889E+03,-1.097012939981E+03,
    276.94993192564));
#5864 = CARTESIAN_POINT('',(-1.752349654266E+03,-1.096969572362E+03,
    277.215020404));
#5865 = CARTESIAN_POINT('',(-1.752098205069E+03,-1.096927945834E+03,
    277.46745593288));
#5866 = CARTESIAN_POINT('',(-1.75184071022E+03,-1.09688810339E+03,
    277.7073161727));
#5867 = CARTESIAN_POINT('',(-1.750844123363E+03,-1.096744031345E+03,
    278.56886899867));
#5868 = CARTESIAN_POINT('',(-1.750068477519E+03,-1.096652258956E+03,
    279.10521477155));
#5869 = CARTESIAN_POINT('',(-1.749260828287E+03,-1.096575253003E+03,
    279.5475004956));
#5870 = CARTESIAN_POINT('',(-1.748429673902E+03,-1.096513455781E+03,
    279.89795790605));
#5871 = CARTESIAN_POINT('',(-1.747582422823E+03,-1.096467069036E+03,
    280.15889081591));
#5872 = CARTESIAN_POINT('',(-1.746725261204E+03,-1.096436151015E+03,
    280.33208723516));
#5873 = CARTESIAN_POINT('',(-1.745863238309E+03,-1.096420653651E+03,
    280.41890152187));
#5874 = CARTESIAN_POINT('',(-1.745E+03,-1.096420653651E+03,
    280.41890152187));
#5875 = PCURVE('',#1275,#5876);
#5876 = DEFINITIONAL_REPRESENTATION('',(#5877),#5929);
#5877 = B_SPLINE_CURVE_WITH_KNOTS('',8,(#5878,#5879,#5880,#5881,#5882,
    #5883,#5884,#5885,#5886,#5887,#5888,#5889,#5890,#5891,#5892,#5893,
    #5894,#5895,#5896,#5897,#5898,#5899,#5900,#5901,#5902,#5903,#5904,
    #5905,#5906,#5907,#5908,#5909,#5910,#5911,#5912,#5913,#5914,#5915,
    #5916,#5917,#5918,#5919,#5920,#5921,#5922,#5923,#5924,#5925,#5926,
    #5927,#5928),.UNSPECIFIED.,.F.,.F.,(9,7,7,7,7,7,7,9),(0.,
    9.118729935494E-02,0.176520056298,0.265617624819,0.358977283076,
    0.470241563913,0.610061940136,1.),.UNSPECIFIED.);
#5878 = CARTESIAN_POINT('',(-9.315867127349,1.754671310581E+03));
#5879 = CARTESIAN_POINT('',(-9.31477284276,1.754766459896E+03));
#5880 = CARTESIAN_POINT('',(-9.313659445621,1.75485580372E+03));
#5881 = CARTESIAN_POINT('',(-9.312527911968,1.754939095163E+03));
#5882 = CARTESIAN_POINT('',(-9.311379348537,1.755016093109E+03));
#5883 = CARTESIAN_POINT('',(-9.310215003672,1.755086567016E+03));
#5884 = CARTESIAN_POINT('',(-9.309036278244,1.75515030172E+03));
#5885 = CARTESIAN_POINT('',(-9.307844736569,1.755207102236E+03));
#5886 = CARTESIAN_POINT('',(-9.305516710416,1.755303304211E+03));
#5887 = CARTESIAN_POINT('',(-9.304381546612,1.755343590999E+03));
#5888 = CARTESIAN_POINT('',(-9.303238081005,1.75537751835E+03));
#5889 = CARTESIAN_POINT('',(-9.302087824807,1.755404969371E+03));
#5890 = CARTESIAN_POINT('',(-9.300932346513,1.755425852791E+03));
#5891 = CARTESIAN_POINT('',(-9.299773273077,1.755440104901E+03));
#5892 = CARTESIAN_POINT('',(-9.298612291083,1.755447691486E+03));
#5893 = CARTESIAN_POINT('',(-9.296238776062,1.755449568564E+03));
#5894 = CARTESIAN_POINT('',(-9.295026139403,1.755443257718E+03));
#5895 = CARTESIAN_POINT('',(-9.293815233328,1.755429673402E+03));
#5896 = CARTESIAN_POINT('',(-9.292607983492,1.755408849388E+03));
#5897 = CARTESIAN_POINT('',(-9.291406247099,1.755380854722E+03));
#5898 = CARTESIAN_POINT('',(-9.290211814198,1.755345791398E+03));
#5899 = CARTESIAN_POINT('',(-9.289026408963,1.755303792037E+03));
#5900 = CARTESIAN_POINT('',(-9.286620778956,1.755203909892E+03));
#5901 = CARTESIAN_POINT('',(-9.28540152632,1.755145360234E+03));
#5902 = CARTESIAN_POINT('',(-9.284195796444,1.755079551764E+03));
#5903 = CARTESIAN_POINT('',(-9.283005260391,1.755006694929E+03));
#5904 = CARTESIAN_POINT('',(-9.281831409282,1.754927022055E+03));
#5905 = CARTESIAN_POINT('',(-9.28067556665,1.754840781965E+03));
#5906 = CARTESIAN_POINT('',(-9.279538900806,1.754748234591E+03));
#5907 = CARTESIAN_POINT('',(-9.277091856902,1.754532149071E+03));
#5908 = CARTESIAN_POINT('',(-9.275789951709,1.754406070046E+03));
#5909 = CARTESIAN_POINT('',(-9.274518376174,1.754271852166E+03));
#5910 = CARTESIAN_POINT('',(-9.273278459688,1.754129946005E+03));
#5911 = CARTESIAN_POINT('',(-9.272071248516,1.753980799394E+03));
#5912 = CARTESIAN_POINT('',(-9.270897541828,1.753824849195E+03));
#5913 = CARTESIAN_POINT('',(-9.269757921702,1.753662514534E+03));
#5914 = CARTESIAN_POINT('',(-9.267263996019,1.753282668133E+03));
#5915 = CARTESIAN_POINT('',(-9.265929737988,1.753061700093E+03));
#5916 = CARTESIAN_POINT('',(-9.264650670902,1.752832061094E+03));
#5917 = CARTESIAN_POINT('',(-9.263427152241,1.752594483889E+03));
#5918 = CARTESIAN_POINT('',(-9.262259273969,1.752349654266E+03));
#5919 = CARTESIAN_POINT('',(-9.261146907413,1.752098205069E+03));
#5920 = CARTESIAN_POINT('',(-9.260089748137,1.75184071022E+03));
#5921 = CARTESIAN_POINT('',(-9.256291852923,1.750844123363E+03));
#5922 = CARTESIAN_POINT('',(-9.253926041213,1.750068477519E+03));
#5923 = CARTESIAN_POINT('',(-9.251974141236,1.749260828287E+03));
#5924 = CARTESIAN_POINT('',(-9.250426909356,1.748429673902E+03));
#5925 = CARTESIAN_POINT('',(-9.249274631371,1.747582422823E+03));
#5926 = CARTESIAN_POINT('',(-9.248509699102,1.746725261204E+03));
#5927 = CARTESIAN_POINT('',(-9.248126278792,1.745863238309E+03));
#5928 = CARTESIAN_POINT('',(-9.248126278792,1.745E+03));
#5929 = ( GEOMETRIC_REPRESENTATION_CONTEXT(2) 
PARAMETRIC_REPRESENTATION_CONTEXT() REPRESENTATION_CONTEXT('2D SPACE',''
  ) );
#5930 = PCURVE('',#5931,#5936);
#5931 = SPHERICAL_SURFACE('',#5932,35.);
#5932 = AXIS2_PLACEMENT_3D('',#5933,#5934,#5935);
#5933 = CARTESIAN_POINT('',(-1.745E+03,-1.065E+03,265.));
#5934 = DIRECTION('',(-0.,-0.,-1.));
#5935 = DIRECTION('',(-1.,0.,0.));
#5936 = DEFINITIONAL_REPRESENTATION('',(#5937),#5989);
#5937 = B_SPLINE_CURVE_WITH_KNOTS('',8,(#5938,#5939,#5940,#5941,#5942,
    #5943,#5944,#5945,#5946,#5947,#5948,#5949,#5950,#5951,#5952,#5953,
    #5954,#5955,#5956,#5957,#5958,#5959,#5960,#5961,#5962,#5963,#5964,
    #5965,#5966,#5967,#5968,#5969,#5970,#5971,#5972,#5973,#5974,#5975,
    #5976,#5977,#5978,#5979,#5980,#5981,#5982,#5983,#5984,#5985,#5986,
    #5987,#5988),.UNSPECIFIED.,.F.,.F.,(9,7,7,7,7,7,7,9),(0.,
    9.118729935494E-02,0.176520056298,0.265617624819,0.358977283076,
    0.470241563913,0.610061940136,1.),.UNSPECIFIED.);
#5938 = CARTESIAN_POINT('',(-1.290830132283,0.));
#5939 = CARTESIAN_POINT('',(-1.288001444849,-7.148406797747E-03));
#5940 = CARTESIAN_POINT('',(-1.285325927777,-1.442069022322E-02));
#5941 = CARTESIAN_POINT('',(-1.282809707284,-2.181095332265E-02));
#5942 = CARTESIAN_POINT('',(-1.280458836606,-2.931253619893E-02));
#5943 = CARTESIAN_POINT('',(-1.278279200256,-3.691793354067E-02));
#5944 = CARTESIAN_POINT('',(-1.276276418279,-4.461871215114E-02));
#5945 = CARTESIAN_POINT('',(-1.274455750501,-5.240542847729E-02));
#5946 = CARTESIAN_POINT('',(-1.271293143501,-6.762488844635E-02));
#5947 = CARTESIAN_POINT('',(-1.269927896694,-7.504862686766E-02));
#5948 = CARTESIAN_POINT('',(-1.268730230978,-8.252992301497E-02));
#5949 = CARTESIAN_POINT('',(-1.267703634171,-9.005960423143E-02));
#5950 = CARTESIAN_POINT('',(-1.266851065574,-9.762813623944E-02));
#5951 = CARTESIAN_POINT('',(-1.26617491025,-0.105225595789));
#5952 = CARTESIAN_POINT('',(-1.265676933299,-0.112841643306));
#5953 = CARTESIAN_POINT('',(-1.265025474227,-0.128425705913));
#5954 = CARTESIAN_POINT('',(-1.264888136583,-0.136395008459));
#5955 = CARTESIAN_POINT('',(-1.264947477159,-0.144361088804));
#5956 = CARTESIAN_POINT('',(-1.26520391714,-0.15231202987));
#5957 = CARTESIAN_POINT('',(-1.265657078769,-0.160236285876));
#5958 = CARTESIAN_POINT('',(-1.266305821188,-0.168122656342));
#5959 = CARTESIAN_POINT('',(-1.267148276273,-0.175960260084));
#5960 = CARTESIAN_POINT('',(-1.269264936559,-0.191888840289));
#5961 = CARTESIAN_POINT('',(-1.270557932158,-0.199974497108));
#5962 = CARTESIAN_POINT('',(-1.272057963519,-0.207983612653));
#5963 = CARTESIAN_POINT('',(-1.273761432414,-0.215905431876));
#5964 = CARTESIAN_POINT('',(-1.275664155824,-0.223730235016));
#5965 = CARTESIAN_POINT('',(-1.277761471632,-0.23144926092));
#5966 = CARTESIAN_POINT('',(-1.280048344311,-0.239054630355));
#5967 = CARTESIAN_POINT('',(-1.285464512363,-0.255459320958));
#5968 = CARTESIAN_POINT('',(-1.288671291128,-0.264208022868));
#5969 = CARTESIAN_POINT('',(-1.292130984252,-0.27277395339));
#5970 = CARTESIAN_POINT('',(-1.295834367758,-0.281147581617));
#5971 = CARTESIAN_POINT('',(-1.299772009549,-0.289321026663));
#5972 = CARTESIAN_POINT('',(-1.303934446807,-0.297287859175));
#5973 = CARTESIAN_POINT('',(-1.308312347594,-0.305042945103));
#5974 = CARTESIAN_POINT('',(-1.31865753346,-0.3220567099));
#5975 = CARTESIAN_POINT('',(-1.324744024978,-0.331189917178));
#5976 = CARTESIAN_POINT('',(-1.331138522201,-0.339974802423));
#5977 = CARTESIAN_POINT('',(-1.337823607952,-0.34840601799));
#5978 = CARTESIAN_POINT('',(-1.34478225767,-0.356479812872));
#5979 = CARTESIAN_POINT('',(-1.351998040193,-0.36419382585));
#5980 = CARTESIAN_POINT('',(-1.35945531855,-0.371546878643));
#5981 = CARTESIAN_POINT('',(-1.388569343035,-0.398038102815));
#5982 = CARTESIAN_POINT('',(-1.411735342727,-0.414702610058));
#5983 = CARTESIAN_POINT('',(-1.436346191458,-0.42857113246));
#5984 = CARTESIAN_POINT('',(-1.462111002255,-0.439641485534));
#5985 = CARTESIAN_POINT('',(-1.488725045363,-0.447924987074));
#5986 = CARTESIAN_POINT('',(-1.515887813694,-0.453437181801));
#5987 = CARTESIAN_POINT('',(-1.543322731932,-0.456200148278));
#5988 = CARTESIAN_POINT('',(-1.570796326795,-0.456200148278));
#5989 = ( GEOMETRIC_REPRESENTATION_CONTEXT(2) 
PARAMETRIC_REPRESENTATION_CONTEXT() REPRESENTATION_CONTEXT('2D SPACE',''
  ) );
#5990 = ORIENTED_EDGE('',*,*,#5991,.T.);
#5991 = EDGE_CURVE('',#5820,#5992,#5994,.T.);
#5992 = VERTEX_POINT('',#5993);
#5993 = CARTESIAN_POINT('',(-1.745E+03,-1.1E+03,240.));
#5994 = SURFACE_CURVE('',#5995,(#6002,#6012),.PCURVE_S1.);
#5995 = B_SPLINE_CURVE_WITH_KNOTS('',5,(#5996,#5997,#5998,#5999,#6000,
    #6001),.UNSPECIFIED.,.F.,.F.,(6,6),(0.,1.),
  .PIECEWISE_BEZIER_KNOTS.);
#5996 = CARTESIAN_POINT('',(-1.754671310809E+03,-1.098637267238E+03,
    265.0000006));
#5997 = CARTESIAN_POINT('',(-1.752768988441E+03,-1.099184218652E+03,
    259.9978616554));
#5998 = CARTESIAN_POINT('',(-1.750842253537E+03,-1.099592592201E+03,
    254.99705730061));
#5999 = CARTESIAN_POINT('',(-1.748900023136E+03,-1.099864187219E+03,
    249.99762962398));
#6000 = CARTESIAN_POINT('',(-1.746950065468E+03,-1.100000000021E+03,
    244.9989536386));
#6001 = CARTESIAN_POINT('',(-1.745E+03,-1.1E+03,240.));
#6002 = PCURVE('',#1275,#6003);
#6003 = DEFINITIONAL_REPRESENTATION('',(#6004),#6011);
#6004 = B_SPLINE_CURVE_WITH_KNOTS('',5,(#6005,#6006,#6007,#6008,#6009,
    #6010),.UNSPECIFIED.,.F.,.F.,(6,6),(0.,1.),
  .PIECEWISE_BEZIER_KNOTS.);
#6005 = CARTESIAN_POINT('',(-9.315867124724,1.754671310809E+03));
#6006 = CARTESIAN_POINT('',(-9.337745180761,1.752768988441E+03));
#6007 = CARTESIAN_POINT('',(-9.359551977482,1.750842253537E+03));
#6008 = CARTESIAN_POINT('',(-9.381310004289,1.748900023136E+03));
#6009 = CARTESIAN_POINT('',(-9.403043380127,1.746950065468E+03));
#6010 = CARTESIAN_POINT('',(-9.424777960769,1.745E+03));
#6011 = ( GEOMETRIC_REPRESENTATION_CONTEXT(2) 
PARAMETRIC_REPRESENTATION_CONTEXT() REPRESENTATION_CONTEXT('2D SPACE',''
  ) );
#6012 = PCURVE('',#6013,#6018);
#6013 = CYLINDRICAL_SURFACE('',#6014,35.);
#6014 = AXIS2_PLACEMENT_3D('',#6015,#6016,#6017);
#6015 = CARTESIAN_POINT('',(-1.745E+03,-1.065E+03,120.));
#6016 = DIRECTION('',(0.,0.,1.));
#6017 = DIRECTION('',(-1.,-0.,0.));
#6018 = DEFINITIONAL_REPRESENTATION('',(#6019),#6026);
#6019 = B_SPLINE_CURVE_WITH_KNOTS('',5,(#6020,#6021,#6022,#6023,#6024,
    #6025),.UNSPECIFIED.,.F.,.F.,(6,6),(0.,1.),
  .PIECEWISE_BEZIER_KNOTS.);
#6020 = CARTESIAN_POINT('',(1.2908301255,145.0000006));
#6021 = CARTESIAN_POINT('',(1.347384136101,139.9978616554));
#6022 = CARTESIAN_POINT('',(1.403514439958,134.99705730061));
#6023 = CARTESIAN_POINT('',(1.459367111904,129.99762962398));
#6024 = CARTESIAN_POINT('',(1.515080165403,124.9989536386));
#6025 = CARTESIAN_POINT('',(1.570796326795,120.));
#6026 = ( GEOMETRIC_REPRESENTATION_CONTEXT(2) 
PARAMETRIC_REPRESENTATION_CONTEXT() REPRESENTATION_CONTEXT('2D SPACE',''
  ) );
#6027 = ORIENTED_EDGE('',*,*,#6028,.F.);
#6028 = EDGE_CURVE('',#6029,#5992,#6031,.T.);
#6029 = VERTEX_POINT('',#6030);
#6030 = CARTESIAN_POINT('',(-1.774574821476E+03,-1.083717102732E+03,155.
    ));
#6031 = SURFACE_CURVE('',#6032,(#6047,#6065),.PCURVE_S1.);
#6032 = B_SPLINE_CURVE_WITH_KNOTS('',7,(#6033,#6034,#6035,#6036,#6037,
    #6038,#6039,#6040,#6041,#6042,#6043,#6044,#6045,#6046),
  .UNSPECIFIED.,.F.,.F.,(8,6,8),(0.,0.512771280671,1.),.UNSPECIFIED.);
#6033 = CARTESIAN_POINT('',(-1.774574821627E+03,-1.083717102493E+03,
    154.9999994));
#6034 = CARTESIAN_POINT('',(-1.773006167877E+03,-1.086195726248E+03,
    161.23204979191));
#6035 = CARTESIAN_POINT('',(-1.771250595144E+03,-1.088433384535E+03,
    167.47563664814));
#6036 = CARTESIAN_POINT('',(-1.769348059765E+03,-1.090435160566E+03,
    173.71758066987));
#6037 = CARTESIAN_POINT('',(-1.767328578243E+03,-1.092209317287E+03,
    179.95128868011));
#6038 = CARTESIAN_POINT('',(-1.765214803093E+03,-1.093764623975E+03,
    186.17616175471));
#6039 = CARTESIAN_POINT('',(-1.763023423879E+03,-1.095108912027E+03,
    192.39698001718));
#6040 = CARTESIAN_POINT('',(-1.758622035976E+03,-1.097329703646E+03,
    204.54040219537));
#6041 = CARTESIAN_POINT('',(-1.75642075883E+03,-1.098224979227E+03,
    210.45589601095));
#6042 = CARTESIAN_POINT('',(-1.754176989297E+03,-1.09893707106E+03,
    216.3686129478));
#6043 = CARTESIAN_POINT('',(-1.751902805079E+03,-1.099468999643E+03,
    222.27819082597));
#6044 = CARTESIAN_POINT('',(-1.749608822892E+03,-1.099822937948E+03,
    228.18537583985));
#6045 = CARTESIAN_POINT('',(-1.747304748054E+03,-1.099999999987E+03,
    234.0918249435));
#6046 = CARTESIAN_POINT('',(-1.745E+03,-1.1E+03,240.));
#6047 = PCURVE('',#1275,#6048);
#6048 = DEFINITIONAL_REPRESENTATION('',(#6049),#6064);
#6049 = B_SPLINE_CURVE_WITH_KNOTS('',7,(#6050,#6051,#6052,#6053,#6054,
    #6055,#6056,#6057,#6058,#6059,#6060,#6061,#6062,#6063),
  .UNSPECIFIED.,.F.,.F.,(8,6,8),(0.,0.512771280671,1.),.UNSPECIFIED.);
#6050 = CARTESIAN_POINT('',(-9.803319032438,1.774574821627E+03));
#6051 = CARTESIAN_POINT('',(-9.774158753176,1.773006167877E+03));
#6052 = CARTESIAN_POINT('',(-9.745339052276,1.771250595144E+03));
#6053 = CARTESIAN_POINT('',(-9.716864497181,1.769348059765E+03));
#6054 = CARTESIAN_POINT('',(-9.688712242223,1.767328578243E+03));
#6055 = CARTESIAN_POINT('',(-9.660838582551,1.765214803093E+03));
#6056 = CARTESIAN_POINT('',(-9.633181356239,1.763023423879E+03));
#6057 = CARTESIAN_POINT('',(-9.579508219327,1.758622035976E+03));
#6058 = CARTESIAN_POINT('',(-9.553508033888,1.75642075883E+03));
#6059 = CARTESIAN_POINT('',(-9.527633792214,1.754176989297E+03));
#6060 = CARTESIAN_POINT('',(-9.501856989821,1.751902805079E+03));
#6061 = CARTESIAN_POINT('',(-9.47614589211,1.749608822892E+03));
#6062 = CARTESIAN_POINT('',(-9.450465678368,1.747304748054E+03));
#6063 = CARTESIAN_POINT('',(-9.424777960769,1.745E+03));
#6064 = ( GEOMETRIC_REPRESENTATION_CONTEXT(2) 
PARAMETRIC_REPRESENTATION_CONTEXT() REPRESENTATION_CONTEXT('2D SPACE',''
  ) );
#6065 = PCURVE('',#6066,#6071);
#6066 = CYLINDRICAL_SURFACE('',#6067,35.);
#6067 = AXIS2_PLACEMENT_3D('',#6068,#6069,#6070);
#6068 = CARTESIAN_POINT('',(-1.745E+03,-1.065E+03,120.));
#6069 = DIRECTION('',(0.,0.,1.));
#6070 = DIRECTION('',(-1.,-0.,0.));
#6071 = DEFINITIONAL_REPRESENTATION('',(#6072),#6087);
#6072 = B_SPLINE_CURVE_WITH_KNOTS('',7,(#6073,#6074,#6075,#6076,#6077,
    #6078,#6079,#6080,#6081,#6082,#6083,#6084,#6085,#6086),
  .UNSPECIFIED.,.F.,.F.,(8,6,8),(0.,0.512771280671,1.),.UNSPECIFIED.);
#6073 = CARTESIAN_POINT('',(0.564240689748,34.9999994));
#6074 = CARTESIAN_POINT('',(0.648049268075,41.232049791913));
#6075 = CARTESIAN_POINT('',(0.728896309213,47.475636648151));
#6076 = CARTESIAN_POINT('',(0.807255217218,53.717580669867));
#6077 = CARTESIAN_POINT('',(0.883523746623,59.951288680122));
#6078 = CARTESIAN_POINT('',(0.958075909239,66.176161754707));
#6079 = CARTESIAN_POINT('',(1.03127606991,72.396980017182));
#6080 = CARTESIAN_POINT('',(1.172130984096,84.540402195379));
#6081 = CARTESIAN_POINT('',(1.239804586932,90.45589601095));
#6082 = CARTESIAN_POINT('',(1.306732341646,96.368612947825));
#6083 = CARTESIAN_POINT('',(1.373106936447,102.27819082594));
#6084 = CARTESIAN_POINT('',(1.439115675735,108.18537583986));
#6085 = CARTESIAN_POINT('',(1.504946381765,114.09182494349));
#6086 = CARTESIAN_POINT('',(1.570796326795,120.));
#6087 = ( GEOMETRIC_REPRESENTATION_CONTEXT(2) 
PARAMETRIC_REPRESENTATION_CONTEXT() REPRESENTATION_CONTEXT('2D SPACE',''
  ) );
#6088 = ORIENTED_EDGE('',*,*,#6089,.F.);
#6089 = EDGE_CURVE('',#1557,#6029,#6090,.T.);
#6090 = SURFACE_CURVE('',#6091,(#6119,#6150),.PCURVE_S1.);
#6091 = B_SPLINE_CURVE_WITH_KNOTS('',6,(#6092,#6093,#6094,#6095,#6096,
    #6097,#6098,#6099,#6100,#6101,#6102,#6103,#6104,#6105,#6106,#6107,
    #6108,#6109,#6110,#6111,#6112,#6113,#6114,#6115,#6116,#6117,#6118),
  .UNSPECIFIED.,.F.,.F.,(7,5,5,5,5,7),(0.,0.311243516425,0.461755036604,
    0.553632803182,0.751650163407,1.),.UNSPECIFIED.);
#6092 = CARTESIAN_POINT('',(-1.768476339562E+03,-1.071990098767E+03,130.
    ));
#6093 = CARTESIAN_POINT('',(-1.769317475992E+03,-1.072497510321E+03,
    130.9317464534));
#6094 = CARTESIAN_POINT('',(-1.770119065201E+03,-1.073029701042E+03,
    131.92127343714));
#6095 = CARTESIAN_POINT('',(-1.770875909996E+03,-1.073585626405E+03,
    132.96938152536));
#6096 = CARTESIAN_POINT('',(-1.77158178251E+03,-1.074163631857E+03,
    134.07602816719));
#6097 = CARTESIAN_POINT('',(-1.77222973602E+03,-1.074761316049E+03,
    135.23996814942));
#6098 = CARTESIAN_POINT('',(-1.773094614447E+03,-1.075672387493E+03,
    137.04707785605));
#6099 = CARTESIAN_POINT('',(-1.773361315501E+03,-1.075973181425E+03,
    137.64874580104));
#6100 = CARTESIAN_POINT('',(-1.773611996268E+03,-1.076277416031E+03,
    138.26265383281));
#6101 = CARTESIAN_POINT('',(-1.773845840875E+03,-1.076584654097E+03,
    138.88829455194));
#6102 = CARTESIAN_POINT('',(-1.77406205661E+03,-1.076894404535E+03,
    139.52502222055));
#6103 = CARTESIAN_POINT('',(-1.774380676285E+03,-1.077396404311E+03,
    140.56698899085));
#6104 = CARTESIAN_POINT('',(-1.774494604718E+03,-1.077587420708E+03,
    140.96577909721));
#6105 = CARTESIAN_POINT('',(-1.774601520378E+03,-1.077779045798E+03,
    141.36821749738));
#6106 = CARTESIAN_POINT('',(-1.774701263722E+03,-1.077971149218E+03,
    141.77410158068));
#6107 = CARTESIAN_POINT('',(-1.774793686779E+03,-1.078163594852E+03,
    142.18320847205));
#6108 = CARTESIAN_POINT('',(-1.775061783871E+03,-1.078771436961E+03,
    143.48343000681));
#6109 = CARTESIAN_POINT('',(-1.775210302821E+03,-1.079187596132E+03,
    144.38546824956));
#6110 = CARTESIAN_POINT('',(-1.775322842356E+03,-1.079603245929E+03,
    145.2988471397));
#6111 = CARTESIAN_POINT('',(-1.775398426992E+03,-1.080016903614E+03,
    146.22076198513));
#6112 = CARTESIAN_POINT('',(-1.775436514838E+03,-1.080427094438E+03,
    147.14814938563));
#6113 = CARTESIAN_POINT('',(-1.775437855214E+03,-1.081340636662E+03,
    149.24344275671));
#6114 = CARTESIAN_POINT('',(-1.775379625148E+03,-1.081841276771E+03,
    150.41282115983));
#6115 = CARTESIAN_POINT('',(-1.775262380057E+03,-1.082331340423E+03,
    151.57907135172));
#6116 = CARTESIAN_POINT('',(-1.775087470562E+03,-1.082808486341E+03,
    152.73603067133));
#6117 = CARTESIAN_POINT('',(-1.774857224676E+03,-1.08327087853E+03,
    153.87805007694));
#6118 = CARTESIAN_POINT('',(-1.774574821476E+03,-1.083717102732E+03,155.
    ));
#6119 = PCURVE('',#1275,#6120);
#6120 = DEFINITIONAL_REPRESENTATION('',(#6121),#6149);
#6121 = B_SPLINE_CURVE_WITH_KNOTS('',6,(#6122,#6123,#6124,#6125,#6126,
    #6127,#6128,#6129,#6130,#6131,#6132,#6133,#6134,#6135,#6136,#6137,
    #6138,#6139,#6140,#6141,#6142,#6143,#6144,#6145,#6146,#6147,#6148),
  .UNSPECIFIED.,.F.,.F.,(7,5,5,5,5,7),(0.,0.311243516425,0.461755036604,
    0.553632803182,0.751650163407,1.),.UNSPECIFIED.);
#6122 = CARTESIAN_POINT('',(-9.923451307831,1.768476339562E+03));
#6123 = CARTESIAN_POINT('',(-9.918838475524,1.769317475992E+03));
#6124 = CARTESIAN_POINT('',(-9.913953492055,1.770119065201E+03));
#6125 = CARTESIAN_POINT('',(-9.90879529498,1.770875909996E+03));
#6126 = CARTESIAN_POINT('',(-9.903367209289,1.77158178251E+03));
#6127 = CARTESIAN_POINT('',(-9.897678550554,1.77222973602E+03));
#6128 = CARTESIAN_POINT('',(-9.888879495066,1.773094614447E+03));
#6129 = CARTESIAN_POINT('',(-9.885954871225,1.773361315501E+03));
#6130 = CARTESIAN_POINT('',(-9.882975950475,1.773611996268E+03));
#6131 = CARTESIAN_POINT('',(-9.879945507319,1.773845840875E+03));
#6132 = CARTESIAN_POINT('',(-9.876866951068,1.77406205661E+03));
#6133 = CARTESIAN_POINT('',(-9.871838302469,1.774380676285E+03));
#6134 = CARTESIAN_POINT('',(-9.869915797175,1.774494604718E+03));
#6135 = CARTESIAN_POINT('',(-9.867977840605,1.774601520378E+03));
#6136 = CARTESIAN_POINT('',(-9.866025458826,1.774701263722E+03));
#6137 = CARTESIAN_POINT('',(-9.864059767248,1.774793686779E+03));
#6138 = CARTESIAN_POINT('',(-9.857819390053,1.775061783871E+03));
#6139 = CARTESIAN_POINT('',(-9.853500275505,1.775210302821E+03));
#6140 = CARTESIAN_POINT('',(-9.849137292286,1.775322842356E+03));
#6141 = CARTESIAN_POINT('',(-9.844744059351,1.775398426992E+03));
#6142 = CARTESIAN_POINT('',(-9.840335194068,1.775436514838E+03));
#6143 = CARTESIAN_POINT('',(-9.830396997807,1.775437855214E+03));
#6144 = CARTESIAN_POINT('',(-9.824866509756,1.775379625148E+03));
#6145 = CARTESIAN_POINT('',(-9.819366563258,1.775262380057E+03));
#6146 = CARTESIAN_POINT('',(-9.813925482554,1.775087470562E+03));
#6147 = CARTESIAN_POINT('',(-9.808568726116,1.774857224676E+03));
#6148 = CARTESIAN_POINT('',(-9.803319029631,1.774574821476E+03));
#6149 = ( GEOMETRIC_REPRESENTATION_CONTEXT(2) 
PARAMETRIC_REPRESENTATION_CONTEXT() REPRESENTATION_CONTEXT('2D SPACE',''
  ) );
#6150 = PCURVE('',#1573,#6151);
#6151 = DEFINITIONAL_REPRESENTATION('',(#6152),#6180);
#6152 = B_SPLINE_CURVE_WITH_KNOTS('',6,(#6153,#6154,#6155,#6156,#6157,
    #6158,#6159,#6160,#6161,#6162,#6163,#6164,#6165,#6166,#6167,#6168,
    #6169,#6170,#6171,#6172,#6173,#6174,#6175,#6176,#6177,#6178,#6179),
  .UNSPECIFIED.,.F.,.F.,(7,5,5,5,5,7),(0.,0.311243516425,0.461755036604,
    0.553632803182,0.751650163407,1.),.UNSPECIFIED.);
#6153 = CARTESIAN_POINT('',(0.289392028358,-0.795602953485));
#6154 = CARTESIAN_POINT('',(0.299446260375,-0.75756456381));
#6155 = CARTESIAN_POINT('',(0.309993952454,-0.718939393229));
#6156 = CARTESIAN_POINT('',(0.321021949127,-0.67969825435));
#6157 = CARTESIAN_POINT('',(0.332532657499,-0.639834848808));
#6158 = CARTESIAN_POINT('',(0.344537919949,-0.599363023041));
#6159 = CARTESIAN_POINT('',(0.363110278326,-0.538486712752));
#6160 = CARTESIAN_POINT('',(0.369283791511,-0.518513384165));
#6161 = CARTESIAN_POINT('',(0.37557881818,-0.498416068268));
#6162 = CARTESIAN_POINT('',(0.381997375277,-0.478203222538));
#6163 = CARTESIAN_POINT('',(0.38854152146,-0.457885841589));
#6164 = CARTESIAN_POINT('',(0.399285743854,-0.425020173684));
#6165 = CARTESIAN_POINT('',(0.403405857228,-0.412528656813));
#6166 = CARTESIAN_POINT('',(0.407573900864,-0.400006574041));
#6167 = CARTESIAN_POINT('',(0.411790303123,-0.387457439783));
#6168 = CARTESIAN_POINT('',(0.416055471636,-0.374885129007));
#6169 = CARTESIAN_POINT('',(0.429668037511,-0.33515704413));
#6170 = CARTESIAN_POINT('',(0.439195199787,-0.307930334631));
#6171 = CARTESIAN_POINT('',(0.448953674754,-0.280660237435));
#6172 = CARTESIAN_POINT('',(0.458946975214,-0.25339491983));
#6173 = CARTESIAN_POINT('',(0.469178814696,-0.226186458335));
#6174 = CARTESIAN_POINT('',(0.492783271301,-0.165114532163));
#6175 = CARTESIAN_POINT('',(0.506296009811,-0.131309984605));
#6176 = CARTESIAN_POINT('',(0.520189317417,-9.780012682186E-02));
#6177 = CARTESIAN_POINT('',(0.534471338649,-6.468483331972E-02));
#6178 = CARTESIAN_POINT('',(0.549152721661,-3.205571208721E-02));
#6179 = CARTESIAN_POINT('',(0.564240697817,0.));
#6180 = ( GEOMETRIC_REPRESENTATION_CONTEXT(2) 
PARAMETRIC_REPRESENTATION_CONTEXT() REPRESENTATION_CONTEXT('2D SPACE',''
  ) );
#6181 = ORIENTED_EDGE('',*,*,#1585,.T.);
#6182 = ORIENTED_EDGE('',*,*,#6183,.F.);
#6183 = EDGE_CURVE('',#1609,#1586,#6184,.T.);
#6184 = SURFACE_CURVE('',#6185,(#6190,#6197),.PCURVE_S1.);
#6185 = CIRCLE('',#6186,230.);
#6186 = AXIS2_PLACEMENT_3D('',#6187,#6188,#6189);
#6187 = CARTESIAN_POINT('',(-1.8E+03,-870.,240.));
#6188 = DIRECTION('',(1.,0.,0.));
#6189 = DIRECTION('',(0.,0.878217820727,-0.478260869565));
#6190 = PCURVE('',#1275,#6191);
#6191 = DEFINITIONAL_REPRESENTATION('',(#6192),#6196);
#6192 = LINE('',#6193,#6194);
#6193 = CARTESIAN_POINT('',(-5.784511960118,1.8E+03));
#6194 = VECTOR('',#6195,1.);
#6195 = DIRECTION('',(-1.,-0.));
#6196 = ( GEOMETRIC_REPRESENTATION_CONTEXT(2) 
PARAMETRIC_REPRESENTATION_CONTEXT() REPRESENTATION_CONTEXT('2D SPACE',''
  ) );
#6197 = PCURVE('',#1623,#6198);
#6198 = DEFINITIONAL_REPRESENTATION('',(#6199),#6203);
#6199 = CIRCLE('',#6200,230.);
#6200 = AXIS2_PLACEMENT_2D('',#6201,#6202);
#6201 = CARTESIAN_POINT('',(-2.84217094304E-14,0.));
#6202 = DIRECTION('',(-0.478260869565,-0.878217820727));
#6203 = ( GEOMETRIC_REPRESENTATION_CONTEXT(2) 
PARAMETRIC_REPRESENTATION_CONTEXT() REPRESENTATION_CONTEXT('2D SPACE',''
  ) );
#6204 = ORIENTED_EDGE('',*,*,#1634,.T.);
#6205 = ORIENTED_EDGE('',*,*,#6206,.F.);
#6206 = EDGE_CURVE('',#6207,#1635,#6209,.T.);
#6207 = VERTEX_POINT('',#6208);
#6208 = CARTESIAN_POINT('',(-1.78E+03,-656.2828972683,155.));
#6209 = SURFACE_CURVE('',#6210,(#6220,#6233),.PCURVE_S1.);
#6210 = B_SPLINE_CURVE_WITH_KNOTS('',8,(#6211,#6212,#6213,#6214,#6215,
    #6216,#6217,#6218,#6219),.UNSPECIFIED.,.F.,.F.,(9,9),(0.,1.),
  .PIECEWISE_BEZIER_KNOTS.);
#6211 = CARTESIAN_POINT('',(-1.78E+03,-656.2828972683,155.));
#6212 = CARTESIAN_POINT('',(-1.78E+03,-657.7905685989,151.20923354539));
#6213 = CARTESIAN_POINT('',(-1.779530778921E+03,-659.3457532577,
    147.52277458547));
#6214 = CARTESIAN_POINT('',(-1.778637521764E+03,-660.9204252034,
    143.99585382855));
#6215 = CARTESIAN_POINT('',(-1.777366752858E+03,-662.4837215856,
    140.67275054857));
#6216 = CARTESIAN_POINT('',(-1.775766723838E+03,-664.0034477891,
    137.58887103171));
#6217 = CARTESIAN_POINT('',(-1.773887239169E+03,-665.4483548879,
    134.77118717056));
#6218 = CARTESIAN_POINT('',(-1.771779327446E+03,-666.7909787759,
    132.23827515862));
#6219 = CARTESIAN_POINT('',(-1.769494897428E+03,-668.0099012327,130.));
#6220 = PCURVE('',#1275,#6221);
#6221 = DEFINITIONAL_REPRESENTATION('',(#6222),#6232);
#6222 = B_SPLINE_CURVE_WITH_KNOTS('',8,(#6223,#6224,#6225,#6226,#6227,
    #6228,#6229,#6230,#6231),.UNSPECIFIED.,.F.,.F.,(9,9),(0.,1.),
  .PIECEWISE_BEZIER_KNOTS.);
#6223 = CARTESIAN_POINT('',(-5.904644238318,1.78E+03));
#6224 = CARTESIAN_POINT('',(-5.886906928547,1.78E+03));
#6225 = CARTESIAN_POINT('',(-5.86951467856,1.779530778921E+03));
#6226 = CARTESIAN_POINT('',(-5.852727150505,1.778637521764E+03));
#6227 = CARTESIAN_POINT('',(-5.836765710633,1.777366752858E+03));
#6228 = CARTESIAN_POINT('',(-5.821821910163,1.775766723838E+03));
#6229 = CARTESIAN_POINT('',(-5.80805643399,1.773887239169E+03));
#6230 = CARTESIAN_POINT('',(-5.795593073362,1.771779327446E+03));
#6231 = CARTESIAN_POINT('',(-5.784511960118,1.769494897428E+03));
#6232 = ( GEOMETRIC_REPRESENTATION_CONTEXT(2) 
PARAMETRIC_REPRESENTATION_CONTEXT() REPRESENTATION_CONTEXT('2D SPACE',''
  ) );
#6233 = PCURVE('',#1672,#6234);
#6234 = DEFINITIONAL_REPRESENTATION('',(#6235),#6245);
#6235 = B_SPLINE_CURVE_WITH_KNOTS('',8,(#6236,#6237,#6238,#6239,#6240,
    #6241,#6242,#6243,#6244),.UNSPECIFIED.,.F.,.F.,(9,9),(0.,1.),
  .PIECEWISE_BEZIER_KNOTS.);
#6236 = CARTESIAN_POINT('',(0.,443.71710273162));
#6237 = CARTESIAN_POINT('',(-0.108307612989,442.20943140105));
#6238 = CARTESIAN_POINT('',(-0.213635030429,440.65424674223));
#6239 = CARTESIAN_POINT('',(-0.316340083792,439.07957479659));
#6240 = CARTESIAN_POINT('',(-0.416646876064,437.51627841438));
#6241 = CARTESIAN_POINT('',(-0.514698137839,435.99655221082));
#6242 = CARTESIAN_POINT('',(-0.610559436991,434.55164511203));
#6243 = CARTESIAN_POINT('',(-0.704225752775,433.20902122409));
#6244 = CARTESIAN_POINT('',(-0.795602953485,431.99009876724));
#6245 = ( GEOMETRIC_REPRESENTATION_CONTEXT(2) 
PARAMETRIC_REPRESENTATION_CONTEXT() REPRESENTATION_CONTEXT('2D SPACE',''
  ) );
#6246 = ORIENTED_EDGE('',*,*,#6247,.F.);
#6247 = EDGE_CURVE('',#6248,#6207,#6250,.T.);
#6248 = VERTEX_POINT('',#6249);
#6249 = CARTESIAN_POINT('',(-1.78E+03,-641.3627326965,265.));
#6250 = SURFACE_CURVE('',#6251,(#6256,#6263),.PCURVE_S1.);
#6251 = CIRCLE('',#6252,230.);
#6252 = AXIS2_PLACEMENT_3D('',#6253,#6254,#6255);
#6253 = CARTESIAN_POINT('',(-1.78E+03,-870.,240.));
#6254 = DIRECTION('',(-1.,0.,0.));
#6255 = DIRECTION('',(0.,1.,0.));
#6256 = PCURVE('',#1275,#6257);
#6257 = DEFINITIONAL_REPRESENTATION('',(#6258),#6262);
#6258 = LINE('',#6259,#6260);
#6259 = CARTESIAN_POINT('',(-12.56637061435,1.78E+03));
#6260 = VECTOR('',#6261,1.);
#6261 = DIRECTION('',(1.,-0.));
#6262 = ( GEOMETRIC_REPRESENTATION_CONTEXT(2) 
PARAMETRIC_REPRESENTATION_CONTEXT() REPRESENTATION_CONTEXT('2D SPACE',''
  ) );
#6263 = PCURVE('',#6264,#6269);
#6264 = PLANE('',#6265);
#6265 = AXIS2_PLACEMENT_3D('',#6266,#6267,#6268);
#6266 = CARTESIAN_POINT('',(-1.78E+03,-1.1E+03,120.));
#6267 = DIRECTION('',(1.,0.,0.));
#6268 = DIRECTION('',(0.,0.,1.));
#6269 = DEFINITIONAL_REPRESENTATION('',(#6270),#6278);
#6270 = ( BOUNDED_CURVE() B_SPLINE_CURVE(2,(#6271,#6272,#6273,#6274,
#6275,#6276,#6277),.UNSPECIFIED.,.T.,.F.) B_SPLINE_CURVE_WITH_KNOTS((1,2
    ,2,2,2,1),(-2.094395102393,0.,2.094395102393,4.188790204786,
6.28318530718,8.377580409573),.UNSPECIFIED.) CURVE() 
GEOMETRIC_REPRESENTATION_ITEM() RATIONAL_B_SPLINE_CURVE((1.,0.5,1.,0.5,
1.,0.5,1.)) REPRESENTATION_ITEM('') );
#6271 = CARTESIAN_POINT('',(120.,-460.));
#6272 = CARTESIAN_POINT('',(-278.3716857408,-460.));
#6273 = CARTESIAN_POINT('',(-79.18584287042,-115.));
#6274 = CARTESIAN_POINT('',(120.,230.));
#6275 = CARTESIAN_POINT('',(319.18584287042,-115.));
#6276 = CARTESIAN_POINT('',(518.37168574084,-460.));
#6277 = CARTESIAN_POINT('',(120.,-460.));
#6278 = ( GEOMETRIC_REPRESENTATION_CONTEXT(2) 
PARAMETRIC_REPRESENTATION_CONTEXT() REPRESENTATION_CONTEXT('2D SPACE',''
  ) );
#6279 = ORIENTED_EDGE('',*,*,#6280,.T.);
#6280 = EDGE_CURVE('',#6248,#6281,#6283,.T.);
#6281 = VERTEX_POINT('',#6282);
#6282 = CARTESIAN_POINT('',(-1.745E+03,-647.9639668882,300.));
#6283 = SURFACE_CURVE('',#6284,(#6301,#6321),.PCURVE_S1.);
#6284 = B_SPLINE_CURVE_WITH_KNOTS('',8,(#6285,#6286,#6287,#6288,#6289,
    #6290,#6291,#6292,#6293,#6294,#6295,#6296,#6297,#6298,#6299,#6300),
  .UNSPECIFIED.,.F.,.F.,(9,7,9),(0.,0.446175038742,1.),.UNSPECIFIED.);
#6285 = CARTESIAN_POINT('',(-1.78E+03,-641.3627326965,265.));
#6286 = CARTESIAN_POINT('',(-1.78E+03,-641.7789051798,268.8061015722));
#6287 = CARTESIAN_POINT('',(-1.779526974138E+03,-642.257054363,
    272.5088559993));
#6288 = CARTESIAN_POINT('',(-1.778625878352E+03,-642.7837795686,
    276.04452339802));
#6289 = CARTESIAN_POINT('',(-1.777348514668E+03,-643.3402625462,
    279.3600692913));
#6290 = CARTESIAN_POINT('',(-1.775753638778E+03,-643.9046116057,
    282.41284380023));
#6291 = CARTESIAN_POINT('',(-1.773906645323E+03,-644.4549539427,
    285.17165511613));
#6292 = CARTESIAN_POINT('',(-1.77187914819E+03,-644.9727652125,
    287.61832649306));
#6293 = CARTESIAN_POINT('',(-1.767104316199E+03,-646.0305977766,
    292.39315848383));
#6294 = CARTESIAN_POINT('',(-1.764235240791E+03,-646.5604770038,
    294.61638843794));
#6295 = CARTESIAN_POINT('',(-1.761207471814E+03,-647.0179468322,
    296.43644733614));
#6296 = CARTESIAN_POINT('',(-1.758067903686E+03,-647.3922583482,
    297.87175085153));
#6297 = CARTESIAN_POINT('',(-1.754851835155E+03,-647.6769115131,
    298.93771750536));
#6298 = CARTESIAN_POINT('',(-1.751586870855E+03,-647.8681236858,
    299.64532364034));
#6299 = CARTESIAN_POINT('',(-1.748295745005E+03,-647.9639668882,300.));
#6300 = CARTESIAN_POINT('',(-1.745E+03,-647.9639668882,300.));
#6301 = PCURVE('',#1275,#6302);
#6302 = DEFINITIONAL_REPRESENTATION('',(#6303),#6320);
#6303 = B_SPLINE_CURVE_WITH_KNOTS('',8,(#6304,#6305,#6306,#6307,#6308,
    #6309,#6310,#6311,#6312,#6313,#6314,#6315,#6316,#6317,#6318,#6319),
  .UNSPECIFIED.,.F.,.F.,(9,7,9),(0.,0.446175038742,1.),.UNSPECIFIED.);
#6304 = CARTESIAN_POINT('',(-6.3920961406,1.78E+03));
#6305 = CARTESIAN_POINT('',(-6.408743039932,1.78E+03));
#6306 = CARTESIAN_POINT('',(-6.424972555984,1.779526974138E+03));
#6307 = CARTESIAN_POINT('',(-6.440509895069,1.778625878352E+03));
#6308 = CARTESIAN_POINT('',(-6.455122503007,1.777348514668E+03));
#6309 = CARTESIAN_POINT('',(-6.468617466122,1.775753638778E+03));
#6310 = CARTESIAN_POINT('',(-6.48084720407,1.773906645323E+03));
#6311 = CARTESIAN_POINT('',(-6.491720047049,1.77187914819E+03));
#6312 = CARTESIAN_POINT('',(-6.512983552831,1.767104316199E+03));
#6313 = CARTESIAN_POINT('',(-6.522919257569,1.764235240791E+03));
#6314 = CARTESIAN_POINT('',(-6.531077935727,1.761207471814E+03));
#6315 = CARTESIAN_POINT('',(-6.537526863352,1.758067903686E+03));
#6316 = CARTESIAN_POINT('',(-6.542323875924,1.754851835155E+03));
#6317 = CARTESIAN_POINT('',(-6.545510773262,1.751586870855E+03));
#6318 = CARTESIAN_POINT('',(-6.547108155309,1.748295745005E+03));
#6319 = CARTESIAN_POINT('',(-6.547108155309,1.745E+03));
#6320 = ( GEOMETRIC_REPRESENTATION_CONTEXT(2) 
PARAMETRIC_REPRESENTATION_CONTEXT() REPRESENTATION_CONTEXT('2D SPACE',''
  ) );
#6321 = PCURVE('',#6322,#6327);
#6322 = CYLINDRICAL_SURFACE('',#6323,35.);
#6323 = AXIS2_PLACEMENT_3D('',#6324,#6325,#6326);
#6324 = CARTESIAN_POINT('',(-1.745E+03,-1.1E+03,265.));
#6325 = DIRECTION('',(0.,1.,0.));
#6326 = DIRECTION('',(-1.,0.,0.));
#6327 = DEFINITIONAL_REPRESENTATION('',(#6328),#6345);
#6328 = B_SPLINE_CURVE_WITH_KNOTS('',8,(#6329,#6330,#6331,#6332,#6333,
    #6334,#6335,#6336,#6337,#6338,#6339,#6340,#6341,#6342,#6343,#6344),
  .UNSPECIFIED.,.F.,.F.,(9,7,9),(0.,0.446175038742,1.),.UNSPECIFIED.);
#6329 = CARTESIAN_POINT('',(0.,458.63726730347));
#6330 = CARTESIAN_POINT('',(0.108745759206,458.22109482018));
#6331 = CARTESIAN_POINT('',(0.214538772556,457.74294563693));
#6332 = CARTESIAN_POINT('',(0.317517265836,457.21622043132));
#6333 = CARTESIAN_POINT('',(0.417679534313,456.6597374537));
#6334 = CARTESIAN_POINT('',(0.514901541775,456.09538839429));
#6335 = CARTESIAN_POINT('',(0.608924686747,455.54504605729));
#6336 = CARTESIAN_POINT('',(0.699316565817,455.02723478742));
#6337 = CARTESIAN_POINT('',(0.892248913228,453.96940222331));
#6338 = CARTESIAN_POINT('',(0.995129073413,453.4395229961));
#6339 = CARTESIAN_POINT('',(1.094928555131,452.98205316774));
#6340 = CARTESIAN_POINT('',(1.19235274982,452.60774165178));
#6341 = CARTESIAN_POINT('',(1.288043320147,452.32308848689));
#6342 = CARTESIAN_POINT('',(1.382599954007,452.1318763141));
#6343 = CARTESIAN_POINT('',(1.476632183808,452.03603311174));
#6344 = CARTESIAN_POINT('',(1.570796326795,452.03603311174));
#6345 = ( GEOMETRIC_REPRESENTATION_CONTEXT(2) 
PARAMETRIC_REPRESENTATION_CONTEXT() REPRESENTATION_CONTEXT('2D SPACE',''
  ) );
#6346 = ORIENTED_EDGE('',*,*,#6347,.F.);
#6347 = EDGE_CURVE('',#6348,#6281,#6350,.T.);
#6348 = VERTEX_POINT('',#6349);
#6349 = CARTESIAN_POINT('',(-1.655E+03,-647.9639668882,300.));
#6350 = SURFACE_CURVE('',#6351,(#6355,#6361),.PCURVE_S1.);
#6351 = LINE('',#6352,#6353);
#6352 = CARTESIAN_POINT('',(0.,-647.9639668882,300.));
#6353 = VECTOR('',#6354,1.);
#6354 = DIRECTION('',(-1.,-0.,-0.));
#6355 = PCURVE('',#1275,#6356);
#6356 = DEFINITIONAL_REPRESENTATION('',(#6357),#6360);
#6357 = B_SPLINE_CURVE_WITH_KNOTS('',1,(#6358,#6359),.UNSPECIFIED.,.F.,
  .F.,(2,2),(1.646E+03,1.754E+03),.PIECEWISE_BEZIER_KNOTS.);
#6358 = CARTESIAN_POINT('',(-6.547108155309,1.646E+03));
#6359 = CARTESIAN_POINT('',(-6.547108155309,1.754E+03));
#6360 = ( GEOMETRIC_REPRESENTATION_CONTEXT(2) 
PARAMETRIC_REPRESENTATION_CONTEXT() REPRESENTATION_CONTEXT('2D SPACE',''
  ) );
#6361 = PCURVE('',#6362,#6367);
#6362 = PLANE('',#6363);
#6363 = AXIS2_PLACEMENT_3D('',#6364,#6365,#6366);
#6364 = CARTESIAN_POINT('',(-1.78E+03,-1.1E+03,300.));
#6365 = DIRECTION('',(0.,0.,1.));
#6366 = DIRECTION('',(1.,0.,0.));
#6367 = DEFINITIONAL_REPRESENTATION('',(#6368),#6371);
#6368 = B_SPLINE_CURVE_WITH_KNOTS('',1,(#6369,#6370),.UNSPECIFIED.,.F.,
  .F.,(2,2),(1.646E+03,1.754E+03),.PIECEWISE_BEZIER_KNOTS.);
#6369 = CARTESIAN_POINT('',(134.,452.03603311174));
#6370 = CARTESIAN_POINT('',(26.,452.03603311174));
#6371 = ( GEOMETRIC_REPRESENTATION_CONTEXT(2) 
PARAMETRIC_REPRESENTATION_CONTEXT() REPRESENTATION_CONTEXT('2D SPACE',''
  ) );
#6372 = ORIENTED_EDGE('',*,*,#6373,.F.);
#6373 = EDGE_CURVE('',#6374,#6348,#6376,.T.);
#6374 = VERTEX_POINT('',#6375);
#6375 = CARTESIAN_POINT('',(-1.62E+03,-641.3627326965,265.));
#6376 = SURFACE_CURVE('',#6377,(#6394,#6414),.PCURVE_S1.);
#6377 = B_SPLINE_CURVE_WITH_KNOTS('',8,(#6378,#6379,#6380,#6381,#6382,
    #6383,#6384,#6385,#6386,#6387,#6388,#6389,#6390,#6391,#6392,#6393),
  .UNSPECIFIED.,.F.,.F.,(9,7,9),(0.,0.446175038708,1.),.UNSPECIFIED.);
#6378 = CARTESIAN_POINT('',(-1.62E+03,-641.3627326965,265.));
#6379 = CARTESIAN_POINT('',(-1.62E+03,-641.7789051797,268.80610157178));
#6380 = CARTESIAN_POINT('',(-1.620473025862E+03,-642.257054363,
    272.50885599951));
#6381 = CARTESIAN_POINT('',(-1.621374121649E+03,-642.7837795687,
    276.04452339844));
#6382 = CARTESIAN_POINT('',(-1.622651485332E+03,-643.3402625463,
    279.36006929128));
#6383 = CARTESIAN_POINT('',(-1.624246361221E+03,-643.9046116056,
    282.41284379985));
#6384 = CARTESIAN_POINT('',(-1.626093354676E+03,-644.4549539426,
    285.17165511598));
#6385 = CARTESIAN_POINT('',(-1.62812085181E+03,-644.9727652126,
    287.61832649335));
#6386 = CARTESIAN_POINT('',(-1.632895683801E+03,-646.0305977766,
    292.39315848383));
#6387 = CARTESIAN_POINT('',(-1.635764759209E+03,-646.5604770038,
    294.61638843795));
#6388 = CARTESIAN_POINT('',(-1.638792528186E+03,-647.0179468322,
    296.43644733612));
#6389 = CARTESIAN_POINT('',(-1.641932096314E+03,-647.3922583482,
    297.87175085156));
#6390 = CARTESIAN_POINT('',(-1.645148164845E+03,-647.6769115131,
    298.93771750534));
#6391 = CARTESIAN_POINT('',(-1.648413129145E+03,-647.8681236858,
    299.64532364035));
#6392 = CARTESIAN_POINT('',(-1.651704254995E+03,-647.9639668882,300.));
#6393 = CARTESIAN_POINT('',(-1.655E+03,-647.9639668882,300.));
#6394 = PCURVE('',#1275,#6395);
#6395 = DEFINITIONAL_REPRESENTATION('',(#6396),#6413);
#6396 = B_SPLINE_CURVE_WITH_KNOTS('',8,(#6397,#6398,#6399,#6400,#6401,
    #6402,#6403,#6404,#6405,#6406,#6407,#6408,#6409,#6410,#6411,#6412),
  .UNSPECIFIED.,.F.,.F.,(9,7,9),(0.,0.446175038708,1.),.UNSPECIFIED.);
#6397 = CARTESIAN_POINT('',(-6.3920961406,1.62E+03));
#6398 = CARTESIAN_POINT('',(-6.40874303993,1.62E+03));
#6399 = CARTESIAN_POINT('',(-6.424972555985,1.620473025862E+03));
#6400 = CARTESIAN_POINT('',(-6.440509895071,1.621374121649E+03));
#6401 = CARTESIAN_POINT('',(-6.455122503007,1.622651485332E+03));
#6402 = CARTESIAN_POINT('',(-6.46861746612,1.624246361221E+03));
#6403 = CARTESIAN_POINT('',(-6.480847204069,1.626093354676E+03));
#6404 = CARTESIAN_POINT('',(-6.49172004705,1.62812085181E+03));
#6405 = CARTESIAN_POINT('',(-6.512983552831,1.632895683801E+03));
#6406 = CARTESIAN_POINT('',(-6.522919257569,1.635764759209E+03));
#6407 = CARTESIAN_POINT('',(-6.531077935727,1.638792528186E+03));
#6408 = CARTESIAN_POINT('',(-6.537526863352,1.641932096314E+03));
#6409 = CARTESIAN_POINT('',(-6.542323875924,1.645148164845E+03));
#6410 = CARTESIAN_POINT('',(-6.545510773262,1.648413129145E+03));
#6411 = CARTESIAN_POINT('',(-6.547108155309,1.651704254995E+03));
#6412 = CARTESIAN_POINT('',(-6.547108155309,1.655E+03));
#6413 = ( GEOMETRIC_REPRESENTATION_CONTEXT(2) 
PARAMETRIC_REPRESENTATION_CONTEXT() REPRESENTATION_CONTEXT('2D SPACE',''
  ) );
#6414 = PCURVE('',#6415,#6420);
#6415 = CYLINDRICAL_SURFACE('',#6416,35.);
#6416 = AXIS2_PLACEMENT_3D('',#6417,#6418,#6419);
#6417 = CARTESIAN_POINT('',(-1.655E+03,-1.1E+03,265.));
#6418 = DIRECTION('',(0.,1.,0.));
#6419 = DIRECTION('',(1.,0.,-0.));
#6420 = DEFINITIONAL_REPRESENTATION('',(#6421),#6438);
#6421 = B_SPLINE_CURVE_WITH_KNOTS('',8,(#6422,#6423,#6424,#6425,#6426,
    #6427,#6428,#6429,#6430,#6431,#6432,#6433,#6434,#6435,#6436,#6437),
  .UNSPECIFIED.,.F.,.F.,(9,7,9),(0.,0.446175038708,1.),.UNSPECIFIED.);
#6422 = CARTESIAN_POINT('',(0.,458.63726730347));
#6423 = CARTESIAN_POINT('',(-0.108745759194,458.22109482023));
#6424 = CARTESIAN_POINT('',(-0.214538772562,457.74294563693));
#6425 = CARTESIAN_POINT('',(-0.317517265848,457.21622043124));
#6426 = CARTESIAN_POINT('',(-0.417679534314,456.65973745368));
#6427 = CARTESIAN_POINT('',(-0.514901541764,456.09538839437));
#6428 = CARTESIAN_POINT('',(-0.608924686738,455.54504605733));
#6429 = CARTESIAN_POINT('',(-0.699316565828,455.02723478735));
#6430 = CARTESIAN_POINT('',(-0.892248913228,453.96940222331));
#6431 = CARTESIAN_POINT('',(-0.995129073414,453.4395229961));
#6432 = CARTESIAN_POINT('',(-1.09492855513,452.98205316774));
#6433 = CARTESIAN_POINT('',(-1.192352749821,452.60774165178));
#6434 = CARTESIAN_POINT('',(-1.288043320148,452.32308848689));
#6435 = CARTESIAN_POINT('',(-1.382599954006,452.1318763141));
#6436 = CARTESIAN_POINT('',(-1.476632183809,452.03603311174));
#6437 = CARTESIAN_POINT('',(-1.570796326795,452.03603311174));
#6438 = ( GEOMETRIC_REPRESENTATION_CONTEXT(2) 
PARAMETRIC_REPRESENTATION_CONTEXT() REPRESENTATION_CONTEXT('2D SPACE',''
  ) );
#6439 = ORIENTED_EDGE('',*,*,#6440,.T.);
#6440 = EDGE_CURVE('',#6374,#6441,#6443,.T.);
#6441 = VERTEX_POINT('',#6442);
#6442 = CARTESIAN_POINT('',(-1.62E+03,-656.2828972683,155.));
#6443 = SURFACE_CURVE('',#6444,(#6449,#6456),.PCURVE_S1.);
#6444 = CIRCLE('',#6445,230.);
#6445 = AXIS2_PLACEMENT_3D('',#6446,#6447,#6448);
#6446 = CARTESIAN_POINT('',(-1.62E+03,-870.,240.));
#6447 = DIRECTION('',(-1.,0.,0.));
#6448 = DIRECTION('',(0.,1.,0.));
#6449 = PCURVE('',#1275,#6450);
#6450 = DEFINITIONAL_REPRESENTATION('',(#6451),#6455);
#6451 = LINE('',#6452,#6453);
#6452 = CARTESIAN_POINT('',(-12.56637061435,1.62E+03));
#6453 = VECTOR('',#6454,1.);
#6454 = DIRECTION('',(1.,-0.));
#6455 = ( GEOMETRIC_REPRESENTATION_CONTEXT(2) 
PARAMETRIC_REPRESENTATION_CONTEXT() REPRESENTATION_CONTEXT('2D SPACE',''
  ) );
#6456 = PCURVE('',#6457,#6462);
#6457 = PLANE('',#6458);
#6458 = AXIS2_PLACEMENT_3D('',#6459,#6460,#6461);
#6459 = CARTESIAN_POINT('',(-1.62E+03,-1.1E+03,120.));
#6460 = DIRECTION('',(1.,0.,0.));
#6461 = DIRECTION('',(0.,0.,1.));
#6462 = DEFINITIONAL_REPRESENTATION('',(#6463),#6471);
#6463 = ( BOUNDED_CURVE() B_SPLINE_CURVE(2,(#6464,#6465,#6466,#6467,
#6468,#6469,#6470),.UNSPECIFIED.,.T.,.F.) B_SPLINE_CURVE_WITH_KNOTS((1,2
    ,2,2,2,1),(-2.094395102393,0.,2.094395102393,4.188790204786,
6.28318530718,8.377580409573),.UNSPECIFIED.) CURVE() 
GEOMETRIC_REPRESENTATION_ITEM() RATIONAL_B_SPLINE_CURVE((1.,0.5,1.,0.5,
1.,0.5,1.)) REPRESENTATION_ITEM('') );
#6464 = CARTESIAN_POINT('',(120.,-460.));
#6465 = CARTESIAN_POINT('',(-278.3716857408,-460.));
#6466 = CARTESIAN_POINT('',(-79.18584287042,-115.));
#6467 = CARTESIAN_POINT('',(120.,230.));
#6468 = CARTESIAN_POINT('',(319.18584287042,-115.));
#6469 = CARTESIAN_POINT('',(518.37168574084,-460.));
#6470 = CARTESIAN_POINT('',(120.,-460.));
#6471 = ( GEOMETRIC_REPRESENTATION_CONTEXT(2) 
PARAMETRIC_REPRESENTATION_CONTEXT() REPRESENTATION_CONTEXT('2D SPACE',''
  ) );
#6472 = ORIENTED_EDGE('',*,*,#6473,.T.);
#6473 = EDGE_CURVE('',#6441,#6474,#6476,.T.);
#6474 = VERTEX_POINT('',#6475);
#6475 = CARTESIAN_POINT('',(-1.630505102572E+03,-668.0099012327,130.));
#6476 = SURFACE_CURVE('',#6477,(#6487,#6500),.PCURVE_S1.);
#6477 = B_SPLINE_CURVE_WITH_KNOTS('',8,(#6478,#6479,#6480,#6481,#6482,
    #6483,#6484,#6485,#6486),.UNSPECIFIED.,.F.,.F.,(9,9),(0.,1.),
  .PIECEWISE_BEZIER_KNOTS.);
#6478 = CARTESIAN_POINT('',(-1.62E+03,-656.2828972683,155.));
#6479 = CARTESIAN_POINT('',(-1.62E+03,-657.7905685989,151.20923354539));
#6480 = CARTESIAN_POINT('',(-1.620469221079E+03,-659.3457532577,
    147.52277458548));
#6481 = CARTESIAN_POINT('',(-1.621362478236E+03,-660.9204252034,
    143.99585382854));
#6482 = CARTESIAN_POINT('',(-1.622633247142E+03,-662.4837215856,
    140.67275054858));
#6483 = CARTESIAN_POINT('',(-1.624233276162E+03,-664.0034477891,
    137.58887103171));
#6484 = CARTESIAN_POINT('',(-1.626112760831E+03,-665.4483548879,
    134.77118717056));
#6485 = CARTESIAN_POINT('',(-1.628220672554E+03,-666.7909787759,
    132.23827515862));
#6486 = CARTESIAN_POINT('',(-1.630505102572E+03,-668.0099012327,130.));
#6487 = PCURVE('',#1275,#6488);
#6488 = DEFINITIONAL_REPRESENTATION('',(#6489),#6499);
#6489 = B_SPLINE_CURVE_WITH_KNOTS('',8,(#6490,#6491,#6492,#6493,#6494,
    #6495,#6496,#6497,#6498),.UNSPECIFIED.,.F.,.F.,(9,9),(0.,1.),
  .PIECEWISE_BEZIER_KNOTS.);
#6490 = CARTESIAN_POINT('',(-5.904644238318,1.62E+03));
#6491 = CARTESIAN_POINT('',(-5.886906928547,1.62E+03));
#6492 = CARTESIAN_POINT('',(-5.86951467856,1.620469221079E+03));
#6493 = CARTESIAN_POINT('',(-5.852727150505,1.621362478236E+03));
#6494 = CARTESIAN_POINT('',(-5.836765710634,1.622633247142E+03));
#6495 = CARTESIAN_POINT('',(-5.821821910163,1.624233276162E+03));
#6496 = CARTESIAN_POINT('',(-5.80805643399,1.626112760831E+03));
#6497 = CARTESIAN_POINT('',(-5.795593073362,1.628220672554E+03));
#6498 = CARTESIAN_POINT('',(-5.784511960118,1.630505102572E+03));
#6499 = ( GEOMETRIC_REPRESENTATION_CONTEXT(2) 
PARAMETRIC_REPRESENTATION_CONTEXT() REPRESENTATION_CONTEXT('2D SPACE',''
  ) );
#6500 = PCURVE('',#6501,#6506);
#6501 = CYLINDRICAL_SURFACE('',#6502,35.);
#6502 = AXIS2_PLACEMENT_3D('',#6503,#6504,#6505);
#6503 = CARTESIAN_POINT('',(-1.655E+03,-1.1E+03,155.));
#6504 = DIRECTION('',(0.,1.,0.));
#6505 = DIRECTION('',(1.,0.,-0.));
#6506 = DEFINITIONAL_REPRESENTATION('',(#6507),#6517);
#6507 = B_SPLINE_CURVE_WITH_KNOTS('',8,(#6508,#6509,#6510,#6511,#6512,
    #6513,#6514,#6515,#6516),.UNSPECIFIED.,.F.,.F.,(9,9),(0.,1.),
  .PIECEWISE_BEZIER_KNOTS.);
#6508 = CARTESIAN_POINT('',(0.,443.71710273162));
#6509 = CARTESIAN_POINT('',(0.108307612989,442.20943140105));
#6510 = CARTESIAN_POINT('',(0.213635030429,440.65424674223));
#6511 = CARTESIAN_POINT('',(0.316340083793,439.07957479658));
#6512 = CARTESIAN_POINT('',(0.416646876063,437.51627841438));
#6513 = CARTESIAN_POINT('',(0.51469813784,435.99655221082));
#6514 = CARTESIAN_POINT('',(0.610559436991,434.55164511203));
#6515 = CARTESIAN_POINT('',(0.704225752775,433.20902122409));
#6516 = CARTESIAN_POINT('',(0.795602953485,431.99009876724));
#6517 = ( GEOMETRIC_REPRESENTATION_CONTEXT(2) 
PARAMETRIC_REPRESENTATION_CONTEXT() REPRESENTATION_CONTEXT('2D SPACE',''
  ) );
#6518 = ORIENTED_EDGE('',*,*,#6519,.T.);
#6519 = EDGE_CURVE('',#6474,#6520,#6522,.T.);
#6520 = VERTEX_POINT('',#6521);
#6521 = CARTESIAN_POINT('',(-69.49489742783,-668.0099012327,130.));
#6522 = SURFACE_CURVE('',#6523,(#6527,#6534),.PCURVE_S1.);
#6523 = LINE('',#6524,#6525);
#6524 = CARTESIAN_POINT('',(-1.8E+03,-668.0099012327,130.));
#6525 = VECTOR('',#6526,1.);
#6526 = DIRECTION('',(1.,0.,0.));
#6527 = PCURVE('',#1275,#6528);
#6528 = DEFINITIONAL_REPRESENTATION('',(#6529),#6533);
#6529 = LINE('',#6530,#6531);
#6530 = CARTESIAN_POINT('',(-5.784511960118,1.8E+03));
#6531 = VECTOR('',#6532,1.);
#6532 = DIRECTION('',(-0.,-1.));
#6533 = ( GEOMETRIC_REPRESENTATION_CONTEXT(2) 
PARAMETRIC_REPRESENTATION_CONTEXT() REPRESENTATION_CONTEXT('2D SPACE',''
  ) );
#6534 = PCURVE('',#6535,#6540);
#6535 = PLANE('',#6536);
#6536 = AXIS2_PLACEMENT_3D('',#6537,#6538,#6539);
#6537 = CARTESIAN_POINT('',(-2.6E+03,-1.3E+03,130.));
#6538 = DIRECTION('',(0.,0.,1.));
#6539 = DIRECTION('',(1.,0.,0.));
#6540 = DEFINITIONAL_REPRESENTATION('',(#6541),#6545);
#6541 = LINE('',#6542,#6543);
#6542 = CARTESIAN_POINT('',(800.,631.99009876724));
#6543 = VECTOR('',#6544,1.);
#6544 = DIRECTION('',(1.,0.));
#6545 = ( GEOMETRIC_REPRESENTATION_CONTEXT(2) 
PARAMETRIC_REPRESENTATION_CONTEXT() REPRESENTATION_CONTEXT('2D SPACE',''
  ) );
#6546 = ORIENTED_EDGE('',*,*,#6547,.F.);
#6547 = EDGE_CURVE('',#6548,#6520,#6550,.T.);
#6548 = VERTEX_POINT('',#6549);
#6549 = CARTESIAN_POINT('',(-80.,-656.2828972683,155.));
#6550 = SURFACE_CURVE('',#6551,(#6561,#6574),.PCURVE_S1.);
#6551 = B_SPLINE_CURVE_WITH_KNOTS('',8,(#6552,#6553,#6554,#6555,#6556,
    #6557,#6558,#6559,#6560),.UNSPECIFIED.,.F.,.F.,(9,9),(0.,1.),
  .PIECEWISE_BEZIER_KNOTS.);
#6552 = CARTESIAN_POINT('',(-80.,-656.2828972683,155.));
#6553 = CARTESIAN_POINT('',(-80.,-657.790568599,151.20923354519));
#6554 = CARTESIAN_POINT('',(-79.53077892093,-659.3457532577,
    147.5227745856));
#6555 = CARTESIAN_POINT('',(-78.63752176431,-660.9204252033,
    143.99585382872));
#6556 = CARTESIAN_POINT('',(-77.36675285767,-662.4837215855,
    140.67275054858));
#6557 = CARTESIAN_POINT('',(-75.76672383839,-664.0034477892,
    137.58887103151));
#6558 = CARTESIAN_POINT('',(-73.88723916898,-665.4483548879,
    134.77118717051));
#6559 = CARTESIAN_POINT('',(-71.77932744571,-666.7909787758,
    132.23827515876));
#6560 = CARTESIAN_POINT('',(-69.49489742783,-668.0099012327,130.));
#6561 = PCURVE('',#1275,#6562);
#6562 = DEFINITIONAL_REPRESENTATION('',(#6563),#6573);
#6563 = B_SPLINE_CURVE_WITH_KNOTS('',8,(#6564,#6565,#6566,#6567,#6568,
    #6569,#6570,#6571,#6572),.UNSPECIFIED.,.F.,.F.,(9,9),(0.,1.),
  .PIECEWISE_BEZIER_KNOTS.);
#6564 = CARTESIAN_POINT('',(-5.904644238318,80.));
#6565 = CARTESIAN_POINT('',(-5.886906928546,80.));
#6566 = CARTESIAN_POINT('',(-5.869514678561,79.530778920939));
#6567 = CARTESIAN_POINT('',(-5.852727150506,78.637521764316));
#6568 = CARTESIAN_POINT('',(-5.836765710634,77.366752857673));
#6569 = CARTESIAN_POINT('',(-5.821821910162,75.766723838399));
#6570 = CARTESIAN_POINT('',(-5.80805643399,73.88723916898));
#6571 = CARTESIAN_POINT('',(-5.795593073362,71.779327445718));
#6572 = CARTESIAN_POINT('',(-5.784511960118,69.494897427832));
#6573 = ( GEOMETRIC_REPRESENTATION_CONTEXT(2) 
PARAMETRIC_REPRESENTATION_CONTEXT() REPRESENTATION_CONTEXT('2D SPACE',''
  ) );
#6574 = PCURVE('',#6575,#6580);
#6575 = CYLINDRICAL_SURFACE('',#6576,35.);
#6576 = AXIS2_PLACEMENT_3D('',#6577,#6578,#6579);
#6577 = CARTESIAN_POINT('',(-45.,-1.1E+03,155.));
#6578 = DIRECTION('',(0.,1.,0.));
#6579 = DIRECTION('',(-1.,0.,0.));
#6580 = DEFINITIONAL_REPRESENTATION('',(#6581),#6591);
#6581 = B_SPLINE_CURVE_WITH_KNOTS('',8,(#6582,#6583,#6584,#6585,#6586,
    #6587,#6588,#6589,#6590),.UNSPECIFIED.,.F.,.F.,(9,9),(0.,1.),
  .PIECEWISE_BEZIER_KNOTS.);
#6582 = CARTESIAN_POINT('',(0.,443.71710273162));
#6583 = CARTESIAN_POINT('',(-0.108307612994,442.20943140097));
#6584 = CARTESIAN_POINT('',(-0.213635030426,440.65424674227));
#6585 = CARTESIAN_POINT('',(-0.316340083788,439.07957479667));
#6586 = CARTESIAN_POINT('',(-0.416646876063,437.5162784144));
#6587 = CARTESIAN_POINT('',(-0.514698137845,435.99655221072));
#6588 = CARTESIAN_POINT('',(-0.610559436994,434.551645112));
#6589 = CARTESIAN_POINT('',(-0.704225752769,433.20902122416));
#6590 = CARTESIAN_POINT('',(-0.795602953485,431.99009876724));
#6591 = ( GEOMETRIC_REPRESENTATION_CONTEXT(2) 
PARAMETRIC_REPRESENTATION_CONTEXT() REPRESENTATION_CONTEXT('2D SPACE',''
  ) );
#6592 = ORIENTED_EDGE('',*,*,#6593,.F.);
#6593 = EDGE_CURVE('',#6594,#6548,#6596,.T.);
#6594 = VERTEX_POINT('',#6595);
#6595 = CARTESIAN_POINT('',(-80.,-641.3627326965,265.));
#6596 = SURFACE_CURVE('',#6597,(#6602,#6609),.PCURVE_S1.);
#6597 = CIRCLE('',#6598,230.);
#6598 = AXIS2_PLACEMENT_3D('',#6599,#6600,#6601);
#6599 = CARTESIAN_POINT('',(-80.,-870.,240.));
#6600 = DIRECTION('',(-1.,0.,0.));
#6601 = DIRECTION('',(0.,1.,0.));
#6602 = PCURVE('',#1275,#6603);
#6603 = DEFINITIONAL_REPRESENTATION('',(#6604),#6608);
#6604 = LINE('',#6605,#6606);
#6605 = CARTESIAN_POINT('',(-12.56637061435,80.));
#6606 = VECTOR('',#6607,1.);
#6607 = DIRECTION('',(1.,-0.));
#6608 = ( GEOMETRIC_REPRESENTATION_CONTEXT(2) 
PARAMETRIC_REPRESENTATION_CONTEXT() REPRESENTATION_CONTEXT('2D SPACE',''
  ) );
#6609 = PCURVE('',#6610,#6615);
#6610 = PLANE('',#6611);
#6611 = AXIS2_PLACEMENT_3D('',#6612,#6613,#6614);
#6612 = CARTESIAN_POINT('',(-80.,-1.1E+03,120.));
#6613 = DIRECTION('',(1.,0.,0.));
#6614 = DIRECTION('',(0.,0.,1.));
#6615 = DEFINITIONAL_REPRESENTATION('',(#6616),#6624);
#6616 = ( BOUNDED_CURVE() B_SPLINE_CURVE(2,(#6617,#6618,#6619,#6620,
#6621,#6622,#6623),.UNSPECIFIED.,.T.,.F.) B_SPLINE_CURVE_WITH_KNOTS((1,2
    ,2,2,2,1),(-2.094395102393,0.,2.094395102393,4.188790204786,
6.28318530718,8.377580409573),.UNSPECIFIED.) CURVE() 
GEOMETRIC_REPRESENTATION_ITEM() RATIONAL_B_SPLINE_CURVE((1.,0.5,1.,0.5,
1.,0.5,1.)) REPRESENTATION_ITEM('') );
#6617 = CARTESIAN_POINT('',(120.,-460.));
#6618 = CARTESIAN_POINT('',(-278.3716857408,-460.));
#6619 = CARTESIAN_POINT('',(-79.18584287042,-115.));
#6620 = CARTESIAN_POINT('',(120.,230.));
#6621 = CARTESIAN_POINT('',(319.18584287042,-115.));
#6622 = CARTESIAN_POINT('',(518.37168574084,-460.));
#6623 = CARTESIAN_POINT('',(120.,-460.));
#6624 = ( GEOMETRIC_REPRESENTATION_CONTEXT(2) 
PARAMETRIC_REPRESENTATION_CONTEXT() REPRESENTATION_CONTEXT('2D SPACE',''
  ) );
#6625 = ORIENTED_EDGE('',*,*,#6626,.T.);
#6626 = EDGE_CURVE('',#6594,#6627,#6629,.T.);
#6627 = VERTEX_POINT('',#6628);
#6628 = CARTESIAN_POINT('',(-45.,-647.9639668882,300.));
#6629 = SURFACE_CURVE('',#6630,(#6647,#6667),.PCURVE_S1.);
#6630 = B_SPLINE_CURVE_WITH_KNOTS('',8,(#6631,#6632,#6633,#6634,#6635,
    #6636,#6637,#6638,#6639,#6640,#6641,#6642,#6643,#6644,#6645,#6646),
  .UNSPECIFIED.,.F.,.F.,(9,7,9),(0.,0.446175038707,1.),.UNSPECIFIED.);
#6631 = CARTESIAN_POINT('',(-80.,-641.3627326965,265.));
#6632 = CARTESIAN_POINT('',(-80.,-641.7789051797,268.80610157178));
#6633 = CARTESIAN_POINT('',(-79.52697413795,-642.257054363,
    272.50885599951));
#6634 = CARTESIAN_POINT('',(-78.62587835134,-642.7837795687,
    276.04452339846));
#6635 = CARTESIAN_POINT('',(-77.34851466826,-643.3402625463,
    279.36006929126));
#6636 = CARTESIAN_POINT('',(-75.75363877857,-643.9046116056,
    282.41284379988));
#6637 = CARTESIAN_POINT('',(-73.90664532374,-644.4549539426,
    285.17165511597));
#6638 = CARTESIAN_POINT('',(-71.8791481897,-644.9727652126,
    287.61832649335));
#6639 = CARTESIAN_POINT('',(-67.10431619922,-646.0305977766,
    292.39315848383));
#6640 = CARTESIAN_POINT('',(-64.23524079094,-646.5604770038,
    294.61638843792));
#6641 = CARTESIAN_POINT('',(-61.20747181415,-647.0179468322,
    296.43644733617));
#6642 = CARTESIAN_POINT('',(-58.06790368646,-647.3922583482,
    297.8717508515));
#6643 = CARTESIAN_POINT('',(-54.85183515459,-647.6769115131,
    298.93771750538));
#6644 = CARTESIAN_POINT('',(-51.586870855,-647.8681236858,
    299.64532364034));
#6645 = CARTESIAN_POINT('',(-48.29574500453,-647.9639668882,300.));
#6646 = CARTESIAN_POINT('',(-45.,-647.9639668882,300.));
#6647 = PCURVE('',#1275,#6648);
#6648 = DEFINITIONAL_REPRESENTATION('',(#6649),#6666);
#6649 = B_SPLINE_CURVE_WITH_KNOTS('',8,(#6650,#6651,#6652,#6653,#6654,
    #6655,#6656,#6657,#6658,#6659,#6660,#6661,#6662,#6663,#6664,#6665),
  .UNSPECIFIED.,.F.,.F.,(9,7,9),(0.,0.446175038707,1.),.UNSPECIFIED.);
#6650 = CARTESIAN_POINT('',(-6.3920961406,80.));
#6651 = CARTESIAN_POINT('',(-6.40874303993,80.));
#6652 = CARTESIAN_POINT('',(-6.424972555985,79.526974137956));
#6653 = CARTESIAN_POINT('',(-6.440509895071,78.625878351334));
#6654 = CARTESIAN_POINT('',(-6.455122503007,77.348514668285));
#6655 = CARTESIAN_POINT('',(-6.46861746612,75.753638778565));
#6656 = CARTESIAN_POINT('',(-6.480847204069,73.906645323745));
#6657 = CARTESIAN_POINT('',(-6.49172004705,71.8791481897));
#6658 = CARTESIAN_POINT('',(-6.512983552831,67.104316199221));
#6659 = CARTESIAN_POINT('',(-6.522919257569,64.235240790936));
#6660 = CARTESIAN_POINT('',(-6.531077935727,61.207471814167));
#6661 = CARTESIAN_POINT('',(-6.537526863352,58.067903686443));
#6662 = CARTESIAN_POINT('',(-6.542323875924,54.851835154607));
#6663 = CARTESIAN_POINT('',(-6.545510773262,51.586870855004));
#6664 = CARTESIAN_POINT('',(-6.547108155309,48.295745004534));
#6665 = CARTESIAN_POINT('',(-6.547108155309,45.));
#6666 = ( GEOMETRIC_REPRESENTATION_CONTEXT(2) 
PARAMETRIC_REPRESENTATION_CONTEXT() REPRESENTATION_CONTEXT('2D SPACE',''
  ) );
#6667 = PCURVE('',#6668,#6673);
#6668 = CYLINDRICAL_SURFACE('',#6669,35.);
#6669 = AXIS2_PLACEMENT_3D('',#6670,#6671,#6672);
#6670 = CARTESIAN_POINT('',(-45.,-1.1E+03,265.));
#6671 = DIRECTION('',(0.,1.,0.));
#6672 = DIRECTION('',(-1.,0.,0.));
#6673 = DEFINITIONAL_REPRESENTATION('',(#6674),#6691);
#6674 = B_SPLINE_CURVE_WITH_KNOTS('',8,(#6675,#6676,#6677,#6678,#6679,
    #6680,#6681,#6682,#6683,#6684,#6685,#6686,#6687,#6688,#6689,#6690),
  .UNSPECIFIED.,.F.,.F.,(9,7,9),(0.,0.446175038707,1.),.UNSPECIFIED.);
#6675 = CARTESIAN_POINT('',(0.,458.63726730347));
#6676 = CARTESIAN_POINT('',(0.108745759194,458.22109482023));
#6677 = CARTESIAN_POINT('',(0.214538772562,457.74294563693));
#6678 = CARTESIAN_POINT('',(0.317517265848,457.21622043124));
#6679 = CARTESIAN_POINT('',(0.417679534313,456.65973745369));
#6680 = CARTESIAN_POINT('',(0.514901541764,456.09538839436));
#6681 = CARTESIAN_POINT('',(0.608924686738,455.54504605733));
#6682 = CARTESIAN_POINT('',(0.699316565829,455.02723478735));
#6683 = CARTESIAN_POINT('',(0.892248913228,453.96940222331));
#6684 = CARTESIAN_POINT('',(0.995129073413,453.43952299611));
#6685 = CARTESIAN_POINT('',(1.094928555132,452.98205316774));
#6686 = CARTESIAN_POINT('',(1.19235274982,452.60774165179));
#6687 = CARTESIAN_POINT('',(1.288043320148,452.32308848689));
#6688 = CARTESIAN_POINT('',(1.382599954006,452.1318763141));
#6689 = CARTESIAN_POINT('',(1.476632183808,452.03603311174));
#6690 = CARTESIAN_POINT('',(1.570796326795,452.03603311174));
#6691 = ( GEOMETRIC_REPRESENTATION_CONTEXT(2) 
PARAMETRIC_REPRESENTATION_CONTEXT() REPRESENTATION_CONTEXT('2D SPACE',''
  ) );
#6692 = ORIENTED_EDGE('',*,*,#6693,.F.);
#6693 = EDGE_CURVE('',#6694,#6627,#6696,.T.);
#6694 = VERTEX_POINT('',#6695);
#6695 = CARTESIAN_POINT('',(45.,-647.9639668882,300.));
#6696 = SURFACE_CURVE('',#6697,(#6701,#6707),.PCURVE_S1.);
#6697 = LINE('',#6698,#6699);
#6698 = CARTESIAN_POINT('',(0.,-647.9639668882,300.));
#6699 = VECTOR('',#6700,1.);
#6700 = DIRECTION('',(-1.,-0.,-0.));
#6701 = PCURVE('',#1275,#6702);
#6702 = DEFINITIONAL_REPRESENTATION('',(#6703),#6706);
#6703 = B_SPLINE_CURVE_WITH_KNOTS('',1,(#6704,#6705),.UNSPECIFIED.,.F.,
  .F.,(2,2),(-54.,54.),.PIECEWISE_BEZIER_KNOTS.);
#6704 = CARTESIAN_POINT('',(-6.547108155309,-54.));
#6705 = CARTESIAN_POINT('',(-6.547108155309,54.));
#6706 = ( GEOMETRIC_REPRESENTATION_CONTEXT(2) 
PARAMETRIC_REPRESENTATION_CONTEXT() REPRESENTATION_CONTEXT('2D SPACE',''
  ) );
#6707 = PCURVE('',#6708,#6713);
#6708 = PLANE('',#6709);
#6709 = AXIS2_PLACEMENT_3D('',#6710,#6711,#6712);
#6710 = CARTESIAN_POINT('',(-80.,-1.1E+03,300.));
#6711 = DIRECTION('',(0.,0.,1.));
#6712 = DIRECTION('',(1.,0.,0.));
#6713 = DEFINITIONAL_REPRESENTATION('',(#6714),#6717);
#6714 = B_SPLINE_CURVE_WITH_KNOTS('',1,(#6715,#6716),.UNSPECIFIED.,.F.,
  .F.,(2,2),(-54.,54.),.PIECEWISE_BEZIER_KNOTS.);
#6715 = CARTESIAN_POINT('',(134.,452.03603311174));
#6716 = CARTESIAN_POINT('',(26.,452.03603311174));
#6717 = ( GEOMETRIC_REPRESENTATION_CONTEXT(2) 
PARAMETRIC_REPRESENTATION_CONTEXT() REPRESENTATION_CONTEXT('2D SPACE',''
  ) );
#6718 = ORIENTED_EDGE('',*,*,#6719,.F.);
#6719 = EDGE_CURVE('',#6720,#6694,#6722,.T.);
#6720 = VERTEX_POINT('',#6721);
#6721 = CARTESIAN_POINT('',(80.,-641.3627326965,265.));
#6722 = SURFACE_CURVE('',#6723,(#6740,#6760),.PCURVE_S1.);
#6723 = B_SPLINE_CURVE_WITH_KNOTS('',8,(#6724,#6725,#6726,#6727,#6728,
    #6729,#6730,#6731,#6732,#6733,#6734,#6735,#6736,#6737,#6738,#6739),
  .UNSPECIFIED.,.F.,.F.,(9,7,9),(0.,0.446175038744,1.),.UNSPECIFIED.);
#6724 = CARTESIAN_POINT('',(80.,-641.3627326965,265.));
#6725 = CARTESIAN_POINT('',(80.,-641.7789051798,268.80610157223));
#6726 = CARTESIAN_POINT('',(79.526974137842,-642.257054363,
    272.50885599928));
#6727 = CARTESIAN_POINT('',(78.625878351505,-642.7837795686,
    276.04452339801));
#6728 = CARTESIAN_POINT('',(77.348514668431,-643.3402625462,
    279.36006929128));
#6729 = CARTESIAN_POINT('',(75.753638778389,-643.9046116057,
    282.41284380027));
#6730 = CARTESIAN_POINT('',(73.906645323451,-644.4549539427,
    285.17165511613));
#6731 = CARTESIAN_POINT('',(71.879148190016,-644.9727652125,
    287.61832649304));
#6732 = CARTESIAN_POINT('',(67.104316199222,-646.0305977766,
    292.39315848383));
#6733 = CARTESIAN_POINT('',(64.235240790922,-646.5604770038,
    294.61638843794));
#6734 = CARTESIAN_POINT('',(61.207471814201,-647.0179468322,
    296.43644733613));
#6735 = CARTESIAN_POINT('',(58.067903686418,-647.3922583482,
    297.87175085155));
#6736 = CARTESIAN_POINT('',(54.851835154591,-647.6769115131,
    298.93771750535));
#6737 = CARTESIAN_POINT('',(51.586870855037,-647.8681236858,
    299.64532364035));
#6738 = CARTESIAN_POINT('',(48.295745004519,-647.9639668882,300.));
#6739 = CARTESIAN_POINT('',(45.,-647.9639668882,300.));
#6740 = PCURVE('',#1275,#6741);
#6741 = DEFINITIONAL_REPRESENTATION('',(#6742),#6759);
#6742 = B_SPLINE_CURVE_WITH_KNOTS('',8,(#6743,#6744,#6745,#6746,#6747,
    #6748,#6749,#6750,#6751,#6752,#6753,#6754,#6755,#6756,#6757,#6758),
  .UNSPECIFIED.,.F.,.F.,(9,7,9),(0.,0.446175038744,1.),.UNSPECIFIED.);
#6743 = CARTESIAN_POINT('',(-6.3920961406,-80.));
#6744 = CARTESIAN_POINT('',(-6.408743039932,-80.));
#6745 = CARTESIAN_POINT('',(-6.424972555984,-79.52697413784));
#6746 = CARTESIAN_POINT('',(-6.440509895069,-78.6258783515));
#6747 = CARTESIAN_POINT('',(-6.455122503007,-77.34851466842));
#6748 = CARTESIAN_POINT('',(-6.468617466122,-75.75363877839));
#6749 = CARTESIAN_POINT('',(-6.48084720407,-73.90664532345));
#6750 = CARTESIAN_POINT('',(-6.491720047049,-71.87914819001));
#6751 = CARTESIAN_POINT('',(-6.512983552831,-67.10431619922));
#6752 = CARTESIAN_POINT('',(-6.522919257569,-64.23524079092));
#6753 = CARTESIAN_POINT('',(-6.531077935727,-61.20747181419));
#6754 = CARTESIAN_POINT('',(-6.537526863352,-58.06790368642));
#6755 = CARTESIAN_POINT('',(-6.542323875924,-54.85183515458));
#6756 = CARTESIAN_POINT('',(-6.545510773262,-51.58687085503));
#6757 = CARTESIAN_POINT('',(-6.547108155309,-48.29574500451));
#6758 = CARTESIAN_POINT('',(-6.547108155309,-45.));
#6759 = ( GEOMETRIC_REPRESENTATION_CONTEXT(2) 
PARAMETRIC_REPRESENTATION_CONTEXT() REPRESENTATION_CONTEXT('2D SPACE',''
  ) );
#6760 = PCURVE('',#6761,#6766);
#6761 = CYLINDRICAL_SURFACE('',#6762,35.);
#6762 = AXIS2_PLACEMENT_3D('',#6763,#6764,#6765);
#6763 = CARTESIAN_POINT('',(45.,-1.1E+03,265.));
#6764 = DIRECTION('',(0.,1.,0.));
#6765 = DIRECTION('',(1.,0.,-0.));
#6766 = DEFINITIONAL_REPRESENTATION('',(#6767),#6784);
#6767 = B_SPLINE_CURVE_WITH_KNOTS('',8,(#6768,#6769,#6770,#6771,#6772,
    #6773,#6774,#6775,#6776,#6777,#6778,#6779,#6780,#6781,#6782,#6783),
  .UNSPECIFIED.,.F.,.F.,(9,7,9),(0.,0.446175038744,1.),.UNSPECIFIED.);
#6768 = CARTESIAN_POINT('',(0.,458.63726730347));
#6769 = CARTESIAN_POINT('',(-0.108745759207,458.22109482018));
#6770 = CARTESIAN_POINT('',(-0.214538772556,457.74294563694));
#6771 = CARTESIAN_POINT('',(-0.317517265836,457.21622043132));
#6772 = CARTESIAN_POINT('',(-0.417679534312,456.65973745371));
#6773 = CARTESIAN_POINT('',(-0.514901541776,456.09538839429));
#6774 = CARTESIAN_POINT('',(-0.608924686747,455.54504605729));
#6775 = CARTESIAN_POINT('',(-0.699316565816,455.02723478742));
#6776 = CARTESIAN_POINT('',(-0.892248913228,453.96940222331));
#6777 = CARTESIAN_POINT('',(-0.995129073414,453.4395229961));
#6778 = CARTESIAN_POINT('',(-1.09492855513,452.98205316774));
#6779 = CARTESIAN_POINT('',(-1.192352749821,452.60774165178));
#6780 = CARTESIAN_POINT('',(-1.288043320148,452.32308848689));
#6781 = CARTESIAN_POINT('',(-1.382599954006,452.1318763141));
#6782 = CARTESIAN_POINT('',(-1.476632183809,452.03603311174));
#6783 = CARTESIAN_POINT('',(-1.570796326795,452.03603311174));
#6784 = ( GEOMETRIC_REPRESENTATION_CONTEXT(2) 
PARAMETRIC_REPRESENTATION_CONTEXT() REPRESENTATION_CONTEXT('2D SPACE',''
  ) );
#6785 = ORIENTED_EDGE('',*,*,#6786,.T.);
#6786 = EDGE_CURVE('',#6720,#6787,#6789,.T.);
#6787 = VERTEX_POINT('',#6788);
#6788 = CARTESIAN_POINT('',(80.,-656.2828972683,155.));
#6789 = SURFACE_CURVE('',#6790,(#6795,#6802),.PCURVE_S1.);
#6790 = CIRCLE('',#6791,230.);
#6791 = AXIS2_PLACEMENT_3D('',#6792,#6793,#6794);
#6792 = CARTESIAN_POINT('',(80.,-870.,240.));
#6793 = DIRECTION('',(-1.,0.,0.));
#6794 = DIRECTION('',(0.,1.,0.));
#6795 = PCURVE('',#1275,#6796);
#6796 = DEFINITIONAL_REPRESENTATION('',(#6797),#6801);
#6797 = LINE('',#6798,#6799);
#6798 = CARTESIAN_POINT('',(-12.56637061435,-80.));
#6799 = VECTOR('',#6800,1.);
#6800 = DIRECTION('',(1.,-0.));
#6801 = ( GEOMETRIC_REPRESENTATION_CONTEXT(2) 
PARAMETRIC_REPRESENTATION_CONTEXT() REPRESENTATION_CONTEXT('2D SPACE',''
  ) );
#6802 = PCURVE('',#6803,#6808);
#6803 = PLANE('',#6804);
#6804 = AXIS2_PLACEMENT_3D('',#6805,#6806,#6807);
#6805 = CARTESIAN_POINT('',(80.,-1.1E+03,120.));
#6806 = DIRECTION('',(1.,0.,0.));
#6807 = DIRECTION('',(0.,0.,1.));
#6808 = DEFINITIONAL_REPRESENTATION('',(#6809),#6817);
#6809 = ( BOUNDED_CURVE() B_SPLINE_CURVE(2,(#6810,#6811,#6812,#6813,
#6814,#6815,#6816),.UNSPECIFIED.,.T.,.F.) B_SPLINE_CURVE_WITH_KNOTS((1,2
    ,2,2,2,1),(-2.094395102393,0.,2.094395102393,4.188790204786,
6.28318530718,8.377580409573),.UNSPECIFIED.) CURVE() 
GEOMETRIC_REPRESENTATION_ITEM() RATIONAL_B_SPLINE_CURVE((1.,0.5,1.,0.5,
1.,0.5,1.)) REPRESENTATION_ITEM('') );
#6810 = CARTESIAN_POINT('',(120.,-460.));
#6811 = CARTESIAN_POINT('',(-278.3716857408,-460.));
#6812 = CARTESIAN_POINT('',(-79.18584287042,-115.));
#6813 = CARTESIAN_POINT('',(120.,230.));
#6814 = CARTESIAN_POINT('',(319.18584287042,-115.));
#6815 = CARTESIAN_POINT('',(518.37168574084,-460.));
#6816 = CARTESIAN_POINT('',(120.,-460.));
#6817 = ( GEOMETRIC_REPRESENTATION_CONTEXT(2) 
PARAMETRIC_REPRESENTATION_CONTEXT() REPRESENTATION_CONTEXT('2D SPACE',''
  ) );
#6818 = ORIENTED_EDGE('',*,*,#6819,.T.);
#6819 = EDGE_CURVE('',#6787,#6820,#6822,.T.);
#6820 = VERTEX_POINT('',#6821);
#6821 = CARTESIAN_POINT('',(69.494897427832,-668.0099012327,130.));
#6822 = SURFACE_CURVE('',#6823,(#6833,#6846),.PCURVE_S1.);
#6823 = B_SPLINE_CURVE_WITH_KNOTS('',8,(#6824,#6825,#6826,#6827,#6828,
    #6829,#6830,#6831,#6832),.UNSPECIFIED.,.F.,.F.,(9,9),(0.,1.),
  .PIECEWISE_BEZIER_KNOTS.);
#6824 = CARTESIAN_POINT('',(80.,-656.2828972683,155.));
#6825 = CARTESIAN_POINT('',(80.,-657.790568599,151.20923354517));
#6826 = CARTESIAN_POINT('',(79.530778920934,-659.3457532577,
    147.52277458561));
#6827 = CARTESIAN_POINT('',(78.637521764321,-660.9204252033,
    143.99585382875));
#6828 = CARTESIAN_POINT('',(77.366752857686,-662.4837215855,
    140.67275054858));
#6829 = CARTESIAN_POINT('',(75.766723838389,-664.0034477892,
    137.58887103149));
#6830 = CARTESIAN_POINT('',(73.88723916896,-665.448354888,
    134.77118717049));
#6831 = CARTESIAN_POINT('',(71.779327445738,-666.7909787758,
    132.23827515878));
#6832 = CARTESIAN_POINT('',(69.494897427832,-668.0099012327,130.));
#6833 = PCURVE('',#1275,#6834);
#6834 = DEFINITIONAL_REPRESENTATION('',(#6835),#6845);
#6835 = B_SPLINE_CURVE_WITH_KNOTS('',8,(#6836,#6837,#6838,#6839,#6840,
    #6841,#6842,#6843,#6844),.UNSPECIFIED.,.F.,.F.,(9,9),(0.,1.),
  .PIECEWISE_BEZIER_KNOTS.);
#6836 = CARTESIAN_POINT('',(-5.904644238318,-80.));
#6837 = CARTESIAN_POINT('',(-5.886906928545,-80.));
#6838 = CARTESIAN_POINT('',(-5.869514678561,-79.53077892093));
#6839 = CARTESIAN_POINT('',(-5.852727150506,-78.63752176432));
#6840 = CARTESIAN_POINT('',(-5.836765710634,-77.36675285768));
#6841 = CARTESIAN_POINT('',(-5.821821910162,-75.76672383839));
#6842 = CARTESIAN_POINT('',(-5.80805643399,-73.88723916895));
#6843 = CARTESIAN_POINT('',(-5.795593073363,-71.77932744573));
#6844 = CARTESIAN_POINT('',(-5.784511960118,-69.49489742783));
#6845 = ( GEOMETRIC_REPRESENTATION_CONTEXT(2) 
PARAMETRIC_REPRESENTATION_CONTEXT() REPRESENTATION_CONTEXT('2D SPACE',''
  ) );
#6846 = PCURVE('',#6847,#6852);
#6847 = CYLINDRICAL_SURFACE('',#6848,35.);
#6848 = AXIS2_PLACEMENT_3D('',#6849,#6850,#6851);
#6849 = CARTESIAN_POINT('',(45.,-1.1E+03,155.));
#6850 = DIRECTION('',(0.,1.,0.));
#6851 = DIRECTION('',(1.,0.,-0.));
#6852 = DEFINITIONAL_REPRESENTATION('',(#6853),#6863);
#6853 = B_SPLINE_CURVE_WITH_KNOTS('',8,(#6854,#6855,#6856,#6857,#6858,
    #6859,#6860,#6861,#6862),.UNSPECIFIED.,.F.,.F.,(9,9),(0.,1.),
  .PIECEWISE_BEZIER_KNOTS.);
#6854 = CARTESIAN_POINT('',(0.,443.71710273162));
#6855 = CARTESIAN_POINT('',(0.108307612995,442.20943140096));
#6856 = CARTESIAN_POINT('',(0.213635030425,440.65424674227));
#6857 = CARTESIAN_POINT('',(0.316340083787,439.07957479668));
#6858 = CARTESIAN_POINT('',(0.416646876062,437.5162784144));
#6859 = CARTESIAN_POINT('',(0.514698137846,435.99655221071));
#6860 = CARTESIAN_POINT('',(0.610559436995,434.55164511199));
#6861 = CARTESIAN_POINT('',(0.704225752768,433.20902122418));
#6862 = CARTESIAN_POINT('',(0.795602953485,431.99009876724));
#6863 = ( GEOMETRIC_REPRESENTATION_CONTEXT(2) 
PARAMETRIC_REPRESENTATION_CONTEXT() REPRESENTATION_CONTEXT('2D SPACE',''
  ) );
#6864 = ORIENTED_EDGE('',*,*,#6865,.T.);
#6865 = EDGE_CURVE('',#6820,#6866,#6868,.T.);
#6866 = VERTEX_POINT('',#6867);
#6867 = CARTESIAN_POINT('',(1.630505102572E+03,-668.0099012327,130.));
#6868 = SURFACE_CURVE('',#6869,(#6873,#6880),.PCURVE_S1.);
#6869 = LINE('',#6870,#6871);
#6870 = CARTESIAN_POINT('',(-1.8E+03,-668.0099012327,130.));
#6871 = VECTOR('',#6872,1.);
#6872 = DIRECTION('',(1.,0.,0.));
#6873 = PCURVE('',#1275,#6874);
#6874 = DEFINITIONAL_REPRESENTATION('',(#6875),#6879);
#6875 = LINE('',#6876,#6877);
#6876 = CARTESIAN_POINT('',(-5.784511960118,1.8E+03));
#6877 = VECTOR('',#6878,1.);
#6878 = DIRECTION('',(-0.,-1.));
#6879 = ( GEOMETRIC_REPRESENTATION_CONTEXT(2) 
PARAMETRIC_REPRESENTATION_CONTEXT() REPRESENTATION_CONTEXT('2D SPACE',''
  ) );
#6880 = PCURVE('',#6881,#6886);
#6881 = PLANE('',#6882);
#6882 = AXIS2_PLACEMENT_3D('',#6883,#6884,#6885);
#6883 = CARTESIAN_POINT('',(-2.6E+03,-1.3E+03,130.));
#6884 = DIRECTION('',(0.,0.,1.));
#6885 = DIRECTION('',(1.,0.,0.));
#6886 = DEFINITIONAL_REPRESENTATION('',(#6887),#6891);
#6887 = LINE('',#6888,#6889);
#6888 = CARTESIAN_POINT('',(800.,631.99009876724));
#6889 = VECTOR('',#6890,1.);
#6890 = DIRECTION('',(1.,0.));
#6891 = ( GEOMETRIC_REPRESENTATION_CONTEXT(2) 
PARAMETRIC_REPRESENTATION_CONTEXT() REPRESENTATION_CONTEXT('2D SPACE',''
  ) );
#6892 = ORIENTED_EDGE('',*,*,#6893,.F.);
#6893 = EDGE_CURVE('',#6894,#6866,#6896,.T.);
#6894 = VERTEX_POINT('',#6895);
#6895 = CARTESIAN_POINT('',(1.62E+03,-656.2828972683,155.));
#6896 = SURFACE_CURVE('',#6897,(#6907,#6920),.PCURVE_S1.);
#6897 = B_SPLINE_CURVE_WITH_KNOTS('',8,(#6898,#6899,#6900,#6901,#6902,
    #6903,#6904,#6905,#6906),.UNSPECIFIED.,.F.,.F.,(9,9),(0.,1.),
  .PIECEWISE_BEZIER_KNOTS.);
#6898 = CARTESIAN_POINT('',(1.62E+03,-656.2828972683,155.));
#6899 = CARTESIAN_POINT('',(1.62E+03,-657.7905685989,151.2092335454));
#6900 = CARTESIAN_POINT('',(1.620469221079E+03,-659.3457532577,
    147.52277458547));
#6901 = CARTESIAN_POINT('',(1.621362478236E+03,-660.9204252034,
    143.99585382854));
#6902 = CARTESIAN_POINT('',(1.622633247142E+03,-662.4837215856,
    140.67275054858));
#6903 = CARTESIAN_POINT('',(1.624233276162E+03,-664.0034477891,
    137.58887103171));
#6904 = CARTESIAN_POINT('',(1.626112760831E+03,-665.4483548879,
    134.77118717056));
#6905 = CARTESIAN_POINT('',(1.628220672554E+03,-666.7909787759,
    132.23827515863));
#6906 = CARTESIAN_POINT('',(1.630505102572E+03,-668.0099012327,130.));
#6907 = PCURVE('',#1275,#6908);
#6908 = DEFINITIONAL_REPRESENTATION('',(#6909),#6919);
#6909 = B_SPLINE_CURVE_WITH_KNOTS('',8,(#6910,#6911,#6912,#6913,#6914,
    #6915,#6916,#6917,#6918),.UNSPECIFIED.,.F.,.F.,(9,9),(0.,1.),
  .PIECEWISE_BEZIER_KNOTS.);
#6910 = CARTESIAN_POINT('',(-5.904644238318,-1.62E+03));
#6911 = CARTESIAN_POINT('',(-5.886906928547,-1.62E+03));
#6912 = CARTESIAN_POINT('',(-5.86951467856,-1.620469221079E+03));
#6913 = CARTESIAN_POINT('',(-5.852727150505,-1.621362478236E+03));
#6914 = CARTESIAN_POINT('',(-5.836765710634,-1.622633247142E+03));
#6915 = CARTESIAN_POINT('',(-5.821821910163,-1.624233276162E+03));
#6916 = CARTESIAN_POINT('',(-5.80805643399,-1.626112760831E+03));
#6917 = CARTESIAN_POINT('',(-5.795593073362,-1.628220672554E+03));
#6918 = CARTESIAN_POINT('',(-5.784511960118,-1.630505102572E+03));
#6919 = ( GEOMETRIC_REPRESENTATION_CONTEXT(2) 
PARAMETRIC_REPRESENTATION_CONTEXT() REPRESENTATION_CONTEXT('2D SPACE',''
  ) );
#6920 = PCURVE('',#6921,#6926);
#6921 = CYLINDRICAL_SURFACE('',#6922,35.);
#6922 = AXIS2_PLACEMENT_3D('',#6923,#6924,#6925);
#6923 = CARTESIAN_POINT('',(1.655E+03,-1.1E+03,155.));
#6924 = DIRECTION('',(0.,1.,0.));
#6925 = DIRECTION('',(-1.,0.,0.));
#6926 = DEFINITIONAL_REPRESENTATION('',(#6927),#6937);
#6927 = B_SPLINE_CURVE_WITH_KNOTS('',8,(#6928,#6929,#6930,#6931,#6932,
    #6933,#6934,#6935,#6936),.UNSPECIFIED.,.F.,.F.,(9,9),(0.,1.),
  .PIECEWISE_BEZIER_KNOTS.);
#6928 = CARTESIAN_POINT('',(0.,443.71710273162));
#6929 = CARTESIAN_POINT('',(-0.108307612989,442.20943140105));
#6930 = CARTESIAN_POINT('',(-0.213635030429,440.65424674223));
#6931 = CARTESIAN_POINT('',(-0.316340083793,439.07957479658));
#6932 = CARTESIAN_POINT('',(-0.416646876063,437.51627841439));
#6933 = CARTESIAN_POINT('',(-0.51469813784,435.99655221081));
#6934 = CARTESIAN_POINT('',(-0.610559436991,434.55164511203));
#6935 = CARTESIAN_POINT('',(-0.704225752775,433.20902122409));
#6936 = CARTESIAN_POINT('',(-0.795602953485,431.99009876724));
#6937 = ( GEOMETRIC_REPRESENTATION_CONTEXT(2) 
PARAMETRIC_REPRESENTATION_CONTEXT() REPRESENTATION_CONTEXT('2D SPACE',''
  ) );
#6938 = ORIENTED_EDGE('',*,*,#6939,.F.);
#6939 = EDGE_CURVE('',#6940,#6894,#6942,.T.);
#6940 = VERTEX_POINT('',#6941);
#6941 = CARTESIAN_POINT('',(1.62E+03,-641.3627326965,265.));
#6942 = SURFACE_CURVE('',#6943,(#6948,#6955),.PCURVE_S1.);
#6943 = CIRCLE('',#6944,230.);
#6944 = AXIS2_PLACEMENT_3D('',#6945,#6946,#6947);
#6945 = CARTESIAN_POINT('',(1.62E+03,-870.,240.));
#6946 = DIRECTION('',(-1.,0.,0.));
#6947 = DIRECTION('',(0.,1.,0.));
#6948 = PCURVE('',#1275,#6949);
#6949 = DEFINITIONAL_REPRESENTATION('',(#6950),#6954);
#6950 = LINE('',#6951,#6952);
#6951 = CARTESIAN_POINT('',(-12.56637061435,-1.62E+03));
#6952 = VECTOR('',#6953,1.);
#6953 = DIRECTION('',(1.,-0.));
#6954 = ( GEOMETRIC_REPRESENTATION_CONTEXT(2) 
PARAMETRIC_REPRESENTATION_CONTEXT() REPRESENTATION_CONTEXT('2D SPACE',''
  ) );
#6955 = PCURVE('',#6956,#6961);
#6956 = PLANE('',#6957);
#6957 = AXIS2_PLACEMENT_3D('',#6958,#6959,#6960);
#6958 = CARTESIAN_POINT('',(1.62E+03,-1.1E+03,120.));
#6959 = DIRECTION('',(1.,0.,0.));
#6960 = DIRECTION('',(0.,0.,1.));
#6961 = DEFINITIONAL_REPRESENTATION('',(#6962),#6970);
#6962 = ( BOUNDED_CURVE() B_SPLINE_CURVE(2,(#6963,#6964,#6965,#6966,
#6967,#6968,#6969),.UNSPECIFIED.,.T.,.F.) B_SPLINE_CURVE_WITH_KNOTS((1,2
    ,2,2,2,1),(-2.094395102393,0.,2.094395102393,4.188790204786,
6.28318530718,8.377580409573),.UNSPECIFIED.) CURVE() 
GEOMETRIC_REPRESENTATION_ITEM() RATIONAL_B_SPLINE_CURVE((1.,0.5,1.,0.5,
1.,0.5,1.)) REPRESENTATION_ITEM('') );
#6963 = CARTESIAN_POINT('',(120.,-460.));
#6964 = CARTESIAN_POINT('',(-278.3716857408,-460.));
#6965 = CARTESIAN_POINT('',(-79.18584287042,-115.));
#6966 = CARTESIAN_POINT('',(120.,230.));
#6967 = CARTESIAN_POINT('',(319.18584287042,-115.));
#6968 = CARTESIAN_POINT('',(518.37168574084,-460.));
#6969 = CARTESIAN_POINT('',(120.,-460.));
#6970 = ( GEOMETRIC_REPRESENTATION_CONTEXT(2) 
PARAMETRIC_REPRESENTATION_CONTEXT() REPRESENTATION_CONTEXT('2D SPACE',''
  ) );
#6971 = ORIENTED_EDGE('',*,*,#6972,.T.);
#6972 = EDGE_CURVE('',#6940,#6973,#6975,.T.);
#6973 = VERTEX_POINT('',#6974);
#6974 = CARTESIAN_POINT('',(1.655E+03,-647.9639668882,300.));
#6975 = SURFACE_CURVE('',#6976,(#6993,#7013),.PCURVE_S1.);
#6976 = B_SPLINE_CURVE_WITH_KNOTS('',8,(#6977,#6978,#6979,#6980,#6981,
    #6982,#6983,#6984,#6985,#6986,#6987,#6988,#6989,#6990,#6991,#6992),
  .UNSPECIFIED.,.F.,.F.,(9,7,9),(0.,0.446175038707,1.),.UNSPECIFIED.);
#6977 = CARTESIAN_POINT('',(1.62E+03,-641.3627326965,265.));
#6978 = CARTESIAN_POINT('',(1.62E+03,-641.7789051797,268.80610157178));
#6979 = CARTESIAN_POINT('',(1.620473025862E+03,-642.257054363,
    272.50885599951));
#6980 = CARTESIAN_POINT('',(1.621374121649E+03,-642.7837795687,
    276.04452339845));
#6981 = CARTESIAN_POINT('',(1.622651485332E+03,-643.3402625463,
    279.36006929126));
#6982 = CARTESIAN_POINT('',(1.624246361221E+03,-643.9046116056,
    282.41284379987));
#6983 = CARTESIAN_POINT('',(1.626093354676E+03,-644.4549539426,
    285.17165511597));
#6984 = CARTESIAN_POINT('',(1.62812085181E+03,-644.9727652126,
    287.61832649335));
#6985 = CARTESIAN_POINT('',(1.632895683801E+03,-646.0305977766,
    292.39315848384));
#6986 = CARTESIAN_POINT('',(1.635764759209E+03,-646.5604770038,
    294.61638843792));
#6987 = CARTESIAN_POINT('',(1.638792528186E+03,-647.0179468322,
    296.43644733616));
#6988 = CARTESIAN_POINT('',(1.641932096314E+03,-647.3922583482,
    297.87175085152));
#6989 = CARTESIAN_POINT('',(1.645148164845E+03,-647.6769115131,
    298.93771750537));
#6990 = CARTESIAN_POINT('',(1.648413129145E+03,-647.8681236858,
    299.64532364034));
#6991 = CARTESIAN_POINT('',(1.651704254995E+03,-647.9639668882,300.));
#6992 = CARTESIAN_POINT('',(1.655E+03,-647.9639668882,300.));
#6993 = PCURVE('',#1275,#6994);
#6994 = DEFINITIONAL_REPRESENTATION('',(#6995),#7012);
#6995 = B_SPLINE_CURVE_WITH_KNOTS('',8,(#6996,#6997,#6998,#6999,#7000,
    #7001,#7002,#7003,#7004,#7005,#7006,#7007,#7008,#7009,#7010,#7011),
  .UNSPECIFIED.,.F.,.F.,(9,7,9),(0.,0.446175038707,1.),.UNSPECIFIED.);
#6996 = CARTESIAN_POINT('',(-6.3920961406,-1.62E+03));
#6997 = CARTESIAN_POINT('',(-6.40874303993,-1.62E+03));
#6998 = CARTESIAN_POINT('',(-6.424972555985,-1.620473025862E+03));
#6999 = CARTESIAN_POINT('',(-6.440509895071,-1.621374121649E+03));
#7000 = CARTESIAN_POINT('',(-6.455122503007,-1.622651485332E+03));
#7001 = CARTESIAN_POINT('',(-6.46861746612,-1.624246361221E+03));
#7002 = CARTESIAN_POINT('',(-6.480847204069,-1.626093354676E+03));
#7003 = CARTESIAN_POINT('',(-6.49172004705,-1.62812085181E+03));
#7004 = CARTESIAN_POINT('',(-6.512983552831,-1.632895683801E+03));
#7005 = CARTESIAN_POINT('',(-6.522919257569,-1.635764759209E+03));
#7006 = CARTESIAN_POINT('',(-6.531077935727,-1.638792528186E+03));
#7007 = CARTESIAN_POINT('',(-6.537526863352,-1.641932096314E+03));
#7008 = CARTESIAN_POINT('',(-6.542323875924,-1.645148164845E+03));
#7009 = CARTESIAN_POINT('',(-6.545510773262,-1.648413129145E+03));
#7010 = CARTESIAN_POINT('',(-6.547108155309,-1.651704254995E+03));
#7011 = CARTESIAN_POINT('',(-6.547108155309,-1.655E+03));
#7012 = ( GEOMETRIC_REPRESENTATION_CONTEXT(2) 
PARAMETRIC_REPRESENTATION_CONTEXT() REPRESENTATION_CONTEXT('2D SPACE',''
  ) );
#7013 = PCURVE('',#7014,#7019);
#7014 = CYLINDRICAL_SURFACE('',#7015,35.);
#7015 = AXIS2_PLACEMENT_3D('',#7016,#7017,#7018);
#7016 = CARTESIAN_POINT('',(1.655E+03,-1.1E+03,265.));
#7017 = DIRECTION('',(0.,1.,0.));
#7018 = DIRECTION('',(-1.,0.,0.));
#7019 = DEFINITIONAL_REPRESENTATION('',(#7020),#7037);
#7020 = B_SPLINE_CURVE_WITH_KNOTS('',8,(#7021,#7022,#7023,#7024,#7025,
    #7026,#7027,#7028,#7029,#7030,#7031,#7032,#7033,#7034,#7035,#7036),
  .UNSPECIFIED.,.F.,.F.,(9,7,9),(0.,0.446175038707,1.),.UNSPECIFIED.);
#7021 = CARTESIAN_POINT('',(0.,458.63726730347));
#7022 = CARTESIAN_POINT('',(0.108745759194,458.22109482023));
#7023 = CARTESIAN_POINT('',(0.214538772562,457.74294563693));
#7024 = CARTESIAN_POINT('',(0.317517265848,457.21622043124));
#7025 = CARTESIAN_POINT('',(0.417679534313,456.65973745368));
#7026 = CARTESIAN_POINT('',(0.514901541764,456.09538839437));
#7027 = CARTESIAN_POINT('',(0.608924686738,455.54504605733));
#7028 = CARTESIAN_POINT('',(0.699316565829,455.02723478735));
#7029 = CARTESIAN_POINT('',(0.892248913228,453.96940222331));
#7030 = CARTESIAN_POINT('',(0.995129073413,453.43952299611));
#7031 = CARTESIAN_POINT('',(1.094928555132,452.98205316774));
#7032 = CARTESIAN_POINT('',(1.19235274982,452.60774165178));
#7033 = CARTESIAN_POINT('',(1.288043320148,452.32308848689));
#7034 = CARTESIAN_POINT('',(1.382599954006,452.1318763141));
#7035 = CARTESIAN_POINT('',(1.476632183808,452.03603311174));
#7036 = CARTESIAN_POINT('',(1.570796326795,452.03603311174));
#7037 = ( GEOMETRIC_REPRESENTATION_CONTEXT(2) 
PARAMETRIC_REPRESENTATION_CONTEXT() REPRESENTATION_CONTEXT('2D SPACE',''
  ) );
#7038 = ORIENTED_EDGE('',*,*,#7039,.F.);
#7039 = EDGE_CURVE('',#7040,#6973,#7042,.T.);
#7040 = VERTEX_POINT('',#7041);
#7041 = CARTESIAN_POINT('',(1.745E+03,-647.9639668882,300.));
#7042 = SURFACE_CURVE('',#7043,(#7047,#7053),.PCURVE_S1.);
#7043 = LINE('',#7044,#7045);
#7044 = CARTESIAN_POINT('',(0.,-647.9639668882,300.));
#7045 = VECTOR('',#7046,1.);
#7046 = DIRECTION('',(-1.,-0.,-0.));
#7047 = PCURVE('',#1275,#7048);
#7048 = DEFINITIONAL_REPRESENTATION('',(#7049),#7052);
#7049 = B_SPLINE_CURVE_WITH_KNOTS('',1,(#7050,#7051),.UNSPECIFIED.,.F.,
  .F.,(2,2),(-1.754E+03,-1.646E+03),.PIECEWISE_BEZIER_KNOTS.);
#7050 = CARTESIAN_POINT('',(-6.547108155309,-1.754E+03));
#7051 = CARTESIAN_POINT('',(-6.547108155309,-1.646E+03));
#7052 = ( GEOMETRIC_REPRESENTATION_CONTEXT(2) 
PARAMETRIC_REPRESENTATION_CONTEXT() REPRESENTATION_CONTEXT('2D SPACE',''
  ) );
#7053 = PCURVE('',#7054,#7059);
#7054 = PLANE('',#7055);
#7055 = AXIS2_PLACEMENT_3D('',#7056,#7057,#7058);
#7056 = CARTESIAN_POINT('',(1.62E+03,-1.1E+03,300.));
#7057 = DIRECTION('',(0.,0.,1.));
#7058 = DIRECTION('',(1.,0.,0.));
#7059 = DEFINITIONAL_REPRESENTATION('',(#7060),#7063);
#7060 = B_SPLINE_CURVE_WITH_KNOTS('',1,(#7061,#7062),.UNSPECIFIED.,.F.,
  .F.,(2,2),(-1.754E+03,-1.646E+03),.PIECEWISE_BEZIER_KNOTS.);
#7061 = CARTESIAN_POINT('',(134.,452.03603311174));
#7062 = CARTESIAN_POINT('',(26.,452.03603311174));
#7063 = ( GEOMETRIC_REPRESENTATION_CONTEXT(2) 
PARAMETRIC_REPRESENTATION_CONTEXT() REPRESENTATION_CONTEXT('2D SPACE',''
  ) );
#7064 = ORIENTED_EDGE('',*,*,#7065,.F.);
#7065 = EDGE_CURVE('',#7066,#7040,#7068,.T.);
#7066 = VERTEX_POINT('',#7067);
#7067 = CARTESIAN_POINT('',(1.78E+03,-641.3627326965,265.));
#7068 = SURFACE_CURVE('',#7069,(#7086,#7106),.PCURVE_S1.);
#7069 = B_SPLINE_CURVE_WITH_KNOTS('',8,(#7070,#7071,#7072,#7073,#7074,
    #7075,#7076,#7077,#7078,#7079,#7080,#7081,#7082,#7083,#7084,#7085),
  .UNSPECIFIED.,.F.,.F.,(9,7,9),(0.,0.446175038707,1.),.UNSPECIFIED.);
#7070 = CARTESIAN_POINT('',(1.78E+03,-641.3627326965,265.));
#7071 = CARTESIAN_POINT('',(1.78E+03,-641.7789051797,268.80610157178));
#7072 = CARTESIAN_POINT('',(1.779526974138E+03,-642.257054363,
    272.50885599951));
#7073 = CARTESIAN_POINT('',(1.778625878351E+03,-642.7837795687,
    276.04452339847));
#7074 = CARTESIAN_POINT('',(1.777348514668E+03,-643.3402625463,
    279.36006929124));
#7075 = CARTESIAN_POINT('',(1.775753638779E+03,-643.9046116056,
    282.41284379989));
#7076 = CARTESIAN_POINT('',(1.773906645324E+03,-644.4549539426,
    285.17165511596));
#7077 = CARTESIAN_POINT('',(1.77187914819E+03,-644.9727652126,
    287.61832649335));
#7078 = CARTESIAN_POINT('',(1.767104316199E+03,-646.0305977766,
    292.39315848383));
#7079 = CARTESIAN_POINT('',(1.764235240791E+03,-646.5604770038,
    294.61638843794));
#7080 = CARTESIAN_POINT('',(1.761207471814E+03,-647.0179468322,
    296.43644733614));
#7081 = CARTESIAN_POINT('',(1.758067903686E+03,-647.3922583482,
    297.87175085153));
#7082 = CARTESIAN_POINT('',(1.754851835155E+03,-647.6769115131,
    298.93771750536));
#7083 = CARTESIAN_POINT('',(1.751586870855E+03,-647.8681236858,
    299.64532364034));
#7084 = CARTESIAN_POINT('',(1.748295745005E+03,-647.9639668882,300.));
#7085 = CARTESIAN_POINT('',(1.745E+03,-647.9639668882,300.));
#7086 = PCURVE('',#1275,#7087);
#7087 = DEFINITIONAL_REPRESENTATION('',(#7088),#7105);
#7088 = B_SPLINE_CURVE_WITH_KNOTS('',8,(#7089,#7090,#7091,#7092,#7093,
    #7094,#7095,#7096,#7097,#7098,#7099,#7100,#7101,#7102,#7103,#7104),
  .UNSPECIFIED.,.F.,.F.,(9,7,9),(0.,0.446175038707,1.),.UNSPECIFIED.);
#7089 = CARTESIAN_POINT('',(-6.3920961406,-1.78E+03));
#7090 = CARTESIAN_POINT('',(-6.40874303993,-1.78E+03));
#7091 = CARTESIAN_POINT('',(-6.424972555985,-1.779526974138E+03));
#7092 = CARTESIAN_POINT('',(-6.440509895071,-1.778625878351E+03));
#7093 = CARTESIAN_POINT('',(-6.455122503007,-1.777348514668E+03));
#7094 = CARTESIAN_POINT('',(-6.46861746612,-1.775753638779E+03));
#7095 = CARTESIAN_POINT('',(-6.480847204069,-1.773906645324E+03));
#7096 = CARTESIAN_POINT('',(-6.49172004705,-1.77187914819E+03));
#7097 = CARTESIAN_POINT('',(-6.512983552831,-1.767104316199E+03));
#7098 = CARTESIAN_POINT('',(-6.522919257569,-1.764235240791E+03));
#7099 = CARTESIAN_POINT('',(-6.531077935727,-1.761207471814E+03));
#7100 = CARTESIAN_POINT('',(-6.537526863352,-1.758067903686E+03));
#7101 = CARTESIAN_POINT('',(-6.542323875924,-1.754851835155E+03));
#7102 = CARTESIAN_POINT('',(-6.545510773262,-1.751586870855E+03));
#7103 = CARTESIAN_POINT('',(-6.547108155309,-1.748295745005E+03));
#7104 = CARTESIAN_POINT('',(-6.547108155309,-1.745E+03));
#7105 = ( GEOMETRIC_REPRESENTATION_CONTEXT(2) 
PARAMETRIC_REPRESENTATION_CONTEXT() REPRESENTATION_CONTEXT('2D SPACE',''
  ) );
#7106 = PCURVE('',#7107,#7112);
#7107 = CYLINDRICAL_SURFACE('',#7108,35.);
#7108 = AXIS2_PLACEMENT_3D('',#7109,#7110,#7111);
#7109 = CARTESIAN_POINT('',(1.745E+03,-1.1E+03,265.));
#7110 = DIRECTION('',(0.,1.,0.));
#7111 = DIRECTION('',(1.,0.,-0.));
#7112 = DEFINITIONAL_REPRESENTATION('',(#7113),#7130);
#7113 = B_SPLINE_CURVE_WITH_KNOTS('',8,(#7114,#7115,#7116,#7117,#7118,
    #7119,#7120,#7121,#7122,#7123,#7124,#7125,#7126,#7127,#7128,#7129),
  .UNSPECIFIED.,.F.,.F.,(9,7,9),(0.,0.446175038707,1.),.UNSPECIFIED.);
#7114 = CARTESIAN_POINT('',(0.,458.63726730347));
#7115 = CARTESIAN_POINT('',(-0.108745759194,458.22109482023));
#7116 = CARTESIAN_POINT('',(-0.214538772562,457.74294563693));
#7117 = CARTESIAN_POINT('',(-0.317517265848,457.21622043124));
#7118 = CARTESIAN_POINT('',(-0.417679534313,456.65973745369));
#7119 = CARTESIAN_POINT('',(-0.514901541765,456.09538839436));
#7120 = CARTESIAN_POINT('',(-0.608924686738,455.54504605733));
#7121 = CARTESIAN_POINT('',(-0.699316565829,455.02723478735));
#7122 = CARTESIAN_POINT('',(-0.892248913228,453.96940222331));
#7123 = CARTESIAN_POINT('',(-0.995129073414,453.4395229961));
#7124 = CARTESIAN_POINT('',(-1.094928555131,452.98205316774));
#7125 = CARTESIAN_POINT('',(-1.19235274982,452.60774165178));
#7126 = CARTESIAN_POINT('',(-1.288043320148,452.32308848689));
#7127 = CARTESIAN_POINT('',(-1.382599954006,452.1318763141));
#7128 = CARTESIAN_POINT('',(-1.476632183808,452.03603311174));
#7129 = CARTESIAN_POINT('',(-1.570796326795,452.03603311174));
#7130 = ( GEOMETRIC_REPRESENTATION_CONTEXT(2) 
PARAMETRIC_REPRESENTATION_CONTEXT() REPRESENTATION_CONTEXT('2D SPACE',''
  ) );
#7131 = ORIENTED_EDGE('',*,*,#7132,.T.);
#7132 = EDGE_CURVE('',#7066,#7133,#7135,.T.);
#7133 = VERTEX_POINT('',#7134);
#7134 = CARTESIAN_POINT('',(1.78E+03,-656.2828972683,155.));
#7135 = SURFACE_CURVE('',#7136,(#7141,#7148),.PCURVE_S1.);
#7136 = CIRCLE('',#7137,230.);
#7137 = AXIS2_PLACEMENT_3D('',#7138,#7139,#7140);
#7138 = CARTESIAN_POINT('',(1.78E+03,-870.,240.));
#7139 = DIRECTION('',(-1.,0.,0.));
#7140 = DIRECTION('',(0.,1.,0.));
#7141 = PCURVE('',#1275,#7142);
#7142 = DEFINITIONAL_REPRESENTATION('',(#7143),#7147);
#7143 = LINE('',#7144,#7145);
#7144 = CARTESIAN_POINT('',(-12.56637061435,-1.78E+03));
#7145 = VECTOR('',#7146,1.);
#7146 = DIRECTION('',(1.,-0.));
#7147 = ( GEOMETRIC_REPRESENTATION_CONTEXT(2) 
PARAMETRIC_REPRESENTATION_CONTEXT() REPRESENTATION_CONTEXT('2D SPACE',''
  ) );
#7148 = PCURVE('',#7149,#7154);
#7149 = PLANE('',#7150);
#7150 = AXIS2_PLACEMENT_3D('',#7151,#7152,#7153);
#7151 = CARTESIAN_POINT('',(1.78E+03,-1.1E+03,120.));
#7152 = DIRECTION('',(1.,0.,0.));
#7153 = DIRECTION('',(0.,0.,1.));
#7154 = DEFINITIONAL_REPRESENTATION('',(#7155),#7163);
#7155 = ( BOUNDED_CURVE() B_SPLINE_CURVE(2,(#7156,#7157,#7158,#7159,
#7160,#7161,#7162),.UNSPECIFIED.,.T.,.F.) B_SPLINE_CURVE_WITH_KNOTS((1,2
    ,2,2,2,1),(-2.094395102393,0.,2.094395102393,4.188790204786,
6.28318530718,8.377580409573),.UNSPECIFIED.) CURVE() 
GEOMETRIC_REPRESENTATION_ITEM() RATIONAL_B_SPLINE_CURVE((1.,0.5,1.,0.5,
1.,0.5,1.)) REPRESENTATION_ITEM('') );
#7156 = CARTESIAN_POINT('',(120.,-460.));
#7157 = CARTESIAN_POINT('',(-278.3716857408,-460.));
#7158 = CARTESIAN_POINT('',(-79.18584287042,-115.));
#7159 = CARTESIAN_POINT('',(120.,230.));
#7160 = CARTESIAN_POINT('',(319.18584287042,-115.));
#7161 = CARTESIAN_POINT('',(518.37168574084,-460.));
#7162 = CARTESIAN_POINT('',(120.,-460.));
#7163 = ( GEOMETRIC_REPRESENTATION_CONTEXT(2) 
PARAMETRIC_REPRESENTATION_CONTEXT() REPRESENTATION_CONTEXT('2D SPACE',''
  ) );
#7164 = ORIENTED_EDGE('',*,*,#7165,.T.);
#7165 = EDGE_CURVE('',#7133,#2445,#7166,.T.);
#7166 = SURFACE_CURVE('',#7167,(#7177,#7190),.PCURVE_S1.);
#7167 = B_SPLINE_CURVE_WITH_KNOTS('',8,(#7168,#7169,#7170,#7171,#7172,
    #7173,#7174,#7175,#7176),.UNSPECIFIED.,.F.,.F.,(9,9),(0.,1.),
  .PIECEWISE_BEZIER_KNOTS.);
#7168 = CARTESIAN_POINT('',(1.78E+03,-656.2828972683,155.));
#7169 = CARTESIAN_POINT('',(1.78E+03,-657.7905685989,151.20923354539));
#7170 = CARTESIAN_POINT('',(1.779530778921E+03,-659.3457532577,
    147.52277458549));
#7171 = CARTESIAN_POINT('',(1.778637521764E+03,-660.9204252034,
    143.99585382851));
#7172 = CARTESIAN_POINT('',(1.777366752858E+03,-662.4837215855,
    140.67275054861));
#7173 = CARTESIAN_POINT('',(1.775766723838E+03,-664.0034477891,
    137.58887103169));
#7174 = CARTESIAN_POINT('',(1.773887239169E+03,-665.4483548879,
    134.77118717057));
#7175 = CARTESIAN_POINT('',(1.771779327446E+03,-666.7909787759,
    132.23827515862));
#7176 = CARTESIAN_POINT('',(1.769494897428E+03,-668.0099012327,130.));
#7177 = PCURVE('',#1275,#7178);
#7178 = DEFINITIONAL_REPRESENTATION('',(#7179),#7189);
#7179 = B_SPLINE_CURVE_WITH_KNOTS('',8,(#7180,#7181,#7182,#7183,#7184,
    #7185,#7186,#7187,#7188),.UNSPECIFIED.,.F.,.F.,(9,9),(0.,1.),
  .PIECEWISE_BEZIER_KNOTS.);
#7180 = CARTESIAN_POINT('',(-5.904644238318,-1.78E+03));
#7181 = CARTESIAN_POINT('',(-5.886906928547,-1.78E+03));
#7182 = CARTESIAN_POINT('',(-5.86951467856,-1.779530778921E+03));
#7183 = CARTESIAN_POINT('',(-5.852727150505,-1.778637521764E+03));
#7184 = CARTESIAN_POINT('',(-5.836765710634,-1.777366752858E+03));
#7185 = CARTESIAN_POINT('',(-5.821821910162,-1.775766723838E+03));
#7186 = CARTESIAN_POINT('',(-5.80805643399,-1.773887239169E+03));
#7187 = CARTESIAN_POINT('',(-5.795593073362,-1.771779327446E+03));
#7188 = CARTESIAN_POINT('',(-5.784511960118,-1.769494897428E+03));
#7189 = ( GEOMETRIC_REPRESENTATION_CONTEXT(2) 
PARAMETRIC_REPRESENTATION_CONTEXT() REPRESENTATION_CONTEXT('2D SPACE',''
  ) );
#7190 = PCURVE('',#2459,#7191);
#7191 = DEFINITIONAL_REPRESENTATION('',(#7192),#7202);
#7192 = B_SPLINE_CURVE_WITH_KNOTS('',8,(#7193,#7194,#7195,#7196,#7197,
    #7198,#7199,#7200,#7201),.UNSPECIFIED.,.F.,.F.,(9,9),(0.,1.),
  .PIECEWISE_BEZIER_KNOTS.);
#7193 = CARTESIAN_POINT('',(0.,443.71710273162));
#7194 = CARTESIAN_POINT('',(0.108307612989,442.20943140105));
#7195 = CARTESIAN_POINT('',(0.213635030428,440.65424674224));
#7196 = CARTESIAN_POINT('',(0.316340083794,439.07957479657));
#7197 = CARTESIAN_POINT('',(0.416646876063,437.5162784144));
#7198 = CARTESIAN_POINT('',(0.51469813784,435.99655221081));
#7199 = CARTESIAN_POINT('',(0.61055943699,434.55164511204));
#7200 = CARTESIAN_POINT('',(0.704225752775,433.20902122409));
#7201 = CARTESIAN_POINT('',(0.795602953485,431.99009876724));
#7202 = ( GEOMETRIC_REPRESENTATION_CONTEXT(2) 
PARAMETRIC_REPRESENTATION_CONTEXT() REPRESENTATION_CONTEXT('2D SPACE',''
  ) );
#7203 = ADVANCED_FACE('',(#7204),#2459,.T.);
#7204 = FACE_BOUND('',#7205,.T.);
#7205 = EDGE_LOOP('',(#7206,#7229,#7230,#7231));
#7206 = ORIENTED_EDGE('',*,*,#7207,.F.);
#7207 = EDGE_CURVE('',#7133,#7208,#7210,.T.);
#7208 = VERTEX_POINT('',#7209);
#7209 = CARTESIAN_POINT('',(1.78E+03,-260.,155.));
#7210 = SURFACE_CURVE('',#7211,(#7215,#7222),.PCURVE_S1.);
#7211 = LINE('',#7212,#7213);
#7212 = CARTESIAN_POINT('',(1.78E+03,-1.1E+03,155.));
#7213 = VECTOR('',#7214,1.);
#7214 = DIRECTION('',(0.,1.,0.));
#7215 = PCURVE('',#2459,#7216);
#7216 = DEFINITIONAL_REPRESENTATION('',(#7217),#7221);
#7217 = LINE('',#7218,#7219);
#7218 = CARTESIAN_POINT('',(0.,0.));
#7219 = VECTOR('',#7220,1.);
#7220 = DIRECTION('',(0.,1.));
#7221 = ( GEOMETRIC_REPRESENTATION_CONTEXT(2) 
PARAMETRIC_REPRESENTATION_CONTEXT() REPRESENTATION_CONTEXT('2D SPACE',''
  ) );
#7222 = PCURVE('',#7149,#7223);
#7223 = DEFINITIONAL_REPRESENTATION('',(#7224),#7228);
#7224 = LINE('',#7225,#7226);
#7225 = CARTESIAN_POINT('',(35.,0.));
#7226 = VECTOR('',#7227,1.);
#7227 = DIRECTION('',(0.,-1.));
#7228 = ( GEOMETRIC_REPRESENTATION_CONTEXT(2) 
PARAMETRIC_REPRESENTATION_CONTEXT() REPRESENTATION_CONTEXT('2D SPACE',''
  ) );
#7229 = ORIENTED_EDGE('',*,*,#7165,.T.);
#7230 = ORIENTED_EDGE('',*,*,#2444,.T.);
#7231 = ORIENTED_EDGE('',*,*,#7232,.F.);
#7232 = EDGE_CURVE('',#7208,#2424,#7233,.T.);
#7233 = SURFACE_CURVE('',#7234,(#7239,#7246),.PCURVE_S1.);
#7234 = CIRCLE('',#7235,35.);
#7235 = AXIS2_PLACEMENT_3D('',#7236,#7237,#7238);
#7236 = CARTESIAN_POINT('',(1.745E+03,-260.,155.));
#7237 = DIRECTION('',(0.,1.,0.));
#7238 = DIRECTION('',(1.,0.,-0.));
#7239 = PCURVE('',#2459,#7240);
#7240 = DEFINITIONAL_REPRESENTATION('',(#7241),#7245);
#7241 = LINE('',#7242,#7243);
#7242 = CARTESIAN_POINT('',(0.,840.));
#7243 = VECTOR('',#7244,1.);
#7244 = DIRECTION('',(1.,0.));
#7245 = ( GEOMETRIC_REPRESENTATION_CONTEXT(2) 
PARAMETRIC_REPRESENTATION_CONTEXT() REPRESENTATION_CONTEXT('2D SPACE',''
  ) );
#7246 = PCURVE('',#1698,#7247);
#7247 = DEFINITIONAL_REPRESENTATION('',(#7248),#7252);
#7248 = CIRCLE('',#7249,35.);
#7249 = AXIS2_PLACEMENT_2D('',#7250,#7251);
#7250 = CARTESIAN_POINT('',(195.,3.745E+03));
#7251 = DIRECTION('',(0.,1.));
#7252 = ( GEOMETRIC_REPRESENTATION_CONTEXT(2) 
PARAMETRIC_REPRESENTATION_CONTEXT() REPRESENTATION_CONTEXT('2D SPACE',''
  ) );
#7253 = ADVANCED_FACE('',(#7254),#1698,.F.);
#7254 = FACE_BOUND('',#7255,.F.);
#7255 = EDGE_LOOP('',(#7256,#7279,#7280,#7281,#7302,#7326,#7347,#7371,
    #7392,#7416,#7437,#7461,#7482,#7506,#7527,#7551,#7572,#7596,#7617,
    #7641,#7662,#7686,#7707,#7731,#7752,#7774,#7775,#7798));
#7256 = ORIENTED_EDGE('',*,*,#7257,.F.);
#7257 = EDGE_CURVE('',#2395,#7258,#7260,.T.);
#7258 = VERTEX_POINT('',#7259);
#7259 = CARTESIAN_POINT('',(1.88E+03,-260.,360.));
#7260 = SURFACE_CURVE('',#7261,(#7265,#7272),.PCURVE_S1.);
#7261 = LINE('',#7262,#7263);
#7262 = CARTESIAN_POINT('',(1.88E+03,-260.,-40.));
#7263 = VECTOR('',#7264,1.);
#7264 = DIRECTION('',(0.,0.,1.));
#7265 = PCURVE('',#1698,#7266);
#7266 = DEFINITIONAL_REPRESENTATION('',(#7267),#7271);
#7267 = LINE('',#7268,#7269);
#7268 = CARTESIAN_POINT('',(0.,3.88E+03));
#7269 = VECTOR('',#7270,1.);
#7270 = DIRECTION('',(1.,0.));
#7271 = ( GEOMETRIC_REPRESENTATION_CONTEXT(2) 
PARAMETRIC_REPRESENTATION_CONTEXT() REPRESENTATION_CONTEXT('2D SPACE',''
  ) );
#7272 = PCURVE('',#2411,#7273);
#7273 = DEFINITIONAL_REPRESENTATION('',(#7274),#7278);
#7274 = LINE('',#7275,#7276);
#7275 = CARTESIAN_POINT('',(-1.570796326795,0.));
#7276 = VECTOR('',#7277,1.);
#7277 = DIRECTION('',(-0.,1.));
#7278 = ( GEOMETRIC_REPRESENTATION_CONTEXT(2) 
PARAMETRIC_REPRESENTATION_CONTEXT() REPRESENTATION_CONTEXT('2D SPACE',''
  ) );
#7279 = ORIENTED_EDGE('',*,*,#2423,.T.);
#7280 = ORIENTED_EDGE('',*,*,#7232,.F.);
#7281 = ORIENTED_EDGE('',*,*,#7282,.F.);
#7282 = EDGE_CURVE('',#7283,#7208,#7285,.T.);
#7283 = VERTEX_POINT('',#7284);
#7284 = CARTESIAN_POINT('',(1.78E+03,-260.,265.));
#7285 = SURFACE_CURVE('',#7286,(#7290,#7296),.PCURVE_S1.);
#7286 = LINE('',#7287,#7288);
#7287 = CARTESIAN_POINT('',(1.78E+03,-260.,40.));
#7288 = VECTOR('',#7289,1.);
#7289 = DIRECTION('',(0.,0.,-1.));
#7290 = PCURVE('',#1698,#7291);
#7291 = DEFINITIONAL_REPRESENTATION('',(#7292),#7295);
#7292 = B_SPLINE_CURVE_WITH_KNOTS('',1,(#7293,#7294),.UNSPECIFIED.,.F.,
  .F.,(2,2),(-225.,-115.),.PIECEWISE_BEZIER_KNOTS.);
#7293 = CARTESIAN_POINT('',(305.,3.78E+03));
#7294 = CARTESIAN_POINT('',(195.,3.78E+03));
#7295 = ( GEOMETRIC_REPRESENTATION_CONTEXT(2) 
PARAMETRIC_REPRESENTATION_CONTEXT() REPRESENTATION_CONTEXT('2D SPACE',''
  ) );
#7296 = PCURVE('',#7149,#7297);
#7297 = DEFINITIONAL_REPRESENTATION('',(#7298),#7301);
#7298 = B_SPLINE_CURVE_WITH_KNOTS('',1,(#7299,#7300),.UNSPECIFIED.,.F.,
  .F.,(2,2),(-225.,-115.),.PIECEWISE_BEZIER_KNOTS.);
#7299 = CARTESIAN_POINT('',(145.,-840.));
#7300 = CARTESIAN_POINT('',(35.,-840.));
#7301 = ( GEOMETRIC_REPRESENTATION_CONTEXT(2) 
PARAMETRIC_REPRESENTATION_CONTEXT() REPRESENTATION_CONTEXT('2D SPACE',''
  ) );
#7302 = ORIENTED_EDGE('',*,*,#7303,.F.);
#7303 = EDGE_CURVE('',#7304,#7283,#7306,.T.);
#7304 = VERTEX_POINT('',#7305);
#7305 = CARTESIAN_POINT('',(1.745E+03,-260.,300.));
#7306 = SURFACE_CURVE('',#7307,(#7312,#7319),.PCURVE_S1.);
#7307 = CIRCLE('',#7308,35.);
#7308 = AXIS2_PLACEMENT_3D('',#7309,#7310,#7311);
#7309 = CARTESIAN_POINT('',(1.745E+03,-260.,265.));
#7310 = DIRECTION('',(0.,1.,0.));
#7311 = DIRECTION('',(1.,0.,-0.));
#7312 = PCURVE('',#1698,#7313);
#7313 = DEFINITIONAL_REPRESENTATION('',(#7314),#7318);
#7314 = CIRCLE('',#7315,35.);
#7315 = AXIS2_PLACEMENT_2D('',#7316,#7317);
#7316 = CARTESIAN_POINT('',(305.,3.745E+03));
#7317 = DIRECTION('',(0.,1.));
#7318 = ( GEOMETRIC_REPRESENTATION_CONTEXT(2) 
PARAMETRIC_REPRESENTATION_CONTEXT() REPRESENTATION_CONTEXT('2D SPACE',''
  ) );
#7319 = PCURVE('',#7107,#7320);
#7320 = DEFINITIONAL_REPRESENTATION('',(#7321),#7325);
#7321 = LINE('',#7322,#7323);
#7322 = CARTESIAN_POINT('',(-6.28318530718,840.));
#7323 = VECTOR('',#7324,1.);
#7324 = DIRECTION('',(1.,-0.));
#7325 = ( GEOMETRIC_REPRESENTATION_CONTEXT(2) 
PARAMETRIC_REPRESENTATION_CONTEXT() REPRESENTATION_CONTEXT('2D SPACE',''
  ) );
#7326 = ORIENTED_EDGE('',*,*,#7327,.F.);
#7327 = EDGE_CURVE('',#7328,#7304,#7330,.T.);
#7328 = VERTEX_POINT('',#7329);
#7329 = CARTESIAN_POINT('',(1.655E+03,-260.,300.));
#7330 = SURFACE_CURVE('',#7331,(#7335,#7341),.PCURVE_S1.);
#7331 = LINE('',#7332,#7333);
#7332 = CARTESIAN_POINT('',(-190.,-260.,300.));
#7333 = VECTOR('',#7334,1.);
#7334 = DIRECTION('',(1.,0.,0.));
#7335 = PCURVE('',#1698,#7336);
#7336 = DEFINITIONAL_REPRESENTATION('',(#7337),#7340);
#7337 = B_SPLINE_CURVE_WITH_KNOTS('',1,(#7338,#7339),.UNSPECIFIED.,.F.,
  .F.,(2,2),(1.845E+03,1.935E+03),.PIECEWISE_BEZIER_KNOTS.);
#7338 = CARTESIAN_POINT('',(340.,3.655E+03));
#7339 = CARTESIAN_POINT('',(340.,3.745E+03));
#7340 = ( GEOMETRIC_REPRESENTATION_CONTEXT(2) 
PARAMETRIC_REPRESENTATION_CONTEXT() REPRESENTATION_CONTEXT('2D SPACE',''
  ) );
#7341 = PCURVE('',#7054,#7342);
#7342 = DEFINITIONAL_REPRESENTATION('',(#7343),#7346);
#7343 = B_SPLINE_CURVE_WITH_KNOTS('',1,(#7344,#7345),.UNSPECIFIED.,.F.,
  .F.,(2,2),(1.845E+03,1.935E+03),.PIECEWISE_BEZIER_KNOTS.);
#7344 = CARTESIAN_POINT('',(35.,840.));
#7345 = CARTESIAN_POINT('',(125.,840.));
#7346 = ( GEOMETRIC_REPRESENTATION_CONTEXT(2) 
PARAMETRIC_REPRESENTATION_CONTEXT() REPRESENTATION_CONTEXT('2D SPACE',''
  ) );
#7347 = ORIENTED_EDGE('',*,*,#7348,.F.);
#7348 = EDGE_CURVE('',#7349,#7328,#7351,.T.);
#7349 = VERTEX_POINT('',#7350);
#7350 = CARTESIAN_POINT('',(1.62E+03,-260.,265.));
#7351 = SURFACE_CURVE('',#7352,(#7357,#7364),.PCURVE_S1.);
#7352 = CIRCLE('',#7353,35.);
#7353 = AXIS2_PLACEMENT_3D('',#7354,#7355,#7356);
#7354 = CARTESIAN_POINT('',(1.655E+03,-260.,265.));
#7355 = DIRECTION('',(0.,1.,0.));
#7356 = DIRECTION('',(-1.,0.,0.));
#7357 = PCURVE('',#1698,#7358);
#7358 = DEFINITIONAL_REPRESENTATION('',(#7359),#7363);
#7359 = CIRCLE('',#7360,35.);
#7360 = AXIS2_PLACEMENT_2D('',#7361,#7362);
#7361 = CARTESIAN_POINT('',(305.,3.655E+03));
#7362 = DIRECTION('',(0.,-1.));
#7363 = ( GEOMETRIC_REPRESENTATION_CONTEXT(2) 
PARAMETRIC_REPRESENTATION_CONTEXT() REPRESENTATION_CONTEXT('2D SPACE',''
  ) );
#7364 = PCURVE('',#7014,#7365);
#7365 = DEFINITIONAL_REPRESENTATION('',(#7366),#7370);
#7366 = LINE('',#7367,#7368);
#7367 = CARTESIAN_POINT('',(0.,840.));
#7368 = VECTOR('',#7369,1.);
#7369 = DIRECTION('',(1.,0.));
#7370 = ( GEOMETRIC_REPRESENTATION_CONTEXT(2) 
PARAMETRIC_REPRESENTATION_CONTEXT() REPRESENTATION_CONTEXT('2D SPACE',''
  ) );
#7371 = ORIENTED_EDGE('',*,*,#7372,.T.);
#7372 = EDGE_CURVE('',#7349,#7373,#7375,.T.);
#7373 = VERTEX_POINT('',#7374);
#7374 = CARTESIAN_POINT('',(1.62E+03,-260.,155.));
#7375 = SURFACE_CURVE('',#7376,(#7380,#7386),.PCURVE_S1.);
#7376 = LINE('',#7377,#7378);
#7377 = CARTESIAN_POINT('',(1.62E+03,-260.,40.));
#7378 = VECTOR('',#7379,1.);
#7379 = DIRECTION('',(0.,0.,-1.));
#7380 = PCURVE('',#1698,#7381);
#7381 = DEFINITIONAL_REPRESENTATION('',(#7382),#7385);
#7382 = B_SPLINE_CURVE_WITH_KNOTS('',1,(#7383,#7384),.UNSPECIFIED.,.F.,
  .F.,(2,2),(-225.,-115.),.PIECEWISE_BEZIER_KNOTS.);
#7383 = CARTESIAN_POINT('',(305.,3.62E+03));
#7384 = CARTESIAN_POINT('',(195.,3.62E+03));
#7385 = ( GEOMETRIC_REPRESENTATION_CONTEXT(2) 
PARAMETRIC_REPRESENTATION_CONTEXT() REPRESENTATION_CONTEXT('2D SPACE',''
  ) );
#7386 = PCURVE('',#6956,#7387);
#7387 = DEFINITIONAL_REPRESENTATION('',(#7388),#7391);
#7388 = B_SPLINE_CURVE_WITH_KNOTS('',1,(#7389,#7390),.UNSPECIFIED.,.F.,
  .F.,(2,2),(-225.,-115.),.PIECEWISE_BEZIER_KNOTS.);
#7389 = CARTESIAN_POINT('',(145.,-840.));
#7390 = CARTESIAN_POINT('',(35.,-840.));
#7391 = ( GEOMETRIC_REPRESENTATION_CONTEXT(2) 
PARAMETRIC_REPRESENTATION_CONTEXT() REPRESENTATION_CONTEXT('2D SPACE',''
  ) );
#7392 = ORIENTED_EDGE('',*,*,#7393,.F.);
#7393 = EDGE_CURVE('',#7394,#7373,#7396,.T.);
#7394 = VERTEX_POINT('',#7395);
#7395 = CARTESIAN_POINT('',(1.630505102572E+03,-260.,130.));
#7396 = SURFACE_CURVE('',#7397,(#7402,#7409),.PCURVE_S1.);
#7397 = CIRCLE('',#7398,35.);
#7398 = AXIS2_PLACEMENT_3D('',#7399,#7400,#7401);
#7399 = CARTESIAN_POINT('',(1.655E+03,-260.,155.));
#7400 = DIRECTION('',(0.,1.,0.));
#7401 = DIRECTION('',(-1.,0.,0.));
#7402 = PCURVE('',#1698,#7403);
#7403 = DEFINITIONAL_REPRESENTATION('',(#7404),#7408);
#7404 = CIRCLE('',#7405,35.);
#7405 = AXIS2_PLACEMENT_2D('',#7406,#7407);
#7406 = CARTESIAN_POINT('',(195.,3.655E+03));
#7407 = DIRECTION('',(0.,-1.));
#7408 = ( GEOMETRIC_REPRESENTATION_CONTEXT(2) 
PARAMETRIC_REPRESENTATION_CONTEXT() REPRESENTATION_CONTEXT('2D SPACE',''
  ) );
#7409 = PCURVE('',#6921,#7410);
#7410 = DEFINITIONAL_REPRESENTATION('',(#7411),#7415);
#7411 = LINE('',#7412,#7413);
#7412 = CARTESIAN_POINT('',(-6.28318530718,840.));
#7413 = VECTOR('',#7414,1.);
#7414 = DIRECTION('',(1.,-0.));
#7415 = ( GEOMETRIC_REPRESENTATION_CONTEXT(2) 
PARAMETRIC_REPRESENTATION_CONTEXT() REPRESENTATION_CONTEXT('2D SPACE',''
  ) );
#7416 = ORIENTED_EDGE('',*,*,#7417,.T.);
#7417 = EDGE_CURVE('',#7394,#7418,#7420,.T.);
#7418 = VERTEX_POINT('',#7419);
#7419 = CARTESIAN_POINT('',(69.494897427832,-260.,130.));
#7420 = SURFACE_CURVE('',#7421,(#7425,#7431),.PCURVE_S1.);
#7421 = LINE('',#7422,#7423);
#7422 = CARTESIAN_POINT('',(-2.3E+03,-260.,130.));
#7423 = VECTOR('',#7424,1.);
#7424 = DIRECTION('',(-1.,0.,0.));
#7425 = PCURVE('',#1698,#7426);
#7426 = DEFINITIONAL_REPRESENTATION('',(#7427),#7430);
#7427 = B_SPLINE_CURVE_WITH_KNOTS('',1,(#7428,#7429),.UNSPECIFIED.,.F.,
  .F.,(2,2),(-4.18E+03,-420.),.PIECEWISE_BEZIER_KNOTS.);
#7428 = CARTESIAN_POINT('',(170.,3.88E+03));
#7429 = CARTESIAN_POINT('',(170.,120.));
#7430 = ( GEOMETRIC_REPRESENTATION_CONTEXT(2) 
PARAMETRIC_REPRESENTATION_CONTEXT() REPRESENTATION_CONTEXT('2D SPACE',''
  ) );
#7431 = PCURVE('',#6881,#7432);
#7432 = DEFINITIONAL_REPRESENTATION('',(#7433),#7436);
#7433 = B_SPLINE_CURVE_WITH_KNOTS('',1,(#7434,#7435),.UNSPECIFIED.,.F.,
  .F.,(2,2),(-4.18E+03,-420.),.PIECEWISE_BEZIER_KNOTS.);
#7434 = CARTESIAN_POINT('',(4.48E+03,1.04E+03));
#7435 = CARTESIAN_POINT('',(720.,1.04E+03));
#7436 = ( GEOMETRIC_REPRESENTATION_CONTEXT(2) 
PARAMETRIC_REPRESENTATION_CONTEXT() REPRESENTATION_CONTEXT('2D SPACE',''
  ) );
#7437 = ORIENTED_EDGE('',*,*,#7438,.F.);
#7438 = EDGE_CURVE('',#7439,#7418,#7441,.T.);
#7439 = VERTEX_POINT('',#7440);
#7440 = CARTESIAN_POINT('',(80.,-260.,155.));
#7441 = SURFACE_CURVE('',#7442,(#7447,#7454),.PCURVE_S1.);
#7442 = CIRCLE('',#7443,35.);
#7443 = AXIS2_PLACEMENT_3D('',#7444,#7445,#7446);
#7444 = CARTESIAN_POINT('',(45.,-260.,155.));
#7445 = DIRECTION('',(0.,1.,0.));
#7446 = DIRECTION('',(1.,0.,-0.));
#7447 = PCURVE('',#1698,#7448);
#7448 = DEFINITIONAL_REPRESENTATION('',(#7449),#7453);
#7449 = CIRCLE('',#7450,35.);
#7450 = AXIS2_PLACEMENT_2D('',#7451,#7452);
#7451 = CARTESIAN_POINT('',(195.,2.045E+03));
#7452 = DIRECTION('',(0.,1.));
#7453 = ( GEOMETRIC_REPRESENTATION_CONTEXT(2) 
PARAMETRIC_REPRESENTATION_CONTEXT() REPRESENTATION_CONTEXT('2D SPACE',''
  ) );
#7454 = PCURVE('',#6847,#7455);
#7455 = DEFINITIONAL_REPRESENTATION('',(#7456),#7460);
#7456 = LINE('',#7457,#7458);
#7457 = CARTESIAN_POINT('',(0.,840.));
#7458 = VECTOR('',#7459,1.);
#7459 = DIRECTION('',(1.,0.));
#7460 = ( GEOMETRIC_REPRESENTATION_CONTEXT(2) 
PARAMETRIC_REPRESENTATION_CONTEXT() REPRESENTATION_CONTEXT('2D SPACE',''
  ) );
#7461 = ORIENTED_EDGE('',*,*,#7462,.F.);
#7462 = EDGE_CURVE('',#7463,#7439,#7465,.T.);
#7463 = VERTEX_POINT('',#7464);
#7464 = CARTESIAN_POINT('',(80.,-260.,265.));
#7465 = SURFACE_CURVE('',#7466,(#7470,#7476),.PCURVE_S1.);
#7466 = LINE('',#7467,#7468);
#7467 = CARTESIAN_POINT('',(80.,-260.,40.));
#7468 = VECTOR('',#7469,1.);
#7469 = DIRECTION('',(0.,0.,-1.));
#7470 = PCURVE('',#1698,#7471);
#7471 = DEFINITIONAL_REPRESENTATION('',(#7472),#7475);
#7472 = B_SPLINE_CURVE_WITH_KNOTS('',1,(#7473,#7474),.UNSPECIFIED.,.F.,
  .F.,(2,2),(-225.,-115.),.PIECEWISE_BEZIER_KNOTS.);
#7473 = CARTESIAN_POINT('',(305.,2.08E+03));
#7474 = CARTESIAN_POINT('',(195.,2.08E+03));
#7475 = ( GEOMETRIC_REPRESENTATION_CONTEXT(2) 
PARAMETRIC_REPRESENTATION_CONTEXT() REPRESENTATION_CONTEXT('2D SPACE',''
  ) );
#7476 = PCURVE('',#6803,#7477);
#7477 = DEFINITIONAL_REPRESENTATION('',(#7478),#7481);
#7478 = B_SPLINE_CURVE_WITH_KNOTS('',1,(#7479,#7480),.UNSPECIFIED.,.F.,
  .F.,(2,2),(-225.,-115.),.PIECEWISE_BEZIER_KNOTS.);
#7479 = CARTESIAN_POINT('',(145.,-840.));
#7480 = CARTESIAN_POINT('',(35.,-840.));
#7481 = ( GEOMETRIC_REPRESENTATION_CONTEXT(2) 
PARAMETRIC_REPRESENTATION_CONTEXT() REPRESENTATION_CONTEXT('2D SPACE',''
  ) );
#7482 = ORIENTED_EDGE('',*,*,#7483,.F.);
#7483 = EDGE_CURVE('',#7484,#7463,#7486,.T.);
#7484 = VERTEX_POINT('',#7485);
#7485 = CARTESIAN_POINT('',(45.,-260.,300.));
#7486 = SURFACE_CURVE('',#7487,(#7492,#7499),.PCURVE_S1.);
#7487 = CIRCLE('',#7488,35.);
#7488 = AXIS2_PLACEMENT_3D('',#7489,#7490,#7491);
#7489 = CARTESIAN_POINT('',(45.,-260.,265.));
#7490 = DIRECTION('',(0.,1.,0.));
#7491 = DIRECTION('',(1.,0.,-0.));
#7492 = PCURVE('',#1698,#7493);
#7493 = DEFINITIONAL_REPRESENTATION('',(#7494),#7498);
#7494 = CIRCLE('',#7495,35.);
#7495 = AXIS2_PLACEMENT_2D('',#7496,#7497);
#7496 = CARTESIAN_POINT('',(305.,2.045E+03));
#7497 = DIRECTION('',(0.,1.));
#7498 = ( GEOMETRIC_REPRESENTATION_CONTEXT(2) 
PARAMETRIC_REPRESENTATION_CONTEXT() REPRESENTATION_CONTEXT('2D SPACE',''
  ) );
#7499 = PCURVE('',#6761,#7500);
#7500 = DEFINITIONAL_REPRESENTATION('',(#7501),#7505);
#7501 = LINE('',#7502,#7503);
#7502 = CARTESIAN_POINT('',(-6.28318530718,840.));
#7503 = VECTOR('',#7504,1.);
#7504 = DIRECTION('',(1.,-0.));
#7505 = ( GEOMETRIC_REPRESENTATION_CONTEXT(2) 
PARAMETRIC_REPRESENTATION_CONTEXT() REPRESENTATION_CONTEXT('2D SPACE',''
  ) );
#7506 = ORIENTED_EDGE('',*,*,#7507,.F.);
#7507 = EDGE_CURVE('',#7508,#7484,#7510,.T.);
#7508 = VERTEX_POINT('',#7509);
#7509 = CARTESIAN_POINT('',(-45.,-260.,300.));
#7510 = SURFACE_CURVE('',#7511,(#7515,#7521),.PCURVE_S1.);
#7511 = LINE('',#7512,#7513);
#7512 = CARTESIAN_POINT('',(-1.04E+03,-260.,300.));
#7513 = VECTOR('',#7514,1.);
#7514 = DIRECTION('',(1.,0.,0.));
#7515 = PCURVE('',#1698,#7516);
#7516 = DEFINITIONAL_REPRESENTATION('',(#7517),#7520);
#7517 = B_SPLINE_CURVE_WITH_KNOTS('',1,(#7518,#7519),.UNSPECIFIED.,.F.,
  .F.,(2,2),(995.,1.085E+03),.PIECEWISE_BEZIER_KNOTS.);
#7518 = CARTESIAN_POINT('',(340.,1.955E+03));
#7519 = CARTESIAN_POINT('',(340.,2.045E+03));
#7520 = ( GEOMETRIC_REPRESENTATION_CONTEXT(2) 
PARAMETRIC_REPRESENTATION_CONTEXT() REPRESENTATION_CONTEXT('2D SPACE',''
  ) );
#7521 = PCURVE('',#6708,#7522);
#7522 = DEFINITIONAL_REPRESENTATION('',(#7523),#7526);
#7523 = B_SPLINE_CURVE_WITH_KNOTS('',1,(#7524,#7525),.UNSPECIFIED.,.F.,
  .F.,(2,2),(995.,1.085E+03),.PIECEWISE_BEZIER_KNOTS.);
#7524 = CARTESIAN_POINT('',(35.,840.));
#7525 = CARTESIAN_POINT('',(125.,840.));
#7526 = ( GEOMETRIC_REPRESENTATION_CONTEXT(2) 
PARAMETRIC_REPRESENTATION_CONTEXT() REPRESENTATION_CONTEXT('2D SPACE',''
  ) );
#7527 = ORIENTED_EDGE('',*,*,#7528,.F.);
#7528 = EDGE_CURVE('',#7529,#7508,#7531,.T.);
#7529 = VERTEX_POINT('',#7530);
#7530 = CARTESIAN_POINT('',(-80.,-260.,265.));
#7531 = SURFACE_CURVE('',#7532,(#7537,#7544),.PCURVE_S1.);
#7532 = CIRCLE('',#7533,35.);
#7533 = AXIS2_PLACEMENT_3D('',#7534,#7535,#7536);
#7534 = CARTESIAN_POINT('',(-45.,-260.,265.));
#7535 = DIRECTION('',(0.,1.,0.));
#7536 = DIRECTION('',(-1.,0.,0.));
#7537 = PCURVE('',#1698,#7538);
#7538 = DEFINITIONAL_REPRESENTATION('',(#7539),#7543);
#7539 = CIRCLE('',#7540,35.);
#7540 = AXIS2_PLACEMENT_2D('',#7541,#7542);
#7541 = CARTESIAN_POINT('',(305.,1.955E+03));
#7542 = DIRECTION('',(0.,-1.));
#7543 = ( GEOMETRIC_REPRESENTATION_CONTEXT(2) 
PARAMETRIC_REPRESENTATION_CONTEXT() REPRESENTATION_CONTEXT('2D SPACE',''
  ) );
#7544 = PCURVE('',#6668,#7545);
#7545 = DEFINITIONAL_REPRESENTATION('',(#7546),#7550);
#7546 = LINE('',#7547,#7548);
#7547 = CARTESIAN_POINT('',(0.,840.));
#7548 = VECTOR('',#7549,1.);
#7549 = DIRECTION('',(1.,0.));
#7550 = ( GEOMETRIC_REPRESENTATION_CONTEXT(2) 
PARAMETRIC_REPRESENTATION_CONTEXT() REPRESENTATION_CONTEXT('2D SPACE',''
  ) );
#7551 = ORIENTED_EDGE('',*,*,#7552,.T.);
#7552 = EDGE_CURVE('',#7529,#7553,#7555,.T.);
#7553 = VERTEX_POINT('',#7554);
#7554 = CARTESIAN_POINT('',(-80.,-260.,155.));
#7555 = SURFACE_CURVE('',#7556,(#7560,#7566),.PCURVE_S1.);
#7556 = LINE('',#7557,#7558);
#7557 = CARTESIAN_POINT('',(-80.,-260.,40.));
#7558 = VECTOR('',#7559,1.);
#7559 = DIRECTION('',(0.,0.,-1.));
#7560 = PCURVE('',#1698,#7561);
#7561 = DEFINITIONAL_REPRESENTATION('',(#7562),#7565);
#7562 = B_SPLINE_CURVE_WITH_KNOTS('',1,(#7563,#7564),.UNSPECIFIED.,.F.,
  .F.,(2,2),(-225.,-115.),.PIECEWISE_BEZIER_KNOTS.);
#7563 = CARTESIAN_POINT('',(305.,1.92E+03));
#7564 = CARTESIAN_POINT('',(195.,1.92E+03));
#7565 = ( GEOMETRIC_REPRESENTATION_CONTEXT(2) 
PARAMETRIC_REPRESENTATION_CONTEXT() REPRESENTATION_CONTEXT('2D SPACE',''
  ) );
#7566 = PCURVE('',#6610,#7567);
#7567 = DEFINITIONAL_REPRESENTATION('',(#7568),#7571);
#7568 = B_SPLINE_CURVE_WITH_KNOTS('',1,(#7569,#7570),.UNSPECIFIED.,.F.,
  .F.,(2,2),(-225.,-115.),.PIECEWISE_BEZIER_KNOTS.);
#7569 = CARTESIAN_POINT('',(145.,-840.));
#7570 = CARTESIAN_POINT('',(35.,-840.));
#7571 = ( GEOMETRIC_REPRESENTATION_CONTEXT(2) 
PARAMETRIC_REPRESENTATION_CONTEXT() REPRESENTATION_CONTEXT('2D SPACE',''
  ) );
#7572 = ORIENTED_EDGE('',*,*,#7573,.F.);
#7573 = EDGE_CURVE('',#7574,#7553,#7576,.T.);
#7574 = VERTEX_POINT('',#7575);
#7575 = CARTESIAN_POINT('',(-69.49489742783,-260.,130.));
#7576 = SURFACE_CURVE('',#7577,(#7582,#7589),.PCURVE_S1.);
#7577 = CIRCLE('',#7578,35.);
#7578 = AXIS2_PLACEMENT_3D('',#7579,#7580,#7581);
#7579 = CARTESIAN_POINT('',(-45.,-260.,155.));
#7580 = DIRECTION('',(0.,1.,0.));
#7581 = DIRECTION('',(-1.,0.,0.));
#7582 = PCURVE('',#1698,#7583);
#7583 = DEFINITIONAL_REPRESENTATION('',(#7584),#7588);
#7584 = CIRCLE('',#7585,35.);
#7585 = AXIS2_PLACEMENT_2D('',#7586,#7587);
#7586 = CARTESIAN_POINT('',(195.,1.955E+03));
#7587 = DIRECTION('',(0.,-1.));
#7588 = ( GEOMETRIC_REPRESENTATION_CONTEXT(2) 
PARAMETRIC_REPRESENTATION_CONTEXT() REPRESENTATION_CONTEXT('2D SPACE',''
  ) );
#7589 = PCURVE('',#6575,#7590);
#7590 = DEFINITIONAL_REPRESENTATION('',(#7591),#7595);
#7591 = LINE('',#7592,#7593);
#7592 = CARTESIAN_POINT('',(-6.28318530718,840.));
#7593 = VECTOR('',#7594,1.);
#7594 = DIRECTION('',(1.,-0.));
#7595 = ( GEOMETRIC_REPRESENTATION_CONTEXT(2) 
PARAMETRIC_REPRESENTATION_CONTEXT() REPRESENTATION_CONTEXT('2D SPACE',''
  ) );
#7596 = ORIENTED_EDGE('',*,*,#7597,.T.);
#7597 = EDGE_CURVE('',#7574,#7598,#7600,.T.);
#7598 = VERTEX_POINT('',#7599);
#7599 = CARTESIAN_POINT('',(-1.630505102572E+03,-260.,130.));
#7600 = SURFACE_CURVE('',#7601,(#7605,#7611),.PCURVE_S1.);
#7601 = LINE('',#7602,#7603);
#7602 = CARTESIAN_POINT('',(-2.3E+03,-260.,130.));
#7603 = VECTOR('',#7604,1.);
#7604 = DIRECTION('',(-1.,0.,0.));
#7605 = PCURVE('',#1698,#7606);
#7606 = DEFINITIONAL_REPRESENTATION('',(#7607),#7610);
#7607 = B_SPLINE_CURVE_WITH_KNOTS('',1,(#7608,#7609),.UNSPECIFIED.,.F.,
  .F.,(2,2),(-4.18E+03,-420.),.PIECEWISE_BEZIER_KNOTS.);
#7608 = CARTESIAN_POINT('',(170.,3.88E+03));
#7609 = CARTESIAN_POINT('',(170.,120.));
#7610 = ( GEOMETRIC_REPRESENTATION_CONTEXT(2) 
PARAMETRIC_REPRESENTATION_CONTEXT() REPRESENTATION_CONTEXT('2D SPACE',''
  ) );
#7611 = PCURVE('',#6535,#7612);
#7612 = DEFINITIONAL_REPRESENTATION('',(#7613),#7616);
#7613 = B_SPLINE_CURVE_WITH_KNOTS('',1,(#7614,#7615),.UNSPECIFIED.,.F.,
  .F.,(2,2),(-4.18E+03,-420.),.PIECEWISE_BEZIER_KNOTS.);
#7614 = CARTESIAN_POINT('',(4.48E+03,1.04E+03));
#7615 = CARTESIAN_POINT('',(720.,1.04E+03));
#7616 = ( GEOMETRIC_REPRESENTATION_CONTEXT(2) 
PARAMETRIC_REPRESENTATION_CONTEXT() REPRESENTATION_CONTEXT('2D SPACE',''
  ) );
#7617 = ORIENTED_EDGE('',*,*,#7618,.F.);
#7618 = EDGE_CURVE('',#7619,#7598,#7621,.T.);
#7619 = VERTEX_POINT('',#7620);
#7620 = CARTESIAN_POINT('',(-1.62E+03,-260.,155.));
#7621 = SURFACE_CURVE('',#7622,(#7627,#7634),.PCURVE_S1.);
#7622 = CIRCLE('',#7623,35.);
#7623 = AXIS2_PLACEMENT_3D('',#7624,#7625,#7626);
#7624 = CARTESIAN_POINT('',(-1.655E+03,-260.,155.));
#7625 = DIRECTION('',(0.,1.,0.));
#7626 = DIRECTION('',(1.,0.,-0.));
#7627 = PCURVE('',#1698,#7628);
#7628 = DEFINITIONAL_REPRESENTATION('',(#7629),#7633);
#7629 = CIRCLE('',#7630,35.);
#7630 = AXIS2_PLACEMENT_2D('',#7631,#7632);
#7631 = CARTESIAN_POINT('',(195.,345.));
#7632 = DIRECTION('',(0.,1.));
#7633 = ( GEOMETRIC_REPRESENTATION_CONTEXT(2) 
PARAMETRIC_REPRESENTATION_CONTEXT() REPRESENTATION_CONTEXT('2D SPACE',''
  ) );
#7634 = PCURVE('',#6501,#7635);
#7635 = DEFINITIONAL_REPRESENTATION('',(#7636),#7640);
#7636 = LINE('',#7637,#7638);
#7637 = CARTESIAN_POINT('',(0.,840.));
#7638 = VECTOR('',#7639,1.);
#7639 = DIRECTION('',(1.,0.));
#7640 = ( GEOMETRIC_REPRESENTATION_CONTEXT(2) 
PARAMETRIC_REPRESENTATION_CONTEXT() REPRESENTATION_CONTEXT('2D SPACE',''
  ) );
#7641 = ORIENTED_EDGE('',*,*,#7642,.F.);
#7642 = EDGE_CURVE('',#7643,#7619,#7645,.T.);
#7643 = VERTEX_POINT('',#7644);
#7644 = CARTESIAN_POINT('',(-1.62E+03,-260.,265.));
#7645 = SURFACE_CURVE('',#7646,(#7650,#7656),.PCURVE_S1.);
#7646 = LINE('',#7647,#7648);
#7647 = CARTESIAN_POINT('',(-1.62E+03,-260.,40.));
#7648 = VECTOR('',#7649,1.);
#7649 = DIRECTION('',(0.,0.,-1.));
#7650 = PCURVE('',#1698,#7651);
#7651 = DEFINITIONAL_REPRESENTATION('',(#7652),#7655);
#7652 = B_SPLINE_CURVE_WITH_KNOTS('',1,(#7653,#7654),.UNSPECIFIED.,.F.,
  .F.,(2,2),(-225.,-115.),.PIECEWISE_BEZIER_KNOTS.);
#7653 = CARTESIAN_POINT('',(305.,380.));
#7654 = CARTESIAN_POINT('',(195.,380.));
#7655 = ( GEOMETRIC_REPRESENTATION_CONTEXT(2) 
PARAMETRIC_REPRESENTATION_CONTEXT() REPRESENTATION_CONTEXT('2D SPACE',''
  ) );
#7656 = PCURVE('',#6457,#7657);
#7657 = DEFINITIONAL_REPRESENTATION('',(#7658),#7661);
#7658 = B_SPLINE_CURVE_WITH_KNOTS('',1,(#7659,#7660),.UNSPECIFIED.,.F.,
  .F.,(2,2),(-225.,-115.),.PIECEWISE_BEZIER_KNOTS.);
#7659 = CARTESIAN_POINT('',(145.,-840.));
#7660 = CARTESIAN_POINT('',(35.,-840.));
#7661 = ( GEOMETRIC_REPRESENTATION_CONTEXT(2) 
PARAMETRIC_REPRESENTATION_CONTEXT() REPRESENTATION_CONTEXT('2D SPACE',''
  ) );
#7662 = ORIENTED_EDGE('',*,*,#7663,.F.);
#7663 = EDGE_CURVE('',#7664,#7643,#7666,.T.);
#7664 = VERTEX_POINT('',#7665);
#7665 = CARTESIAN_POINT('',(-1.655E+03,-260.,300.));
#7666 = SURFACE_CURVE('',#7667,(#7672,#7679),.PCURVE_S1.);
#7667 = CIRCLE('',#7668,35.);
#7668 = AXIS2_PLACEMENT_3D('',#7669,#7670,#7671);
#7669 = CARTESIAN_POINT('',(-1.655E+03,-260.,265.));
#7670 = DIRECTION('',(0.,1.,0.));
#7671 = DIRECTION('',(1.,0.,-0.));
#7672 = PCURVE('',#1698,#7673);
#7673 = DEFINITIONAL_REPRESENTATION('',(#7674),#7678);
#7674 = CIRCLE('',#7675,35.);
#7675 = AXIS2_PLACEMENT_2D('',#7676,#7677);
#7676 = CARTESIAN_POINT('',(305.,345.));
#7677 = DIRECTION('',(0.,1.));
#7678 = ( GEOMETRIC_REPRESENTATION_CONTEXT(2) 
PARAMETRIC_REPRESENTATION_CONTEXT() REPRESENTATION_CONTEXT('2D SPACE',''
  ) );
#7679 = PCURVE('',#6415,#7680);
#7680 = DEFINITIONAL_REPRESENTATION('',(#7681),#7685);
#7681 = LINE('',#7682,#7683);
#7682 = CARTESIAN_POINT('',(-6.28318530718,840.));
#7683 = VECTOR('',#7684,1.);
#7684 = DIRECTION('',(1.,-0.));
#7685 = ( GEOMETRIC_REPRESENTATION_CONTEXT(2) 
PARAMETRIC_REPRESENTATION_CONTEXT() REPRESENTATION_CONTEXT('2D SPACE',''
  ) );
#7686 = ORIENTED_EDGE('',*,*,#7687,.F.);
#7687 = EDGE_CURVE('',#7688,#7664,#7690,.T.);
#7688 = VERTEX_POINT('',#7689);
#7689 = CARTESIAN_POINT('',(-1.745E+03,-260.,300.));
#7690 = SURFACE_CURVE('',#7691,(#7695,#7701),.PCURVE_S1.);
#7691 = LINE('',#7692,#7693);
#7692 = CARTESIAN_POINT('',(-1.89E+03,-260.,300.));
#7693 = VECTOR('',#7694,1.);
#7694 = DIRECTION('',(1.,0.,0.));
#7695 = PCURVE('',#1698,#7696);
#7696 = DEFINITIONAL_REPRESENTATION('',(#7697),#7700);
#7697 = B_SPLINE_CURVE_WITH_KNOTS('',1,(#7698,#7699),.UNSPECIFIED.,.F.,
  .F.,(2,2),(145.,235.),.PIECEWISE_BEZIER_KNOTS.);
#7698 = CARTESIAN_POINT('',(340.,255.));
#7699 = CARTESIAN_POINT('',(340.,345.));
#7700 = ( GEOMETRIC_REPRESENTATION_CONTEXT(2) 
PARAMETRIC_REPRESENTATION_CONTEXT() REPRESENTATION_CONTEXT('2D SPACE',''
  ) );
#7701 = PCURVE('',#6362,#7702);
#7702 = DEFINITIONAL_REPRESENTATION('',(#7703),#7706);
#7703 = B_SPLINE_CURVE_WITH_KNOTS('',1,(#7704,#7705),.UNSPECIFIED.,.F.,
  .F.,(2,2),(145.,235.),.PIECEWISE_BEZIER_KNOTS.);
#7704 = CARTESIAN_POINT('',(35.,840.));
#7705 = CARTESIAN_POINT('',(125.,840.));
#7706 = ( GEOMETRIC_REPRESENTATION_CONTEXT(2) 
PARAMETRIC_REPRESENTATION_CONTEXT() REPRESENTATION_CONTEXT('2D SPACE',''
  ) );
#7707 = ORIENTED_EDGE('',*,*,#7708,.F.);
#7708 = EDGE_CURVE('',#7709,#7688,#7711,.T.);
#7709 = VERTEX_POINT('',#7710);
#7710 = CARTESIAN_POINT('',(-1.78E+03,-260.,265.));
#7711 = SURFACE_CURVE('',#7712,(#7717,#7724),.PCURVE_S1.);
#7712 = CIRCLE('',#7713,35.);
#7713 = AXIS2_PLACEMENT_3D('',#7714,#7715,#7716);
#7714 = CARTESIAN_POINT('',(-1.745E+03,-260.,265.));
#7715 = DIRECTION('',(0.,1.,0.));
#7716 = DIRECTION('',(-1.,0.,0.));
#7717 = PCURVE('',#1698,#7718);
#7718 = DEFINITIONAL_REPRESENTATION('',(#7719),#7723);
#7719 = CIRCLE('',#7720,35.);
#7720 = AXIS2_PLACEMENT_2D('',#7721,#7722);
#7721 = CARTESIAN_POINT('',(305.,255.));
#7722 = DIRECTION('',(0.,-1.));
#7723 = ( GEOMETRIC_REPRESENTATION_CONTEXT(2) 
PARAMETRIC_REPRESENTATION_CONTEXT() REPRESENTATION_CONTEXT('2D SPACE',''
  ) );
#7724 = PCURVE('',#6322,#7725);
#7725 = DEFINITIONAL_REPRESENTATION('',(#7726),#7730);
#7726 = LINE('',#7727,#7728);
#7727 = CARTESIAN_POINT('',(0.,840.));
#7728 = VECTOR('',#7729,1.);
#7729 = DIRECTION('',(1.,0.));
#7730 = ( GEOMETRIC_REPRESENTATION_CONTEXT(2) 
PARAMETRIC_REPRESENTATION_CONTEXT() REPRESENTATION_CONTEXT('2D SPACE',''
  ) );
#7731 = ORIENTED_EDGE('',*,*,#7732,.T.);
#7732 = EDGE_CURVE('',#7709,#7733,#7735,.T.);
#7733 = VERTEX_POINT('',#7734);
#7734 = CARTESIAN_POINT('',(-1.78E+03,-260.,155.));
#7735 = SURFACE_CURVE('',#7736,(#7740,#7746),.PCURVE_S1.);
#7736 = LINE('',#7737,#7738);
#7737 = CARTESIAN_POINT('',(-1.78E+03,-260.,40.));
#7738 = VECTOR('',#7739,1.);
#7739 = DIRECTION('',(0.,0.,-1.));
#7740 = PCURVE('',#1698,#7741);
#7741 = DEFINITIONAL_REPRESENTATION('',(#7742),#7745);
#7742 = B_SPLINE_CURVE_WITH_KNOTS('',1,(#7743,#7744),.UNSPECIFIED.,.F.,
  .F.,(2,2),(-225.,-115.),.PIECEWISE_BEZIER_KNOTS.);
#7743 = CARTESIAN_POINT('',(305.,220.));
#7744 = CARTESIAN_POINT('',(195.,220.));
#7745 = ( GEOMETRIC_REPRESENTATION_CONTEXT(2) 
PARAMETRIC_REPRESENTATION_CONTEXT() REPRESENTATION_CONTEXT('2D SPACE',''
  ) );
#7746 = PCURVE('',#6264,#7747);
#7747 = DEFINITIONAL_REPRESENTATION('',(#7748),#7751);
#7748 = B_SPLINE_CURVE_WITH_KNOTS('',1,(#7749,#7750),.UNSPECIFIED.,.F.,
  .F.,(2,2),(-225.,-115.),.PIECEWISE_BEZIER_KNOTS.);
#7749 = CARTESIAN_POINT('',(145.,-840.));
#7750 = CARTESIAN_POINT('',(35.,-840.));
#7751 = ( GEOMETRIC_REPRESENTATION_CONTEXT(2) 
PARAMETRIC_REPRESENTATION_CONTEXT() REPRESENTATION_CONTEXT('2D SPACE',''
  ) );
#7752 = ORIENTED_EDGE('',*,*,#7753,.F.);
#7753 = EDGE_CURVE('',#1658,#7733,#7754,.T.);
#7754 = SURFACE_CURVE('',#7755,(#7760,#7767),.PCURVE_S1.);
#7755 = CIRCLE('',#7756,35.);
#7756 = AXIS2_PLACEMENT_3D('',#7757,#7758,#7759);
#7757 = CARTESIAN_POINT('',(-1.745E+03,-260.,155.));
#7758 = DIRECTION('',(0.,1.,0.));
#7759 = DIRECTION('',(-1.,0.,0.));
#7760 = PCURVE('',#1698,#7761);
#7761 = DEFINITIONAL_REPRESENTATION('',(#7762),#7766);
#7762 = CIRCLE('',#7763,35.);
#7763 = AXIS2_PLACEMENT_2D('',#7764,#7765);
#7764 = CARTESIAN_POINT('',(195.,255.));
#7765 = DIRECTION('',(0.,-1.));
#7766 = ( GEOMETRIC_REPRESENTATION_CONTEXT(2) 
PARAMETRIC_REPRESENTATION_CONTEXT() REPRESENTATION_CONTEXT('2D SPACE',''
  ) );
#7767 = PCURVE('',#1672,#7768);
#7768 = DEFINITIONAL_REPRESENTATION('',(#7769),#7773);
#7769 = LINE('',#7770,#7771);
#7770 = CARTESIAN_POINT('',(-6.28318530718,840.));
#7771 = VECTOR('',#7772,1.);
#7772 = DIRECTION('',(1.,-0.));
#7773 = ( GEOMETRIC_REPRESENTATION_CONTEXT(2) 
PARAMETRIC_REPRESENTATION_CONTEXT() REPRESENTATION_CONTEXT('2D SPACE',''
  ) );
#7774 = ORIENTED_EDGE('',*,*,#1683,.T.);
#7775 = ORIENTED_EDGE('',*,*,#7776,.T.);
#7776 = EDGE_CURVE('',#1684,#7777,#7779,.T.);
#7777 = VERTEX_POINT('',#7778);
#7778 = CARTESIAN_POINT('',(-1.88E+03,-260.,360.));
#7779 = SURFACE_CURVE('',#7780,(#7784,#7791),.PCURVE_S1.);
#7780 = LINE('',#7781,#7782);
#7781 = CARTESIAN_POINT('',(-1.88E+03,-260.,-40.));
#7782 = VECTOR('',#7783,1.);
#7783 = DIRECTION('',(0.,0.,1.));
#7784 = PCURVE('',#1698,#7785);
#7785 = DEFINITIONAL_REPRESENTATION('',(#7786),#7790);
#7786 = LINE('',#7787,#7788);
#7787 = CARTESIAN_POINT('',(0.,120.));
#7788 = VECTOR('',#7789,1.);
#7789 = DIRECTION('',(1.,0.));
#7790 = ( GEOMETRIC_REPRESENTATION_CONTEXT(2) 
PARAMETRIC_REPRESENTATION_CONTEXT() REPRESENTATION_CONTEXT('2D SPACE',''
  ) );
#7791 = PCURVE('',#1726,#7792);
#7792 = DEFINITIONAL_REPRESENTATION('',(#7793),#7797);
#7793 = LINE('',#7794,#7795);
#7794 = CARTESIAN_POINT('',(1.570796326795,0.));
#7795 = VECTOR('',#7796,1.);
#7796 = DIRECTION('',(0.,1.));
#7797 = ( GEOMETRIC_REPRESENTATION_CONTEXT(2) 
PARAMETRIC_REPRESENTATION_CONTEXT() REPRESENTATION_CONTEXT('2D SPACE',''
  ) );
#7798 = ORIENTED_EDGE('',*,*,#7799,.T.);
#7799 = EDGE_CURVE('',#7777,#7258,#7800,.T.);
#7800 = SURFACE_CURVE('',#7801,(#7805,#7812),.PCURVE_S1.);
#7801 = LINE('',#7802,#7803);
#7802 = CARTESIAN_POINT('',(-2.E+03,-260.,360.));
#7803 = VECTOR('',#7804,1.);
#7804 = DIRECTION('',(1.,0.,0.));
#7805 = PCURVE('',#1698,#7806);
#7806 = DEFINITIONAL_REPRESENTATION('',(#7807),#7811);
#7807 = LINE('',#7808,#7809);
#7808 = CARTESIAN_POINT('',(400.,0.));
#7809 = VECTOR('',#7810,1.);
#7810 = DIRECTION('',(0.,1.));
#7811 = ( GEOMETRIC_REPRESENTATION_CONTEXT(2) 
PARAMETRIC_REPRESENTATION_CONTEXT() REPRESENTATION_CONTEXT('2D SPACE',''
  ) );
#7812 = PCURVE('',#7813,#7818);
#7813 = CYLINDRICAL_SURFACE('',#7814,120.);
#7814 = AXIS2_PLACEMENT_3D('',#7815,#7816,#7817);
#7815 = CARTESIAN_POINT('',(-2.E+03,-140.,360.));
#7816 = DIRECTION('',(1.,0.,0.));
#7817 = DIRECTION('',(0.,-1.,0.));
#7818 = DEFINITIONAL_REPRESENTATION('',(#7819),#7823);
#7819 = LINE('',#7820,#7821);
#7820 = CARTESIAN_POINT('',(-0.,0.));
#7821 = VECTOR('',#7822,1.);
#7822 = DIRECTION('',(-0.,1.));
#7823 = ( GEOMETRIC_REPRESENTATION_CONTEXT(2) 
PARAMETRIC_REPRESENTATION_CONTEXT() REPRESENTATION_CONTEXT('2D SPACE',''
  ) );
#7824 = ADVANCED_FACE('',(#7825),#2411,.T.);
#7825 = FACE_BOUND('',#7826,.F.);
#7826 = EDGE_LOOP('',(#7827,#7850,#7851,#7852));
#7827 = ORIENTED_EDGE('',*,*,#7828,.F.);
#7828 = EDGE_CURVE('',#2369,#7829,#7831,.T.);
#7829 = VERTEX_POINT('',#7830);
#7830 = CARTESIAN_POINT('',(2.E+03,-140.,360.));
#7831 = SURFACE_CURVE('',#7832,(#7836,#7843),.PCURVE_S1.);
#7832 = LINE('',#7833,#7834);
#7833 = CARTESIAN_POINT('',(2.E+03,-140.,-40.));
#7834 = VECTOR('',#7835,1.);
#7835 = DIRECTION('',(0.,0.,1.));
#7836 = PCURVE('',#2411,#7837);
#7837 = DEFINITIONAL_REPRESENTATION('',(#7838),#7842);
#7838 = LINE('',#7839,#7840);
#7839 = CARTESIAN_POINT('',(-0.,0.));
#7840 = VECTOR('',#7841,1.);
#7841 = DIRECTION('',(-0.,1.));
#7842 = ( GEOMETRIC_REPRESENTATION_CONTEXT(2) 
PARAMETRIC_REPRESENTATION_CONTEXT() REPRESENTATION_CONTEXT('2D SPACE',''
  ) );
#7843 = PCURVE('',#2383,#7844);
#7844 = DEFINITIONAL_REPRESENTATION('',(#7845),#7849);
#7845 = LINE('',#7846,#7847);
#7846 = CARTESIAN_POINT('',(0.,-120.));
#7847 = VECTOR('',#7848,1.);
#7848 = DIRECTION('',(1.,0.));
#7849 = ( GEOMETRIC_REPRESENTATION_CONTEXT(2) 
PARAMETRIC_REPRESENTATION_CONTEXT() REPRESENTATION_CONTEXT('2D SPACE',''
  ) );
#7850 = ORIENTED_EDGE('',*,*,#2394,.F.);
#7851 = ORIENTED_EDGE('',*,*,#7257,.T.);
#7852 = ORIENTED_EDGE('',*,*,#7853,.F.);
#7853 = EDGE_CURVE('',#7829,#7258,#7854,.T.);
#7854 = SURFACE_CURVE('',#7855,(#7860,#7867),.PCURVE_S1.);
#7855 = CIRCLE('',#7856,120.);
#7856 = AXIS2_PLACEMENT_3D('',#7857,#7858,#7859);
#7857 = CARTESIAN_POINT('',(1.88E+03,-140.,360.));
#7858 = DIRECTION('',(0.,0.,-1.));
#7859 = DIRECTION('',(1.,0.,0.));
#7860 = PCURVE('',#2411,#7861);
#7861 = DEFINITIONAL_REPRESENTATION('',(#7862),#7866);
#7862 = LINE('',#7863,#7864);
#7863 = CARTESIAN_POINT('',(-0.,400.));
#7864 = VECTOR('',#7865,1.);
#7865 = DIRECTION('',(-1.,0.));
#7866 = ( GEOMETRIC_REPRESENTATION_CONTEXT(2) 
PARAMETRIC_REPRESENTATION_CONTEXT() REPRESENTATION_CONTEXT('2D SPACE',''
  ) );
#7867 = PCURVE('',#7868,#7873);
#7868 = SPHERICAL_SURFACE('',#7869,120.);
#7869 = AXIS2_PLACEMENT_3D('',#7870,#7871,#7872);
#7870 = CARTESIAN_POINT('',(1.88E+03,-140.,360.));
#7871 = DIRECTION('',(-0.,-0.,-1.));
#7872 = DIRECTION('',(1.,0.,0.));
#7873 = DEFINITIONAL_REPRESENTATION('',(#7874),#7878);
#7874 = LINE('',#7875,#7876);
#7875 = CARTESIAN_POINT('',(0.,0.));
#7876 = VECTOR('',#7877,1.);
#7877 = DIRECTION('',(1.,0.));
#7878 = ( GEOMETRIC_REPRESENTATION_CONTEXT(2) 
PARAMETRIC_REPRESENTATION_CONTEXT() REPRESENTATION_CONTEXT('2D SPACE',''
  ) );
#7879 = ADVANCED_FACE('',(#7880),#2383,.T.);
#7880 = FACE_BOUND('',#7881,.T.);
#7881 = EDGE_LOOP('',(#7882,#7883,#7884,#7907));
#7882 = ORIENTED_EDGE('',*,*,#7828,.F.);
#7883 = ORIENTED_EDGE('',*,*,#2368,.T.);
#7884 = ORIENTED_EDGE('',*,*,#7885,.T.);
#7885 = EDGE_CURVE('',#2340,#7886,#7888,.T.);
#7886 = VERTEX_POINT('',#7887);
#7887 = CARTESIAN_POINT('',(2.E+03,140.,360.));
#7888 = SURFACE_CURVE('',#7889,(#7893,#7900),.PCURVE_S1.);
#7889 = LINE('',#7890,#7891);
#7890 = CARTESIAN_POINT('',(2.E+03,140.,-40.));
#7891 = VECTOR('',#7892,1.);
#7892 = DIRECTION('',(0.,0.,1.));
#7893 = PCURVE('',#2383,#7894);
#7894 = DEFINITIONAL_REPRESENTATION('',(#7895),#7899);
#7895 = LINE('',#7896,#7897);
#7896 = CARTESIAN_POINT('',(0.,-400.));
#7897 = VECTOR('',#7898,1.);
#7898 = DIRECTION('',(1.,0.));
#7899 = ( GEOMETRIC_REPRESENTATION_CONTEXT(2) 
PARAMETRIC_REPRESENTATION_CONTEXT() REPRESENTATION_CONTEXT('2D SPACE',''
  ) );
#7900 = PCURVE('',#2356,#7901);
#7901 = DEFINITIONAL_REPRESENTATION('',(#7902),#7906);
#7902 = LINE('',#7903,#7904);
#7903 = CARTESIAN_POINT('',(0.,0.));
#7904 = VECTOR('',#7905,1.);
#7905 = DIRECTION('',(0.,1.));
#7906 = ( GEOMETRIC_REPRESENTATION_CONTEXT(2) 
PARAMETRIC_REPRESENTATION_CONTEXT() REPRESENTATION_CONTEXT('2D SPACE',''
  ) );
#7907 = ORIENTED_EDGE('',*,*,#7908,.F.);
#7908 = EDGE_CURVE('',#7829,#7886,#7909,.T.);
#7909 = SURFACE_CURVE('',#7910,(#7914,#7921),.PCURVE_S1.);
#7910 = LINE('',#7911,#7912);
#7911 = CARTESIAN_POINT('',(2.E+03,-260.,360.));
#7912 = VECTOR('',#7913,1.);
#7913 = DIRECTION('',(0.,1.,0.));
#7914 = PCURVE('',#2383,#7915);
#7915 = DEFINITIONAL_REPRESENTATION('',(#7916),#7920);
#7916 = LINE('',#7917,#7918);
#7917 = CARTESIAN_POINT('',(400.,0.));
#7918 = VECTOR('',#7919,1.);
#7919 = DIRECTION('',(0.,-1.));
#7920 = ( GEOMETRIC_REPRESENTATION_CONTEXT(2) 
PARAMETRIC_REPRESENTATION_CONTEXT() REPRESENTATION_CONTEXT('2D SPACE',''
  ) );
#7921 = PCURVE('',#7922,#7927);
#7922 = CYLINDRICAL_SURFACE('',#7923,120.);
#7923 = AXIS2_PLACEMENT_3D('',#7924,#7925,#7926);
#7924 = CARTESIAN_POINT('',(1.88E+03,-260.,360.));
#7925 = DIRECTION('',(0.,1.,0.));
#7926 = DIRECTION('',(1.,0.,-0.));
#7927 = DEFINITIONAL_REPRESENTATION('',(#7928),#7932);
#7928 = LINE('',#7929,#7930);
#7929 = CARTESIAN_POINT('',(-0.,0.));
#7930 = VECTOR('',#7931,1.);
#7931 = DIRECTION('',(-0.,1.));
#7932 = ( GEOMETRIC_REPRESENTATION_CONTEXT(2) 
PARAMETRIC_REPRESENTATION_CONTEXT() REPRESENTATION_CONTEXT('2D SPACE',''
  ) );
#7933 = ADVANCED_FACE('',(#7934),#2356,.T.);
#7934 = FACE_BOUND('',#7935,.T.);
#7935 = EDGE_LOOP('',(#7936,#7937,#7938,#7961));
#7936 = ORIENTED_EDGE('',*,*,#7885,.F.);
#7937 = ORIENTED_EDGE('',*,*,#2339,.T.);
#7938 = ORIENTED_EDGE('',*,*,#7939,.T.);
#7939 = EDGE_CURVE('',#2319,#7940,#7942,.T.);
#7940 = VERTEX_POINT('',#7941);
#7941 = CARTESIAN_POINT('',(1.88E+03,260.,360.));
#7942 = SURFACE_CURVE('',#7943,(#7947,#7954),.PCURVE_S1.);
#7943 = LINE('',#7944,#7945);
#7944 = CARTESIAN_POINT('',(1.88E+03,260.,-40.));
#7945 = VECTOR('',#7946,1.);
#7946 = DIRECTION('',(0.,0.,1.));
#7947 = PCURVE('',#2356,#7948);
#7948 = DEFINITIONAL_REPRESENTATION('',(#7949),#7953);
#7949 = LINE('',#7950,#7951);
#7950 = CARTESIAN_POINT('',(1.570796326795,0.));
#7951 = VECTOR('',#7952,1.);
#7952 = DIRECTION('',(0.,1.));
#7953 = ( GEOMETRIC_REPRESENTATION_CONTEXT(2) 
PARAMETRIC_REPRESENTATION_CONTEXT() REPRESENTATION_CONTEXT('2D SPACE',''
  ) );
#7954 = PCURVE('',#1808,#7955);
#7955 = DEFINITIONAL_REPRESENTATION('',(#7956),#7960);
#7956 = LINE('',#7957,#7958);
#7957 = CARTESIAN_POINT('',(0.,3.88E+03));
#7958 = VECTOR('',#7959,1.);
#7959 = DIRECTION('',(1.,0.));
#7960 = ( GEOMETRIC_REPRESENTATION_CONTEXT(2) 
PARAMETRIC_REPRESENTATION_CONTEXT() REPRESENTATION_CONTEXT('2D SPACE',''
  ) );
#7961 = ORIENTED_EDGE('',*,*,#7962,.T.);
#7962 = EDGE_CURVE('',#7940,#7886,#7963,.T.);
#7963 = SURFACE_CURVE('',#7964,(#7969,#7976),.PCURVE_S1.);
#7964 = CIRCLE('',#7965,120.);
#7965 = AXIS2_PLACEMENT_3D('',#7966,#7967,#7968);
#7966 = CARTESIAN_POINT('',(1.88E+03,140.,360.));
#7967 = DIRECTION('',(2.368475785867E-16,0.,-1.));
#7968 = DIRECTION('',(1.,0.,2.368475785867E-16));
#7969 = PCURVE('',#2356,#7970);
#7970 = DEFINITIONAL_REPRESENTATION('',(#7971),#7975);
#7971 = LINE('',#7972,#7973);
#7972 = CARTESIAN_POINT('',(6.28318530718,400.));
#7973 = VECTOR('',#7974,1.);
#7974 = DIRECTION('',(-1.,-0.));
#7975 = ( GEOMETRIC_REPRESENTATION_CONTEXT(2) 
PARAMETRIC_REPRESENTATION_CONTEXT() REPRESENTATION_CONTEXT('2D SPACE',''
  ) );
#7976 = PCURVE('',#7977,#7982);
#7977 = SPHERICAL_SURFACE('',#7978,120.);
#7978 = AXIS2_PLACEMENT_3D('',#7979,#7980,#7981);
#7979 = CARTESIAN_POINT('',(1.88E+03,140.,360.));
#7980 = DIRECTION('',(-0.,-1.,-0.));
#7981 = DIRECTION('',(1.,-0.,2.368475785867E-16));
#7982 = DEFINITIONAL_REPRESENTATION('',(#7983),#7987);
#7983 = LINE('',#7984,#7985);
#7984 = CARTESIAN_POINT('',(0.,-6.28318530718));
#7985 = VECTOR('',#7986,1.);
#7986 = DIRECTION('',(0.,1.));
#7987 = ( GEOMETRIC_REPRESENTATION_CONTEXT(2) 
PARAMETRIC_REPRESENTATION_CONTEXT() REPRESENTATION_CONTEXT('2D SPACE',''
  ) );
#7988 = ADVANCED_FACE('',(#7989),#1808,.T.);
#7989 = FACE_BOUND('',#7990,.T.);
#7990 = EDGE_LOOP('',(#7991,#7992,#7993,#8017,#8043,#8072,#8098,#8127,
    #8153,#8182,#8208,#8237,#8263,#8292,#8318,#8347,#8373,#8402,#8428,
    #8457,#8483,#8512,#8538,#8567,#8593,#8615,#8616,#8639));
#7991 = ORIENTED_EDGE('',*,*,#7939,.F.);
#7992 = ORIENTED_EDGE('',*,*,#2318,.T.);
#7993 = ORIENTED_EDGE('',*,*,#7994,.F.);
#7994 = EDGE_CURVE('',#7995,#2293,#7997,.T.);
#7995 = VERTEX_POINT('',#7996);
#7996 = CARTESIAN_POINT('',(1.78E+03,260.,155.));
#7997 = SURFACE_CURVE('',#7998,(#8003,#8010),.PCURVE_S1.);
#7998 = CIRCLE('',#7999,35.);
#7999 = AXIS2_PLACEMENT_3D('',#8000,#8001,#8002);
#8000 = CARTESIAN_POINT('',(1.745E+03,260.,155.));
#8001 = DIRECTION('',(0.,1.,0.));
#8002 = DIRECTION('',(1.,0.,-0.));
#8003 = PCURVE('',#1808,#8004);
#8004 = DEFINITIONAL_REPRESENTATION('',(#8005),#8009);
#8005 = CIRCLE('',#8006,35.);
#8006 = AXIS2_PLACEMENT_2D('',#8007,#8008);
#8007 = CARTESIAN_POINT('',(195.,3.745E+03));
#8008 = DIRECTION('',(0.,1.));
#8009 = ( GEOMETRIC_REPRESENTATION_CONTEXT(2) 
PARAMETRIC_REPRESENTATION_CONTEXT() REPRESENTATION_CONTEXT('2D SPACE',''
  ) );
#8010 = PCURVE('',#2307,#8011);
#8011 = DEFINITIONAL_REPRESENTATION('',(#8012),#8016);
#8012 = LINE('',#8013,#8014);
#8013 = CARTESIAN_POINT('',(0.,1.36E+03));
#8014 = VECTOR('',#8015,1.);
#8015 = DIRECTION('',(1.,0.));
#8016 = ( GEOMETRIC_REPRESENTATION_CONTEXT(2) 
PARAMETRIC_REPRESENTATION_CONTEXT() REPRESENTATION_CONTEXT('2D SPACE',''
  ) );
#8017 = ORIENTED_EDGE('',*,*,#8018,.F.);
#8018 = EDGE_CURVE('',#8019,#7995,#8021,.T.);
#8019 = VERTEX_POINT('',#8020);
#8020 = CARTESIAN_POINT('',(1.78E+03,260.,265.));
#8021 = SURFACE_CURVE('',#8022,(#8026,#8032),.PCURVE_S1.);
#8022 = LINE('',#8023,#8024);
#8023 = CARTESIAN_POINT('',(1.78E+03,260.,40.));
#8024 = VECTOR('',#8025,1.);
#8025 = DIRECTION('',(0.,0.,-1.));
#8026 = PCURVE('',#1808,#8027);
#8027 = DEFINITIONAL_REPRESENTATION('',(#8028),#8031);
#8028 = B_SPLINE_CURVE_WITH_KNOTS('',1,(#8029,#8030),.UNSPECIFIED.,.F.,
  .F.,(2,2),(-225.,-115.),.PIECEWISE_BEZIER_KNOTS.);
#8029 = CARTESIAN_POINT('',(305.,3.78E+03));
#8030 = CARTESIAN_POINT('',(195.,3.78E+03));
#8031 = ( GEOMETRIC_REPRESENTATION_CONTEXT(2) 
PARAMETRIC_REPRESENTATION_CONTEXT() REPRESENTATION_CONTEXT('2D SPACE',''
  ) );
#8032 = PCURVE('',#8033,#8038);
#8033 = PLANE('',#8034);
#8034 = AXIS2_PLACEMENT_3D('',#8035,#8036,#8037);
#8035 = CARTESIAN_POINT('',(1.78E+03,-1.1E+03,120.));
#8036 = DIRECTION('',(1.,0.,0.));
#8037 = DIRECTION('',(0.,0.,1.));
#8038 = DEFINITIONAL_REPRESENTATION('',(#8039),#8042);
#8039 = B_SPLINE_CURVE_WITH_KNOTS('',1,(#8040,#8041),.UNSPECIFIED.,.F.,
  .F.,(2,2),(-225.,-115.),.PIECEWISE_BEZIER_KNOTS.);
#8040 = CARTESIAN_POINT('',(145.,-1.36E+03));
#8041 = CARTESIAN_POINT('',(35.,-1.36E+03));
#8042 = ( GEOMETRIC_REPRESENTATION_CONTEXT(2) 
PARAMETRIC_REPRESENTATION_CONTEXT() REPRESENTATION_CONTEXT('2D SPACE',''
  ) );
#8043 = ORIENTED_EDGE('',*,*,#8044,.F.);
#8044 = EDGE_CURVE('',#8045,#8019,#8047,.T.);
#8045 = VERTEX_POINT('',#8046);
#8046 = CARTESIAN_POINT('',(1.745E+03,260.,300.));
#8047 = SURFACE_CURVE('',#8048,(#8053,#8060),.PCURVE_S1.);
#8048 = CIRCLE('',#8049,35.);
#8049 = AXIS2_PLACEMENT_3D('',#8050,#8051,#8052);
#8050 = CARTESIAN_POINT('',(1.745E+03,260.,265.));
#8051 = DIRECTION('',(0.,1.,0.));
#8052 = DIRECTION('',(1.,0.,-0.));
#8053 = PCURVE('',#1808,#8054);
#8054 = DEFINITIONAL_REPRESENTATION('',(#8055),#8059);
#8055 = CIRCLE('',#8056,35.);
#8056 = AXIS2_PLACEMENT_2D('',#8057,#8058);
#8057 = CARTESIAN_POINT('',(305.,3.745E+03));
#8058 = DIRECTION('',(0.,1.));
#8059 = ( GEOMETRIC_REPRESENTATION_CONTEXT(2) 
PARAMETRIC_REPRESENTATION_CONTEXT() REPRESENTATION_CONTEXT('2D SPACE',''
  ) );
#8060 = PCURVE('',#8061,#8066);
#8061 = CYLINDRICAL_SURFACE('',#8062,35.);
#8062 = AXIS2_PLACEMENT_3D('',#8063,#8064,#8065);
#8063 = CARTESIAN_POINT('',(1.745E+03,-1.1E+03,265.));
#8064 = DIRECTION('',(0.,1.,0.));
#8065 = DIRECTION('',(1.,0.,-0.));
#8066 = DEFINITIONAL_REPRESENTATION('',(#8067),#8071);
#8067 = LINE('',#8068,#8069);
#8068 = CARTESIAN_POINT('',(-6.28318530718,1.36E+03));
#8069 = VECTOR('',#8070,1.);
#8070 = DIRECTION('',(1.,-0.));
#8071 = ( GEOMETRIC_REPRESENTATION_CONTEXT(2) 
PARAMETRIC_REPRESENTATION_CONTEXT() REPRESENTATION_CONTEXT('2D SPACE',''
  ) );
#8072 = ORIENTED_EDGE('',*,*,#8073,.F.);
#8073 = EDGE_CURVE('',#8074,#8045,#8076,.T.);
#8074 = VERTEX_POINT('',#8075);
#8075 = CARTESIAN_POINT('',(1.655E+03,260.,300.));
#8076 = SURFACE_CURVE('',#8077,(#8081,#8087),.PCURVE_S1.);
#8077 = LINE('',#8078,#8079);
#8078 = CARTESIAN_POINT('',(-190.,260.,300.));
#8079 = VECTOR('',#8080,1.);
#8080 = DIRECTION('',(1.,0.,0.));
#8081 = PCURVE('',#1808,#8082);
#8082 = DEFINITIONAL_REPRESENTATION('',(#8083),#8086);
#8083 = B_SPLINE_CURVE_WITH_KNOTS('',1,(#8084,#8085),.UNSPECIFIED.,.F.,
  .F.,(2,2),(1.845E+03,1.935E+03),.PIECEWISE_BEZIER_KNOTS.);
#8084 = CARTESIAN_POINT('',(340.,3.655E+03));
#8085 = CARTESIAN_POINT('',(340.,3.745E+03));
#8086 = ( GEOMETRIC_REPRESENTATION_CONTEXT(2) 
PARAMETRIC_REPRESENTATION_CONTEXT() REPRESENTATION_CONTEXT('2D SPACE',''
  ) );
#8087 = PCURVE('',#8088,#8093);
#8088 = PLANE('',#8089);
#8089 = AXIS2_PLACEMENT_3D('',#8090,#8091,#8092);
#8090 = CARTESIAN_POINT('',(1.62E+03,-1.1E+03,300.));
#8091 = DIRECTION('',(0.,0.,1.));
#8092 = DIRECTION('',(1.,0.,0.));
#8093 = DEFINITIONAL_REPRESENTATION('',(#8094),#8097);
#8094 = B_SPLINE_CURVE_WITH_KNOTS('',1,(#8095,#8096),.UNSPECIFIED.,.F.,
  .F.,(2,2),(1.845E+03,1.935E+03),.PIECEWISE_BEZIER_KNOTS.);
#8095 = CARTESIAN_POINT('',(35.,1.36E+03));
#8096 = CARTESIAN_POINT('',(125.,1.36E+03));
#8097 = ( GEOMETRIC_REPRESENTATION_CONTEXT(2) 
PARAMETRIC_REPRESENTATION_CONTEXT() REPRESENTATION_CONTEXT('2D SPACE',''
  ) );
#8098 = ORIENTED_EDGE('',*,*,#8099,.F.);
#8099 = EDGE_CURVE('',#8100,#8074,#8102,.T.);
#8100 = VERTEX_POINT('',#8101);
#8101 = CARTESIAN_POINT('',(1.62E+03,260.,265.));
#8102 = SURFACE_CURVE('',#8103,(#8108,#8115),.PCURVE_S1.);
#8103 = CIRCLE('',#8104,35.);
#8104 = AXIS2_PLACEMENT_3D('',#8105,#8106,#8107);
#8105 = CARTESIAN_POINT('',(1.655E+03,260.,265.));
#8106 = DIRECTION('',(0.,1.,0.));
#8107 = DIRECTION('',(-1.,0.,0.));
#8108 = PCURVE('',#1808,#8109);
#8109 = DEFINITIONAL_REPRESENTATION('',(#8110),#8114);
#8110 = CIRCLE('',#8111,35.);
#8111 = AXIS2_PLACEMENT_2D('',#8112,#8113);
#8112 = CARTESIAN_POINT('',(305.,3.655E+03));
#8113 = DIRECTION('',(0.,-1.));
#8114 = ( GEOMETRIC_REPRESENTATION_CONTEXT(2) 
PARAMETRIC_REPRESENTATION_CONTEXT() REPRESENTATION_CONTEXT('2D SPACE',''
  ) );
#8115 = PCURVE('',#8116,#8121);
#8116 = CYLINDRICAL_SURFACE('',#8117,35.);
#8117 = AXIS2_PLACEMENT_3D('',#8118,#8119,#8120);
#8118 = CARTESIAN_POINT('',(1.655E+03,-1.1E+03,265.));
#8119 = DIRECTION('',(0.,1.,0.));
#8120 = DIRECTION('',(-1.,0.,0.));
#8121 = DEFINITIONAL_REPRESENTATION('',(#8122),#8126);
#8122 = LINE('',#8123,#8124);
#8123 = CARTESIAN_POINT('',(0.,1.36E+03));
#8124 = VECTOR('',#8125,1.);
#8125 = DIRECTION('',(1.,0.));
#8126 = ( GEOMETRIC_REPRESENTATION_CONTEXT(2) 
PARAMETRIC_REPRESENTATION_CONTEXT() REPRESENTATION_CONTEXT('2D SPACE',''
  ) );
#8127 = ORIENTED_EDGE('',*,*,#8128,.T.);
#8128 = EDGE_CURVE('',#8100,#8129,#8131,.T.);
#8129 = VERTEX_POINT('',#8130);
#8130 = CARTESIAN_POINT('',(1.62E+03,260.,155.));
#8131 = SURFACE_CURVE('',#8132,(#8136,#8142),.PCURVE_S1.);
#8132 = LINE('',#8133,#8134);
#8133 = CARTESIAN_POINT('',(1.62E+03,260.,40.));
#8134 = VECTOR('',#8135,1.);
#8135 = DIRECTION('',(0.,0.,-1.));
#8136 = PCURVE('',#1808,#8137);
#8137 = DEFINITIONAL_REPRESENTATION('',(#8138),#8141);
#8138 = B_SPLINE_CURVE_WITH_KNOTS('',1,(#8139,#8140),.UNSPECIFIED.,.F.,
  .F.,(2,2),(-225.,-115.),.PIECEWISE_BEZIER_KNOTS.);
#8139 = CARTESIAN_POINT('',(305.,3.62E+03));
#8140 = CARTESIAN_POINT('',(195.,3.62E+03));
#8141 = ( GEOMETRIC_REPRESENTATION_CONTEXT(2) 
PARAMETRIC_REPRESENTATION_CONTEXT() REPRESENTATION_CONTEXT('2D SPACE',''
  ) );
#8142 = PCURVE('',#8143,#8148);
#8143 = PLANE('',#8144);
#8144 = AXIS2_PLACEMENT_3D('',#8145,#8146,#8147);
#8145 = CARTESIAN_POINT('',(1.62E+03,-1.1E+03,120.));
#8146 = DIRECTION('',(1.,0.,0.));
#8147 = DIRECTION('',(0.,0.,1.));
#8148 = DEFINITIONAL_REPRESENTATION('',(#8149),#8152);
#8149 = B_SPLINE_CURVE_WITH_KNOTS('',1,(#8150,#8151),.UNSPECIFIED.,.F.,
  .F.,(2,2),(-225.,-115.),.PIECEWISE_BEZIER_KNOTS.);
#8150 = CARTESIAN_POINT('',(145.,-1.36E+03));
#8151 = CARTESIAN_POINT('',(35.,-1.36E+03));
#8152 = ( GEOMETRIC_REPRESENTATION_CONTEXT(2) 
PARAMETRIC_REPRESENTATION_CONTEXT() REPRESENTATION_CONTEXT('2D SPACE',''
  ) );
#8153 = ORIENTED_EDGE('',*,*,#8154,.F.);
#8154 = EDGE_CURVE('',#8155,#8129,#8157,.T.);
#8155 = VERTEX_POINT('',#8156);
#8156 = CARTESIAN_POINT('',(1.630505102572E+03,260.,130.));
#8157 = SURFACE_CURVE('',#8158,(#8163,#8170),.PCURVE_S1.);
#8158 = CIRCLE('',#8159,35.);
#8159 = AXIS2_PLACEMENT_3D('',#8160,#8161,#8162);
#8160 = CARTESIAN_POINT('',(1.655E+03,260.,155.));
#8161 = DIRECTION('',(0.,1.,0.));
#8162 = DIRECTION('',(-1.,0.,0.));
#8163 = PCURVE('',#1808,#8164);
#8164 = DEFINITIONAL_REPRESENTATION('',(#8165),#8169);
#8165 = CIRCLE('',#8166,35.);
#8166 = AXIS2_PLACEMENT_2D('',#8167,#8168);
#8167 = CARTESIAN_POINT('',(195.,3.655E+03));
#8168 = DIRECTION('',(0.,-1.));
#8169 = ( GEOMETRIC_REPRESENTATION_CONTEXT(2) 
PARAMETRIC_REPRESENTATION_CONTEXT() REPRESENTATION_CONTEXT('2D SPACE',''
  ) );
#8170 = PCURVE('',#8171,#8176);
#8171 = CYLINDRICAL_SURFACE('',#8172,35.);
#8172 = AXIS2_PLACEMENT_3D('',#8173,#8174,#8175);
#8173 = CARTESIAN_POINT('',(1.655E+03,-1.1E+03,155.));
#8174 = DIRECTION('',(0.,1.,0.));
#8175 = DIRECTION('',(-1.,0.,0.));
#8176 = DEFINITIONAL_REPRESENTATION('',(#8177),#8181);
#8177 = LINE('',#8178,#8179);
#8178 = CARTESIAN_POINT('',(-6.28318530718,1.36E+03));
#8179 = VECTOR('',#8180,1.);
#8180 = DIRECTION('',(1.,-0.));
#8181 = ( GEOMETRIC_REPRESENTATION_CONTEXT(2) 
PARAMETRIC_REPRESENTATION_CONTEXT() REPRESENTATION_CONTEXT('2D SPACE',''
  ) );
#8182 = ORIENTED_EDGE('',*,*,#8183,.T.);
#8183 = EDGE_CURVE('',#8155,#8184,#8186,.T.);
#8184 = VERTEX_POINT('',#8185);
#8185 = CARTESIAN_POINT('',(69.494897427832,260.,130.));
#8186 = SURFACE_CURVE('',#8187,(#8191,#8197),.PCURVE_S1.);
#8187 = LINE('',#8188,#8189);
#8188 = CARTESIAN_POINT('',(-2.3E+03,260.,130.));
#8189 = VECTOR('',#8190,1.);
#8190 = DIRECTION('',(-1.,0.,0.));
#8191 = PCURVE('',#1808,#8192);
#8192 = DEFINITIONAL_REPRESENTATION('',(#8193),#8196);
#8193 = B_SPLINE_CURVE_WITH_KNOTS('',1,(#8194,#8195),.UNSPECIFIED.,.F.,
  .F.,(2,2),(-4.18E+03,-420.),.PIECEWISE_BEZIER_KNOTS.);
#8194 = CARTESIAN_POINT('',(170.,3.88E+03));
#8195 = CARTESIAN_POINT('',(170.,120.));
#8196 = ( GEOMETRIC_REPRESENTATION_CONTEXT(2) 
PARAMETRIC_REPRESENTATION_CONTEXT() REPRESENTATION_CONTEXT('2D SPACE',''
  ) );
#8197 = PCURVE('',#8198,#8203);
#8198 = PLANE('',#8199);
#8199 = AXIS2_PLACEMENT_3D('',#8200,#8201,#8202);
#8200 = CARTESIAN_POINT('',(-2.6E+03,-1.3E+03,130.));
#8201 = DIRECTION('',(0.,0.,1.));
#8202 = DIRECTION('',(1.,0.,0.));
#8203 = DEFINITIONAL_REPRESENTATION('',(#8204),#8207);
#8204 = B_SPLINE_CURVE_WITH_KNOTS('',1,(#8205,#8206),.UNSPECIFIED.,.F.,
  .F.,(2,2),(-4.18E+03,-420.),.PIECEWISE_BEZIER_KNOTS.);
#8205 = CARTESIAN_POINT('',(4.48E+03,1.56E+03));
#8206 = CARTESIAN_POINT('',(720.,1.56E+03));
#8207 = ( GEOMETRIC_REPRESENTATION_CONTEXT(2) 
PARAMETRIC_REPRESENTATION_CONTEXT() REPRESENTATION_CONTEXT('2D SPACE',''
  ) );
#8208 = ORIENTED_EDGE('',*,*,#8209,.F.);
#8209 = EDGE_CURVE('',#8210,#8184,#8212,.T.);
#8210 = VERTEX_POINT('',#8211);
#8211 = CARTESIAN_POINT('',(80.,260.,155.));
#8212 = SURFACE_CURVE('',#8213,(#8218,#8225),.PCURVE_S1.);
#8213 = CIRCLE('',#8214,35.);
#8214 = AXIS2_PLACEMENT_3D('',#8215,#8216,#8217);
#8215 = CARTESIAN_POINT('',(45.,260.,155.));
#8216 = DIRECTION('',(0.,1.,0.));
#8217 = DIRECTION('',(1.,0.,-0.));
#8218 = PCURVE('',#1808,#8219);
#8219 = DEFINITIONAL_REPRESENTATION('',(#8220),#8224);
#8220 = CIRCLE('',#8221,35.);
#8221 = AXIS2_PLACEMENT_2D('',#8222,#8223);
#8222 = CARTESIAN_POINT('',(195.,2.045E+03));
#8223 = DIRECTION('',(0.,1.));
#8224 = ( GEOMETRIC_REPRESENTATION_CONTEXT(2) 
PARAMETRIC_REPRESENTATION_CONTEXT() REPRESENTATION_CONTEXT('2D SPACE',''
  ) );
#8225 = PCURVE('',#8226,#8231);
#8226 = CYLINDRICAL_SURFACE('',#8227,35.);
#8227 = AXIS2_PLACEMENT_3D('',#8228,#8229,#8230);
#8228 = CARTESIAN_POINT('',(45.,-1.1E+03,155.));
#8229 = DIRECTION('',(0.,1.,0.));
#8230 = DIRECTION('',(1.,0.,-0.));
#8231 = DEFINITIONAL_REPRESENTATION('',(#8232),#8236);
#8232 = LINE('',#8233,#8234);
#8233 = CARTESIAN_POINT('',(0.,1.36E+03));
#8234 = VECTOR('',#8235,1.);
#8235 = DIRECTION('',(1.,0.));
#8236 = ( GEOMETRIC_REPRESENTATION_CONTEXT(2) 
PARAMETRIC_REPRESENTATION_CONTEXT() REPRESENTATION_CONTEXT('2D SPACE',''
  ) );
#8237 = ORIENTED_EDGE('',*,*,#8238,.F.);
#8238 = EDGE_CURVE('',#8239,#8210,#8241,.T.);
#8239 = VERTEX_POINT('',#8240);
#8240 = CARTESIAN_POINT('',(80.,260.,265.));
#8241 = SURFACE_CURVE('',#8242,(#8246,#8252),.PCURVE_S1.);
#8242 = LINE('',#8243,#8244);
#8243 = CARTESIAN_POINT('',(80.,260.,40.));
#8244 = VECTOR('',#8245,1.);
#8245 = DIRECTION('',(0.,0.,-1.));
#8246 = PCURVE('',#1808,#8247);
#8247 = DEFINITIONAL_REPRESENTATION('',(#8248),#8251);
#8248 = B_SPLINE_CURVE_WITH_KNOTS('',1,(#8249,#8250),.UNSPECIFIED.,.F.,
  .F.,(2,2),(-225.,-115.),.PIECEWISE_BEZIER_KNOTS.);
#8249 = CARTESIAN_POINT('',(305.,2.08E+03));
#8250 = CARTESIAN_POINT('',(195.,2.08E+03));
#8251 = ( GEOMETRIC_REPRESENTATION_CONTEXT(2) 
PARAMETRIC_REPRESENTATION_CONTEXT() REPRESENTATION_CONTEXT('2D SPACE',''
  ) );
#8252 = PCURVE('',#8253,#8258);
#8253 = PLANE('',#8254);
#8254 = AXIS2_PLACEMENT_3D('',#8255,#8256,#8257);
#8255 = CARTESIAN_POINT('',(80.,-1.1E+03,120.));
#8256 = DIRECTION('',(1.,0.,0.));
#8257 = DIRECTION('',(0.,0.,1.));
#8258 = DEFINITIONAL_REPRESENTATION('',(#8259),#8262);
#8259 = B_SPLINE_CURVE_WITH_KNOTS('',1,(#8260,#8261),.UNSPECIFIED.,.F.,
  .F.,(2,2),(-225.,-115.),.PIECEWISE_BEZIER_KNOTS.);
#8260 = CARTESIAN_POINT('',(145.,-1.36E+03));
#8261 = CARTESIAN_POINT('',(35.,-1.36E+03));
#8262 = ( GEOMETRIC_REPRESENTATION_CONTEXT(2) 
PARAMETRIC_REPRESENTATION_CONTEXT() REPRESENTATION_CONTEXT('2D SPACE',''
  ) );
#8263 = ORIENTED_EDGE('',*,*,#8264,.F.);
#8264 = EDGE_CURVE('',#8265,#8239,#8267,.T.);
#8265 = VERTEX_POINT('',#8266);
#8266 = CARTESIAN_POINT('',(45.,260.,300.));
#8267 = SURFACE_CURVE('',#8268,(#8273,#8280),.PCURVE_S1.);
#8268 = CIRCLE('',#8269,35.);
#8269 = AXIS2_PLACEMENT_3D('',#8270,#8271,#8272);
#8270 = CARTESIAN_POINT('',(45.,260.,265.));
#8271 = DIRECTION('',(0.,1.,0.));
#8272 = DIRECTION('',(1.,0.,-0.));
#8273 = PCURVE('',#1808,#8274);
#8274 = DEFINITIONAL_REPRESENTATION('',(#8275),#8279);
#8275 = CIRCLE('',#8276,35.);
#8276 = AXIS2_PLACEMENT_2D('',#8277,#8278);
#8277 = CARTESIAN_POINT('',(305.,2.045E+03));
#8278 = DIRECTION('',(0.,1.));
#8279 = ( GEOMETRIC_REPRESENTATION_CONTEXT(2) 
PARAMETRIC_REPRESENTATION_CONTEXT() REPRESENTATION_CONTEXT('2D SPACE',''
  ) );
#8280 = PCURVE('',#8281,#8286);
#8281 = CYLINDRICAL_SURFACE('',#8282,35.);
#8282 = AXIS2_PLACEMENT_3D('',#8283,#8284,#8285);
#8283 = CARTESIAN_POINT('',(45.,-1.1E+03,265.));
#8284 = DIRECTION('',(0.,1.,0.));
#8285 = DIRECTION('',(1.,0.,-0.));
#8286 = DEFINITIONAL_REPRESENTATION('',(#8287),#8291);
#8287 = LINE('',#8288,#8289);
#8288 = CARTESIAN_POINT('',(-6.28318530718,1.36E+03));
#8289 = VECTOR('',#8290,1.);
#8290 = DIRECTION('',(1.,-0.));
#8291 = ( GEOMETRIC_REPRESENTATION_CONTEXT(2) 
PARAMETRIC_REPRESENTATION_CONTEXT() REPRESENTATION_CONTEXT('2D SPACE',''
  ) );
#8292 = ORIENTED_EDGE('',*,*,#8293,.F.);
#8293 = EDGE_CURVE('',#8294,#8265,#8296,.T.);
#8294 = VERTEX_POINT('',#8295);
#8295 = CARTESIAN_POINT('',(-45.,260.,300.));
#8296 = SURFACE_CURVE('',#8297,(#8301,#8307),.PCURVE_S1.);
#8297 = LINE('',#8298,#8299);
#8298 = CARTESIAN_POINT('',(-1.04E+03,260.,300.));
#8299 = VECTOR('',#8300,1.);
#8300 = DIRECTION('',(1.,0.,0.));
#8301 = PCURVE('',#1808,#8302);
#8302 = DEFINITIONAL_REPRESENTATION('',(#8303),#8306);
#8303 = B_SPLINE_CURVE_WITH_KNOTS('',1,(#8304,#8305),.UNSPECIFIED.,.F.,
  .F.,(2,2),(995.,1.085E+03),.PIECEWISE_BEZIER_KNOTS.);
#8304 = CARTESIAN_POINT('',(340.,1.955E+03));
#8305 = CARTESIAN_POINT('',(340.,2.045E+03));
#8306 = ( GEOMETRIC_REPRESENTATION_CONTEXT(2) 
PARAMETRIC_REPRESENTATION_CONTEXT() REPRESENTATION_CONTEXT('2D SPACE',''
  ) );
#8307 = PCURVE('',#8308,#8313);
#8308 = PLANE('',#8309);
#8309 = AXIS2_PLACEMENT_3D('',#8310,#8311,#8312);
#8310 = CARTESIAN_POINT('',(-80.,-1.1E+03,300.));
#8311 = DIRECTION('',(0.,0.,1.));
#8312 = DIRECTION('',(1.,0.,0.));
#8313 = DEFINITIONAL_REPRESENTATION('',(#8314),#8317);
#8314 = B_SPLINE_CURVE_WITH_KNOTS('',1,(#8315,#8316),.UNSPECIFIED.,.F.,
  .F.,(2,2),(995.,1.085E+03),.PIECEWISE_BEZIER_KNOTS.);
#8315 = CARTESIAN_POINT('',(35.,1.36E+03));
#8316 = CARTESIAN_POINT('',(125.,1.36E+03));
#8317 = ( GEOMETRIC_REPRESENTATION_CONTEXT(2) 
PARAMETRIC_REPRESENTATION_CONTEXT() REPRESENTATION_CONTEXT('2D SPACE',''
  ) );
#8318 = ORIENTED_EDGE('',*,*,#8319,.F.);
#8319 = EDGE_CURVE('',#8320,#8294,#8322,.T.);
#8320 = VERTEX_POINT('',#8321);
#8321 = CARTESIAN_POINT('',(-80.,260.,265.));
#8322 = SURFACE_CURVE('',#8323,(#8328,#8335),.PCURVE_S1.);
#8323 = CIRCLE('',#8324,35.);
#8324 = AXIS2_PLACEMENT_3D('',#8325,#8326,#8327);
#8325 = CARTESIAN_POINT('',(-45.,260.,265.));
#8326 = DIRECTION('',(0.,1.,0.));
#8327 = DIRECTION('',(-1.,0.,0.));
#8328 = PCURVE('',#1808,#8329);
#8329 = DEFINITIONAL_REPRESENTATION('',(#8330),#8334);
#8330 = CIRCLE('',#8331,35.);
#8331 = AXIS2_PLACEMENT_2D('',#8332,#8333);
#8332 = CARTESIAN_POINT('',(305.,1.955E+03));
#8333 = DIRECTION('',(0.,-1.));
#8334 = ( GEOMETRIC_REPRESENTATION_CONTEXT(2) 
PARAMETRIC_REPRESENTATION_CONTEXT() REPRESENTATION_CONTEXT('2D SPACE',''
  ) );
#8335 = PCURVE('',#8336,#8341);
#8336 = CYLINDRICAL_SURFACE('',#8337,35.);
#8337 = AXIS2_PLACEMENT_3D('',#8338,#8339,#8340);
#8338 = CARTESIAN_POINT('',(-45.,-1.1E+03,265.));
#8339 = DIRECTION('',(0.,1.,0.));
#8340 = DIRECTION('',(-1.,0.,0.));
#8341 = DEFINITIONAL_REPRESENTATION('',(#8342),#8346);
#8342 = LINE('',#8343,#8344);
#8343 = CARTESIAN_POINT('',(0.,1.36E+03));
#8344 = VECTOR('',#8345,1.);
#8345 = DIRECTION('',(1.,0.));
#8346 = ( GEOMETRIC_REPRESENTATION_CONTEXT(2) 
PARAMETRIC_REPRESENTATION_CONTEXT() REPRESENTATION_CONTEXT('2D SPACE',''
  ) );
#8347 = ORIENTED_EDGE('',*,*,#8348,.T.);
#8348 = EDGE_CURVE('',#8320,#8349,#8351,.T.);
#8349 = VERTEX_POINT('',#8350);
#8350 = CARTESIAN_POINT('',(-80.,260.,155.));
#8351 = SURFACE_CURVE('',#8352,(#8356,#8362),.PCURVE_S1.);
#8352 = LINE('',#8353,#8354);
#8353 = CARTESIAN_POINT('',(-80.,260.,40.));
#8354 = VECTOR('',#8355,1.);
#8355 = DIRECTION('',(0.,0.,-1.));
#8356 = PCURVE('',#1808,#8357);
#8357 = DEFINITIONAL_REPRESENTATION('',(#8358),#8361);
#8358 = B_SPLINE_CURVE_WITH_KNOTS('',1,(#8359,#8360),.UNSPECIFIED.,.F.,
  .F.,(2,2),(-225.,-115.),.PIECEWISE_BEZIER_KNOTS.);
#8359 = CARTESIAN_POINT('',(305.,1.92E+03));
#8360 = CARTESIAN_POINT('',(195.,1.92E+03));
#8361 = ( GEOMETRIC_REPRESENTATION_CONTEXT(2) 
PARAMETRIC_REPRESENTATION_CONTEXT() REPRESENTATION_CONTEXT('2D SPACE',''
  ) );
#8362 = PCURVE('',#8363,#8368);
#8363 = PLANE('',#8364);
#8364 = AXIS2_PLACEMENT_3D('',#8365,#8366,#8367);
#8365 = CARTESIAN_POINT('',(-80.,-1.1E+03,120.));
#8366 = DIRECTION('',(1.,0.,0.));
#8367 = DIRECTION('',(0.,0.,1.));
#8368 = DEFINITIONAL_REPRESENTATION('',(#8369),#8372);
#8369 = B_SPLINE_CURVE_WITH_KNOTS('',1,(#8370,#8371),.UNSPECIFIED.,.F.,
  .F.,(2,2),(-225.,-115.),.PIECEWISE_BEZIER_KNOTS.);
#8370 = CARTESIAN_POINT('',(145.,-1.36E+03));
#8371 = CARTESIAN_POINT('',(35.,-1.36E+03));
#8372 = ( GEOMETRIC_REPRESENTATION_CONTEXT(2) 
PARAMETRIC_REPRESENTATION_CONTEXT() REPRESENTATION_CONTEXT('2D SPACE',''
  ) );
#8373 = ORIENTED_EDGE('',*,*,#8374,.F.);
#8374 = EDGE_CURVE('',#8375,#8349,#8377,.T.);
#8375 = VERTEX_POINT('',#8376);
#8376 = CARTESIAN_POINT('',(-69.49489742783,260.,130.));
#8377 = SURFACE_CURVE('',#8378,(#8383,#8390),.PCURVE_S1.);
#8378 = CIRCLE('',#8379,35.);
#8379 = AXIS2_PLACEMENT_3D('',#8380,#8381,#8382);
#8380 = CARTESIAN_POINT('',(-45.,260.,155.));
#8381 = DIRECTION('',(0.,1.,0.));
#8382 = DIRECTION('',(-1.,0.,0.));
#8383 = PCURVE('',#1808,#8384);
#8384 = DEFINITIONAL_REPRESENTATION('',(#8385),#8389);
#8385 = CIRCLE('',#8386,35.);
#8386 = AXIS2_PLACEMENT_2D('',#8387,#8388);
#8387 = CARTESIAN_POINT('',(195.,1.955E+03));
#8388 = DIRECTION('',(0.,-1.));
#8389 = ( GEOMETRIC_REPRESENTATION_CONTEXT(2) 
PARAMETRIC_REPRESENTATION_CONTEXT() REPRESENTATION_CONTEXT('2D SPACE',''
  ) );
#8390 = PCURVE('',#8391,#8396);
#8391 = CYLINDRICAL_SURFACE('',#8392,35.);
#8392 = AXIS2_PLACEMENT_3D('',#8393,#8394,#8395);
#8393 = CARTESIAN_POINT('',(-45.,-1.1E+03,155.));
#8394 = DIRECTION('',(0.,1.,0.));
#8395 = DIRECTION('',(-1.,0.,0.));
#8396 = DEFINITIONAL_REPRESENTATION('',(#8397),#8401);
#8397 = LINE('',#8398,#8399);
#8398 = CARTESIAN_POINT('',(-6.28318530718,1.36E+03));
#8399 = VECTOR('',#8400,1.);
#8400 = DIRECTION('',(1.,-0.));
#8401 = ( GEOMETRIC_REPRESENTATION_CONTEXT(2) 
PARAMETRIC_REPRESENTATION_CONTEXT() REPRESENTATION_CONTEXT('2D SPACE',''
  ) );
#8402 = ORIENTED_EDGE('',*,*,#8403,.T.);
#8403 = EDGE_CURVE('',#8375,#8404,#8406,.T.);
#8404 = VERTEX_POINT('',#8405);
#8405 = CARTESIAN_POINT('',(-1.630505102572E+03,260.,130.));
#8406 = SURFACE_CURVE('',#8407,(#8411,#8417),.PCURVE_S1.);
#8407 = LINE('',#8408,#8409);
#8408 = CARTESIAN_POINT('',(-2.3E+03,260.,130.));
#8409 = VECTOR('',#8410,1.);
#8410 = DIRECTION('',(-1.,0.,0.));
#8411 = PCURVE('',#1808,#8412);
#8412 = DEFINITIONAL_REPRESENTATION('',(#8413),#8416);
#8413 = B_SPLINE_CURVE_WITH_KNOTS('',1,(#8414,#8415),.UNSPECIFIED.,.F.,
  .F.,(2,2),(-4.18E+03,-420.),.PIECEWISE_BEZIER_KNOTS.);
#8414 = CARTESIAN_POINT('',(170.,3.88E+03));
#8415 = CARTESIAN_POINT('',(170.,120.));
#8416 = ( GEOMETRIC_REPRESENTATION_CONTEXT(2) 
PARAMETRIC_REPRESENTATION_CONTEXT() REPRESENTATION_CONTEXT('2D SPACE',''
  ) );
#8417 = PCURVE('',#8418,#8423);
#8418 = PLANE('',#8419);
#8419 = AXIS2_PLACEMENT_3D('',#8420,#8421,#8422);
#8420 = CARTESIAN_POINT('',(-2.6E+03,-1.3E+03,130.));
#8421 = DIRECTION('',(0.,0.,1.));
#8422 = DIRECTION('',(1.,0.,0.));
#8423 = DEFINITIONAL_REPRESENTATION('',(#8424),#8427);
#8424 = B_SPLINE_CURVE_WITH_KNOTS('',1,(#8425,#8426),.UNSPECIFIED.,.F.,
  .F.,(2,2),(-4.18E+03,-420.),.PIECEWISE_BEZIER_KNOTS.);
#8425 = CARTESIAN_POINT('',(4.48E+03,1.56E+03));
#8426 = CARTESIAN_POINT('',(720.,1.56E+03));
#8427 = ( GEOMETRIC_REPRESENTATION_CONTEXT(2) 
PARAMETRIC_REPRESENTATION_CONTEXT() REPRESENTATION_CONTEXT('2D SPACE',''
  ) );
#8428 = ORIENTED_EDGE('',*,*,#8429,.F.);
#8429 = EDGE_CURVE('',#8430,#8404,#8432,.T.);
#8430 = VERTEX_POINT('',#8431);
#8431 = CARTESIAN_POINT('',(-1.62E+03,260.,155.));
#8432 = SURFACE_CURVE('',#8433,(#8438,#8445),.PCURVE_S1.);
#8433 = CIRCLE('',#8434,35.);
#8434 = AXIS2_PLACEMENT_3D('',#8435,#8436,#8437);
#8435 = CARTESIAN_POINT('',(-1.655E+03,260.,155.));
#8436 = DIRECTION('',(0.,1.,0.));
#8437 = DIRECTION('',(1.,0.,-0.));
#8438 = PCURVE('',#1808,#8439);
#8439 = DEFINITIONAL_REPRESENTATION('',(#8440),#8444);
#8440 = CIRCLE('',#8441,35.);
#8441 = AXIS2_PLACEMENT_2D('',#8442,#8443);
#8442 = CARTESIAN_POINT('',(195.,345.));
#8443 = DIRECTION('',(0.,1.));
#8444 = ( GEOMETRIC_REPRESENTATION_CONTEXT(2) 
PARAMETRIC_REPRESENTATION_CONTEXT() REPRESENTATION_CONTEXT('2D SPACE',''
  ) );
#8445 = PCURVE('',#8446,#8451);
#8446 = CYLINDRICAL_SURFACE('',#8447,35.);
#8447 = AXIS2_PLACEMENT_3D('',#8448,#8449,#8450);
#8448 = CARTESIAN_POINT('',(-1.655E+03,-1.1E+03,155.));
#8449 = DIRECTION('',(0.,1.,0.));
#8450 = DIRECTION('',(1.,0.,-0.));
#8451 = DEFINITIONAL_REPRESENTATION('',(#8452),#8456);
#8452 = LINE('',#8453,#8454);
#8453 = CARTESIAN_POINT('',(0.,1.36E+03));
#8454 = VECTOR('',#8455,1.);
#8455 = DIRECTION('',(1.,0.));
#8456 = ( GEOMETRIC_REPRESENTATION_CONTEXT(2) 
PARAMETRIC_REPRESENTATION_CONTEXT() REPRESENTATION_CONTEXT('2D SPACE',''
  ) );
#8457 = ORIENTED_EDGE('',*,*,#8458,.F.);
#8458 = EDGE_CURVE('',#8459,#8430,#8461,.T.);
#8459 = VERTEX_POINT('',#8460);
#8460 = CARTESIAN_POINT('',(-1.62E+03,260.,265.));
#8461 = SURFACE_CURVE('',#8462,(#8466,#8472),.PCURVE_S1.);
#8462 = LINE('',#8463,#8464);
#8463 = CARTESIAN_POINT('',(-1.62E+03,260.,40.));
#8464 = VECTOR('',#8465,1.);
#8465 = DIRECTION('',(0.,0.,-1.));
#8466 = PCURVE('',#1808,#8467);
#8467 = DEFINITIONAL_REPRESENTATION('',(#8468),#8471);
#8468 = B_SPLINE_CURVE_WITH_KNOTS('',1,(#8469,#8470),.UNSPECIFIED.,.F.,
  .F.,(2,2),(-225.,-115.),.PIECEWISE_BEZIER_KNOTS.);
#8469 = CARTESIAN_POINT('',(305.,380.));
#8470 = CARTESIAN_POINT('',(195.,380.));
#8471 = ( GEOMETRIC_REPRESENTATION_CONTEXT(2) 
PARAMETRIC_REPRESENTATION_CONTEXT() REPRESENTATION_CONTEXT('2D SPACE',''
  ) );
#8472 = PCURVE('',#8473,#8478);
#8473 = PLANE('',#8474);
#8474 = AXIS2_PLACEMENT_3D('',#8475,#8476,#8477);
#8475 = CARTESIAN_POINT('',(-1.62E+03,-1.1E+03,120.));
#8476 = DIRECTION('',(1.,0.,0.));
#8477 = DIRECTION('',(0.,0.,1.));
#8478 = DEFINITIONAL_REPRESENTATION('',(#8479),#8482);
#8479 = B_SPLINE_CURVE_WITH_KNOTS('',1,(#8480,#8481),.UNSPECIFIED.,.F.,
  .F.,(2,2),(-225.,-115.),.PIECEWISE_BEZIER_KNOTS.);
#8480 = CARTESIAN_POINT('',(145.,-1.36E+03));
#8481 = CARTESIAN_POINT('',(35.,-1.36E+03));
#8482 = ( GEOMETRIC_REPRESENTATION_CONTEXT(2) 
PARAMETRIC_REPRESENTATION_CONTEXT() REPRESENTATION_CONTEXT('2D SPACE',''
  ) );
#8483 = ORIENTED_EDGE('',*,*,#8484,.F.);
#8484 = EDGE_CURVE('',#8485,#8459,#8487,.T.);
#8485 = VERTEX_POINT('',#8486);
#8486 = CARTESIAN_POINT('',(-1.655E+03,260.,300.));
#8487 = SURFACE_CURVE('',#8488,(#8493,#8500),.PCURVE_S1.);
#8488 = CIRCLE('',#8489,35.);
#8489 = AXIS2_PLACEMENT_3D('',#8490,#8491,#8492);
#8490 = CARTESIAN_POINT('',(-1.655E+03,260.,265.));
#8491 = DIRECTION('',(0.,1.,0.));
#8492 = DIRECTION('',(1.,0.,-0.));
#8493 = PCURVE('',#1808,#8494);
#8494 = DEFINITIONAL_REPRESENTATION('',(#8495),#8499);
#8495 = CIRCLE('',#8496,35.);
#8496 = AXIS2_PLACEMENT_2D('',#8497,#8498);
#8497 = CARTESIAN_POINT('',(305.,345.));
#8498 = DIRECTION('',(0.,1.));
#8499 = ( GEOMETRIC_REPRESENTATION_CONTEXT(2) 
PARAMETRIC_REPRESENTATION_CONTEXT() REPRESENTATION_CONTEXT('2D SPACE',''
  ) );
#8500 = PCURVE('',#8501,#8506);
#8501 = CYLINDRICAL_SURFACE('',#8502,35.);
#8502 = AXIS2_PLACEMENT_3D('',#8503,#8504,#8505);
#8503 = CARTESIAN_POINT('',(-1.655E+03,-1.1E+03,265.));
#8504 = DIRECTION('',(0.,1.,0.));
#8505 = DIRECTION('',(1.,0.,-0.));
#8506 = DEFINITIONAL_REPRESENTATION('',(#8507),#8511);
#8507 = LINE('',#8508,#8509);
#8508 = CARTESIAN_POINT('',(-6.28318530718,1.36E+03));
#8509 = VECTOR('',#8510,1.);
#8510 = DIRECTION('',(1.,-0.));
#8511 = ( GEOMETRIC_REPRESENTATION_CONTEXT(2) 
PARAMETRIC_REPRESENTATION_CONTEXT() REPRESENTATION_CONTEXT('2D SPACE',''
  ) );
#8512 = ORIENTED_EDGE('',*,*,#8513,.F.);
#8513 = EDGE_CURVE('',#8514,#8485,#8516,.T.);
#8514 = VERTEX_POINT('',#8515);
#8515 = CARTESIAN_POINT('',(-1.745E+03,260.,300.));
#8516 = SURFACE_CURVE('',#8517,(#8521,#8527),.PCURVE_S1.);
#8517 = LINE('',#8518,#8519);
#8518 = CARTESIAN_POINT('',(-1.89E+03,260.,300.));
#8519 = VECTOR('',#8520,1.);
#8520 = DIRECTION('',(1.,0.,0.));
#8521 = PCURVE('',#1808,#8522);
#8522 = DEFINITIONAL_REPRESENTATION('',(#8523),#8526);
#8523 = B_SPLINE_CURVE_WITH_KNOTS('',1,(#8524,#8525),.UNSPECIFIED.,.F.,
  .F.,(2,2),(145.,235.),.PIECEWISE_BEZIER_KNOTS.);
#8524 = CARTESIAN_POINT('',(340.,255.));
#8525 = CARTESIAN_POINT('',(340.,345.));
#8526 = ( GEOMETRIC_REPRESENTATION_CONTEXT(2) 
PARAMETRIC_REPRESENTATION_CONTEXT() REPRESENTATION_CONTEXT('2D SPACE',''
  ) );
#8527 = PCURVE('',#8528,#8533);
#8528 = PLANE('',#8529);
#8529 = AXIS2_PLACEMENT_3D('',#8530,#8531,#8532);
#8530 = CARTESIAN_POINT('',(-1.78E+03,-1.1E+03,300.));
#8531 = DIRECTION('',(0.,0.,1.));
#8532 = DIRECTION('',(1.,0.,0.));
#8533 = DEFINITIONAL_REPRESENTATION('',(#8534),#8537);
#8534 = B_SPLINE_CURVE_WITH_KNOTS('',1,(#8535,#8536),.UNSPECIFIED.,.F.,
  .F.,(2,2),(145.,235.),.PIECEWISE_BEZIER_KNOTS.);
#8535 = CARTESIAN_POINT('',(35.,1.36E+03));
#8536 = CARTESIAN_POINT('',(125.,1.36E+03));
#8537 = ( GEOMETRIC_REPRESENTATION_CONTEXT(2) 
PARAMETRIC_REPRESENTATION_CONTEXT() REPRESENTATION_CONTEXT('2D SPACE',''
  ) );
#8538 = ORIENTED_EDGE('',*,*,#8539,.F.);
#8539 = EDGE_CURVE('',#8540,#8514,#8542,.T.);
#8540 = VERTEX_POINT('',#8541);
#8541 = CARTESIAN_POINT('',(-1.78E+03,260.,265.));
#8542 = SURFACE_CURVE('',#8543,(#8548,#8555),.PCURVE_S1.);
#8543 = CIRCLE('',#8544,35.);
#8544 = AXIS2_PLACEMENT_3D('',#8545,#8546,#8547);
#8545 = CARTESIAN_POINT('',(-1.745E+03,260.,265.));
#8546 = DIRECTION('',(0.,1.,0.));
#8547 = DIRECTION('',(-1.,0.,0.));
#8548 = PCURVE('',#1808,#8549);
#8549 = DEFINITIONAL_REPRESENTATION('',(#8550),#8554);
#8550 = CIRCLE('',#8551,35.);
#8551 = AXIS2_PLACEMENT_2D('',#8552,#8553);
#8552 = CARTESIAN_POINT('',(305.,255.));
#8553 = DIRECTION('',(0.,-1.));
#8554 = ( GEOMETRIC_REPRESENTATION_CONTEXT(2) 
PARAMETRIC_REPRESENTATION_CONTEXT() REPRESENTATION_CONTEXT('2D SPACE',''
  ) );
#8555 = PCURVE('',#8556,#8561);
#8556 = CYLINDRICAL_SURFACE('',#8557,35.);
#8557 = AXIS2_PLACEMENT_3D('',#8558,#8559,#8560);
#8558 = CARTESIAN_POINT('',(-1.745E+03,-1.1E+03,265.));
#8559 = DIRECTION('',(0.,1.,0.));
#8560 = DIRECTION('',(-1.,0.,0.));
#8561 = DEFINITIONAL_REPRESENTATION('',(#8562),#8566);
#8562 = LINE('',#8563,#8564);
#8563 = CARTESIAN_POINT('',(0.,1.36E+03));
#8564 = VECTOR('',#8565,1.);
#8565 = DIRECTION('',(1.,0.));
#8566 = ( GEOMETRIC_REPRESENTATION_CONTEXT(2) 
PARAMETRIC_REPRESENTATION_CONTEXT() REPRESENTATION_CONTEXT('2D SPACE',''
  ) );
#8567 = ORIENTED_EDGE('',*,*,#8568,.T.);
#8568 = EDGE_CURVE('',#8540,#8569,#8571,.T.);
#8569 = VERTEX_POINT('',#8570);
#8570 = CARTESIAN_POINT('',(-1.78E+03,260.,155.));
#8571 = SURFACE_CURVE('',#8572,(#8576,#8582),.PCURVE_S1.);
#8572 = LINE('',#8573,#8574);
#8573 = CARTESIAN_POINT('',(-1.78E+03,260.,40.));
#8574 = VECTOR('',#8575,1.);
#8575 = DIRECTION('',(0.,0.,-1.));
#8576 = PCURVE('',#1808,#8577);
#8577 = DEFINITIONAL_REPRESENTATION('',(#8578),#8581);
#8578 = B_SPLINE_CURVE_WITH_KNOTS('',1,(#8579,#8580),.UNSPECIFIED.,.F.,
  .F.,(2,2),(-225.,-115.),.PIECEWISE_BEZIER_KNOTS.);
#8579 = CARTESIAN_POINT('',(305.,220.));
#8580 = CARTESIAN_POINT('',(195.,220.));
#8581 = ( GEOMETRIC_REPRESENTATION_CONTEXT(2) 
PARAMETRIC_REPRESENTATION_CONTEXT() REPRESENTATION_CONTEXT('2D SPACE',''
  ) );
#8582 = PCURVE('',#8583,#8588);
#8583 = PLANE('',#8584);
#8584 = AXIS2_PLACEMENT_3D('',#8585,#8586,#8587);
#8585 = CARTESIAN_POINT('',(-1.78E+03,-1.1E+03,120.));
#8586 = DIRECTION('',(1.,0.,0.));
#8587 = DIRECTION('',(0.,0.,1.));
#8588 = DEFINITIONAL_REPRESENTATION('',(#8589),#8592);
#8589 = B_SPLINE_CURVE_WITH_KNOTS('',1,(#8590,#8591),.UNSPECIFIED.,.F.,
  .F.,(2,2),(-225.,-115.),.PIECEWISE_BEZIER_KNOTS.);
#8590 = CARTESIAN_POINT('',(145.,-1.36E+03));
#8591 = CARTESIAN_POINT('',(35.,-1.36E+03));
#8592 = ( GEOMETRIC_REPRESENTATION_CONTEXT(2) 
PARAMETRIC_REPRESENTATION_CONTEXT() REPRESENTATION_CONTEXT('2D SPACE',''
  ) );
#8593 = ORIENTED_EDGE('',*,*,#8594,.F.);
#8594 = EDGE_CURVE('',#1794,#8569,#8595,.T.);
#8595 = SURFACE_CURVE('',#8596,(#8601,#8608),.PCURVE_S1.);
#8596 = CIRCLE('',#8597,35.);
#8597 = AXIS2_PLACEMENT_3D('',#8598,#8599,#8600);
#8598 = CARTESIAN_POINT('',(-1.745E+03,260.,155.));
#8599 = DIRECTION('',(0.,1.,0.));
#8600 = DIRECTION('',(-1.,0.,0.));
#8601 = PCURVE('',#1808,#8602);
#8602 = DEFINITIONAL_REPRESENTATION('',(#8603),#8607);
#8603 = CIRCLE('',#8604,35.);
#8604 = AXIS2_PLACEMENT_2D('',#8605,#8606);
#8605 = CARTESIAN_POINT('',(195.,255.));
#8606 = DIRECTION('',(0.,-1.));
#8607 = ( GEOMETRIC_REPRESENTATION_CONTEXT(2) 
PARAMETRIC_REPRESENTATION_CONTEXT() REPRESENTATION_CONTEXT('2D SPACE',''
  ) );
#8608 = PCURVE('',#1834,#8609);
#8609 = DEFINITIONAL_REPRESENTATION('',(#8610),#8614);
#8610 = LINE('',#8611,#8612);
#8611 = CARTESIAN_POINT('',(-6.28318530718,1.36E+03));
#8612 = VECTOR('',#8613,1.);
#8613 = DIRECTION('',(1.,-0.));
#8614 = ( GEOMETRIC_REPRESENTATION_CONTEXT(2) 
PARAMETRIC_REPRESENTATION_CONTEXT() REPRESENTATION_CONTEXT('2D SPACE',''
  ) );
#8615 = ORIENTED_EDGE('',*,*,#1793,.T.);
#8616 = ORIENTED_EDGE('',*,*,#8617,.T.);
#8617 = EDGE_CURVE('',#1765,#8618,#8620,.T.);
#8618 = VERTEX_POINT('',#8619);
#8619 = CARTESIAN_POINT('',(-1.88E+03,260.,360.));
#8620 = SURFACE_CURVE('',#8621,(#8625,#8632),.PCURVE_S1.);
#8621 = LINE('',#8622,#8623);
#8622 = CARTESIAN_POINT('',(-1.88E+03,260.,-40.));
#8623 = VECTOR('',#8624,1.);
#8624 = DIRECTION('',(0.,0.,1.));
#8625 = PCURVE('',#1808,#8626);
#8626 = DEFINITIONAL_REPRESENTATION('',(#8627),#8631);
#8627 = LINE('',#8628,#8629);
#8628 = CARTESIAN_POINT('',(0.,120.));
#8629 = VECTOR('',#8630,1.);
#8630 = DIRECTION('',(1.,0.));
#8631 = ( GEOMETRIC_REPRESENTATION_CONTEXT(2) 
PARAMETRIC_REPRESENTATION_CONTEXT() REPRESENTATION_CONTEXT('2D SPACE',''
  ) );
#8632 = PCURVE('',#1781,#8633);
#8633 = DEFINITIONAL_REPRESENTATION('',(#8634),#8638);
#8634 = LINE('',#8635,#8636);
#8635 = CARTESIAN_POINT('',(-1.570796326795,0.));
#8636 = VECTOR('',#8637,1.);
#8637 = DIRECTION('',(-0.,1.));
#8638 = ( GEOMETRIC_REPRESENTATION_CONTEXT(2) 
PARAMETRIC_REPRESENTATION_CONTEXT() REPRESENTATION_CONTEXT('2D SPACE',''
  ) );
#8639 = ORIENTED_EDGE('',*,*,#8640,.T.);
#8640 = EDGE_CURVE('',#8618,#7940,#8641,.T.);
#8641 = SURFACE_CURVE('',#8642,(#8646,#8653),.PCURVE_S1.);
#8642 = LINE('',#8643,#8644);
#8643 = CARTESIAN_POINT('',(-2.E+03,260.,360.));
#8644 = VECTOR('',#8645,1.);
#8645 = DIRECTION('',(1.,0.,0.));
#8646 = PCURVE('',#1808,#8647);
#8647 = DEFINITIONAL_REPRESENTATION('',(#8648),#8652);
#8648 = LINE('',#8649,#8650);
#8649 = CARTESIAN_POINT('',(400.,0.));
#8650 = VECTOR('',#8651,1.);
#8651 = DIRECTION('',(0.,1.));
#8652 = ( GEOMETRIC_REPRESENTATION_CONTEXT(2) 
PARAMETRIC_REPRESENTATION_CONTEXT() REPRESENTATION_CONTEXT('2D SPACE',''
  ) );
#8653 = PCURVE('',#8654,#8659);
#8654 = CYLINDRICAL_SURFACE('',#8655,120.);
#8655 = AXIS2_PLACEMENT_3D('',#8656,#8657,#8658);
#8656 = CARTESIAN_POINT('',(-2.E+03,140.,360.));
#8657 = DIRECTION('',(1.,0.,0.));
#8658 = DIRECTION('',(-0.,1.,0.));
#8659 = DEFINITIONAL_REPRESENTATION('',(#8660),#8664);
#8660 = LINE('',#8661,#8662);
#8661 = CARTESIAN_POINT('',(0.,0.));
#8662 = VECTOR('',#8663,1.);
#8663 = DIRECTION('',(0.,1.));
#8664 = ( GEOMETRIC_REPRESENTATION_CONTEXT(2) 
PARAMETRIC_REPRESENTATION_CONTEXT() REPRESENTATION_CONTEXT('2D SPACE',''
  ) );
#8665 = ADVANCED_FACE('',(#8666),#2307,.T.);
#8666 = FACE_BOUND('',#8667,.T.);
#8667 = EDGE_LOOP('',(#8668,#8709,#8730,#8731));
#8668 = ORIENTED_EDGE('',*,*,#8669,.F.);
#8669 = EDGE_CURVE('',#8670,#2270,#8672,.T.);
#8670 = VERTEX_POINT('',#8671);
#8671 = CARTESIAN_POINT('',(1.78E+03,656.28289726837,155.));
#8672 = SURFACE_CURVE('',#8673,(#8683,#8696),.PCURVE_S1.);
#8673 = B_SPLINE_CURVE_WITH_KNOTS('',8,(#8674,#8675,#8676,#8677,#8678,
    #8679,#8680,#8681,#8682),.UNSPECIFIED.,.F.,.F.,(9,9),(0.,1.),
  .PIECEWISE_BEZIER_KNOTS.);
#8674 = CARTESIAN_POINT('',(1.78E+03,656.28289726837,155.));
#8675 = CARTESIAN_POINT('',(1.78E+03,657.79056859903,151.20923354516));
#8676 = CARTESIAN_POINT('',(1.779530778921E+03,659.34575325772,
    147.52277458561));
#8677 = CARTESIAN_POINT('',(1.778637521764E+03,660.92042520331,
    143.99585382875));
#8678 = CARTESIAN_POINT('',(1.777366752858E+03,662.48372158559,
    140.67275054858));
#8679 = CARTESIAN_POINT('',(1.775766723838E+03,664.00344778929,
    137.58887103148));
#8680 = CARTESIAN_POINT('',(1.773887239169E+03,665.448354888,
    134.7711871705));
#8681 = CARTESIAN_POINT('',(1.771779327446E+03,666.79097877582,
    132.23827515878));
#8682 = CARTESIAN_POINT('',(1.769494897428E+03,668.00990123275,130.));
#8683 = PCURVE('',#2307,#8684);
#8684 = DEFINITIONAL_REPRESENTATION('',(#8685),#8695);
#8685 = B_SPLINE_CURVE_WITH_KNOTS('',8,(#8686,#8687,#8688,#8689,#8690,
    #8691,#8692,#8693,#8694),.UNSPECIFIED.,.F.,.F.,(9,9),(0.,1.),
  .PIECEWISE_BEZIER_KNOTS.);
#8686 = CARTESIAN_POINT('',(0.,1.756282897268E+03));
#8687 = CARTESIAN_POINT('',(0.108307612995,1.757790568599E+03));
#8688 = CARTESIAN_POINT('',(0.213635030425,1.759345753258E+03));
#8689 = CARTESIAN_POINT('',(0.316340083787,1.760920425203E+03));
#8690 = CARTESIAN_POINT('',(0.416646876063,1.762483721586E+03));
#8691 = CARTESIAN_POINT('',(0.514698137846,1.764003447789E+03));
#8692 = CARTESIAN_POINT('',(0.610559436995,1.765448354888E+03));
#8693 = CARTESIAN_POINT('',(0.704225752768,1.766790978776E+03));
#8694 = CARTESIAN_POINT('',(0.795602953485,1.768009901233E+03));
#8695 = ( GEOMETRIC_REPRESENTATION_CONTEXT(2) 
PARAMETRIC_REPRESENTATION_CONTEXT() REPRESENTATION_CONTEXT('2D SPACE',''
  ) );
#8696 = PCURVE('',#1861,#8697);
#8697 = DEFINITIONAL_REPRESENTATION('',(#8698),#8708);
#8698 = B_SPLINE_CURVE_WITH_KNOTS('',8,(#8699,#8700,#8701,#8702,#8703,
    #8704,#8705,#8706,#8707),.UNSPECIFIED.,.F.,.F.,(9,9),(0.,1.),
  .PIECEWISE_BEZIER_KNOTS.);
#8699 = CARTESIAN_POINT('',(-9.803319029631,-1.78E+03));
#8700 = CARTESIAN_POINT('',(-9.821056339404,-1.78E+03));
#8701 = CARTESIAN_POINT('',(-9.838448589388,-1.779530778921E+03));
#8702 = CARTESIAN_POINT('',(-9.855236117443,-1.778637521764E+03));
#8703 = CARTESIAN_POINT('',(-9.871197557315,-1.777366752858E+03));
#8704 = CARTESIAN_POINT('',(-9.886141357787,-1.775766723838E+03));
#8705 = CARTESIAN_POINT('',(-9.899906833959,-1.773887239169E+03));
#8706 = CARTESIAN_POINT('',(-9.912370194586,-1.771779327446E+03));
#8707 = CARTESIAN_POINT('',(-9.923451307831,-1.769494897428E+03));
#8708 = ( GEOMETRIC_REPRESENTATION_CONTEXT(2) 
PARAMETRIC_REPRESENTATION_CONTEXT() REPRESENTATION_CONTEXT('2D SPACE',''
  ) );
#8709 = ORIENTED_EDGE('',*,*,#8710,.F.);
#8710 = EDGE_CURVE('',#7995,#8670,#8711,.T.);
#8711 = SURFACE_CURVE('',#8712,(#8716,#8723),.PCURVE_S1.);
#8712 = LINE('',#8713,#8714);
#8713 = CARTESIAN_POINT('',(1.78E+03,-1.1E+03,155.));
#8714 = VECTOR('',#8715,1.);
#8715 = DIRECTION('',(0.,1.,0.));
#8716 = PCURVE('',#2307,#8717);
#8717 = DEFINITIONAL_REPRESENTATION('',(#8718),#8722);
#8718 = LINE('',#8719,#8720);
#8719 = CARTESIAN_POINT('',(0.,0.));
#8720 = VECTOR('',#8721,1.);
#8721 = DIRECTION('',(0.,1.));
#8722 = ( GEOMETRIC_REPRESENTATION_CONTEXT(2) 
PARAMETRIC_REPRESENTATION_CONTEXT() REPRESENTATION_CONTEXT('2D SPACE',''
  ) );
#8723 = PCURVE('',#8033,#8724);
#8724 = DEFINITIONAL_REPRESENTATION('',(#8725),#8729);
#8725 = LINE('',#8726,#8727);
#8726 = CARTESIAN_POINT('',(35.,0.));
#8727 = VECTOR('',#8728,1.);
#8728 = DIRECTION('',(0.,-1.));
#8729 = ( GEOMETRIC_REPRESENTATION_CONTEXT(2) 
PARAMETRIC_REPRESENTATION_CONTEXT() REPRESENTATION_CONTEXT('2D SPACE',''
  ) );
#8730 = ORIENTED_EDGE('',*,*,#7994,.T.);
#8731 = ORIENTED_EDGE('',*,*,#2292,.T.);
#8732 = ADVANCED_FACE('',(#8733),#1861,.T.);
#8733 = FACE_BOUND('',#8734,.F.);
#8734 = EDGE_LOOP('',(#8735,#8736,#8758,#8759,#8760,#8788,#8850,#8871,
    #8933,#8961,#9002,#9025,#9066,#9094,#9156,#9177,#9239,#9267,#9308,
    #9331,#9372,#9400,#9462,#9483,#9545,#9573,#9612,#9613,#9635,#9636,
    #9716,#9777,#9814,#9944,#9970,#10163,#10200,#10261,#10354,#10355,
    #10450,#10511,#10548,#10741,#10767,#10960,#10997,#11058,#11151,
    #11152,#11232,#11293,#11330,#11460,#11486,#11679,#11716,#11777));
#8735 = ORIENTED_EDGE('',*,*,#2220,.T.);
#8736 = ORIENTED_EDGE('',*,*,#8737,.T.);
#8737 = EDGE_CURVE('',#2221,#2244,#8738,.T.);
#8738 = SURFACE_CURVE('',#8739,(#8744,#8751),.PCURVE_S1.);
#8739 = CIRCLE('',#8740,230.);
#8740 = AXIS2_PLACEMENT_3D('',#8741,#8742,#8743);
#8741 = CARTESIAN_POINT('',(1.8E+03,870.,240.));
#8742 = DIRECTION('',(1.,0.,0.));
#8743 = DIRECTION('',(0.,0.878217820727,-0.478260869565));
#8744 = PCURVE('',#1861,#8745);
#8745 = DEFINITIONAL_REPRESENTATION('',(#8746),#8750);
#8746 = LINE('',#8747,#8748);
#8747 = CARTESIAN_POINT('',(-5.784511960118,-1.8E+03));
#8748 = VECTOR('',#8749,1.);
#8749 = DIRECTION('',(-1.,0.));
#8750 = ( GEOMETRIC_REPRESENTATION_CONTEXT(2) 
PARAMETRIC_REPRESENTATION_CONTEXT() REPRESENTATION_CONTEXT('2D SPACE',''
  ) );
#8751 = PCURVE('',#2258,#8752);
#8752 = DEFINITIONAL_REPRESENTATION('',(#8753),#8757);
#8753 = CIRCLE('',#8754,230.);
#8754 = AXIS2_PLACEMENT_2D('',#8755,#8756);
#8755 = CARTESIAN_POINT('',(-2.84217094304E-14,0.));
#8756 = DIRECTION('',(-0.478260869565,-0.878217820727));
#8757 = ( GEOMETRIC_REPRESENTATION_CONTEXT(2) 
PARAMETRIC_REPRESENTATION_CONTEXT() REPRESENTATION_CONTEXT('2D SPACE',''
  ) );
#8758 = ORIENTED_EDGE('',*,*,#2269,.T.);
#8759 = ORIENTED_EDGE('',*,*,#8669,.F.);
#8760 = ORIENTED_EDGE('',*,*,#8761,.T.);
#8761 = EDGE_CURVE('',#8670,#8762,#8764,.T.);
#8762 = VERTEX_POINT('',#8763);
#8763 = CARTESIAN_POINT('',(1.78E+03,641.36273269652,265.));
#8764 = SURFACE_CURVE('',#8765,(#8770,#8777),.PCURVE_S1.);
#8765 = CIRCLE('',#8766,230.);
#8766 = AXIS2_PLACEMENT_3D('',#8767,#8768,#8769);
#8767 = CARTESIAN_POINT('',(1.78E+03,870.,240.));
#8768 = DIRECTION('',(-1.,0.,0.));
#8769 = DIRECTION('',(0.,1.,0.));
#8770 = PCURVE('',#1861,#8771);
#8771 = DEFINITIONAL_REPRESENTATION('',(#8772),#8776);
#8772 = LINE('',#8773,#8774);
#8773 = CARTESIAN_POINT('',(-12.56637061435,-1.78E+03));
#8774 = VECTOR('',#8775,1.);
#8775 = DIRECTION('',(1.,-0.));
#8776 = ( GEOMETRIC_REPRESENTATION_CONTEXT(2) 
PARAMETRIC_REPRESENTATION_CONTEXT() REPRESENTATION_CONTEXT('2D SPACE',''
  ) );
#8777 = PCURVE('',#8033,#8778);
#8778 = DEFINITIONAL_REPRESENTATION('',(#8779),#8787);
#8779 = ( BOUNDED_CURVE() B_SPLINE_CURVE(2,(#8780,#8781,#8782,#8783,
#8784,#8785,#8786),.UNSPECIFIED.,.T.,.F.) B_SPLINE_CURVE_WITH_KNOTS((1,2
    ,2,2,2,1),(-2.094395102393,0.,2.094395102393,4.188790204786,
6.28318530718,8.377580409573),.UNSPECIFIED.) CURVE() 
GEOMETRIC_REPRESENTATION_ITEM() RATIONAL_B_SPLINE_CURVE((1.,0.5,1.,0.5,
1.,0.5,1.)) REPRESENTATION_ITEM('') );
#8780 = CARTESIAN_POINT('',(120.,-2.2E+03));
#8781 = CARTESIAN_POINT('',(-278.3716857408,-2.2E+03));
#8782 = CARTESIAN_POINT('',(-79.18584287042,-1.855E+03));
#8783 = CARTESIAN_POINT('',(120.,-1.51E+03));
#8784 = CARTESIAN_POINT('',(319.18584287042,-1.855E+03));
#8785 = CARTESIAN_POINT('',(518.37168574084,-2.2E+03));
#8786 = CARTESIAN_POINT('',(120.,-2.2E+03));
#8787 = ( GEOMETRIC_REPRESENTATION_CONTEXT(2) 
PARAMETRIC_REPRESENTATION_CONTEXT() REPRESENTATION_CONTEXT('2D SPACE',''
  ) );
#8788 = ORIENTED_EDGE('',*,*,#8789,.T.);
#8789 = EDGE_CURVE('',#8762,#8790,#8792,.T.);
#8790 = VERTEX_POINT('',#8791);
#8791 = CARTESIAN_POINT('',(1.745E+03,647.96396688825,300.));
#8792 = SURFACE_CURVE('',#8793,(#8810,#8830),.PCURVE_S1.);
#8793 = B_SPLINE_CURVE_WITH_KNOTS('',8,(#8794,#8795,#8796,#8797,#8798,
    #8799,#8800,#8801,#8802,#8803,#8804,#8805,#8806,#8807,#8808,#8809),
  .UNSPECIFIED.,.F.,.F.,(9,7,9),(0.,0.446175038708,1.),.UNSPECIFIED.);
#8794 = CARTESIAN_POINT('',(1.78E+03,641.36273269652,265.));
#8795 = CARTESIAN_POINT('',(1.78E+03,641.77890517976,268.80610157178));
#8796 = CARTESIAN_POINT('',(1.779526974138E+03,642.25705436306,
    272.50885599952));
#8797 = CARTESIAN_POINT('',(1.778625878351E+03,642.78377956874,
    276.04452339842));
#8798 = CARTESIAN_POINT('',(1.777348514668E+03,643.34026254632,
    279.36006929131));
#8799 = CARTESIAN_POINT('',(1.775753638779E+03,643.90461160562,
    282.41284379984));
#8800 = CARTESIAN_POINT('',(1.773906645324E+03,644.45495394266,
    285.17165511598));
#8801 = CARTESIAN_POINT('',(1.77187914819E+03,644.97276521264,
    287.61832649335));
#8802 = CARTESIAN_POINT('',(1.767104316199E+03,646.03059777668,
    292.39315848383));
#8803 = CARTESIAN_POINT('',(1.764235240791E+03,646.56047700389,
    294.61638843794));
#8804 = CARTESIAN_POINT('',(1.761207471814E+03,647.01794683225,
    296.43644733613));
#8805 = CARTESIAN_POINT('',(1.758067903686E+03,647.39225834822,
    297.87175085155));
#8806 = CARTESIAN_POINT('',(1.754851835155E+03,647.6769115131,
    298.93771750535));
#8807 = CARTESIAN_POINT('',(1.751586870855E+03,647.86812368589,
    299.64532364035));
#8808 = CARTESIAN_POINT('',(1.748295745005E+03,647.96396688825,300.));
#8809 = CARTESIAN_POINT('',(1.745E+03,647.96396688825,300.));
#8810 = PCURVE('',#1861,#8811);
#8811 = DEFINITIONAL_REPRESENTATION('',(#8812),#8829);
#8812 = B_SPLINE_CURVE_WITH_KNOTS('',8,(#8813,#8814,#8815,#8816,#8817,
    #8818,#8819,#8820,#8821,#8822,#8823,#8824,#8825,#8826,#8827,#8828),
  .UNSPECIFIED.,.F.,.F.,(9,7,9),(0.,0.446175038708,1.),.UNSPECIFIED.);
#8813 = CARTESIAN_POINT('',(-9.315867127349,-1.78E+03));
#8814 = CARTESIAN_POINT('',(-9.299220228019,-1.78E+03));
#8815 = CARTESIAN_POINT('',(-9.282990711964,-1.779526974138E+03));
#8816 = CARTESIAN_POINT('',(-9.267453372878,-1.778625878351E+03));
#8817 = CARTESIAN_POINT('',(-9.252840764942,-1.777348514668E+03));
#8818 = CARTESIAN_POINT('',(-9.239345801829,-1.775753638779E+03));
#8819 = CARTESIAN_POINT('',(-9.22711606388,-1.773906645324E+03));
#8820 = CARTESIAN_POINT('',(-9.216243220898,-1.77187914819E+03));
#8821 = CARTESIAN_POINT('',(-9.194979715118,-1.767104316199E+03));
#8822 = CARTESIAN_POINT('',(-9.18504401038,-1.764235240791E+03));
#8823 = CARTESIAN_POINT('',(-9.176885332222,-1.761207471814E+03));
#8824 = CARTESIAN_POINT('',(-9.170436404597,-1.758067903686E+03));
#8825 = CARTESIAN_POINT('',(-9.165639392025,-1.754851835155E+03));
#8826 = CARTESIAN_POINT('',(-9.162452494687,-1.751586870855E+03));
#8827 = CARTESIAN_POINT('',(-9.16085511264,-1.748295745005E+03));
#8828 = CARTESIAN_POINT('',(-9.16085511264,-1.745E+03));
#8829 = ( GEOMETRIC_REPRESENTATION_CONTEXT(2) 
PARAMETRIC_REPRESENTATION_CONTEXT() REPRESENTATION_CONTEXT('2D SPACE',''
  ) );
#8830 = PCURVE('',#8061,#8831);
#8831 = DEFINITIONAL_REPRESENTATION('',(#8832),#8849);
#8832 = B_SPLINE_CURVE_WITH_KNOTS('',8,(#8833,#8834,#8835,#8836,#8837,
    #8838,#8839,#8840,#8841,#8842,#8843,#8844,#8845,#8846,#8847,#8848),
  .UNSPECIFIED.,.F.,.F.,(9,7,9),(0.,0.446175038708,1.),.UNSPECIFIED.);
#8833 = CARTESIAN_POINT('',(0.,1.741362732697E+03));
#8834 = CARTESIAN_POINT('',(-0.108745759194,1.74177890518E+03));
#8835 = CARTESIAN_POINT('',(-0.214538772563,1.742257054363E+03));
#8836 = CARTESIAN_POINT('',(-0.317517265847,1.742783779569E+03));
#8837 = CARTESIAN_POINT('',(-0.417679534315,1.743340262546E+03));
#8838 = CARTESIAN_POINT('',(-0.514901541763,1.743904611606E+03));
#8839 = CARTESIAN_POINT('',(-0.608924686738,1.744454953943E+03));
#8840 = CARTESIAN_POINT('',(-0.699316565828,1.744972765213E+03));
#8841 = CARTESIAN_POINT('',(-0.892248913228,1.746030597777E+03));
#8842 = CARTESIAN_POINT('',(-0.995129073414,1.746560477004E+03));
#8843 = CARTESIAN_POINT('',(-1.09492855513,1.747017946832E+03));
#8844 = CARTESIAN_POINT('',(-1.192352749821,1.747392258348E+03));
#8845 = CARTESIAN_POINT('',(-1.288043320148,1.747676911513E+03));
#8846 = CARTESIAN_POINT('',(-1.382599954006,1.747868123686E+03));
#8847 = CARTESIAN_POINT('',(-1.476632183809,1.747963966888E+03));
#8848 = CARTESIAN_POINT('',(-1.570796326795,1.747963966888E+03));
#8849 = ( GEOMETRIC_REPRESENTATION_CONTEXT(2) 
PARAMETRIC_REPRESENTATION_CONTEXT() REPRESENTATION_CONTEXT('2D SPACE',''
  ) );
#8850 = ORIENTED_EDGE('',*,*,#8851,.T.);
#8851 = EDGE_CURVE('',#8790,#8852,#8854,.T.);
#8852 = VERTEX_POINT('',#8853);
#8853 = CARTESIAN_POINT('',(1.655E+03,647.96396688825,300.));
#8854 = SURFACE_CURVE('',#8855,(#8859,#8865),.PCURVE_S1.);
#8855 = LINE('',#8856,#8857);
#8856 = CARTESIAN_POINT('',(0.,647.96396688825,300.));
#8857 = VECTOR('',#8858,1.);
#8858 = DIRECTION('',(-1.,-0.,-0.));
#8859 = PCURVE('',#1861,#8860);
#8860 = DEFINITIONAL_REPRESENTATION('',(#8861),#8864);
#8861 = B_SPLINE_CURVE_WITH_KNOTS('',1,(#8862,#8863),.UNSPECIFIED.,.F.,
  .F.,(2,2),(-1.754E+03,-1.646E+03),.PIECEWISE_BEZIER_KNOTS.);
#8862 = CARTESIAN_POINT('',(-9.16085511264,-1.754E+03));
#8863 = CARTESIAN_POINT('',(-9.16085511264,-1.646E+03));
#8864 = ( GEOMETRIC_REPRESENTATION_CONTEXT(2) 
PARAMETRIC_REPRESENTATION_CONTEXT() REPRESENTATION_CONTEXT('2D SPACE',''
  ) );
#8865 = PCURVE('',#8088,#8866);
#8866 = DEFINITIONAL_REPRESENTATION('',(#8867),#8870);
#8867 = B_SPLINE_CURVE_WITH_KNOTS('',1,(#8868,#8869),.UNSPECIFIED.,.F.,
  .F.,(2,2),(-1.754E+03,-1.646E+03),.PIECEWISE_BEZIER_KNOTS.);
#8868 = CARTESIAN_POINT('',(134.,1.747963966888E+03));
#8869 = CARTESIAN_POINT('',(26.,1.747963966888E+03));
#8870 = ( GEOMETRIC_REPRESENTATION_CONTEXT(2) 
PARAMETRIC_REPRESENTATION_CONTEXT() REPRESENTATION_CONTEXT('2D SPACE',''
  ) );
#8871 = ORIENTED_EDGE('',*,*,#8872,.F.);
#8872 = EDGE_CURVE('',#8873,#8852,#8875,.T.);
#8873 = VERTEX_POINT('',#8874);
#8874 = CARTESIAN_POINT('',(1.62E+03,641.36273269652,265.));
#8875 = SURFACE_CURVE('',#8876,(#8893,#8913),.PCURVE_S1.);
#8876 = B_SPLINE_CURVE_WITH_KNOTS('',8,(#8877,#8878,#8879,#8880,#8881,
    #8882,#8883,#8884,#8885,#8886,#8887,#8888,#8889,#8890,#8891,#8892),
  .UNSPECIFIED.,.F.,.F.,(9,7,9),(0.,0.446175038707,1.),.UNSPECIFIED.);
#8877 = CARTESIAN_POINT('',(1.62E+03,641.36273269652,265.));
#8878 = CARTESIAN_POINT('',(1.62E+03,641.77890517976,268.80610157178));
#8879 = CARTESIAN_POINT('',(1.620473025862E+03,642.25705436306,
    272.50885599951));
#8880 = CARTESIAN_POINT('',(1.621374121649E+03,642.78377956875,
    276.04452339844));
#8881 = CARTESIAN_POINT('',(1.622651485332E+03,643.34026254631,
    279.36006929128));
#8882 = CARTESIAN_POINT('',(1.624246361221E+03,643.90461160562,
    282.41284379986));
#8883 = CARTESIAN_POINT('',(1.626093354676E+03,644.45495394266,
    285.17165511597));
#8884 = CARTESIAN_POINT('',(1.62812085181E+03,644.97276521264,
    287.61832649335));
#8885 = CARTESIAN_POINT('',(1.632895683801E+03,646.03059777669,
    292.39315848384));
#8886 = CARTESIAN_POINT('',(1.635764759209E+03,646.56047700388,
    294.61638843792));
#8887 = CARTESIAN_POINT('',(1.638792528186E+03,647.01794683225,
    296.43644733616));
#8888 = CARTESIAN_POINT('',(1.641932096314E+03,647.39225834821,
    297.87175085153));
#8889 = CARTESIAN_POINT('',(1.645148164845E+03,647.6769115131,
    298.93771750536));
#8890 = CARTESIAN_POINT('',(1.648413129145E+03,647.86812368589,
    299.64532364034));
#8891 = CARTESIAN_POINT('',(1.651704254995E+03,647.96396688825,300.));
#8892 = CARTESIAN_POINT('',(1.655E+03,647.96396688825,300.));
#8893 = PCURVE('',#1861,#8894);
#8894 = DEFINITIONAL_REPRESENTATION('',(#8895),#8912);
#8895 = B_SPLINE_CURVE_WITH_KNOTS('',8,(#8896,#8897,#8898,#8899,#8900,
    #8901,#8902,#8903,#8904,#8905,#8906,#8907,#8908,#8909,#8910,#8911),
  .UNSPECIFIED.,.F.,.F.,(9,7,9),(0.,0.446175038707,1.),.UNSPECIFIED.);
#8896 = CARTESIAN_POINT('',(-9.315867127349,-1.62E+03));
#8897 = CARTESIAN_POINT('',(-9.299220228019,-1.62E+03));
#8898 = CARTESIAN_POINT('',(-9.282990711964,-1.620473025862E+03));
#8899 = CARTESIAN_POINT('',(-9.267453372878,-1.621374121649E+03));
#8900 = CARTESIAN_POINT('',(-9.252840764942,-1.622651485332E+03));
#8901 = CARTESIAN_POINT('',(-9.239345801829,-1.624246361221E+03));
#8902 = CARTESIAN_POINT('',(-9.22711606388,-1.626093354676E+03));
#8903 = CARTESIAN_POINT('',(-9.216243220898,-1.62812085181E+03));
#8904 = CARTESIAN_POINT('',(-9.194979715118,-1.632895683801E+03));
#8905 = CARTESIAN_POINT('',(-9.18504401038,-1.635764759209E+03));
#8906 = CARTESIAN_POINT('',(-9.176885332222,-1.638792528186E+03));
#8907 = CARTESIAN_POINT('',(-9.170436404597,-1.641932096314E+03));
#8908 = CARTESIAN_POINT('',(-9.165639392025,-1.645148164845E+03));
#8909 = CARTESIAN_POINT('',(-9.162452494687,-1.648413129145E+03));
#8910 = CARTESIAN_POINT('',(-9.16085511264,-1.651704254995E+03));
#8911 = CARTESIAN_POINT('',(-9.16085511264,-1.655E+03));
#8912 = ( GEOMETRIC_REPRESENTATION_CONTEXT(2) 
PARAMETRIC_REPRESENTATION_CONTEXT() REPRESENTATION_CONTEXT('2D SPACE',''
  ) );
#8913 = PCURVE('',#8116,#8914);
#8914 = DEFINITIONAL_REPRESENTATION('',(#8915),#8932);
#8915 = B_SPLINE_CURVE_WITH_KNOTS('',8,(#8916,#8917,#8918,#8919,#8920,
    #8921,#8922,#8923,#8924,#8925,#8926,#8927,#8928,#8929,#8930,#8931),
  .UNSPECIFIED.,.F.,.F.,(9,7,9),(0.,0.446175038707,1.),.UNSPECIFIED.);
#8916 = CARTESIAN_POINT('',(0.,1.741362732697E+03));
#8917 = CARTESIAN_POINT('',(0.108745759194,1.74177890518E+03));
#8918 = CARTESIAN_POINT('',(0.214538772562,1.742257054363E+03));
#8919 = CARTESIAN_POINT('',(0.317517265848,1.742783779569E+03));
#8920 = CARTESIAN_POINT('',(0.417679534314,1.743340262546E+03));
#8921 = CARTESIAN_POINT('',(0.514901541764,1.743904611606E+03));
#8922 = CARTESIAN_POINT('',(0.608924686738,1.744454953943E+03));
#8923 = CARTESIAN_POINT('',(0.699316565829,1.744972765213E+03));
#8924 = CARTESIAN_POINT('',(0.892248913228,1.746030597777E+03));
#8925 = CARTESIAN_POINT('',(0.995129073413,1.746560477004E+03));
#8926 = CARTESIAN_POINT('',(1.094928555131,1.747017946832E+03));
#8927 = CARTESIAN_POINT('',(1.192352749821,1.747392258348E+03));
#8928 = CARTESIAN_POINT('',(1.288043320147,1.747676911513E+03));
#8929 = CARTESIAN_POINT('',(1.382599954006,1.747868123686E+03));
#8930 = CARTESIAN_POINT('',(1.476632183808,1.747963966888E+03));
#8931 = CARTESIAN_POINT('',(1.570796326795,1.747963966888E+03));
#8932 = ( GEOMETRIC_REPRESENTATION_CONTEXT(2) 
PARAMETRIC_REPRESENTATION_CONTEXT() REPRESENTATION_CONTEXT('2D SPACE',''
  ) );
#8933 = ORIENTED_EDGE('',*,*,#8934,.F.);
#8934 = EDGE_CURVE('',#8935,#8873,#8937,.T.);
#8935 = VERTEX_POINT('',#8936);
#8936 = CARTESIAN_POINT('',(1.62E+03,656.28289726837,155.));
#8937 = SURFACE_CURVE('',#8938,(#8943,#8950),.PCURVE_S1.);
#8938 = CIRCLE('',#8939,230.);
#8939 = AXIS2_PLACEMENT_3D('',#8940,#8941,#8942);
#8940 = CARTESIAN_POINT('',(1.62E+03,870.,240.));
#8941 = DIRECTION('',(-1.,0.,0.));
#8942 = DIRECTION('',(0.,1.,0.));
#8943 = PCURVE('',#1861,#8944);
#8944 = DEFINITIONAL_REPRESENTATION('',(#8945),#8949);
#8945 = LINE('',#8946,#8947);
#8946 = CARTESIAN_POINT('',(-12.56637061435,-1.62E+03));
#8947 = VECTOR('',#8948,1.);
#8948 = DIRECTION('',(1.,-0.));
#8949 = ( GEOMETRIC_REPRESENTATION_CONTEXT(2) 
PARAMETRIC_REPRESENTATION_CONTEXT() REPRESENTATION_CONTEXT('2D SPACE',''
  ) );
#8950 = PCURVE('',#8143,#8951);
#8951 = DEFINITIONAL_REPRESENTATION('',(#8952),#8960);
#8952 = ( BOUNDED_CURVE() B_SPLINE_CURVE(2,(#8953,#8954,#8955,#8956,
#8957,#8958,#8959),.UNSPECIFIED.,.T.,.F.) B_SPLINE_CURVE_WITH_KNOTS((1,2
    ,2,2,2,1),(-2.094395102393,0.,2.094395102393,4.188790204786,
6.28318530718,8.377580409573),.UNSPECIFIED.) CURVE() 
GEOMETRIC_REPRESENTATION_ITEM() RATIONAL_B_SPLINE_CURVE((1.,0.5,1.,0.5,
1.,0.5,1.)) REPRESENTATION_ITEM('') );
#8953 = CARTESIAN_POINT('',(120.,-2.2E+03));
#8954 = CARTESIAN_POINT('',(-278.3716857408,-2.2E+03));
#8955 = CARTESIAN_POINT('',(-79.18584287042,-1.855E+03));
#8956 = CARTESIAN_POINT('',(120.,-1.51E+03));
#8957 = CARTESIAN_POINT('',(319.18584287042,-1.855E+03));
#8958 = CARTESIAN_POINT('',(518.37168574084,-2.2E+03));
#8959 = CARTESIAN_POINT('',(120.,-2.2E+03));
#8960 = ( GEOMETRIC_REPRESENTATION_CONTEXT(2) 
PARAMETRIC_REPRESENTATION_CONTEXT() REPRESENTATION_CONTEXT('2D SPACE',''
  ) );
#8961 = ORIENTED_EDGE('',*,*,#8962,.T.);
#8962 = EDGE_CURVE('',#8935,#8963,#8965,.T.);
#8963 = VERTEX_POINT('',#8964);
#8964 = CARTESIAN_POINT('',(1.630505102572E+03,668.00990123275,130.));
#8965 = SURFACE_CURVE('',#8966,(#8976,#8989),.PCURVE_S1.);
#8966 = B_SPLINE_CURVE_WITH_KNOTS('',8,(#8967,#8968,#8969,#8970,#8971,
    #8972,#8973,#8974,#8975),.UNSPECIFIED.,.F.,.F.,(9,9),(0.,1.),
  .PIECEWISE_BEZIER_KNOTS.);
#8967 = CARTESIAN_POINT('',(1.62E+03,656.28289726837,155.));
#8968 = CARTESIAN_POINT('',(1.62E+03,657.79056859894,151.20923354539));
#8969 = CARTESIAN_POINT('',(1.620469221079E+03,659.34575325775,
    147.52277458549));
#8970 = CARTESIAN_POINT('',(1.621362478236E+03,660.92042520342,
    143.99585382852));
#8971 = CARTESIAN_POINT('',(1.622633247142E+03,662.48372158559,
    140.6727505486));
#8972 = CARTESIAN_POINT('',(1.624233276162E+03,664.00344778918,
    137.58887103169));
#8973 = CARTESIAN_POINT('',(1.626112760831E+03,665.44835488795,
    134.77118717057));
#8974 = CARTESIAN_POINT('',(1.628220672554E+03,666.7909787759,
    132.23827515862));
#8975 = CARTESIAN_POINT('',(1.630505102572E+03,668.00990123275,130.));
#8976 = PCURVE('',#1861,#8977);
#8977 = DEFINITIONAL_REPRESENTATION('',(#8978),#8988);
#8978 = B_SPLINE_CURVE_WITH_KNOTS('',8,(#8979,#8980,#8981,#8982,#8983,
    #8984,#8985,#8986,#8987),.UNSPECIFIED.,.F.,.F.,(9,9),(0.,1.),
  .PIECEWISE_BEZIER_KNOTS.);
#8979 = CARTESIAN_POINT('',(-9.803319029631,-1.62E+03));
#8980 = CARTESIAN_POINT('',(-9.821056339402,-1.62E+03));
#8981 = CARTESIAN_POINT('',(-9.838448589389,-1.620469221079E+03));
#8982 = CARTESIAN_POINT('',(-9.855236117444,-1.621362478236E+03));
#8983 = CARTESIAN_POINT('',(-9.871197557315,-1.622633247142E+03));
#8984 = CARTESIAN_POINT('',(-9.886141357786,-1.624233276162E+03));
#8985 = CARTESIAN_POINT('',(-9.899906833959,-1.626112760831E+03));
#8986 = CARTESIAN_POINT('',(-9.912370194587,-1.628220672554E+03));
#8987 = CARTESIAN_POINT('',(-9.923451307831,-1.630505102572E+03));
#8988 = ( GEOMETRIC_REPRESENTATION_CONTEXT(2) 
PARAMETRIC_REPRESENTATION_CONTEXT() REPRESENTATION_CONTEXT('2D SPACE',''
  ) );
#8989 = PCURVE('',#8171,#8990);
#8990 = DEFINITIONAL_REPRESENTATION('',(#8991),#9001);
#8991 = B_SPLINE_CURVE_WITH_KNOTS('',8,(#8992,#8993,#8994,#8995,#8996,
    #8997,#8998,#8999,#9000),.UNSPECIFIED.,.F.,.F.,(9,9),(0.,1.),
  .PIECEWISE_BEZIER_KNOTS.);
#8992 = CARTESIAN_POINT('',(0.,1.756282897268E+03));
#8993 = CARTESIAN_POINT('',(-0.108307612989,1.757790568599E+03));
#8994 = CARTESIAN_POINT('',(-0.213635030429,1.759345753258E+03));
#8995 = CARTESIAN_POINT('',(-0.316340083793,1.760920425203E+03));
#8996 = CARTESIAN_POINT('',(-0.416646876063,1.762483721586E+03));
#8997 = CARTESIAN_POINT('',(-0.51469813784,1.764003447789E+03));
#8998 = CARTESIAN_POINT('',(-0.610559436991,1.765448354888E+03));
#8999 = CARTESIAN_POINT('',(-0.704225752775,1.766790978776E+03));
#9000 = CARTESIAN_POINT('',(-0.795602953485,1.768009901233E+03));
#9001 = ( GEOMETRIC_REPRESENTATION_CONTEXT(2) 
PARAMETRIC_REPRESENTATION_CONTEXT() REPRESENTATION_CONTEXT('2D SPACE',''
  ) );
#9002 = ORIENTED_EDGE('',*,*,#9003,.T.);
#9003 = EDGE_CURVE('',#8963,#9004,#9006,.T.);
#9004 = VERTEX_POINT('',#9005);
#9005 = CARTESIAN_POINT('',(69.494897427832,668.00990123275,130.));
#9006 = SURFACE_CURVE('',#9007,(#9011,#9018),.PCURVE_S1.);
#9007 = LINE('',#9008,#9009);
#9008 = CARTESIAN_POINT('',(1.8E+03,668.00990123275,130.));
#9009 = VECTOR('',#9010,1.);
#9010 = DIRECTION('',(-1.,0.,0.));
#9011 = PCURVE('',#1861,#9012);
#9012 = DEFINITIONAL_REPRESENTATION('',(#9013),#9017);
#9013 = LINE('',#9014,#9015);
#9014 = CARTESIAN_POINT('',(-9.923451307831,-1.8E+03));
#9015 = VECTOR('',#9016,1.);
#9016 = DIRECTION('',(-0.,1.));
#9017 = ( GEOMETRIC_REPRESENTATION_CONTEXT(2) 
PARAMETRIC_REPRESENTATION_CONTEXT() REPRESENTATION_CONTEXT('2D SPACE',''
  ) );
#9018 = PCURVE('',#8198,#9019);
#9019 = DEFINITIONAL_REPRESENTATION('',(#9020),#9024);
#9020 = LINE('',#9021,#9022);
#9021 = CARTESIAN_POINT('',(4.4E+03,1.968009901233E+03));
#9022 = VECTOR('',#9023,1.);
#9023 = DIRECTION('',(-1.,0.));
#9024 = ( GEOMETRIC_REPRESENTATION_CONTEXT(2) 
PARAMETRIC_REPRESENTATION_CONTEXT() REPRESENTATION_CONTEXT('2D SPACE',''
  ) );
#9025 = ORIENTED_EDGE('',*,*,#9026,.F.);
#9026 = EDGE_CURVE('',#9027,#9004,#9029,.T.);
#9027 = VERTEX_POINT('',#9028);
#9028 = CARTESIAN_POINT('',(80.,656.28289726837,155.));
#9029 = SURFACE_CURVE('',#9030,(#9040,#9053),.PCURVE_S1.);
#9030 = B_SPLINE_CURVE_WITH_KNOTS('',8,(#9031,#9032,#9033,#9034,#9035,
    #9036,#9037,#9038,#9039),.UNSPECIFIED.,.F.,.F.,(9,9),(0.,1.),
  .PIECEWISE_BEZIER_KNOTS.);
#9031 = CARTESIAN_POINT('',(80.,656.28289726837,155.));
#9032 = CARTESIAN_POINT('',(80.,657.79056859903,151.20923354517));
#9033 = CARTESIAN_POINT('',(79.530778920935,659.34575325772,
    147.52277458561));
#9034 = CARTESIAN_POINT('',(78.637521764319,660.92042520331,
    143.99585382874));
#9035 = CARTESIAN_POINT('',(77.366752857688,662.48372158559,
    140.67275054859));
#9036 = CARTESIAN_POINT('',(75.766723838388,664.00344778929,
    137.58887103149));
#9037 = CARTESIAN_POINT('',(73.887239168962,665.448354888,134.7711871705
    ));
#9038 = CARTESIAN_POINT('',(71.779327445736,666.79097877582,
    132.23827515878));
#9039 = CARTESIAN_POINT('',(69.494897427832,668.00990123275,130.));
#9040 = PCURVE('',#1861,#9041);
#9041 = DEFINITIONAL_REPRESENTATION('',(#9042),#9052);
#9042 = B_SPLINE_CURVE_WITH_KNOTS('',8,(#9043,#9044,#9045,#9046,#9047,
    #9048,#9049,#9050,#9051),.UNSPECIFIED.,.F.,.F.,(9,9),(0.,1.),
  .PIECEWISE_BEZIER_KNOTS.);
#9043 = CARTESIAN_POINT('',(-9.803319029631,-80.));
#9044 = CARTESIAN_POINT('',(-9.821056339403,-80.));
#9045 = CARTESIAN_POINT('',(-9.838448589388,-79.53077892093));
#9046 = CARTESIAN_POINT('',(-9.855236117443,-78.63752176432));
#9047 = CARTESIAN_POINT('',(-9.871197557315,-77.36675285768));
#9048 = CARTESIAN_POINT('',(-9.886141357787,-75.76672383839));
#9049 = CARTESIAN_POINT('',(-9.899906833959,-73.88723916896));
#9050 = CARTESIAN_POINT('',(-9.912370194586,-71.77932744573));
#9051 = CARTESIAN_POINT('',(-9.923451307831,-69.49489742783));
#9052 = ( GEOMETRIC_REPRESENTATION_CONTEXT(2) 
PARAMETRIC_REPRESENTATION_CONTEXT() REPRESENTATION_CONTEXT('2D SPACE',''
  ) );
#9053 = PCURVE('',#8226,#9054);
#9054 = DEFINITIONAL_REPRESENTATION('',(#9055),#9065);
#9055 = B_SPLINE_CURVE_WITH_KNOTS('',8,(#9056,#9057,#9058,#9059,#9060,
    #9061,#9062,#9063,#9064),.UNSPECIFIED.,.F.,.F.,(9,9),(0.,1.),
  .PIECEWISE_BEZIER_KNOTS.);
#9056 = CARTESIAN_POINT('',(0.,1.756282897268E+03));
#9057 = CARTESIAN_POINT('',(0.108307612995,1.757790568599E+03));
#9058 = CARTESIAN_POINT('',(0.213635030425,1.759345753258E+03));
#9059 = CARTESIAN_POINT('',(0.316340083787,1.760920425203E+03));
#9060 = CARTESIAN_POINT('',(0.416646876062,1.762483721586E+03));
#9061 = CARTESIAN_POINT('',(0.514698137846,1.764003447789E+03));
#9062 = CARTESIAN_POINT('',(0.610559436995,1.765448354888E+03));
#9063 = CARTESIAN_POINT('',(0.704225752768,1.766790978776E+03));
#9064 = CARTESIAN_POINT('',(0.795602953485,1.768009901233E+03));
#9065 = ( GEOMETRIC_REPRESENTATION_CONTEXT(2) 
PARAMETRIC_REPRESENTATION_CONTEXT() REPRESENTATION_CONTEXT('2D SPACE',''
  ) );
#9066 = ORIENTED_EDGE('',*,*,#9067,.T.);
#9067 = EDGE_CURVE('',#9027,#9068,#9070,.T.);
#9068 = VERTEX_POINT('',#9069);
#9069 = CARTESIAN_POINT('',(80.,641.36273269652,265.));
#9070 = SURFACE_CURVE('',#9071,(#9076,#9083),.PCURVE_S1.);
#9071 = CIRCLE('',#9072,230.);
#9072 = AXIS2_PLACEMENT_3D('',#9073,#9074,#9075);
#9073 = CARTESIAN_POINT('',(80.,870.,240.));
#9074 = DIRECTION('',(-1.,0.,0.));
#9075 = DIRECTION('',(0.,1.,0.));
#9076 = PCURVE('',#1861,#9077);
#9077 = DEFINITIONAL_REPRESENTATION('',(#9078),#9082);
#9078 = LINE('',#9079,#9080);
#9079 = CARTESIAN_POINT('',(-12.56637061435,-80.));
#9080 = VECTOR('',#9081,1.);
#9081 = DIRECTION('',(1.,-0.));
#9082 = ( GEOMETRIC_REPRESENTATION_CONTEXT(2) 
PARAMETRIC_REPRESENTATION_CONTEXT() REPRESENTATION_CONTEXT('2D SPACE',''
  ) );
#9083 = PCURVE('',#8253,#9084);
#9084 = DEFINITIONAL_REPRESENTATION('',(#9085),#9093);
#9085 = ( BOUNDED_CURVE() B_SPLINE_CURVE(2,(#9086,#9087,#9088,#9089,
#9090,#9091,#9092),.UNSPECIFIED.,.T.,.F.) B_SPLINE_CURVE_WITH_KNOTS((1,2
    ,2,2,2,1),(-2.094395102393,0.,2.094395102393,4.188790204786,
6.28318530718,8.377580409573),.UNSPECIFIED.) CURVE() 
GEOMETRIC_REPRESENTATION_ITEM() RATIONAL_B_SPLINE_CURVE((1.,0.5,1.,0.5,
1.,0.5,1.)) REPRESENTATION_ITEM('') );
#9086 = CARTESIAN_POINT('',(120.,-2.2E+03));
#9087 = CARTESIAN_POINT('',(-278.3716857408,-2.2E+03));
#9088 = CARTESIAN_POINT('',(-79.18584287042,-1.855E+03));
#9089 = CARTESIAN_POINT('',(120.,-1.51E+03));
#9090 = CARTESIAN_POINT('',(319.18584287042,-1.855E+03));
#9091 = CARTESIAN_POINT('',(518.37168574084,-2.2E+03));
#9092 = CARTESIAN_POINT('',(120.,-2.2E+03));
#9093 = ( GEOMETRIC_REPRESENTATION_CONTEXT(2) 
PARAMETRIC_REPRESENTATION_CONTEXT() REPRESENTATION_CONTEXT('2D SPACE',''
  ) );
#9094 = ORIENTED_EDGE('',*,*,#9095,.T.);
#9095 = EDGE_CURVE('',#9068,#9096,#9098,.T.);
#9096 = VERTEX_POINT('',#9097);
#9097 = CARTESIAN_POINT('',(45.,647.96396688825,300.));
#9098 = SURFACE_CURVE('',#9099,(#9116,#9136),.PCURVE_S1.);
#9099 = B_SPLINE_CURVE_WITH_KNOTS('',8,(#9100,#9101,#9102,#9103,#9104,
    #9105,#9106,#9107,#9108,#9109,#9110,#9111,#9112,#9113,#9114,#9115),
  .UNSPECIFIED.,.F.,.F.,(9,7,9),(0.,0.446175038707,1.),.UNSPECIFIED.);
#9100 = CARTESIAN_POINT('',(80.,641.36273269652,265.));
#9101 = CARTESIAN_POINT('',(80.,641.77890517976,268.80610157178));
#9102 = CARTESIAN_POINT('',(79.526974137951,642.25705436306,
    272.5088559995));
#9103 = CARTESIAN_POINT('',(78.625878351353,642.78377956875,
    276.04452339846));
#9104 = CARTESIAN_POINT('',(77.348514668255,643.34026254631,
    279.36006929127));
#9105 = CARTESIAN_POINT('',(75.75363877859,643.90461160562,
    282.41284379986));
#9106 = CARTESIAN_POINT('',(73.906645323734,644.45495394266,
    285.17165511597));
#9107 = CARTESIAN_POINT('',(71.879148189702,644.97276521264,
    287.61832649335));
#9108 = CARTESIAN_POINT('',(67.104316199222,646.03059777668,
    292.39315848383));
#9109 = CARTESIAN_POINT('',(64.235240790934,646.56047700389,
    294.61638843792));
#9110 = CARTESIAN_POINT('',(61.207471814171,647.01794683225,
    296.43644733618));
#9111 = CARTESIAN_POINT('',(58.067903686433,647.39225834821,
    297.87175085149));
#9112 = CARTESIAN_POINT('',(54.851835154616,647.6769115131,
    298.93771750539));
#9113 = CARTESIAN_POINT('',(51.586870854999,647.86812368589,
    299.64532364034));
#9114 = CARTESIAN_POINT('',(48.295745004536,647.96396688825,300.));
#9115 = CARTESIAN_POINT('',(45.,647.96396688825,300.));
#9116 = PCURVE('',#1861,#9117);
#9117 = DEFINITIONAL_REPRESENTATION('',(#9118),#9135);
#9118 = B_SPLINE_CURVE_WITH_KNOTS('',8,(#9119,#9120,#9121,#9122,#9123,
    #9124,#9125,#9126,#9127,#9128,#9129,#9130,#9131,#9132,#9133,#9134),
  .UNSPECIFIED.,.F.,.F.,(9,7,9),(0.,0.446175038707,1.),.UNSPECIFIED.);
#9119 = CARTESIAN_POINT('',(-9.315867127349,-80.));
#9120 = CARTESIAN_POINT('',(-9.299220228019,-80.));
#9121 = CARTESIAN_POINT('',(-9.282990711964,-79.52697413795));
#9122 = CARTESIAN_POINT('',(-9.267453372878,-78.62587835135));
#9123 = CARTESIAN_POINT('',(-9.252840764942,-77.34851466825));
#9124 = CARTESIAN_POINT('',(-9.239345801829,-75.75363877859));
#9125 = CARTESIAN_POINT('',(-9.22711606388,-73.90664532373));
#9126 = CARTESIAN_POINT('',(-9.216243220898,-71.8791481897));
#9127 = CARTESIAN_POINT('',(-9.194979715118,-67.10431619922));
#9128 = CARTESIAN_POINT('',(-9.18504401038,-64.23524079093));
#9129 = CARTESIAN_POINT('',(-9.176885332222,-61.20747181416));
#9130 = CARTESIAN_POINT('',(-9.170436404597,-58.06790368643));
#9131 = CARTESIAN_POINT('',(-9.165639392025,-54.85183515461));
#9132 = CARTESIAN_POINT('',(-9.162452494687,-51.586870855));
#9133 = CARTESIAN_POINT('',(-9.16085511264,-48.29574500453));
#9134 = CARTESIAN_POINT('',(-9.16085511264,-45.));
#9135 = ( GEOMETRIC_REPRESENTATION_CONTEXT(2) 
PARAMETRIC_REPRESENTATION_CONTEXT() REPRESENTATION_CONTEXT('2D SPACE',''
  ) );
#9136 = PCURVE('',#8281,#9137);
#9137 = DEFINITIONAL_REPRESENTATION('',(#9138),#9155);
#9138 = B_SPLINE_CURVE_WITH_KNOTS('',8,(#9139,#9140,#9141,#9142,#9143,
    #9144,#9145,#9146,#9147,#9148,#9149,#9150,#9151,#9152,#9153,#9154),
  .UNSPECIFIED.,.F.,.F.,(9,7,9),(0.,0.446175038707,1.),.UNSPECIFIED.);
#9139 = CARTESIAN_POINT('',(0.,1.741362732697E+03));
#9140 = CARTESIAN_POINT('',(-0.108745759194,1.74177890518E+03));
#9141 = CARTESIAN_POINT('',(-0.214538772562,1.742257054363E+03));
#9142 = CARTESIAN_POINT('',(-0.317517265848,1.742783779569E+03));
#9143 = CARTESIAN_POINT('',(-0.417679534314,1.743340262546E+03));
#9144 = CARTESIAN_POINT('',(-0.514901541764,1.743904611606E+03));
#9145 = CARTESIAN_POINT('',(-0.608924686738,1.744454953943E+03));
#9146 = CARTESIAN_POINT('',(-0.699316565829,1.744972765213E+03));
#9147 = CARTESIAN_POINT('',(-0.892248913228,1.746030597777E+03));
#9148 = CARTESIAN_POINT('',(-0.995129073413,1.746560477004E+03));
#9149 = CARTESIAN_POINT('',(-1.094928555131,1.747017946832E+03));
#9150 = CARTESIAN_POINT('',(-1.19235274982,1.747392258348E+03));
#9151 = CARTESIAN_POINT('',(-1.288043320147,1.747676911513E+03));
#9152 = CARTESIAN_POINT('',(-1.382599954007,1.747868123686E+03));
#9153 = CARTESIAN_POINT('',(-1.476632183808,1.747963966888E+03));
#9154 = CARTESIAN_POINT('',(-1.570796326795,1.747963966888E+03));
#9155 = ( GEOMETRIC_REPRESENTATION_CONTEXT(2) 
PARAMETRIC_REPRESENTATION_CONTEXT() REPRESENTATION_CONTEXT('2D SPACE',''
  ) );
#9156 = ORIENTED_EDGE('',*,*,#9157,.T.);
#9157 = EDGE_CURVE('',#9096,#9158,#9160,.T.);
#9158 = VERTEX_POINT('',#9159);
#9159 = CARTESIAN_POINT('',(-45.,647.96396688825,300.));
#9160 = SURFACE_CURVE('',#9161,(#9165,#9171),.PCURVE_S1.);
#9161 = LINE('',#9162,#9163);
#9162 = CARTESIAN_POINT('',(0.,647.96396688825,300.));
#9163 = VECTOR('',#9164,1.);
#9164 = DIRECTION('',(-1.,-0.,-0.));
#9165 = PCURVE('',#1861,#9166);
#9166 = DEFINITIONAL_REPRESENTATION('',(#9167),#9170);
#9167 = B_SPLINE_CURVE_WITH_KNOTS('',1,(#9168,#9169),.UNSPECIFIED.,.F.,
  .F.,(2,2),(-54.,54.),.PIECEWISE_BEZIER_KNOTS.);
#9168 = CARTESIAN_POINT('',(-9.16085511264,-54.));
#9169 = CARTESIAN_POINT('',(-9.16085511264,54.));
#9170 = ( GEOMETRIC_REPRESENTATION_CONTEXT(2) 
PARAMETRIC_REPRESENTATION_CONTEXT() REPRESENTATION_CONTEXT('2D SPACE',''
  ) );
#9171 = PCURVE('',#8308,#9172);
#9172 = DEFINITIONAL_REPRESENTATION('',(#9173),#9176);
#9173 = B_SPLINE_CURVE_WITH_KNOTS('',1,(#9174,#9175),.UNSPECIFIED.,.F.,
  .F.,(2,2),(-54.,54.),.PIECEWISE_BEZIER_KNOTS.);
#9174 = CARTESIAN_POINT('',(134.,1.747963966888E+03));
#9175 = CARTESIAN_POINT('',(26.,1.747963966888E+03));
#9176 = ( GEOMETRIC_REPRESENTATION_CONTEXT(2) 
PARAMETRIC_REPRESENTATION_CONTEXT() REPRESENTATION_CONTEXT('2D SPACE',''
  ) );
#9177 = ORIENTED_EDGE('',*,*,#9178,.F.);
#9178 = EDGE_CURVE('',#9179,#9158,#9181,.T.);
#9179 = VERTEX_POINT('',#9180);
#9180 = CARTESIAN_POINT('',(-80.,641.36273269652,265.));
#9181 = SURFACE_CURVE('',#9182,(#9199,#9219),.PCURVE_S1.);
#9182 = B_SPLINE_CURVE_WITH_KNOTS('',8,(#9183,#9184,#9185,#9186,#9187,
    #9188,#9189,#9190,#9191,#9192,#9193,#9194,#9195,#9196,#9197,#9198),
  .UNSPECIFIED.,.F.,.F.,(9,7,9),(0.,0.446175038707,1.),.UNSPECIFIED.);
#9183 = CARTESIAN_POINT('',(-80.,641.36273269652,265.));
#9184 = CARTESIAN_POINT('',(-80.,641.77890517976,268.80610157178));
#9185 = CARTESIAN_POINT('',(-79.52697413795,642.25705436306,
    272.5088559995));
#9186 = CARTESIAN_POINT('',(-78.62587835135,642.78377956875,
    276.04452339847));
#9187 = CARTESIAN_POINT('',(-77.34851466825,643.34026254631,
    279.36006929125));
#9188 = CARTESIAN_POINT('',(-75.75363877858,643.90461160562,
    282.41284379987));
#9189 = CARTESIAN_POINT('',(-73.90664532373,644.45495394266,
    285.17165511597));
#9190 = CARTESIAN_POINT('',(-71.8791481897,644.97276521264,
    287.61832649335));
#9191 = CARTESIAN_POINT('',(-67.10431619922,646.03059777668,
    292.39315848383));
#9192 = CARTESIAN_POINT('',(-64.23524079092,646.56047700389,
    294.61638843794));
#9193 = CARTESIAN_POINT('',(-61.20747181417,647.01794683225,
    296.43644733616));
#9194 = CARTESIAN_POINT('',(-58.06790368643,647.3922583482,
    297.87175085152));
#9195 = CARTESIAN_POINT('',(-54.85183515462,647.6769115131,
    298.93771750537));
#9196 = CARTESIAN_POINT('',(-51.58687085498,647.86812368589,
    299.64532364034));
#9197 = CARTESIAN_POINT('',(-48.29574500454,647.96396688825,300.));
#9198 = CARTESIAN_POINT('',(-45.,647.96396688825,300.));
#9199 = PCURVE('',#1861,#9200);
#9200 = DEFINITIONAL_REPRESENTATION('',(#9201),#9218);
#9201 = B_SPLINE_CURVE_WITH_KNOTS('',8,(#9202,#9203,#9204,#9205,#9206,
    #9207,#9208,#9209,#9210,#9211,#9212,#9213,#9214,#9215,#9216,#9217),
  .UNSPECIFIED.,.F.,.F.,(9,7,9),(0.,0.446175038707,1.),.UNSPECIFIED.);
#9202 = CARTESIAN_POINT('',(-9.315867127349,80.));
#9203 = CARTESIAN_POINT('',(-9.299220228019,80.));
#9204 = CARTESIAN_POINT('',(-9.282990711964,79.526974137955));
#9205 = CARTESIAN_POINT('',(-9.267453372878,78.625878351338));
#9206 = CARTESIAN_POINT('',(-9.252840764942,77.348514668278));
#9207 = CARTESIAN_POINT('',(-9.239345801829,75.753638778572));
#9208 = CARTESIAN_POINT('',(-9.22711606388,73.906645323741));
#9209 = CARTESIAN_POINT('',(-9.216243220898,71.879148189701));
#9210 = CARTESIAN_POINT('',(-9.194979715118,67.104316199226));
#9211 = CARTESIAN_POINT('',(-9.18504401038,64.235240790926));
#9212 = CARTESIAN_POINT('',(-9.176885332222,61.207471814178));
#9213 = CARTESIAN_POINT('',(-9.170436404597,58.067903686426));
#9214 = CARTESIAN_POINT('',(-9.165639392025,54.851835154629));
#9215 = CARTESIAN_POINT('',(-9.162452494687,51.586870854987));
#9216 = CARTESIAN_POINT('',(-9.16085511264,48.29574500454));
#9217 = CARTESIAN_POINT('',(-9.16085511264,45.));
#9218 = ( GEOMETRIC_REPRESENTATION_CONTEXT(2) 
PARAMETRIC_REPRESENTATION_CONTEXT() REPRESENTATION_CONTEXT('2D SPACE',''
  ) );
#9219 = PCURVE('',#8336,#9220);
#9220 = DEFINITIONAL_REPRESENTATION('',(#9221),#9238);
#9221 = B_SPLINE_CURVE_WITH_KNOTS('',8,(#9222,#9223,#9224,#9225,#9226,
    #9227,#9228,#9229,#9230,#9231,#9232,#9233,#9234,#9235,#9236,#9237),
  .UNSPECIFIED.,.F.,.F.,(9,7,9),(0.,0.446175038707,1.),.UNSPECIFIED.);
#9222 = CARTESIAN_POINT('',(0.,1.741362732697E+03));
#9223 = CARTESIAN_POINT('',(0.108745759194,1.74177890518E+03));
#9224 = CARTESIAN_POINT('',(0.214538772562,1.742257054363E+03));
#9225 = CARTESIAN_POINT('',(0.317517265848,1.742783779569E+03));
#9226 = CARTESIAN_POINT('',(0.417679534313,1.743340262546E+03));
#9227 = CARTESIAN_POINT('',(0.514901541764,1.743904611606E+03));
#9228 = CARTESIAN_POINT('',(0.608924686738,1.744454953943E+03));
#9229 = CARTESIAN_POINT('',(0.699316565829,1.744972765213E+03));
#9230 = CARTESIAN_POINT('',(0.892248913228,1.746030597777E+03));
#9231 = CARTESIAN_POINT('',(0.995129073413,1.746560477004E+03));
#9232 = CARTESIAN_POINT('',(1.094928555131,1.747017946832E+03));
#9233 = CARTESIAN_POINT('',(1.19235274982,1.747392258348E+03));
#9234 = CARTESIAN_POINT('',(1.288043320147,1.747676911513E+03));
#9235 = CARTESIAN_POINT('',(1.382599954007,1.747868123686E+03));
#9236 = CARTESIAN_POINT('',(1.476632183808,1.747963966888E+03));
#9237 = CARTESIAN_POINT('',(1.570796326795,1.747963966888E+03));
#9238 = ( GEOMETRIC_REPRESENTATION_CONTEXT(2) 
PARAMETRIC_REPRESENTATION_CONTEXT() REPRESENTATION_CONTEXT('2D SPACE',''
  ) );
#9239 = ORIENTED_EDGE('',*,*,#9240,.F.);
#9240 = EDGE_CURVE('',#9241,#9179,#9243,.T.);
#9241 = VERTEX_POINT('',#9242);
#9242 = CARTESIAN_POINT('',(-80.,656.28289726837,155.));
#9243 = SURFACE_CURVE('',#9244,(#9249,#9256),.PCURVE_S1.);
#9244 = CIRCLE('',#9245,230.);
#9245 = AXIS2_PLACEMENT_3D('',#9246,#9247,#9248);
#9246 = CARTESIAN_POINT('',(-80.,870.,240.));
#9247 = DIRECTION('',(-1.,0.,0.));
#9248 = DIRECTION('',(0.,1.,0.));
#9249 = PCURVE('',#1861,#9250);
#9250 = DEFINITIONAL_REPRESENTATION('',(#9251),#9255);
#9251 = LINE('',#9252,#9253);
#9252 = CARTESIAN_POINT('',(-12.56637061435,80.));
#9253 = VECTOR('',#9254,1.);
#9254 = DIRECTION('',(1.,-0.));
#9255 = ( GEOMETRIC_REPRESENTATION_CONTEXT(2) 
PARAMETRIC_REPRESENTATION_CONTEXT() REPRESENTATION_CONTEXT('2D SPACE',''
  ) );
#9256 = PCURVE('',#8363,#9257);
#9257 = DEFINITIONAL_REPRESENTATION('',(#9258),#9266);
#9258 = ( BOUNDED_CURVE() B_SPLINE_CURVE(2,(#9259,#9260,#9261,#9262,
#9263,#9264,#9265),.UNSPECIFIED.,.T.,.F.) B_SPLINE_CURVE_WITH_KNOTS((1,2
    ,2,2,2,1),(-2.094395102393,0.,2.094395102393,4.188790204786,
6.28318530718,8.377580409573),.UNSPECIFIED.) CURVE() 
GEOMETRIC_REPRESENTATION_ITEM() RATIONAL_B_SPLINE_CURVE((1.,0.5,1.,0.5,
1.,0.5,1.)) REPRESENTATION_ITEM('') );
#9259 = CARTESIAN_POINT('',(120.,-2.2E+03));
#9260 = CARTESIAN_POINT('',(-278.3716857408,-2.2E+03));
#9261 = CARTESIAN_POINT('',(-79.18584287042,-1.855E+03));
#9262 = CARTESIAN_POINT('',(120.,-1.51E+03));
#9263 = CARTESIAN_POINT('',(319.18584287042,-1.855E+03));
#9264 = CARTESIAN_POINT('',(518.37168574084,-2.2E+03));
#9265 = CARTESIAN_POINT('',(120.,-2.2E+03));
#9266 = ( GEOMETRIC_REPRESENTATION_CONTEXT(2) 
PARAMETRIC_REPRESENTATION_CONTEXT() REPRESENTATION_CONTEXT('2D SPACE',''
  ) );
#9267 = ORIENTED_EDGE('',*,*,#9268,.T.);
#9268 = EDGE_CURVE('',#9241,#9269,#9271,.T.);
#9269 = VERTEX_POINT('',#9270);
#9270 = CARTESIAN_POINT('',(-69.49489742783,668.00990123275,130.));
#9271 = SURFACE_CURVE('',#9272,(#9282,#9295),.PCURVE_S1.);
#9272 = B_SPLINE_CURVE_WITH_KNOTS('',8,(#9273,#9274,#9275,#9276,#9277,
    #9278,#9279,#9280,#9281),.UNSPECIFIED.,.F.,.F.,(9,9),(0.,1.),
  .PIECEWISE_BEZIER_KNOTS.);
#9273 = CARTESIAN_POINT('',(-80.,656.28289726837,155.));
#9274 = CARTESIAN_POINT('',(-80.,657.79056859894,151.2092335454));
#9275 = CARTESIAN_POINT('',(-79.53077892098,659.34575325776,
    147.52277458548));
#9276 = CARTESIAN_POINT('',(-78.63752176424,660.92042520341,
    143.99585382853));
#9277 = CARTESIAN_POINT('',(-77.36675285759,662.48372158561,
    140.67275054859));
#9278 = CARTESIAN_POINT('',(-75.76672383849,664.00344778917,
    137.58887103171));
#9279 = CARTESIAN_POINT('',(-73.88723916909,665.44835488796,
    134.77118717056));
#9280 = CARTESIAN_POINT('',(-71.77932744557,666.7909787759,
    132.23827515863));
#9281 = CARTESIAN_POINT('',(-69.49489742783,668.00990123275,130.));
#9282 = PCURVE('',#1861,#9283);
#9283 = DEFINITIONAL_REPRESENTATION('',(#9284),#9294);
#9284 = B_SPLINE_CURVE_WITH_KNOTS('',8,(#9285,#9286,#9287,#9288,#9289,
    #9290,#9291,#9292,#9293),.UNSPECIFIED.,.F.,.F.,(9,9),(0.,1.),
  .PIECEWISE_BEZIER_KNOTS.);
#9285 = CARTESIAN_POINT('',(-9.803319029631,80.));
#9286 = CARTESIAN_POINT('',(-9.821056339402,80.));
#9287 = CARTESIAN_POINT('',(-9.838448589389,79.530778920987));
#9288 = CARTESIAN_POINT('',(-9.855236117444,78.637521764247));
#9289 = CARTESIAN_POINT('',(-9.871197557315,77.366752857592));
#9290 = CARTESIAN_POINT('',(-9.886141357786,75.766723838503));
#9291 = CARTESIAN_POINT('',(-9.899906833959,73.887239169095));
#9292 = CARTESIAN_POINT('',(-9.912370194587,71.779327445578));
#9293 = CARTESIAN_POINT('',(-9.923451307831,69.494897427832));
#9294 = ( GEOMETRIC_REPRESENTATION_CONTEXT(2) 
PARAMETRIC_REPRESENTATION_CONTEXT() REPRESENTATION_CONTEXT('2D SPACE',''
  ) );
#9295 = PCURVE('',#8391,#9296);
#9296 = DEFINITIONAL_REPRESENTATION('',(#9297),#9307);
#9297 = B_SPLINE_CURVE_WITH_KNOTS('',8,(#9298,#9299,#9300,#9301,#9302,
    #9303,#9304,#9305,#9306),.UNSPECIFIED.,.F.,.F.,(9,9),(0.,1.),
  .PIECEWISE_BEZIER_KNOTS.);
#9298 = CARTESIAN_POINT('',(0.,1.756282897268E+03));
#9299 = CARTESIAN_POINT('',(-0.108307612989,1.757790568599E+03));
#9300 = CARTESIAN_POINT('',(-0.213635030429,1.759345753258E+03));
#9301 = CARTESIAN_POINT('',(-0.316340083793,1.760920425203E+03));
#9302 = CARTESIAN_POINT('',(-0.416646876064,1.762483721586E+03));
#9303 = CARTESIAN_POINT('',(-0.514698137839,1.764003447789E+03));
#9304 = CARTESIAN_POINT('',(-0.610559436991,1.765448354888E+03));
#9305 = CARTESIAN_POINT('',(-0.704225752775,1.766790978776E+03));
#9306 = CARTESIAN_POINT('',(-0.795602953485,1.768009901233E+03));
#9307 = ( GEOMETRIC_REPRESENTATION_CONTEXT(2) 
PARAMETRIC_REPRESENTATION_CONTEXT() REPRESENTATION_CONTEXT('2D SPACE',''
  ) );
#9308 = ORIENTED_EDGE('',*,*,#9309,.T.);
#9309 = EDGE_CURVE('',#9269,#9310,#9312,.T.);
#9310 = VERTEX_POINT('',#9311);
#9311 = CARTESIAN_POINT('',(-1.630505102572E+03,668.00990123275,130.));
#9312 = SURFACE_CURVE('',#9313,(#9317,#9324),.PCURVE_S1.);
#9313 = LINE('',#9314,#9315);
#9314 = CARTESIAN_POINT('',(1.8E+03,668.00990123275,130.));
#9315 = VECTOR('',#9316,1.);
#9316 = DIRECTION('',(-1.,0.,0.));
#9317 = PCURVE('',#1861,#9318);
#9318 = DEFINITIONAL_REPRESENTATION('',(#9319),#9323);
#9319 = LINE('',#9320,#9321);
#9320 = CARTESIAN_POINT('',(-9.923451307831,-1.8E+03));
#9321 = VECTOR('',#9322,1.);
#9322 = DIRECTION('',(-0.,1.));
#9323 = ( GEOMETRIC_REPRESENTATION_CONTEXT(2) 
PARAMETRIC_REPRESENTATION_CONTEXT() REPRESENTATION_CONTEXT('2D SPACE',''
  ) );
#9324 = PCURVE('',#8418,#9325);
#9325 = DEFINITIONAL_REPRESENTATION('',(#9326),#9330);
#9326 = LINE('',#9327,#9328);
#9327 = CARTESIAN_POINT('',(4.4E+03,1.968009901233E+03));
#9328 = VECTOR('',#9329,1.);
#9329 = DIRECTION('',(-1.,0.));
#9330 = ( GEOMETRIC_REPRESENTATION_CONTEXT(2) 
PARAMETRIC_REPRESENTATION_CONTEXT() REPRESENTATION_CONTEXT('2D SPACE',''
  ) );
#9331 = ORIENTED_EDGE('',*,*,#9332,.F.);
#9332 = EDGE_CURVE('',#9333,#9310,#9335,.T.);
#9333 = VERTEX_POINT('',#9334);
#9334 = CARTESIAN_POINT('',(-1.62E+03,656.28289726837,155.));
#9335 = SURFACE_CURVE('',#9336,(#9346,#9359),.PCURVE_S1.);
#9336 = B_SPLINE_CURVE_WITH_KNOTS('',8,(#9337,#9338,#9339,#9340,#9341,
    #9342,#9343,#9344,#9345),.UNSPECIFIED.,.F.,.F.,(9,9),(0.,1.),
  .PIECEWISE_BEZIER_KNOTS.);
#9337 = CARTESIAN_POINT('',(-1.62E+03,656.28289726837,155.));
#9338 = CARTESIAN_POINT('',(-1.62E+03,657.79056859894,151.20923354539));
#9339 = CARTESIAN_POINT('',(-1.620469221079E+03,659.34575325776,
    147.52277458549));
#9340 = CARTESIAN_POINT('',(-1.621362478236E+03,660.92042520342,
    143.99585382852));
#9341 = CARTESIAN_POINT('',(-1.622633247142E+03,662.4837215856,
    140.6727505486));
#9342 = CARTESIAN_POINT('',(-1.624233276162E+03,664.00344778918,
    137.58887103169));
#9343 = CARTESIAN_POINT('',(-1.626112760831E+03,665.44835488795,
    134.77118717057));
#9344 = CARTESIAN_POINT('',(-1.628220672554E+03,666.7909787759,
    132.23827515862));
#9345 = CARTESIAN_POINT('',(-1.630505102572E+03,668.00990123275,130.));
#9346 = PCURVE('',#1861,#9347);
#9347 = DEFINITIONAL_REPRESENTATION('',(#9348),#9358);
#9348 = B_SPLINE_CURVE_WITH_KNOTS('',8,(#9349,#9350,#9351,#9352,#9353,
    #9354,#9355,#9356,#9357),.UNSPECIFIED.,.F.,.F.,(9,9),(0.,1.),
  .PIECEWISE_BEZIER_KNOTS.);
#9349 = CARTESIAN_POINT('',(-9.803319029631,1.62E+03));
#9350 = CARTESIAN_POINT('',(-9.821056339402,1.62E+03));
#9351 = CARTESIAN_POINT('',(-9.838448589389,1.620469221079E+03));
#9352 = CARTESIAN_POINT('',(-9.855236117444,1.621362478236E+03));
#9353 = CARTESIAN_POINT('',(-9.871197557315,1.622633247142E+03));
#9354 = CARTESIAN_POINT('',(-9.886141357786,1.624233276162E+03));
#9355 = CARTESIAN_POINT('',(-9.899906833959,1.626112760831E+03));
#9356 = CARTESIAN_POINT('',(-9.912370194587,1.628220672554E+03));
#9357 = CARTESIAN_POINT('',(-9.923451307831,1.630505102572E+03));
#9358 = ( GEOMETRIC_REPRESENTATION_CONTEXT(2) 
PARAMETRIC_REPRESENTATION_CONTEXT() REPRESENTATION_CONTEXT('2D SPACE',''
  ) );
#9359 = PCURVE('',#8446,#9360);
#9360 = DEFINITIONAL_REPRESENTATION('',(#9361),#9371);
#9361 = B_SPLINE_CURVE_WITH_KNOTS('',8,(#9362,#9363,#9364,#9365,#9366,
    #9367,#9368,#9369,#9370),.UNSPECIFIED.,.F.,.F.,(9,9),(0.,1.),
  .PIECEWISE_BEZIER_KNOTS.);
#9362 = CARTESIAN_POINT('',(0.,1.756282897268E+03));
#9363 = CARTESIAN_POINT('',(0.108307612989,1.757790568599E+03));
#9364 = CARTESIAN_POINT('',(0.213635030429,1.759345753258E+03));
#9365 = CARTESIAN_POINT('',(0.316340083793,1.760920425203E+03));
#9366 = CARTESIAN_POINT('',(0.416646876063,1.762483721586E+03));
#9367 = CARTESIAN_POINT('',(0.51469813784,1.764003447789E+03));
#9368 = CARTESIAN_POINT('',(0.61055943699,1.765448354888E+03));
#9369 = CARTESIAN_POINT('',(0.704225752775,1.766790978776E+03));
#9370 = CARTESIAN_POINT('',(0.795602953485,1.768009901233E+03));
#9371 = ( GEOMETRIC_REPRESENTATION_CONTEXT(2) 
PARAMETRIC_REPRESENTATION_CONTEXT() REPRESENTATION_CONTEXT('2D SPACE',''
  ) );
#9372 = ORIENTED_EDGE('',*,*,#9373,.T.);
#9373 = EDGE_CURVE('',#9333,#9374,#9376,.T.);
#9374 = VERTEX_POINT('',#9375);
#9375 = CARTESIAN_POINT('',(-1.62E+03,641.36273269652,265.));
#9376 = SURFACE_CURVE('',#9377,(#9382,#9389),.PCURVE_S1.);
#9377 = CIRCLE('',#9378,230.);
#9378 = AXIS2_PLACEMENT_3D('',#9379,#9380,#9381);
#9379 = CARTESIAN_POINT('',(-1.62E+03,870.,240.));
#9380 = DIRECTION('',(-1.,0.,0.));
#9381 = DIRECTION('',(0.,1.,0.));
#9382 = PCURVE('',#1861,#9383);
#9383 = DEFINITIONAL_REPRESENTATION('',(#9384),#9388);
#9384 = LINE('',#9385,#9386);
#9385 = CARTESIAN_POINT('',(-12.56637061435,1.62E+03));
#9386 = VECTOR('',#9387,1.);
#9387 = DIRECTION('',(1.,-0.));
#9388 = ( GEOMETRIC_REPRESENTATION_CONTEXT(2) 
PARAMETRIC_REPRESENTATION_CONTEXT() REPRESENTATION_CONTEXT('2D SPACE',''
  ) );
#9389 = PCURVE('',#8473,#9390);
#9390 = DEFINITIONAL_REPRESENTATION('',(#9391),#9399);
#9391 = ( BOUNDED_CURVE() B_SPLINE_CURVE(2,(#9392,#9393,#9394,#9395,
#9396,#9397,#9398),.UNSPECIFIED.,.T.,.F.) B_SPLINE_CURVE_WITH_KNOTS((1,2
    ,2,2,2,1),(-2.094395102393,0.,2.094395102393,4.188790204786,
6.28318530718,8.377580409573),.UNSPECIFIED.) CURVE() 
GEOMETRIC_REPRESENTATION_ITEM() RATIONAL_B_SPLINE_CURVE((1.,0.5,1.,0.5,
1.,0.5,1.)) REPRESENTATION_ITEM('') );
#9392 = CARTESIAN_POINT('',(120.,-2.2E+03));
#9393 = CARTESIAN_POINT('',(-278.3716857408,-2.2E+03));
#9394 = CARTESIAN_POINT('',(-79.18584287042,-1.855E+03));
#9395 = CARTESIAN_POINT('',(120.,-1.51E+03));
#9396 = CARTESIAN_POINT('',(319.18584287042,-1.855E+03));
#9397 = CARTESIAN_POINT('',(518.37168574084,-2.2E+03));
#9398 = CARTESIAN_POINT('',(120.,-2.2E+03));
#9399 = ( GEOMETRIC_REPRESENTATION_CONTEXT(2) 
PARAMETRIC_REPRESENTATION_CONTEXT() REPRESENTATION_CONTEXT('2D SPACE',''
  ) );
#9400 = ORIENTED_EDGE('',*,*,#9401,.T.);
#9401 = EDGE_CURVE('',#9374,#9402,#9404,.T.);
#9402 = VERTEX_POINT('',#9403);
#9403 = CARTESIAN_POINT('',(-1.655E+03,647.96396688825,300.));
#9404 = SURFACE_CURVE('',#9405,(#9422,#9442),.PCURVE_S1.);
#9405 = B_SPLINE_CURVE_WITH_KNOTS('',8,(#9406,#9407,#9408,#9409,#9410,
    #9411,#9412,#9413,#9414,#9415,#9416,#9417,#9418,#9419,#9420,#9421),
  .UNSPECIFIED.,.F.,.F.,(9,7,9),(0.,0.446175038735,1.),.UNSPECIFIED.);
#9406 = CARTESIAN_POINT('',(-1.62E+03,641.36273269652,265.));
#9407 = CARTESIAN_POINT('',(-1.62E+03,641.7789051798,268.80610157213));
#9408 = CARTESIAN_POINT('',(-1.620473025862E+03,642.25705436306,
    272.50885599933));
#9409 = CARTESIAN_POINT('',(-1.621374121649E+03,642.78377956869,
    276.04452339809));
#9410 = CARTESIAN_POINT('',(-1.622651485332E+03,643.34026254629,
    279.36006929129));
#9411 = CARTESIAN_POINT('',(-1.624246361222E+03,643.90461160569,
    282.41284380017));
#9412 = CARTESIAN_POINT('',(-1.626093354676E+03,644.45495394269,
    285.1716551161));
#9413 = CARTESIAN_POINT('',(-1.62812085181E+03,644.97276521258,
    287.61832649311));
#9414 = CARTESIAN_POINT('',(-1.632895683801E+03,646.03059777669,
    292.39315848383));
#9415 = CARTESIAN_POINT('',(-1.635764759209E+03,646.56047700388,
    294.61638843792));
#9416 = CARTESIAN_POINT('',(-1.638792528186E+03,647.01794683225,
    296.43644733616));
#9417 = CARTESIAN_POINT('',(-1.641932096314E+03,647.39225834821,
    297.87175085152));
#9418 = CARTESIAN_POINT('',(-1.645148164845E+03,647.6769115131,
    298.93771750537));
#9419 = CARTESIAN_POINT('',(-1.648413129145E+03,647.86812368589,
    299.64532364034));
#9420 = CARTESIAN_POINT('',(-1.651704254995E+03,647.96396688825,300.));
#9421 = CARTESIAN_POINT('',(-1.655E+03,647.96396688825,300.));
#9422 = PCURVE('',#1861,#9423);
#9423 = DEFINITIONAL_REPRESENTATION('',(#9424),#9441);
#9424 = B_SPLINE_CURVE_WITH_KNOTS('',8,(#9425,#9426,#9427,#9428,#9429,
    #9430,#9431,#9432,#9433,#9434,#9435,#9436,#9437,#9438,#9439,#9440),
  .UNSPECIFIED.,.F.,.F.,(9,7,9),(0.,0.446175038735,1.),.UNSPECIFIED.);
#9425 = CARTESIAN_POINT('',(-9.315867127349,1.62E+03));
#9426 = CARTESIAN_POINT('',(-9.299220228018,1.62E+03));
#9427 = CARTESIAN_POINT('',(-9.282990711965,1.620473025862E+03));
#9428 = CARTESIAN_POINT('',(-9.26745337288,1.621374121649E+03));
#9429 = CARTESIAN_POINT('',(-9.252840764942,1.622651485332E+03));
#9430 = CARTESIAN_POINT('',(-9.239345801827,1.624246361222E+03));
#9431 = CARTESIAN_POINT('',(-9.227116063879,1.626093354676E+03));
#9432 = CARTESIAN_POINT('',(-9.2162432209,1.62812085181E+03));
#9433 = CARTESIAN_POINT('',(-9.194979715118,1.632895683801E+03));
#9434 = CARTESIAN_POINT('',(-9.18504401038,1.635764759209E+03));
#9435 = CARTESIAN_POINT('',(-9.176885332222,1.638792528186E+03));
#9436 = CARTESIAN_POINT('',(-9.170436404597,1.641932096314E+03));
#9437 = CARTESIAN_POINT('',(-9.165639392025,1.645148164845E+03));
#9438 = CARTESIAN_POINT('',(-9.162452494687,1.648413129145E+03));
#9439 = CARTESIAN_POINT('',(-9.16085511264,1.651704254995E+03));
#9440 = CARTESIAN_POINT('',(-9.16085511264,1.655E+03));
#9441 = ( GEOMETRIC_REPRESENTATION_CONTEXT(2) 
PARAMETRIC_REPRESENTATION_CONTEXT() REPRESENTATION_CONTEXT('2D SPACE',''
  ) );
#9442 = PCURVE('',#8501,#9443);
#9443 = DEFINITIONAL_REPRESENTATION('',(#9444),#9461);
#9444 = B_SPLINE_CURVE_WITH_KNOTS('',8,(#9445,#9446,#9447,#9448,#9449,
    #9450,#9451,#9452,#9453,#9454,#9455,#9456,#9457,#9458,#9459,#9460),
  .UNSPECIFIED.,.F.,.F.,(9,7,9),(0.,0.446175038735,1.),.UNSPECIFIED.);
#9445 = CARTESIAN_POINT('',(0.,1.741362732697E+03));
#9446 = CARTESIAN_POINT('',(-0.108745759204,1.74177890518E+03));
#9447 = CARTESIAN_POINT('',(-0.214538772557,1.742257054363E+03));
#9448 = CARTESIAN_POINT('',(-0.317517265838,1.742783779569E+03));
#9449 = CARTESIAN_POINT('',(-0.417679534312,1.743340262546E+03));
#9450 = CARTESIAN_POINT('',(-0.514901541773,1.743904611606E+03));
#9451 = CARTESIAN_POINT('',(-0.608924686745,1.744454953943E+03));
#9452 = CARTESIAN_POINT('',(-0.699316565819,1.744972765213E+03));
#9453 = CARTESIAN_POINT('',(-0.892248913228,1.746030597777E+03));
#9454 = CARTESIAN_POINT('',(-0.995129073413,1.746560477004E+03));
#9455 = CARTESIAN_POINT('',(-1.094928555131,1.747017946832E+03));
#9456 = CARTESIAN_POINT('',(-1.192352749821,1.747392258348E+03));
#9457 = CARTESIAN_POINT('',(-1.288043320147,1.747676911513E+03));
#9458 = CARTESIAN_POINT('',(-1.382599954007,1.747868123686E+03));
#9459 = CARTESIAN_POINT('',(-1.476632183808,1.747963966888E+03));
#9460 = CARTESIAN_POINT('',(-1.570796326795,1.747963966888E+03));
#9461 = ( GEOMETRIC_REPRESENTATION_CONTEXT(2) 
PARAMETRIC_REPRESENTATION_CONTEXT() REPRESENTATION_CONTEXT('2D SPACE',''
  ) );
#9462 = ORIENTED_EDGE('',*,*,#9463,.T.);
#9463 = EDGE_CURVE('',#9402,#9464,#9466,.T.);
#9464 = VERTEX_POINT('',#9465);
#9465 = CARTESIAN_POINT('',(-1.745E+03,647.96396688825,300.));
#9466 = SURFACE_CURVE('',#9467,(#9471,#9477),.PCURVE_S1.);
#9467 = LINE('',#9468,#9469);
#9468 = CARTESIAN_POINT('',(0.,647.96396688825,300.));
#9469 = VECTOR('',#9470,1.);
#9470 = DIRECTION('',(-1.,-0.,-0.));
#9471 = PCURVE('',#1861,#9472);
#9472 = DEFINITIONAL_REPRESENTATION('',(#9473),#9476);
#9473 = B_SPLINE_CURVE_WITH_KNOTS('',1,(#9474,#9475),.UNSPECIFIED.,.F.,
  .F.,(2,2),(1.646E+03,1.754E+03),.PIECEWISE_BEZIER_KNOTS.);
#9474 = CARTESIAN_POINT('',(-9.16085511264,1.646E+03));
#9475 = CARTESIAN_POINT('',(-9.16085511264,1.754E+03));
#9476 = ( GEOMETRIC_REPRESENTATION_CONTEXT(2) 
PARAMETRIC_REPRESENTATION_CONTEXT() REPRESENTATION_CONTEXT('2D SPACE',''
  ) );
#9477 = PCURVE('',#8528,#9478);
#9478 = DEFINITIONAL_REPRESENTATION('',(#9479),#9482);
#9479 = B_SPLINE_CURVE_WITH_KNOTS('',1,(#9480,#9481),.UNSPECIFIED.,.F.,
  .F.,(2,2),(1.646E+03,1.754E+03),.PIECEWISE_BEZIER_KNOTS.);
#9480 = CARTESIAN_POINT('',(134.,1.747963966888E+03));
#9481 = CARTESIAN_POINT('',(26.,1.747963966888E+03));
#9482 = ( GEOMETRIC_REPRESENTATION_CONTEXT(2) 
PARAMETRIC_REPRESENTATION_CONTEXT() REPRESENTATION_CONTEXT('2D SPACE',''
  ) );
#9483 = ORIENTED_EDGE('',*,*,#9484,.F.);
#9484 = EDGE_CURVE('',#9485,#9464,#9487,.T.);
#9485 = VERTEX_POINT('',#9486);
#9486 = CARTESIAN_POINT('',(-1.78E+03,641.36273269652,265.));
#9487 = SURFACE_CURVE('',#9488,(#9505,#9525),.PCURVE_S1.);
#9488 = B_SPLINE_CURVE_WITH_KNOTS('',8,(#9489,#9490,#9491,#9492,#9493,
    #9494,#9495,#9496,#9497,#9498,#9499,#9500,#9501,#9502,#9503,#9504),
  .UNSPECIFIED.,.F.,.F.,(9,7,9),(0.,0.446175038707,1.),.UNSPECIFIED.);
#9489 = CARTESIAN_POINT('',(-1.78E+03,641.36273269652,265.));
#9490 = CARTESIAN_POINT('',(-1.78E+03,641.77890517976,268.80610157179));
#9491 = CARTESIAN_POINT('',(-1.779526974138E+03,642.25705436306,
    272.50885599949));
#9492 = CARTESIAN_POINT('',(-1.778625878351E+03,642.78377956875,
    276.04452339848));
#9493 = CARTESIAN_POINT('',(-1.777348514668E+03,643.34026254631,
    279.36006929124));
#9494 = CARTESIAN_POINT('',(-1.775753638779E+03,643.90461160563,
    282.41284379988));
#9495 = CARTESIAN_POINT('',(-1.773906645324E+03,644.45495394266,
    285.17165511596));
#9496 = CARTESIAN_POINT('',(-1.77187914819E+03,644.97276521264,
    287.61832649335));
#9497 = CARTESIAN_POINT('',(-1.767104316199E+03,646.03059777668,
    292.39315848383));
#9498 = CARTESIAN_POINT('',(-1.764235240791E+03,646.56047700389,
    294.61638843793));
#9499 = CARTESIAN_POINT('',(-1.761207471814E+03,647.01794683225,
    296.43644733615));
#9500 = CARTESIAN_POINT('',(-1.758067903686E+03,647.39225834822,
    297.87175085153));
#9501 = CARTESIAN_POINT('',(-1.754851835155E+03,647.6769115131,
    298.93771750536));
#9502 = CARTESIAN_POINT('',(-1.751586870855E+03,647.86812368589,
    299.64532364034));
#9503 = CARTESIAN_POINT('',(-1.748295745005E+03,647.96396688825,300.));
#9504 = CARTESIAN_POINT('',(-1.745E+03,647.96396688825,300.));
#9505 = PCURVE('',#1861,#9506);
#9506 = DEFINITIONAL_REPRESENTATION('',(#9507),#9524);
#9507 = B_SPLINE_CURVE_WITH_KNOTS('',8,(#9508,#9509,#9510,#9511,#9512,
    #9513,#9514,#9515,#9516,#9517,#9518,#9519,#9520,#9521,#9522,#9523),
  .UNSPECIFIED.,.F.,.F.,(9,7,9),(0.,0.446175038707,1.),.UNSPECIFIED.);
#9508 = CARTESIAN_POINT('',(-9.315867127349,1.78E+03));
#9509 = CARTESIAN_POINT('',(-9.299220228019,1.78E+03));
#9510 = CARTESIAN_POINT('',(-9.282990711964,1.779526974138E+03));
#9511 = CARTESIAN_POINT('',(-9.267453372878,1.778625878351E+03));
#9512 = CARTESIAN_POINT('',(-9.252840764942,1.777348514668E+03));
#9513 = CARTESIAN_POINT('',(-9.239345801829,1.775753638779E+03));
#9514 = CARTESIAN_POINT('',(-9.22711606388,1.773906645324E+03));
#9515 = CARTESIAN_POINT('',(-9.216243220898,1.77187914819E+03));
#9516 = CARTESIAN_POINT('',(-9.194979715118,1.767104316199E+03));
#9517 = CARTESIAN_POINT('',(-9.18504401038,1.764235240791E+03));
#9518 = CARTESIAN_POINT('',(-9.176885332222,1.761207471814E+03));
#9519 = CARTESIAN_POINT('',(-9.170436404597,1.758067903686E+03));
#9520 = CARTESIAN_POINT('',(-9.165639392025,1.754851835155E+03));
#9521 = CARTESIAN_POINT('',(-9.162452494687,1.751586870855E+03));
#9522 = CARTESIAN_POINT('',(-9.16085511264,1.748295745005E+03));
#9523 = CARTESIAN_POINT('',(-9.16085511264,1.745E+03));
#9524 = ( GEOMETRIC_REPRESENTATION_CONTEXT(2) 
PARAMETRIC_REPRESENTATION_CONTEXT() REPRESENTATION_CONTEXT('2D SPACE',''
  ) );
#9525 = PCURVE('',#8556,#9526);
#9526 = DEFINITIONAL_REPRESENTATION('',(#9527),#9544);
#9527 = B_SPLINE_CURVE_WITH_KNOTS('',8,(#9528,#9529,#9530,#9531,#9532,
    #9533,#9534,#9535,#9536,#9537,#9538,#9539,#9540,#9541,#9542,#9543),
  .UNSPECIFIED.,.F.,.F.,(9,7,9),(0.,0.446175038707,1.),.UNSPECIFIED.);
#9528 = CARTESIAN_POINT('',(0.,1.741362732697E+03));
#9529 = CARTESIAN_POINT('',(0.108745759194,1.74177890518E+03));
#9530 = CARTESIAN_POINT('',(0.214538772562,1.742257054363E+03));
#9531 = CARTESIAN_POINT('',(0.317517265848,1.742783779569E+03));
#9532 = CARTESIAN_POINT('',(0.417679534313,1.743340262546E+03));
#9533 = CARTESIAN_POINT('',(0.514901541764,1.743904611606E+03));
#9534 = CARTESIAN_POINT('',(0.608924686738,1.744454953943E+03));
#9535 = CARTESIAN_POINT('',(0.699316565829,1.744972765213E+03));
#9536 = CARTESIAN_POINT('',(0.892248913228,1.746030597777E+03));
#9537 = CARTESIAN_POINT('',(0.995129073413,1.746560477004E+03));
#9538 = CARTESIAN_POINT('',(1.094928555131,1.747017946832E+03));
#9539 = CARTESIAN_POINT('',(1.19235274982,1.747392258348E+03));
#9540 = CARTESIAN_POINT('',(1.288043320149,1.747676911513E+03));
#9541 = CARTESIAN_POINT('',(1.382599954005,1.747868123686E+03));
#9542 = CARTESIAN_POINT('',(1.476632183809,1.747963966888E+03));
#9543 = CARTESIAN_POINT('',(1.570796326795,1.747963966888E+03));
#9544 = ( GEOMETRIC_REPRESENTATION_CONTEXT(2) 
PARAMETRIC_REPRESENTATION_CONTEXT() REPRESENTATION_CONTEXT('2D SPACE',''
  ) );
#9545 = ORIENTED_EDGE('',*,*,#9546,.F.);
#9546 = EDGE_CURVE('',#9547,#9485,#9549,.T.);
#9547 = VERTEX_POINT('',#9548);
#9548 = CARTESIAN_POINT('',(-1.78E+03,656.28289726837,155.));
#9549 = SURFACE_CURVE('',#9550,(#9555,#9562),.PCURVE_S1.);
#9550 = CIRCLE('',#9551,230.);
#9551 = AXIS2_PLACEMENT_3D('',#9552,#9553,#9554);
#9552 = CARTESIAN_POINT('',(-1.78E+03,870.,240.));
#9553 = DIRECTION('',(-1.,0.,0.));
#9554 = DIRECTION('',(0.,1.,0.));
#9555 = PCURVE('',#1861,#9556);
#9556 = DEFINITIONAL_REPRESENTATION('',(#9557),#9561);
#9557 = LINE('',#9558,#9559);
#9558 = CARTESIAN_POINT('',(-12.56637061435,1.78E+03));
#9559 = VECTOR('',#9560,1.);
#9560 = DIRECTION('',(1.,-0.));
#9561 = ( GEOMETRIC_REPRESENTATION_CONTEXT(2) 
PARAMETRIC_REPRESENTATION_CONTEXT() REPRESENTATION_CONTEXT('2D SPACE',''
  ) );
#9562 = PCURVE('',#8583,#9563);
#9563 = DEFINITIONAL_REPRESENTATION('',(#9564),#9572);
#9564 = ( BOUNDED_CURVE() B_SPLINE_CURVE(2,(#9565,#9566,#9567,#9568,
#9569,#9570,#9571),.UNSPECIFIED.,.T.,.F.) B_SPLINE_CURVE_WITH_KNOTS((1,2
    ,2,2,2,1),(-2.094395102393,0.,2.094395102393,4.188790204786,
6.28318530718,8.377580409573),.UNSPECIFIED.) CURVE() 
GEOMETRIC_REPRESENTATION_ITEM() RATIONAL_B_SPLINE_CURVE((1.,0.5,1.,0.5,
1.,0.5,1.)) REPRESENTATION_ITEM('') );
#9565 = CARTESIAN_POINT('',(120.,-2.2E+03));
#9566 = CARTESIAN_POINT('',(-278.3716857408,-2.2E+03));
#9567 = CARTESIAN_POINT('',(-79.18584287042,-1.855E+03));
#9568 = CARTESIAN_POINT('',(120.,-1.51E+03));
#9569 = CARTESIAN_POINT('',(319.18584287042,-1.855E+03));
#9570 = CARTESIAN_POINT('',(518.37168574084,-2.2E+03));
#9571 = CARTESIAN_POINT('',(120.,-2.2E+03));
#9572 = ( GEOMETRIC_REPRESENTATION_CONTEXT(2) 
PARAMETRIC_REPRESENTATION_CONTEXT() REPRESENTATION_CONTEXT('2D SPACE',''
  ) );
#9573 = ORIENTED_EDGE('',*,*,#9574,.T.);
#9574 = EDGE_CURVE('',#9547,#1820,#9575,.T.);
#9575 = SURFACE_CURVE('',#9576,(#9586,#9599),.PCURVE_S1.);
#9576 = B_SPLINE_CURVE_WITH_KNOTS('',8,(#9577,#9578,#9579,#9580,#9581,
    #9582,#9583,#9584,#9585),.UNSPECIFIED.,.F.,.F.,(9,9),(0.,1.),
  .PIECEWISE_BEZIER_KNOTS.);
#9577 = CARTESIAN_POINT('',(-1.78E+03,656.28289726837,155.));
#9578 = CARTESIAN_POINT('',(-1.78E+03,657.79056859894,151.20923354539));
#9579 = CARTESIAN_POINT('',(-1.779530778921E+03,659.34575325776,
    147.52277458548));
#9580 = CARTESIAN_POINT('',(-1.778637521764E+03,660.92042520341,
    143.99585382854));
#9581 = CARTESIAN_POINT('',(-1.777366752858E+03,662.48372158561,
    140.67275054858));
#9582 = CARTESIAN_POINT('',(-1.775766723838E+03,664.00344778917,
    137.58887103171));
#9583 = CARTESIAN_POINT('',(-1.773887239169E+03,665.44835488796,
    134.77118717056));
#9584 = CARTESIAN_POINT('',(-1.771779327446E+03,666.7909787759,
    132.23827515862));
#9585 = CARTESIAN_POINT('',(-1.769494897428E+03,668.00990123275,130.));
#9586 = PCURVE('',#1861,#9587);
#9587 = DEFINITIONAL_REPRESENTATION('',(#9588),#9598);
#9588 = B_SPLINE_CURVE_WITH_KNOTS('',8,(#9589,#9590,#9591,#9592,#9593,
    #9594,#9595,#9596,#9597),.UNSPECIFIED.,.F.,.F.,(9,9),(0.,1.),
  .PIECEWISE_BEZIER_KNOTS.);
#9589 = CARTESIAN_POINT('',(-9.803319029631,1.78E+03));
#9590 = CARTESIAN_POINT('',(-9.821056339402,1.78E+03));
#9591 = CARTESIAN_POINT('',(-9.838448589389,1.779530778921E+03));
#9592 = CARTESIAN_POINT('',(-9.855236117444,1.778637521764E+03));
#9593 = CARTESIAN_POINT('',(-9.871197557315,1.777366752858E+03));
#9594 = CARTESIAN_POINT('',(-9.886141357786,1.775766723838E+03));
#9595 = CARTESIAN_POINT('',(-9.899906833959,1.773887239169E+03));
#9596 = CARTESIAN_POINT('',(-9.912370194587,1.771779327446E+03));
#9597 = CARTESIAN_POINT('',(-9.923451307831,1.769494897428E+03));
#9598 = ( GEOMETRIC_REPRESENTATION_CONTEXT(2) 
PARAMETRIC_REPRESENTATION_CONTEXT() REPRESENTATION_CONTEXT('2D SPACE',''
  ) );
#9599 = PCURVE('',#1834,#9600);
#9600 = DEFINITIONAL_REPRESENTATION('',(#9601),#9611);
#9601 = B_SPLINE_CURVE_WITH_KNOTS('',8,(#9602,#9603,#9604,#9605,#9606,
    #9607,#9608,#9609,#9610),.UNSPECIFIED.,.F.,.F.,(9,9),(0.,1.),
  .PIECEWISE_BEZIER_KNOTS.);
#9602 = CARTESIAN_POINT('',(0.,1.756282897268E+03));
#9603 = CARTESIAN_POINT('',(-0.108307612989,1.757790568599E+03));
#9604 = CARTESIAN_POINT('',(-0.213635030429,1.759345753258E+03));
#9605 = CARTESIAN_POINT('',(-0.316340083793,1.760920425203E+03));
#9606 = CARTESIAN_POINT('',(-0.416646876064,1.762483721586E+03));
#9607 = CARTESIAN_POINT('',(-0.514698137839,1.764003447789E+03));
#9608 = CARTESIAN_POINT('',(-0.610559436991,1.765448354888E+03));
#9609 = CARTESIAN_POINT('',(-0.704225752775,1.766790978776E+03));
#9610 = CARTESIAN_POINT('',(-0.795602953485,1.768009901233E+03));
#9611 = ( GEOMETRIC_REPRESENTATION_CONTEXT(2) 
PARAMETRIC_REPRESENTATION_CONTEXT() REPRESENTATION_CONTEXT('2D SPACE',''
  ) );
#9612 = ORIENTED_EDGE('',*,*,#1845,.T.);
#9613 = ORIENTED_EDGE('',*,*,#9614,.F.);
#9614 = EDGE_CURVE('',#1874,#1846,#9615,.T.);
#9615 = SURFACE_CURVE('',#9616,(#9621,#9628),.PCURVE_S1.);
#9616 = CIRCLE('',#9617,230.);
#9617 = AXIS2_PLACEMENT_3D('',#9618,#9619,#9620);
#9618 = CARTESIAN_POINT('',(-1.8E+03,870.,240.));
#9619 = DIRECTION('',(1.,0.,0.));
#9620 = DIRECTION('',(0.,0.878217820727,-0.478260869565));
#9621 = PCURVE('',#1861,#9622);
#9622 = DEFINITIONAL_REPRESENTATION('',(#9623),#9627);
#9623 = LINE('',#9624,#9625);
#9624 = CARTESIAN_POINT('',(-5.784511960118,1.8E+03));
#9625 = VECTOR('',#9626,1.);
#9626 = DIRECTION('',(-1.,-0.));
#9627 = ( GEOMETRIC_REPRESENTATION_CONTEXT(2) 
PARAMETRIC_REPRESENTATION_CONTEXT() REPRESENTATION_CONTEXT('2D SPACE',''
  ) );
#9628 = PCURVE('',#1888,#9629);
#9629 = DEFINITIONAL_REPRESENTATION('',(#9630),#9634);
#9630 = CIRCLE('',#9631,230.);
#9631 = AXIS2_PLACEMENT_2D('',#9632,#9633);
#9632 = CARTESIAN_POINT('',(-2.84217094304E-14,0.));
#9633 = DIRECTION('',(-0.478260869565,-0.878217820727));
#9634 = ( GEOMETRIC_REPRESENTATION_CONTEXT(2) 
PARAMETRIC_REPRESENTATION_CONTEXT() REPRESENTATION_CONTEXT('2D SPACE',''
  ) );
#9635 = ORIENTED_EDGE('',*,*,#1899,.T.);
#9636 = ORIENTED_EDGE('',*,*,#9637,.F.);
#9637 = EDGE_CURVE('',#9638,#1900,#9640,.T.);
#9638 = VERTEX_POINT('',#9639);
#9639 = CARTESIAN_POINT('',(-1.774574821476E+03,1.083717102732E+03,155.)
  );
#9640 = SURFACE_CURVE('',#9641,(#9664,#9690),.PCURVE_S1.);
#9641 = B_SPLINE_CURVE_WITH_KNOTS('',6,(#9642,#9643,#9644,#9645,#9646,
    #9647,#9648,#9649,#9650,#9651,#9652,#9653,#9654,#9655,#9656,#9657,
    #9658,#9659,#9660,#9661,#9662,#9663),.UNSPECIFIED.,.F.,.F.,(7,5,5,5,
    7),(0.,0.247601941757,0.460363600497,0.688983749098,1.),
  .UNSPECIFIED.);
#9642 = CARTESIAN_POINT('',(-1.774574821476E+03,1.083717102732E+03,155.)
  );
#9643 = CARTESIAN_POINT('',(-1.774856376072E+03,1.083272219405E+03,
    153.88142146409));
#9644 = CARTESIAN_POINT('',(-1.775086085856E+03,1.082811265879E+03,
    152.74289580667));
#9645 = CARTESIAN_POINT('',(-1.775260801325E+03,1.082335642764E+03,
    151.58950400611));
#9646 = CARTESIAN_POINT('',(-1.775378212566E+03,1.081847167895E+03,
    150.42684192889));
#9647 = CARTESIAN_POINT('',(-1.775436974768E+03,1.081348158865E+03,
    149.26101484929));
#9648 = CARTESIAN_POINT('',(-1.775437235337E+03,1.080406180645E+03,
    147.09991268602));
#9649 = CARTESIAN_POINT('',(-1.775394070651E+03,1.079965119404E+03,
    146.10352283921));
#9650 = CARTESIAN_POINT('',(-1.775307607041E+03,1.07952015893E+03,
    145.11369285142));
#9651 = CARTESIAN_POINT('',(-1.775178564096E+03,1.079073131139E+03,
    144.13420162371));
#9652 = CARTESIAN_POINT('',(-1.775008225638E+03,1.07862587057E+03,
    143.16847029539));
#9653 = CARTESIAN_POINT('',(-1.774572900339E+03,1.077701284955E+03,
    141.19997376795));
#9654 = CARTESIAN_POINT('',(-1.774301777774E+03,1.077224146458E+03,
    140.19969130748));
#9655 = CARTESIAN_POINT('',(-1.773987184812E+03,1.076750945858E+03,
    139.22242001635));
#9656 = CARTESIAN_POINT('',(-1.773631799694E+03,1.07628358621E+03,
    138.27090260869));
#9657 = CARTESIAN_POINT('',(-1.773238480058E+03,1.07582370553E+03,
    137.34715830792));
#9658 = CARTESIAN_POINT('',(-1.772227322902E+03,1.074759090528E+03,
    135.23563423382));
#9659 = CARTESIAN_POINT('',(-1.771579679524E+03,1.074161910047E+03,
    134.07273165528));
#9660 = CARTESIAN_POINT('',(-1.770874218988E+03,1.073584384408E+03,
    132.9670399612));
#9661 = CARTESIAN_POINT('',(-1.770117871293E+03,1.073028908413E+03,
    131.91979967245));
#9662 = CARTESIAN_POINT('',(-1.769316849596E+03,1.072497132451E+03,
    130.93105257981));
#9663 = CARTESIAN_POINT('',(-1.768476339562E+03,1.071990098767E+03,130.)
  );
#9664 = PCURVE('',#1861,#9665);
#9665 = DEFINITIONAL_REPRESENTATION('',(#9666),#9689);
#9666 = B_SPLINE_CURVE_WITH_KNOTS('',6,(#9667,#9668,#9669,#9670,#9671,
    #9672,#9673,#9674,#9675,#9676,#9677,#9678,#9679,#9680,#9681,#9682,
    #9683,#9684,#9685,#9686,#9687,#9688),.UNSPECIFIED.,.F.,.F.,(7,5,5,5,
    7),(0.,0.247601941757,0.460363600497,0.688983749098,1.),
  .UNSPECIFIED.);
#9667 = CARTESIAN_POINT('',(-5.904644238318,1.774574821476E+03));
#9668 = CARTESIAN_POINT('',(-5.899410316832,1.774856376072E+03));
#9669 = CARTESIAN_POINT('',(-5.894069986862,1.775086085856E+03));
#9670 = CARTESIAN_POINT('',(-5.888645768195,1.775260801325E+03));
#9671 = CARTESIAN_POINT('',(-5.883162878288,1.775378212566E+03));
#9672 = CARTESIAN_POINT('',(-5.877649374597,1.775436974768E+03));
#9673 = CARTESIAN_POINT('',(-5.86739948592,1.775437235337E+03));
#9674 = CARTESIAN_POINT('',(-5.862661972454,1.775394070651E+03));
#9675 = CARTESIAN_POINT('',(-5.85794363907,1.775307607041E+03));
#9676 = CARTESIAN_POINT('',(-5.853262538024,1.775178564096E+03));
#9677 = CARTESIAN_POINT('',(-5.848635327186,1.775008225638E+03));
#9678 = CARTESIAN_POINT('',(-5.839179592947,1.774572900339E+03));
#9679 = CARTESIAN_POINT('',(-5.834361184833,1.774301777774E+03));
#9680 = CARTESIAN_POINT('',(-5.829640401015,1.773987184812E+03));
#9681 = CARTESIAN_POINT('',(-5.825031375924,1.773631799694E+03));
#9682 = CARTESIAN_POINT('',(-5.820544962194,1.773238480058E+03));
#9683 = CARTESIAN_POINT('',(-5.810263535646,1.772227322902E+03));
#9684 = CARTESIAN_POINT('',(-5.804579889256,1.771579679524E+03));
#9685 = CARTESIAN_POINT('',(-5.799156449084,1.770874218988E+03));
#9686 = CARTESIAN_POINT('',(-5.794002500374,1.770117871293E+03));
#9687 = CARTESIAN_POINT('',(-5.789121357239,1.769316849596E+03));
#9688 = CARTESIAN_POINT('',(-5.784511960118,1.768476339562E+03));
#9689 = ( GEOMETRIC_REPRESENTATION_CONTEXT(2) 
PARAMETRIC_REPRESENTATION_CONTEXT() REPRESENTATION_CONTEXT('2D SPACE',''
  ) );
#9690 = PCURVE('',#1939,#9691);
#9691 = DEFINITIONAL_REPRESENTATION('',(#9692),#9715);
#9692 = B_SPLINE_CURVE_WITH_KNOTS('',6,(#9693,#9694,#9695,#9696,#9697,
    #9698,#9699,#9700,#9701,#9702,#9703,#9704,#9705,#9706,#9707,#9708,
    #9709,#9710,#9711,#9712,#9713,#9714),.UNSPECIFIED.,.F.,.F.,(7,5,5,5,
    7),(0.,0.247601941757,0.460363600497,0.688983749098,1.),
  .UNSPECIFIED.);
#9693 = CARTESIAN_POINT('',(-0.564240697817,-3.219646771413E-15));
#9694 = CARTESIAN_POINT('',(-0.549198060056,-3.195938674002E-02));
#9695 = CARTESIAN_POINT('',(-0.534559601402,-6.44886866831E-02));
#9696 = CARTESIAN_POINT('',(-0.520318118013,-9.750151776681E-02));
#9697 = CARTESIAN_POINT('',(-0.506463062685,-0.130907132409));
#9698 = CARTESIAN_POINT('',(-0.492986363633,-0.164606574533));
#9699 = CARTESIAN_POINT('',(-0.468631079283,-0.227588867373));
#9700 = CARTESIAN_POINT('',(-0.457651505344,-0.256831744417));
#9701 = CARTESIAN_POINT('',(-0.446947389795,-0.286135889469));
#9702 = CARTESIAN_POINT('',(-0.436513887742,-0.315437212613));
#9703 = CARTESIAN_POINT('',(-0.426346532443,-0.344677015587));
#9704 = CARTESIAN_POINT('',(-0.405799966635,-0.405091590099));
#9705 = CARTESIAN_POINT('',(-0.395460184475,-0.436251888046));
#9706 = CARTESIAN_POINT('',(-0.38541783892,-0.467214722914));
#9707 = CARTESIAN_POINT('',(-0.375664931112,-0.497933703626));
#9708 = CARTESIAN_POINT('',(-0.366194437545,-0.528374426981));
#9709 = CARTESIAN_POINT('',(-0.344493217923,-0.599513726698));
#9710 = CARTESIAN_POINT('',(-0.332498368804,-0.639953600171));
#9711 = CARTESIAN_POINT('',(-0.320997311209,-0.679785925318));
#9712 = CARTESIAN_POINT('',(-0.309978243114,-0.718996921057));
#9713 = CARTESIAN_POINT('',(-0.299438772966,-0.757592891081));
#9714 = CARTESIAN_POINT('',(-0.289392028358,-0.795602953485));
#9715 = ( GEOMETRIC_REPRESENTATION_CONTEXT(2) 
PARAMETRIC_REPRESENTATION_CONTEXT() REPRESENTATION_CONTEXT('2D SPACE',''
  ) );
#9716 = ORIENTED_EDGE('',*,*,#9717,.T.);
#9717 = EDGE_CURVE('',#9638,#9718,#9720,.T.);
#9718 = VERTEX_POINT('',#9719);
#9719 = CARTESIAN_POINT('',(-1.745E+03,1.1E+03,240.));
#9720 = SURFACE_CURVE('',#9721,(#9736,#9754),.PCURVE_S1.);
#9721 = B_SPLINE_CURVE_WITH_KNOTS('',7,(#9722,#9723,#9724,#9725,#9726,
    #9727,#9728,#9729,#9730,#9731,#9732,#9733,#9734,#9735),
  .UNSPECIFIED.,.F.,.F.,(8,6,8),(0.,0.512771280649,1.),.UNSPECIFIED.);
#9722 = CARTESIAN_POINT('',(-1.774574821627E+03,1.083717102493E+03,
    154.9999994));
#9723 = CARTESIAN_POINT('',(-1.773006167877E+03,1.086195726248E+03,
    161.2320497919));
#9724 = CARTESIAN_POINT('',(-1.771250595144E+03,1.088433384535E+03,
    167.47563664816));
#9725 = CARTESIAN_POINT('',(-1.769348059765E+03,1.090435160566E+03,
    173.71758066987));
#9726 = CARTESIAN_POINT('',(-1.767328578243E+03,1.092209317287E+03,
    179.95128868012));
#9727 = CARTESIAN_POINT('',(-1.765214803093E+03,1.093764623975E+03,
    186.1761617547));
#9728 = CARTESIAN_POINT('',(-1.763023423879E+03,1.095108912027E+03,
    192.39698001716));
#9729 = CARTESIAN_POINT('',(-1.758622035976E+03,1.097329703646E+03,
    204.54040219591));
#9730 = CARTESIAN_POINT('',(-1.756420758831E+03,1.098224979227E+03,
    210.45589601001));
#9731 = CARTESIAN_POINT('',(-1.754176989297E+03,1.09893707106E+03,
    216.36861294765));
#9732 = CARTESIAN_POINT('',(-1.751902805078E+03,1.099468999643E+03,
    222.2781908266));
#9733 = CARTESIAN_POINT('',(-1.749608822891E+03,1.099822937948E+03,
    228.18537583999));
#9734 = CARTESIAN_POINT('',(-1.747304748055E+03,1.099999999987E+03,
    234.09182494329));
#9735 = CARTESIAN_POINT('',(-1.745E+03,1.1E+03,240.));
#9736 = PCURVE('',#1861,#9737);
#9737 = DEFINITIONAL_REPRESENTATION('',(#9738),#9753);
#9738 = B_SPLINE_CURVE_WITH_KNOTS('',7,(#9739,#9740,#9741,#9742,#9743,
    #9744,#9745,#9746,#9747,#9748,#9749,#9750,#9751,#9752),
  .UNSPECIFIED.,.F.,.F.,(8,6,8),(0.,0.512771280649,1.),.UNSPECIFIED.);
#9739 = CARTESIAN_POINT('',(-5.904644235511,1.774574821627E+03));
#9740 = CARTESIAN_POINT('',(-5.933804514773,1.773006167877E+03));
#9741 = CARTESIAN_POINT('',(-5.962624215673,1.771250595144E+03));
#9742 = CARTESIAN_POINT('',(-5.991098770768,1.769348059765E+03));
#9743 = CARTESIAN_POINT('',(-6.019251025726,1.767328578243E+03));
#9744 = CARTESIAN_POINT('',(-6.047124685398,1.765214803093E+03));
#9745 = CARTESIAN_POINT('',(-6.07478191171,1.763023423879E+03));
#9746 = CARTESIAN_POINT('',(-6.128455048624,1.758622035976E+03));
#9747 = CARTESIAN_POINT('',(-6.154455234057,1.756420758831E+03));
#9748 = CARTESIAN_POINT('',(-6.180329475734,1.754176989298E+03));
#9749 = CARTESIAN_POINT('',(-6.206106278131,1.751902805078E+03));
#9750 = CARTESIAN_POINT('',(-6.231817375839,1.749608822891E+03));
#9751 = CARTESIAN_POINT('',(-6.25749758958,1.747304748055E+03));
#9752 = CARTESIAN_POINT('',(-6.28318530718,1.745E+03));
#9753 = ( GEOMETRIC_REPRESENTATION_CONTEXT(2) 
PARAMETRIC_REPRESENTATION_CONTEXT() REPRESENTATION_CONTEXT('2D SPACE',''
  ) );
#9754 = PCURVE('',#9755,#9760);
#9755 = CYLINDRICAL_SURFACE('',#9756,35.);
#9756 = AXIS2_PLACEMENT_3D('',#9757,#9758,#9759);
#9757 = CARTESIAN_POINT('',(-1.745E+03,1.065E+03,120.));
#9758 = DIRECTION('',(0.,0.,1.));
#9759 = DIRECTION('',(-1.,-0.,0.));
#9760 = DEFINITIONAL_REPRESENTATION('',(#9761),#9776);
#9761 = B_SPLINE_CURVE_WITH_KNOTS('',7,(#9762,#9763,#9764,#9765,#9766,
    #9767,#9768,#9769,#9770,#9771,#9772,#9773,#9774,#9775),
  .UNSPECIFIED.,.F.,.F.,(8,6,8),(0.,0.512771280649,1.),.UNSPECIFIED.);
#9762 = CARTESIAN_POINT('',(-0.564240689748,34.9999994));
#9763 = CARTESIAN_POINT('',(-0.648049268075,41.232049791901));
#9764 = CARTESIAN_POINT('',(-0.728896309213,47.47563664816));
#9765 = CARTESIAN_POINT('',(-0.807255217218,53.717580669873));
#9766 = CARTESIAN_POINT('',(-0.883523746623,59.951288680123));
#9767 = CARTESIAN_POINT('',(-0.958075909239,66.176161754705));
#9768 = CARTESIAN_POINT('',(-1.03127606991,72.396980017168));
#9769 = CARTESIAN_POINT('',(-1.172130984102,84.540402195917));
#9770 = CARTESIAN_POINT('',(-1.239804586921,90.455896010017));
#9771 = CARTESIAN_POINT('',(-1.306732341645,96.368612947642));
#9772 = CARTESIAN_POINT('',(-1.373106936454,102.27819082662));
#9773 = CARTESIAN_POINT('',(-1.439115675737,108.18537583998));
#9774 = CARTESIAN_POINT('',(-1.504946381762,114.0918249433));
#9775 = CARTESIAN_POINT('',(-1.570796326795,120.));
#9776 = ( GEOMETRIC_REPRESENTATION_CONTEXT(2) 
PARAMETRIC_REPRESENTATION_CONTEXT() REPRESENTATION_CONTEXT('2D SPACE',''
  ) );
#9777 = ORIENTED_EDGE('',*,*,#9778,.F.);
#9778 = EDGE_CURVE('',#9779,#9718,#9781,.T.);
#9779 = VERTEX_POINT('',#9780);
#9780 = CARTESIAN_POINT('',(-1.754671310581E+03,1.098637267303E+03,265.)
  );
#9781 = SURFACE_CURVE('',#9782,(#9789,#9799),.PCURVE_S1.);
#9782 = B_SPLINE_CURVE_WITH_KNOTS('',5,(#9783,#9784,#9785,#9786,#9787,
    #9788),.UNSPECIFIED.,.F.,.F.,(6,6),(0.,1.),
  .PIECEWISE_BEZIER_KNOTS.);
#9783 = CARTESIAN_POINT('',(-1.754671310809E+03,1.098637267238E+03,
    265.0000006));
#9784 = CARTESIAN_POINT('',(-1.752768988441E+03,1.099184218652E+03,
    259.99786165539));
#9785 = CARTESIAN_POINT('',(-1.750842253537E+03,1.099592592201E+03,
    254.99705730065));
#9786 = CARTESIAN_POINT('',(-1.748900023136E+03,1.099864187219E+03,
    249.99762962401));
#9787 = CARTESIAN_POINT('',(-1.746950065468E+03,1.100000000021E+03,
    244.99895363857));
#9788 = CARTESIAN_POINT('',(-1.745E+03,1.1E+03,240.));
#9789 = PCURVE('',#1861,#9790);
#9790 = DEFINITIONAL_REPRESENTATION('',(#9791),#9798);
#9791 = B_SPLINE_CURVE_WITH_KNOTS('',5,(#9792,#9793,#9794,#9795,#9796,
    #9797),.UNSPECIFIED.,.F.,.F.,(6,6),(0.,1.),
  .PIECEWISE_BEZIER_KNOTS.);
#9792 = CARTESIAN_POINT('',(-6.392096143225,1.754671310809E+03));
#9793 = CARTESIAN_POINT('',(-6.370218087188,1.752768988441E+03));
#9794 = CARTESIAN_POINT('',(-6.348411290467,1.750842253537E+03));
#9795 = CARTESIAN_POINT('',(-6.32665326366,1.748900023136E+03));
#9796 = CARTESIAN_POINT('',(-6.304919887822,1.746950065468E+03));
#9797 = CARTESIAN_POINT('',(-6.28318530718,1.745E+03));
#9798 = ( GEOMETRIC_REPRESENTATION_CONTEXT(2) 
PARAMETRIC_REPRESENTATION_CONTEXT() REPRESENTATION_CONTEXT('2D SPACE',''
  ) );
#9799 = PCURVE('',#9800,#9805);
#9800 = CYLINDRICAL_SURFACE('',#9801,35.);
#9801 = AXIS2_PLACEMENT_3D('',#9802,#9803,#9804);
#9802 = CARTESIAN_POINT('',(-1.745E+03,1.065E+03,120.));
#9803 = DIRECTION('',(0.,0.,1.));
#9804 = DIRECTION('',(-1.,-0.,0.));
#9805 = DEFINITIONAL_REPRESENTATION('',(#9806),#9813);
#9806 = B_SPLINE_CURVE_WITH_KNOTS('',5,(#9807,#9808,#9809,#9810,#9811,
    #9812),.UNSPECIFIED.,.F.,.F.,(6,6),(0.,1.),
  .PIECEWISE_BEZIER_KNOTS.);
#9807 = CARTESIAN_POINT('',(-1.2908301255,145.0000006));
#9808 = CARTESIAN_POINT('',(-1.347384136101,139.99786165539));
#9809 = CARTESIAN_POINT('',(-1.403514439958,134.99705730065));
#9810 = CARTESIAN_POINT('',(-1.459367111903,129.99762962401));
#9811 = CARTESIAN_POINT('',(-1.515080165403,124.99895363857));
#9812 = CARTESIAN_POINT('',(-1.570796326795,120.));
#9813 = ( GEOMETRIC_REPRESENTATION_CONTEXT(2) 
PARAMETRIC_REPRESENTATION_CONTEXT() REPRESENTATION_CONTEXT('2D SPACE',''
  ) );
#9814 = ORIENTED_EDGE('',*,*,#9815,.F.);
#9815 = EDGE_CURVE('',#9816,#9779,#9818,.T.);
#9816 = VERTEX_POINT('',#9817);
#9817 = CARTESIAN_POINT('',(-1.745E+03,1.096420653651E+03,
    280.41890152187));
#9818 = SURFACE_CURVE('',#9819,(#9857,#9898),.PCURVE_S1.);
#9819 = B_SPLINE_CURVE_WITH_KNOTS('',8,(#9820,#9821,#9822,#9823,#9824,
    #9825,#9826,#9827,#9828,#9829,#9830,#9831,#9832,#9833,#9834,#9835,
    #9836,#9837,#9838,#9839,#9840,#9841,#9842,#9843,#9844,#9845,#9846,
    #9847,#9848,#9849,#9850,#9851,#9852,#9853,#9854,#9855,#9856),
  .UNSPECIFIED.,.F.,.F.,(9,7,7,7,7,9),(0.,0.387058219399,0.527748557811,
    0.639401367721,0.819262056325,1.),.UNSPECIFIED.);
#9820 = CARTESIAN_POINT('',(-1.745E+03,1.096420653651E+03,
    280.41890152187));
#9821 = CARTESIAN_POINT('',(-1.745858352037E+03,1.096420653651E+03,
    280.41890152187));
#9822 = CARTESIAN_POINT('',(-1.746714934937E+03,1.096435975971E+03,
    280.33306779929));
#9823 = CARTESIAN_POINT('',(-1.747566506469E+03,1.096466510437E+03,
    280.16201969249));
#9824 = CARTESIAN_POINT('',(-1.748408278369E+03,1.09651230015E+03,
    279.90445684607));
#9825 = CARTESIAN_POINT('',(-1.749234298857E+03,1.096573295879E+03,
    279.55859421117));
#9826 = CARTESIAN_POINT('',(-1.750037343827E+03,1.096649305107E+03,
    279.12217712759));
#9827 = CARTESIAN_POINT('',(-1.750809070436E+03,1.096739907225E+03,
    278.59295968529));
#9828 = CARTESIAN_POINT('',(-1.751804973228E+03,1.096882626998E+03,
    277.74025289283));
#9829 = CARTESIAN_POINT('',(-1.752064902806E+03,1.096922517975E+03,
    277.50031699652));
#9830 = CARTESIAN_POINT('',(-1.752318753061E+03,1.096964219363E+03,
    277.24765707309));
#9831 = CARTESIAN_POINT('',(-1.752565942827E+03,1.097007687641E+03,
    276.98219448703));
#9832 = CARTESIAN_POINT('',(-1.752805831066E+03,1.097052868169E+03,
    276.70389030206));
#9833 = CARTESIAN_POINT('',(-1.753037722913E+03,1.097099694099E+03,
    276.41275585452));
#9834 = CARTESIAN_POINT('',(-1.753260875744E+03,1.097148085293E+03,
    276.10886332671));
#9835 = CARTESIAN_POINT('',(-1.753644043027E+03,1.097237518017E+03,
    275.54117420618));
#9836 = CARTESIAN_POINT('',(-1.753807575188E+03,1.097278013316E+03,
    275.28205900465));
#9837 = CARTESIAN_POINT('',(-1.753964703415E+03,1.097319384195E+03,
    275.01509453634));
#9838 = CARTESIAN_POINT('',(-1.754115006185E+03,1.097361573876E+03,
    274.74040866096));
#9839 = CARTESIAN_POINT('',(-1.754258044094E+03,1.097404517398E+03,
    274.45817889465));
#9840 = CARTESIAN_POINT('',(-1.754393366655E+03,1.097448141329E+03,
    274.16863943044));
#9841 = CARTESIAN_POINT('',(-1.754520520577E+03,1.097492363545E+03,
    273.87208956169));
#9842 = CARTESIAN_POINT('',(-1.754830012971E+03,1.097609147501E+03,
    273.08050332981));
#9843 = CARTESIAN_POINT('',(-1.754998724485E+03,1.097682561293E+03,
    272.574591498));
#9844 = CARTESIAN_POINT('',(-1.755143138706E+03,1.097756902377E+03,
    272.05306577728));
#9845 = CARTESIAN_POINT('',(-1.755261422314E+03,1.097831705113E+03,
    271.5181828193));
#9846 = CARTESIAN_POINT('',(-1.755352028031E+03,1.097906479265E+03,
    270.97257819815));
#9847 = CARTESIAN_POINT('',(-1.755413767303E+03,1.097980720002E+03,
    270.41929114301));
#9848 = CARTESIAN_POINT('',(-1.755445937571E+03,1.098053916076E+03,
    269.86180670725));
#9849 = CARTESIAN_POINT('',(-1.755451175327E+03,1.09819753996E+03,
    268.74372948958));
#9850 = CARTESIAN_POINT('',(-1.755423955708E+03,1.098268005441E+03,
    268.18272288475));
#9851 = CARTESIAN_POINT('',(-1.755366827173E+03,1.098336422527E+03,
    267.62518105338));
#9852 = CARTESIAN_POINT('',(-1.755280461742E+03,1.09840239334E+03,
    267.07467625632));
#9853 = CARTESIAN_POINT('',(-1.755166034671E+03,1.098465628065E+03,
    266.53434785234));
#9854 = CARTESIAN_POINT('',(-1.755025094912E+03,1.098525926465E+03,
    266.00693975922));
#9855 = CARTESIAN_POINT('',(-1.754859491769E+03,1.098583161876E+03,
    265.49482068118));
#9856 = CARTESIAN_POINT('',(-1.754671310581E+03,1.098637267303E+03,265.)
  );
#9857 = PCURVE('',#1861,#9858);
#9858 = DEFINITIONAL_REPRESENTATION('',(#9859),#9897);
#9859 = B_SPLINE_CURVE_WITH_KNOTS('',8,(#9860,#9861,#9862,#9863,#9864,
    #9865,#9866,#9867,#9868,#9869,#9870,#9871,#9872,#9873,#9874,#9875,
    #9876,#9877,#9878,#9879,#9880,#9881,#9882,#9883,#9884,#9885,#9886,
    #9887,#9888,#9889,#9890,#9891,#9892,#9893,#9894,#9895,#9896),
  .UNSPECIFIED.,.F.,.F.,(9,7,7,7,7,9),(0.,0.387058219399,0.527748557811,
    0.639401367721,0.819262056325,1.),.UNSPECIFIED.);
#9860 = CARTESIAN_POINT('',(-6.459836989157,1.745E+03));
#9861 = CARTESIAN_POINT('',(-6.459836989157,1.745858352037E+03));
#9862 = CARTESIAN_POINT('',(-6.459457899566,1.746714934937E+03));
#9863 = CARTESIAN_POINT('',(-6.458702455484,1.747566506469E+03));
#9864 = CARTESIAN_POINT('',(-6.457565058107,1.748408278369E+03));
#9865 = CARTESIAN_POINT('',(-6.456038104968,1.749234298857E+03));
#9866 = CARTESIAN_POINT('',(-6.454112085612,1.750037343827E+03));
#9867 = CARTESIAN_POINT('',(-6.451777680111,1.750809070436E+03));
#9868 = CARTESIAN_POINT('',(-6.448018688854,1.751804973228E+03));
#9869 = CARTESIAN_POINT('',(-6.446961170494,1.752064902806E+03));
#9870 = CARTESIAN_POINT('',(-6.445847788343,1.752318753061E+03));
#9871 = CARTESIAN_POINT('',(-6.444678234191,1.752565942827E+03));
#9872 = CARTESIAN_POINT('',(-6.443452377137,1.752805831066E+03));
#9873 = CARTESIAN_POINT('',(-6.442170309514,1.753037722913E+03));
#9874 = CARTESIAN_POINT('',(-6.440832392815,1.753260875744E+03));
#9875 = CARTESIAN_POINT('',(-6.438333738547,1.753644043027E+03));
#9876 = CARTESIAN_POINT('',(-6.437193476467,1.753807575188E+03));
#9877 = CARTESIAN_POINT('',(-6.436018908424,1.753964703415E+03));
#9878 = CARTESIAN_POINT('',(-6.434810619378,1.754115006185E+03));
#9879 = CARTESIAN_POINT('',(-6.433569412481,1.754258044094E+03));
#9880 = CARTESIAN_POINT('',(-6.432296339392,1.754393366655E+03));
#9881 = CARTESIAN_POINT('',(-6.430992736626,1.754520520577E+03));
#9882 = CARTESIAN_POINT('',(-6.427513803933,1.754830012971E+03));
#9883 = CARTESIAN_POINT('',(-6.425291155011,1.754998724485E+03));
#9884 = CARTESIAN_POINT('',(-6.423000743051,1.755143138706E+03));
#9885 = CARTESIAN_POINT('',(-6.420652550466,1.755261422314E+03));
#9886 = CARTESIAN_POINT('',(-6.418258201103,1.755352028031E+03));
#9887 = CARTESIAN_POINT('',(-6.415831062107,1.755413767303E+03));
#9888 = CARTESIAN_POINT('',(-6.413386423306,1.755445937571E+03));
#9889 = CARTESIAN_POINT('',(-6.408485274787,1.755451175327E+03));
#9890 = CARTESIAN_POINT('',(-6.406026959631,1.755423955708E+03));
#9891 = CARTESIAN_POINT('',(-6.403584698075,1.755366827173E+03));
#9892 = CARTESIAN_POINT('',(-6.401174092751,1.755280461742E+03));
#9893 = CARTESIAN_POINT('',(-6.398808822991,1.755166034671E+03));
#9894 = CARTESIAN_POINT('',(-6.396500818781,1.755025094912E+03));
#9895 = CARTESIAN_POINT('',(-6.39426035769,1.754859491769E+03));
#9896 = CARTESIAN_POINT('',(-6.3920961406,1.754671310581E+03));
#9897 = ( GEOMETRIC_REPRESENTATION_CONTEXT(2) 
PARAMETRIC_REPRESENTATION_CONTEXT() REPRESENTATION_CONTEXT('2D SPACE',''
  ) );
#9898 = PCURVE('',#9899,#9904);
#9899 = SPHERICAL_SURFACE('',#9900,35.);
#9900 = AXIS2_PLACEMENT_3D('',#9901,#9902,#9903);
#9901 = CARTESIAN_POINT('',(-1.745E+03,1.065E+03,265.));
#9902 = DIRECTION('',(-0.,-1.,-0.));
#9903 = DIRECTION('',(-1.,0.,2.030122102172E-16));
#9904 = DEFINITIONAL_REPRESENTATION('',(#9905),#9943);
#9905 = B_SPLINE_CURVE_WITH_KNOTS('',8,(#9906,#9907,#9908,#9909,#9910,
    #9911,#9912,#9913,#9914,#9915,#9916,#9917,#9918,#9919,#9920,#9921,
    #9922,#9923,#9924,#9925,#9926,#9927,#9928,#9929,#9930,#9931,#9932,
    #9933,#9934,#9935,#9936,#9937,#9938,#9939,#9940,#9941,#9942),
  .UNSPECIFIED.,.F.,.F.,(9,7,7,7,7,9),(0.,0.387058219399,0.527748557811,
    0.639401367721,0.819262056325,1.),.UNSPECIFIED.);
#9906 = CARTESIAN_POINT('',(-1.570796326795,-1.114596178517));
#9907 = CARTESIAN_POINT('',(-1.515127507856,-1.114596178517));
#9908 = CARTESIAN_POINT('',(-1.45957318889,-1.115589918722));
#9909 = CARTESIAN_POINT('',(-1.403631322989,-1.117570230311));
#9910 = CARTESIAN_POINT('',(-1.346906412303,-1.120551239024));
#9911 = CARTESIAN_POINT('',(-1.28901704675,-1.124551799943));
#9912 = CARTESIAN_POINT('',(-1.229545523447,-1.129595140095));
#9913 = CARTESIAN_POINT('',(-1.168014071607,-1.13570342165));
#9914 = CARTESIAN_POINT('',(-1.080348316873,-1.145530455561));
#9915 = CARTESIAN_POINT('',(-1.05662191074,-1.148294370901));
#9916 = CARTESIAN_POINT('',(-1.032510062361,-1.151203468489));
#9917 = CARTESIAN_POINT('',(-1.007983388554,-1.154258409769));
#9918 = CARTESIAN_POINT('',(-0.983012270073,-1.157459384378));
#9919 = CARTESIAN_POINT('',(-0.957566506147,-1.160805992747));
#9920 = CARTESIAN_POINT('',(-0.931614969011,-1.164297128706));
#9921 = CARTESIAN_POINT('',(-0.884102843876,-1.170814617615));
#9922 = CARTESIAN_POINT('',(-0.862742470553,-1.173788049073));
#9923 = CARTESIAN_POINT('',(-0.841028920305,-1.176850054282));
#9924 = CARTESIAN_POINT('',(-0.818947775054,-1.179999025211));
#9925 = CARTESIAN_POINT('',(-0.796485369516,-1.183232786325));
#9926 = CARTESIAN_POINT('',(-0.773629008129,-1.186548517708));
#9927 = CARTESIAN_POINT('',(-0.750367446208,-1.18994266296));
#9928 = CARTESIAN_POINT('',(-0.688552446043,-1.198997653459));
#9929 = CARTESIAN_POINT('',(-0.649315563969,-1.204779876461));
#9930 = CARTESIAN_POINT('',(-0.608969906076,-1.210735272518));
#9931 = CARTESIAN_POINT('',(-0.567505746476,-1.216837625543));
#9932 = CARTESIAN_POINT('',(-0.524921134196,-1.223056537343));
#9933 = CARTESIAN_POINT('',(-0.481228897079,-1.229357187044));
#9934 = CARTESIAN_POINT('',(-0.436471749411,-1.235699885038));
#9935 = CARTESIAN_POINT('',(-0.34481130318,-1.248409579197));
#9936 = CARTESIAN_POINT('',(-0.297864856279,-1.254781225543));
#9937 = CARTESIAN_POINT('',(-0.250017006293,-1.261108049481));
#9938 = CARTESIAN_POINT('',(-0.201347833034,-1.267349805802));
#9939 = CARTESIAN_POINT('',(-0.151930417606,-1.273471329881));
#9940 = CARTESIAN_POINT('',(-0.101840678241,-1.279442050205));
#9941 = CARTESIAN_POINT('',(-5.116376700294E-02,-1.28523570671));
#9942 = CARTESIAN_POINT('',(0.,-1.290830132283));
#9943 = ( GEOMETRIC_REPRESENTATION_CONTEXT(2) 
PARAMETRIC_REPRESENTATION_CONTEXT() REPRESENTATION_CONTEXT('2D SPACE',''
  ) );
#9944 = ORIENTED_EDGE('',*,*,#9945,.F.);
#9945 = EDGE_CURVE('',#9946,#9816,#9948,.T.);
#9946 = VERTEX_POINT('',#9947);
#9947 = CARTESIAN_POINT('',(-1.655E+03,1.096420653651E+03,
    280.41890152187));
#9948 = SURFACE_CURVE('',#9949,(#9953,#9959),.PCURVE_S1.);
#9949 = LINE('',#9950,#9951);
#9950 = CARTESIAN_POINT('',(0.,1.096420653651E+03,280.41890152187));
#9951 = VECTOR('',#9952,1.);
#9952 = DIRECTION('',(-1.,-0.,-0.));
#9953 = PCURVE('',#1861,#9954);
#9954 = DEFINITIONAL_REPRESENTATION('',(#9955),#9958);
#9955 = B_SPLINE_CURVE_WITH_KNOTS('',1,(#9956,#9957),.UNSPECIFIED.,.F.,
  .F.,(2,2),(1.6549999994E+03,1.7450000006E+03),
  .PIECEWISE_BEZIER_KNOTS.);
#9956 = CARTESIAN_POINT('',(-6.459836989157,1.6549999994E+03));
#9957 = CARTESIAN_POINT('',(-6.459836989157,1.7450000006E+03));
#9958 = ( GEOMETRIC_REPRESENTATION_CONTEXT(2) 
PARAMETRIC_REPRESENTATION_CONTEXT() REPRESENTATION_CONTEXT('2D SPACE',''
  ) );
#9959 = PCURVE('',#9960,#9965);
#9960 = CYLINDRICAL_SURFACE('',#9961,35.);
#9961 = AXIS2_PLACEMENT_3D('',#9962,#9963,#9964);
#9962 = CARTESIAN_POINT('',(-1.78E+03,1.065E+03,265.));
#9963 = DIRECTION('',(1.,0.,0.));
#9964 = DIRECTION('',(-0.,1.,0.));
#9965 = DEFINITIONAL_REPRESENTATION('',(#9966),#9969);
#9966 = B_SPLINE_CURVE_WITH_KNOTS('',1,(#9967,#9968),.UNSPECIFIED.,.F.,
  .F.,(2,2),(1.6549999994E+03,1.7450000006E+03),
  .PIECEWISE_BEZIER_KNOTS.);
#9967 = CARTESIAN_POINT('',(0.456200148278,125.0000006));
#9968 = CARTESIAN_POINT('',(0.456200148278,34.9999994));
#9969 = ( GEOMETRIC_REPRESENTATION_CONTEXT(2) 
PARAMETRIC_REPRESENTATION_CONTEXT() REPRESENTATION_CONTEXT('2D SPACE',''
  ) );
#9970 = ORIENTED_EDGE('',*,*,#9971,.F.);
#9971 = EDGE_CURVE('',#9972,#9946,#9974,.T.);
#9972 = VERTEX_POINT('',#9973);
#9973 = CARTESIAN_POINT('',(-1.645328689419E+03,1.098637267303E+03,265.)
  );
#9974 = SURFACE_CURVE('',#9975,(#10034,#10096),.PCURVE_S1.);
#9975 = B_SPLINE_CURVE_WITH_KNOTS('',8,(#9976,#9977,#9978,#9979,#9980,
    #9981,#9982,#9983,#9984,#9985,#9986,#9987,#9988,#9989,#9990,#9991,
    #9992,#9993,#9994,#9995,#9996,#9997,#9998,#9999,#10000,#10001,#10002
    ,#10003,#10004,#10005,#10006,#10007,#10008,#10009,#10010,#10011,
    #10012,#10013,#10014,#10015,#10016,#10017,#10018,#10019,#10020,
    #10021,#10022,#10023,#10024,#10025,#10026,#10027,#10028,#10029,
    #10030,#10031,#10032,#10033),.UNSPECIFIED.,.F.,.F.,(9,7,7,7,7,7,7,7,
    9),(0.,5.961813610102E-02,0.179311293789,0.262987819603,
    0.300658183698,0.360424398207,0.471789281987,0.611033253046,1.),
  .UNSPECIFIED.);
#9976 = CARTESIAN_POINT('',(-1.645328689419E+03,1.098637267303E+03,265.)
  );
#9977 = CARTESIAN_POINT('',(-1.645266606564E+03,1.098619417382E+03,
    265.16324628802));
#9978 = CARTESIAN_POINT('',(-1.645206994165E+03,1.09860123054E+03,
    265.32834105442));
#9979 = CARTESIAN_POINT('',(-1.64514992049E+03,1.098582708065E+03,
    265.49522329971));
#9980 = CARTESIAN_POINT('',(-1.645095452952E+03,1.098563852067E+03,
    265.66382624166));
#9981 = CARTESIAN_POINT('',(-1.645043657534E+03,1.098544665569E+03,
    265.83407698199));
#9982 = CARTESIAN_POINT('',(-1.644994598232E+03,1.09852515262E+03,
    266.00589617289));
#9983 = CARTESIAN_POINT('',(-1.644948336485E+03,1.098505318388E+03,
    266.17919768367));
#9984 = CARTESIAN_POINT('',(-1.64481778622E+03,1.098444716601E+03,
    266.70460818148));
#9985 = CARTESIAN_POINT('',(-1.644742140355E+03,1.098402988881E+03,
    267.06097752469));
#9986 = CARTESIAN_POINT('',(-1.64467848499E+03,1.09836004396E+03,
    267.4221862195));
#9987 = CARTESIAN_POINT('',(-1.644627233296E+03,1.098315953747E+03,
    267.78736455315));
#9988 = CARTESIAN_POINT('',(-1.644588714419E+03,1.098270805864E+03,
    268.15558232511));
#9989 = CARTESIAN_POINT('',(-1.644563163231E+03,1.098224705323E+03,
    268.52584698049));
#9990 = CARTESIAN_POINT('',(-1.644550705048E+03,1.098177776226E+03,
    268.89710072983));
#9991 = CARTESIAN_POINT('',(-1.644551775927E+03,1.098096877808E+03,
    269.52766081906));
#9992 = CARTESIAN_POINT('',(-1.644558613405E+03,1.098063254464E+03,
    269.78706531233));
#9993 = CARTESIAN_POINT('',(-1.644571848065E+03,1.098029341452E+03,
    270.04605576561));
#9994 = CARTESIAN_POINT('',(-1.644591451325E+03,1.097995187987E+03,
    270.30427013973));
#9995 = CARTESIAN_POINT('',(-1.644617367341E+03,1.097960844346E+03,
    270.56135852555));
#9996 = CARTESIAN_POINT('',(-1.644649514657E+03,1.097926361719E+03,
    270.81698294413));
#9997 = CARTESIAN_POINT('',(-1.644687787848E+03,1.097891792057E+03,
    271.07081714699));
#9998 = CARTESIAN_POINT('',(-1.64475198969E+03,1.097841609469E+03,
    271.43587250307));
#9999 = CARTESIAN_POINT('',(-1.644773136218E+03,1.097826023774E+03,
    271.54877381049));
#10000 = CARTESIAN_POINT('',(-1.644795487181E+03,1.097810435499E+03,
    271.66122261363));
#10001 = CARTESIAN_POINT('',(-1.644819030337E+03,1.097794849253E+03,
    271.77319214848));
#10002 = CARTESIAN_POINT('',(-1.644843752773E+03,1.097779269585E+03,
    271.88465661195));
#10003 = CARTESIAN_POINT('',(-1.644869640906E+03,1.097763700985E+03,
    271.99559116182));
#10004 = CARTESIAN_POINT('',(-1.644896680483E+03,1.097748147886E+03,
    272.10597191682));
#10005 = CARTESIAN_POINT('',(-1.644969559592E+03,1.097707970295E+03,
    272.38998642541));
#10006 = CARTESIAN_POINT('',(-1.645017123728E+03,1.097683375861E+03,
    272.56274574596));
#10007 = CARTESIAN_POINT('',(-1.645067489804E+03,1.097658848799E+03,
    272.73396218267));
#10008 = CARTESIAN_POINT('',(-1.645120595564E+03,1.097634405928E+03,
    272.90355126519));
#10009 = CARTESIAN_POINT('',(-1.645176376242E+03,1.097610063425E+03,
    273.07143543151));
#10010 = CARTESIAN_POINT('',(-1.645234765138E+03,1.097585836815E+03,
    273.2375436711));
#10011 = CARTESIAN_POINT('',(-1.64529569418E+03,1.097561740958E+03,
    273.40181116812));
#10012 = CARTESIAN_POINT('',(-1.645477230949E+03,1.097493161267E+03,
    273.86672560416));
#10013 = CARTESIAN_POINT('',(-1.645603946228E+03,1.097449036285E+03,
    274.16267246257));
#10014 = CARTESIAN_POINT('',(-1.645738797241E+03,1.097405505513E+03,
    274.45164718695));
#10015 = CARTESIAN_POINT('',(-1.645881333945E+03,1.0973626506E+03,
    274.73335175696));
#10016 = CARTESIAN_POINT('',(-1.646031108986E+03,1.097320544576E+03,
    275.0075527435));
#10017 = CARTESIAN_POINT('',(-1.646187685903E+03,1.097279252077E+03,
    275.27407297462));
#10018 = CARTESIAN_POINT('',(-1.646350645868E+03,1.097238829627E+03,
    275.53278458843));
#10019 = CARTESIAN_POINT('',(-1.646730834341E+03,1.097149932973E+03,
    276.09721236243));
#10020 = CARTESIAN_POINT('',(-1.64695142409E+03,1.097101979055E+03,
    276.39846455206));
#10021 = CARTESIAN_POINT('',(-1.647180600298E+03,1.097055556268E+03,
    276.68721856844));
#10022 = CARTESIAN_POINT('',(-1.647417641079E+03,1.097010742787E+03,
    276.96340217216));
#10023 = CARTESIAN_POINT('',(-1.647661870443E+03,1.096967603948E+03,
    277.22700219796));
#10024 = CARTESIAN_POINT('',(-1.647912664147E+03,1.096926193278E+03,
    277.47805439478));
#10025 = CARTESIAN_POINT('',(-1.648169455545E+03,1.096886553539E+03,
    277.71663326574));
#10026 = CARTESIAN_POINT('',(-1.649164415806E+03,1.096743026565E+03,
    278.57473741584));
#10027 = CARTESIAN_POINT('',(-1.649939013905E+03,1.096651549632E+03,
    279.10928712973));
#10028 = CARTESIAN_POINT('',(-1.650745501687E+03,1.096574786282E+03,
    279.55014642598));
#10029 = CARTESIAN_POINT('',(-1.651575423046E+03,1.096513179054E+03,
    279.89951455962));
#10030 = CARTESIAN_POINT('',(-1.652421402434E+03,1.096466932278E+03,
    280.15965682669));
#10031 = CARTESIAN_POINT('',(-1.653277280365E+03,1.096436105682E+03,
    280.3323412106));
#10032 = CARTESIAN_POINT('',(-1.654138024876E+03,1.096420653651E+03,
    280.41890152187));
#10033 = CARTESIAN_POINT('',(-1.655E+03,1.096420653651E+03,
    280.41890152187));
#10034 = PCURVE('',#1861,#10035);
#10035 = DEFINITIONAL_REPRESENTATION('',(#10036),#10095);
#10036 = B_SPLINE_CURVE_WITH_KNOTS('',8,(#10037,#10038,#10039,#10040,
    #10041,#10042,#10043,#10044,#10045,#10046,#10047,#10048,#10049,
    #10050,#10051,#10052,#10053,#10054,#10055,#10056,#10057,#10058,
    #10059,#10060,#10061,#10062,#10063,#10064,#10065,#10066,#10067,
    #10068,#10069,#10070,#10071,#10072,#10073,#10074,#10075,#10076,
    #10077,#10078,#10079,#10080,#10081,#10082,#10083,#10084,#10085,
    #10086,#10087,#10088,#10089,#10090,#10091,#10092,#10093,#10094),
  .UNSPECIFIED.,.F.,.F.,(9,7,7,7,7,7,7,7,9),(0.,5.961813610102E-02,
    0.179311293789,0.262987819603,0.300658183698,0.360424398207,
    0.471789281987,0.611033253046,1.),.UNSPECIFIED.);
#10037 = CARTESIAN_POINT('',(-6.3920961406,1.645328689419E+03));
#10038 = CARTESIAN_POINT('',(-6.392810137448,1.645266606564E+03));
#10039 = CARTESIAN_POINT('',(-6.393532282766,1.645206994165E+03));
#10040 = CARTESIAN_POINT('',(-6.394262312854,1.64514992049E+03));
#10041 = CARTESIAN_POINT('',(-6.39499993869,1.645095452952E+03));
#10042 = CARTESIAN_POINT('',(-6.39574484443,1.645043657534E+03));
#10043 = CARTESIAN_POINT('',(-6.396496685925,1.644994598232E+03));
#10044 = CARTESIAN_POINT('',(-6.397255089217,1.644948336485E+03));
#10045 = CARTESIAN_POINT('',(-6.399554627955,1.64481778622E+03));
#10046 = CARTESIAN_POINT('',(-6.401114643029,1.644742140355E+03));
#10047 = CARTESIAN_POINT('',(-6.402696172081,1.64467848499E+03));
#10048 = CARTESIAN_POINT('',(-6.404295429104,1.644627233296E+03));
#10049 = CARTESIAN_POINT('',(-6.405908359541,1.644588714419E+03));
#10050 = CARTESIAN_POINT('',(-6.40753063107,1.644563163231E+03));
#10051 = CARTESIAN_POINT('',(-6.409157619909,1.644550705048E+03));
#10052 = CARTESIAN_POINT('',(-6.411921656367,1.644551775927E+03));
#10053 = CARTESIAN_POINT('',(-6.413058935851,1.644558613405E+03));
#10054 = CARTESIAN_POINT('',(-6.414194592307,1.644571848065E+03));
#10055 = CARTESIAN_POINT('',(-6.415327039456,1.644591451325E+03));
#10056 = CARTESIAN_POINT('',(-6.416454742678,1.644617367341E+03));
#10057 = CARTESIAN_POINT('',(-6.417576218168,1.644649514657E+03));
#10058 = CARTESIAN_POINT('',(-6.418690032111,1.644687787848E+03));
#10059 = CARTESIAN_POINT('',(-6.420292155614,1.64475198969E+03));
#10060 = CARTESIAN_POINT('',(-6.420787686012,1.644773136218E+03));
#10061 = CARTESIAN_POINT('',(-6.421281269045,1.644795487181E+03));
#10062 = CARTESIAN_POINT('',(-6.421772786885,1.644819030337E+03));
#10063 = CARTESIAN_POINT('',(-6.422262125871,1.644843752773E+03));
#10064 = CARTESIAN_POINT('',(-6.422749176507,1.644869640906E+03));
#10065 = CARTESIAN_POINT('',(-6.423233833465,1.644896680483E+03));
#10066 = CARTESIAN_POINT('',(-6.424480973709,1.644969559592E+03));
#10067 = CARTESIAN_POINT('',(-6.425239674286,1.645017123728E+03));
#10068 = CARTESIAN_POINT('',(-6.425991692457,1.645067489804E+03));
#10069 = CARTESIAN_POINT('',(-6.426736654972,1.645120595564E+03));
#10070 = CARTESIAN_POINT('',(-6.427474218658,1.645176376242E+03));
#10071 = CARTESIAN_POINT('',(-6.42820406889,1.645234765138E+03));
#10072 = CARTESIAN_POINT('',(-6.428925918058,1.64529569418E+03));
#10073 = CARTESIAN_POINT('',(-6.430969158593,1.645477230949E+03));
#10074 = CARTESIAN_POINT('',(-6.432270105907,1.645603946228E+03));
#10075 = CARTESIAN_POINT('',(-6.433540690678,1.645738797241E+03));
#10076 = CARTESIAN_POINT('',(-6.434779582158,1.645881333945E+03));
#10077 = CARTESIAN_POINT('',(-6.435985732222,1.646031108986E+03));
#10078 = CARTESIAN_POINT('',(-6.437158339402,1.646187685903E+03));
#10079 = CARTESIAN_POINT('',(-6.438296818895,1.646350645868E+03));
#10080 = CARTESIAN_POINT('',(-6.44078110344,1.646730834341E+03));
#10081 = CARTESIAN_POINT('',(-6.442107384317,1.64695142409E+03));
#10082 = CARTESIAN_POINT('',(-6.443378955293,1.647180600298E+03));
#10083 = CARTESIAN_POINT('',(-6.444595455908,1.647417641079E+03));
#10084 = CARTESIAN_POINT('',(-6.445756786989,1.647661870443E+03));
#10085 = CARTESIAN_POINT('',(-6.446863066522,1.647912664147E+03));
#10086 = CARTESIAN_POINT('',(-6.447914585528,1.648169455545E+03));
#10087 = CARTESIAN_POINT('',(-6.451697300981,1.649164415806E+03));
#10088 = CARTESIAN_POINT('',(-6.454055199132,1.649939013905E+03));
#10089 = CARTESIAN_POINT('',(-6.456000808327,1.650745501687E+03));
#10090 = CARTESIAN_POINT('',(-6.457543232765,1.651575423046E+03));
#10091 = CARTESIAN_POINT('',(-6.45869201972,1.652421402434E+03));
#10092 = CARTESIAN_POINT('',(-6.459454690542,1.653277280365E+03));
#10093 = CARTESIAN_POINT('',(-6.459836989157,1.654138024876E+03));
#10094 = CARTESIAN_POINT('',(-6.459836989157,1.655E+03));
#10095 = ( GEOMETRIC_REPRESENTATION_CONTEXT(2) 
PARAMETRIC_REPRESENTATION_CONTEXT() REPRESENTATION_CONTEXT('2D SPACE',''
  ) );
#10096 = PCURVE('',#10097,#10102);
#10097 = SPHERICAL_SURFACE('',#10098,35.);
#10098 = AXIS2_PLACEMENT_3D('',#10099,#10100,#10101);
#10099 = CARTESIAN_POINT('',(-1.655E+03,1.065E+03,265.));
#10100 = DIRECTION('',(-0.,-1.,-0.));
#10101 = DIRECTION('',(1.,-0.,2.030122102172E-16));
#10102 = DEFINITIONAL_REPRESENTATION('',(#10103),#10162);
#10103 = B_SPLINE_CURVE_WITH_KNOTS('',8,(#10104,#10105,#10106,#10107,
    #10108,#10109,#10110,#10111,#10112,#10113,#10114,#10115,#10116,
    #10117,#10118,#10119,#10120,#10121,#10122,#10123,#10124,#10125,
    #10126,#10127,#10128,#10129,#10130,#10131,#10132,#10133,#10134,
    #10135,#10136,#10137,#10138,#10139,#10140,#10141,#10142,#10143,
    #10144,#10145,#10146,#10147,#10148,#10149,#10150,#10151,#10152,
    #10153,#10154,#10155,#10156,#10157,#10158,#10159,#10160,#10161),
  .UNSPECIFIED.,.F.,.F.,(9,7,7,7,7,7,7,7,9),(0.,5.961813610102E-02,
    0.179311293789,0.262987819603,0.300658183698,0.360424398207,
    0.471789281987,0.611033253046,1.),.UNSPECIFIED.);
#10104 = CARTESIAN_POINT('',(0.,-1.290830132283));
#10105 = CARTESIAN_POINT('',(1.687943807134E-02,-1.288984475375));
#10106 = CARTESIAN_POINT('',(3.370234111322E-02,-1.287117521721));
#10107 = CARTESIAN_POINT('',(5.046644101961E-02,-1.285229941515));
#10108 = CARTESIAN_POINT('',(6.716938098768E-02,-1.283322470513));
#10109 = CARTESIAN_POINT('',(8.380869768563E-02,-1.28139591402));
#10110 = CARTESIAN_POINT('',(0.10038180342,-1.279451150881));
#10111 = CARTESIAN_POINT('',(0.116885968306,-1.277489137471));
#10112 = CARTESIAN_POINT('',(0.166308900393,-1.271539299905));
#10113 = CARTESIAN_POINT('',(0.199014709521,-1.267501769112));
#10114 = CARTESIAN_POINT('',(0.231406706701,-1.263407345927));
#10115 = CARTESIAN_POINT('',(0.263459218154,-1.259265749612));
#10116 = CARTESIAN_POINT('',(0.295148739964,-1.255087408004));
#10117 = CARTESIAN_POINT('',(0.326452585562,-1.250883485279));
#10118 = CARTESIAN_POINT('',(0.35734736016,-1.246665921528));
#10119 = CARTESIAN_POINT('',(0.409101535131,-1.239498408432));
#10120 = CARTESIAN_POINT('',(0.430185528625,-1.236548591049));
#10121 = CARTESIAN_POINT('',(0.451051265806,-1.233602272441));
#10122 = CARTESIAN_POINT('',(0.471692431714,-1.230663562668));
#10123 = CARTESIAN_POINT('',(0.492104035387,-1.227736443442));
#10124 = CARTESIAN_POINT('',(0.512282072004,-1.22482477015));
#10125 = CARTESIAN_POINT('',(0.532223185024,-1.221932273888));
#10126 = CARTESIAN_POINT('',(0.560793592844,-1.217770647575));
#10127 = CARTESIAN_POINT('',(0.56961436433,-1.21648332881));
#10128 = CARTESIAN_POINT('',(0.578386453382,-1.215200925195));
#10129 = CARTESIAN_POINT('',(0.587109715362,-1.213923744096));
#10130 = CARTESIAN_POINT('',(0.595784050399,-1.212652082247));
#10131 = CARTESIAN_POINT('',(0.604409403387,-1.211386225748));
#10132 = CARTESIAN_POINT('',(0.612985763987,-1.210126450067));
#10133 = CARTESIAN_POINT('',(0.635042384825,-1.206884380703));
#10134 = CARTESIAN_POINT('',(0.648448398271,-1.204911708217));
#10135 = CARTESIAN_POINT('',(0.661731306566,-1.202956062364));
#10136 = CARTESIAN_POINT('',(0.674891528775,-1.201018421866));
#10137 = CARTESIAN_POINT('',(0.687929760317,-1.19909968823));
#10138 = CARTESIAN_POINT('',(0.700846929845,-1.197200689598));
#10139 = CARTESIAN_POINT('',(0.713644156133,-1.195322184589));
#10140 = CARTESIAN_POINT('',(0.749947174548,-1.190004047132));
#10141 = CARTESIAN_POINT('',(0.7731592914,-1.186616833301));
#10142 = CARTESIAN_POINT('',(0.795968010805,-1.183307602302));
#10143 = CARTESIAN_POINT('',(0.818384471838,-1.180079894899));
#10144 = CARTESIAN_POINT('',(0.840421258147,-1.176936521159));
#10145 = CARTESIAN_POINT('',(0.862091920207,-1.173879651586));
#10146 = CARTESIAN_POINT('',(0.883410759023,-1.170910893184));
#10147 = CARTESIAN_POINT('',(0.930627646004,-1.164430942962));
#10148 = CARTESIAN_POINT('',(0.956334506428,-1.16097021249));
#10149 = CARTESIAN_POINT('',(0.981544822752,-1.157651056313));
#10150 = CARTESIAN_POINT('',(1.006288776687,-1.154474573098));
#10151 = CARTESIAN_POINT('',(1.030595684466,-1.151441175705));
#10152 = CARTESIAN_POINT('',(1.054494319838,-1.148550703982));
#10153 = CARTESIAN_POINT('',(1.078013237051,-1.145802537559));
#10154 = CARTESIAN_POINT('',(1.165898623959,-1.135913743374));
#10155 = CARTESIAN_POINT('',(1.227793119915,-1.129744097736));
#10156 = CARTESIAN_POINT('',(1.287602278844,-1.124649517308));
#10157 = CARTESIAN_POINT('',(1.345809335757,-1.120608441961));
#10158 = CARTESIAN_POINT('',(1.402837993413,-1.117597586578));
#10159 = CARTESIAN_POINT('',(1.45906837589,-1.11559833083));
#10160 = CARTESIAN_POINT('',(1.514892530863,-1.114596178517));
#10161 = CARTESIAN_POINT('',(1.570796326795,-1.114596178517));
#10162 = ( GEOMETRIC_REPRESENTATION_CONTEXT(2) 
PARAMETRIC_REPRESENTATION_CONTEXT() REPRESENTATION_CONTEXT('2D SPACE',''
  ) );
#10163 = ORIENTED_EDGE('',*,*,#10164,.T.);
#10164 = EDGE_CURVE('',#9972,#10165,#10167,.T.);
#10165 = VERTEX_POINT('',#10166);
#10166 = CARTESIAN_POINT('',(-1.655E+03,1.1E+03,240.));
#10167 = SURFACE_CURVE('',#10168,(#10175,#10185),.PCURVE_S1.);
#10168 = B_SPLINE_CURVE_WITH_KNOTS('',5,(#10169,#10170,#10171,#10172,
    #10173,#10174),.UNSPECIFIED.,.F.,.F.,(6,6),(0.,1.),
  .PIECEWISE_BEZIER_KNOTS.);
#10169 = CARTESIAN_POINT('',(-1.645328689191E+03,1.098637267238E+03,
    265.0000006));
#10170 = CARTESIAN_POINT('',(-1.647231011559E+03,1.099184218652E+03,
    259.99786165547));
#10171 = CARTESIAN_POINT('',(-1.649157746463E+03,1.099592592201E+03,
    254.99705730061));
#10172 = CARTESIAN_POINT('',(-1.651099976864E+03,1.099864187219E+03,
    249.99762962396));
#10173 = CARTESIAN_POINT('',(-1.653049934532E+03,1.100000000021E+03,
    244.99895363859));
#10174 = CARTESIAN_POINT('',(-1.655E+03,1.1E+03,240.));
#10175 = PCURVE('',#1861,#10176);
#10176 = DEFINITIONAL_REPRESENTATION('',(#10177),#10184);
#10177 = B_SPLINE_CURVE_WITH_KNOTS('',5,(#10178,#10179,#10180,#10181,
    #10182,#10183),.UNSPECIFIED.,.F.,.F.,(6,6),(0.,1.),
  .PIECEWISE_BEZIER_KNOTS.);
#10178 = CARTESIAN_POINT('',(-6.392096143225,1.645328689191E+03));
#10179 = CARTESIAN_POINT('',(-6.370218087189,1.647231011559E+03));
#10180 = CARTESIAN_POINT('',(-6.348411290467,1.649157746463E+03));
#10181 = CARTESIAN_POINT('',(-6.326653263659,1.651099976864E+03));
#10182 = CARTESIAN_POINT('',(-6.304919887822,1.653049934532E+03));
#10183 = CARTESIAN_POINT('',(-6.28318530718,1.655E+03));
#10184 = ( GEOMETRIC_REPRESENTATION_CONTEXT(2) 
PARAMETRIC_REPRESENTATION_CONTEXT() REPRESENTATION_CONTEXT('2D SPACE',''
  ) );
#10185 = PCURVE('',#10186,#10191);
#10186 = CYLINDRICAL_SURFACE('',#10187,35.);
#10187 = AXIS2_PLACEMENT_3D('',#10188,#10189,#10190);
#10188 = CARTESIAN_POINT('',(-1.655E+03,1.065E+03,120.));
#10189 = DIRECTION('',(0.,0.,1.));
#10190 = DIRECTION('',(1.,0.,-0.));
#10191 = DEFINITIONAL_REPRESENTATION('',(#10192),#10199);
#10192 = B_SPLINE_CURVE_WITH_KNOTS('',5,(#10193,#10194,#10195,#10196,
    #10197,#10198),.UNSPECIFIED.,.F.,.F.,(6,6),(0.,1.),
  .PIECEWISE_BEZIER_KNOTS.);
#10193 = CARTESIAN_POINT('',(1.2908301255,145.0000006));
#10194 = CARTESIAN_POINT('',(1.3473841361,139.99786165547));
#10195 = CARTESIAN_POINT('',(1.403514439958,134.99705730061));
#10196 = CARTESIAN_POINT('',(1.459367111904,129.99762962395));
#10197 = CARTESIAN_POINT('',(1.515080165403,124.99895363859));
#10198 = CARTESIAN_POINT('',(1.570796326795,120.));
#10199 = ( GEOMETRIC_REPRESENTATION_CONTEXT(2) 
PARAMETRIC_REPRESENTATION_CONTEXT() REPRESENTATION_CONTEXT('2D SPACE',''
  ) );
#10200 = ORIENTED_EDGE('',*,*,#10201,.F.);
#10201 = EDGE_CURVE('',#10202,#10165,#10204,.T.);
#10202 = VERTEX_POINT('',#10203);
#10203 = CARTESIAN_POINT('',(-1.625425178524E+03,1.083717102732E+03,155.
    ));
#10204 = SURFACE_CURVE('',#10205,(#10220,#10238),.PCURVE_S1.);
#10205 = B_SPLINE_CURVE_WITH_KNOTS('',7,(#10206,#10207,#10208,#10209,
    #10210,#10211,#10212,#10213,#10214,#10215,#10216,#10217,#10218,
    #10219),.UNSPECIFIED.,.F.,.F.,(8,6,8),(0.,0.512771280687,1.),
  .UNSPECIFIED.);
#10206 = CARTESIAN_POINT('',(-1.625425178373E+03,1.083717102493E+03,
    154.9999994));
#10207 = CARTESIAN_POINT('',(-1.626993832123E+03,1.086195726248E+03,
    161.23204979189));
#10208 = CARTESIAN_POINT('',(-1.628749404856E+03,1.088433384535E+03,
    167.47563664818));
#10209 = CARTESIAN_POINT('',(-1.630651940235E+03,1.090435160566E+03,
    173.71758066985));
#10210 = CARTESIAN_POINT('',(-1.632671421757E+03,1.092209317287E+03,
    179.95128868012));
#10211 = CARTESIAN_POINT('',(-1.634785196907E+03,1.093764623975E+03,
    186.17616175468));
#10212 = CARTESIAN_POINT('',(-1.636976576121E+03,1.095108912027E+03,
    192.39698001719));
#10213 = CARTESIAN_POINT('',(-1.641377964024E+03,1.097329703646E+03,
    204.540402195));
#10214 = CARTESIAN_POINT('',(-1.64357924117E+03,1.098224979227E+03,
    210.45589601115));
#10215 = CARTESIAN_POINT('',(-1.645823010703E+03,1.09893707106E+03,
    216.36861294792));
#10216 = CARTESIAN_POINT('',(-1.648097194921E+03,1.099468999643E+03,
    222.27819082585));
#10217 = CARTESIAN_POINT('',(-1.650391177108E+03,1.099822937948E+03,
    228.18537583986));
#10218 = CARTESIAN_POINT('',(-1.652695251946E+03,1.099999999987E+03,
    234.09182494355));
#10219 = CARTESIAN_POINT('',(-1.655E+03,1.1E+03,240.));
#10220 = PCURVE('',#1861,#10221);
#10221 = DEFINITIONAL_REPRESENTATION('',(#10222),#10237);
#10222 = B_SPLINE_CURVE_WITH_KNOTS('',7,(#10223,#10224,#10225,#10226,
    #10227,#10228,#10229,#10230,#10231,#10232,#10233,#10234,#10235,
    #10236),.UNSPECIFIED.,.F.,.F.,(8,6,8),(0.,0.512771280687,1.),
  .UNSPECIFIED.);
#10223 = CARTESIAN_POINT('',(-5.904644235511,1.625425178373E+03));
#10224 = CARTESIAN_POINT('',(-5.933804514773,1.626993832123E+03));
#10225 = CARTESIAN_POINT('',(-5.962624215673,1.628749404856E+03));
#10226 = CARTESIAN_POINT('',(-5.991098770768,1.630651940235E+03));
#10227 = CARTESIAN_POINT('',(-6.019251025726,1.632671421757E+03));
#10228 = CARTESIAN_POINT('',(-6.047124685398,1.634785196907E+03));
#10229 = CARTESIAN_POINT('',(-6.07478191171,1.636976576121E+03));
#10230 = CARTESIAN_POINT('',(-6.12845504862,1.641377964024E+03));
#10231 = CARTESIAN_POINT('',(-6.154455234062,1.64357924117E+03));
#10232 = CARTESIAN_POINT('',(-6.180329475735,1.645823010703E+03));
#10233 = CARTESIAN_POINT('',(-6.206106278128,1.648097194921E+03));
#10234 = CARTESIAN_POINT('',(-6.231817375839,1.650391177108E+03));
#10235 = CARTESIAN_POINT('',(-6.257497589581,1.652695251946E+03));
#10236 = CARTESIAN_POINT('',(-6.28318530718,1.655E+03));
#10237 = ( GEOMETRIC_REPRESENTATION_CONTEXT(2) 
PARAMETRIC_REPRESENTATION_CONTEXT() REPRESENTATION_CONTEXT('2D SPACE',''
  ) );
#10238 = PCURVE('',#10239,#10244);
#10239 = CYLINDRICAL_SURFACE('',#10240,35.);
#10240 = AXIS2_PLACEMENT_3D('',#10241,#10242,#10243);
#10241 = CARTESIAN_POINT('',(-1.655E+03,1.065E+03,120.));
#10242 = DIRECTION('',(0.,0.,1.));
#10243 = DIRECTION('',(1.,0.,-0.));
#10244 = DEFINITIONAL_REPRESENTATION('',(#10245),#10260);
#10245 = B_SPLINE_CURVE_WITH_KNOTS('',7,(#10246,#10247,#10248,#10249,
    #10250,#10251,#10252,#10253,#10254,#10255,#10256,#10257,#10258,
    #10259),.UNSPECIFIED.,.F.,.F.,(8,6,8),(0.,0.512771280687,1.),
  .UNSPECIFIED.);
#10246 = CARTESIAN_POINT('',(0.564240689748,34.9999994));
#10247 = CARTESIAN_POINT('',(0.648049268075,41.232049791895));
#10248 = CARTESIAN_POINT('',(0.728896309214,47.475636648185));
#10249 = CARTESIAN_POINT('',(0.807255217217,53.717580669852));
#10250 = CARTESIAN_POINT('',(0.883523746623,59.951288680121));
#10251 = CARTESIAN_POINT('',(0.958075909239,66.176161754689));
#10252 = CARTESIAN_POINT('',(1.03127606991,72.396980017195));
#10253 = CARTESIAN_POINT('',(1.172130984092,84.540402195008));
#10254 = CARTESIAN_POINT('',(1.239804586934,90.455896011148));
#10255 = CARTESIAN_POINT('',(1.306732341647,96.368612947937));
#10256 = CARTESIAN_POINT('',(1.373106936446,102.27819082584));
#10257 = CARTESIAN_POINT('',(1.439115675735,108.18537583987));
#10258 = CARTESIAN_POINT('',(1.504946381765,114.09182494355));
#10259 = CARTESIAN_POINT('',(1.570796326795,120.));
#10260 = ( GEOMETRIC_REPRESENTATION_CONTEXT(2) 
PARAMETRIC_REPRESENTATION_CONTEXT() REPRESENTATION_CONTEXT('2D SPACE',''
  ) );
#10261 = ORIENTED_EDGE('',*,*,#10262,.F.);
#10262 = EDGE_CURVE('',#1978,#10202,#10263,.T.);
#10263 = SURFACE_CURVE('',#10264,(#10292,#10323),.PCURVE_S1.);
#10264 = B_SPLINE_CURVE_WITH_KNOTS('',6,(#10265,#10266,#10267,#10268,
    #10269,#10270,#10271,#10272,#10273,#10274,#10275,#10276,#10277,
    #10278,#10279,#10280,#10281,#10282,#10283,#10284,#10285,#10286,
    #10287,#10288,#10289,#10290,#10291),.UNSPECIFIED.,.F.,.F.,(7,5,5,5,5
    ,7),(0.,0.311262064673,0.462691217252,0.553859384133,0.751976488582,
    1.),.UNSPECIFIED.);
#10265 = CARTESIAN_POINT('',(-1.631523660438E+03,1.071990098767E+03,130.
    ));
#10266 = CARTESIAN_POINT('',(-1.630682473892E+03,1.072497540553E+03,
    130.93180196752));
#10267 = CARTESIAN_POINT('',(-1.629880839284E+03,1.073029764456E+03,
    131.92139134643));
#10268 = CARTESIAN_POINT('',(-1.629123954727E+03,1.073585725771E+03,
    132.96956886374));
#10269 = CARTESIAN_POINT('',(-1.628418049264E+03,1.074163769611E+03,
    134.0762919093));
#10270 = CARTESIAN_POINT('',(-1.627770070956E+03,1.074761494102E+03,
    135.24031489562));
#10271 = CARTESIAN_POINT('',(-1.626903467847E+03,1.075674419928E+03,
    137.05111231765));
#10272 = CARTESIAN_POINT('',(-1.626635243876E+03,1.075977073416E+03,
    137.65653368915));
#10273 = CARTESIAN_POINT('',(-1.626383241534E+03,1.076283207072E+03,
    138.27434219147));
#10274 = CARTESIAN_POINT('',(-1.626148291773E+03,1.076592375263E+03,
    138.90402026873));
#10275 = CARTESIAN_POINT('',(-1.625931201583E+03,1.076904077185E+03,
    139.54490855392));
#10276 = CARTESIAN_POINT('',(-1.625613229657E+03,1.077406606086E+03,
    140.58828459618));
#10277 = CARTESIAN_POINT('',(-1.625500481601E+03,1.077596173543E+03,
    140.98415154819));
#10278 = CARTESIAN_POINT('',(-1.625394643618E+03,1.0777863361E+03,
    141.38360410755));
#10279 = CARTESIAN_POINT('',(-1.625295871339E+03,1.077976966253E+03,
    141.78644385404));
#10280 = CARTESIAN_POINT('',(-1.625204309129E+03,1.078167930936E+03,
    142.19245272962));
#10281 = CARTESIAN_POINT('',(-1.624937065435E+03,1.078774502138E+03,
    143.49005468401));
#10282 = CARTESIAN_POINT('',(-1.624788693414E+03,1.079190870365E+03,
    144.39262252825));
#10283 = CARTESIAN_POINT('',(-1.62467634278E+03,1.079606721131E+03,
    145.30652850209));
#10284 = CARTESIAN_POINT('',(-1.624600988791E+03,1.080020569324E+03,
    146.22896236206));
#10285 = CARTESIAN_POINT('',(-1.624563171981E+03,1.080430938139E+03,
    147.15685514287));
#10286 = CARTESIAN_POINT('',(-1.624562528412E+03,1.081343925656E+03,
    149.25112546674));
#10287 = CARTESIAN_POINT('',(-1.624620991674E+03,1.081843852585E+03,
    150.41895126456));
#10288 = CARTESIAN_POINT('',(-1.624738309807E+03,1.082333221538E+03,
    151.58363268956));
#10289 = CARTESIAN_POINT('',(-1.624913134727E+03,1.082809701616E+03,
    152.73903221418));
#10290 = CARTESIAN_POINT('',(-1.625143146343E+03,1.083271464775E+03,
    153.87952408254));
#10291 = CARTESIAN_POINT('',(-1.625425178524E+03,1.083717102732E+03,155.
    ));
#10292 = PCURVE('',#1861,#10293);
#10293 = DEFINITIONAL_REPRESENTATION('',(#10294),#10322);
#10294 = B_SPLINE_CURVE_WITH_KNOTS('',6,(#10295,#10296,#10297,#10298,
    #10299,#10300,#10301,#10302,#10303,#10304,#10305,#10306,#10307,
    #10308,#10309,#10310,#10311,#10312,#10313,#10314,#10315,#10316,
    #10317,#10318,#10319,#10320,#10321),.UNSPECIFIED.,.F.,.F.,(7,5,5,5,5
    ,7),(0.,0.311262064673,0.462691217252,0.553859384133,0.751976488582,
    1.),.UNSPECIFIED.);
#10295 = CARTESIAN_POINT('',(-5.784511960118,1.631523660438E+03));
#10296 = CARTESIAN_POINT('',(-5.789125067261,1.630682473892E+03));
#10297 = CARTESIAN_POINT('',(-5.794010357975,1.629880839284E+03));
#10298 = CARTESIAN_POINT('',(-5.799168894942,1.629123954727E+03));
#10299 = CARTESIAN_POINT('',(-5.804597352311,1.628418049264E+03));
#10300 = CARTESIAN_POINT('',(-5.810286412087,1.627770070956E+03));
#10301 = CARTESIAN_POINT('',(-5.819103414123,1.626903467847E+03));
#10302 = CARTESIAN_POINT('',(-5.822046249775,1.626635243876E+03));
#10303 = CARTESIAN_POINT('',(-5.825044031312,1.626383241534E+03));
#10304 = CARTESIAN_POINT('',(-5.828093929326,1.626148291773E+03));
#10305 = CARTESIAN_POINT('',(-5.83119246376,1.625931201583E+03));
#10306 = CARTESIAN_POINT('',(-5.836227630942,1.625613229657E+03));
#10307 = CARTESIAN_POINT('',(-5.838135952626,1.625500481601E+03));
#10308 = CARTESIAN_POINT('',(-5.840059454641,1.625394643618E+03));
#10309 = CARTESIAN_POINT('',(-5.841997132438,1.625295871339E+03));
#10310 = CARTESIAN_POINT('',(-5.843947894911,1.625204309129E+03));
#10311 = CARTESIAN_POINT('',(-5.850175614297,1.624937065435E+03));
#10312 = CARTESIAN_POINT('',(-5.854497200353,1.624788693414E+03));
#10313 = CARTESIAN_POINT('',(-5.858862631183,1.62467634278E+03));
#10314 = CARTESIAN_POINT('',(-5.863258261884,1.624600988791E+03));
#10315 = CARTESIAN_POINT('',(-5.867669449629,1.624563171981E+03));
#10316 = CARTESIAN_POINT('',(-5.877602604663,1.624562528412E+03));
#10317 = CARTESIAN_POINT('',(-5.883125667158,1.624620991674E+03));
#10318 = CARTESIAN_POINT('',(-5.888618156201,1.624738309807E+03));
#10319 = CARTESIAN_POINT('',(-5.894051864401,1.624913134727E+03));
#10320 = CARTESIAN_POINT('',(-5.899401438827,1.625143146343E+03));
#10321 = CARTESIAN_POINT('',(-5.904644238318,1.625425178524E+03));
#10322 = ( GEOMETRIC_REPRESENTATION_CONTEXT(2) 
PARAMETRIC_REPRESENTATION_CONTEXT() REPRESENTATION_CONTEXT('2D SPACE',''
  ) );
#10323 = PCURVE('',#1994,#10324);
#10324 = DEFINITIONAL_REPRESENTATION('',(#10325),#10353);
#10325 = B_SPLINE_CURVE_WITH_KNOTS('',6,(#10326,#10327,#10328,#10329,
    #10330,#10331,#10332,#10333,#10334,#10335,#10336,#10337,#10338,
    #10339,#10340,#10341,#10342,#10343,#10344,#10345,#10346,#10347,
    #10348,#10349,#10350,#10351,#10352),.UNSPECIFIED.,.F.,.F.,(7,5,5,5,5
    ,7),(0.,0.311262064673,0.462691217252,0.553859384133,0.751976488582,
    1.),.UNSPECIFIED.);
#10326 = CARTESIAN_POINT('',(0.289392028358,-0.795602953485));
#10327 = CARTESIAN_POINT('',(0.299446859413,-0.757562297455));
#10328 = CARTESIAN_POINT('',(0.309995209282,-0.718934790772));
#10329 = CARTESIAN_POINT('',(0.32102392028,-0.679691240409));
#10330 = CARTESIAN_POINT('',(0.332535400778,-0.639825348366));
#10331 = CARTESIAN_POINT('',(0.344541496405,-0.599350966263));
#10332 = CARTESIAN_POINT('',(0.363151735796,-0.53835098636));
#10333 = CARTESIAN_POINT('',(0.369363698072,-0.518255004742));
#10334 = CARTESIAN_POINT('',(0.375698671586,-0.498033563393));
#10335 = CARTESIAN_POINT('',(0.382158711793,-0.477695290341));
#10336 = CARTESIAN_POINT('',(0.388745916174,-0.45725141388));
#10337 = CARTESIAN_POINT('',(0.399505752231,-0.42435300497));
#10338 = CARTESIAN_POINT('',(0.403596100181,-0.411956646259));
#10339 = CARTESIAN_POINT('',(0.407733654785,-0.399530305653));
#10340 = CARTESIAN_POINT('',(0.411918833991,-0.387077425249));
#10341 = CARTESIAN_POINT('',(0.416152035564,-0.374601796489));
#10342 = CARTESIAN_POINT('',(0.429737873172,-0.334956551553));
#10343 = CARTESIAN_POINT('',(0.439271275422,-0.307715768556));
#10344 = CARTESIAN_POINT('',(0.449036239003,-0.280431799531));
#10345 = CARTESIAN_POINT('',(0.459036280593,-0.253152904868));
#10346 = CARTESIAN_POINT('',(0.469275119159,-0.225931252926));
#10347 = CARTESIAN_POINT('',(0.49287205621,-0.16489244303));
#10348 = CARTESIAN_POINT('',(0.506369041336,-0.131133849473));
#10349 = CARTESIAN_POINT('',(0.520245627375,-9.766956936077E-02));
#10350 = CARTESIAN_POINT('',(0.534509927001,-6.459907499099E-02));
#10351 = CARTESIAN_POINT('',(0.54917254408,-3.201359764165E-02));
#10352 = CARTESIAN_POINT('',(0.564240697817,0.));
#10353 = ( GEOMETRIC_REPRESENTATION_CONTEXT(2) 
PARAMETRIC_REPRESENTATION_CONTEXT() REPRESENTATION_CONTEXT('2D SPACE',''
  ) );
#10354 = ORIENTED_EDGE('',*,*,#2006,.T.);
#10355 = ORIENTED_EDGE('',*,*,#10356,.F.);
#10356 = EDGE_CURVE('',#10357,#2007,#10359,.T.);
#10357 = VERTEX_POINT('',#10358);
#10358 = CARTESIAN_POINT('',(-74.57482147594,1.083717102732E+03,155.));
#10359 = SURFACE_CURVE('',#10360,(#10388,#10419),.PCURVE_S1.);
#10360 = B_SPLINE_CURVE_WITH_KNOTS('',6,(#10361,#10362,#10363,#10364,
    #10365,#10366,#10367,#10368,#10369,#10370,#10371,#10372,#10373,
    #10374,#10375,#10376,#10377,#10378,#10379,#10380,#10381,#10382,
    #10383,#10384,#10385,#10386,#10387),.UNSPECIFIED.,.F.,.F.,(7,5,5,5,5
    ,7),(0.,0.24760347449,0.446425191711,0.538079274691,0.68898829989,1.
    ),.UNSPECIFIED.);
#10361 = CARTESIAN_POINT('',(-74.57482147594,1.083717102732E+03,155.));
#10362 = CARTESIAN_POINT('',(-74.85637607226,1.083272219405E+03,
    153.8814214641));
#10363 = CARTESIAN_POINT('',(-75.08608585566,1.082811265879E+03,
    152.74289580664));
#10364 = CARTESIAN_POINT('',(-75.26080132531,1.082335642764E+03,
    151.58950400614));
#10365 = CARTESIAN_POINT('',(-75.37821256605,1.081847167895E+03,
    150.42684192887));
#10366 = CARTESIAN_POINT('',(-75.43697476787,1.081348158865E+03,
    149.2610148493));
#10367 = CARTESIAN_POINT('',(-75.43722744663,1.080434706533E+03,
    147.16535725535));
#10368 = CARTESIAN_POINT('',(-75.39954154187,1.080022900709E+03,
    146.23412092918));
#10369 = CARTESIAN_POINT('',(-75.32404753809,1.079607583399E+03,
    145.30836767944));
#10370 = CARTESIAN_POINT('',(-75.21129064639,1.079190247104E+03,
    144.39119979908));
#10371 = CARTESIAN_POINT('',(-75.06225692672,1.078772392864E+03,
    143.4854573695));
#10372 = CARTESIAN_POINT('',(-74.79354849296,1.078163335238E+03,
    142.18266117371));
#10373 = CARTESIAN_POINT('',(-74.70134543184,1.077971358633E+03,
    141.77455305131));
#10374 = CARTESIAN_POINT('',(-74.60185772324,1.07777972258E+03,
    141.36965204271));
#10375 = CARTESIAN_POINT('',(-74.49523224812,1.077588562205E+03,
    140.96817941303));
#10376 = CARTESIAN_POINT('',(-74.38162735303,1.07739800694E+03,
    140.57033635983));
#10377 = CARTESIAN_POINT('',(-74.06294217913,1.076895629746E+03,
    139.52753119287));
#10378 = CARTESIAN_POINT('',(-73.84620490551,1.076585053203E+03,
    138.88908885163));
#10379 = CARTESIAN_POINT('',(-73.61174403567,1.076277001535E+03,
    138.26179120064));
#10380 = CARTESIAN_POINT('',(-73.36035860343,1.075971969759E+03,
    137.64628915896));
#10381 = CARTESIAN_POINT('',(-73.09287104043,1.075670398457E+03,
    137.04309385728));
#10382 = CARTESIAN_POINT('',(-72.22732290211,1.074759090528E+03,
    135.23563423382));
#10383 = CARTESIAN_POINT('',(-71.57967952433,1.074161910047E+03,
    134.07273165527));
#10384 = CARTESIAN_POINT('',(-70.8742189883,1.073584384408E+03,
    132.9670399612));
#10385 = CARTESIAN_POINT('',(-70.11787129256,1.073028908413E+03,
    131.91979967245));
#10386 = CARTESIAN_POINT('',(-69.31684959616,1.072497132451E+03,
    130.9310525798));
#10387 = CARTESIAN_POINT('',(-68.47633956187,1.071990098767E+03,130.));
#10388 = PCURVE('',#1861,#10389);
#10389 = DEFINITIONAL_REPRESENTATION('',(#10390),#10418);
#10390 = B_SPLINE_CURVE_WITH_KNOTS('',6,(#10391,#10392,#10393,#10394,
    #10395,#10396,#10397,#10398,#10399,#10400,#10401,#10402,#10403,
    #10404,#10405,#10406,#10407,#10408,#10409,#10410,#10411,#10412,
    #10413,#10414,#10415,#10416,#10417),.UNSPECIFIED.,.F.,.F.,(7,5,5,5,5
    ,7),(0.,0.24760347449,0.446425191711,0.538079274691,0.68898829989,1.
    ),.UNSPECIFIED.);
#10391 = CARTESIAN_POINT('',(-5.904644238318,74.574821475941));
#10392 = CARTESIAN_POINT('',(-5.899410316832,74.856376072264));
#10393 = CARTESIAN_POINT('',(-5.894069986862,75.086085855668));
#10394 = CARTESIAN_POINT('',(-5.888645768195,75.260801325313));
#10395 = CARTESIAN_POINT('',(-5.883162878288,75.378212566052));
#10396 = CARTESIAN_POINT('',(-5.877649374597,75.436974767872));
#10397 = CARTESIAN_POINT('',(-5.867709882884,75.437227446632));
#10398 = CARTESIAN_POINT('',(-5.863282873745,75.399541541873));
#10399 = CARTESIAN_POINT('',(-5.858871461809,75.324047538098));
#10400 = CARTESIAN_POINT('',(-5.854490448259,75.211290646399));
#10401 = CARTESIAN_POINT('',(-5.850153623134,75.062256926725));
#10402 = CARTESIAN_POINT('',(-5.843900867039,74.793548492963));
#10403 = CARTESIAN_POINT('',(-5.841939972883,74.701345431844));
#10404 = CARTESIAN_POINT('',(-5.839992323718,74.60185772324));
#10405 = CARTESIAN_POINT('',(-5.838059026886,74.495232248126));
#10406 = CARTESIAN_POINT('',(-5.836141101256,74.381627353038));
#10407 = CARTESIAN_POINT('',(-5.831108456478,74.062942179138));
#10408 = CARTESIAN_POINT('',(-5.828021625252,73.846204905512));
#10409 = CARTESIAN_POINT('',(-5.82498315666,73.611744035671));
#10410 = CARTESIAN_POINT('',(-5.82199648735,73.360358603438));
#10411 = CARTESIAN_POINT('',(-5.819064412503,73.092871040431));
#10412 = CARTESIAN_POINT('',(-5.810263535646,72.22732290211));
#10413 = CARTESIAN_POINT('',(-5.804579889256,71.579679524333));
#10414 = CARTESIAN_POINT('',(-5.799156449084,70.874218988303));
#10415 = CARTESIAN_POINT('',(-5.794002500374,70.117871292567));
#10416 = CARTESIAN_POINT('',(-5.789121357239,69.316849596165));
#10417 = CARTESIAN_POINT('',(-5.784511960118,68.476339561871));
#10418 = ( GEOMETRIC_REPRESENTATION_CONTEXT(2) 
PARAMETRIC_REPRESENTATION_CONTEXT() REPRESENTATION_CONTEXT('2D SPACE',''
  ) );
#10419 = PCURVE('',#2046,#10420);
#10420 = DEFINITIONAL_REPRESENTATION('',(#10421),#10449);
#10421 = B_SPLINE_CURVE_WITH_KNOTS('',6,(#10422,#10423,#10424,#10425,
    #10426,#10427,#10428,#10429,#10430,#10431,#10432,#10433,#10434,
    #10435,#10436,#10437,#10438,#10439,#10440,#10441,#10442,#10443,
    #10444,#10445,#10446,#10447,#10448),.UNSPECIFIED.,.F.,.F.,(7,5,5,5,5
    ,7),(0.,0.24760347449,0.446425191711,0.538079274691,0.68898829989,1.
    ),.UNSPECIFIED.);
#10422 = CARTESIAN_POINT('',(-0.564240697817,-3.219646771413E-15));
#10423 = CARTESIAN_POINT('',(-0.549198060056,-3.195938673976E-02));
#10424 = CARTESIAN_POINT('',(-0.534559601401,-6.448868668381E-02));
#10425 = CARTESIAN_POINT('',(-0.520318118013,-9.750151776608E-02));
#10426 = CARTESIAN_POINT('',(-0.506463062685,-0.13090713241));
#10427 = CARTESIAN_POINT('',(-0.492986363633,-0.164606574533));
#10428 = CARTESIAN_POINT('',(-0.469368629373,-0.225681577148));
#10429 = CARTESIAN_POINT('',(-0.459091688263,-0.252999725794));
#10430 = CARTESIAN_POINT('',(-0.449055268776,-0.280375771749));
#10431 = CARTESIAN_POINT('',(-0.439255604923,-0.307756988081));
#10432 = CARTESIAN_POINT('',(-0.429689140467,-0.33509460651));
#10433 = CARTESIAN_POINT('',(-0.416049798302,-0.37490207899));
#10434 = CARTESIAN_POINT('',(-0.411795048182,-0.387443756778));
#10435 = CARTESIAN_POINT('',(-0.407588827013,-0.399962371202));
#10436 = CARTESIAN_POINT('',(-0.403430730195,-0.412454075237));
#10437 = CARTESIAN_POINT('',(-0.399320332591,-0.424915378907));
#10438 = CARTESIAN_POINT('',(-0.388567274511,-0.457805417861));
#10439 = CARTESIAN_POINT('',(-0.382005487564,-0.478176778569));
#10440 = CARTESIAN_POINT('',(-0.375569957846,-0.49844306604));
#10441 = CARTESIAN_POINT('',(-0.36925860993,-0.518593197561));
#10442 = CARTESIAN_POINT('',(-0.363069410696,-0.538618654055));
#10443 = CARTESIAN_POINT('',(-0.344493217923,-0.599513726698));
#10444 = CARTESIAN_POINT('',(-0.332498368804,-0.639953600171));
#10445 = CARTESIAN_POINT('',(-0.320997311209,-0.679785925318));
#10446 = CARTESIAN_POINT('',(-0.309978243114,-0.718996921057));
#10447 = CARTESIAN_POINT('',(-0.299438772966,-0.757592891081));
#10448 = CARTESIAN_POINT('',(-0.289392028358,-0.795602953485));
#10449 = ( GEOMETRIC_REPRESENTATION_CONTEXT(2) 
PARAMETRIC_REPRESENTATION_CONTEXT() REPRESENTATION_CONTEXT('2D SPACE',''
  ) );
#10450 = ORIENTED_EDGE('',*,*,#10451,.T.);
#10451 = EDGE_CURVE('',#10357,#10452,#10454,.T.);
#10452 = VERTEX_POINT('',#10453);
#10453 = CARTESIAN_POINT('',(-45.,1.1E+03,240.));
#10454 = SURFACE_CURVE('',#10455,(#10470,#10488),.PCURVE_S1.);
#10455 = B_SPLINE_CURVE_WITH_KNOTS('',7,(#10456,#10457,#10458,#10459,
    #10460,#10461,#10462,#10463,#10464,#10465,#10466,#10467,#10468,
    #10469),.UNSPECIFIED.,.F.,.F.,(8,6,8),(0.,0.512771280606,1.),
  .UNSPECIFIED.);
#10456 = CARTESIAN_POINT('',(-74.57482162696,1.083717102493E+03,
    154.9999994));
#10457 = CARTESIAN_POINT('',(-73.00616787662,1.086195726248E+03,
    161.23204979191));
#10458 = CARTESIAN_POINT('',(-71.25059514408,1.088433384535E+03,
    167.47563664813));
#10459 = CARTESIAN_POINT('',(-69.34805976526,1.090435160566E+03,
    173.71758066989));
#10460 = CARTESIAN_POINT('',(-67.32857824281,1.092209317287E+03,
    179.9512886801));
#10461 = CARTESIAN_POINT('',(-65.21480309291,1.093764623975E+03,
    186.17616175473));
#10462 = CARTESIAN_POINT('',(-63.0234238789,1.095108912027E+03,
    192.39698001716));
#10463 = CARTESIAN_POINT('',(-58.62203597528,1.097329703647E+03,
    204.54040219694));
#10464 = CARTESIAN_POINT('',(-56.42075883114,1.098224979227E+03,
    210.45589600876));
#10465 = CARTESIAN_POINT('',(-54.17698929763,1.098937071061E+03,
    216.36861294745));
#10466 = CARTESIAN_POINT('',(-51.90280507794,1.099468999643E+03,
    222.27819082749));
#10467 = CARTESIAN_POINT('',(-49.60882289148,1.099822937948E+03,
    228.18537584003));
#10468 = CARTESIAN_POINT('',(-47.30474805469,1.099999999987E+03,
    234.09182494282));
#10469 = CARTESIAN_POINT('',(-45.,1.1E+03,240.));
#10470 = PCURVE('',#1861,#10471);
#10471 = DEFINITIONAL_REPRESENTATION('',(#10472),#10487);
#10472 = B_SPLINE_CURVE_WITH_KNOTS('',7,(#10473,#10474,#10475,#10476,
    #10477,#10478,#10479,#10480,#10481,#10482,#10483,#10484,#10485,
    #10486),.UNSPECIFIED.,.F.,.F.,(8,6,8),(0.,0.512771280606,1.),
  .UNSPECIFIED.);
#10473 = CARTESIAN_POINT('',(-5.904644235511,74.574821626966));
#10474 = CARTESIAN_POINT('',(-5.933804514773,73.006167876628));
#10475 = CARTESIAN_POINT('',(-5.962624215673,71.250595144076));
#10476 = CARTESIAN_POINT('',(-5.991098770768,69.348059765279));
#10477 = CARTESIAN_POINT('',(-6.019251025726,67.328578242808));
#10478 = CARTESIAN_POINT('',(-6.047124685398,65.214803092923));
#10479 = CARTESIAN_POINT('',(-6.07478191171,63.023423878904));
#10480 = CARTESIAN_POINT('',(-6.128455048629,58.622035975282));
#10481 = CARTESIAN_POINT('',(-6.154455234052,56.420758831147));
#10482 = CARTESIAN_POINT('',(-6.180329475733,54.17698929762));
#10483 = CARTESIAN_POINT('',(-6.206106278135,51.902805077965));
#10484 = CARTESIAN_POINT('',(-6.231817375839,49.608822891471));
#10485 = CARTESIAN_POINT('',(-6.257497589578,47.304748054697));
#10486 = CARTESIAN_POINT('',(-6.28318530718,45.));
#10487 = ( GEOMETRIC_REPRESENTATION_CONTEXT(2) 
PARAMETRIC_REPRESENTATION_CONTEXT() REPRESENTATION_CONTEXT('2D SPACE',''
  ) );
#10488 = PCURVE('',#10489,#10494);
#10489 = CYLINDRICAL_SURFACE('',#10490,35.);
#10490 = AXIS2_PLACEMENT_3D('',#10491,#10492,#10493);
#10491 = CARTESIAN_POINT('',(-45.,1.065E+03,120.));
#10492 = DIRECTION('',(0.,0.,1.));
#10493 = DIRECTION('',(-1.,-0.,0.));
#10494 = DEFINITIONAL_REPRESENTATION('',(#10495),#10510);
#10495 = B_SPLINE_CURVE_WITH_KNOTS('',7,(#10496,#10497,#10498,#10499,
    #10500,#10501,#10502,#10503,#10504,#10505,#10506,#10507,#10508,
    #10509),.UNSPECIFIED.,.F.,.F.,(8,6,8),(0.,0.512771280606,1.),
  .UNSPECIFIED.);
#10496 = CARTESIAN_POINT('',(-0.564240689748,34.9999994));
#10497 = CARTESIAN_POINT('',(-0.648049268075,41.232049791919));
#10498 = CARTESIAN_POINT('',(-0.728896309213,47.47563664813));
#10499 = CARTESIAN_POINT('',(-0.807255217218,53.717580669892));
#10500 = CARTESIAN_POINT('',(-0.883523746623,59.951288680104));
#10501 = CARTESIAN_POINT('',(-0.95807590924,66.176161754731));
#10502 = CARTESIAN_POINT('',(-1.03127606991,72.39698001716));
#10503 = CARTESIAN_POINT('',(-1.172130984114,84.540402196947));
#10504 = CARTESIAN_POINT('',(-1.239804586906,90.455896008765));
#10505 = CARTESIAN_POINT('',(-1.306732341643,96.368612947446));
#10506 = CARTESIAN_POINT('',(-1.373106936464,102.2781908275));
#10507 = CARTESIAN_POINT('',(-1.439115675737,108.18537584002));
#10508 = CARTESIAN_POINT('',(-1.504946381757,114.09182494282));
#10509 = CARTESIAN_POINT('',(-1.570796326795,120.));
#10510 = ( GEOMETRIC_REPRESENTATION_CONTEXT(2) 
PARAMETRIC_REPRESENTATION_CONTEXT() REPRESENTATION_CONTEXT('2D SPACE',''
  ) );
#10511 = ORIENTED_EDGE('',*,*,#10512,.F.);
#10512 = EDGE_CURVE('',#10513,#10452,#10515,.T.);
#10513 = VERTEX_POINT('',#10514);
#10514 = CARTESIAN_POINT('',(-54.67131058102,1.098637267303E+03,265.));
#10515 = SURFACE_CURVE('',#10516,(#10523,#10533),.PCURVE_S1.);
#10516 = B_SPLINE_CURVE_WITH_KNOTS('',5,(#10517,#10518,#10519,#10520,
    #10521,#10522),.UNSPECIFIED.,.F.,.F.,(6,6),(0.,1.),
  .PIECEWISE_BEZIER_KNOTS.);
#10517 = CARTESIAN_POINT('',(-54.6713108092,1.098637267238E+03,
    265.0000006));
#10518 = CARTESIAN_POINT('',(-52.76898844123,1.099184218652E+03,
    259.9978616554));
#10519 = CARTESIAN_POINT('',(-50.84225353738,1.099592592201E+03,
    254.99705730066));
#10520 = CARTESIAN_POINT('',(-48.90002313633,1.099864187219E+03,
    249.99762962401));
#10521 = CARTESIAN_POINT('',(-46.95006546821,1.100000000021E+03,
    244.99895363855));
#10522 = CARTESIAN_POINT('',(-45.,1.1E+03,240.));
#10523 = PCURVE('',#1861,#10524);
#10524 = DEFINITIONAL_REPRESENTATION('',(#10525),#10532);
#10525 = B_SPLINE_CURVE_WITH_KNOTS('',5,(#10526,#10527,#10528,#10529,
    #10530,#10531),.UNSPECIFIED.,.F.,.F.,(6,6),(0.,1.),
  .PIECEWISE_BEZIER_KNOTS.);
#10526 = CARTESIAN_POINT('',(-6.392096143225,54.671310809207));
#10527 = CARTESIAN_POINT('',(-6.370218087188,52.768988441238));
#10528 = CARTESIAN_POINT('',(-6.348411290467,50.842253537382));
#10529 = CARTESIAN_POINT('',(-6.32665326366,48.900023136337));
#10530 = CARTESIAN_POINT('',(-6.304919887822,46.950065468214));
#10531 = CARTESIAN_POINT('',(-6.28318530718,45.));
#10532 = ( GEOMETRIC_REPRESENTATION_CONTEXT(2) 
PARAMETRIC_REPRESENTATION_CONTEXT() REPRESENTATION_CONTEXT('2D SPACE',''
  ) );
#10533 = PCURVE('',#10534,#10539);
#10534 = CYLINDRICAL_SURFACE('',#10535,35.);
#10535 = AXIS2_PLACEMENT_3D('',#10536,#10537,#10538);
#10536 = CARTESIAN_POINT('',(-45.,1.065E+03,120.));
#10537 = DIRECTION('',(0.,0.,1.));
#10538 = DIRECTION('',(-1.,-0.,0.));
#10539 = DEFINITIONAL_REPRESENTATION('',(#10540),#10547);
#10540 = B_SPLINE_CURVE_WITH_KNOTS('',5,(#10541,#10542,#10543,#10544,
    #10545,#10546),.UNSPECIFIED.,.F.,.F.,(6,6),(0.,1.),
  .PIECEWISE_BEZIER_KNOTS.);
#10541 = CARTESIAN_POINT('',(-1.2908301255,145.0000006));
#10542 = CARTESIAN_POINT('',(-1.347384136101,139.9978616554));
#10543 = CARTESIAN_POINT('',(-1.403514439957,134.99705730066));
#10544 = CARTESIAN_POINT('',(-1.459367111903,129.99762962401));
#10545 = CARTESIAN_POINT('',(-1.515080165404,124.99895363855));
#10546 = CARTESIAN_POINT('',(-1.570796326795,120.));
#10547 = ( GEOMETRIC_REPRESENTATION_CONTEXT(2) 
PARAMETRIC_REPRESENTATION_CONTEXT() REPRESENTATION_CONTEXT('2D SPACE',''
  ) );
#10548 = ORIENTED_EDGE('',*,*,#10549,.F.);
#10549 = EDGE_CURVE('',#10550,#10513,#10552,.T.);
#10550 = VERTEX_POINT('',#10551);
#10551 = CARTESIAN_POINT('',(-45.,1.096420653651E+03,280.41890152187));
#10552 = SURFACE_CURVE('',#10553,(#10612,#10674),.PCURVE_S1.);
#10553 = B_SPLINE_CURVE_WITH_KNOTS('',8,(#10554,#10555,#10556,#10557,
    #10558,#10559,#10560,#10561,#10562,#10563,#10564,#10565,#10566,
    #10567,#10568,#10569,#10570,#10571,#10572,#10573,#10574,#10575,
    #10576,#10577,#10578,#10579,#10580,#10581,#10582,#10583,#10584,
    #10585,#10586,#10587,#10588,#10589,#10590,#10591,#10592,#10593,
    #10594,#10595,#10596,#10597,#10598,#10599,#10600,#10601,#10602,
    #10603,#10604,#10605,#10606,#10607,#10608,#10609,#10610,#10611),
  .UNSPECIFIED.,.F.,.F.,(9,7,7,7,7,7,7,7,9),(0.,0.38701739454,
    0.527692893684,0.639333927056,0.699149853614,0.736643732266,
    0.820137340417,0.940551074833,1.),.UNSPECIFIED.);
#10554 = CARTESIAN_POINT('',(-45.,1.096420653651E+03,280.41890152187));
#10555 = CARTESIAN_POINT('',(-45.85835203776,1.096420653651E+03,
    280.41890152187));
#10556 = CARTESIAN_POINT('',(-46.71493493551,1.096435975971E+03,
    280.33306779908));
#10557 = CARTESIAN_POINT('',(-47.56650647038,1.096466510437E+03,
    280.16201969293));
#10558 = CARTESIAN_POINT('',(-48.40827836715,1.09651230015E+03,
    279.90445684562));
#10559 = CARTESIAN_POINT('',(-49.23429885778,1.096573295879E+03,
    279.55859421141));
#10560 = CARTESIAN_POINT('',(-50.03734382662,1.096649305107E+03,
    279.12217712753));
#10561 = CARTESIAN_POINT('',(-50.80907043614,1.096739907225E+03,
    278.59295968525));
#10562 = CARTESIAN_POINT('',(-51.80497322808,1.096882626998E+03,
    277.74025289283));
#10563 = CARTESIAN_POINT('',(-52.06490280599,1.096922517975E+03,
    277.50031699649));
#10564 = CARTESIAN_POINT('',(-52.31875306063,1.096964219363E+03,
    277.24765707306));
#10565 = CARTESIAN_POINT('',(-52.56594282748,1.097007687641E+03,
    276.98219448701));
#10566 = CARTESIAN_POINT('',(-52.80583106561,1.097052868169E+03,
    276.70389030207));
#10567 = CARTESIAN_POINT('',(-53.03772291327,1.097099694099E+03,
    276.41275585454));
#10568 = CARTESIAN_POINT('',(-53.26087574365,1.097148085293E+03,
    276.10886332671));
#10569 = CARTESIAN_POINT('',(-53.64404302702,1.097237518017E+03,
    275.54117420616));
#10570 = CARTESIAN_POINT('',(-53.80757518819,1.097278013316E+03,
    275.28205900468));
#10571 = CARTESIAN_POINT('',(-53.96470341461,1.097319384195E+03,
    275.01509453636));
#10572 = CARTESIAN_POINT('',(-54.11500618534,1.097361573876E+03,
    274.74040866095));
#10573 = CARTESIAN_POINT('',(-54.2580440935,1.097404517398E+03,
    274.45817889464));
#10574 = CARTESIAN_POINT('',(-54.39336665457,1.097448141329E+03,
    274.16863943044));
#10575 = CARTESIAN_POINT('',(-54.52052057738,1.097492363545E+03,
    273.87208956168));
#10576 = CARTESIAN_POINT('',(-54.70257122965,1.097561058594E+03,
    273.40646005784));
#10577 = CARTESIAN_POINT('',(-54.7636094107,1.097585169591E+03,
    273.24211270813));
#10578 = CARTESIAN_POINT('',(-54.82210499798,1.097609411849E+03,
    273.0759204569));
#10579 = CARTESIAN_POINT('',(-54.87798974394,1.09763377049E+03,
    272.90794815528));
#10580 = CARTESIAN_POINT('',(-54.93119676632,1.097658229964E+03,
    272.73826686637));
#10581 = CARTESIAN_POINT('',(-54.98166111791,1.097682774067E+03,
    272.56695422374));
#10582 = CARTESIAN_POINT('',(-55.02932035633,1.097707385951E+03,
    272.3940947899));
#10583 = CARTESIAN_POINT('',(-55.10219340823,1.097747506918E+03,
    272.11051650456));
#10584 = CARTESIAN_POINT('',(-55.12914635748,1.097762985498E+03,
    272.00068073116));
#10585 = CARTESIAN_POINT('',(-55.15495923948,1.097778479571E+03,
    271.89029566502));
#10586 = CARTESIAN_POINT('',(-55.17961798789,1.09779398477E+03,
    271.77938482053));
#10587 = CARTESIAN_POINT('',(-55.20310919198,1.097809496672E+03,
    271.66797265601));
#10588 = CARTESIAN_POINT('',(-55.22542009672,1.097825010793E+03,
    271.55608457372));
#10589 = CARTESIAN_POINT('',(-55.24653860271,1.097840522592E+03,
    271.44374691989));
#10590 = CARTESIAN_POINT('',(-55.3108004283,1.09789055466E+03,
    271.07988642675));
#10591 = CARTESIAN_POINT('',(-55.34917959937,1.097925048793E+03,
    270.82668290187));
#10592 = CARTESIAN_POINT('',(-55.38146349512,1.097959457693E+03,
    270.57168848723));
#10593 = CARTESIAN_POINT('',(-55.40754688312,1.097993729767E+03,
    270.31522678823));
#10594 = CARTESIAN_POINT('',(-55.42734822571,1.098027814155E+03,
    270.05763314217));
#10595 = CARTESIAN_POINT('',(-55.44081132293,1.098061660884E+03,
    269.79925482207));
#10596 = CARTESIAN_POINT('',(-55.44790695534,1.098095221018E+03,
    269.54045124039));
#10597 = CARTESIAN_POINT('',(-55.44968382426,1.098176364749E+03,
    268.90827277781));
#10598 = CARTESIAN_POINT('',(-55.43748847066,1.098223594711E+03,
    268.53478217479));
#10599 = CARTESIAN_POINT('',(-55.41204097208,1.098269988805E+03,
    268.16227033336));
#10600 = CARTESIAN_POINT('',(-55.37346706626,1.098315420436E+03,
    267.79181468393));
#10601 = CARTESIAN_POINT('',(-55.32200480199,1.098359782543E+03,
    267.42442608473));
#10602 = CARTESIAN_POINT('',(-55.25798882767,1.098402985856E+03,
    267.0610517644));
#10603 = CARTESIAN_POINT('',(-55.18183988894,1.098444957172E+03,
    266.70257722024));
#10604 = CARTESIAN_POINT('',(-55.05072189083,1.09850572183E+03,
    266.17567237716));
#10605 = CARTESIAN_POINT('',(-55.00454595768,1.098525492833E+03,
    266.00290030136));
#10606 = CARTESIAN_POINT('',(-54.95558959399,1.098544944343E+03,
    265.83160318423));
#10607 = CARTESIAN_POINT('',(-54.90391373532,1.098564071249E+03,
    265.66186633289));
#10608 = CARTESIAN_POINT('',(-54.84958183774,1.098582869548E+03,
    265.49376835067));
#10609 = CARTESIAN_POINT('',(-54.79265932079,1.098601336247E+03,
    265.32738146591));
#10610 = CARTESIAN_POINT('',(-54.73321301025,1.098619469258E+03,
    265.16277186077));
#10611 = CARTESIAN_POINT('',(-54.67131058102,1.098637267303E+03,265.));
#10612 = PCURVE('',#1861,#10613);
#10613 = DEFINITIONAL_REPRESENTATION('',(#10614),#10673);
#10614 = B_SPLINE_CURVE_WITH_KNOTS('',8,(#10615,#10616,#10617,#10618,
    #10619,#10620,#10621,#10622,#10623,#10624,#10625,#10626,#10627,
    #10628,#10629,#10630,#10631,#10632,#10633,#10634,#10635,#10636,
    #10637,#10638,#10639,#10640,#10641,#10642,#10643,#10644,#10645,
    #10646,#10647,#10648,#10649,#10650,#10651,#10652,#10653,#10654,
    #10655,#10656,#10657,#10658,#10659,#10660,#10661,#10662,#10663,
    #10664,#10665,#10666,#10667,#10668,#10669,#10670,#10671,#10672),
  .UNSPECIFIED.,.F.,.F.,(9,7,7,7,7,7,7,7,9),(0.,0.38701739454,
    0.527692893684,0.639333927056,0.699149853614,0.736643732266,
    0.820137340417,0.940551074833,1.),.UNSPECIFIED.);
#10615 = CARTESIAN_POINT('',(-6.459836989157,45.));
#10616 = CARTESIAN_POINT('',(-6.459836989157,45.858352037765));
#10617 = CARTESIAN_POINT('',(-6.459457899565,46.714934935511));
#10618 = CARTESIAN_POINT('',(-6.458702455486,47.5665064704));
#10619 = CARTESIAN_POINT('',(-6.457565058105,48.408278367146));
#10620 = CARTESIAN_POINT('',(-6.456038104969,49.23429885779));
#10621 = CARTESIAN_POINT('',(-6.454112085611,50.037343826618));
#10622 = CARTESIAN_POINT('',(-6.451777680111,50.809070436148));
#10623 = CARTESIAN_POINT('',(-6.448018688854,51.804973228084));
#10624 = CARTESIAN_POINT('',(-6.446961170494,52.064902805996));
#10625 = CARTESIAN_POINT('',(-6.445847788343,52.318753060631));
#10626 = CARTESIAN_POINT('',(-6.444678234191,52.565942827488));
#10627 = CARTESIAN_POINT('',(-6.443452377137,52.805831065614));
#10628 = CARTESIAN_POINT('',(-6.442170309514,53.037722913278));
#10629 = CARTESIAN_POINT('',(-6.440832392815,53.260875743657));
#10630 = CARTESIAN_POINT('',(-6.438333738547,53.644043027021));
#10631 = CARTESIAN_POINT('',(-6.437193476468,53.807575188199));
#10632 = CARTESIAN_POINT('',(-6.436018908424,53.964703414618));
#10633 = CARTESIAN_POINT('',(-6.434810619378,54.115006185344));
#10634 = CARTESIAN_POINT('',(-6.433569412481,54.258044093502));
#10635 = CARTESIAN_POINT('',(-6.432296339392,54.39336665457));
#10636 = CARTESIAN_POINT('',(-6.430992736626,54.520520577388));
#10637 = CARTESIAN_POINT('',(-6.428946347189,54.702571229654));
#10638 = CARTESIAN_POINT('',(-6.428224144959,54.763609410703));
#10639 = CARTESIAN_POINT('',(-6.427493923464,54.822104997983));
#10640 = CARTESIAN_POINT('',(-6.426755970479,54.877989743945));
#10641 = CARTESIAN_POINT('',(-6.42601060087,54.931196766326));
#10642 = CARTESIAN_POINT('',(-6.425258158134,54.981661117918));
#10643 = CARTESIAN_POINT('',(-6.424499015934,55.029320356331));
#10644 = CARTESIAN_POINT('',(-6.423253788099,55.102193408231));
#10645 = CARTESIAN_POINT('',(-6.422771522654,55.12914635748));
#10646 = CARTESIAN_POINT('',(-6.422286882924,55.154959239488));
#10647 = CARTESIAN_POINT('',(-6.42179997262,55.179617987891));
#10648 = CARTESIAN_POINT('',(-6.42131089955,55.203109191984));
#10649 = CARTESIAN_POINT('',(-6.420819775609,55.225420096721));
#10650 = CARTESIAN_POINT('',(-6.420326716791,55.246538602716));
#10651 = CARTESIAN_POINT('',(-6.418729829067,55.310800428306));
#10652 = CARTESIAN_POINT('',(-6.417618776427,55.349179599378));
#10653 = CARTESIAN_POINT('',(-6.416500058338,55.381463495129));
#10654 = CARTESIAN_POINT('',(-6.415375097038,55.407546883126));
#10655 = CARTESIAN_POINT('',(-6.41424536477,55.427348225719));
#10656 = CARTESIAN_POINT('',(-6.413112384639,55.440811322931));
#10657 = CARTESIAN_POINT('',(-6.411977731458,55.44790695534));
#10658 = CARTESIAN_POINT('',(-6.409206580068,55.449683824266));
#10659 = CARTESIAN_POINT('',(-6.407569778559,55.437488470667));
#10660 = CARTESIAN_POINT('',(-6.405937653909,55.412040972088));
#10661 = CARTESIAN_POINT('',(-6.404314915856,55.37346706626));
#10662 = CARTESIAN_POINT('',(-6.402705976668,55.322004801996));
#10663 = CARTESIAN_POINT('',(-6.401114965143,55.257988827673));
#10664 = CARTESIAN_POINT('',(-6.399545735998,55.181839888942));
#10665 = CARTESIAN_POINT('',(-6.397239661759,55.050721890839));
#10666 = CARTESIAN_POINT('',(-6.396483576685,55.004545957682));
#10667 = CARTESIAN_POINT('',(-6.395734020718,54.955589593998));
#10668 = CARTESIAN_POINT('',(-6.394991364232,54.90391373532));
#10669 = CARTESIAN_POINT('',(-6.394255948149,54.849581837747));
#10670 = CARTESIAN_POINT('',(-6.393528085405,54.792659320798));
#10671 = CARTESIAN_POINT('',(-6.392808062426,54.733213010258));
#10672 = CARTESIAN_POINT('',(-6.3920961406,54.671310581026));
#10673 = ( GEOMETRIC_REPRESENTATION_CONTEXT(2) 
PARAMETRIC_REPRESENTATION_CONTEXT() REPRESENTATION_CONTEXT('2D SPACE',''
  ) );
#10674 = PCURVE('',#10675,#10680);
#10675 = SPHERICAL_SURFACE('',#10676,35.);
#10676 = AXIS2_PLACEMENT_3D('',#10677,#10678,#10679);
#10677 = CARTESIAN_POINT('',(-45.,1.065E+03,265.));
#10678 = DIRECTION('',(-0.,-1.,-0.));
#10679 = DIRECTION('',(-1.,0.,2.030122102172E-16));
#10680 = DEFINITIONAL_REPRESENTATION('',(#10681),#10740);
#10681 = B_SPLINE_CURVE_WITH_KNOTS('',8,(#10682,#10683,#10684,#10685,
    #10686,#10687,#10688,#10689,#10690,#10691,#10692,#10693,#10694,
    #10695,#10696,#10697,#10698,#10699,#10700,#10701,#10702,#10703,
    #10704,#10705,#10706,#10707,#10708,#10709,#10710,#10711,#10712,
    #10713,#10714,#10715,#10716,#10717,#10718,#10719,#10720,#10721,
    #10722,#10723,#10724,#10725,#10726,#10727,#10728,#10729,#10730,
    #10731,#10732,#10733,#10734,#10735,#10736,#10737,#10738,#10739),
  .UNSPECIFIED.,.F.,.F.,(9,7,7,7,7,7,7,7,9),(0.,0.38701739454,
    0.527692893684,0.639333927056,0.699149853614,0.736643732266,
    0.820137340417,0.940551074833,1.),.UNSPECIFIED.);
#10682 = CARTESIAN_POINT('',(-1.570796326795,-1.114596178517));
#10683 = CARTESIAN_POINT('',(-1.51512750781,-1.114596178517));
#10684 = CARTESIAN_POINT('',(-1.459573188976,-1.115589918729));
#10685 = CARTESIAN_POINT('',(-1.403631322887,-1.117570230296));
#10686 = CARTESIAN_POINT('',(-1.346906412383,-1.120551239041));
#10687 = CARTESIAN_POINT('',(-1.289017046704,-1.124551799932));
#10688 = CARTESIAN_POINT('',(-1.229545523463,-1.129595140099));
#10689 = CARTESIAN_POINT('',(-1.168014071601,-1.13570342165));
#10690 = CARTESIAN_POINT('',(-1.080348316872,-1.145530455561));
#10691 = CARTESIAN_POINT('',(-1.056621910738,-1.148294370902));
#10692 = CARTESIAN_POINT('',(-1.03251006236,-1.15120346849));
#10693 = CARTESIAN_POINT('',(-1.007983388553,-1.154258409769));
#10694 = CARTESIAN_POINT('',(-0.983012270073,-1.157459384377));
#10695 = CARTESIAN_POINT('',(-0.957566506148,-1.160805992746));
#10696 = CARTESIAN_POINT('',(-0.931614969011,-1.164297128706));
#10697 = CARTESIAN_POINT('',(-0.884102843875,-1.170814617616));
#10698 = CARTESIAN_POINT('',(-0.862742470555,-1.173788049072));
#10699 = CARTESIAN_POINT('',(-0.841028920305,-1.176850054282));
#10700 = CARTESIAN_POINT('',(-0.818947775053,-1.179999025211));
#10701 = CARTESIAN_POINT('',(-0.796485369516,-1.183232786325));
#10702 = CARTESIAN_POINT('',(-0.77362900813,-1.186548517708));
#10703 = CARTESIAN_POINT('',(-0.750367446207,-1.18994266296));
#10704 = CARTESIAN_POINT('',(-0.714006419831,-1.19526901979));
#10705 = CARTESIAN_POINT('',(-0.701202374376,-1.197148451663));
#10706 = CARTESIAN_POINT('',(-0.68827822667,-1.19904842424));
#10707 = CARTESIAN_POINT('',(-0.675232851668,-1.200968178435));
#10708 = CARTESIAN_POINT('',(-0.662065314779,-1.202906885443));
#10709 = CARTESIAN_POINT('',(-0.648774915081,-1.204863642879));
#10710 = CARTESIAN_POINT('',(-0.635361228534,-1.206837470911));
#10711 = CARTESIAN_POINT('',(-0.6133388269,-1.210074580307));
#10712 = CARTESIAN_POINT('',(-0.604805009887,-1.211328144824));
#10713 = CARTESIAN_POINT('',(-0.596222665217,-1.212587741145));
#10714 = CARTESIAN_POINT('',(-0.587591801851,-1.213853098021));
#10715 = CARTESIAN_POINT('',(-0.578912472662,-1.21512393376));
#10716 = CARTESIAN_POINT('',(-0.570184774427,-1.216399956222));
#10717 = CARTESIAN_POINT('',(-0.561408847833,-1.217680862821));
#10718 = CARTESIAN_POINT('',(-0.5329351333,-1.22182891905));
#10719 = CARTESIAN_POINT('',(-0.513046453208,-1.224714266991));
#10720 = CARTESIAN_POINT('',(-0.492921833381,-1.227618805581));
#10721 = CARTESIAN_POINT('',(-0.47256458119,-1.230538833718));
#10722 = CARTESIAN_POINT('',(-0.451978649346,-1.233470525897));
#10723 = CARTESIAN_POINT('',(-0.431168970042,-1.236409930136));
#10724 = CARTESIAN_POINT('',(-0.410141789101,-1.239352965912));
#10725 = CARTESIAN_POINT('',(-0.358277493129,-1.24653900604));
#10726 = CARTESIAN_POINT('',(-0.327209300763,-1.250782043032));
#10727 = CARTESIAN_POINT('',(-0.295726685948,-1.255011525978));
#10728 = CARTESIAN_POINT('',(-0.263853436089,-1.259215292461));
#10729 = CARTESIAN_POINT('',(-0.231612613407,-1.263381972085));
#10730 = CARTESIAN_POINT('',(-0.199028127657,-1.26750094599));
#10731 = CARTESIAN_POINT('',(-0.16612613124,-1.271562318549));
#10732 = CARTESIAN_POINT('',(-0.116550202604,-1.277529048746));
#10733 = CARTESIAN_POINT('',(-0.100092804101,-1.279485060077));
#10734 = CARTESIAN_POINT('',(-8.356690413435E-02,-1.281423907465));
#10735 = CARTESIAN_POINT('',(-6.697520753168E-02,-1.283344643705));
#10736 = CARTESIAN_POINT('',(-5.032027855018E-02,-1.285246398216));
#10737 = CARTESIAN_POINT('',(-3.360455843188E-02,-1.287128373105));
#10738 = CARTESIAN_POINT('',(-1.683038295742E-02,-1.288989839233));
#10739 = CARTESIAN_POINT('',(0.,-1.290830132283));
#10740 = ( GEOMETRIC_REPRESENTATION_CONTEXT(2) 
PARAMETRIC_REPRESENTATION_CONTEXT() REPRESENTATION_CONTEXT('2D SPACE',''
  ) );
#10741 = ORIENTED_EDGE('',*,*,#10742,.F.);
#10742 = EDGE_CURVE('',#10743,#10550,#10745,.T.);
#10743 = VERTEX_POINT('',#10744);
#10744 = CARTESIAN_POINT('',(45.,1.096420653651E+03,280.41890152187));
#10745 = SURFACE_CURVE('',#10746,(#10750,#10756),.PCURVE_S1.);
#10746 = LINE('',#10747,#10748);
#10747 = CARTESIAN_POINT('',(0.,1.096420653651E+03,280.41890152187));
#10748 = VECTOR('',#10749,1.);
#10749 = DIRECTION('',(-1.,-0.,-0.));
#10750 = PCURVE('',#1861,#10751);
#10751 = DEFINITIONAL_REPRESENTATION('',(#10752),#10755);
#10752 = B_SPLINE_CURVE_WITH_KNOTS('',1,(#10753,#10754),.UNSPECIFIED.,
  .F.,.F.,(2,2),(-45.0000006,45.0000006),.PIECEWISE_BEZIER_KNOTS.);
#10753 = CARTESIAN_POINT('',(-6.459836989157,-45.0000006));
#10754 = CARTESIAN_POINT('',(-6.459836989157,45.0000006));
#10755 = ( GEOMETRIC_REPRESENTATION_CONTEXT(2) 
PARAMETRIC_REPRESENTATION_CONTEXT() REPRESENTATION_CONTEXT('2D SPACE',''
  ) );
#10756 = PCURVE('',#10757,#10762);
#10757 = CYLINDRICAL_SURFACE('',#10758,35.);
#10758 = AXIS2_PLACEMENT_3D('',#10759,#10760,#10761);
#10759 = CARTESIAN_POINT('',(-80.,1.065E+03,265.));
#10760 = DIRECTION('',(1.,0.,0.));
#10761 = DIRECTION('',(-0.,1.,0.));
#10762 = DEFINITIONAL_REPRESENTATION('',(#10763),#10766);
#10763 = B_SPLINE_CURVE_WITH_KNOTS('',1,(#10764,#10765),.UNSPECIFIED.,
  .F.,.F.,(2,2),(-45.0000006,45.0000006),.PIECEWISE_BEZIER_KNOTS.);
#10764 = CARTESIAN_POINT('',(0.456200148278,125.0000006));
#10765 = CARTESIAN_POINT('',(0.456200148278,34.9999994));
#10766 = ( GEOMETRIC_REPRESENTATION_CONTEXT(2) 
PARAMETRIC_REPRESENTATION_CONTEXT() REPRESENTATION_CONTEXT('2D SPACE',''
  ) );
#10767 = ORIENTED_EDGE('',*,*,#10768,.F.);
#10768 = EDGE_CURVE('',#10769,#10743,#10771,.T.);
#10769 = VERTEX_POINT('',#10770);
#10770 = CARTESIAN_POINT('',(54.671310581026,1.098637267303E+03,265.));
#10771 = SURFACE_CURVE('',#10772,(#10831,#10893),.PCURVE_S1.);
#10772 = B_SPLINE_CURVE_WITH_KNOTS('',8,(#10773,#10774,#10775,#10776,
    #10777,#10778,#10779,#10780,#10781,#10782,#10783,#10784,#10785,
    #10786,#10787,#10788,#10789,#10790,#10791,#10792,#10793,#10794,
    #10795,#10796,#10797,#10798,#10799,#10800,#10801,#10802,#10803,
    #10804,#10805,#10806,#10807,#10808,#10809,#10810,#10811,#10812,
    #10813,#10814,#10815,#10816,#10817,#10818,#10819,#10820,#10821,
    #10822,#10823,#10824,#10825,#10826,#10827,#10828,#10829,#10830),
  .UNSPECIFIED.,.F.,.F.,(9,7,7,7,7,7,7,7,9),(0.,5.961813609911E-02,
    0.179311293783,0.262987819594,0.300658183688,0.360424398196,
    0.471789281976,0.611033253039,1.),.UNSPECIFIED.);
#10773 = CARTESIAN_POINT('',(54.671310581026,1.098637267303E+03,265.));
#10774 = CARTESIAN_POINT('',(54.733393435785,1.098619417382E+03,
    265.16324628802));
#10775 = CARTESIAN_POINT('',(54.7930058353,1.09860123054E+03,
    265.32834105442));
#10776 = CARTESIAN_POINT('',(54.850079509615,1.098582708065E+03,
    265.49522329971));
#10777 = CARTESIAN_POINT('',(54.904547048369,1.098563852067E+03,
    265.66382624166));
#10778 = CARTESIAN_POINT('',(54.956342466211,1.098544665569E+03,
    265.83407698199));
#10779 = CARTESIAN_POINT('',(55.005401768211,1.09852515262E+03,
    266.0058961729));
#10780 = CARTESIAN_POINT('',(55.051663515279,1.098505318388E+03,
    266.17919768368));
#10781 = CARTESIAN_POINT('',(55.18221378046,1.098444716601E+03,
    266.70460818147));
#10782 = CARTESIAN_POINT('',(55.257859645396,1.098402988881E+03,
    267.06097752471));
#10783 = CARTESIAN_POINT('',(55.321515010129,1.09836004396E+03,
    267.4221862195));
#10784 = CARTESIAN_POINT('',(55.3727667043,1.098315953747E+03,
    267.78736455314));
#10785 = CARTESIAN_POINT('',(55.411285581252,1.098270805864E+03,
    268.1555823251));
#10786 = CARTESIAN_POINT('',(55.43683676901,1.098224705323E+03,
    268.5258469805));
#10787 = CARTESIAN_POINT('',(55.449294952436,1.098177776226E+03,
    268.89710072983));
#10788 = CARTESIAN_POINT('',(55.448224072725,1.098096877808E+03,
    269.52766081906));
#10789 = CARTESIAN_POINT('',(55.44138659545,1.098063254464E+03,
    269.78706531233));
#10790 = CARTESIAN_POINT('',(55.4281519346,1.098029341452E+03,
    270.04605576561));
#10791 = CARTESIAN_POINT('',(55.408548674598,1.097995187987E+03,
    270.30427013973));
#10792 = CARTESIAN_POINT('',(55.382632658713,1.097960844346E+03,
    270.56135852555));
#10793 = CARTESIAN_POINT('',(55.350485343369,1.097926361719E+03,
    270.81698294414));
#10794 = CARTESIAN_POINT('',(55.312212152442,1.097891792057E+03,
    271.07081714699));
#10795 = CARTESIAN_POINT('',(55.248010310316,1.097841609469E+03,
    271.43587250307));
#10796 = CARTESIAN_POINT('',(55.226863782021,1.097826023774E+03,
    271.54877381049));
#10797 = CARTESIAN_POINT('',(55.204512818746,1.097810435499E+03,
    271.66122261363));
#10798 = CARTESIAN_POINT('',(55.180969662827,1.097794849253E+03,
    271.77319214848));
#10799 = CARTESIAN_POINT('',(55.156247226879,1.097779269585E+03,
    271.88465661195));
#10800 = CARTESIAN_POINT('',(55.130359093795,1.097763700985E+03,
    271.99559116183));
#10801 = CARTESIAN_POINT('',(55.103319516746,1.097748147886E+03,
    272.10597191682));
#10802 = CARTESIAN_POINT('',(55.030440408423,1.097707970295E+03,
    272.38998642541));
#10803 = CARTESIAN_POINT('',(54.982876272468,1.097683375861E+03,
    272.56274574596));
#10804 = CARTESIAN_POINT('',(54.932510195758,1.097658848799E+03,
    272.73396218267));
#10805 = CARTESIAN_POINT('',(54.879404436339,1.097634405928E+03,
    272.9035512652));
#10806 = CARTESIAN_POINT('',(54.823623757944,1.097610063425E+03,
    273.07143543151));
#10807 = CARTESIAN_POINT('',(54.765234862081,1.097585836815E+03,
    273.2375436711));
#10808 = CARTESIAN_POINT('',(54.704305820114,1.097561740958E+03,
    273.40181116812));
#10809 = CARTESIAN_POINT('',(54.522769050778,1.097493161267E+03,
    273.86672560416));
#10810 = CARTESIAN_POINT('',(54.396053771527,1.097449036285E+03,
    274.16267246255));
#10811 = CARTESIAN_POINT('',(54.261202758548,1.097405505513E+03,
    274.45164718696));
#10812 = CARTESIAN_POINT('',(54.118666055384,1.0973626506E+03,
    274.73335175697));
#10813 = CARTESIAN_POINT('',(53.968891013761,1.097320544576E+03,
    275.0075527435));
#10814 = CARTESIAN_POINT('',(53.812314097152,1.097279252077E+03,
    275.27407297461));
#10815 = CARTESIAN_POINT('',(53.649354132311,1.097238829627E+03,
    275.53278458843));
#10816 = CARTESIAN_POINT('',(53.269165658898,1.097149932973E+03,
    276.09721236243));
#10817 = CARTESIAN_POINT('',(53.048575910234,1.097101979055E+03,
    276.39846455205));
#10818 = CARTESIAN_POINT('',(52.819399701496,1.097055556268E+03,
    276.68721856844));
#10819 = CARTESIAN_POINT('',(52.58235892075,1.097010742787E+03,
    276.96340217217));
#10820 = CARTESIAN_POINT('',(52.338129557189,1.096967603948E+03,
    277.22700219799));
#10821 = CARTESIAN_POINT('',(52.087335852898,1.096926193278E+03,
    277.4780543948));
#10822 = CARTESIAN_POINT('',(51.830544454624,1.096886553539E+03,
    277.71663326574));
#10823 = CARTESIAN_POINT('',(50.835584193549,1.096743026565E+03,
    278.57473741585));
#10824 = CARTESIAN_POINT('',(50.060986094723,1.096651549632E+03,
    279.10928712984));
#10825 = CARTESIAN_POINT('',(49.25449831285,1.096574786282E+03,
    279.55014642573));
#10826 = CARTESIAN_POINT('',(48.424576954123,1.096513179054E+03,
    279.89951455998));
#10827 = CARTESIAN_POINT('',(47.578597565543,1.096466932278E+03,
    280.15965682641));
#10828 = CARTESIAN_POINT('',(46.722719634852,1.096436105682E+03,
    280.33234121072));
#10829 = CARTESIAN_POINT('',(45.861975124147,1.096420653651E+03,
    280.41890152187));
#10830 = CARTESIAN_POINT('',(45.,1.096420653651E+03,280.41890152187));
#10831 = PCURVE('',#1861,#10832);
#10832 = DEFINITIONAL_REPRESENTATION('',(#10833),#10892);
#10833 = B_SPLINE_CURVE_WITH_KNOTS('',8,(#10834,#10835,#10836,#10837,
    #10838,#10839,#10840,#10841,#10842,#10843,#10844,#10845,#10846,
    #10847,#10848,#10849,#10850,#10851,#10852,#10853,#10854,#10855,
    #10856,#10857,#10858,#10859,#10860,#10861,#10862,#10863,#10864,
    #10865,#10866,#10867,#10868,#10869,#10870,#10871,#10872,#10873,
    #10874,#10875,#10876,#10877,#10878,#10879,#10880,#10881,#10882,
    #10883,#10884,#10885,#10886,#10887,#10888,#10889,#10890,#10891),
  .UNSPECIFIED.,.F.,.F.,(9,7,7,7,7,7,7,7,9),(0.,5.961813609911E-02,
    0.179311293783,0.262987819594,0.300658183688,0.360424398196,
    0.471789281976,0.611033253039,1.),.UNSPECIFIED.);
#10834 = CARTESIAN_POINT('',(-6.3920961406,-54.67131058102));
#10835 = CARTESIAN_POINT('',(-6.392810137448,-54.73339343578));
#10836 = CARTESIAN_POINT('',(-6.393532282766,-54.7930058353));
#10837 = CARTESIAN_POINT('',(-6.394262312854,-54.85007950961));
#10838 = CARTESIAN_POINT('',(-6.39499993869,-54.90454704836));
#10839 = CARTESIAN_POINT('',(-6.39574484443,-54.95634246621));
#10840 = CARTESIAN_POINT('',(-6.396496685925,-55.00540176821));
#10841 = CARTESIAN_POINT('',(-6.397255089217,-55.05166351527));
#10842 = CARTESIAN_POINT('',(-6.399554627955,-55.18221378046));
#10843 = CARTESIAN_POINT('',(-6.401114643029,-55.25785964539));
#10844 = CARTESIAN_POINT('',(-6.402696172081,-55.32151501012));
#10845 = CARTESIAN_POINT('',(-6.404295429104,-55.3727667043));
#10846 = CARTESIAN_POINT('',(-6.405908359541,-55.41128558125));
#10847 = CARTESIAN_POINT('',(-6.407530631071,-55.43683676901));
#10848 = CARTESIAN_POINT('',(-6.409157619909,-55.44929495243));
#10849 = CARTESIAN_POINT('',(-6.411921656367,-55.44822407272));
#10850 = CARTESIAN_POINT('',(-6.413058935851,-55.44138659545));
#10851 = CARTESIAN_POINT('',(-6.414194592307,-55.4281519346));
#10852 = CARTESIAN_POINT('',(-6.415327039456,-55.40854867459));
#10853 = CARTESIAN_POINT('',(-6.416454742678,-55.38263265871));
#10854 = CARTESIAN_POINT('',(-6.417576218168,-55.35048534336));
#10855 = CARTESIAN_POINT('',(-6.418690032111,-55.31221215244));
#10856 = CARTESIAN_POINT('',(-6.420292155614,-55.24801031031));
#10857 = CARTESIAN_POINT('',(-6.420787686012,-55.22686378202));
#10858 = CARTESIAN_POINT('',(-6.421281269045,-55.20451281874));
#10859 = CARTESIAN_POINT('',(-6.421772786885,-55.18096966282));
#10860 = CARTESIAN_POINT('',(-6.422262125871,-55.15624722687));
#10861 = CARTESIAN_POINT('',(-6.422749176507,-55.13035909379));
#10862 = CARTESIAN_POINT('',(-6.423233833465,-55.10331951674));
#10863 = CARTESIAN_POINT('',(-6.424480973709,-55.03044040842));
#10864 = CARTESIAN_POINT('',(-6.425239674286,-54.98287627246));
#10865 = CARTESIAN_POINT('',(-6.425991692457,-54.93251019575));
#10866 = CARTESIAN_POINT('',(-6.426736654972,-54.87940443633));
#10867 = CARTESIAN_POINT('',(-6.427474218658,-54.82362375794));
#10868 = CARTESIAN_POINT('',(-6.42820406889,-54.76523486208));
#10869 = CARTESIAN_POINT('',(-6.428925918058,-54.70430582011));
#10870 = CARTESIAN_POINT('',(-6.430969158593,-54.52276905077));
#10871 = CARTESIAN_POINT('',(-6.432270105907,-54.39605377152));
#10872 = CARTESIAN_POINT('',(-6.433540690678,-54.26120275854));
#10873 = CARTESIAN_POINT('',(-6.434779582158,-54.11866605538));
#10874 = CARTESIAN_POINT('',(-6.435985732222,-53.96889101376));
#10875 = CARTESIAN_POINT('',(-6.437158339402,-53.81231409715));
#10876 = CARTESIAN_POINT('',(-6.438296818895,-53.64935413231));
#10877 = CARTESIAN_POINT('',(-6.44078110344,-53.26916565889));
#10878 = CARTESIAN_POINT('',(-6.442107384317,-53.04857591023));
#10879 = CARTESIAN_POINT('',(-6.443378955293,-52.81939970149));
#10880 = CARTESIAN_POINT('',(-6.444595455908,-52.58235892075));
#10881 = CARTESIAN_POINT('',(-6.445756786989,-52.33812955718));
#10882 = CARTESIAN_POINT('',(-6.446863066522,-52.08733585289));
#10883 = CARTESIAN_POINT('',(-6.447914585528,-51.83054445462));
#10884 = CARTESIAN_POINT('',(-6.451697300981,-50.83558419354));
#10885 = CARTESIAN_POINT('',(-6.454055199133,-50.06098609472));
#10886 = CARTESIAN_POINT('',(-6.456000808326,-49.25449831285));
#10887 = CARTESIAN_POINT('',(-6.457543232766,-48.42457695412));
#10888 = CARTESIAN_POINT('',(-6.458692019719,-47.57859756554));
#10889 = CARTESIAN_POINT('',(-6.459454690542,-46.72271963485));
#10890 = CARTESIAN_POINT('',(-6.459836989157,-45.86197512414));
#10891 = CARTESIAN_POINT('',(-6.459836989157,-45.));
#10892 = ( GEOMETRIC_REPRESENTATION_CONTEXT(2) 
PARAMETRIC_REPRESENTATION_CONTEXT() REPRESENTATION_CONTEXT('2D SPACE',''
  ) );
#10893 = PCURVE('',#10894,#10899);
#10894 = SPHERICAL_SURFACE('',#10895,35.);
#10895 = AXIS2_PLACEMENT_3D('',#10896,#10897,#10898);
#10896 = CARTESIAN_POINT('',(45.,1.065E+03,265.));
#10897 = DIRECTION('',(-0.,-1.,-0.));
#10898 = DIRECTION('',(1.,-0.,2.030122102172E-16));
#10899 = DEFINITIONAL_REPRESENTATION('',(#10900),#10959);
#10900 = B_SPLINE_CURVE_WITH_KNOTS('',8,(#10901,#10902,#10903,#10904,
    #10905,#10906,#10907,#10908,#10909,#10910,#10911,#10912,#10913,
    #10914,#10915,#10916,#10917,#10918,#10919,#10920,#10921,#10922,
    #10923,#10924,#10925,#10926,#10927,#10928,#10929,#10930,#10931,
    #10932,#10933,#10934,#10935,#10936,#10937,#10938,#10939,#10940,
    #10941,#10942,#10943,#10944,#10945,#10946,#10947,#10948,#10949,
    #10950,#10951,#10952,#10953,#10954,#10955,#10956,#10957,#10958),
  .UNSPECIFIED.,.F.,.F.,(9,7,7,7,7,7,7,7,9),(0.,5.961813609911E-02,
    0.179311293783,0.262987819594,0.300658183688,0.360424398196,
    0.471789281976,0.611033253039,1.),.UNSPECIFIED.);
#10901 = CARTESIAN_POINT('',(0.,-1.290830132283));
#10902 = CARTESIAN_POINT('',(1.687943807133E-02,-1.288984475375));
#10903 = CARTESIAN_POINT('',(3.370234111313E-02,-1.287117521721));
#10904 = CARTESIAN_POINT('',(5.046644101955E-02,-1.285229941515));
#10905 = CARTESIAN_POINT('',(6.716938098775E-02,-1.283322470513));
#10906 = CARTESIAN_POINT('',(8.380869768583E-02,-1.28139591402));
#10907 = CARTESIAN_POINT('',(0.100381803421,-1.279451150881));
#10908 = CARTESIAN_POINT('',(0.116885968306,-1.27748913747));
#10909 = CARTESIAN_POINT('',(0.166308900393,-1.271539299905));
#10910 = CARTESIAN_POINT('',(0.199014709523,-1.267501769112));
#10911 = CARTESIAN_POINT('',(0.231406706701,-1.263407345927));
#10912 = CARTESIAN_POINT('',(0.263459218152,-1.259265749611));
#10913 = CARTESIAN_POINT('',(0.295148739964,-1.255087408004));
#10914 = CARTESIAN_POINT('',(0.326452585563,-1.25088348528));
#10915 = CARTESIAN_POINT('',(0.35734736016,-1.246665921528));
#10916 = CARTESIAN_POINT('',(0.40910153513,-1.239498408432));
#10917 = CARTESIAN_POINT('',(0.430185528625,-1.236548591049));
#10918 = CARTESIAN_POINT('',(0.451051265807,-1.233602272441));
#10919 = CARTESIAN_POINT('',(0.471692431715,-1.230663562668));
#10920 = CARTESIAN_POINT('',(0.492104035387,-1.227736443441));
#10921 = CARTESIAN_POINT('',(0.512282072004,-1.224824770149));
#10922 = CARTESIAN_POINT('',(0.532223185024,-1.221932273889));
#10923 = CARTESIAN_POINT('',(0.560793592844,-1.217770647576));
#10924 = CARTESIAN_POINT('',(0.56961436433,-1.21648332881));
#10925 = CARTESIAN_POINT('',(0.578386453382,-1.215200925195));
#10926 = CARTESIAN_POINT('',(0.587109715362,-1.213923744096));
#10927 = CARTESIAN_POINT('',(0.595784050399,-1.212652082247));
#10928 = CARTESIAN_POINT('',(0.604409403387,-1.211386225748));
#10929 = CARTESIAN_POINT('',(0.612985763987,-1.210126450067));
#10930 = CARTESIAN_POINT('',(0.635042384825,-1.206884380703));
#10931 = CARTESIAN_POINT('',(0.648448398271,-1.204911708217));
#10932 = CARTESIAN_POINT('',(0.661731306566,-1.202956062364));
#10933 = CARTESIAN_POINT('',(0.674891528775,-1.201018421866));
#10934 = CARTESIAN_POINT('',(0.687929760317,-1.19909968823));
#10935 = CARTESIAN_POINT('',(0.700846929845,-1.197200689598));
#10936 = CARTESIAN_POINT('',(0.713644156133,-1.195322184589));
#10937 = CARTESIAN_POINT('',(0.749947174549,-1.190004047132));
#10938 = CARTESIAN_POINT('',(0.773159291399,-1.186616833301));
#10939 = CARTESIAN_POINT('',(0.795968010805,-1.183307602302));
#10940 = CARTESIAN_POINT('',(0.818384471838,-1.180079894898));
#10941 = CARTESIAN_POINT('',(0.840421258147,-1.176936521159));
#10942 = CARTESIAN_POINT('',(0.862091920207,-1.173879651587));
#10943 = CARTESIAN_POINT('',(0.883410759023,-1.170910893184));
#10944 = CARTESIAN_POINT('',(0.930627646004,-1.164430942962));
#10945 = CARTESIAN_POINT('',(0.956334506428,-1.16097021249));
#10946 = CARTESIAN_POINT('',(0.981544822753,-1.157651056313));
#10947 = CARTESIAN_POINT('',(1.006288776688,-1.154474573098));
#10948 = CARTESIAN_POINT('',(1.030595684467,-1.151441175704));
#10949 = CARTESIAN_POINT('',(1.054494319839,-1.148550703981));
#10950 = CARTESIAN_POINT('',(1.078013237052,-1.14580253756));
#10951 = CARTESIAN_POINT('',(1.165898623962,-1.135913743374));
#10952 = CARTESIAN_POINT('',(1.227793119913,-1.129744097732));
#10953 = CARTESIAN_POINT('',(1.287602278849,-1.124649517317));
#10954 = CARTESIAN_POINT('',(1.345809335751,-1.12060844195));
#10955 = CARTESIAN_POINT('',(1.40283799342,-1.117597586587));
#10956 = CARTESIAN_POINT('',(1.459068375887,-1.115598330826));
#10957 = CARTESIAN_POINT('',(1.514892530865,-1.114596178517));
#10958 = CARTESIAN_POINT('',(1.570796326795,-1.114596178517));
#10959 = ( GEOMETRIC_REPRESENTATION_CONTEXT(2) 
PARAMETRIC_REPRESENTATION_CONTEXT() REPRESENTATION_CONTEXT('2D SPACE',''
  ) );
#10960 = ORIENTED_EDGE('',*,*,#10961,.T.);
#10961 = EDGE_CURVE('',#10769,#10962,#10964,.T.);
#10962 = VERTEX_POINT('',#10963);
#10963 = CARTESIAN_POINT('',(45.,1.1E+03,240.));
#10964 = SURFACE_CURVE('',#10965,(#10972,#10982),.PCURVE_S1.);
#10965 = B_SPLINE_CURVE_WITH_KNOTS('',5,(#10966,#10967,#10968,#10969,
    #10970,#10971),.UNSPECIFIED.,.F.,.F.,(6,6),(0.,1.),
  .PIECEWISE_BEZIER_KNOTS.);
#10966 = CARTESIAN_POINT('',(54.671310809207,1.098637267238E+03,
    265.0000006));
#10967 = CARTESIAN_POINT('',(52.768988441253,1.099184218652E+03,
    259.99786165543));
#10968 = CARTESIAN_POINT('',(50.842253537371,1.099592592201E+03,
    254.99705730064));
#10969 = CARTESIAN_POINT('',(48.90002313632,1.099864187219E+03,
    249.99762962397));
#10970 = CARTESIAN_POINT('',(46.950065468224,1.100000000021E+03,
    244.99895363857));
#10971 = CARTESIAN_POINT('',(45.,1.1E+03,240.));
#10972 = PCURVE('',#1861,#10973);
#10973 = DEFINITIONAL_REPRESENTATION('',(#10974),#10981);
#10974 = B_SPLINE_CURVE_WITH_KNOTS('',5,(#10975,#10976,#10977,#10978,
    #10979,#10980),.UNSPECIFIED.,.F.,.F.,(6,6),(0.,1.),
  .PIECEWISE_BEZIER_KNOTS.);
#10975 = CARTESIAN_POINT('',(-6.392096143225,-54.6713108092));
#10976 = CARTESIAN_POINT('',(-6.370218087188,-52.76898844125));
#10977 = CARTESIAN_POINT('',(-6.348411290467,-50.84225353737));
#10978 = CARTESIAN_POINT('',(-6.32665326366,-48.90002313632));
#10979 = CARTESIAN_POINT('',(-6.304919887822,-46.95006546822));
#10980 = CARTESIAN_POINT('',(-6.28318530718,-45.));
#10981 = ( GEOMETRIC_REPRESENTATION_CONTEXT(2) 
PARAMETRIC_REPRESENTATION_CONTEXT() REPRESENTATION_CONTEXT('2D SPACE',''
  ) );
#10982 = PCURVE('',#10983,#10988);
#10983 = CYLINDRICAL_SURFACE('',#10984,35.);
#10984 = AXIS2_PLACEMENT_3D('',#10985,#10986,#10987);
#10985 = CARTESIAN_POINT('',(45.,1.065E+03,120.));
#10986 = DIRECTION('',(0.,0.,1.));
#10987 = DIRECTION('',(1.,0.,-0.));
#10988 = DEFINITIONAL_REPRESENTATION('',(#10989),#10996);
#10989 = B_SPLINE_CURVE_WITH_KNOTS('',5,(#10990,#10991,#10992,#10993,
    #10994,#10995),.UNSPECIFIED.,.F.,.F.,(6,6),(0.,1.),
  .PIECEWISE_BEZIER_KNOTS.);
#10990 = CARTESIAN_POINT('',(1.2908301255,145.0000006));
#10991 = CARTESIAN_POINT('',(1.3473841361,139.99786165543));
#10992 = CARTESIAN_POINT('',(1.403514439958,134.99705730063));
#10993 = CARTESIAN_POINT('',(1.459367111904,129.99762962397));
#10994 = CARTESIAN_POINT('',(1.515080165403,124.99895363857));
#10995 = CARTESIAN_POINT('',(1.570796326795,120.));
#10996 = ( GEOMETRIC_REPRESENTATION_CONTEXT(2) 
PARAMETRIC_REPRESENTATION_CONTEXT() REPRESENTATION_CONTEXT('2D SPACE',''
  ) );
#10997 = ORIENTED_EDGE('',*,*,#10998,.F.);
#10998 = EDGE_CURVE('',#10999,#10962,#11001,.T.);
#10999 = VERTEX_POINT('',#11000);
#11000 = CARTESIAN_POINT('',(74.574821475941,1.083717102732E+03,155.));
#11001 = SURFACE_CURVE('',#11002,(#11017,#11035),.PCURVE_S1.);
#11002 = B_SPLINE_CURVE_WITH_KNOTS('',7,(#11003,#11004,#11005,#11006,
    #11007,#11008,#11009,#11010,#11011,#11012,#11013,#11014,#11015,
    #11016),.UNSPECIFIED.,.F.,.F.,(8,6,8),(0.,0.512771280618,1.),
  .UNSPECIFIED.);
#11003 = CARTESIAN_POINT('',(74.574821626966,1.083717102493E+03,
    154.9999994));
#11004 = CARTESIAN_POINT('',(73.006167876637,1.086195726248E+03,
    161.23204979188));
#11005 = CARTESIAN_POINT('',(71.250595144064,1.088433384535E+03,
    167.47563664819));
#11006 = CARTESIAN_POINT('',(69.348059765276,1.090435160566E+03,
    173.71758066986));
#11007 = CARTESIAN_POINT('',(67.32857824281,1.092209317287E+03,
    179.95128868011));
#11008 = CARTESIAN_POINT('',(65.214803092941,1.093764623975E+03,
    186.17616175467));
#11009 = CARTESIAN_POINT('',(63.023423878889,1.095108912027E+03,
    192.3969800172));
#11010 = CARTESIAN_POINT('',(58.622035975399,1.097329703647E+03,
    204.54040219662));
#11011 = CARTESIAN_POINT('',(56.420758830986,1.098224979227E+03,
    210.4558960092));
#11012 = CARTESIAN_POINT('',(54.176989297559,1.09893707106E+03,
    216.36861294761));
#11013 = CARTESIAN_POINT('',(51.90280507813,1.099468999643E+03,
    222.27819082702));
#11014 = CARTESIAN_POINT('',(49.608822891479,1.099822937948E+03,
    228.18537584004));
#11015 = CARTESIAN_POINT('',(47.304748054635,1.099999999987E+03,
    234.09182494297));
#11016 = CARTESIAN_POINT('',(45.,1.1E+03,240.));
#11017 = PCURVE('',#1861,#11018);
#11018 = DEFINITIONAL_REPRESENTATION('',(#11019),#11034);
#11019 = B_SPLINE_CURVE_WITH_KNOTS('',7,(#11020,#11021,#11022,#11023,
    #11024,#11025,#11026,#11027,#11028,#11029,#11030,#11031,#11032,
    #11033),.UNSPECIFIED.,.F.,.F.,(8,6,8),(0.,0.512771280618,1.),
  .UNSPECIFIED.);
#11020 = CARTESIAN_POINT('',(-5.904644235511,-74.57482162696));
#11021 = CARTESIAN_POINT('',(-5.933804514773,-73.00616787663));
#11022 = CARTESIAN_POINT('',(-5.962624215673,-71.25059514406));
#11023 = CARTESIAN_POINT('',(-5.991098770768,-69.34805976526));
#11024 = CARTESIAN_POINT('',(-6.019251025726,-67.32857824281));
#11025 = CARTESIAN_POINT('',(-6.047124685398,-65.21480309293));
#11026 = CARTESIAN_POINT('',(-6.07478191171,-63.02342387888));
#11027 = CARTESIAN_POINT('',(-6.128455048628,-58.62203597539));
#11028 = CARTESIAN_POINT('',(-6.154455234054,-56.42075883098));
#11029 = CARTESIAN_POINT('',(-6.180329475734,-54.17698929755));
#11030 = CARTESIAN_POINT('',(-6.206106278133,-51.90280507812));
#11031 = CARTESIAN_POINT('',(-6.231817375839,-49.60882289148));
#11032 = CARTESIAN_POINT('',(-6.257497589579,-47.30474805463));
#11033 = CARTESIAN_POINT('',(-6.28318530718,-45.));
#11034 = ( GEOMETRIC_REPRESENTATION_CONTEXT(2) 
PARAMETRIC_REPRESENTATION_CONTEXT() REPRESENTATION_CONTEXT('2D SPACE',''
  ) );
#11035 = PCURVE('',#11036,#11041);
#11036 = CYLINDRICAL_SURFACE('',#11037,35.);
#11037 = AXIS2_PLACEMENT_3D('',#11038,#11039,#11040);
#11038 = CARTESIAN_POINT('',(45.,1.065E+03,120.));
#11039 = DIRECTION('',(0.,0.,1.));
#11040 = DIRECTION('',(1.,0.,-0.));
#11041 = DEFINITIONAL_REPRESENTATION('',(#11042),#11057);
#11042 = B_SPLINE_CURVE_WITH_KNOTS('',7,(#11043,#11044,#11045,#11046,
    #11047,#11048,#11049,#11050,#11051,#11052,#11053,#11054,#11055,
    #11056),.UNSPECIFIED.,.F.,.F.,(8,6,8),(0.,0.512771280618,1.),
  .UNSPECIFIED.);
#11043 = CARTESIAN_POINT('',(0.564240689748,34.9999994));
#11044 = CARTESIAN_POINT('',(0.648049268075,41.232049791883));
#11045 = CARTESIAN_POINT('',(0.728896309214,47.475636648194));
#11046 = CARTESIAN_POINT('',(0.807255217218,53.717580669868));
#11047 = CARTESIAN_POINT('',(0.883523746623,59.951288680115));
#11048 = CARTESIAN_POINT('',(0.958075909239,66.176161754678));
#11049 = CARTESIAN_POINT('',(1.03127606991,72.396980017201));
#11050 = CARTESIAN_POINT('',(1.17213098411,84.540402196622));
#11051 = CARTESIAN_POINT('',(1.239804586911,90.455896009209));
#11052 = CARTESIAN_POINT('',(1.306732341645,96.368612947604));
#11053 = CARTESIAN_POINT('',(1.373106936459,102.27819082704));
#11054 = CARTESIAN_POINT('',(1.439115675737,108.18537584003));
#11055 = CARTESIAN_POINT('',(1.504946381759,114.09182494297));
#11056 = CARTESIAN_POINT('',(1.570796326795,120.));
#11057 = ( GEOMETRIC_REPRESENTATION_CONTEXT(2) 
PARAMETRIC_REPRESENTATION_CONTEXT() REPRESENTATION_CONTEXT('2D SPACE',''
  ) );
#11058 = ORIENTED_EDGE('',*,*,#11059,.F.);
#11059 = EDGE_CURVE('',#2085,#10999,#11060,.T.);
#11060 = SURFACE_CURVE('',#11061,(#11089,#11120),.PCURVE_S1.);
#11061 = B_SPLINE_CURVE_WITH_KNOTS('',6,(#11062,#11063,#11064,#11065,
    #11066,#11067,#11068,#11069,#11070,#11071,#11072,#11073,#11074,
    #11075,#11076,#11077,#11078,#11079,#11080,#11081,#11082,#11083,
    #11084,#11085,#11086,#11087,#11088),.UNSPECIFIED.,.F.,.F.,(7,5,5,5,5
    ,7),(0.,0.311262064673,0.462691217253,0.553859384133,0.751976488582,
    1.),.UNSPECIFIED.);
#11062 = CARTESIAN_POINT('',(68.47633956187,1.071990098767E+03,130.));
#11063 = CARTESIAN_POINT('',(69.317526107789,1.072497540553E+03,
    130.93180196752));
#11064 = CARTESIAN_POINT('',(70.119160715932,1.073029764456E+03,
    131.92139134643));
#11065 = CARTESIAN_POINT('',(70.876045272791,1.073585725771E+03,
    132.96956886374));
#11066 = CARTESIAN_POINT('',(71.581950736374,1.074163769611E+03,
    134.07629190929));
#11067 = CARTESIAN_POINT('',(72.229929044432,1.074761494102E+03,
    135.24031489562));
#11068 = CARTESIAN_POINT('',(73.096532152706,1.075674419928E+03,
    137.05111231765));
#11069 = CARTESIAN_POINT('',(73.364756124246,1.075977073416E+03,
    137.65653368914));
#11070 = CARTESIAN_POINT('',(73.61675846584,1.076283207072E+03,
    138.27434219146));
#11071 = CARTESIAN_POINT('',(73.851708227318,1.076592375263E+03,
    138.90402026873));
#11072 = CARTESIAN_POINT('',(74.068798416788,1.076904077185E+03,
    139.54490855392));
#11073 = CARTESIAN_POINT('',(74.386770342582,1.077406606086E+03,
    140.58828459618));
#11074 = CARTESIAN_POINT('',(74.499518399061,1.077596173543E+03,
    140.98415154819));
#11075 = CARTESIAN_POINT('',(74.605356381745,1.0777863361E+03,
    141.38360410755));
#11076 = CARTESIAN_POINT('',(74.704128661443,1.077976966253E+03,
    141.78644385404));
#11077 = CARTESIAN_POINT('',(74.795690871327,1.078167930936E+03,
    142.19245272962));
#11078 = CARTESIAN_POINT('',(75.062934564516,1.078774502138E+03,
    143.49005468401));
#11079 = CARTESIAN_POINT('',(75.211306586004,1.079190870365E+03,
    144.39262252824));
#11080 = CARTESIAN_POINT('',(75.323657220155,1.079606721131E+03,
    145.3065285021));
#11081 = CARTESIAN_POINT('',(75.399011209236,1.080020569324E+03,
    146.22896236205));
#11082 = CARTESIAN_POINT('',(75.43682801884,1.080430938139E+03,
    147.15685514287));
#11083 = CARTESIAN_POINT('',(75.437471588244,1.081343925656E+03,
    149.25112546674));
#11084 = CARTESIAN_POINT('',(75.379008326287,1.081843852585E+03,
    150.41895126455));
#11085 = CARTESIAN_POINT('',(75.261690192739,1.082333221538E+03,
    151.58363268955));
#11086 = CARTESIAN_POINT('',(75.086865272589,1.082809701616E+03,
    152.73903221419));
#11087 = CARTESIAN_POINT('',(74.856853657417,1.083271464775E+03,
    153.87952408254));
#11088 = CARTESIAN_POINT('',(74.574821475941,1.083717102732E+03,155.));
#11089 = PCURVE('',#1861,#11090);
#11090 = DEFINITIONAL_REPRESENTATION('',(#11091),#11119);
#11091 = B_SPLINE_CURVE_WITH_KNOTS('',6,(#11092,#11093,#11094,#11095,
    #11096,#11097,#11098,#11099,#11100,#11101,#11102,#11103,#11104,
    #11105,#11106,#11107,#11108,#11109,#11110,#11111,#11112,#11113,
    #11114,#11115,#11116,#11117,#11118),.UNSPECIFIED.,.F.,.F.,(7,5,5,5,5
    ,7),(0.,0.311262064673,0.462691217253,0.553859384133,0.751976488582,
    1.),.UNSPECIFIED.);
#11092 = CARTESIAN_POINT('',(-5.784511960118,-68.47633956187));
#11093 = CARTESIAN_POINT('',(-5.789125067261,-69.31752610778));
#11094 = CARTESIAN_POINT('',(-5.794010357975,-70.11916071593));
#11095 = CARTESIAN_POINT('',(-5.799168894942,-70.87604527279));
#11096 = CARTESIAN_POINT('',(-5.804597352311,-71.58195073637));
#11097 = CARTESIAN_POINT('',(-5.810286412087,-72.22992904443));
#11098 = CARTESIAN_POINT('',(-5.819103414123,-73.0965321527));
#11099 = CARTESIAN_POINT('',(-5.822046249775,-73.36475612424));
#11100 = CARTESIAN_POINT('',(-5.825044031312,-73.61675846584));
#11101 = CARTESIAN_POINT('',(-5.828093929326,-73.85170822731));
#11102 = CARTESIAN_POINT('',(-5.83119246376,-74.06879841678));
#11103 = CARTESIAN_POINT('',(-5.836227630942,-74.38677034258));
#11104 = CARTESIAN_POINT('',(-5.838135952626,-74.49951839906));
#11105 = CARTESIAN_POINT('',(-5.840059454641,-74.60535638174));
#11106 = CARTESIAN_POINT('',(-5.841997132438,-74.70412866144));
#11107 = CARTESIAN_POINT('',(-5.843947894911,-74.79569087132));
#11108 = CARTESIAN_POINT('',(-5.850175614297,-75.06293456451));
#11109 = CARTESIAN_POINT('',(-5.854497200352,-75.211306586));
#11110 = CARTESIAN_POINT('',(-5.858862631183,-75.32365722015));
#11111 = CARTESIAN_POINT('',(-5.863258261884,-75.39901120923));
#11112 = CARTESIAN_POINT('',(-5.867669449629,-75.43682801884));
#11113 = CARTESIAN_POINT('',(-5.877602604663,-75.43747158824));
#11114 = CARTESIAN_POINT('',(-5.883125667158,-75.37900832628));
#11115 = CARTESIAN_POINT('',(-5.888618156201,-75.26169019273));
#11116 = CARTESIAN_POINT('',(-5.894051864401,-75.08686527258));
#11117 = CARTESIAN_POINT('',(-5.899401438827,-74.85685365741));
#11118 = CARTESIAN_POINT('',(-5.904644238318,-74.57482147594));
#11119 = ( GEOMETRIC_REPRESENTATION_CONTEXT(2) 
PARAMETRIC_REPRESENTATION_CONTEXT() REPRESENTATION_CONTEXT('2D SPACE',''
  ) );
#11120 = PCURVE('',#2101,#11121);
#11121 = DEFINITIONAL_REPRESENTATION('',(#11122),#11150);
#11122 = B_SPLINE_CURVE_WITH_KNOTS('',6,(#11123,#11124,#11125,#11126,
    #11127,#11128,#11129,#11130,#11131,#11132,#11133,#11134,#11135,
    #11136,#11137,#11138,#11139,#11140,#11141,#11142,#11143,#11144,
    #11145,#11146,#11147,#11148,#11149),.UNSPECIFIED.,.F.,.F.,(7,5,5,5,5
    ,7),(0.,0.311262064673,0.462691217253,0.553859384133,0.751976488582,
    1.),.UNSPECIFIED.);
#11123 = CARTESIAN_POINT('',(0.289392028358,-0.795602953485));
#11124 = CARTESIAN_POINT('',(0.299446859413,-0.757562297455));
#11125 = CARTESIAN_POINT('',(0.309995209281,-0.718934790772));
#11126 = CARTESIAN_POINT('',(0.32102392028,-0.679691240409));
#11127 = CARTESIAN_POINT('',(0.332535400778,-0.639825348365));
#11128 = CARTESIAN_POINT('',(0.344541496405,-0.599350966263));
#11129 = CARTESIAN_POINT('',(0.363151735796,-0.53835098636));
#11130 = CARTESIAN_POINT('',(0.369363698072,-0.518255004743));
#11131 = CARTESIAN_POINT('',(0.375698671585,-0.498033563393));
#11132 = CARTESIAN_POINT('',(0.382158711793,-0.477695290341));
#11133 = CARTESIAN_POINT('',(0.388745916174,-0.45725141388));
#11134 = CARTESIAN_POINT('',(0.399505752231,-0.42435300497));
#11135 = CARTESIAN_POINT('',(0.403596100181,-0.411956646259));
#11136 = CARTESIAN_POINT('',(0.407733654785,-0.399530305653));
#11137 = CARTESIAN_POINT('',(0.411918833991,-0.387077425249));
#11138 = CARTESIAN_POINT('',(0.416152035564,-0.374601796489));
#11139 = CARTESIAN_POINT('',(0.429737873172,-0.334956551553));
#11140 = CARTESIAN_POINT('',(0.439271275422,-0.307715768556));
#11141 = CARTESIAN_POINT('',(0.449036239003,-0.280431799531));
#11142 = CARTESIAN_POINT('',(0.459036280593,-0.253152904868));
#11143 = CARTESIAN_POINT('',(0.469275119159,-0.225931252926));
#11144 = CARTESIAN_POINT('',(0.49287205621,-0.16489244303));
#11145 = CARTESIAN_POINT('',(0.506369041336,-0.131133849473));
#11146 = CARTESIAN_POINT('',(0.520245627376,-9.766956936103E-02));
#11147 = CARTESIAN_POINT('',(0.534509927,-6.459907499079E-02));
#11148 = CARTESIAN_POINT('',(0.54917254408,-3.201359764165E-02));
#11149 = CARTESIAN_POINT('',(0.564240697817,0.));
#11150 = ( GEOMETRIC_REPRESENTATION_CONTEXT(2) 
PARAMETRIC_REPRESENTATION_CONTEXT() REPRESENTATION_CONTEXT('2D SPACE',''
  ) );
#11151 = ORIENTED_EDGE('',*,*,#2113,.T.);
#11152 = ORIENTED_EDGE('',*,*,#11153,.F.);
#11153 = EDGE_CURVE('',#11154,#2114,#11156,.T.);
#11154 = VERTEX_POINT('',#11155);
#11155 = CARTESIAN_POINT('',(1.625425178524E+03,1.083717102732E+03,155.)
  );
#11156 = SURFACE_CURVE('',#11157,(#11180,#11206),.PCURVE_S1.);
#11157 = B_SPLINE_CURVE_WITH_KNOTS('',6,(#11158,#11159,#11160,#11161,
    #11162,#11163,#11164,#11165,#11166,#11167,#11168,#11169,#11170,
    #11171,#11172,#11173,#11174,#11175,#11176,#11177,#11178,#11179),
  .UNSPECIFIED.,.F.,.F.,(7,5,5,5,7),(0.,0.247601941757,0.460363600497,
    0.688983749098,1.),.UNSPECIFIED.);
#11158 = CARTESIAN_POINT('',(1.625425178524E+03,1.083717102732E+03,155.)
  );
#11159 = CARTESIAN_POINT('',(1.625143623928E+03,1.083272219405E+03,
    153.88142146409));
#11160 = CARTESIAN_POINT('',(1.624913914144E+03,1.082811265879E+03,
    152.74289580667));
#11161 = CARTESIAN_POINT('',(1.624739198675E+03,1.082335642764E+03,
    151.58950400611));
#11162 = CARTESIAN_POINT('',(1.624621787434E+03,1.081847167895E+03,
    150.42684192889));
#11163 = CARTESIAN_POINT('',(1.624563025232E+03,1.081348158865E+03,
    149.26101484929));
#11164 = CARTESIAN_POINT('',(1.624562764663E+03,1.080406180645E+03,
    147.09991268602));
#11165 = CARTESIAN_POINT('',(1.624605929349E+03,1.079965119404E+03,
    146.10352283921));
#11166 = CARTESIAN_POINT('',(1.624692392959E+03,1.07952015893E+03,
    145.11369285142));
#11167 = CARTESIAN_POINT('',(1.624821435904E+03,1.079073131139E+03,
    144.13420162371));
#11168 = CARTESIAN_POINT('',(1.624991774362E+03,1.07862587057E+03,
    143.16847029539));
#11169 = CARTESIAN_POINT('',(1.625427099661E+03,1.077701284955E+03,
    141.19997376795));
#11170 = CARTESIAN_POINT('',(1.625698222226E+03,1.077224146458E+03,
    140.19969130748));
#11171 = CARTESIAN_POINT('',(1.626012815188E+03,1.076750945858E+03,
    139.22242001635));
#11172 = CARTESIAN_POINT('',(1.626368200306E+03,1.07628358621E+03,
    138.27090260869));
#11173 = CARTESIAN_POINT('',(1.626761519942E+03,1.07582370553E+03,
    137.34715830792));
#11174 = CARTESIAN_POINT('',(1.627772677098E+03,1.074759090528E+03,
    135.23563423382));
#11175 = CARTESIAN_POINT('',(1.628420320476E+03,1.074161910047E+03,
    134.07273165528));
#11176 = CARTESIAN_POINT('',(1.629125781012E+03,1.073584384408E+03,
    132.9670399612));
#11177 = CARTESIAN_POINT('',(1.629882128707E+03,1.073028908413E+03,
    131.91979967245));
#11178 = CARTESIAN_POINT('',(1.630683150404E+03,1.072497132451E+03,
    130.93105257981));
#11179 = CARTESIAN_POINT('',(1.631523660438E+03,1.071990098767E+03,130.)
  );
#11180 = PCURVE('',#1861,#11181);
#11181 = DEFINITIONAL_REPRESENTATION('',(#11182),#11205);
#11182 = B_SPLINE_CURVE_WITH_KNOTS('',6,(#11183,#11184,#11185,#11186,
    #11187,#11188,#11189,#11190,#11191,#11192,#11193,#11194,#11195,
    #11196,#11197,#11198,#11199,#11200,#11201,#11202,#11203,#11204),
  .UNSPECIFIED.,.F.,.F.,(7,5,5,5,7),(0.,0.247601941757,0.460363600497,
    0.688983749098,1.),.UNSPECIFIED.);
#11183 = CARTESIAN_POINT('',(-5.904644238318,-1.625425178524E+03));
#11184 = CARTESIAN_POINT('',(-5.899410316832,-1.625143623928E+03));
#11185 = CARTESIAN_POINT('',(-5.894069986862,-1.624913914144E+03));
#11186 = CARTESIAN_POINT('',(-5.888645768195,-1.624739198675E+03));
#11187 = CARTESIAN_POINT('',(-5.883162878288,-1.624621787434E+03));
#11188 = CARTESIAN_POINT('',(-5.877649374597,-1.624563025232E+03));
#11189 = CARTESIAN_POINT('',(-5.86739948592,-1.624562764663E+03));
#11190 = CARTESIAN_POINT('',(-5.862661972454,-1.624605929349E+03));
#11191 = CARTESIAN_POINT('',(-5.85794363907,-1.624692392959E+03));
#11192 = CARTESIAN_POINT('',(-5.853262538024,-1.624821435904E+03));
#11193 = CARTESIAN_POINT('',(-5.848635327186,-1.624991774362E+03));
#11194 = CARTESIAN_POINT('',(-5.839179592947,-1.625427099661E+03));
#11195 = CARTESIAN_POINT('',(-5.834361184833,-1.625698222226E+03));
#11196 = CARTESIAN_POINT('',(-5.829640401015,-1.626012815188E+03));
#11197 = CARTESIAN_POINT('',(-5.825031375924,-1.626368200306E+03));
#11198 = CARTESIAN_POINT('',(-5.820544962194,-1.626761519942E+03));
#11199 = CARTESIAN_POINT('',(-5.810263535646,-1.627772677098E+03));
#11200 = CARTESIAN_POINT('',(-5.804579889256,-1.628420320476E+03));
#11201 = CARTESIAN_POINT('',(-5.799156449084,-1.629125781012E+03));
#11202 = CARTESIAN_POINT('',(-5.794002500374,-1.629882128707E+03));
#11203 = CARTESIAN_POINT('',(-5.789121357239,-1.630683150404E+03));
#11204 = CARTESIAN_POINT('',(-5.784511960118,-1.631523660438E+03));
#11205 = ( GEOMETRIC_REPRESENTATION_CONTEXT(2) 
PARAMETRIC_REPRESENTATION_CONTEXT() REPRESENTATION_CONTEXT('2D SPACE',''
  ) );
#11206 = PCURVE('',#2153,#11207);
#11207 = DEFINITIONAL_REPRESENTATION('',(#11208),#11231);
#11208 = B_SPLINE_CURVE_WITH_KNOTS('',6,(#11209,#11210,#11211,#11212,
    #11213,#11214,#11215,#11216,#11217,#11218,#11219,#11220,#11221,
    #11222,#11223,#11224,#11225,#11226,#11227,#11228,#11229,#11230),
  .UNSPECIFIED.,.F.,.F.,(7,5,5,5,7),(0.,0.247601941757,0.460363600497,
    0.688983749098,1.),.UNSPECIFIED.);
#11209 = CARTESIAN_POINT('',(-0.564240697817,-3.219646771413E-15));
#11210 = CARTESIAN_POINT('',(-0.549198060056,-3.195938674002E-02));
#11211 = CARTESIAN_POINT('',(-0.534559601402,-6.44886866831E-02));
#11212 = CARTESIAN_POINT('',(-0.520318118013,-9.750151776681E-02));
#11213 = CARTESIAN_POINT('',(-0.506463062685,-0.130907132409));
#11214 = CARTESIAN_POINT('',(-0.492986363633,-0.164606574533));
#11215 = CARTESIAN_POINT('',(-0.468631079283,-0.227588867373));
#11216 = CARTESIAN_POINT('',(-0.457651505344,-0.256831744417));
#11217 = CARTESIAN_POINT('',(-0.446947389795,-0.286135889469));
#11218 = CARTESIAN_POINT('',(-0.436513887742,-0.315437212613));
#11219 = CARTESIAN_POINT('',(-0.426346532443,-0.344677015587));
#11220 = CARTESIAN_POINT('',(-0.405799966635,-0.405091590099));
#11221 = CARTESIAN_POINT('',(-0.395460184475,-0.436251888046));
#11222 = CARTESIAN_POINT('',(-0.38541783892,-0.467214722914));
#11223 = CARTESIAN_POINT('',(-0.375664931112,-0.497933703626));
#11224 = CARTESIAN_POINT('',(-0.366194437545,-0.528374426981));
#11225 = CARTESIAN_POINT('',(-0.344493217923,-0.599513726698));
#11226 = CARTESIAN_POINT('',(-0.332498368804,-0.639953600171));
#11227 = CARTESIAN_POINT('',(-0.320997311209,-0.679785925318));
#11228 = CARTESIAN_POINT('',(-0.309978243114,-0.718996921057));
#11229 = CARTESIAN_POINT('',(-0.299438772966,-0.757592891081));
#11230 = CARTESIAN_POINT('',(-0.289392028358,-0.795602953485));
#11231 = ( GEOMETRIC_REPRESENTATION_CONTEXT(2) 
PARAMETRIC_REPRESENTATION_CONTEXT() REPRESENTATION_CONTEXT('2D SPACE',''
  ) );
#11232 = ORIENTED_EDGE('',*,*,#11233,.T.);
#11233 = EDGE_CURVE('',#11154,#11234,#11236,.T.);
#11234 = VERTEX_POINT('',#11235);
#11235 = CARTESIAN_POINT('',(1.655E+03,1.1E+03,240.));
#11236 = SURFACE_CURVE('',#11237,(#11252,#11270),.PCURVE_S1.);
#11237 = B_SPLINE_CURVE_WITH_KNOTS('',7,(#11238,#11239,#11240,#11241,
    #11242,#11243,#11244,#11245,#11246,#11247,#11248,#11249,#11250,
    #11251),.UNSPECIFIED.,.F.,.F.,(8,6,8),(0.,0.512771280638,1.),
  .UNSPECIFIED.);
#11238 = CARTESIAN_POINT('',(1.625425178373E+03,1.083717102493E+03,
    154.9999994));
#11239 = CARTESIAN_POINT('',(1.626993832123E+03,1.086195726248E+03,
    161.23204979189));
#11240 = CARTESIAN_POINT('',(1.628749404856E+03,1.088433384535E+03,
    167.47563664816));
#11241 = CARTESIAN_POINT('',(1.630651940235E+03,1.090435160566E+03,
    173.71758066986));
#11242 = CARTESIAN_POINT('',(1.632671421757E+03,1.092209317287E+03,
    179.95128868013));
#11243 = CARTESIAN_POINT('',(1.634785196907E+03,1.093764623975E+03,
    186.17616175469));
#11244 = CARTESIAN_POINT('',(1.636976576121E+03,1.095108912027E+03,
    192.39698001717));
#11245 = CARTESIAN_POINT('',(1.641377964024E+03,1.097329703646E+03,
    204.54040219618));
#11246 = CARTESIAN_POINT('',(1.643579241169E+03,1.098224979227E+03,
    210.45589600952));
#11247 = CARTESIAN_POINT('',(1.645823010702E+03,1.09893707106E+03,
    216.36861294768));
#11248 = CARTESIAN_POINT('',(1.648097194922E+03,1.099468999643E+03,
    222.27819082684));
#11249 = CARTESIAN_POINT('',(1.650391177109E+03,1.099822937948E+03,
    228.18537584002));
#11250 = CARTESIAN_POINT('',(1.652695251945E+03,1.099999999987E+03,
    234.09182494306));
#11251 = CARTESIAN_POINT('',(1.655E+03,1.1E+03,240.));
#11252 = PCURVE('',#1861,#11253);
#11253 = DEFINITIONAL_REPRESENTATION('',(#11254),#11269);
#11254 = B_SPLINE_CURVE_WITH_KNOTS('',7,(#11255,#11256,#11257,#11258,
    #11259,#11260,#11261,#11262,#11263,#11264,#11265,#11266,#11267,
    #11268),.UNSPECIFIED.,.F.,.F.,(8,6,8),(0.,0.512771280638,1.),
  .UNSPECIFIED.);
#11255 = CARTESIAN_POINT('',(-5.904644235511,-1.625425178373E+03));
#11256 = CARTESIAN_POINT('',(-5.933804514773,-1.626993832123E+03));
#11257 = CARTESIAN_POINT('',(-5.962624215673,-1.628749404856E+03));
#11258 = CARTESIAN_POINT('',(-5.991098770768,-1.630651940235E+03));
#11259 = CARTESIAN_POINT('',(-6.019251025726,-1.632671421757E+03));
#11260 = CARTESIAN_POINT('',(-6.047124685398,-1.634785196907E+03));
#11261 = CARTESIAN_POINT('',(-6.07478191171,-1.636976576121E+03));
#11262 = CARTESIAN_POINT('',(-6.128455048626,-1.641377964024E+03));
#11263 = CARTESIAN_POINT('',(-6.154455234055,-1.643579241169E+03));
#11264 = CARTESIAN_POINT('',(-6.180329475734,-1.645823010702E+03));
#11265 = CARTESIAN_POINT('',(-6.206106278133,-1.648097194922E+03));
#11266 = CARTESIAN_POINT('',(-6.231817375839,-1.650391177109E+03));
#11267 = CARTESIAN_POINT('',(-6.257497589579,-1.652695251945E+03));
#11268 = CARTESIAN_POINT('',(-6.28318530718,-1.655E+03));
#11269 = ( GEOMETRIC_REPRESENTATION_CONTEXT(2) 
PARAMETRIC_REPRESENTATION_CONTEXT() REPRESENTATION_CONTEXT('2D SPACE',''
  ) );
#11270 = PCURVE('',#11271,#11276);
#11271 = CYLINDRICAL_SURFACE('',#11272,35.);
#11272 = AXIS2_PLACEMENT_3D('',#11273,#11274,#11275);
#11273 = CARTESIAN_POINT('',(1.655E+03,1.065E+03,120.));
#11274 = DIRECTION('',(0.,0.,1.));
#11275 = DIRECTION('',(-1.,-0.,0.));
#11276 = DEFINITIONAL_REPRESENTATION('',(#11277),#11292);
#11277 = B_SPLINE_CURVE_WITH_KNOTS('',7,(#11278,#11279,#11280,#11281,
    #11282,#11283,#11284,#11285,#11286,#11287,#11288,#11289,#11290,
    #11291),.UNSPECIFIED.,.F.,.F.,(8,6,8),(0.,0.512771280638,1.),
  .UNSPECIFIED.);
#11278 = CARTESIAN_POINT('',(-0.564240689748,34.9999994));
#11279 = CARTESIAN_POINT('',(-0.648049268075,41.232049791893));
#11280 = CARTESIAN_POINT('',(-0.728896309213,47.475636648163));
#11281 = CARTESIAN_POINT('',(-0.807255217218,53.717580669862));
#11282 = CARTESIAN_POINT('',(-0.883523746623,59.951288680136));
#11283 = CARTESIAN_POINT('',(-0.958075909239,66.176161754697));
#11284 = CARTESIAN_POINT('',(-1.03127606991,72.396980017176));
#11285 = CARTESIAN_POINT('',(-1.172130984105,84.540402196186));
#11286 = CARTESIAN_POINT('',(-1.239804586915,90.45589600952));
#11287 = CARTESIAN_POINT('',(-1.306732341646,96.368612947696));
#11288 = CARTESIAN_POINT('',(-1.373106936456,102.27819082683));
#11289 = CARTESIAN_POINT('',(-1.439115675737,108.18537584003));
#11290 = CARTESIAN_POINT('',(-1.50494638176,114.09182494305));
#11291 = CARTESIAN_POINT('',(-1.570796326795,120.));
#11292 = ( GEOMETRIC_REPRESENTATION_CONTEXT(2) 
PARAMETRIC_REPRESENTATION_CONTEXT() REPRESENTATION_CONTEXT('2D SPACE',''
  ) );
#11293 = ORIENTED_EDGE('',*,*,#11294,.F.);
#11294 = EDGE_CURVE('',#11295,#11234,#11297,.T.);
#11295 = VERTEX_POINT('',#11296);
#11296 = CARTESIAN_POINT('',(1.645328689419E+03,1.098637267303E+03,265.)
  );
#11297 = SURFACE_CURVE('',#11298,(#11305,#11315),.PCURVE_S1.);
#11298 = B_SPLINE_CURVE_WITH_KNOTS('',5,(#11299,#11300,#11301,#11302,
    #11303,#11304),.UNSPECIFIED.,.F.,.F.,(6,6),(0.,1.),
  .PIECEWISE_BEZIER_KNOTS.);
#11299 = CARTESIAN_POINT('',(1.645328689191E+03,1.098637267238E+03,
    265.0000006));
#11300 = CARTESIAN_POINT('',(1.647231011551E+03,1.09918421865E+03,
    259.99786167555));
#11301 = CARTESIAN_POINT('',(1.649157746482E+03,1.099592592205E+03,
    254.9970572507));
#11302 = CARTESIAN_POINT('',(1.651099976845E+03,1.099864187215E+03,
    249.99762967351));
#11303 = CARTESIAN_POINT('',(1.653049934539E+03,1.100000000022E+03,
    244.9989536189));
#11304 = CARTESIAN_POINT('',(1.655E+03,1.1E+03,240.));
#11305 = PCURVE('',#1861,#11306);
#11306 = DEFINITIONAL_REPRESENTATION('',(#11307),#11314);
#11307 = B_SPLINE_CURVE_WITH_KNOTS('',5,(#11308,#11309,#11310,#11311,
    #11312,#11313),.UNSPECIFIED.,.F.,.F.,(6,6),(0.,1.),
  .PIECEWISE_BEZIER_KNOTS.);
#11308 = CARTESIAN_POINT('',(-6.392096143225,-1.645328689191E+03));
#11309 = CARTESIAN_POINT('',(-6.370218087276,-1.647231011551E+03));
#11310 = CARTESIAN_POINT('',(-6.348411290249,-1.649157746482E+03));
#11311 = CARTESIAN_POINT('',(-6.326653263876,-1.651099976845E+03));
#11312 = CARTESIAN_POINT('',(-6.304919887736,-1.653049934539E+03));
#11313 = CARTESIAN_POINT('',(-6.28318530718,-1.655E+03));
#11314 = ( GEOMETRIC_REPRESENTATION_CONTEXT(2) 
PARAMETRIC_REPRESENTATION_CONTEXT() REPRESENTATION_CONTEXT('2D SPACE',''
  ) );
#11315 = PCURVE('',#11316,#11321);
#11316 = CYLINDRICAL_SURFACE('',#11317,35.);
#11317 = AXIS2_PLACEMENT_3D('',#11318,#11319,#11320);
#11318 = CARTESIAN_POINT('',(1.655E+03,1.065E+03,120.));
#11319 = DIRECTION('',(0.,0.,1.));
#11320 = DIRECTION('',(-1.,-0.,0.));
#11321 = DEFINITIONAL_REPRESENTATION('',(#11322),#11329);
#11322 = B_SPLINE_CURVE_WITH_KNOTS('',5,(#11323,#11324,#11325,#11326,
    #11327,#11328),.UNSPECIFIED.,.F.,.F.,(6,6),(0.,1.),
  .PIECEWISE_BEZIER_KNOTS.);
#11323 = CARTESIAN_POINT('',(-1.2908301255,145.0000006));
#11324 = CARTESIAN_POINT('',(-1.347384135873,139.99786167555));
#11325 = CARTESIAN_POINT('',(-1.40351444052,134.9970572507));
#11326 = CARTESIAN_POINT('',(-1.459367111347,129.99762967351));
#11327 = CARTESIAN_POINT('',(-1.515080165624,124.9989536189));
#11328 = CARTESIAN_POINT('',(-1.570796326795,120.));
#11329 = ( GEOMETRIC_REPRESENTATION_CONTEXT(2) 
PARAMETRIC_REPRESENTATION_CONTEXT() REPRESENTATION_CONTEXT('2D SPACE',''
  ) );
#11330 = ORIENTED_EDGE('',*,*,#11331,.F.);
#11331 = EDGE_CURVE('',#11332,#11295,#11334,.T.);
#11332 = VERTEX_POINT('',#11333);
#11333 = CARTESIAN_POINT('',(1.655E+03,1.096420653651E+03,
    280.41890152187));
#11334 = SURFACE_CURVE('',#11335,(#11373,#11414),.PCURVE_S1.);
#11335 = B_SPLINE_CURVE_WITH_KNOTS('',8,(#11336,#11337,#11338,#11339,
    #11340,#11341,#11342,#11343,#11344,#11345,#11346,#11347,#11348,
    #11349,#11350,#11351,#11352,#11353,#11354,#11355,#11356,#11357,
    #11358,#11359,#11360,#11361,#11362,#11363,#11364,#11365,#11366,
    #11367,#11368,#11369,#11370,#11371,#11372),.UNSPECIFIED.,.F.,.F.,(9,
    7,7,7,7,9),(0.,0.387058219399,0.527748557811,0.639401367721,
    0.819262056325,1.),.UNSPECIFIED.);
#11336 = CARTESIAN_POINT('',(1.655E+03,1.096420653651E+03,
    280.41890152187));
#11337 = CARTESIAN_POINT('',(1.654141647963E+03,1.096420653651E+03,
    280.41890152187));
#11338 = CARTESIAN_POINT('',(1.653285065063E+03,1.096435975971E+03,
    280.33306779929));
#11339 = CARTESIAN_POINT('',(1.652433493531E+03,1.096466510437E+03,
    280.16201969249));
#11340 = CARTESIAN_POINT('',(1.651591721631E+03,1.09651230015E+03,
    279.90445684607));
#11341 = CARTESIAN_POINT('',(1.650765701143E+03,1.096573295879E+03,
    279.55859421117));
#11342 = CARTESIAN_POINT('',(1.649962656173E+03,1.096649305107E+03,
    279.12217712759));
#11343 = CARTESIAN_POINT('',(1.649190929564E+03,1.096739907225E+03,
    278.59295968529));
#11344 = CARTESIAN_POINT('',(1.648195026772E+03,1.096882626998E+03,
    277.74025289283));
#11345 = CARTESIAN_POINT('',(1.647935097194E+03,1.096922517975E+03,
    277.50031699652));
#11346 = CARTESIAN_POINT('',(1.647681246939E+03,1.096964219363E+03,
    277.24765707309));
#11347 = CARTESIAN_POINT('',(1.647434057173E+03,1.097007687641E+03,
    276.98219448703));
#11348 = CARTESIAN_POINT('',(1.647194168934E+03,1.097052868169E+03,
    276.70389030206));
#11349 = CARTESIAN_POINT('',(1.646962277087E+03,1.097099694099E+03,
    276.41275585452));
#11350 = CARTESIAN_POINT('',(1.646739124256E+03,1.097148085293E+03,
    276.10886332671));
#11351 = CARTESIAN_POINT('',(1.646355956973E+03,1.097237518017E+03,
    275.54117420618));
#11352 = CARTESIAN_POINT('',(1.646192424812E+03,1.097278013316E+03,
    275.28205900465));
#11353 = CARTESIAN_POINT('',(1.646035296585E+03,1.097319384195E+03,
    275.01509453634));
#11354 = CARTESIAN_POINT('',(1.645884993815E+03,1.097361573876E+03,
    274.74040866096));
#11355 = CARTESIAN_POINT('',(1.645741955906E+03,1.097404517398E+03,
    274.45817889465));
#11356 = CARTESIAN_POINT('',(1.645606633345E+03,1.097448141329E+03,
    274.16863943044));
#11357 = CARTESIAN_POINT('',(1.645479479423E+03,1.097492363545E+03,
    273.87208956169));
#11358 = CARTESIAN_POINT('',(1.645169987029E+03,1.097609147501E+03,
    273.08050332981));
#11359 = CARTESIAN_POINT('',(1.645001275515E+03,1.097682561293E+03,
    272.574591498));
#11360 = CARTESIAN_POINT('',(1.644856861294E+03,1.097756902377E+03,
    272.05306577728));
#11361 = CARTESIAN_POINT('',(1.644738577686E+03,1.097831705113E+03,
    271.5181828193));
#11362 = CARTESIAN_POINT('',(1.644647971969E+03,1.097906479265E+03,
    270.97257819815));
#11363 = CARTESIAN_POINT('',(1.644586232697E+03,1.097980720002E+03,
    270.41929114301));
#11364 = CARTESIAN_POINT('',(1.644554062429E+03,1.098053916076E+03,
    269.86180670725));
#11365 = CARTESIAN_POINT('',(1.644548824673E+03,1.09819753996E+03,
    268.74372948958));
#11366 = CARTESIAN_POINT('',(1.644576044292E+03,1.098268005441E+03,
    268.18272288475));
#11367 = CARTESIAN_POINT('',(1.644633172827E+03,1.098336422527E+03,
    267.62518105338));
#11368 = CARTESIAN_POINT('',(1.644719538258E+03,1.09840239334E+03,
    267.07467625632));
#11369 = CARTESIAN_POINT('',(1.644833965329E+03,1.098465628065E+03,
    266.53434785234));
#11370 = CARTESIAN_POINT('',(1.644974905088E+03,1.098525926465E+03,
    266.00693975922));
#11371 = CARTESIAN_POINT('',(1.645140508231E+03,1.098583161876E+03,
    265.49482068118));
#11372 = CARTESIAN_POINT('',(1.645328689419E+03,1.098637267303E+03,265.)
  );
#11373 = PCURVE('',#1861,#11374);
#11374 = DEFINITIONAL_REPRESENTATION('',(#11375),#11413);
#11375 = B_SPLINE_CURVE_WITH_KNOTS('',8,(#11376,#11377,#11378,#11379,
    #11380,#11381,#11382,#11383,#11384,#11385,#11386,#11387,#11388,
    #11389,#11390,#11391,#11392,#11393,#11394,#11395,#11396,#11397,
    #11398,#11399,#11400,#11401,#11402,#11403,#11404,#11405,#11406,
    #11407,#11408,#11409,#11410,#11411,#11412),.UNSPECIFIED.,.F.,.F.,(9,
    7,7,7,7,9),(0.,0.387058219399,0.527748557811,0.639401367721,
    0.819262056325,1.),.UNSPECIFIED.);
#11376 = CARTESIAN_POINT('',(-6.459836989157,-1.655E+03));
#11377 = CARTESIAN_POINT('',(-6.459836989157,-1.654141647963E+03));
#11378 = CARTESIAN_POINT('',(-6.459457899566,-1.653285065063E+03));
#11379 = CARTESIAN_POINT('',(-6.458702455484,-1.652433493531E+03));
#11380 = CARTESIAN_POINT('',(-6.457565058107,-1.651591721631E+03));
#11381 = CARTESIAN_POINT('',(-6.456038104968,-1.650765701143E+03));
#11382 = CARTESIAN_POINT('',(-6.454112085612,-1.649962656173E+03));
#11383 = CARTESIAN_POINT('',(-6.451777680111,-1.649190929564E+03));
#11384 = CARTESIAN_POINT('',(-6.448018688854,-1.648195026772E+03));
#11385 = CARTESIAN_POINT('',(-6.446961170494,-1.647935097194E+03));
#11386 = CARTESIAN_POINT('',(-6.445847788343,-1.647681246939E+03));
#11387 = CARTESIAN_POINT('',(-6.444678234191,-1.647434057173E+03));
#11388 = CARTESIAN_POINT('',(-6.443452377137,-1.647194168934E+03));
#11389 = CARTESIAN_POINT('',(-6.442170309514,-1.646962277087E+03));
#11390 = CARTESIAN_POINT('',(-6.440832392815,-1.646739124256E+03));
#11391 = CARTESIAN_POINT('',(-6.438333738547,-1.646355956973E+03));
#11392 = CARTESIAN_POINT('',(-6.437193476467,-1.646192424812E+03));
#11393 = CARTESIAN_POINT('',(-6.436018908424,-1.646035296585E+03));
#11394 = CARTESIAN_POINT('',(-6.434810619378,-1.645884993815E+03));
#11395 = CARTESIAN_POINT('',(-6.433569412481,-1.645741955906E+03));
#11396 = CARTESIAN_POINT('',(-6.432296339392,-1.645606633345E+03));
#11397 = CARTESIAN_POINT('',(-6.430992736626,-1.645479479423E+03));
#11398 = CARTESIAN_POINT('',(-6.427513803933,-1.645169987029E+03));
#11399 = CARTESIAN_POINT('',(-6.425291155011,-1.645001275515E+03));
#11400 = CARTESIAN_POINT('',(-6.423000743051,-1.644856861294E+03));
#11401 = CARTESIAN_POINT('',(-6.420652550466,-1.644738577686E+03));
#11402 = CARTESIAN_POINT('',(-6.418258201103,-1.644647971969E+03));
#11403 = CARTESIAN_POINT('',(-6.415831062107,-1.644586232697E+03));
#11404 = CARTESIAN_POINT('',(-6.413386423306,-1.644554062429E+03));
#11405 = CARTESIAN_POINT('',(-6.408485274787,-1.644548824673E+03));
#11406 = CARTESIAN_POINT('',(-6.406026959631,-1.644576044292E+03));
#11407 = CARTESIAN_POINT('',(-6.403584698075,-1.644633172827E+03));
#11408 = CARTESIAN_POINT('',(-6.401174092751,-1.644719538258E+03));
#11409 = CARTESIAN_POINT('',(-6.398808822991,-1.644833965329E+03));
#11410 = CARTESIAN_POINT('',(-6.396500818781,-1.644974905088E+03));
#11411 = CARTESIAN_POINT('',(-6.39426035769,-1.645140508231E+03));
#11412 = CARTESIAN_POINT('',(-6.3920961406,-1.645328689419E+03));
#11413 = ( GEOMETRIC_REPRESENTATION_CONTEXT(2) 
PARAMETRIC_REPRESENTATION_CONTEXT() REPRESENTATION_CONTEXT('2D SPACE',''
  ) );
#11414 = PCURVE('',#11415,#11420);
#11415 = SPHERICAL_SURFACE('',#11416,35.);
#11416 = AXIS2_PLACEMENT_3D('',#11417,#11418,#11419);
#11417 = CARTESIAN_POINT('',(1.655E+03,1.065E+03,265.));
#11418 = DIRECTION('',(-0.,-1.,-0.));
#11419 = DIRECTION('',(-1.,0.,2.030122102172E-16));
#11420 = DEFINITIONAL_REPRESENTATION('',(#11421),#11459);
#11421 = B_SPLINE_CURVE_WITH_KNOTS('',8,(#11422,#11423,#11424,#11425,
    #11426,#11427,#11428,#11429,#11430,#11431,#11432,#11433,#11434,
    #11435,#11436,#11437,#11438,#11439,#11440,#11441,#11442,#11443,
    #11444,#11445,#11446,#11447,#11448,#11449,#11450,#11451,#11452,
    #11453,#11454,#11455,#11456,#11457,#11458),.UNSPECIFIED.,.F.,.F.,(9,
    7,7,7,7,9),(0.,0.387058219399,0.527748557811,0.639401367721,
    0.819262056325,1.),.UNSPECIFIED.);
#11422 = CARTESIAN_POINT('',(-1.570796326795,-1.114596178517));
#11423 = CARTESIAN_POINT('',(-1.515127507856,-1.114596178517));
#11424 = CARTESIAN_POINT('',(-1.45957318889,-1.115589918722));
#11425 = CARTESIAN_POINT('',(-1.403631322989,-1.117570230311));
#11426 = CARTESIAN_POINT('',(-1.346906412303,-1.120551239024));
#11427 = CARTESIAN_POINT('',(-1.28901704675,-1.124551799943));
#11428 = CARTESIAN_POINT('',(-1.229545523447,-1.129595140095));
#11429 = CARTESIAN_POINT('',(-1.168014071607,-1.13570342165));
#11430 = CARTESIAN_POINT('',(-1.080348316873,-1.145530455561));
#11431 = CARTESIAN_POINT('',(-1.05662191074,-1.148294370901));
#11432 = CARTESIAN_POINT('',(-1.032510062361,-1.151203468489));
#11433 = CARTESIAN_POINT('',(-1.007983388554,-1.154258409769));
#11434 = CARTESIAN_POINT('',(-0.983012270073,-1.157459384378));
#11435 = CARTESIAN_POINT('',(-0.957566506147,-1.160805992747));
#11436 = CARTESIAN_POINT('',(-0.931614969011,-1.164297128706));
#11437 = CARTESIAN_POINT('',(-0.884102843876,-1.170814617615));
#11438 = CARTESIAN_POINT('',(-0.862742470553,-1.173788049073));
#11439 = CARTESIAN_POINT('',(-0.841028920305,-1.176850054282));
#11440 = CARTESIAN_POINT('',(-0.818947775054,-1.179999025211));
#11441 = CARTESIAN_POINT('',(-0.796485369516,-1.183232786325));
#11442 = CARTESIAN_POINT('',(-0.773629008129,-1.186548517708));
#11443 = CARTESIAN_POINT('',(-0.750367446208,-1.18994266296));
#11444 = CARTESIAN_POINT('',(-0.688552446043,-1.198997653459));
#11445 = CARTESIAN_POINT('',(-0.649315563969,-1.204779876461));
#11446 = CARTESIAN_POINT('',(-0.608969906076,-1.210735272518));
#11447 = CARTESIAN_POINT('',(-0.567505746476,-1.216837625543));
#11448 = CARTESIAN_POINT('',(-0.524921134196,-1.223056537343));
#11449 = CARTESIAN_POINT('',(-0.481228897079,-1.229357187044));
#11450 = CARTESIAN_POINT('',(-0.436471749411,-1.235699885038));
#11451 = CARTESIAN_POINT('',(-0.34481130318,-1.248409579197));
#11452 = CARTESIAN_POINT('',(-0.297864856279,-1.254781225543));
#11453 = CARTESIAN_POINT('',(-0.250017006293,-1.261108049481));
#11454 = CARTESIAN_POINT('',(-0.201347833034,-1.267349805802));
#11455 = CARTESIAN_POINT('',(-0.151930417606,-1.273471329881));
#11456 = CARTESIAN_POINT('',(-0.101840678241,-1.279442050205));
#11457 = CARTESIAN_POINT('',(-5.116376700294E-02,-1.28523570671));
#11458 = CARTESIAN_POINT('',(0.,-1.290830132283));
#11459 = ( GEOMETRIC_REPRESENTATION_CONTEXT(2) 
PARAMETRIC_REPRESENTATION_CONTEXT() REPRESENTATION_CONTEXT('2D SPACE',''
  ) );
#11460 = ORIENTED_EDGE('',*,*,#11461,.F.);
#11461 = EDGE_CURVE('',#11462,#11332,#11464,.T.);
#11462 = VERTEX_POINT('',#11463);
#11463 = CARTESIAN_POINT('',(1.745E+03,1.096420653651E+03,
    280.41890152187));
#11464 = SURFACE_CURVE('',#11465,(#11469,#11475),.PCURVE_S1.);
#11465 = LINE('',#11466,#11467);
#11466 = CARTESIAN_POINT('',(0.,1.096420653651E+03,280.41890152187));
#11467 = VECTOR('',#11468,1.);
#11468 = DIRECTION('',(-1.,-0.,-0.));
#11469 = PCURVE('',#1861,#11470);
#11470 = DEFINITIONAL_REPRESENTATION('',(#11471),#11474);
#11471 = B_SPLINE_CURVE_WITH_KNOTS('',1,(#11472,#11473),.UNSPECIFIED.,
  .F.,.F.,(2,2),(-1.7450000006E+03,-1.6549999994E+03),
  .PIECEWISE_BEZIER_KNOTS.);
#11472 = CARTESIAN_POINT('',(-6.459836989157,-1.7450000006E+03));
#11473 = CARTESIAN_POINT('',(-6.459836989157,-1.6549999994E+03));
#11474 = ( GEOMETRIC_REPRESENTATION_CONTEXT(2) 
PARAMETRIC_REPRESENTATION_CONTEXT() REPRESENTATION_CONTEXT('2D SPACE',''
  ) );
#11475 = PCURVE('',#11476,#11481);
#11476 = CYLINDRICAL_SURFACE('',#11477,35.);
#11477 = AXIS2_PLACEMENT_3D('',#11478,#11479,#11480);
#11478 = CARTESIAN_POINT('',(1.62E+03,1.065E+03,265.));
#11479 = DIRECTION('',(1.,0.,0.));
#11480 = DIRECTION('',(-0.,1.,0.));
#11481 = DEFINITIONAL_REPRESENTATION('',(#11482),#11485);
#11482 = B_SPLINE_CURVE_WITH_KNOTS('',1,(#11483,#11484),.UNSPECIFIED.,
  .F.,.F.,(2,2),(-1.7450000006E+03,-1.6549999994E+03),
  .PIECEWISE_BEZIER_KNOTS.);
#11483 = CARTESIAN_POINT('',(0.456200148278,125.0000006));
#11484 = CARTESIAN_POINT('',(0.456200148278,34.9999994));
#11485 = ( GEOMETRIC_REPRESENTATION_CONTEXT(2) 
PARAMETRIC_REPRESENTATION_CONTEXT() REPRESENTATION_CONTEXT('2D SPACE',''
  ) );
#11486 = ORIENTED_EDGE('',*,*,#11487,.F.);
#11487 = EDGE_CURVE('',#11488,#11462,#11490,.T.);
#11488 = VERTEX_POINT('',#11489);
#11489 = CARTESIAN_POINT('',(1.754671310581E+03,1.098637267303E+03,265.)
  );
#11490 = SURFACE_CURVE('',#11491,(#11550,#11612),.PCURVE_S1.);
#11491 = B_SPLINE_CURVE_WITH_KNOTS('',8,(#11492,#11493,#11494,#11495,
    #11496,#11497,#11498,#11499,#11500,#11501,#11502,#11503,#11504,
    #11505,#11506,#11507,#11508,#11509,#11510,#11511,#11512,#11513,
    #11514,#11515,#11516,#11517,#11518,#11519,#11520,#11521,#11522,
    #11523,#11524,#11525,#11526,#11527,#11528,#11529,#11530,#11531,
    #11532,#11533,#11534,#11535,#11536,#11537,#11538,#11539,#11540,
    #11541,#11542,#11543,#11544,#11545,#11546,#11547,#11548,#11549),
  .UNSPECIFIED.,.F.,.F.,(9,7,7,7,7,7,7,7,9),(0.,5.961813610102E-02,
    0.179311293789,0.262987819603,0.300658183698,0.360424398207,
    0.471789281987,0.611033253046,1.),.UNSPECIFIED.);
#11492 = CARTESIAN_POINT('',(1.754671310581E+03,1.098637267303E+03,265.)
  );
#11493 = CARTESIAN_POINT('',(1.754733393436E+03,1.098619417382E+03,
    265.16324628802));
#11494 = CARTESIAN_POINT('',(1.754793005835E+03,1.09860123054E+03,
    265.32834105442));
#11495 = CARTESIAN_POINT('',(1.75485007951E+03,1.098582708065E+03,
    265.49522329971));
#11496 = CARTESIAN_POINT('',(1.754904547048E+03,1.098563852067E+03,
    265.66382624166));
#11497 = CARTESIAN_POINT('',(1.754956342466E+03,1.098544665569E+03,
    265.83407698199));
#11498 = CARTESIAN_POINT('',(1.755005401768E+03,1.09852515262E+03,
    266.00589617289));
#11499 = CARTESIAN_POINT('',(1.755051663515E+03,1.098505318388E+03,
    266.17919768367));
#11500 = CARTESIAN_POINT('',(1.75518221378E+03,1.098444716601E+03,
    266.70460818148));
#11501 = CARTESIAN_POINT('',(1.755257859645E+03,1.098402988881E+03,
    267.06097752469));
#11502 = CARTESIAN_POINT('',(1.75532151501E+03,1.09836004396E+03,
    267.4221862195));
#11503 = CARTESIAN_POINT('',(1.755372766704E+03,1.098315953747E+03,
    267.78736455315));
#11504 = CARTESIAN_POINT('',(1.755411285581E+03,1.098270805864E+03,
    268.15558232511));
#11505 = CARTESIAN_POINT('',(1.755436836769E+03,1.098224705323E+03,
    268.52584698049));
#11506 = CARTESIAN_POINT('',(1.755449294952E+03,1.098177776226E+03,
    268.89710072983));
#11507 = CARTESIAN_POINT('',(1.755448224073E+03,1.098096877808E+03,
    269.52766081906));
#11508 = CARTESIAN_POINT('',(1.755441386595E+03,1.098063254464E+03,
    269.78706531233));
#11509 = CARTESIAN_POINT('',(1.755428151935E+03,1.098029341452E+03,
    270.04605576561));
#11510 = CARTESIAN_POINT('',(1.755408548675E+03,1.097995187987E+03,
    270.30427013973));
#11511 = CARTESIAN_POINT('',(1.755382632659E+03,1.097960844346E+03,
    270.56135852555));
#11512 = CARTESIAN_POINT('',(1.755350485343E+03,1.097926361719E+03,
    270.81698294413));
#11513 = CARTESIAN_POINT('',(1.755312212152E+03,1.097891792057E+03,
    271.07081714699));
#11514 = CARTESIAN_POINT('',(1.75524801031E+03,1.097841609469E+03,
    271.43587250307));
#11515 = CARTESIAN_POINT('',(1.755226863782E+03,1.097826023774E+03,
    271.54877381049));
#11516 = CARTESIAN_POINT('',(1.755204512819E+03,1.097810435499E+03,
    271.66122261363));
#11517 = CARTESIAN_POINT('',(1.755180969663E+03,1.097794849253E+03,
    271.77319214848));
#11518 = CARTESIAN_POINT('',(1.755156247227E+03,1.097779269585E+03,
    271.88465661195));
#11519 = CARTESIAN_POINT('',(1.755130359094E+03,1.097763700985E+03,
    271.99559116182));
#11520 = CARTESIAN_POINT('',(1.755103319517E+03,1.097748147886E+03,
    272.10597191682));
#11521 = CARTESIAN_POINT('',(1.755030440408E+03,1.097707970295E+03,
    272.38998642541));
#11522 = CARTESIAN_POINT('',(1.754982876272E+03,1.097683375861E+03,
    272.56274574596));
#11523 = CARTESIAN_POINT('',(1.754932510196E+03,1.097658848799E+03,
    272.73396218267));
#11524 = CARTESIAN_POINT('',(1.754879404436E+03,1.097634405928E+03,
    272.90355126519));
#11525 = CARTESIAN_POINT('',(1.754823623758E+03,1.097610063425E+03,
    273.07143543151));
#11526 = CARTESIAN_POINT('',(1.754765234862E+03,1.097585836815E+03,
    273.2375436711));
#11527 = CARTESIAN_POINT('',(1.75470430582E+03,1.097561740958E+03,
    273.40181116812));
#11528 = CARTESIAN_POINT('',(1.754522769051E+03,1.097493161267E+03,
    273.86672560416));
#11529 = CARTESIAN_POINT('',(1.754396053772E+03,1.097449036285E+03,
    274.16267246257));
#11530 = CARTESIAN_POINT('',(1.754261202759E+03,1.097405505513E+03,
    274.45164718695));
#11531 = CARTESIAN_POINT('',(1.754118666055E+03,1.0973626506E+03,
    274.73335175696));
#11532 = CARTESIAN_POINT('',(1.753968891014E+03,1.097320544576E+03,
    275.0075527435));
#11533 = CARTESIAN_POINT('',(1.753812314097E+03,1.097279252077E+03,
    275.27407297462));
#11534 = CARTESIAN_POINT('',(1.753649354132E+03,1.097238829627E+03,
    275.53278458843));
#11535 = CARTESIAN_POINT('',(1.753269165659E+03,1.097149932973E+03,
    276.09721236243));
#11536 = CARTESIAN_POINT('',(1.75304857591E+03,1.097101979055E+03,
    276.39846455206));
#11537 = CARTESIAN_POINT('',(1.752819399702E+03,1.097055556268E+03,
    276.68721856844));
#11538 = CARTESIAN_POINT('',(1.752582358921E+03,1.097010742787E+03,
    276.96340217216));
#11539 = CARTESIAN_POINT('',(1.752338129557E+03,1.096967603948E+03,
    277.22700219796));
#11540 = CARTESIAN_POINT('',(1.752087335853E+03,1.096926193278E+03,
    277.47805439478));
#11541 = CARTESIAN_POINT('',(1.751830544455E+03,1.096886553539E+03,
    277.71663326574));
#11542 = CARTESIAN_POINT('',(1.750835584194E+03,1.096743026565E+03,
    278.57473741584));
#11543 = CARTESIAN_POINT('',(1.750060986095E+03,1.096651549632E+03,
    279.10928712973));
#11544 = CARTESIAN_POINT('',(1.749254498313E+03,1.096574786282E+03,
    279.55014642598));
#11545 = CARTESIAN_POINT('',(1.748424576954E+03,1.096513179054E+03,
    279.89951455962));
#11546 = CARTESIAN_POINT('',(1.747578597566E+03,1.096466932278E+03,
    280.15965682669));
#11547 = CARTESIAN_POINT('',(1.746722719635E+03,1.096436105682E+03,
    280.3323412106));
#11548 = CARTESIAN_POINT('',(1.745861975124E+03,1.096420653651E+03,
    280.41890152187));
#11549 = CARTESIAN_POINT('',(1.745E+03,1.096420653651E+03,
    280.41890152187));
#11550 = PCURVE('',#1861,#11551);
#11551 = DEFINITIONAL_REPRESENTATION('',(#11552),#11611);
#11552 = B_SPLINE_CURVE_WITH_KNOTS('',8,(#11553,#11554,#11555,#11556,
    #11557,#11558,#11559,#11560,#11561,#11562,#11563,#11564,#11565,
    #11566,#11567,#11568,#11569,#11570,#11571,#11572,#11573,#11574,
    #11575,#11576,#11577,#11578,#11579,#11580,#11581,#11582,#11583,
    #11584,#11585,#11586,#11587,#11588,#11589,#11590,#11591,#11592,
    #11593,#11594,#11595,#11596,#11597,#11598,#11599,#11600,#11601,
    #11602,#11603,#11604,#11605,#11606,#11607,#11608,#11609,#11610),
  .UNSPECIFIED.,.F.,.F.,(9,7,7,7,7,7,7,7,9),(0.,5.961813610102E-02,
    0.179311293789,0.262987819603,0.300658183698,0.360424398207,
    0.471789281987,0.611033253046,1.),.UNSPECIFIED.);
#11553 = CARTESIAN_POINT('',(-6.3920961406,-1.754671310581E+03));
#11554 = CARTESIAN_POINT('',(-6.392810137448,-1.754733393436E+03));
#11555 = CARTESIAN_POINT('',(-6.393532282766,-1.754793005835E+03));
#11556 = CARTESIAN_POINT('',(-6.394262312854,-1.75485007951E+03));
#11557 = CARTESIAN_POINT('',(-6.39499993869,-1.754904547048E+03));
#11558 = CARTESIAN_POINT('',(-6.39574484443,-1.754956342466E+03));
#11559 = CARTESIAN_POINT('',(-6.396496685925,-1.755005401768E+03));
#11560 = CARTESIAN_POINT('',(-6.397255089217,-1.755051663515E+03));
#11561 = CARTESIAN_POINT('',(-6.399554627955,-1.75518221378E+03));
#11562 = CARTESIAN_POINT('',(-6.401114643029,-1.755257859645E+03));
#11563 = CARTESIAN_POINT('',(-6.402696172081,-1.75532151501E+03));
#11564 = CARTESIAN_POINT('',(-6.404295429104,-1.755372766704E+03));
#11565 = CARTESIAN_POINT('',(-6.405908359541,-1.755411285581E+03));
#11566 = CARTESIAN_POINT('',(-6.40753063107,-1.755436836769E+03));
#11567 = CARTESIAN_POINT('',(-6.409157619909,-1.755449294952E+03));
#11568 = CARTESIAN_POINT('',(-6.411921656367,-1.755448224073E+03));
#11569 = CARTESIAN_POINT('',(-6.413058935851,-1.755441386595E+03));
#11570 = CARTESIAN_POINT('',(-6.414194592307,-1.755428151935E+03));
#11571 = CARTESIAN_POINT('',(-6.415327039456,-1.755408548675E+03));
#11572 = CARTESIAN_POINT('',(-6.416454742678,-1.755382632659E+03));
#11573 = CARTESIAN_POINT('',(-6.417576218168,-1.755350485343E+03));
#11574 = CARTESIAN_POINT('',(-6.418690032111,-1.755312212152E+03));
#11575 = CARTESIAN_POINT('',(-6.420292155614,-1.75524801031E+03));
#11576 = CARTESIAN_POINT('',(-6.420787686012,-1.755226863782E+03));
#11577 = CARTESIAN_POINT('',(-6.421281269045,-1.755204512819E+03));
#11578 = CARTESIAN_POINT('',(-6.421772786885,-1.755180969663E+03));
#11579 = CARTESIAN_POINT('',(-6.422262125871,-1.755156247227E+03));
#11580 = CARTESIAN_POINT('',(-6.422749176507,-1.755130359094E+03));
#11581 = CARTESIAN_POINT('',(-6.423233833465,-1.755103319517E+03));
#11582 = CARTESIAN_POINT('',(-6.424480973709,-1.755030440408E+03));
#11583 = CARTESIAN_POINT('',(-6.425239674286,-1.754982876272E+03));
#11584 = CARTESIAN_POINT('',(-6.425991692457,-1.754932510196E+03));
#11585 = CARTESIAN_POINT('',(-6.426736654972,-1.754879404436E+03));
#11586 = CARTESIAN_POINT('',(-6.427474218658,-1.754823623758E+03));
#11587 = CARTESIAN_POINT('',(-6.42820406889,-1.754765234862E+03));
#11588 = CARTESIAN_POINT('',(-6.428925918058,-1.75470430582E+03));
#11589 = CARTESIAN_POINT('',(-6.430969158593,-1.754522769051E+03));
#11590 = CARTESIAN_POINT('',(-6.432270105907,-1.754396053772E+03));
#11591 = CARTESIAN_POINT('',(-6.433540690678,-1.754261202759E+03));
#11592 = CARTESIAN_POINT('',(-6.434779582158,-1.754118666055E+03));
#11593 = CARTESIAN_POINT('',(-6.435985732222,-1.753968891014E+03));
#11594 = CARTESIAN_POINT('',(-6.437158339402,-1.753812314097E+03));
#11595 = CARTESIAN_POINT('',(-6.438296818895,-1.753649354132E+03));
#11596 = CARTESIAN_POINT('',(-6.44078110344,-1.753269165659E+03));
#11597 = CARTESIAN_POINT('',(-6.442107384317,-1.75304857591E+03));
#11598 = CARTESIAN_POINT('',(-6.443378955293,-1.752819399702E+03));
#11599 = CARTESIAN_POINT('',(-6.444595455908,-1.752582358921E+03));
#11600 = CARTESIAN_POINT('',(-6.445756786989,-1.752338129557E+03));
#11601 = CARTESIAN_POINT('',(-6.446863066522,-1.752087335853E+03));
#11602 = CARTESIAN_POINT('',(-6.447914585528,-1.751830544455E+03));
#11603 = CARTESIAN_POINT('',(-6.451697300981,-1.750835584194E+03));
#11604 = CARTESIAN_POINT('',(-6.454055199132,-1.750060986095E+03));
#11605 = CARTESIAN_POINT('',(-6.456000808327,-1.749254498313E+03));
#11606 = CARTESIAN_POINT('',(-6.457543232765,-1.748424576954E+03));
#11607 = CARTESIAN_POINT('',(-6.45869201972,-1.747578597566E+03));
#11608 = CARTESIAN_POINT('',(-6.459454690542,-1.746722719635E+03));
#11609 = CARTESIAN_POINT('',(-6.459836989157,-1.745861975124E+03));
#11610 = CARTESIAN_POINT('',(-6.459836989157,-1.745E+03));
#11611 = ( GEOMETRIC_REPRESENTATION_CONTEXT(2) 
PARAMETRIC_REPRESENTATION_CONTEXT() REPRESENTATION_CONTEXT('2D SPACE',''
  ) );
#11612 = PCURVE('',#11613,#11618);
#11613 = SPHERICAL_SURFACE('',#11614,35.);
#11614 = AXIS2_PLACEMENT_3D('',#11615,#11616,#11617);
#11615 = CARTESIAN_POINT('',(1.745E+03,1.065E+03,265.));
#11616 = DIRECTION('',(-0.,-1.,-0.));
#11617 = DIRECTION('',(1.,-0.,2.030122102172E-16));
#11618 = DEFINITIONAL_REPRESENTATION('',(#11619),#11678);
#11619 = B_SPLINE_CURVE_WITH_KNOTS('',8,(#11620,#11621,#11622,#11623,
    #11624,#11625,#11626,#11627,#11628,#11629,#11630,#11631,#11632,
    #11633,#11634,#11635,#11636,#11637,#11638,#11639,#11640,#11641,
    #11642,#11643,#11644,#11645,#11646,#11647,#11648,#11649,#11650,
    #11651,#11652,#11653,#11654,#11655,#11656,#11657,#11658,#11659,
    #11660,#11661,#11662,#11663,#11664,#11665,#11666,#11667,#11668,
    #11669,#11670,#11671,#11672,#11673,#11674,#11675,#11676,#11677),
  .UNSPECIFIED.,.F.,.F.,(9,7,7,7,7,7,7,7,9),(0.,5.961813610102E-02,
    0.179311293789,0.262987819603,0.300658183698,0.360424398207,
    0.471789281987,0.611033253046,1.),.UNSPECIFIED.);
#11620 = CARTESIAN_POINT('',(0.,-1.290830132283));
#11621 = CARTESIAN_POINT('',(1.687943807134E-02,-1.288984475375));
#11622 = CARTESIAN_POINT('',(3.370234111322E-02,-1.287117521721));
#11623 = CARTESIAN_POINT('',(5.046644101961E-02,-1.285229941515));
#11624 = CARTESIAN_POINT('',(6.716938098768E-02,-1.283322470513));
#11625 = CARTESIAN_POINT('',(8.380869768563E-02,-1.28139591402));
#11626 = CARTESIAN_POINT('',(0.10038180342,-1.279451150881));
#11627 = CARTESIAN_POINT('',(0.116885968306,-1.277489137471));
#11628 = CARTESIAN_POINT('',(0.166308900393,-1.271539299905));
#11629 = CARTESIAN_POINT('',(0.199014709521,-1.267501769112));
#11630 = CARTESIAN_POINT('',(0.231406706701,-1.263407345927));
#11631 = CARTESIAN_POINT('',(0.263459218154,-1.259265749612));
#11632 = CARTESIAN_POINT('',(0.295148739964,-1.255087408004));
#11633 = CARTESIAN_POINT('',(0.326452585562,-1.250883485279));
#11634 = CARTESIAN_POINT('',(0.35734736016,-1.246665921528));
#11635 = CARTESIAN_POINT('',(0.409101535131,-1.239498408432));
#11636 = CARTESIAN_POINT('',(0.430185528625,-1.236548591049));
#11637 = CARTESIAN_POINT('',(0.451051265806,-1.233602272441));
#11638 = CARTESIAN_POINT('',(0.471692431714,-1.230663562668));
#11639 = CARTESIAN_POINT('',(0.492104035387,-1.227736443442));
#11640 = CARTESIAN_POINT('',(0.512282072004,-1.22482477015));
#11641 = CARTESIAN_POINT('',(0.532223185024,-1.221932273888));
#11642 = CARTESIAN_POINT('',(0.560793592844,-1.217770647575));
#11643 = CARTESIAN_POINT('',(0.56961436433,-1.21648332881));
#11644 = CARTESIAN_POINT('',(0.578386453382,-1.215200925195));
#11645 = CARTESIAN_POINT('',(0.587109715362,-1.213923744096));
#11646 = CARTESIAN_POINT('',(0.595784050399,-1.212652082247));
#11647 = CARTESIAN_POINT('',(0.604409403387,-1.211386225748));
#11648 = CARTESIAN_POINT('',(0.612985763987,-1.210126450067));
#11649 = CARTESIAN_POINT('',(0.635042384825,-1.206884380703));
#11650 = CARTESIAN_POINT('',(0.648448398271,-1.204911708217));
#11651 = CARTESIAN_POINT('',(0.661731306566,-1.202956062364));
#11652 = CARTESIAN_POINT('',(0.674891528775,-1.201018421866));
#11653 = CARTESIAN_POINT('',(0.687929760317,-1.19909968823));
#11654 = CARTESIAN_POINT('',(0.700846929845,-1.197200689598));
#11655 = CARTESIAN_POINT('',(0.713644156133,-1.195322184589));
#11656 = CARTESIAN_POINT('',(0.749947174548,-1.190004047132));
#11657 = CARTESIAN_POINT('',(0.7731592914,-1.186616833301));
#11658 = CARTESIAN_POINT('',(0.795968010805,-1.183307602302));
#11659 = CARTESIAN_POINT('',(0.818384471838,-1.180079894899));
#11660 = CARTESIAN_POINT('',(0.840421258147,-1.176936521159));
#11661 = CARTESIAN_POINT('',(0.862091920207,-1.173879651586));
#11662 = CARTESIAN_POINT('',(0.883410759023,-1.170910893184));
#11663 = CARTESIAN_POINT('',(0.930627646004,-1.164430942962));
#11664 = CARTESIAN_POINT('',(0.956334506428,-1.16097021249));
#11665 = CARTESIAN_POINT('',(0.981544822752,-1.157651056313));
#11666 = CARTESIAN_POINT('',(1.006288776687,-1.154474573098));
#11667 = CARTESIAN_POINT('',(1.030595684466,-1.151441175705));
#11668 = CARTESIAN_POINT('',(1.054494319838,-1.148550703982));
#11669 = CARTESIAN_POINT('',(1.078013237051,-1.145802537559));
#11670 = CARTESIAN_POINT('',(1.165898623959,-1.135913743374));
#11671 = CARTESIAN_POINT('',(1.227793119915,-1.129744097736));
#11672 = CARTESIAN_POINT('',(1.287602278844,-1.124649517308));
#11673 = CARTESIAN_POINT('',(1.345809335757,-1.120608441961));
#11674 = CARTESIAN_POINT('',(1.402837993413,-1.117597586578));
#11675 = CARTESIAN_POINT('',(1.45906837589,-1.11559833083));
#11676 = CARTESIAN_POINT('',(1.514892530863,-1.114596178517));
#11677 = CARTESIAN_POINT('',(1.570796326795,-1.114596178517));
#11678 = ( GEOMETRIC_REPRESENTATION_CONTEXT(2) 
PARAMETRIC_REPRESENTATION_CONTEXT() REPRESENTATION_CONTEXT('2D SPACE',''
  ) );
#11679 = ORIENTED_EDGE('',*,*,#11680,.T.);
#11680 = EDGE_CURVE('',#11488,#11681,#11683,.T.);
#11681 = VERTEX_POINT('',#11682);
#11682 = CARTESIAN_POINT('',(1.745E+03,1.1E+03,240.));
#11683 = SURFACE_CURVE('',#11684,(#11691,#11701),.PCURVE_S1.);
#11684 = B_SPLINE_CURVE_WITH_KNOTS('',5,(#11685,#11686,#11687,#11688,
    #11689,#11690),.UNSPECIFIED.,.F.,.F.,(6,6),(0.,1.),
  .PIECEWISE_BEZIER_KNOTS.);
#11685 = CARTESIAN_POINT('',(1.754671310809E+03,1.098637267238E+03,
    265.0000006));
#11686 = CARTESIAN_POINT('',(1.752768988441E+03,1.099184218652E+03,
    259.99786165537));
#11687 = CARTESIAN_POINT('',(1.750842253537E+03,1.099592592201E+03,
    254.99705730066));
#11688 = CARTESIAN_POINT('',(1.748900023136E+03,1.099864187219E+03,
    249.99762962401));
#11689 = CARTESIAN_POINT('',(1.746950065468E+03,1.100000000021E+03,
    244.99895363855));
#11690 = CARTESIAN_POINT('',(1.745E+03,1.1E+03,240.));
#11691 = PCURVE('',#1861,#11692);
#11692 = DEFINITIONAL_REPRESENTATION('',(#11693),#11700);
#11693 = B_SPLINE_CURVE_WITH_KNOTS('',5,(#11694,#11695,#11696,#11697,
    #11698,#11699),.UNSPECIFIED.,.F.,.F.,(6,6),(0.,1.),
  .PIECEWISE_BEZIER_KNOTS.);
#11694 = CARTESIAN_POINT('',(-6.392096143225,-1.754671310809E+03));
#11695 = CARTESIAN_POINT('',(-6.370218087188,-1.752768988441E+03));
#11696 = CARTESIAN_POINT('',(-6.348411290467,-1.750842253537E+03));
#11697 = CARTESIAN_POINT('',(-6.32665326366,-1.748900023136E+03));
#11698 = CARTESIAN_POINT('',(-6.304919887822,-1.746950065468E+03));
#11699 = CARTESIAN_POINT('',(-6.28318530718,-1.745E+03));
#11700 = ( GEOMETRIC_REPRESENTATION_CONTEXT(2) 
PARAMETRIC_REPRESENTATION_CONTEXT() REPRESENTATION_CONTEXT('2D SPACE',''
  ) );
#11701 = PCURVE('',#11702,#11707);
#11702 = CYLINDRICAL_SURFACE('',#11703,35.);
#11703 = AXIS2_PLACEMENT_3D('',#11704,#11705,#11706);
#11704 = CARTESIAN_POINT('',(1.745E+03,1.065E+03,120.));
#11705 = DIRECTION('',(0.,0.,1.));
#11706 = DIRECTION('',(1.,0.,-0.));
#11707 = DEFINITIONAL_REPRESENTATION('',(#11708),#11715);
#11708 = B_SPLINE_CURVE_WITH_KNOTS('',5,(#11709,#11710,#11711,#11712,
    #11713,#11714),.UNSPECIFIED.,.F.,.F.,(6,6),(0.,1.),
  .PIECEWISE_BEZIER_KNOTS.);
#11709 = CARTESIAN_POINT('',(1.2908301255,145.0000006));
#11710 = CARTESIAN_POINT('',(1.347384136101,139.99786165537));
#11711 = CARTESIAN_POINT('',(1.403514439957,134.99705730066));
#11712 = CARTESIAN_POINT('',(1.459367111903,129.99762962401));
#11713 = CARTESIAN_POINT('',(1.515080165404,124.99895363855));
#11714 = CARTESIAN_POINT('',(1.570796326795,120.));
#11715 = ( GEOMETRIC_REPRESENTATION_CONTEXT(2) 
PARAMETRIC_REPRESENTATION_CONTEXT() REPRESENTATION_CONTEXT('2D SPACE',''
  ) );
#11716 = ORIENTED_EDGE('',*,*,#11717,.F.);
#11717 = EDGE_CURVE('',#11718,#11681,#11720,.T.);
#11718 = VERTEX_POINT('',#11719);
#11719 = CARTESIAN_POINT('',(1.774574821476E+03,1.083717102732E+03,155.)
  );
#11720 = SURFACE_CURVE('',#11721,(#11736,#11754),.PCURVE_S1.);
#11721 = B_SPLINE_CURVE_WITH_KNOTS('',7,(#11722,#11723,#11724,#11725,
    #11726,#11727,#11728,#11729,#11730,#11731,#11732,#11733,#11734,
    #11735),.UNSPECIFIED.,.F.,.F.,(8,6,8),(0.,0.51277128063,1.),
  .UNSPECIFIED.);
#11722 = CARTESIAN_POINT('',(1.774574821627E+03,1.083717102493E+03,
    154.9999994));
#11723 = CARTESIAN_POINT('',(1.773006167877E+03,1.086195726248E+03,
    161.23204979188));
#11724 = CARTESIAN_POINT('',(1.771250595144E+03,1.088433384535E+03,
    167.47563664817));
#11725 = CARTESIAN_POINT('',(1.769348059765E+03,1.090435160566E+03,
    173.71758066987));
#11726 = CARTESIAN_POINT('',(1.767328578243E+03,1.092209317287E+03,
    179.95128868012));
#11727 = CARTESIAN_POINT('',(1.765214803093E+03,1.093764623975E+03,
    186.17616175469));
#11728 = CARTESIAN_POINT('',(1.763023423879E+03,1.095108912027E+03,
    192.39698001718));
#11729 = CARTESIAN_POINT('',(1.758622035975E+03,1.097329703646E+03,
    204.54040219636));
#11730 = CARTESIAN_POINT('',(1.756420758831E+03,1.098224979227E+03,
    210.45589600961));
#11731 = CARTESIAN_POINT('',(1.754176989298E+03,1.09893707106E+03,
    216.36861294752));
#11732 = CARTESIAN_POINT('',(1.751902805078E+03,1.099468999643E+03,
    222.278190827));
#11733 = CARTESIAN_POINT('',(1.749608822892E+03,1.099822937948E+03,
    228.18537583992));
#11734 = CARTESIAN_POINT('',(1.747304748055E+03,1.099999999987E+03,
    234.09182494309));
#11735 = CARTESIAN_POINT('',(1.745E+03,1.1E+03,240.));
#11736 = PCURVE('',#1861,#11737);
#11737 = DEFINITIONAL_REPRESENTATION('',(#11738),#11753);
#11738 = B_SPLINE_CURVE_WITH_KNOTS('',7,(#11739,#11740,#11741,#11742,
    #11743,#11744,#11745,#11746,#11747,#11748,#11749,#11750,#11751,
    #11752),.UNSPECIFIED.,.F.,.F.,(8,6,8),(0.,0.51277128063,1.),
  .UNSPECIFIED.);
#11739 = CARTESIAN_POINT('',(-5.904644235511,-1.774574821627E+03));
#11740 = CARTESIAN_POINT('',(-5.933804514773,-1.773006167877E+03));
#11741 = CARTESIAN_POINT('',(-5.962624215673,-1.771250595144E+03));
#11742 = CARTESIAN_POINT('',(-5.991098770768,-1.769348059765E+03));
#11743 = CARTESIAN_POINT('',(-6.019251025726,-1.767328578243E+03));
#11744 = CARTESIAN_POINT('',(-6.047124685398,-1.765214803093E+03));
#11745 = CARTESIAN_POINT('',(-6.07478191171,-1.763023423879E+03));
#11746 = CARTESIAN_POINT('',(-6.128455048626,-1.758622035975E+03));
#11747 = CARTESIAN_POINT('',(-6.154455234055,-1.756420758831E+03));
#11748 = CARTESIAN_POINT('',(-6.180329475734,-1.754176989298E+03));
#11749 = CARTESIAN_POINT('',(-6.206106278133,-1.751902805078E+03));
#11750 = CARTESIAN_POINT('',(-6.231817375839,-1.749608822892E+03));
#11751 = CARTESIAN_POINT('',(-6.257497589579,-1.747304748055E+03));
#11752 = CARTESIAN_POINT('',(-6.28318530718,-1.745E+03));
#11753 = ( GEOMETRIC_REPRESENTATION_CONTEXT(2) 
PARAMETRIC_REPRESENTATION_CONTEXT() REPRESENTATION_CONTEXT('2D SPACE',''
  ) );
#11754 = PCURVE('',#11755,#11760);
#11755 = CYLINDRICAL_SURFACE('',#11756,35.);
#11756 = AXIS2_PLACEMENT_3D('',#11757,#11758,#11759);
#11757 = CARTESIAN_POINT('',(1.745E+03,1.065E+03,120.));
#11758 = DIRECTION('',(0.,0.,1.));
#11759 = DIRECTION('',(1.,0.,-0.));
#11760 = DEFINITIONAL_REPRESENTATION('',(#11761),#11776);
#11761 = B_SPLINE_CURVE_WITH_KNOTS('',7,(#11762,#11763,#11764,#11765,
    #11766,#11767,#11768,#11769,#11770,#11771,#11772,#11773,#11774,
    #11775),.UNSPECIFIED.,.F.,.F.,(8,6,8),(0.,0.51277128063,1.),
  .UNSPECIFIED.);
#11762 = CARTESIAN_POINT('',(0.564240689748,34.9999994));
#11763 = CARTESIAN_POINT('',(0.648049268075,41.232049791888));
#11764 = CARTESIAN_POINT('',(0.728896309213,47.475636648177));
#11765 = CARTESIAN_POINT('',(0.807255217218,53.717580669871));
#11766 = CARTESIAN_POINT('',(0.883523746623,59.951288680127));
#11767 = CARTESIAN_POINT('',(0.958075909239,66.176161754691));
#11768 = CARTESIAN_POINT('',(1.03127606991,72.396980017182));
#11769 = CARTESIAN_POINT('',(1.172130984107,84.540402196369));
#11770 = CARTESIAN_POINT('',(1.239804586916,90.455896009607));
#11771 = CARTESIAN_POINT('',(1.306732341644,96.368612947549));
#11772 = CARTESIAN_POINT('',(1.373106936458,102.27819082697));
#11773 = CARTESIAN_POINT('',(1.439115675736,108.18537583994));
#11774 = CARTESIAN_POINT('',(1.50494638176,114.09182494308));
#11775 = CARTESIAN_POINT('',(1.570796326795,120.));
#11776 = ( GEOMETRIC_REPRESENTATION_CONTEXT(2) 
PARAMETRIC_REPRESENTATION_CONTEXT() REPRESENTATION_CONTEXT('2D SPACE',''
  ) );
#11777 = ORIENTED_EDGE('',*,*,#11778,.F.);
#11778 = EDGE_CURVE('',#2192,#11718,#11779,.T.);
#11779 = SURFACE_CURVE('',#11780,(#11808,#11839),.PCURVE_S1.);
#11780 = B_SPLINE_CURVE_WITH_KNOTS('',6,(#11781,#11782,#11783,#11784,
    #11785,#11786,#11787,#11788,#11789,#11790,#11791,#11792,#11793,
    #11794,#11795,#11796,#11797,#11798,#11799,#11800,#11801,#11802,
    #11803,#11804,#11805,#11806,#11807),.UNSPECIFIED.,.F.,.F.,(7,5,5,5,5
    ,7),(0.,0.311262064673,0.462691217252,0.553859384133,0.751976488582,
    1.),.UNSPECIFIED.);
#11781 = CARTESIAN_POINT('',(1.768476339562E+03,1.071990098767E+03,130.)
  );
#11782 = CARTESIAN_POINT('',(1.769317526108E+03,1.072497540553E+03,
    130.93180196752));
#11783 = CARTESIAN_POINT('',(1.770119160716E+03,1.073029764456E+03,
    131.92139134643));
#11784 = CARTESIAN_POINT('',(1.770876045273E+03,1.073585725771E+03,
    132.96956886374));
#11785 = CARTESIAN_POINT('',(1.771581950736E+03,1.074163769611E+03,
    134.0762919093));
#11786 = CARTESIAN_POINT('',(1.772229929044E+03,1.074761494102E+03,
    135.24031489562));
#11787 = CARTESIAN_POINT('',(1.773096532153E+03,1.075674419928E+03,
    137.05111231765));
#11788 = CARTESIAN_POINT('',(1.773364756124E+03,1.075977073416E+03,
    137.65653368915));
#11789 = CARTESIAN_POINT('',(1.773616758466E+03,1.076283207072E+03,
    138.27434219147));
#11790 = CARTESIAN_POINT('',(1.773851708227E+03,1.076592375263E+03,
    138.90402026873));
#11791 = CARTESIAN_POINT('',(1.774068798417E+03,1.076904077185E+03,
    139.54490855392));
#11792 = CARTESIAN_POINT('',(1.774386770343E+03,1.077406606086E+03,
    140.58828459618));
#11793 = CARTESIAN_POINT('',(1.774499518399E+03,1.077596173543E+03,
    140.98415154819));
#11794 = CARTESIAN_POINT('',(1.774605356382E+03,1.0777863361E+03,
    141.38360410755));
#11795 = CARTESIAN_POINT('',(1.774704128661E+03,1.077976966253E+03,
    141.78644385404));
#11796 = CARTESIAN_POINT('',(1.774795690871E+03,1.078167930936E+03,
    142.19245272962));
#11797 = CARTESIAN_POINT('',(1.775062934565E+03,1.078774502138E+03,
    143.49005468401));
#11798 = CARTESIAN_POINT('',(1.775211306586E+03,1.079190870365E+03,
    144.39262252825));
#11799 = CARTESIAN_POINT('',(1.77532365722E+03,1.079606721131E+03,
    145.30652850209));
#11800 = CARTESIAN_POINT('',(1.775399011209E+03,1.080020569324E+03,
    146.22896236206));
#11801 = CARTESIAN_POINT('',(1.775436828019E+03,1.080430938139E+03,
    147.15685514287));
#11802 = CARTESIAN_POINT('',(1.775437471588E+03,1.081343925656E+03,
    149.25112546674));
#11803 = CARTESIAN_POINT('',(1.775379008326E+03,1.081843852585E+03,
    150.41895126456));
#11804 = CARTESIAN_POINT('',(1.775261690193E+03,1.082333221538E+03,
    151.58363268956));
#11805 = CARTESIAN_POINT('',(1.775086865273E+03,1.082809701616E+03,
    152.73903221418));
#11806 = CARTESIAN_POINT('',(1.774856853657E+03,1.083271464775E+03,
    153.87952408254));
#11807 = CARTESIAN_POINT('',(1.774574821476E+03,1.083717102732E+03,155.)
  );
#11808 = PCURVE('',#1861,#11809);
#11809 = DEFINITIONAL_REPRESENTATION('',(#11810),#11838);
#11810 = B_SPLINE_CURVE_WITH_KNOTS('',6,(#11811,#11812,#11813,#11814,
    #11815,#11816,#11817,#11818,#11819,#11820,#11821,#11822,#11823,
    #11824,#11825,#11826,#11827,#11828,#11829,#11830,#11831,#11832,
    #11833,#11834,#11835,#11836,#11837),.UNSPECIFIED.,.F.,.F.,(7,5,5,5,5
    ,7),(0.,0.311262064673,0.462691217252,0.553859384133,0.751976488582,
    1.),.UNSPECIFIED.);
#11811 = CARTESIAN_POINT('',(-5.784511960118,-1.768476339562E+03));
#11812 = CARTESIAN_POINT('',(-5.789125067261,-1.769317526108E+03));
#11813 = CARTESIAN_POINT('',(-5.794010357975,-1.770119160716E+03));
#11814 = CARTESIAN_POINT('',(-5.799168894942,-1.770876045273E+03));
#11815 = CARTESIAN_POINT('',(-5.804597352311,-1.771581950736E+03));
#11816 = CARTESIAN_POINT('',(-5.810286412087,-1.772229929044E+03));
#11817 = CARTESIAN_POINT('',(-5.819103414123,-1.773096532153E+03));
#11818 = CARTESIAN_POINT('',(-5.822046249775,-1.773364756124E+03));
#11819 = CARTESIAN_POINT('',(-5.825044031312,-1.773616758466E+03));
#11820 = CARTESIAN_POINT('',(-5.828093929326,-1.773851708227E+03));
#11821 = CARTESIAN_POINT('',(-5.83119246376,-1.774068798417E+03));
#11822 = CARTESIAN_POINT('',(-5.836227630942,-1.774386770343E+03));
#11823 = CARTESIAN_POINT('',(-5.838135952626,-1.774499518399E+03));
#11824 = CARTESIAN_POINT('',(-5.840059454641,-1.774605356382E+03));
#11825 = CARTESIAN_POINT('',(-5.841997132438,-1.774704128661E+03));
#11826 = CARTESIAN_POINT('',(-5.843947894911,-1.774795690871E+03));
#11827 = CARTESIAN_POINT('',(-5.850175614297,-1.775062934565E+03));
#11828 = CARTESIAN_POINT('',(-5.854497200353,-1.775211306586E+03));
#11829 = CARTESIAN_POINT('',(-5.858862631183,-1.77532365722E+03));
#11830 = CARTESIAN_POINT('',(-5.863258261884,-1.775399011209E+03));
#11831 = CARTESIAN_POINT('',(-5.867669449629,-1.775436828019E+03));
#11832 = CARTESIAN_POINT('',(-5.877602604663,-1.775437471588E+03));
#11833 = CARTESIAN_POINT('',(-5.883125667158,-1.775379008326E+03));
#11834 = CARTESIAN_POINT('',(-5.888618156201,-1.775261690193E+03));
#11835 = CARTESIAN_POINT('',(-5.894051864401,-1.775086865273E+03));
#11836 = CARTESIAN_POINT('',(-5.899401438827,-1.774856853657E+03));
#11837 = CARTESIAN_POINT('',(-5.904644238318,-1.774574821476E+03));
#11838 = ( GEOMETRIC_REPRESENTATION_CONTEXT(2) 
PARAMETRIC_REPRESENTATION_CONTEXT() REPRESENTATION_CONTEXT('2D SPACE',''
  ) );
#11839 = PCURVE('',#2208,#11840);
#11840 = DEFINITIONAL_REPRESENTATION('',(#11841),#11869);
#11841 = B_SPLINE_CURVE_WITH_KNOTS('',6,(#11842,#11843,#11844,#11845,
    #11846,#11847,#11848,#11849,#11850,#11851,#11852,#11853,#11854,
    #11855,#11856,#11857,#11858,#11859,#11860,#11861,#11862,#11863,
    #11864,#11865,#11866,#11867,#11868),.UNSPECIFIED.,.F.,.F.,(7,5,5,5,5
    ,7),(0.,0.311262064673,0.462691217252,0.553859384133,0.751976488582,
    1.),.UNSPECIFIED.);
#11842 = CARTESIAN_POINT('',(0.289392028358,-0.795602953485));
#11843 = CARTESIAN_POINT('',(0.299446859413,-0.757562297455));
#11844 = CARTESIAN_POINT('',(0.309995209282,-0.718934790772));
#11845 = CARTESIAN_POINT('',(0.32102392028,-0.679691240409));
#11846 = CARTESIAN_POINT('',(0.332535400778,-0.639825348366));
#11847 = CARTESIAN_POINT('',(0.344541496405,-0.599350966263));
#11848 = CARTESIAN_POINT('',(0.363151735796,-0.53835098636));
#11849 = CARTESIAN_POINT('',(0.369363698072,-0.518255004742));
#11850 = CARTESIAN_POINT('',(0.375698671586,-0.498033563393));
#11851 = CARTESIAN_POINT('',(0.382158711793,-0.477695290341));
#11852 = CARTESIAN_POINT('',(0.388745916174,-0.45725141388));
#11853 = CARTESIAN_POINT('',(0.399505752231,-0.42435300497));
#11854 = CARTESIAN_POINT('',(0.403596100181,-0.411956646259));
#11855 = CARTESIAN_POINT('',(0.407733654785,-0.399530305653));
#11856 = CARTESIAN_POINT('',(0.411918833991,-0.387077425249));
#11857 = CARTESIAN_POINT('',(0.416152035564,-0.374601796489));
#11858 = CARTESIAN_POINT('',(0.429737873172,-0.334956551553));
#11859 = CARTESIAN_POINT('',(0.439271275422,-0.307715768556));
#11860 = CARTESIAN_POINT('',(0.449036239003,-0.280431799531));
#11861 = CARTESIAN_POINT('',(0.459036280593,-0.253152904868));
#11862 = CARTESIAN_POINT('',(0.469275119159,-0.225931252926));
#11863 = CARTESIAN_POINT('',(0.49287205621,-0.16489244303));
#11864 = CARTESIAN_POINT('',(0.506369041336,-0.131133849473));
#11865 = CARTESIAN_POINT('',(0.520245627375,-9.766956936077E-02));
#11866 = CARTESIAN_POINT('',(0.534509927001,-6.459907499099E-02));
#11867 = CARTESIAN_POINT('',(0.54917254408,-3.201359764165E-02));
#11868 = CARTESIAN_POINT('',(0.564240697817,0.));
#11869 = ( GEOMETRIC_REPRESENTATION_CONTEXT(2) 
PARAMETRIC_REPRESENTATION_CONTEXT() REPRESENTATION_CONTEXT('2D SPACE',''
  ) );
#11870 = ADVANCED_FACE('',(#11871),#2258,.T.);
#11871 = FACE_BOUND('',#11872,.T.);
#11872 = EDGE_LOOP('',(#11873,#11874));
#11873 = ORIENTED_EDGE('',*,*,#8737,.T.);
#11874 = ORIENTED_EDGE('',*,*,#2243,.T.);
#11875 = ADVANCED_FACE('',(#11876),#2208,.T.);
#11876 = FACE_BOUND('',#11877,.T.);
#11877 = EDGE_LOOP('',(#11878,#11879,#11903,#11925));
#11878 = ORIENTED_EDGE('',*,*,#2191,.T.);
#11879 = ORIENTED_EDGE('',*,*,#11880,.T.);
#11880 = EDGE_CURVE('',#2166,#11881,#11883,.T.);
#11881 = VERTEX_POINT('',#11882);
#11882 = CARTESIAN_POINT('',(1.745E+03,1.1E+03,155.));
#11883 = SURFACE_CURVE('',#11884,(#11889,#11896),.PCURVE_S1.);
#11884 = CIRCLE('',#11885,35.);
#11885 = AXIS2_PLACEMENT_3D('',#11886,#11887,#11888);
#11886 = CARTESIAN_POINT('',(1.745E+03,1.065E+03,155.));
#11887 = DIRECTION('',(1.,-2.832769448824E-16,0.));
#11888 = DIRECTION('',(2.832769448824E-16,1.,0.));
#11889 = PCURVE('',#2208,#11890);
#11890 = DEFINITIONAL_REPRESENTATION('',(#11891),#11895);
#11891 = LINE('',#11892,#11893);
#11892 = CARTESIAN_POINT('',(1.570796326795,-6.28318530718));
#11893 = VECTOR('',#11894,1.);
#11894 = DIRECTION('',(0.,1.));
#11895 = ( GEOMETRIC_REPRESENTATION_CONTEXT(2) 
PARAMETRIC_REPRESENTATION_CONTEXT() REPRESENTATION_CONTEXT('2D SPACE',''
  ) );
#11896 = PCURVE('',#2180,#11897);
#11897 = DEFINITIONAL_REPRESENTATION('',(#11898),#11902);
#11898 = LINE('',#11899,#11900);
#11899 = CARTESIAN_POINT('',(-6.28318530718,125.));
#11900 = VECTOR('',#11901,1.);
#11901 = DIRECTION('',(1.,-0.));
#11902 = ( GEOMETRIC_REPRESENTATION_CONTEXT(2) 
PARAMETRIC_REPRESENTATION_CONTEXT() REPRESENTATION_CONTEXT('2D SPACE',''
  ) );
#11903 = ORIENTED_EDGE('',*,*,#11904,.F.);
#11904 = EDGE_CURVE('',#11718,#11881,#11905,.T.);
#11905 = SURFACE_CURVE('',#11906,(#11911,#11918),.PCURVE_S1.);
#11906 = CIRCLE('',#11907,35.);
#11907 = AXIS2_PLACEMENT_3D('',#11908,#11909,#11910);
#11908 = CARTESIAN_POINT('',(1.745E+03,1.065E+03,155.));
#11909 = DIRECTION('',(0.,0.,1.));
#11910 = DIRECTION('',(1.,0.,-0.));
#11911 = PCURVE('',#2208,#11912);
#11912 = DEFINITIONAL_REPRESENTATION('',(#11913),#11917);
#11913 = LINE('',#11914,#11915);
#11914 = CARTESIAN_POINT('',(0.,0.));
#11915 = VECTOR('',#11916,1.);
#11916 = DIRECTION('',(1.,0.));
#11917 = ( GEOMETRIC_REPRESENTATION_CONTEXT(2) 
PARAMETRIC_REPRESENTATION_CONTEXT() REPRESENTATION_CONTEXT('2D SPACE',''
  ) );
#11918 = PCURVE('',#11755,#11919);
#11919 = DEFINITIONAL_REPRESENTATION('',(#11920),#11924);
#11920 = LINE('',#11921,#11922);
#11921 = CARTESIAN_POINT('',(0.,35.));
#11922 = VECTOR('',#11923,1.);
#11923 = DIRECTION('',(1.,0.));
#11924 = ( GEOMETRIC_REPRESENTATION_CONTEXT(2) 
PARAMETRIC_REPRESENTATION_CONTEXT() REPRESENTATION_CONTEXT('2D SPACE',''
  ) );
#11925 = ORIENTED_EDGE('',*,*,#11778,.F.);
#11926 = ADVANCED_FACE('',(#11927),#2180,.T.);
#11927 = FACE_BOUND('',#11928,.F.);
#11928 = EDGE_LOOP('',(#11929,#11953,#11954,#11955));
#11929 = ORIENTED_EDGE('',*,*,#11930,.F.);
#11930 = EDGE_CURVE('',#2137,#11931,#11933,.T.);
#11931 = VERTEX_POINT('',#11932);
#11932 = CARTESIAN_POINT('',(1.655E+03,1.1E+03,155.));
#11933 = SURFACE_CURVE('',#11934,(#11939,#11946),.PCURVE_S1.);
#11934 = CIRCLE('',#11935,35.);
#11935 = AXIS2_PLACEMENT_3D('',#11936,#11937,#11938);
#11936 = CARTESIAN_POINT('',(1.655E+03,1.065E+03,155.));
#11937 = DIRECTION('',(1.,2.832769448824E-16,-0.));
#11938 = DIRECTION('',(-2.832769448824E-16,1.,0.));
#11939 = PCURVE('',#2180,#11940);
#11940 = DEFINITIONAL_REPRESENTATION('',(#11941),#11945);
#11941 = LINE('',#11942,#11943);
#11942 = CARTESIAN_POINT('',(-6.28318530718,35.));
#11943 = VECTOR('',#11944,1.);
#11944 = DIRECTION('',(1.,-0.));
#11945 = ( GEOMETRIC_REPRESENTATION_CONTEXT(2) 
PARAMETRIC_REPRESENTATION_CONTEXT() REPRESENTATION_CONTEXT('2D SPACE',''
  ) );
#11946 = PCURVE('',#2153,#11947);
#11947 = DEFINITIONAL_REPRESENTATION('',(#11948),#11952);
#11948 = LINE('',#11949,#11950);
#11949 = CARTESIAN_POINT('',(-1.570796326795,-6.28318530718));
#11950 = VECTOR('',#11951,1.);
#11951 = DIRECTION('',(-0.,1.));
#11952 = ( GEOMETRIC_REPRESENTATION_CONTEXT(2) 
PARAMETRIC_REPRESENTATION_CONTEXT() REPRESENTATION_CONTEXT('2D SPACE',''
  ) );
#11953 = ORIENTED_EDGE('',*,*,#2165,.T.);
#11954 = ORIENTED_EDGE('',*,*,#11880,.T.);
#11955 = ORIENTED_EDGE('',*,*,#11956,.F.);
#11956 = EDGE_CURVE('',#11931,#11881,#11957,.T.);
#11957 = SURFACE_CURVE('',#11958,(#11962,#11969),.PCURVE_S1.);
#11958 = LINE('',#11959,#11960);
#11959 = CARTESIAN_POINT('',(1.62E+03,1.1E+03,155.));
#11960 = VECTOR('',#11961,1.);
#11961 = DIRECTION('',(1.,0.,0.));
#11962 = PCURVE('',#2180,#11963);
#11963 = DEFINITIONAL_REPRESENTATION('',(#11964),#11968);
#11964 = LINE('',#11965,#11966);
#11965 = CARTESIAN_POINT('',(-0.,0.));
#11966 = VECTOR('',#11967,1.);
#11967 = DIRECTION('',(-0.,1.));
#11968 = ( GEOMETRIC_REPRESENTATION_CONTEXT(2) 
PARAMETRIC_REPRESENTATION_CONTEXT() REPRESENTATION_CONTEXT('2D SPACE',''
  ) );
#11969 = PCURVE('',#11970,#11975);
#11970 = PLANE('',#11971);
#11971 = AXIS2_PLACEMENT_3D('',#11972,#11973,#11974);
#11972 = CARTESIAN_POINT('',(1.62E+03,1.1E+03,120.));
#11973 = DIRECTION('',(0.,1.,0.));
#11974 = DIRECTION('',(0.,0.,1.));
#11975 = DEFINITIONAL_REPRESENTATION('',(#11976),#11980);
#11976 = LINE('',#11977,#11978);
#11977 = CARTESIAN_POINT('',(35.,0.));
#11978 = VECTOR('',#11979,1.);
#11979 = DIRECTION('',(0.,1.));
#11980 = ( GEOMETRIC_REPRESENTATION_CONTEXT(2) 
PARAMETRIC_REPRESENTATION_CONTEXT() REPRESENTATION_CONTEXT('2D SPACE',''
  ) );
#11981 = ADVANCED_FACE('',(#11982),#2153,.T.);
#11982 = FACE_BOUND('',#11983,.F.);
#11983 = EDGE_LOOP('',(#11984,#11985,#11986,#12008));
#11984 = ORIENTED_EDGE('',*,*,#2136,.F.);
#11985 = ORIENTED_EDGE('',*,*,#11930,.T.);
#11986 = ORIENTED_EDGE('',*,*,#11987,.F.);
#11987 = EDGE_CURVE('',#11154,#11931,#11988,.T.);
#11988 = SURFACE_CURVE('',#11989,(#11994,#12001),.PCURVE_S1.);
#11989 = CIRCLE('',#11990,35.);
#11990 = AXIS2_PLACEMENT_3D('',#11991,#11992,#11993);
#11991 = CARTESIAN_POINT('',(1.655E+03,1.065E+03,155.));
#11992 = DIRECTION('',(-0.,0.,-1.));
#11993 = DIRECTION('',(-1.,0.,0.));
#11994 = PCURVE('',#2153,#11995);
#11995 = DEFINITIONAL_REPRESENTATION('',(#11996),#12000);
#11996 = LINE('',#11997,#11998);
#11997 = CARTESIAN_POINT('',(-0.,0.));
#11998 = VECTOR('',#11999,1.);
#11999 = DIRECTION('',(-1.,0.));
#12000 = ( GEOMETRIC_REPRESENTATION_CONTEXT(2) 
PARAMETRIC_REPRESENTATION_CONTEXT() REPRESENTATION_CONTEXT('2D SPACE',''
  ) );
#12001 = PCURVE('',#11271,#12002);
#12002 = DEFINITIONAL_REPRESENTATION('',(#12003),#12007);
#12003 = LINE('',#12004,#12005);
#12004 = CARTESIAN_POINT('',(-0.,35.));
#12005 = VECTOR('',#12006,1.);
#12006 = DIRECTION('',(-1.,0.));
#12007 = ( GEOMETRIC_REPRESENTATION_CONTEXT(2) 
PARAMETRIC_REPRESENTATION_CONTEXT() REPRESENTATION_CONTEXT('2D SPACE',''
  ) );
#12008 = ORIENTED_EDGE('',*,*,#11153,.T.);
#12009 = ADVANCED_FACE('',(#12010),#2101,.T.);
#12010 = FACE_BOUND('',#12011,.T.);
#12011 = EDGE_LOOP('',(#12012,#12013,#12037,#12059));
#12012 = ORIENTED_EDGE('',*,*,#2084,.T.);
#12013 = ORIENTED_EDGE('',*,*,#12014,.T.);
#12014 = EDGE_CURVE('',#2059,#12015,#12017,.T.);
#12015 = VERTEX_POINT('',#12016);
#12016 = CARTESIAN_POINT('',(45.,1.1E+03,155.));
#12017 = SURFACE_CURVE('',#12018,(#12023,#12030),.PCURVE_S1.);
#12018 = CIRCLE('',#12019,35.);
#12019 = AXIS2_PLACEMENT_3D('',#12020,#12021,#12022);
#12020 = CARTESIAN_POINT('',(45.,1.065E+03,155.));
#12021 = DIRECTION('',(1.,-2.832769448824E-16,0.));
#12022 = DIRECTION('',(2.832769448824E-16,1.,0.));
#12023 = PCURVE('',#2101,#12024);
#12024 = DEFINITIONAL_REPRESENTATION('',(#12025),#12029);
#12025 = LINE('',#12026,#12027);
#12026 = CARTESIAN_POINT('',(1.570796326795,-6.28318530718));
#12027 = VECTOR('',#12028,1.);
#12028 = DIRECTION('',(0.,1.));
#12029 = ( GEOMETRIC_REPRESENTATION_CONTEXT(2) 
PARAMETRIC_REPRESENTATION_CONTEXT() REPRESENTATION_CONTEXT('2D SPACE',''
  ) );
#12030 = PCURVE('',#2073,#12031);
#12031 = DEFINITIONAL_REPRESENTATION('',(#12032),#12036);
#12032 = LINE('',#12033,#12034);
#12033 = CARTESIAN_POINT('',(-6.28318530718,125.));
#12034 = VECTOR('',#12035,1.);
#12035 = DIRECTION('',(1.,-0.));
#12036 = ( GEOMETRIC_REPRESENTATION_CONTEXT(2) 
PARAMETRIC_REPRESENTATION_CONTEXT() REPRESENTATION_CONTEXT('2D SPACE',''
  ) );
#12037 = ORIENTED_EDGE('',*,*,#12038,.F.);
#12038 = EDGE_CURVE('',#10999,#12015,#12039,.T.);
#12039 = SURFACE_CURVE('',#12040,(#12045,#12052),.PCURVE_S1.);
#12040 = CIRCLE('',#12041,35.);
#12041 = AXIS2_PLACEMENT_3D('',#12042,#12043,#12044);
#12042 = CARTESIAN_POINT('',(45.,1.065E+03,155.));
#12043 = DIRECTION('',(0.,0.,1.));
#12044 = DIRECTION('',(1.,0.,-0.));
#12045 = PCURVE('',#2101,#12046);
#12046 = DEFINITIONAL_REPRESENTATION('',(#12047),#12051);
#12047 = LINE('',#12048,#12049);
#12048 = CARTESIAN_POINT('',(0.,0.));
#12049 = VECTOR('',#12050,1.);
#12050 = DIRECTION('',(1.,0.));
#12051 = ( GEOMETRIC_REPRESENTATION_CONTEXT(2) 
PARAMETRIC_REPRESENTATION_CONTEXT() REPRESENTATION_CONTEXT('2D SPACE',''
  ) );
#12052 = PCURVE('',#11036,#12053);
#12053 = DEFINITIONAL_REPRESENTATION('',(#12054),#12058);
#12054 = LINE('',#12055,#12056);
#12055 = CARTESIAN_POINT('',(0.,35.));
#12056 = VECTOR('',#12057,1.);
#12057 = DIRECTION('',(1.,0.));
#12058 = ( GEOMETRIC_REPRESENTATION_CONTEXT(2) 
PARAMETRIC_REPRESENTATION_CONTEXT() REPRESENTATION_CONTEXT('2D SPACE',''
  ) );
#12059 = ORIENTED_EDGE('',*,*,#11059,.F.);
#12060 = ADVANCED_FACE('',(#12061),#2073,.T.);
#12061 = FACE_BOUND('',#12062,.F.);
#12062 = EDGE_LOOP('',(#12063,#12087,#12088,#12089));
#12063 = ORIENTED_EDGE('',*,*,#12064,.F.);
#12064 = EDGE_CURVE('',#2030,#12065,#12067,.T.);
#12065 = VERTEX_POINT('',#12066);
#12066 = CARTESIAN_POINT('',(-45.,1.1E+03,155.));
#12067 = SURFACE_CURVE('',#12068,(#12073,#12080),.PCURVE_S1.);
#12068 = CIRCLE('',#12069,35.);
#12069 = AXIS2_PLACEMENT_3D('',#12070,#12071,#12072);
#12070 = CARTESIAN_POINT('',(-45.,1.065E+03,155.));
#12071 = DIRECTION('',(1.,2.832769448824E-16,-0.));
#12072 = DIRECTION('',(-2.832769448824E-16,1.,0.));
#12073 = PCURVE('',#2073,#12074);
#12074 = DEFINITIONAL_REPRESENTATION('',(#12075),#12079);
#12075 = LINE('',#12076,#12077);
#12076 = CARTESIAN_POINT('',(-6.28318530718,35.));
#12077 = VECTOR('',#12078,1.);
#12078 = DIRECTION('',(1.,-0.));
#12079 = ( GEOMETRIC_REPRESENTATION_CONTEXT(2) 
PARAMETRIC_REPRESENTATION_CONTEXT() REPRESENTATION_CONTEXT('2D SPACE',''
  ) );
#12080 = PCURVE('',#2046,#12081);
#12081 = DEFINITIONAL_REPRESENTATION('',(#12082),#12086);
#12082 = LINE('',#12083,#12084);
#12083 = CARTESIAN_POINT('',(-1.570796326795,-6.28318530718));
#12084 = VECTOR('',#12085,1.);
#12085 = DIRECTION('',(-0.,1.));
#12086 = ( GEOMETRIC_REPRESENTATION_CONTEXT(2) 
PARAMETRIC_REPRESENTATION_CONTEXT() REPRESENTATION_CONTEXT('2D SPACE',''
  ) );
#12087 = ORIENTED_EDGE('',*,*,#2058,.T.);
#12088 = ORIENTED_EDGE('',*,*,#12014,.T.);
#12089 = ORIENTED_EDGE('',*,*,#12090,.F.);
#12090 = EDGE_CURVE('',#12065,#12015,#12091,.T.);
#12091 = SURFACE_CURVE('',#12092,(#12096,#12103),.PCURVE_S1.);
#12092 = LINE('',#12093,#12094);
#12093 = CARTESIAN_POINT('',(-80.,1.1E+03,155.));
#12094 = VECTOR('',#12095,1.);
#12095 = DIRECTION('',(1.,0.,0.));
#12096 = PCURVE('',#2073,#12097);
#12097 = DEFINITIONAL_REPRESENTATION('',(#12098),#12102);
#12098 = LINE('',#12099,#12100);
#12099 = CARTESIAN_POINT('',(-0.,0.));
#12100 = VECTOR('',#12101,1.);
#12101 = DIRECTION('',(-0.,1.));
#12102 = ( GEOMETRIC_REPRESENTATION_CONTEXT(2) 
PARAMETRIC_REPRESENTATION_CONTEXT() REPRESENTATION_CONTEXT('2D SPACE',''
  ) );
#12103 = PCURVE('',#12104,#12109);
#12104 = PLANE('',#12105);
#12105 = AXIS2_PLACEMENT_3D('',#12106,#12107,#12108);
#12106 = CARTESIAN_POINT('',(-80.,1.1E+03,120.));
#12107 = DIRECTION('',(0.,1.,0.));
#12108 = DIRECTION('',(0.,0.,1.));
#12109 = DEFINITIONAL_REPRESENTATION('',(#12110),#12114);
#12110 = LINE('',#12111,#12112);
#12111 = CARTESIAN_POINT('',(35.,0.));
#12112 = VECTOR('',#12113,1.);
#12113 = DIRECTION('',(0.,1.));
#12114 = ( GEOMETRIC_REPRESENTATION_CONTEXT(2) 
PARAMETRIC_REPRESENTATION_CONTEXT() REPRESENTATION_CONTEXT('2D SPACE',''
  ) );
#12115 = ADVANCED_FACE('',(#12116),#2046,.T.);
#12116 = FACE_BOUND('',#12117,.F.);
#12117 = EDGE_LOOP('',(#12118,#12119,#12120,#12142));
#12118 = ORIENTED_EDGE('',*,*,#2029,.F.);
#12119 = ORIENTED_EDGE('',*,*,#12064,.T.);
#12120 = ORIENTED_EDGE('',*,*,#12121,.F.);
#12121 = EDGE_CURVE('',#10357,#12065,#12122,.T.);
#12122 = SURFACE_CURVE('',#12123,(#12128,#12135),.PCURVE_S1.);
#12123 = CIRCLE('',#12124,35.);
#12124 = AXIS2_PLACEMENT_3D('',#12125,#12126,#12127);
#12125 = CARTESIAN_POINT('',(-45.,1.065E+03,155.));
#12126 = DIRECTION('',(-0.,0.,-1.));
#12127 = DIRECTION('',(-1.,0.,0.));
#12128 = PCURVE('',#2046,#12129);
#12129 = DEFINITIONAL_REPRESENTATION('',(#12130),#12134);
#12130 = LINE('',#12131,#12132);
#12131 = CARTESIAN_POINT('',(-0.,0.));
#12132 = VECTOR('',#12133,1.);
#12133 = DIRECTION('',(-1.,0.));
#12134 = ( GEOMETRIC_REPRESENTATION_CONTEXT(2) 
PARAMETRIC_REPRESENTATION_CONTEXT() REPRESENTATION_CONTEXT('2D SPACE',''
  ) );
#12135 = PCURVE('',#10489,#12136);
#12136 = DEFINITIONAL_REPRESENTATION('',(#12137),#12141);
#12137 = LINE('',#12138,#12139);
#12138 = CARTESIAN_POINT('',(-0.,35.));
#12139 = VECTOR('',#12140,1.);
#12140 = DIRECTION('',(-1.,0.));
#12141 = ( GEOMETRIC_REPRESENTATION_CONTEXT(2) 
PARAMETRIC_REPRESENTATION_CONTEXT() REPRESENTATION_CONTEXT('2D SPACE',''
  ) );
#12142 = ORIENTED_EDGE('',*,*,#10356,.T.);
#12143 = ADVANCED_FACE('',(#12144),#1994,.T.);
#12144 = FACE_BOUND('',#12145,.T.);
#12145 = EDGE_LOOP('',(#12146,#12147,#12171,#12193));
#12146 = ORIENTED_EDGE('',*,*,#1977,.T.);
#12147 = ORIENTED_EDGE('',*,*,#12148,.T.);
#12148 = EDGE_CURVE('',#1952,#12149,#12151,.T.);
#12149 = VERTEX_POINT('',#12150);
#12150 = CARTESIAN_POINT('',(-1.655E+03,1.1E+03,155.));
#12151 = SURFACE_CURVE('',#12152,(#12157,#12164),.PCURVE_S1.);
#12152 = CIRCLE('',#12153,35.);
#12153 = AXIS2_PLACEMENT_3D('',#12154,#12155,#12156);
#12154 = CARTESIAN_POINT('',(-1.655E+03,1.065E+03,155.));
#12155 = DIRECTION('',(1.,-2.832769448824E-16,0.));
#12156 = DIRECTION('',(2.832769448824E-16,1.,0.));
#12157 = PCURVE('',#1994,#12158);
#12158 = DEFINITIONAL_REPRESENTATION('',(#12159),#12163);
#12159 = LINE('',#12160,#12161);
#12160 = CARTESIAN_POINT('',(1.570796326795,-6.28318530718));
#12161 = VECTOR('',#12162,1.);
#12162 = DIRECTION('',(0.,1.));
#12163 = ( GEOMETRIC_REPRESENTATION_CONTEXT(2) 
PARAMETRIC_REPRESENTATION_CONTEXT() REPRESENTATION_CONTEXT('2D SPACE',''
  ) );
#12164 = PCURVE('',#1966,#12165);
#12165 = DEFINITIONAL_REPRESENTATION('',(#12166),#12170);
#12166 = LINE('',#12167,#12168);
#12167 = CARTESIAN_POINT('',(-6.28318530718,125.));
#12168 = VECTOR('',#12169,1.);
#12169 = DIRECTION('',(1.,-0.));
#12170 = ( GEOMETRIC_REPRESENTATION_CONTEXT(2) 
PARAMETRIC_REPRESENTATION_CONTEXT() REPRESENTATION_CONTEXT('2D SPACE',''
  ) );
#12171 = ORIENTED_EDGE('',*,*,#12172,.F.);
#12172 = EDGE_CURVE('',#10202,#12149,#12173,.T.);
#12173 = SURFACE_CURVE('',#12174,(#12179,#12186),.PCURVE_S1.);
#12174 = CIRCLE('',#12175,35.);
#12175 = AXIS2_PLACEMENT_3D('',#12176,#12177,#12178);
#12176 = CARTESIAN_POINT('',(-1.655E+03,1.065E+03,155.));
#12177 = DIRECTION('',(0.,0.,1.));
#12178 = DIRECTION('',(1.,0.,-0.));
#12179 = PCURVE('',#1994,#12180);
#12180 = DEFINITIONAL_REPRESENTATION('',(#12181),#12185);
#12181 = LINE('',#12182,#12183);
#12182 = CARTESIAN_POINT('',(0.,0.));
#12183 = VECTOR('',#12184,1.);
#12184 = DIRECTION('',(1.,0.));
#12185 = ( GEOMETRIC_REPRESENTATION_CONTEXT(2) 
PARAMETRIC_REPRESENTATION_CONTEXT() REPRESENTATION_CONTEXT('2D SPACE',''
  ) );
#12186 = PCURVE('',#10239,#12187);
#12187 = DEFINITIONAL_REPRESENTATION('',(#12188),#12192);
#12188 = LINE('',#12189,#12190);
#12189 = CARTESIAN_POINT('',(0.,35.));
#12190 = VECTOR('',#12191,1.);
#12191 = DIRECTION('',(1.,0.));
#12192 = ( GEOMETRIC_REPRESENTATION_CONTEXT(2) 
PARAMETRIC_REPRESENTATION_CONTEXT() REPRESENTATION_CONTEXT('2D SPACE',''
  ) );
#12193 = ORIENTED_EDGE('',*,*,#10262,.F.);
#12194 = ADVANCED_FACE('',(#12195),#1966,.T.);
#12195 = FACE_BOUND('',#12196,.F.);
#12196 = EDGE_LOOP('',(#12197,#12221,#12222,#12223));
#12197 = ORIENTED_EDGE('',*,*,#12198,.F.);
#12198 = EDGE_CURVE('',#1923,#12199,#12201,.T.);
#12199 = VERTEX_POINT('',#12200);
#12200 = CARTESIAN_POINT('',(-1.745E+03,1.1E+03,155.));
#12201 = SURFACE_CURVE('',#12202,(#12207,#12214),.PCURVE_S1.);
#12202 = CIRCLE('',#12203,35.);
#12203 = AXIS2_PLACEMENT_3D('',#12204,#12205,#12206);
#12204 = CARTESIAN_POINT('',(-1.745E+03,1.065E+03,155.));
#12205 = DIRECTION('',(1.,2.832769448824E-16,-0.));
#12206 = DIRECTION('',(-2.832769448824E-16,1.,0.));
#12207 = PCURVE('',#1966,#12208);
#12208 = DEFINITIONAL_REPRESENTATION('',(#12209),#12213);
#12209 = LINE('',#12210,#12211);
#12210 = CARTESIAN_POINT('',(-6.28318530718,35.));
#12211 = VECTOR('',#12212,1.);
#12212 = DIRECTION('',(1.,-0.));
#12213 = ( GEOMETRIC_REPRESENTATION_CONTEXT(2) 
PARAMETRIC_REPRESENTATION_CONTEXT() REPRESENTATION_CONTEXT('2D SPACE',''
  ) );
#12214 = PCURVE('',#1939,#12215);
#12215 = DEFINITIONAL_REPRESENTATION('',(#12216),#12220);
#12216 = LINE('',#12217,#12218);
#12217 = CARTESIAN_POINT('',(-1.570796326795,-6.28318530718));
#12218 = VECTOR('',#12219,1.);
#12219 = DIRECTION('',(-0.,1.));
#12220 = ( GEOMETRIC_REPRESENTATION_CONTEXT(2) 
PARAMETRIC_REPRESENTATION_CONTEXT() REPRESENTATION_CONTEXT('2D SPACE',''
  ) );
#12221 = ORIENTED_EDGE('',*,*,#1951,.T.);
#12222 = ORIENTED_EDGE('',*,*,#12148,.T.);
#12223 = ORIENTED_EDGE('',*,*,#12224,.F.);
#12224 = EDGE_CURVE('',#12199,#12149,#12225,.T.);
#12225 = SURFACE_CURVE('',#12226,(#12230,#12237),.PCURVE_S1.);
#12226 = LINE('',#12227,#12228);
#12227 = CARTESIAN_POINT('',(-1.78E+03,1.1E+03,155.));
#12228 = VECTOR('',#12229,1.);
#12229 = DIRECTION('',(1.,0.,0.));
#12230 = PCURVE('',#1966,#12231);
#12231 = DEFINITIONAL_REPRESENTATION('',(#12232),#12236);
#12232 = LINE('',#12233,#12234);
#12233 = CARTESIAN_POINT('',(-0.,0.));
#12234 = VECTOR('',#12235,1.);
#12235 = DIRECTION('',(-0.,1.));
#12236 = ( GEOMETRIC_REPRESENTATION_CONTEXT(2) 
PARAMETRIC_REPRESENTATION_CONTEXT() REPRESENTATION_CONTEXT('2D SPACE',''
  ) );
#12237 = PCURVE('',#12238,#12243);
#12238 = PLANE('',#12239);
#12239 = AXIS2_PLACEMENT_3D('',#12240,#12241,#12242);
#12240 = CARTESIAN_POINT('',(-1.78E+03,1.1E+03,120.));
#12241 = DIRECTION('',(0.,1.,0.));
#12242 = DIRECTION('',(0.,0.,1.));
#12243 = DEFINITIONAL_REPRESENTATION('',(#12244),#12248);
#12244 = LINE('',#12245,#12246);
#12245 = CARTESIAN_POINT('',(35.,0.));
#12246 = VECTOR('',#12247,1.);
#12247 = DIRECTION('',(0.,1.));
#12248 = ( GEOMETRIC_REPRESENTATION_CONTEXT(2) 
PARAMETRIC_REPRESENTATION_CONTEXT() REPRESENTATION_CONTEXT('2D SPACE',''
  ) );
#12249 = ADVANCED_FACE('',(#12250),#1939,.T.);
#12250 = FACE_BOUND('',#12251,.F.);
#12251 = EDGE_LOOP('',(#12252,#12253,#12254,#12276));
#12252 = ORIENTED_EDGE('',*,*,#1922,.F.);
#12253 = ORIENTED_EDGE('',*,*,#12198,.T.);
#12254 = ORIENTED_EDGE('',*,*,#12255,.F.);
#12255 = EDGE_CURVE('',#9638,#12199,#12256,.T.);
#12256 = SURFACE_CURVE('',#12257,(#12262,#12269),.PCURVE_S1.);
#12257 = CIRCLE('',#12258,35.);
#12258 = AXIS2_PLACEMENT_3D('',#12259,#12260,#12261);
#12259 = CARTESIAN_POINT('',(-1.745E+03,1.065E+03,155.));
#12260 = DIRECTION('',(-0.,0.,-1.));
#12261 = DIRECTION('',(-1.,0.,0.));
#12262 = PCURVE('',#1939,#12263);
#12263 = DEFINITIONAL_REPRESENTATION('',(#12264),#12268);
#12264 = LINE('',#12265,#12266);
#12265 = CARTESIAN_POINT('',(-0.,0.));
#12266 = VECTOR('',#12267,1.);
#12267 = DIRECTION('',(-1.,0.));
#12268 = ( GEOMETRIC_REPRESENTATION_CONTEXT(2) 
PARAMETRIC_REPRESENTATION_CONTEXT() REPRESENTATION_CONTEXT('2D SPACE',''
  ) );
#12269 = PCURVE('',#9755,#12270);
#12270 = DEFINITIONAL_REPRESENTATION('',(#12271),#12275);
#12271 = LINE('',#12272,#12273);
#12272 = CARTESIAN_POINT('',(-0.,35.));
#12273 = VECTOR('',#12274,1.);
#12274 = DIRECTION('',(-1.,0.));
#12275 = ( GEOMETRIC_REPRESENTATION_CONTEXT(2) 
PARAMETRIC_REPRESENTATION_CONTEXT() REPRESENTATION_CONTEXT('2D SPACE',''
  ) );
#12276 = ORIENTED_EDGE('',*,*,#9637,.T.);
#12277 = ADVANCED_FACE('',(#12278),#1888,.F.);
#12278 = FACE_BOUND('',#12279,.F.);
#12279 = EDGE_LOOP('',(#12280,#12281));
#12280 = ORIENTED_EDGE('',*,*,#9614,.T.);
#12281 = ORIENTED_EDGE('',*,*,#1873,.T.);
#12282 = ADVANCED_FACE('',(#12283),#1834,.T.);
#12283 = FACE_BOUND('',#12284,.F.);
#12284 = EDGE_LOOP('',(#12285,#12286,#12307,#12308));
#12285 = ORIENTED_EDGE('',*,*,#9574,.F.);
#12286 = ORIENTED_EDGE('',*,*,#12287,.F.);
#12287 = EDGE_CURVE('',#8569,#9547,#12288,.T.);
#12288 = SURFACE_CURVE('',#12289,(#12293,#12300),.PCURVE_S1.);
#12289 = LINE('',#12290,#12291);
#12290 = CARTESIAN_POINT('',(-1.78E+03,-1.1E+03,155.));
#12291 = VECTOR('',#12292,1.);
#12292 = DIRECTION('',(0.,1.,0.));
#12293 = PCURVE('',#1834,#12294);
#12294 = DEFINITIONAL_REPRESENTATION('',(#12295),#12299);
#12295 = LINE('',#12296,#12297);
#12296 = CARTESIAN_POINT('',(-0.,0.));
#12297 = VECTOR('',#12298,1.);
#12298 = DIRECTION('',(-0.,1.));
#12299 = ( GEOMETRIC_REPRESENTATION_CONTEXT(2) 
PARAMETRIC_REPRESENTATION_CONTEXT() REPRESENTATION_CONTEXT('2D SPACE',''
  ) );
#12300 = PCURVE('',#8583,#12301);
#12301 = DEFINITIONAL_REPRESENTATION('',(#12302),#12306);
#12302 = LINE('',#12303,#12304);
#12303 = CARTESIAN_POINT('',(35.,0.));
#12304 = VECTOR('',#12305,1.);
#12305 = DIRECTION('',(0.,-1.));
#12306 = ( GEOMETRIC_REPRESENTATION_CONTEXT(2) 
PARAMETRIC_REPRESENTATION_CONTEXT() REPRESENTATION_CONTEXT('2D SPACE',''
  ) );
#12307 = ORIENTED_EDGE('',*,*,#8594,.F.);
#12308 = ORIENTED_EDGE('',*,*,#1819,.T.);
#12309 = ADVANCED_FACE('',(#12310),#1781,.T.);
#12310 = FACE_BOUND('',#12311,.F.);
#12311 = EDGE_LOOP('',(#12312,#12335,#12336,#12337));
#12312 = ORIENTED_EDGE('',*,*,#12313,.F.);
#12313 = EDGE_CURVE('',#1739,#12314,#12316,.T.);
#12314 = VERTEX_POINT('',#12315);
#12315 = CARTESIAN_POINT('',(-2.E+03,140.,360.));
#12316 = SURFACE_CURVE('',#12317,(#12321,#12328),.PCURVE_S1.);
#12317 = LINE('',#12318,#12319);
#12318 = CARTESIAN_POINT('',(-2.E+03,140.,-40.));
#12319 = VECTOR('',#12320,1.);
#12320 = DIRECTION('',(0.,0.,1.));
#12321 = PCURVE('',#1781,#12322);
#12322 = DEFINITIONAL_REPRESENTATION('',(#12323),#12327);
#12323 = LINE('',#12324,#12325);
#12324 = CARTESIAN_POINT('',(-0.,0.));
#12325 = VECTOR('',#12326,1.);
#12326 = DIRECTION('',(-0.,1.));
#12327 = ( GEOMETRIC_REPRESENTATION_CONTEXT(2) 
PARAMETRIC_REPRESENTATION_CONTEXT() REPRESENTATION_CONTEXT('2D SPACE',''
  ) );
#12328 = PCURVE('',#1753,#12329);
#12329 = DEFINITIONAL_REPRESENTATION('',(#12330),#12334);
#12330 = LINE('',#12331,#12332);
#12331 = CARTESIAN_POINT('',(0.,-400.));
#12332 = VECTOR('',#12333,1.);
#12333 = DIRECTION('',(1.,0.));
#12334 = ( GEOMETRIC_REPRESENTATION_CONTEXT(2) 
PARAMETRIC_REPRESENTATION_CONTEXT() REPRESENTATION_CONTEXT('2D SPACE',''
  ) );
#12335 = ORIENTED_EDGE('',*,*,#1764,.F.);
#12336 = ORIENTED_EDGE('',*,*,#8617,.T.);
#12337 = ORIENTED_EDGE('',*,*,#12338,.T.);
#12338 = EDGE_CURVE('',#8618,#12314,#12339,.T.);
#12339 = SURFACE_CURVE('',#12340,(#12345,#12352),.PCURVE_S1.);
#12340 = CIRCLE('',#12341,120.);
#12341 = AXIS2_PLACEMENT_3D('',#12342,#12343,#12344);
#12342 = CARTESIAN_POINT('',(-1.88E+03,140.,360.));
#12343 = DIRECTION('',(2.368475785867E-16,0.,1.));
#12344 = DIRECTION('',(-1.,0.,2.368475785867E-16));
#12345 = PCURVE('',#1781,#12346);
#12346 = DEFINITIONAL_REPRESENTATION('',(#12347),#12351);
#12347 = LINE('',#12348,#12349);
#12348 = CARTESIAN_POINT('',(-6.28318530718,400.));
#12349 = VECTOR('',#12350,1.);
#12350 = DIRECTION('',(1.,-0.));
#12351 = ( GEOMETRIC_REPRESENTATION_CONTEXT(2) 
PARAMETRIC_REPRESENTATION_CONTEXT() REPRESENTATION_CONTEXT('2D SPACE',''
  ) );
#12352 = PCURVE('',#12353,#12358);
#12353 = SPHERICAL_SURFACE('',#12354,120.);
#12354 = AXIS2_PLACEMENT_3D('',#12355,#12356,#12357);
#12355 = CARTESIAN_POINT('',(-1.88E+03,140.,360.));
#12356 = DIRECTION('',(-0.,-1.,-0.));
#12357 = DIRECTION('',(-1.,0.,2.368475785867E-16));
#12358 = DEFINITIONAL_REPRESENTATION('',(#12359),#12363);
#12359 = LINE('',#12360,#12361);
#12360 = CARTESIAN_POINT('',(-0.,-6.28318530718));
#12361 = VECTOR('',#12362,1.);
#12362 = DIRECTION('',(-0.,1.));
#12363 = ( GEOMETRIC_REPRESENTATION_CONTEXT(2) 
PARAMETRIC_REPRESENTATION_CONTEXT() REPRESENTATION_CONTEXT('2D SPACE',''
  ) );
#12364 = ADVANCED_FACE('',(#12365),#1753,.F.);
#12365 = FACE_BOUND('',#12366,.F.);
#12366 = EDGE_LOOP('',(#12367,#12390,#12391,#12392));
#12367 = ORIENTED_EDGE('',*,*,#12368,.F.);
#12368 = EDGE_CURVE('',#1710,#12369,#12371,.T.);
#12369 = VERTEX_POINT('',#12370);
#12370 = CARTESIAN_POINT('',(-2.E+03,-140.,360.));
#12371 = SURFACE_CURVE('',#12372,(#12376,#12383),.PCURVE_S1.);
#12372 = LINE('',#12373,#12374);
#12373 = CARTESIAN_POINT('',(-2.E+03,-140.,-40.));
#12374 = VECTOR('',#12375,1.);
#12375 = DIRECTION('',(0.,0.,1.));
#12376 = PCURVE('',#1753,#12377);
#12377 = DEFINITIONAL_REPRESENTATION('',(#12378),#12382);
#12378 = LINE('',#12379,#12380);
#12379 = CARTESIAN_POINT('',(0.,-120.));
#12380 = VECTOR('',#12381,1.);
#12381 = DIRECTION('',(1.,0.));
#12382 = ( GEOMETRIC_REPRESENTATION_CONTEXT(2) 
PARAMETRIC_REPRESENTATION_CONTEXT() REPRESENTATION_CONTEXT('2D SPACE',''
  ) );
#12383 = PCURVE('',#1726,#12384);
#12384 = DEFINITIONAL_REPRESENTATION('',(#12385),#12389);
#12385 = LINE('',#12386,#12387);
#12386 = CARTESIAN_POINT('',(0.,0.));
#12387 = VECTOR('',#12388,1.);
#12388 = DIRECTION('',(0.,1.));
#12389 = ( GEOMETRIC_REPRESENTATION_CONTEXT(2) 
PARAMETRIC_REPRESENTATION_CONTEXT() REPRESENTATION_CONTEXT('2D SPACE',''
  ) );
#12390 = ORIENTED_EDGE('',*,*,#1738,.T.);
#12391 = ORIENTED_EDGE('',*,*,#12313,.T.);
#12392 = ORIENTED_EDGE('',*,*,#12393,.F.);
#12393 = EDGE_CURVE('',#12369,#12314,#12394,.T.);
#12394 = SURFACE_CURVE('',#12395,(#12399,#12406),.PCURVE_S1.);
#12395 = LINE('',#12396,#12397);
#12396 = CARTESIAN_POINT('',(-2.E+03,-260.,360.));
#12397 = VECTOR('',#12398,1.);
#12398 = DIRECTION('',(0.,1.,0.));
#12399 = PCURVE('',#1753,#12400);
#12400 = DEFINITIONAL_REPRESENTATION('',(#12401),#12405);
#12401 = LINE('',#12402,#12403);
#12402 = CARTESIAN_POINT('',(400.,0.));
#12403 = VECTOR('',#12404,1.);
#12404 = DIRECTION('',(0.,-1.));
#12405 = ( GEOMETRIC_REPRESENTATION_CONTEXT(2) 
PARAMETRIC_REPRESENTATION_CONTEXT() REPRESENTATION_CONTEXT('2D SPACE',''
  ) );
#12406 = PCURVE('',#12407,#12412);
#12407 = CYLINDRICAL_SURFACE('',#12408,120.);
#12408 = AXIS2_PLACEMENT_3D('',#12409,#12410,#12411);
#12409 = CARTESIAN_POINT('',(-1.88E+03,-260.,360.));
#12410 = DIRECTION('',(0.,1.,0.));
#12411 = DIRECTION('',(-1.,0.,0.));
#12412 = DEFINITIONAL_REPRESENTATION('',(#12413),#12417);
#12413 = LINE('',#12414,#12415);
#12414 = CARTESIAN_POINT('',(0.,0.));
#12415 = VECTOR('',#12416,1.);
#12416 = DIRECTION('',(0.,1.));
#12417 = ( GEOMETRIC_REPRESENTATION_CONTEXT(2) 
PARAMETRIC_REPRESENTATION_CONTEXT() REPRESENTATION_CONTEXT('2D SPACE',''
  ) );
#12418 = ADVANCED_FACE('',(#12419),#1726,.T.);
#12419 = FACE_BOUND('',#12420,.T.);
#12420 = EDGE_LOOP('',(#12421,#12422,#12423,#12424));
#12421 = ORIENTED_EDGE('',*,*,#12368,.F.);
#12422 = ORIENTED_EDGE('',*,*,#1709,.T.);
#12423 = ORIENTED_EDGE('',*,*,#7776,.T.);
#12424 = ORIENTED_EDGE('',*,*,#12425,.F.);
#12425 = EDGE_CURVE('',#12369,#7777,#12426,.T.);
#12426 = SURFACE_CURVE('',#12427,(#12432,#12439),.PCURVE_S1.);
#12427 = CIRCLE('',#12428,120.);
#12428 = AXIS2_PLACEMENT_3D('',#12429,#12430,#12431);
#12429 = CARTESIAN_POINT('',(-1.88E+03,-140.,360.));
#12430 = DIRECTION('',(0.,0.,1.));
#12431 = DIRECTION('',(-1.,0.,0.));
#12432 = PCURVE('',#1726,#12433);
#12433 = DEFINITIONAL_REPRESENTATION('',(#12434),#12438);
#12434 = LINE('',#12435,#12436);
#12435 = CARTESIAN_POINT('',(0.,400.));
#12436 = VECTOR('',#12437,1.);
#12437 = DIRECTION('',(1.,0.));
#12438 = ( GEOMETRIC_REPRESENTATION_CONTEXT(2) 
PARAMETRIC_REPRESENTATION_CONTEXT() REPRESENTATION_CONTEXT('2D SPACE',''
  ) );
#12439 = PCURVE('',#12440,#12445);
#12440 = SPHERICAL_SURFACE('',#12441,120.);
#12441 = AXIS2_PLACEMENT_3D('',#12442,#12443,#12444);
#12442 = CARTESIAN_POINT('',(-1.88E+03,-140.,360.));
#12443 = DIRECTION('',(-0.,-0.,-1.));
#12444 = DIRECTION('',(-1.,0.,0.));
#12445 = DEFINITIONAL_REPRESENTATION('',(#12446),#12450);
#12446 = LINE('',#12447,#12448);
#12447 = CARTESIAN_POINT('',(-0.,0.));
#12448 = VECTOR('',#12449,1.);
#12449 = DIRECTION('',(-1.,0.));
#12450 = ( GEOMETRIC_REPRESENTATION_CONTEXT(2) 
PARAMETRIC_REPRESENTATION_CONTEXT() REPRESENTATION_CONTEXT('2D SPACE',''
  ) );
#12451 = ADVANCED_FACE('',(#12452),#1672,.T.);
#12452 = FACE_BOUND('',#12453,.F.);
#12453 = EDGE_LOOP('',(#12454,#12475,#12476,#12477));
#12454 = ORIENTED_EDGE('',*,*,#12455,.F.);
#12455 = EDGE_CURVE('',#6207,#7733,#12456,.T.);
#12456 = SURFACE_CURVE('',#12457,(#12461,#12468),.PCURVE_S1.);
#12457 = LINE('',#12458,#12459);
#12458 = CARTESIAN_POINT('',(-1.78E+03,-1.1E+03,155.));
#12459 = VECTOR('',#12460,1.);
#12460 = DIRECTION('',(0.,1.,0.));
#12461 = PCURVE('',#1672,#12462);
#12462 = DEFINITIONAL_REPRESENTATION('',(#12463),#12467);
#12463 = LINE('',#12464,#12465);
#12464 = CARTESIAN_POINT('',(-0.,0.));
#12465 = VECTOR('',#12466,1.);
#12466 = DIRECTION('',(-0.,1.));
#12467 = ( GEOMETRIC_REPRESENTATION_CONTEXT(2) 
PARAMETRIC_REPRESENTATION_CONTEXT() REPRESENTATION_CONTEXT('2D SPACE',''
  ) );
#12468 = PCURVE('',#6264,#12469);
#12469 = DEFINITIONAL_REPRESENTATION('',(#12470),#12474);
#12470 = LINE('',#12471,#12472);
#12471 = CARTESIAN_POINT('',(35.,0.));
#12472 = VECTOR('',#12473,1.);
#12473 = DIRECTION('',(0.,-1.));
#12474 = ( GEOMETRIC_REPRESENTATION_CONTEXT(2) 
PARAMETRIC_REPRESENTATION_CONTEXT() REPRESENTATION_CONTEXT('2D SPACE',''
  ) );
#12475 = ORIENTED_EDGE('',*,*,#6206,.T.);
#12476 = ORIENTED_EDGE('',*,*,#1657,.T.);
#12477 = ORIENTED_EDGE('',*,*,#7753,.T.);
#12478 = ADVANCED_FACE('',(#12479),#1623,.F.);
#12479 = FACE_BOUND('',#12480,.F.);
#12480 = EDGE_LOOP('',(#12481,#12482));
#12481 = ORIENTED_EDGE('',*,*,#6183,.T.);
#12482 = ORIENTED_EDGE('',*,*,#1608,.T.);
#12483 = ADVANCED_FACE('',(#12484),#1573,.T.);
#12484 = FACE_BOUND('',#12485,.T.);
#12485 = EDGE_LOOP('',(#12486,#12487,#12511,#12533));
#12486 = ORIENTED_EDGE('',*,*,#1556,.T.);
#12487 = ORIENTED_EDGE('',*,*,#12488,.T.);
#12488 = EDGE_CURVE('',#1531,#12489,#12491,.T.);
#12489 = VERTEX_POINT('',#12490);
#12490 = CARTESIAN_POINT('',(-1.745E+03,-1.1E+03,155.));
#12491 = SURFACE_CURVE('',#12492,(#12497,#12504),.PCURVE_S1.);
#12492 = CIRCLE('',#12493,35.);
#12493 = AXIS2_PLACEMENT_3D('',#12494,#12495,#12496);
#12494 = CARTESIAN_POINT('',(-1.745E+03,-1.065E+03,155.));
#12495 = DIRECTION('',(-1.,2.832769448824E-16,0.));
#12496 = DIRECTION('',(-2.832769448824E-16,-1.,0.));
#12497 = PCURVE('',#1573,#12498);
#12498 = DEFINITIONAL_REPRESENTATION('',(#12499),#12503);
#12499 = LINE('',#12500,#12501);
#12500 = CARTESIAN_POINT('',(1.570796326795,-6.28318530718));
#12501 = VECTOR('',#12502,1.);
#12502 = DIRECTION('',(0.,1.));
#12503 = ( GEOMETRIC_REPRESENTATION_CONTEXT(2) 
PARAMETRIC_REPRESENTATION_CONTEXT() REPRESENTATION_CONTEXT('2D SPACE',''
  ) );
#12504 = PCURVE('',#1545,#12505);
#12505 = DEFINITIONAL_REPRESENTATION('',(#12506),#12510);
#12506 = LINE('',#12507,#12508);
#12507 = CARTESIAN_POINT('',(6.28318530718,35.));
#12508 = VECTOR('',#12509,1.);
#12509 = DIRECTION('',(-1.,-0.));
#12510 = ( GEOMETRIC_REPRESENTATION_CONTEXT(2) 
PARAMETRIC_REPRESENTATION_CONTEXT() REPRESENTATION_CONTEXT('2D SPACE',''
  ) );
#12511 = ORIENTED_EDGE('',*,*,#12512,.F.);
#12512 = EDGE_CURVE('',#6029,#12489,#12513,.T.);
#12513 = SURFACE_CURVE('',#12514,(#12519,#12526),.PCURVE_S1.);
#12514 = CIRCLE('',#12515,35.);
#12515 = AXIS2_PLACEMENT_3D('',#12516,#12517,#12518);
#12516 = CARTESIAN_POINT('',(-1.745E+03,-1.065E+03,155.));
#12517 = DIRECTION('',(0.,0.,1.));
#12518 = DIRECTION('',(-1.,0.,0.));
#12519 = PCURVE('',#1573,#12520);
#12520 = DEFINITIONAL_REPRESENTATION('',(#12521),#12525);
#12521 = LINE('',#12522,#12523);
#12522 = CARTESIAN_POINT('',(0.,0.));
#12523 = VECTOR('',#12524,1.);
#12524 = DIRECTION('',(1.,0.));
#12525 = ( GEOMETRIC_REPRESENTATION_CONTEXT(2) 
PARAMETRIC_REPRESENTATION_CONTEXT() REPRESENTATION_CONTEXT('2D SPACE',''
  ) );
#12526 = PCURVE('',#6066,#12527);
#12527 = DEFINITIONAL_REPRESENTATION('',(#12528),#12532);
#12528 = LINE('',#12529,#12530);
#12529 = CARTESIAN_POINT('',(0.,35.));
#12530 = VECTOR('',#12531,1.);
#12531 = DIRECTION('',(1.,0.));
#12532 = ( GEOMETRIC_REPRESENTATION_CONTEXT(2) 
PARAMETRIC_REPRESENTATION_CONTEXT() REPRESENTATION_CONTEXT('2D SPACE',''
  ) );
#12533 = ORIENTED_EDGE('',*,*,#6089,.F.);
#12534 = ADVANCED_FACE('',(#12535),#1545,.T.);
#12535 = FACE_BOUND('',#12536,.T.);
#12536 = EDGE_LOOP('',(#12537,#12538,#12539,#12563));
#12537 = ORIENTED_EDGE('',*,*,#12488,.F.);
#12538 = ORIENTED_EDGE('',*,*,#1530,.T.);
#12539 = ORIENTED_EDGE('',*,*,#12540,.T.);
#12540 = EDGE_CURVE('',#1502,#12541,#12543,.T.);
#12541 = VERTEX_POINT('',#12542);
#12542 = CARTESIAN_POINT('',(-1.655E+03,-1.1E+03,155.));
#12543 = SURFACE_CURVE('',#12544,(#12549,#12556),.PCURVE_S1.);
#12544 = CIRCLE('',#12545,35.);
#12545 = AXIS2_PLACEMENT_3D('',#12546,#12547,#12548);
#12546 = CARTESIAN_POINT('',(-1.655E+03,-1.065E+03,155.));
#12547 = DIRECTION('',(-1.,-2.832769448824E-16,0.));
#12548 = DIRECTION('',(2.832769448824E-16,-1.,-0.));
#12549 = PCURVE('',#1545,#12550);
#12550 = DEFINITIONAL_REPRESENTATION('',(#12551),#12555);
#12551 = LINE('',#12552,#12553);
#12552 = CARTESIAN_POINT('',(6.28318530718,125.));
#12553 = VECTOR('',#12554,1.);
#12554 = DIRECTION('',(-1.,-0.));
#12555 = ( GEOMETRIC_REPRESENTATION_CONTEXT(2) 
PARAMETRIC_REPRESENTATION_CONTEXT() REPRESENTATION_CONTEXT('2D SPACE',''
  ) );
#12556 = PCURVE('',#1518,#12557);
#12557 = DEFINITIONAL_REPRESENTATION('',(#12558),#12562);
#12558 = LINE('',#12559,#12560);
#12559 = CARTESIAN_POINT('',(-1.570796326795,-6.28318530718));
#12560 = VECTOR('',#12561,1.);
#12561 = DIRECTION('',(-0.,1.));
#12562 = ( GEOMETRIC_REPRESENTATION_CONTEXT(2) 
PARAMETRIC_REPRESENTATION_CONTEXT() REPRESENTATION_CONTEXT('2D SPACE',''
  ) );
#12563 = ORIENTED_EDGE('',*,*,#12564,.F.);
#12564 = EDGE_CURVE('',#12489,#12541,#12565,.T.);
#12565 = SURFACE_CURVE('',#12566,(#12570,#12577),.PCURVE_S1.);
#12566 = LINE('',#12567,#12568);
#12567 = CARTESIAN_POINT('',(-1.78E+03,-1.1E+03,155.));
#12568 = VECTOR('',#12569,1.);
#12569 = DIRECTION('',(1.,0.,0.));
#12570 = PCURVE('',#1545,#12571);
#12571 = DEFINITIONAL_REPRESENTATION('',(#12572),#12576);
#12572 = LINE('',#12573,#12574);
#12573 = CARTESIAN_POINT('',(0.,0.));
#12574 = VECTOR('',#12575,1.);
#12575 = DIRECTION('',(0.,1.));
#12576 = ( GEOMETRIC_REPRESENTATION_CONTEXT(2) 
PARAMETRIC_REPRESENTATION_CONTEXT() REPRESENTATION_CONTEXT('2D SPACE',''
  ) );
#12577 = PCURVE('',#12578,#12583);
#12578 = PLANE('',#12579);
#12579 = AXIS2_PLACEMENT_3D('',#12580,#12581,#12582);
#12580 = CARTESIAN_POINT('',(-1.78E+03,-1.1E+03,120.));
#12581 = DIRECTION('',(0.,1.,0.));
#12582 = DIRECTION('',(0.,0.,1.));
#12583 = DEFINITIONAL_REPRESENTATION('',(#12584),#12588);
#12584 = LINE('',#12585,#12586);
#12585 = CARTESIAN_POINT('',(35.,0.));
#12586 = VECTOR('',#12587,1.);
#12587 = DIRECTION('',(0.,1.));
#12588 = ( GEOMETRIC_REPRESENTATION_CONTEXT(2) 
PARAMETRIC_REPRESENTATION_CONTEXT() REPRESENTATION_CONTEXT('2D SPACE',''
  ) );
#12589 = ADVANCED_FACE('',(#12590),#1518,.T.);
#12590 = FACE_BOUND('',#12591,.F.);
#12591 = EDGE_LOOP('',(#12592,#12593,#12594,#12616));
#12592 = ORIENTED_EDGE('',*,*,#1501,.F.);
#12593 = ORIENTED_EDGE('',*,*,#12540,.T.);
#12594 = ORIENTED_EDGE('',*,*,#12595,.F.);
#12595 = EDGE_CURVE('',#5408,#12541,#12596,.T.);
#12596 = SURFACE_CURVE('',#12597,(#12602,#12609),.PCURVE_S1.);
#12597 = CIRCLE('',#12598,35.);
#12598 = AXIS2_PLACEMENT_3D('',#12599,#12600,#12601);
#12599 = CARTESIAN_POINT('',(-1.655E+03,-1.065E+03,155.));
#12600 = DIRECTION('',(0.,-0.,-1.));
#12601 = DIRECTION('',(1.,0.,-0.));
#12602 = PCURVE('',#1518,#12603);
#12603 = DEFINITIONAL_REPRESENTATION('',(#12604),#12608);
#12604 = LINE('',#12605,#12606);
#12605 = CARTESIAN_POINT('',(-0.,0.));
#12606 = VECTOR('',#12607,1.);
#12607 = DIRECTION('',(-1.,0.));
#12608 = ( GEOMETRIC_REPRESENTATION_CONTEXT(2) 
PARAMETRIC_REPRESENTATION_CONTEXT() REPRESENTATION_CONTEXT('2D SPACE',''
  ) );
#12609 = PCURVE('',#5540,#12610);
#12610 = DEFINITIONAL_REPRESENTATION('',(#12611),#12615);
#12611 = LINE('',#12612,#12613);
#12612 = CARTESIAN_POINT('',(-0.,35.));
#12613 = VECTOR('',#12614,1.);
#12614 = DIRECTION('',(-1.,0.));
#12615 = ( GEOMETRIC_REPRESENTATION_CONTEXT(2) 
PARAMETRIC_REPRESENTATION_CONTEXT() REPRESENTATION_CONTEXT('2D SPACE',''
  ) );
#12616 = ORIENTED_EDGE('',*,*,#5407,.T.);
#12617 = ADVANCED_FACE('',(#12618),#1466,.T.);
#12618 = FACE_BOUND('',#12619,.T.);
#12619 = EDGE_LOOP('',(#12620,#12621,#12645,#12667));
#12620 = ORIENTED_EDGE('',*,*,#1449,.T.);
#12621 = ORIENTED_EDGE('',*,*,#12622,.T.);
#12622 = EDGE_CURVE('',#1424,#12623,#12625,.T.);
#12623 = VERTEX_POINT('',#12624);
#12624 = CARTESIAN_POINT('',(-45.,-1.1E+03,155.));
#12625 = SURFACE_CURVE('',#12626,(#12631,#12638),.PCURVE_S1.);
#12626 = CIRCLE('',#12627,35.);
#12627 = AXIS2_PLACEMENT_3D('',#12628,#12629,#12630);
#12628 = CARTESIAN_POINT('',(-45.,-1.065E+03,155.));
#12629 = DIRECTION('',(-1.,2.832769448824E-16,0.));
#12630 = DIRECTION('',(-2.832769448824E-16,-1.,0.));
#12631 = PCURVE('',#1466,#12632);
#12632 = DEFINITIONAL_REPRESENTATION('',(#12633),#12637);
#12633 = LINE('',#12634,#12635);
#12634 = CARTESIAN_POINT('',(1.570796326795,-6.28318530718));
#12635 = VECTOR('',#12636,1.);
#12636 = DIRECTION('',(0.,1.));
#12637 = ( GEOMETRIC_REPRESENTATION_CONTEXT(2) 
PARAMETRIC_REPRESENTATION_CONTEXT() REPRESENTATION_CONTEXT('2D SPACE',''
  ) );
#12638 = PCURVE('',#1438,#12639);
#12639 = DEFINITIONAL_REPRESENTATION('',(#12640),#12644);
#12640 = LINE('',#12641,#12642);
#12641 = CARTESIAN_POINT('',(6.28318530718,35.));
#12642 = VECTOR('',#12643,1.);
#12643 = DIRECTION('',(-1.,-0.));
#12644 = ( GEOMETRIC_REPRESENTATION_CONTEXT(2) 
PARAMETRIC_REPRESENTATION_CONTEXT() REPRESENTATION_CONTEXT('2D SPACE',''
  ) );
#12645 = ORIENTED_EDGE('',*,*,#12646,.F.);
#12646 = EDGE_CURVE('',#5253,#12623,#12647,.T.);
#12647 = SURFACE_CURVE('',#12648,(#12653,#12660),.PCURVE_S1.);
#12648 = CIRCLE('',#12649,35.);
#12649 = AXIS2_PLACEMENT_3D('',#12650,#12651,#12652);
#12650 = CARTESIAN_POINT('',(-45.,-1.065E+03,155.));
#12651 = DIRECTION('',(0.,0.,1.));
#12652 = DIRECTION('',(-1.,0.,0.));
#12653 = PCURVE('',#1466,#12654);
#12654 = DEFINITIONAL_REPRESENTATION('',(#12655),#12659);
#12655 = LINE('',#12656,#12657);
#12656 = CARTESIAN_POINT('',(0.,0.));
#12657 = VECTOR('',#12658,1.);
#12658 = DIRECTION('',(1.,0.));
#12659 = ( GEOMETRIC_REPRESENTATION_CONTEXT(2) 
PARAMETRIC_REPRESENTATION_CONTEXT() REPRESENTATION_CONTEXT('2D SPACE',''
  ) );
#12660 = PCURVE('',#5290,#12661);
#12661 = DEFINITIONAL_REPRESENTATION('',(#12662),#12666);
#12662 = LINE('',#12663,#12664);
#12663 = CARTESIAN_POINT('',(0.,35.));
#12664 = VECTOR('',#12665,1.);
#12665 = DIRECTION('',(1.,0.));
#12666 = ( GEOMETRIC_REPRESENTATION_CONTEXT(2) 
PARAMETRIC_REPRESENTATION_CONTEXT() REPRESENTATION_CONTEXT('2D SPACE',''
  ) );
#12667 = ORIENTED_EDGE('',*,*,#5313,.F.);
#12668 = ADVANCED_FACE('',(#12669),#1438,.T.);
#12669 = FACE_BOUND('',#12670,.T.);
#12670 = EDGE_LOOP('',(#12671,#12672,#12673,#12697));
#12671 = ORIENTED_EDGE('',*,*,#12622,.F.);
#12672 = ORIENTED_EDGE('',*,*,#1423,.T.);
#12673 = ORIENTED_EDGE('',*,*,#12674,.T.);
#12674 = EDGE_CURVE('',#1395,#12675,#12677,.T.);
#12675 = VERTEX_POINT('',#12676);
#12676 = CARTESIAN_POINT('',(45.,-1.1E+03,155.));
#12677 = SURFACE_CURVE('',#12678,(#12683,#12690),.PCURVE_S1.);
#12678 = CIRCLE('',#12679,35.);
#12679 = AXIS2_PLACEMENT_3D('',#12680,#12681,#12682);
#12680 = CARTESIAN_POINT('',(45.,-1.065E+03,155.));
#12681 = DIRECTION('',(-1.,-2.832769448824E-16,0.));
#12682 = DIRECTION('',(2.832769448824E-16,-1.,-0.));
#12683 = PCURVE('',#1438,#12684);
#12684 = DEFINITIONAL_REPRESENTATION('',(#12685),#12689);
#12685 = LINE('',#12686,#12687);
#12686 = CARTESIAN_POINT('',(6.28318530718,125.));
#12687 = VECTOR('',#12688,1.);
#12688 = DIRECTION('',(-1.,-0.));
#12689 = ( GEOMETRIC_REPRESENTATION_CONTEXT(2) 
PARAMETRIC_REPRESENTATION_CONTEXT() REPRESENTATION_CONTEXT('2D SPACE',''
  ) );
#12690 = PCURVE('',#1411,#12691);
#12691 = DEFINITIONAL_REPRESENTATION('',(#12692),#12696);
#12692 = LINE('',#12693,#12694);
#12693 = CARTESIAN_POINT('',(-1.570796326795,-6.28318530718));
#12694 = VECTOR('',#12695,1.);
#12695 = DIRECTION('',(-0.,1.));
#12696 = ( GEOMETRIC_REPRESENTATION_CONTEXT(2) 
PARAMETRIC_REPRESENTATION_CONTEXT() REPRESENTATION_CONTEXT('2D SPACE',''
  ) );
#12697 = ORIENTED_EDGE('',*,*,#12698,.F.);
#12698 = EDGE_CURVE('',#12623,#12675,#12699,.T.);
#12699 = SURFACE_CURVE('',#12700,(#12704,#12711),.PCURVE_S1.);
#12700 = LINE('',#12701,#12702);
#12701 = CARTESIAN_POINT('',(-80.,-1.1E+03,155.));
#12702 = VECTOR('',#12703,1.);
#12703 = DIRECTION('',(1.,0.,0.));
#12704 = PCURVE('',#1438,#12705);
#12705 = DEFINITIONAL_REPRESENTATION('',(#12706),#12710);
#12706 = LINE('',#12707,#12708);
#12707 = CARTESIAN_POINT('',(0.,0.));
#12708 = VECTOR('',#12709,1.);
#12709 = DIRECTION('',(0.,1.));
#12710 = ( GEOMETRIC_REPRESENTATION_CONTEXT(2) 
PARAMETRIC_REPRESENTATION_CONTEXT() REPRESENTATION_CONTEXT('2D SPACE',''
  ) );
#12711 = PCURVE('',#12712,#12717);
#12712 = PLANE('',#12713);
#12713 = AXIS2_PLACEMENT_3D('',#12714,#12715,#12716);
#12714 = CARTESIAN_POINT('',(-80.,-1.1E+03,120.));
#12715 = DIRECTION('',(0.,1.,0.));
#12716 = DIRECTION('',(0.,0.,1.));
#12717 = DEFINITIONAL_REPRESENTATION('',(#12718),#12722);
#12718 = LINE('',#12719,#12720);
#12719 = CARTESIAN_POINT('',(35.,0.));
#12720 = VECTOR('',#12721,1.);
#12721 = DIRECTION('',(0.,1.));
#12722 = ( GEOMETRIC_REPRESENTATION_CONTEXT(2) 
PARAMETRIC_REPRESENTATION_CONTEXT() REPRESENTATION_CONTEXT('2D SPACE',''
  ) );
#12723 = ADVANCED_FACE('',(#12724),#1411,.T.);
#12724 = FACE_BOUND('',#12725,.F.);
#12725 = EDGE_LOOP('',(#12726,#12727,#12728,#12750));
#12726 = ORIENTED_EDGE('',*,*,#1394,.F.);
#12727 = ORIENTED_EDGE('',*,*,#12674,.T.);
#12728 = ORIENTED_EDGE('',*,*,#12729,.F.);
#12729 = EDGE_CURVE('',#4611,#12675,#12730,.T.);
#12730 = SURFACE_CURVE('',#12731,(#12736,#12743),.PCURVE_S1.);
#12731 = CIRCLE('',#12732,35.);
#12732 = AXIS2_PLACEMENT_3D('',#12733,#12734,#12735);
#12733 = CARTESIAN_POINT('',(45.,-1.065E+03,155.));
#12734 = DIRECTION('',(0.,-0.,-1.));
#12735 = DIRECTION('',(1.,0.,-0.));
#12736 = PCURVE('',#1411,#12737);
#12737 = DEFINITIONAL_REPRESENTATION('',(#12738),#12742);
#12738 = LINE('',#12739,#12740);
#12739 = CARTESIAN_POINT('',(-0.,0.));
#12740 = VECTOR('',#12741,1.);
#12741 = DIRECTION('',(-1.,0.));
#12742 = ( GEOMETRIC_REPRESENTATION_CONTEXT(2) 
PARAMETRIC_REPRESENTATION_CONTEXT() REPRESENTATION_CONTEXT('2D SPACE',''
  ) );
#12743 = PCURVE('',#4743,#12744);
#12744 = DEFINITIONAL_REPRESENTATION('',(#12745),#12749);
#12745 = LINE('',#12746,#12747);
#12746 = CARTESIAN_POINT('',(-0.,35.));
#12747 = VECTOR('',#12748,1.);
#12748 = DIRECTION('',(-1.,0.));
#12749 = ( GEOMETRIC_REPRESENTATION_CONTEXT(2) 
PARAMETRIC_REPRESENTATION_CONTEXT() REPRESENTATION_CONTEXT('2D SPACE',''
  ) );
#12750 = ORIENTED_EDGE('',*,*,#4610,.T.);
#12751 = ADVANCED_FACE('',(#12752),#1359,.T.);
#12752 = FACE_BOUND('',#12753,.T.);
#12753 = EDGE_LOOP('',(#12754,#12755,#12779,#12801));
#12754 = ORIENTED_EDGE('',*,*,#1342,.T.);
#12755 = ORIENTED_EDGE('',*,*,#12756,.T.);
#12756 = EDGE_CURVE('',#1317,#12757,#12759,.T.);
#12757 = VERTEX_POINT('',#12758);
#12758 = CARTESIAN_POINT('',(1.655E+03,-1.1E+03,155.));
#12759 = SURFACE_CURVE('',#12760,(#12765,#12772),.PCURVE_S1.);
#12760 = CIRCLE('',#12761,35.);
#12761 = AXIS2_PLACEMENT_3D('',#12762,#12763,#12764);
#12762 = CARTESIAN_POINT('',(1.655E+03,-1.065E+03,155.));
#12763 = DIRECTION('',(-1.,2.832769448824E-16,0.));
#12764 = DIRECTION('',(-2.832769448824E-16,-1.,0.));
#12765 = PCURVE('',#1359,#12766);
#12766 = DEFINITIONAL_REPRESENTATION('',(#12767),#12771);
#12767 = LINE('',#12768,#12769);
#12768 = CARTESIAN_POINT('',(1.570796326795,-6.28318530718));
#12769 = VECTOR('',#12770,1.);
#12770 = DIRECTION('',(0.,1.));
#12771 = ( GEOMETRIC_REPRESENTATION_CONTEXT(2) 
PARAMETRIC_REPRESENTATION_CONTEXT() REPRESENTATION_CONTEXT('2D SPACE',''
  ) );
#12772 = PCURVE('',#1331,#12773);
#12773 = DEFINITIONAL_REPRESENTATION('',(#12774),#12778);
#12774 = LINE('',#12775,#12776);
#12775 = CARTESIAN_POINT('',(6.28318530718,35.));
#12776 = VECTOR('',#12777,1.);
#12777 = DIRECTION('',(-1.,-0.));
#12778 = ( GEOMETRIC_REPRESENTATION_CONTEXT(2) 
PARAMETRIC_REPRESENTATION_CONTEXT() REPRESENTATION_CONTEXT('2D SPACE',''
  ) );
#12779 = ORIENTED_EDGE('',*,*,#12780,.F.);
#12780 = EDGE_CURVE('',#4456,#12757,#12781,.T.);
#12781 = SURFACE_CURVE('',#12782,(#12787,#12794),.PCURVE_S1.);
#12782 = CIRCLE('',#12783,35.);
#12783 = AXIS2_PLACEMENT_3D('',#12784,#12785,#12786);
#12784 = CARTESIAN_POINT('',(1.655E+03,-1.065E+03,155.));
#12785 = DIRECTION('',(0.,0.,1.));
#12786 = DIRECTION('',(-1.,0.,0.));
#12787 = PCURVE('',#1359,#12788);
#12788 = DEFINITIONAL_REPRESENTATION('',(#12789),#12793);
#12789 = LINE('',#12790,#12791);
#12790 = CARTESIAN_POINT('',(0.,0.));
#12791 = VECTOR('',#12792,1.);
#12792 = DIRECTION('',(1.,0.));
#12793 = ( GEOMETRIC_REPRESENTATION_CONTEXT(2) 
PARAMETRIC_REPRESENTATION_CONTEXT() REPRESENTATION_CONTEXT('2D SPACE',''
  ) );
#12794 = PCURVE('',#4493,#12795);
#12795 = DEFINITIONAL_REPRESENTATION('',(#12796),#12800);
#12796 = LINE('',#12797,#12798);
#12797 = CARTESIAN_POINT('',(0.,35.));
#12798 = VECTOR('',#12799,1.);
#12799 = DIRECTION('',(1.,0.));
#12800 = ( GEOMETRIC_REPRESENTATION_CONTEXT(2) 
PARAMETRIC_REPRESENTATION_CONTEXT() REPRESENTATION_CONTEXT('2D SPACE',''
  ) );
#12801 = ORIENTED_EDGE('',*,*,#4516,.F.);
#12802 = ADVANCED_FACE('',(#12803),#1331,.T.);
#12803 = FACE_BOUND('',#12804,.T.);
#12804 = EDGE_LOOP('',(#12805,#12806,#12807,#12831));
#12805 = ORIENTED_EDGE('',*,*,#12756,.F.);
#12806 = ORIENTED_EDGE('',*,*,#1316,.T.);
#12807 = ORIENTED_EDGE('',*,*,#12808,.T.);
#12808 = EDGE_CURVE('',#1288,#12809,#12811,.T.);
#12809 = VERTEX_POINT('',#12810);
#12810 = CARTESIAN_POINT('',(1.745E+03,-1.1E+03,155.));
#12811 = SURFACE_CURVE('',#12812,(#12817,#12824),.PCURVE_S1.);
#12812 = CIRCLE('',#12813,35.);
#12813 = AXIS2_PLACEMENT_3D('',#12814,#12815,#12816);
#12814 = CARTESIAN_POINT('',(1.745E+03,-1.065E+03,155.));
#12815 = DIRECTION('',(-1.,-2.832769448824E-16,0.));
#12816 = DIRECTION('',(2.832769448824E-16,-1.,-0.));
#12817 = PCURVE('',#1331,#12818);
#12818 = DEFINITIONAL_REPRESENTATION('',(#12819),#12823);
#12819 = LINE('',#12820,#12821);
#12820 = CARTESIAN_POINT('',(6.28318530718,125.));
#12821 = VECTOR('',#12822,1.);
#12822 = DIRECTION('',(-1.,-0.));
#12823 = ( GEOMETRIC_REPRESENTATION_CONTEXT(2) 
PARAMETRIC_REPRESENTATION_CONTEXT() REPRESENTATION_CONTEXT('2D SPACE',''
  ) );
#12824 = PCURVE('',#1304,#12825);
#12825 = DEFINITIONAL_REPRESENTATION('',(#12826),#12830);
#12826 = LINE('',#12827,#12828);
#12827 = CARTESIAN_POINT('',(-1.570796326795,-6.28318530718));
#12828 = VECTOR('',#12829,1.);
#12829 = DIRECTION('',(-0.,1.));
#12830 = ( GEOMETRIC_REPRESENTATION_CONTEXT(2) 
PARAMETRIC_REPRESENTATION_CONTEXT() REPRESENTATION_CONTEXT('2D SPACE',''
  ) );
#12831 = ORIENTED_EDGE('',*,*,#12832,.F.);
#12832 = EDGE_CURVE('',#12757,#12809,#12833,.T.);
#12833 = SURFACE_CURVE('',#12834,(#12838,#12845),.PCURVE_S1.);
#12834 = LINE('',#12835,#12836);
#12835 = CARTESIAN_POINT('',(1.62E+03,-1.1E+03,155.));
#12836 = VECTOR('',#12837,1.);
#12837 = DIRECTION('',(1.,0.,0.));
#12838 = PCURVE('',#1331,#12839);
#12839 = DEFINITIONAL_REPRESENTATION('',(#12840),#12844);
#12840 = LINE('',#12841,#12842);
#12841 = CARTESIAN_POINT('',(0.,0.));
#12842 = VECTOR('',#12843,1.);
#12843 = DIRECTION('',(0.,1.));
#12844 = ( GEOMETRIC_REPRESENTATION_CONTEXT(2) 
PARAMETRIC_REPRESENTATION_CONTEXT() REPRESENTATION_CONTEXT('2D SPACE',''
  ) );
#12845 = PCURVE('',#12846,#12851);
#12846 = PLANE('',#12847);
#12847 = AXIS2_PLACEMENT_3D('',#12848,#12849,#12850);
#12848 = CARTESIAN_POINT('',(1.62E+03,-1.1E+03,120.));
#12849 = DIRECTION('',(0.,1.,0.));
#12850 = DIRECTION('',(0.,0.,1.));
#12851 = DEFINITIONAL_REPRESENTATION('',(#12852),#12856);
#12852 = LINE('',#12853,#12854);
#12853 = CARTESIAN_POINT('',(35.,0.));
#12854 = VECTOR('',#12855,1.);
#12855 = DIRECTION('',(0.,1.));
#12856 = ( GEOMETRIC_REPRESENTATION_CONTEXT(2) 
PARAMETRIC_REPRESENTATION_CONTEXT() REPRESENTATION_CONTEXT('2D SPACE',''
  ) );
#12857 = ADVANCED_FACE('',(#12858),#1304,.T.);
#12858 = FACE_BOUND('',#12859,.F.);
#12859 = EDGE_LOOP('',(#12860,#12861,#12862,#12884));
#12860 = ORIENTED_EDGE('',*,*,#1287,.F.);
#12861 = ORIENTED_EDGE('',*,*,#12808,.T.);
#12862 = ORIENTED_EDGE('',*,*,#12863,.F.);
#12863 = EDGE_CURVE('',#3835,#12809,#12864,.T.);
#12864 = SURFACE_CURVE('',#12865,(#12870,#12877),.PCURVE_S1.);
#12865 = CIRCLE('',#12866,35.);
#12866 = AXIS2_PLACEMENT_3D('',#12867,#12868,#12869);
#12867 = CARTESIAN_POINT('',(1.745E+03,-1.065E+03,155.));
#12868 = DIRECTION('',(0.,-0.,-1.));
#12869 = DIRECTION('',(1.,0.,-0.));
#12870 = PCURVE('',#1304,#12871);
#12871 = DEFINITIONAL_REPRESENTATION('',(#12872),#12876);
#12872 = LINE('',#12873,#12874);
#12873 = CARTESIAN_POINT('',(-0.,0.));
#12874 = VECTOR('',#12875,1.);
#12875 = DIRECTION('',(-1.,0.));
#12876 = ( GEOMETRIC_REPRESENTATION_CONTEXT(2) 
PARAMETRIC_REPRESENTATION_CONTEXT() REPRESENTATION_CONTEXT('2D SPACE',''
  ) );
#12877 = PCURVE('',#3967,#12878);
#12878 = DEFINITIONAL_REPRESENTATION('',(#12879),#12883);
#12879 = LINE('',#12880,#12881);
#12880 = CARTESIAN_POINT('',(-0.,35.));
#12881 = VECTOR('',#12882,1.);
#12882 = DIRECTION('',(-1.,0.));
#12883 = ( GEOMETRIC_REPRESENTATION_CONTEXT(2) 
PARAMETRIC_REPRESENTATION_CONTEXT() REPRESENTATION_CONTEXT('2D SPACE',''
  ) );
#12884 = ORIENTED_EDGE('',*,*,#3834,.T.);
#12885 = ADVANCED_FACE('',(#12886),#2559,.T.);
#12886 = FACE_BOUND('',#12887,.T.);
#12887 = EDGE_LOOP('',(#12888,#12909,#12931,#12932));
#12888 = ORIENTED_EDGE('',*,*,#12889,.F.);
#12889 = EDGE_CURVE('',#2788,#3758,#12890,.T.);
#12890 = SURFACE_CURVE('',#12891,(#12895,#12902),.PCURVE_S1.);
#12891 = LINE('',#12892,#12893);
#12892 = CARTESIAN_POINT('',(2.6E+03,1.19E+03,-130.));
#12893 = VECTOR('',#12894,1.);
#12894 = DIRECTION('',(0.,0.,1.));
#12895 = PCURVE('',#2559,#12896);
#12896 = DEFINITIONAL_REPRESENTATION('',(#12897),#12901);
#12897 = LINE('',#12898,#12899);
#12898 = CARTESIAN_POINT('',(0.,0.));
#12899 = VECTOR('',#12900,1.);
#12900 = DIRECTION('',(0.,1.));
#12901 = ( GEOMETRIC_REPRESENTATION_CONTEXT(2) 
PARAMETRIC_REPRESENTATION_CONTEXT() REPRESENTATION_CONTEXT('2D SPACE',''
  ) );
#12902 = PCURVE('',#2675,#12903);
#12903 = DEFINITIONAL_REPRESENTATION('',(#12904),#12908);
#12904 = LINE('',#12905,#12906);
#12905 = CARTESIAN_POINT('',(0.,-2.49E+03));
#12906 = VECTOR('',#12907,1.);
#12907 = DIRECTION('',(1.,0.));
#12908 = ( GEOMETRIC_REPRESENTATION_CONTEXT(2) 
PARAMETRIC_REPRESENTATION_CONTEXT() REPRESENTATION_CONTEXT('2D SPACE',''
  ) );
#12909 = ORIENTED_EDGE('',*,*,#12910,.T.);
#12910 = EDGE_CURVE('',#2788,#2544,#12911,.T.);
#12911 = SURFACE_CURVE('',#12912,(#12917,#12924),.PCURVE_S1.);
#12912 = CIRCLE('',#12913,110.);
#12913 = AXIS2_PLACEMENT_3D('',#12914,#12915,#12916);
#12914 = CARTESIAN_POINT('',(2.49E+03,1.19E+03,-20.));
#12915 = DIRECTION('',(0.,0.,1.));
#12916 = DIRECTION('',(1.,0.,-0.));
#12917 = PCURVE('',#2559,#12918);
#12918 = DEFINITIONAL_REPRESENTATION('',(#12919),#12923);
#12919 = LINE('',#12920,#12921);
#12920 = CARTESIAN_POINT('',(0.,110.));
#12921 = VECTOR('',#12922,1.);
#12922 = DIRECTION('',(1.,0.));
#12923 = ( GEOMETRIC_REPRESENTATION_CONTEXT(2) 
PARAMETRIC_REPRESENTATION_CONTEXT() REPRESENTATION_CONTEXT('2D SPACE',''
  ) );
#12924 = PCURVE('',#2751,#12925);
#12925 = DEFINITIONAL_REPRESENTATION('',(#12926),#12930);
#12926 = LINE('',#12927,#12928);
#12927 = CARTESIAN_POINT('',(0.,0.));
#12928 = VECTOR('',#12929,1.);
#12929 = DIRECTION('',(1.,0.));
#12930 = ( GEOMETRIC_REPRESENTATION_CONTEXT(2) 
PARAMETRIC_REPRESENTATION_CONTEXT() REPRESENTATION_CONTEXT('2D SPACE',''
  ) );
#12931 = ORIENTED_EDGE('',*,*,#2543,.T.);
#12932 = ORIENTED_EDGE('',*,*,#12933,.T.);
#12933 = EDGE_CURVE('',#2521,#3758,#12934,.T.);
#12934 = SURFACE_CURVE('',#12935,(#12940,#12946),.PCURVE_S1.);
#12935 = CIRCLE('',#12936,110.);
#12936 = AXIS2_PLACEMENT_3D('',#12937,#12938,#12939);
#12937 = CARTESIAN_POINT('',(2.49E+03,1.19E+03,20.));
#12938 = DIRECTION('',(-3.229739708E-17,0.,-1.));
#12939 = DIRECTION('',(1.,0.,-3.229739708E-17));
#12940 = PCURVE('',#2559,#12941);
#12941 = DEFINITIONAL_REPRESENTATION('',(#12942),#12945);
#12942 = B_SPLINE_CURVE_WITH_KNOTS('',1,(#12943,#12944),.UNSPECIFIED.,
  .F.,.F.,(2,2),(4.712388980385,6.28318530718),
  .PIECEWISE_BEZIER_KNOTS.);
#12943 = CARTESIAN_POINT('',(1.570796326795,150.));
#12944 = CARTESIAN_POINT('',(0.,150.));
#12945 = ( GEOMETRIC_REPRESENTATION_CONTEXT(2) 
PARAMETRIC_REPRESENTATION_CONTEXT() REPRESENTATION_CONTEXT('2D SPACE',''
  ) );
#12946 = PCURVE('',#3721,#12947);
#12947 = DEFINITIONAL_REPRESENTATION('',(#12948),#12951);
#12948 = B_SPLINE_CURVE_WITH_KNOTS('',1,(#12949,#12950),.UNSPECIFIED.,
  .F.,.F.,(2,2),(4.712388980385,6.28318530718),
  .PIECEWISE_BEZIER_KNOTS.);
#12949 = CARTESIAN_POINT('',(0.,-1.570796326795));
#12950 = CARTESIAN_POINT('',(0.,0.));
#12951 = ( GEOMETRIC_REPRESENTATION_CONTEXT(2) 
PARAMETRIC_REPRESENTATION_CONTEXT() REPRESENTATION_CONTEXT('2D SPACE',''
  ) );
#12952 = ADVANCED_FACE('',(#12953),#2611,.T.);
#12953 = FACE_BOUND('',#12954,.F.);
#12954 = EDGE_LOOP('',(#12955,#12956,#12957));
#12955 = ORIENTED_EDGE('',*,*,#2766,.F.);
#12956 = ORIENTED_EDGE('',*,*,#2597,.T.);
#12957 = ORIENTED_EDGE('',*,*,#2687,.F.);
#12958 = ADVANCED_FACE('',(#12959),#2642,.T.);
#12959 = FACE_BOUND('',#12960,.T.);
#12960 = EDGE_LOOP('',(#12961,#12962,#12963));
#12961 = ORIENTED_EDGE('',*,*,#3736,.F.);
#12962 = ORIENTED_EDGE('',*,*,#2628,.T.);
#12963 = ORIENTED_EDGE('',*,*,#2710,.F.);
#12964 = ADVANCED_FACE('',(#12965),#2675,.T.);
#12965 = FACE_BOUND('',#12966,.T.);
#12966 = EDGE_LOOP('',(#12967,#12968,#12969,#12970));
#12967 = ORIENTED_EDGE('',*,*,#2657,.F.);
#12968 = ORIENTED_EDGE('',*,*,#2809,.T.);
#12969 = ORIENTED_EDGE('',*,*,#12889,.T.);
#12970 = ORIENTED_EDGE('',*,*,#3781,.F.);
#12971 = ADVANCED_FACE('',(#12972),#2751,.T.);
#12972 = FACE_BOUND('',#12973,.T.);
#12973 = EDGE_LOOP('',(#12974,#12975,#12976));
#12974 = ORIENTED_EDGE('',*,*,#2787,.F.);
#12975 = ORIENTED_EDGE('',*,*,#2737,.T.);
#12976 = ORIENTED_EDGE('',*,*,#12910,.F.);
#12977 = ADVANCED_FACE('',(#12978),#2873,.T.);
#12978 = FACE_BOUND('',#12979,.T.);
#12979 = EDGE_LOOP('',(#12980,#13004,#13026));
#12980 = ORIENTED_EDGE('',*,*,#12981,.F.);
#12981 = EDGE_CURVE('',#12982,#2834,#12984,.T.);
#12982 = VERTEX_POINT('',#12983);
#12983 = CARTESIAN_POINT('',(-1.245E+03,-795.,-625.));
#12984 = SURFACE_CURVE('',#12985,(#12990,#12997),.PCURVE_S1.);
#12985 = CIRCLE('',#12986,55.);
#12986 = AXIS2_PLACEMENT_3D('',#12987,#12988,#12989);
#12987 = CARTESIAN_POINT('',(-1.245E+03,-795.,-570.));
#12988 = DIRECTION('',(3.229739708E-17,1.,-0.));
#12989 = DIRECTION('',(-1.,3.229739708E-17,0.));
#12990 = PCURVE('',#2873,#12991);
#12991 = DEFINITIONAL_REPRESENTATION('',(#12992),#12996);
#12992 = LINE('',#12993,#12994);
#12993 = CARTESIAN_POINT('',(0.,-6.28318530718));
#12994 = VECTOR('',#12995,1.);
#12995 = DIRECTION('',(0.,1.));
#12996 = ( GEOMETRIC_REPRESENTATION_CONTEXT(2) 
PARAMETRIC_REPRESENTATION_CONTEXT() REPRESENTATION_CONTEXT('2D SPACE',''
  ) );
#12997 = PCURVE('',#3252,#12998);
#12998 = DEFINITIONAL_REPRESENTATION('',(#12999),#13003);
#12999 = LINE('',#13000,#13001);
#13000 = CARTESIAN_POINT('',(-6.28318530718,55.));
#13001 = VECTOR('',#13002,1.);
#13002 = DIRECTION('',(1.,-0.));
#13003 = ( GEOMETRIC_REPRESENTATION_CONTEXT(2) 
PARAMETRIC_REPRESENTATION_CONTEXT() REPRESENTATION_CONTEXT('2D SPACE',''
  ) );
#13004 = ORIENTED_EDGE('',*,*,#13005,.T.);
#13005 = EDGE_CURVE('',#12982,#2857,#13006,.T.);
#13006 = SURFACE_CURVE('',#13007,(#13012,#13019),.PCURVE_S1.);
#13007 = CIRCLE('',#13008,55.);
#13008 = AXIS2_PLACEMENT_3D('',#13009,#13010,#13011);
#13009 = CARTESIAN_POINT('',(-1.245E+03,-795.,-570.));
#13010 = DIRECTION('',(-1.,9.352973703737E-17,0.));
#13011 = DIRECTION('',(-9.352973703737E-17,-1.,0.));
#13012 = PCURVE('',#2873,#13013);
#13013 = DEFINITIONAL_REPRESENTATION('',(#13014),#13018);
#13014 = LINE('',#13015,#13016);
#13015 = CARTESIAN_POINT('',(1.570796326795,-6.28318530718));
#13016 = VECTOR('',#13017,1.);
#13017 = DIRECTION('',(0.,1.));
#13018 = ( GEOMETRIC_REPRESENTATION_CONTEXT(2) 
PARAMETRIC_REPRESENTATION_CONTEXT() REPRESENTATION_CONTEXT('2D SPACE',''
  ) );
#13019 = PCURVE('',#2926,#13020);
#13020 = DEFINITIONAL_REPRESENTATION('',(#13021),#13025);
#13021 = LINE('',#13022,#13023);
#13022 = CARTESIAN_POINT('',(6.28318530718,55.));
#13023 = VECTOR('',#13024,1.);
#13024 = DIRECTION('',(-1.,-0.));
#13025 = ( GEOMETRIC_REPRESENTATION_CONTEXT(2) 
PARAMETRIC_REPRESENTATION_CONTEXT() REPRESENTATION_CONTEXT('2D SPACE',''
  ) );
#13026 = ORIENTED_EDGE('',*,*,#2856,.F.);
#13027 = ADVANCED_FACE('',(#13028),#2926,.T.);
#13028 = FACE_BOUND('',#13029,.T.);
#13029 = EDGE_LOOP('',(#13030,#13031,#13059,#13081));
#13030 = ORIENTED_EDGE('',*,*,#13005,.F.);
#13031 = ORIENTED_EDGE('',*,*,#13032,.T.);
#13032 = EDGE_CURVE('',#12982,#13033,#13035,.T.);
#13033 = VERTEX_POINT('',#13034);
#13034 = CARTESIAN_POINT('',(1.245E+03,-795.,-625.));
#13035 = SURFACE_CURVE('',#13036,(#13040,#13047),.PCURVE_S1.);
#13036 = LINE('',#13037,#13038);
#13037 = CARTESIAN_POINT('',(-1.3E+03,-795.,-625.));
#13038 = VECTOR('',#13039,1.);
#13039 = DIRECTION('',(1.,0.,0.));
#13040 = PCURVE('',#2926,#13041);
#13041 = DEFINITIONAL_REPRESENTATION('',(#13042),#13046);
#13042 = LINE('',#13043,#13044);
#13043 = CARTESIAN_POINT('',(1.570796326795,0.));
#13044 = VECTOR('',#13045,1.);
#13045 = DIRECTION('',(0.,1.));
#13046 = ( GEOMETRIC_REPRESENTATION_CONTEXT(2) 
PARAMETRIC_REPRESENTATION_CONTEXT() REPRESENTATION_CONTEXT('2D SPACE',''
  ) );
#13047 = PCURVE('',#13048,#13053);
#13048 = PLANE('',#13049);
#13049 = AXIS2_PLACEMENT_3D('',#13050,#13051,#13052);
#13050 = CARTESIAN_POINT('',(-1.3E+03,-850.,-625.));
#13051 = DIRECTION('',(0.,0.,1.));
#13052 = DIRECTION('',(1.,0.,0.));
#13053 = DEFINITIONAL_REPRESENTATION('',(#13054),#13058);
#13054 = LINE('',#13055,#13056);
#13055 = CARTESIAN_POINT('',(0.,55.));
#13056 = VECTOR('',#13057,1.);
#13057 = DIRECTION('',(1.,0.));
#13058 = ( GEOMETRIC_REPRESENTATION_CONTEXT(2) 
PARAMETRIC_REPRESENTATION_CONTEXT() REPRESENTATION_CONTEXT('2D SPACE',''
  ) );
#13059 = ORIENTED_EDGE('',*,*,#13060,.T.);
#13060 = EDGE_CURVE('',#13033,#2911,#13061,.T.);
#13061 = SURFACE_CURVE('',#13062,(#13067,#13074),.PCURVE_S1.);
#13062 = CIRCLE('',#13063,55.);
#13063 = AXIS2_PLACEMENT_3D('',#13064,#13065,#13066);
#13064 = CARTESIAN_POINT('',(1.245E+03,-795.,-570.));
#13065 = DIRECTION('',(-1.,-9.352973703737E-17,0.));
#13066 = DIRECTION('',(9.352973703737E-17,-1.,-0.));
#13067 = PCURVE('',#2926,#13068);
#13068 = DEFINITIONAL_REPRESENTATION('',(#13069),#13073);
#13069 = LINE('',#13070,#13071);
#13070 = CARTESIAN_POINT('',(6.28318530718,2.545E+03));
#13071 = VECTOR('',#13072,1.);
#13072 = DIRECTION('',(-1.,-0.));
#13073 = ( GEOMETRIC_REPRESENTATION_CONTEXT(2) 
PARAMETRIC_REPRESENTATION_CONTEXT() REPRESENTATION_CONTEXT('2D SPACE',''
  ) );
#13074 = PCURVE('',#3002,#13075);
#13075 = DEFINITIONAL_REPRESENTATION('',(#13076),#13080);
#13076 = LINE('',#13077,#13078);
#13077 = CARTESIAN_POINT('',(-1.570796326795,-6.28318530718));
#13078 = VECTOR('',#13079,1.);
#13079 = DIRECTION('',(-0.,1.));
#13080 = ( GEOMETRIC_REPRESENTATION_CONTEXT(2) 
PARAMETRIC_REPRESENTATION_CONTEXT() REPRESENTATION_CONTEXT('2D SPACE',''
  ) );
#13081 = ORIENTED_EDGE('',*,*,#2910,.F.);
#13082 = ADVANCED_FACE('',(#13083),#3002,.T.);
#13083 = FACE_BOUND('',#13084,.F.);
#13084 = EDGE_LOOP('',(#13085,#13107,#13108));
#13085 = ORIENTED_EDGE('',*,*,#13086,.F.);
#13086 = EDGE_CURVE('',#13033,#2965,#13087,.T.);
#13087 = SURFACE_CURVE('',#13088,(#13093,#13100),.PCURVE_S1.);
#13088 = CIRCLE('',#13089,55.);
#13089 = AXIS2_PLACEMENT_3D('',#13090,#13091,#13092);
#13090 = CARTESIAN_POINT('',(1.245E+03,-795.,-570.));
#13091 = DIRECTION('',(3.229739708E-17,-1.,0.));
#13092 = DIRECTION('',(1.,3.229739708E-17,0.));
#13093 = PCURVE('',#3002,#13094);
#13094 = DEFINITIONAL_REPRESENTATION('',(#13095),#13099);
#13095 = LINE('',#13096,#13097);
#13096 = CARTESIAN_POINT('',(-0.,-6.28318530718));
#13097 = VECTOR('',#13098,1.);
#13098 = DIRECTION('',(-0.,1.));
#13099 = ( GEOMETRIC_REPRESENTATION_CONTEXT(2) 
PARAMETRIC_REPRESENTATION_CONTEXT() REPRESENTATION_CONTEXT('2D SPACE',''
  ) );
#13100 = PCURVE('',#3036,#13101);
#13101 = DEFINITIONAL_REPRESENTATION('',(#13102),#13106);
#13102 = LINE('',#13103,#13104);
#13103 = CARTESIAN_POINT('',(6.28318530718,55.));
#13104 = VECTOR('',#13105,1.);
#13105 = DIRECTION('',(-1.,-0.));
#13106 = ( GEOMETRIC_REPRESENTATION_CONTEXT(2) 
PARAMETRIC_REPRESENTATION_CONTEXT() REPRESENTATION_CONTEXT('2D SPACE',''
  ) );
#13107 = ORIENTED_EDGE('',*,*,#13060,.T.);
#13108 = ORIENTED_EDGE('',*,*,#2987,.F.);
#13109 = ADVANCED_FACE('',(#13110),#3036,.T.);
#13110 = FACE_BOUND('',#13111,.T.);
#13111 = EDGE_LOOP('',(#13112,#13113,#13136,#13158));
#13112 = ORIENTED_EDGE('',*,*,#13086,.F.);
#13113 = ORIENTED_EDGE('',*,*,#13114,.T.);
#13114 = EDGE_CURVE('',#13033,#13115,#13117,.T.);
#13115 = VERTEX_POINT('',#13116);
#13116 = CARTESIAN_POINT('',(1.245E+03,-765.,-625.));
#13117 = SURFACE_CURVE('',#13118,(#13122,#13129),.PCURVE_S1.);
#13118 = LINE('',#13119,#13120);
#13119 = CARTESIAN_POINT('',(1.245E+03,-850.,-625.));
#13120 = VECTOR('',#13121,1.);
#13121 = DIRECTION('',(0.,1.,0.));
#13122 = PCURVE('',#3036,#13123);
#13123 = DEFINITIONAL_REPRESENTATION('',(#13124),#13128);
#13124 = LINE('',#13125,#13126);
#13125 = CARTESIAN_POINT('',(1.570796326795,0.));
#13126 = VECTOR('',#13127,1.);
#13127 = DIRECTION('',(0.,1.));
#13128 = ( GEOMETRIC_REPRESENTATION_CONTEXT(2) 
PARAMETRIC_REPRESENTATION_CONTEXT() REPRESENTATION_CONTEXT('2D SPACE',''
  ) );
#13129 = PCURVE('',#13048,#13130);
#13130 = DEFINITIONAL_REPRESENTATION('',(#13131),#13135);
#13131 = LINE('',#13132,#13133);
#13132 = CARTESIAN_POINT('',(2.545E+03,0.));
#13133 = VECTOR('',#13134,1.);
#13134 = DIRECTION('',(0.,1.));
#13135 = ( GEOMETRIC_REPRESENTATION_CONTEXT(2) 
PARAMETRIC_REPRESENTATION_CONTEXT() REPRESENTATION_CONTEXT('2D SPACE',''
  ) );
#13136 = ORIENTED_EDGE('',*,*,#13137,.T.);
#13137 = EDGE_CURVE('',#13115,#3021,#13138,.T.);
#13138 = SURFACE_CURVE('',#13139,(#13144,#13151),.PCURVE_S1.);
#13139 = CIRCLE('',#13140,55.);
#13140 = AXIS2_PLACEMENT_3D('',#13141,#13142,#13143);
#13141 = CARTESIAN_POINT('',(1.245E+03,-765.,-570.));
#13142 = DIRECTION('',(-3.229739708E-17,-1.,0.));
#13143 = DIRECTION('',(1.,-3.229739708E-17,0.));
#13144 = PCURVE('',#3036,#13145);
#13145 = DEFINITIONAL_REPRESENTATION('',(#13146),#13150);
#13146 = LINE('',#13147,#13148);
#13147 = CARTESIAN_POINT('',(6.28318530718,85.));
#13148 = VECTOR('',#13149,1.);
#13149 = DIRECTION('',(-1.,-0.));
#13150 = ( GEOMETRIC_REPRESENTATION_CONTEXT(2) 
PARAMETRIC_REPRESENTATION_CONTEXT() REPRESENTATION_CONTEXT('2D SPACE',''
  ) );
#13151 = PCURVE('',#3091,#13152);
#13152 = DEFINITIONAL_REPRESENTATION('',(#13153),#13157);
#13153 = LINE('',#13154,#13155);
#13154 = CARTESIAN_POINT('',(0.,-6.28318530718));
#13155 = VECTOR('',#13156,1.);
#13156 = DIRECTION('',(0.,1.));
#13157 = ( GEOMETRIC_REPRESENTATION_CONTEXT(2) 
PARAMETRIC_REPRESENTATION_CONTEXT() REPRESENTATION_CONTEXT('2D SPACE',''
  ) );
#13158 = ORIENTED_EDGE('',*,*,#3020,.F.);
#13159 = ADVANCED_FACE('',(#13160),#3091,.T.);
#13160 = FACE_BOUND('',#13161,.T.);
#13161 = EDGE_LOOP('',(#13162,#13163,#13185));
#13162 = ORIENTED_EDGE('',*,*,#13137,.F.);
#13163 = ORIENTED_EDGE('',*,*,#13164,.T.);
#13164 = EDGE_CURVE('',#13115,#3075,#13165,.T.);
#13165 = SURFACE_CURVE('',#13166,(#13171,#13178),.PCURVE_S1.);
#13166 = CIRCLE('',#13167,55.);
#13167 = AXIS2_PLACEMENT_3D('',#13168,#13169,#13170);
#13168 = CARTESIAN_POINT('',(1.245E+03,-765.,-570.));
#13169 = DIRECTION('',(1.,-9.352973703737E-17,0.));
#13170 = DIRECTION('',(9.352973703737E-17,1.,0.));
#13171 = PCURVE('',#3091,#13172);
#13172 = DEFINITIONAL_REPRESENTATION('',(#13173),#13177);
#13173 = LINE('',#13174,#13175);
#13174 = CARTESIAN_POINT('',(1.570796326795,-6.28318530718));
#13175 = VECTOR('',#13176,1.);
#13176 = DIRECTION('',(0.,1.));
#13177 = ( GEOMETRIC_REPRESENTATION_CONTEXT(2) 
PARAMETRIC_REPRESENTATION_CONTEXT() REPRESENTATION_CONTEXT('2D SPACE',''
  ) );
#13178 = PCURVE('',#3144,#13179);
#13179 = DEFINITIONAL_REPRESENTATION('',(#13180),#13184);
#13180 = LINE('',#13181,#13182);
#13181 = CARTESIAN_POINT('',(-6.28318530718,2.545E+03));
#13182 = VECTOR('',#13183,1.);
#13183 = DIRECTION('',(1.,-0.));
#13184 = ( GEOMETRIC_REPRESENTATION_CONTEXT(2) 
PARAMETRIC_REPRESENTATION_CONTEXT() REPRESENTATION_CONTEXT('2D SPACE',''
  ) );
#13185 = ORIENTED_EDGE('',*,*,#3074,.F.);
#13186 = ADVANCED_FACE('',(#13187),#3144,.T.);
#13187 = FACE_BOUND('',#13188,.F.);
#13188 = EDGE_LOOP('',(#13189,#13213,#13234,#13235));
#13189 = ORIENTED_EDGE('',*,*,#13190,.F.);
#13190 = EDGE_CURVE('',#13191,#3129,#13193,.T.);
#13191 = VERTEX_POINT('',#13192);
#13192 = CARTESIAN_POINT('',(-1.245E+03,-765.,-625.));
#13193 = SURFACE_CURVE('',#13194,(#13199,#13206),.PCURVE_S1.);
#13194 = CIRCLE('',#13195,55.);
#13195 = AXIS2_PLACEMENT_3D('',#13196,#13197,#13198);
#13196 = CARTESIAN_POINT('',(-1.245E+03,-765.,-570.));
#13197 = DIRECTION('',(1.,9.352973703737E-17,-0.));
#13198 = DIRECTION('',(-9.352973703737E-17,1.,0.));
#13199 = PCURVE('',#3144,#13200);
#13200 = DEFINITIONAL_REPRESENTATION('',(#13201),#13205);
#13201 = LINE('',#13202,#13203);
#13202 = CARTESIAN_POINT('',(-6.28318530718,55.));
#13203 = VECTOR('',#13204,1.);
#13204 = DIRECTION('',(1.,-0.));
#13205 = ( GEOMETRIC_REPRESENTATION_CONTEXT(2) 
PARAMETRIC_REPRESENTATION_CONTEXT() REPRESENTATION_CONTEXT('2D SPACE',''
  ) );
#13206 = PCURVE('',#3220,#13207);
#13207 = DEFINITIONAL_REPRESENTATION('',(#13208),#13212);
#13208 = LINE('',#13209,#13210);
#13209 = CARTESIAN_POINT('',(-1.570796326795,-6.28318530718));
#13210 = VECTOR('',#13211,1.);
#13211 = DIRECTION('',(-0.,1.));
#13212 = ( GEOMETRIC_REPRESENTATION_CONTEXT(2) 
PARAMETRIC_REPRESENTATION_CONTEXT() REPRESENTATION_CONTEXT('2D SPACE',''
  ) );
#13213 = ORIENTED_EDGE('',*,*,#13214,.T.);
#13214 = EDGE_CURVE('',#13191,#13115,#13215,.T.);
#13215 = SURFACE_CURVE('',#13216,(#13220,#13227),.PCURVE_S1.);
#13216 = LINE('',#13217,#13218);
#13217 = CARTESIAN_POINT('',(-1.3E+03,-765.,-625.));
#13218 = VECTOR('',#13219,1.);
#13219 = DIRECTION('',(1.,0.,0.));
#13220 = PCURVE('',#3144,#13221);
#13221 = DEFINITIONAL_REPRESENTATION('',(#13222),#13226);
#13222 = LINE('',#13223,#13224);
#13223 = CARTESIAN_POINT('',(-1.570796326795,0.));
#13224 = VECTOR('',#13225,1.);
#13225 = DIRECTION('',(-0.,1.));
#13226 = ( GEOMETRIC_REPRESENTATION_CONTEXT(2) 
PARAMETRIC_REPRESENTATION_CONTEXT() REPRESENTATION_CONTEXT('2D SPACE',''
  ) );
#13227 = PCURVE('',#13048,#13228);
#13228 = DEFINITIONAL_REPRESENTATION('',(#13229),#13233);
#13229 = LINE('',#13230,#13231);
#13230 = CARTESIAN_POINT('',(0.,85.));
#13231 = VECTOR('',#13232,1.);
#13232 = DIRECTION('',(1.,0.));
#13233 = ( GEOMETRIC_REPRESENTATION_CONTEXT(2) 
PARAMETRIC_REPRESENTATION_CONTEXT() REPRESENTATION_CONTEXT('2D SPACE',''
  ) );
#13234 = ORIENTED_EDGE('',*,*,#13164,.T.);
#13235 = ORIENTED_EDGE('',*,*,#3128,.F.);
#13236 = ADVANCED_FACE('',(#13237),#3220,.T.);
#13237 = FACE_BOUND('',#13238,.F.);
#13238 = EDGE_LOOP('',(#13239,#13261,#13262));
#13239 = ORIENTED_EDGE('',*,*,#13240,.F.);
#13240 = EDGE_CURVE('',#13191,#3183,#13241,.T.);
#13241 = SURFACE_CURVE('',#13242,(#13247,#13254),.PCURVE_S1.);
#13242 = CIRCLE('',#13243,55.);
#13243 = AXIS2_PLACEMENT_3D('',#13244,#13245,#13246);
#13244 = CARTESIAN_POINT('',(-1.245E+03,-765.,-570.));
#13245 = DIRECTION('',(-3.229739708E-17,1.,0.));
#13246 = DIRECTION('',(-1.,-3.229739708E-17,0.));
#13247 = PCURVE('',#3220,#13248);
#13248 = DEFINITIONAL_REPRESENTATION('',(#13249),#13253);
#13249 = LINE('',#13250,#13251);
#13250 = CARTESIAN_POINT('',(-0.,-6.28318530718));
#13251 = VECTOR('',#13252,1.);
#13252 = DIRECTION('',(-0.,1.));
#13253 = ( GEOMETRIC_REPRESENTATION_CONTEXT(2) 
PARAMETRIC_REPRESENTATION_CONTEXT() REPRESENTATION_CONTEXT('2D SPACE',''
  ) );
#13254 = PCURVE('',#3252,#13255);
#13255 = DEFINITIONAL_REPRESENTATION('',(#13256),#13260);
#13256 = LINE('',#13257,#13258);
#13257 = CARTESIAN_POINT('',(-6.28318530718,85.));
#13258 = VECTOR('',#13259,1.);
#13259 = DIRECTION('',(1.,-0.));
#13260 = ( GEOMETRIC_REPRESENTATION_CONTEXT(2) 
PARAMETRIC_REPRESENTATION_CONTEXT() REPRESENTATION_CONTEXT('2D SPACE',''
  ) );
#13261 = ORIENTED_EDGE('',*,*,#13190,.T.);
#13262 = ORIENTED_EDGE('',*,*,#3205,.F.);
#13263 = ADVANCED_FACE('',(#13264),#3252,.T.);
#13264 = FACE_BOUND('',#13265,.F.);
#13265 = EDGE_LOOP('',(#13266,#13267,#13288,#13289));
#13266 = ORIENTED_EDGE('',*,*,#12981,.F.);
#13267 = ORIENTED_EDGE('',*,*,#13268,.T.);
#13268 = EDGE_CURVE('',#12982,#13191,#13269,.T.);
#13269 = SURFACE_CURVE('',#13270,(#13274,#13281),.PCURVE_S1.);
#13270 = LINE('',#13271,#13272);
#13271 = CARTESIAN_POINT('',(-1.245E+03,-850.,-625.));
#13272 = VECTOR('',#13273,1.);
#13273 = DIRECTION('',(0.,1.,0.));
#13274 = PCURVE('',#3252,#13275);
#13275 = DEFINITIONAL_REPRESENTATION('',(#13276),#13280);
#13276 = LINE('',#13277,#13278);
#13277 = CARTESIAN_POINT('',(-1.570796326795,0.));
#13278 = VECTOR('',#13279,1.);
#13279 = DIRECTION('',(-0.,1.));
#13280 = ( GEOMETRIC_REPRESENTATION_CONTEXT(2) 
PARAMETRIC_REPRESENTATION_CONTEXT() REPRESENTATION_CONTEXT('2D SPACE',''
  ) );
#13281 = PCURVE('',#13048,#13282);
#13282 = DEFINITIONAL_REPRESENTATION('',(#13283),#13287);
#13283 = LINE('',#13284,#13285);
#13284 = CARTESIAN_POINT('',(55.,0.));
#13285 = VECTOR('',#13286,1.);
#13286 = DIRECTION('',(0.,1.));
#13287 = ( GEOMETRIC_REPRESENTATION_CONTEXT(2) 
PARAMETRIC_REPRESENTATION_CONTEXT() REPRESENTATION_CONTEXT('2D SPACE',''
  ) );
#13288 = ORIENTED_EDGE('',*,*,#13240,.T.);
#13289 = ORIENTED_EDGE('',*,*,#3238,.F.);
#13290 = ADVANCED_FACE('',(#13291),#3309,.T.);
#13291 = FACE_BOUND('',#13292,.T.);
#13292 = EDGE_LOOP('',(#13293,#13317,#13339));
#13293 = ORIENTED_EDGE('',*,*,#13294,.F.);
#13294 = EDGE_CURVE('',#13295,#3270,#13297,.T.);
#13295 = VERTEX_POINT('',#13296);
#13296 = CARTESIAN_POINT('',(-1.245E+03,765.,-625.));
#13297 = SURFACE_CURVE('',#13298,(#13303,#13310),.PCURVE_S1.);
#13298 = CIRCLE('',#13299,55.);
#13299 = AXIS2_PLACEMENT_3D('',#13300,#13301,#13302);
#13300 = CARTESIAN_POINT('',(-1.245E+03,765.,-570.));
#13301 = DIRECTION('',(3.229739708E-17,1.,-0.));
#13302 = DIRECTION('',(-1.,3.229739708E-17,0.));
#13303 = PCURVE('',#3309,#13304);
#13304 = DEFINITIONAL_REPRESENTATION('',(#13305),#13309);
#13305 = LINE('',#13306,#13307);
#13306 = CARTESIAN_POINT('',(0.,-6.28318530718));
#13307 = VECTOR('',#13308,1.);
#13308 = DIRECTION('',(0.,1.));
#13309 = ( GEOMETRIC_REPRESENTATION_CONTEXT(2) 
PARAMETRIC_REPRESENTATION_CONTEXT() REPRESENTATION_CONTEXT('2D SPACE',''
  ) );
#13310 = PCURVE('',#3688,#13311);
#13311 = DEFINITIONAL_REPRESENTATION('',(#13312),#13316);
#13312 = LINE('',#13313,#13314);
#13313 = CARTESIAN_POINT('',(-6.28318530718,55.));
#13314 = VECTOR('',#13315,1.);
#13315 = DIRECTION('',(1.,-0.));
#13316 = ( GEOMETRIC_REPRESENTATION_CONTEXT(2) 
PARAMETRIC_REPRESENTATION_CONTEXT() REPRESENTATION_CONTEXT('2D SPACE',''
  ) );
#13317 = ORIENTED_EDGE('',*,*,#13318,.T.);
#13318 = EDGE_CURVE('',#13295,#3293,#13319,.T.);
#13319 = SURFACE_CURVE('',#13320,(#13325,#13332),.PCURVE_S1.);
#13320 = CIRCLE('',#13321,55.);
#13321 = AXIS2_PLACEMENT_3D('',#13322,#13323,#13324);
#13322 = CARTESIAN_POINT('',(-1.245E+03,765.,-570.));
#13323 = DIRECTION('',(-1.,9.352973703737E-17,0.));
#13324 = DIRECTION('',(-9.352973703737E-17,-1.,0.));
#13325 = PCURVE('',#3309,#13326);
#13326 = DEFINITIONAL_REPRESENTATION('',(#13327),#13331);
#13327 = LINE('',#13328,#13329);
#13328 = CARTESIAN_POINT('',(1.570796326795,-6.28318530718));
#13329 = VECTOR('',#13330,1.);
#13330 = DIRECTION('',(0.,1.));
#13331 = ( GEOMETRIC_REPRESENTATION_CONTEXT(2) 
PARAMETRIC_REPRESENTATION_CONTEXT() REPRESENTATION_CONTEXT('2D SPACE',''
  ) );
#13332 = PCURVE('',#3362,#13333);
#13333 = DEFINITIONAL_REPRESENTATION('',(#13334),#13338);
#13334 = LINE('',#13335,#13336);
#13335 = CARTESIAN_POINT('',(6.28318530718,55.));
#13336 = VECTOR('',#13337,1.);
#13337 = DIRECTION('',(-1.,-0.));
#13338 = ( GEOMETRIC_REPRESENTATION_CONTEXT(2) 
PARAMETRIC_REPRESENTATION_CONTEXT() REPRESENTATION_CONTEXT('2D SPACE',''
  ) );
#13339 = ORIENTED_EDGE('',*,*,#3292,.F.);
#13340 = ADVANCED_FACE('',(#13341),#3362,.T.);
#13341 = FACE_BOUND('',#13342,.T.);
#13342 = EDGE_LOOP('',(#13343,#13344,#13372,#13394));
#13343 = ORIENTED_EDGE('',*,*,#13318,.F.);
#13344 = ORIENTED_EDGE('',*,*,#13345,.T.);
#13345 = EDGE_CURVE('',#13295,#13346,#13348,.T.);
#13346 = VERTEX_POINT('',#13347);
#13347 = CARTESIAN_POINT('',(1.245E+03,765.,-625.));
#13348 = SURFACE_CURVE('',#13349,(#13353,#13360),.PCURVE_S1.);
#13349 = LINE('',#13350,#13351);
#13350 = CARTESIAN_POINT('',(-1.3E+03,765.,-625.));
#13351 = VECTOR('',#13352,1.);
#13352 = DIRECTION('',(1.,0.,0.));
#13353 = PCURVE('',#3362,#13354);
#13354 = DEFINITIONAL_REPRESENTATION('',(#13355),#13359);
#13355 = LINE('',#13356,#13357);
#13356 = CARTESIAN_POINT('',(1.570796326795,0.));
#13357 = VECTOR('',#13358,1.);
#13358 = DIRECTION('',(0.,1.));
#13359 = ( GEOMETRIC_REPRESENTATION_CONTEXT(2) 
PARAMETRIC_REPRESENTATION_CONTEXT() REPRESENTATION_CONTEXT('2D SPACE',''
  ) );
#13360 = PCURVE('',#13361,#13366);
#13361 = PLANE('',#13362);
#13362 = AXIS2_PLACEMENT_3D('',#13363,#13364,#13365);
#13363 = CARTESIAN_POINT('',(-1.3E+03,710.,-625.));
#13364 = DIRECTION('',(0.,0.,1.));
#13365 = DIRECTION('',(1.,0.,0.));
#13366 = DEFINITIONAL_REPRESENTATION('',(#13367),#13371);
#13367 = LINE('',#13368,#13369);
#13368 = CARTESIAN_POINT('',(0.,55.));
#13369 = VECTOR('',#13370,1.);
#13370 = DIRECTION('',(1.,0.));
#13371 = ( GEOMETRIC_REPRESENTATION_CONTEXT(2) 
PARAMETRIC_REPRESENTATION_CONTEXT() REPRESENTATION_CONTEXT('2D SPACE',''
  ) );
#13372 = ORIENTED_EDGE('',*,*,#13373,.T.);
#13373 = EDGE_CURVE('',#13346,#3347,#13374,.T.);
#13374 = SURFACE_CURVE('',#13375,(#13380,#13387),.PCURVE_S1.);
#13375 = CIRCLE('',#13376,55.);
#13376 = AXIS2_PLACEMENT_3D('',#13377,#13378,#13379);
#13377 = CARTESIAN_POINT('',(1.245E+03,765.,-570.));
#13378 = DIRECTION('',(-1.,-9.352973703737E-17,0.));
#13379 = DIRECTION('',(9.352973703737E-17,-1.,-0.));
#13380 = PCURVE('',#3362,#13381);
#13381 = DEFINITIONAL_REPRESENTATION('',(#13382),#13386);
#13382 = LINE('',#13383,#13384);
#13383 = CARTESIAN_POINT('',(6.28318530718,2.545E+03));
#13384 = VECTOR('',#13385,1.);
#13385 = DIRECTION('',(-1.,-0.));
#13386 = ( GEOMETRIC_REPRESENTATION_CONTEXT(2) 
PARAMETRIC_REPRESENTATION_CONTEXT() REPRESENTATION_CONTEXT('2D SPACE',''
  ) );
#13387 = PCURVE('',#3438,#13388);
#13388 = DEFINITIONAL_REPRESENTATION('',(#13389),#13393);
#13389 = LINE('',#13390,#13391);
#13390 = CARTESIAN_POINT('',(-1.570796326795,-6.28318530718));
#13391 = VECTOR('',#13392,1.);
#13392 = DIRECTION('',(-0.,1.));
#13393 = ( GEOMETRIC_REPRESENTATION_CONTEXT(2) 
PARAMETRIC_REPRESENTATION_CONTEXT() REPRESENTATION_CONTEXT('2D SPACE',''
  ) );
#13394 = ORIENTED_EDGE('',*,*,#3346,.F.);
#13395 = ADVANCED_FACE('',(#13396),#3438,.T.);
#13396 = FACE_BOUND('',#13397,.F.);
#13397 = EDGE_LOOP('',(#13398,#13420,#13421));
#13398 = ORIENTED_EDGE('',*,*,#13399,.F.);
#13399 = EDGE_CURVE('',#13346,#3401,#13400,.T.);
#13400 = SURFACE_CURVE('',#13401,(#13406,#13413),.PCURVE_S1.);
#13401 = CIRCLE('',#13402,55.);
#13402 = AXIS2_PLACEMENT_3D('',#13403,#13404,#13405);
#13403 = CARTESIAN_POINT('',(1.245E+03,765.,-570.));
#13404 = DIRECTION('',(3.229739708E-17,-1.,0.));
#13405 = DIRECTION('',(1.,3.229739708E-17,0.));
#13406 = PCURVE('',#3438,#13407);
#13407 = DEFINITIONAL_REPRESENTATION('',(#13408),#13412);
#13408 = LINE('',#13409,#13410);
#13409 = CARTESIAN_POINT('',(-0.,-6.28318530718));
#13410 = VECTOR('',#13411,1.);
#13411 = DIRECTION('',(-0.,1.));
#13412 = ( GEOMETRIC_REPRESENTATION_CONTEXT(2) 
PARAMETRIC_REPRESENTATION_CONTEXT() REPRESENTATION_CONTEXT('2D SPACE',''
  ) );
#13413 = PCURVE('',#3472,#13414);
#13414 = DEFINITIONAL_REPRESENTATION('',(#13415),#13419);
#13415 = LINE('',#13416,#13417);
#13416 = CARTESIAN_POINT('',(6.28318530718,55.));
#13417 = VECTOR('',#13418,1.);
#13418 = DIRECTION('',(-1.,-0.));
#13419 = ( GEOMETRIC_REPRESENTATION_CONTEXT(2) 
PARAMETRIC_REPRESENTATION_CONTEXT() REPRESENTATION_CONTEXT('2D SPACE',''
  ) );
#13420 = ORIENTED_EDGE('',*,*,#13373,.T.);
#13421 = ORIENTED_EDGE('',*,*,#3423,.F.);
#13422 = ADVANCED_FACE('',(#13423),#3472,.T.);
#13423 = FACE_BOUND('',#13424,.T.);
#13424 = EDGE_LOOP('',(#13425,#13426,#13449,#13471));
#13425 = ORIENTED_EDGE('',*,*,#13399,.F.);
#13426 = ORIENTED_EDGE('',*,*,#13427,.T.);
#13427 = EDGE_CURVE('',#13346,#13428,#13430,.T.);
#13428 = VERTEX_POINT('',#13429);
#13429 = CARTESIAN_POINT('',(1.245E+03,795.,-625.));
#13430 = SURFACE_CURVE('',#13431,(#13435,#13442),.PCURVE_S1.);
#13431 = LINE('',#13432,#13433);
#13432 = CARTESIAN_POINT('',(1.245E+03,710.,-625.));
#13433 = VECTOR('',#13434,1.);
#13434 = DIRECTION('',(0.,1.,0.));
#13435 = PCURVE('',#3472,#13436);
#13436 = DEFINITIONAL_REPRESENTATION('',(#13437),#13441);
#13437 = LINE('',#13438,#13439);
#13438 = CARTESIAN_POINT('',(1.570796326795,0.));
#13439 = VECTOR('',#13440,1.);
#13440 = DIRECTION('',(0.,1.));
#13441 = ( GEOMETRIC_REPRESENTATION_CONTEXT(2) 
PARAMETRIC_REPRESENTATION_CONTEXT() REPRESENTATION_CONTEXT('2D SPACE',''
  ) );
#13442 = PCURVE('',#13361,#13443);
#13443 = DEFINITIONAL_REPRESENTATION('',(#13444),#13448);
#13444 = LINE('',#13445,#13446);
#13445 = CARTESIAN_POINT('',(2.545E+03,0.));
#13446 = VECTOR('',#13447,1.);
#13447 = DIRECTION('',(0.,1.));
#13448 = ( GEOMETRIC_REPRESENTATION_CONTEXT(2) 
PARAMETRIC_REPRESENTATION_CONTEXT() REPRESENTATION_CONTEXT('2D SPACE',''
  ) );
#13449 = ORIENTED_EDGE('',*,*,#13450,.T.);
#13450 = EDGE_CURVE('',#13428,#3457,#13451,.T.);
#13451 = SURFACE_CURVE('',#13452,(#13457,#13464),.PCURVE_S1.);
#13452 = CIRCLE('',#13453,55.);
#13453 = AXIS2_PLACEMENT_3D('',#13454,#13455,#13456);
#13454 = CARTESIAN_POINT('',(1.245E+03,795.,-570.));
#13455 = DIRECTION('',(-3.229739708E-17,-1.,0.));
#13456 = DIRECTION('',(1.,-3.229739708E-17,0.));
#13457 = PCURVE('',#3472,#13458);
#13458 = DEFINITIONAL_REPRESENTATION('',(#13459),#13463);
#13459 = LINE('',#13460,#13461);
#13460 = CARTESIAN_POINT('',(6.28318530718,85.));
#13461 = VECTOR('',#13462,1.);
#13462 = DIRECTION('',(-1.,-0.));
#13463 = ( GEOMETRIC_REPRESENTATION_CONTEXT(2) 
PARAMETRIC_REPRESENTATION_CONTEXT() REPRESENTATION_CONTEXT('2D SPACE',''
  ) );
#13464 = PCURVE('',#3527,#13465);
#13465 = DEFINITIONAL_REPRESENTATION('',(#13466),#13470);
#13466 = LINE('',#13467,#13468);
#13467 = CARTESIAN_POINT('',(0.,-6.28318530718));
#13468 = VECTOR('',#13469,1.);
#13469 = DIRECTION('',(0.,1.));
#13470 = ( GEOMETRIC_REPRESENTATION_CONTEXT(2) 
PARAMETRIC_REPRESENTATION_CONTEXT() REPRESENTATION_CONTEXT('2D SPACE',''
  ) );
#13471 = ORIENTED_EDGE('',*,*,#3456,.F.);
#13472 = ADVANCED_FACE('',(#13473),#3527,.T.);
#13473 = FACE_BOUND('',#13474,.T.);
#13474 = EDGE_LOOP('',(#13475,#13476,#13498));
#13475 = ORIENTED_EDGE('',*,*,#13450,.F.);
#13476 = ORIENTED_EDGE('',*,*,#13477,.T.);
#13477 = EDGE_CURVE('',#13428,#3511,#13478,.T.);
#13478 = SURFACE_CURVE('',#13479,(#13484,#13491),.PCURVE_S1.);
#13479 = CIRCLE('',#13480,55.);
#13480 = AXIS2_PLACEMENT_3D('',#13481,#13482,#13483);
#13481 = CARTESIAN_POINT('',(1.245E+03,795.,-570.));
#13482 = DIRECTION('',(1.,-9.352973703737E-17,0.));
#13483 = DIRECTION('',(9.352973703737E-17,1.,0.));
#13484 = PCURVE('',#3527,#13485);
#13485 = DEFINITIONAL_REPRESENTATION('',(#13486),#13490);
#13486 = LINE('',#13487,#13488);
#13487 = CARTESIAN_POINT('',(1.570796326795,-6.28318530718));
#13488 = VECTOR('',#13489,1.);
#13489 = DIRECTION('',(0.,1.));
#13490 = ( GEOMETRIC_REPRESENTATION_CONTEXT(2) 
PARAMETRIC_REPRESENTATION_CONTEXT() REPRESENTATION_CONTEXT('2D SPACE',''
  ) );
#13491 = PCURVE('',#3580,#13492);
#13492 = DEFINITIONAL_REPRESENTATION('',(#13493),#13497);
#13493 = LINE('',#13494,#13495);
#13494 = CARTESIAN_POINT('',(-6.28318530718,2.545E+03));
#13495 = VECTOR('',#13496,1.);
#13496 = DIRECTION('',(1.,-0.));
#13497 = ( GEOMETRIC_REPRESENTATION_CONTEXT(2) 
PARAMETRIC_REPRESENTATION_CONTEXT() REPRESENTATION_CONTEXT('2D SPACE',''
  ) );
#13498 = ORIENTED_EDGE('',*,*,#3510,.F.);
#13499 = ADVANCED_FACE('',(#13500),#3580,.T.);
#13500 = FACE_BOUND('',#13501,.F.);
#13501 = EDGE_LOOP('',(#13502,#13526,#13547,#13548));
#13502 = ORIENTED_EDGE('',*,*,#13503,.F.);
#13503 = EDGE_CURVE('',#13504,#3565,#13506,.T.);
#13504 = VERTEX_POINT('',#13505);
#13505 = CARTESIAN_POINT('',(-1.245E+03,795.,-625.));
#13506 = SURFACE_CURVE('',#13507,(#13512,#13519),.PCURVE_S1.);
#13507 = CIRCLE('',#13508,55.);
#13508 = AXIS2_PLACEMENT_3D('',#13509,#13510,#13511);
#13509 = CARTESIAN_POINT('',(-1.245E+03,795.,-570.));
#13510 = DIRECTION('',(1.,9.352973703737E-17,-0.));
#13511 = DIRECTION('',(-9.352973703737E-17,1.,0.));
#13512 = PCURVE('',#3580,#13513);
#13513 = DEFINITIONAL_REPRESENTATION('',(#13514),#13518);
#13514 = LINE('',#13515,#13516);
#13515 = CARTESIAN_POINT('',(-6.28318530718,55.));
#13516 = VECTOR('',#13517,1.);
#13517 = DIRECTION('',(1.,-0.));
#13518 = ( GEOMETRIC_REPRESENTATION_CONTEXT(2) 
PARAMETRIC_REPRESENTATION_CONTEXT() REPRESENTATION_CONTEXT('2D SPACE',''
  ) );
#13519 = PCURVE('',#3656,#13520);
#13520 = DEFINITIONAL_REPRESENTATION('',(#13521),#13525);
#13521 = LINE('',#13522,#13523);
#13522 = CARTESIAN_POINT('',(-1.570796326795,-6.28318530718));
#13523 = VECTOR('',#13524,1.);
#13524 = DIRECTION('',(-0.,1.));
#13525 = ( GEOMETRIC_REPRESENTATION_CONTEXT(2) 
PARAMETRIC_REPRESENTATION_CONTEXT() REPRESENTATION_CONTEXT('2D SPACE',''
  ) );
#13526 = ORIENTED_EDGE('',*,*,#13527,.T.);
#13527 = EDGE_CURVE('',#13504,#13428,#13528,.T.);
#13528 = SURFACE_CURVE('',#13529,(#13533,#13540),.PCURVE_S1.);
#13529 = LINE('',#13530,#13531);
#13530 = CARTESIAN_POINT('',(-1.3E+03,795.,-625.));
#13531 = VECTOR('',#13532,1.);
#13532 = DIRECTION('',(1.,0.,0.));
#13533 = PCURVE('',#3580,#13534);
#13534 = DEFINITIONAL_REPRESENTATION('',(#13535),#13539);
#13535 = LINE('',#13536,#13537);
#13536 = CARTESIAN_POINT('',(-1.570796326795,0.));
#13537 = VECTOR('',#13538,1.);
#13538 = DIRECTION('',(-0.,1.));
#13539 = ( GEOMETRIC_REPRESENTATION_CONTEXT(2) 
PARAMETRIC_REPRESENTATION_CONTEXT() REPRESENTATION_CONTEXT('2D SPACE',''
  ) );
#13540 = PCURVE('',#13361,#13541);
#13541 = DEFINITIONAL_REPRESENTATION('',(#13542),#13546);
#13542 = LINE('',#13543,#13544);
#13543 = CARTESIAN_POINT('',(0.,85.));
#13544 = VECTOR('',#13545,1.);
#13545 = DIRECTION('',(1.,0.));
#13546 = ( GEOMETRIC_REPRESENTATION_CONTEXT(2) 
PARAMETRIC_REPRESENTATION_CONTEXT() REPRESENTATION_CONTEXT('2D SPACE',''
  ) );
#13547 = ORIENTED_EDGE('',*,*,#13477,.T.);
#13548 = ORIENTED_EDGE('',*,*,#3564,.F.);
#13549 = ADVANCED_FACE('',(#13550),#3656,.T.);
#13550 = FACE_BOUND('',#13551,.F.);
#13551 = EDGE_LOOP('',(#13552,#13574,#13575));
#13552 = ORIENTED_EDGE('',*,*,#13553,.F.);
#13553 = EDGE_CURVE('',#13504,#3619,#13554,.T.);
#13554 = SURFACE_CURVE('',#13555,(#13560,#13567),.PCURVE_S1.);
#13555 = CIRCLE('',#13556,55.);
#13556 = AXIS2_PLACEMENT_3D('',#13557,#13558,#13559);
#13557 = CARTESIAN_POINT('',(-1.245E+03,795.,-570.));
#13558 = DIRECTION('',(-3.229739708E-17,1.,0.));
#13559 = DIRECTION('',(-1.,-3.229739708E-17,0.));
#13560 = PCURVE('',#3656,#13561);
#13561 = DEFINITIONAL_REPRESENTATION('',(#13562),#13566);
#13562 = LINE('',#13563,#13564);
#13563 = CARTESIAN_POINT('',(-0.,-6.28318530718));
#13564 = VECTOR('',#13565,1.);
#13565 = DIRECTION('',(-0.,1.));
#13566 = ( GEOMETRIC_REPRESENTATION_CONTEXT(2) 
PARAMETRIC_REPRESENTATION_CONTEXT() REPRESENTATION_CONTEXT('2D SPACE',''
  ) );
#13567 = PCURVE('',#3688,#13568);
#13568 = DEFINITIONAL_REPRESENTATION('',(#13569),#13573);
#13569 = LINE('',#13570,#13571);
#13570 = CARTESIAN_POINT('',(-6.28318530718,85.));
#13571 = VECTOR('',#13572,1.);
#13572 = DIRECTION('',(1.,-0.));
#13573 = ( GEOMETRIC_REPRESENTATION_CONTEXT(2) 
PARAMETRIC_REPRESENTATION_CONTEXT() REPRESENTATION_CONTEXT('2D SPACE',''
  ) );
#13574 = ORIENTED_EDGE('',*,*,#13503,.T.);
#13575 = ORIENTED_EDGE('',*,*,#3641,.F.);
#13576 = ADVANCED_FACE('',(#13577),#3688,.T.);
#13577 = FACE_BOUND('',#13578,.F.);
#13578 = EDGE_LOOP('',(#13579,#13580,#13601,#13602));
#13579 = ORIENTED_EDGE('',*,*,#13294,.F.);
#13580 = ORIENTED_EDGE('',*,*,#13581,.T.);
#13581 = EDGE_CURVE('',#13295,#13504,#13582,.T.);
#13582 = SURFACE_CURVE('',#13583,(#13587,#13594),.PCURVE_S1.);
#13583 = LINE('',#13584,#13585);
#13584 = CARTESIAN_POINT('',(-1.245E+03,710.,-625.));
#13585 = VECTOR('',#13586,1.);
#13586 = DIRECTION('',(0.,1.,0.));
#13587 = PCURVE('',#3688,#13588);
#13588 = DEFINITIONAL_REPRESENTATION('',(#13589),#13593);
#13589 = LINE('',#13590,#13591);
#13590 = CARTESIAN_POINT('',(-1.570796326795,0.));
#13591 = VECTOR('',#13592,1.);
#13592 = DIRECTION('',(-0.,1.));
#13593 = ( GEOMETRIC_REPRESENTATION_CONTEXT(2) 
PARAMETRIC_REPRESENTATION_CONTEXT() REPRESENTATION_CONTEXT('2D SPACE',''
  ) );
#13594 = PCURVE('',#13361,#13595);
#13595 = DEFINITIONAL_REPRESENTATION('',(#13596),#13600);
#13596 = LINE('',#13597,#13598);
#13597 = CARTESIAN_POINT('',(55.,0.));
#13598 = VECTOR('',#13599,1.);
#13599 = DIRECTION('',(0.,1.));
#13600 = ( GEOMETRIC_REPRESENTATION_CONTEXT(2) 
PARAMETRIC_REPRESENTATION_CONTEXT() REPRESENTATION_CONTEXT('2D SPACE',''
  ) );
#13601 = ORIENTED_EDGE('',*,*,#13553,.T.);
#13602 = ORIENTED_EDGE('',*,*,#3674,.F.);
#13603 = ADVANCED_FACE('',(#13604),#3721,.T.);
#13604 = FACE_BOUND('',#13605,.T.);
#13605 = EDGE_LOOP('',(#13606,#13607,#13608));
#13606 = ORIENTED_EDGE('',*,*,#12933,.F.);
#13607 = ORIENTED_EDGE('',*,*,#3707,.T.);
#13608 = ORIENTED_EDGE('',*,*,#3757,.F.);
#13609 = ADVANCED_FACE('',(#13610),#7149,.T.);
#13610 = FACE_BOUND('',#13611,.T.);
#13611 = EDGE_LOOP('',(#13612,#13613,#13614,#13615));
#13612 = ORIENTED_EDGE('',*,*,#7132,.T.);
#13613 = ORIENTED_EDGE('',*,*,#7207,.T.);
#13614 = ORIENTED_EDGE('',*,*,#7282,.F.);
#13615 = ORIENTED_EDGE('',*,*,#13616,.F.);
#13616 = EDGE_CURVE('',#7066,#7283,#13617,.T.);
#13617 = SURFACE_CURVE('',#13618,(#13622,#13629),.PCURVE_S1.);
#13618 = LINE('',#13619,#13620);
#13619 = CARTESIAN_POINT('',(1.78E+03,-1.1E+03,265.));
#13620 = VECTOR('',#13621,1.);
#13621 = DIRECTION('',(0.,1.,0.));
#13622 = PCURVE('',#7149,#13623);
#13623 = DEFINITIONAL_REPRESENTATION('',(#13624),#13628);
#13624 = LINE('',#13625,#13626);
#13625 = CARTESIAN_POINT('',(145.,0.));
#13626 = VECTOR('',#13627,1.);
#13627 = DIRECTION('',(0.,-1.));
#13628 = ( GEOMETRIC_REPRESENTATION_CONTEXT(2) 
PARAMETRIC_REPRESENTATION_CONTEXT() REPRESENTATION_CONTEXT('2D SPACE',''
  ) );
#13629 = PCURVE('',#7107,#13630);
#13630 = DEFINITIONAL_REPRESENTATION('',(#13631),#13635);
#13631 = LINE('',#13632,#13633);
#13632 = CARTESIAN_POINT('',(-0.,0.));
#13633 = VECTOR('',#13634,1.);
#13634 = DIRECTION('',(-0.,1.));
#13635 = ( GEOMETRIC_REPRESENTATION_CONTEXT(2) 
PARAMETRIC_REPRESENTATION_CONTEXT() REPRESENTATION_CONTEXT('2D SPACE',''
  ) );
#13636 = ADVANCED_FACE('',(#13637),#7107,.T.);
#13637 = FACE_BOUND('',#13638,.F.);
#13638 = EDGE_LOOP('',(#13639,#13640,#13661,#13662));
#13639 = ORIENTED_EDGE('',*,*,#7065,.T.);
#13640 = ORIENTED_EDGE('',*,*,#13641,.T.);
#13641 = EDGE_CURVE('',#7040,#7304,#13642,.T.);
#13642 = SURFACE_CURVE('',#13643,(#13647,#13654),.PCURVE_S1.);
#13643 = LINE('',#13644,#13645);
#13644 = CARTESIAN_POINT('',(1.745E+03,-1.1E+03,300.));
#13645 = VECTOR('',#13646,1.);
#13646 = DIRECTION('',(0.,1.,0.));
#13647 = PCURVE('',#7107,#13648);
#13648 = DEFINITIONAL_REPRESENTATION('',(#13649),#13653);
#13649 = LINE('',#13650,#13651);
#13650 = CARTESIAN_POINT('',(-1.570796326795,0.));
#13651 = VECTOR('',#13652,1.);
#13652 = DIRECTION('',(-0.,1.));
#13653 = ( GEOMETRIC_REPRESENTATION_CONTEXT(2) 
PARAMETRIC_REPRESENTATION_CONTEXT() REPRESENTATION_CONTEXT('2D SPACE',''
  ) );
#13654 = PCURVE('',#7054,#13655);
#13655 = DEFINITIONAL_REPRESENTATION('',(#13656),#13660);
#13656 = LINE('',#13657,#13658);
#13657 = CARTESIAN_POINT('',(125.,0.));
#13658 = VECTOR('',#13659,1.);
#13659 = DIRECTION('',(0.,1.));
#13660 = ( GEOMETRIC_REPRESENTATION_CONTEXT(2) 
PARAMETRIC_REPRESENTATION_CONTEXT() REPRESENTATION_CONTEXT('2D SPACE',''
  ) );
#13661 = ORIENTED_EDGE('',*,*,#7303,.T.);
#13662 = ORIENTED_EDGE('',*,*,#13616,.F.);
#13663 = ADVANCED_FACE('',(#13664),#7054,.T.);
#13664 = FACE_BOUND('',#13665,.T.);
#13665 = EDGE_LOOP('',(#13666,#13687,#13688,#13689));
#13666 = ORIENTED_EDGE('',*,*,#13667,.F.);
#13667 = EDGE_CURVE('',#6973,#7328,#13668,.T.);
#13668 = SURFACE_CURVE('',#13669,(#13673,#13680),.PCURVE_S1.);
#13669 = LINE('',#13670,#13671);
#13670 = CARTESIAN_POINT('',(1.655E+03,-1.1E+03,300.));
#13671 = VECTOR('',#13672,1.);
#13672 = DIRECTION('',(0.,1.,0.));
#13673 = PCURVE('',#7054,#13674);
#13674 = DEFINITIONAL_REPRESENTATION('',(#13675),#13679);
#13675 = LINE('',#13676,#13677);
#13676 = CARTESIAN_POINT('',(35.,0.));
#13677 = VECTOR('',#13678,1.);
#13678 = DIRECTION('',(0.,1.));
#13679 = ( GEOMETRIC_REPRESENTATION_CONTEXT(2) 
PARAMETRIC_REPRESENTATION_CONTEXT() REPRESENTATION_CONTEXT('2D SPACE',''
  ) );
#13680 = PCURVE('',#7014,#13681);
#13681 = DEFINITIONAL_REPRESENTATION('',(#13682),#13686);
#13682 = LINE('',#13683,#13684);
#13683 = CARTESIAN_POINT('',(1.570796326795,0.));
#13684 = VECTOR('',#13685,1.);
#13685 = DIRECTION('',(0.,1.));
#13686 = ( GEOMETRIC_REPRESENTATION_CONTEXT(2) 
PARAMETRIC_REPRESENTATION_CONTEXT() REPRESENTATION_CONTEXT('2D SPACE',''
  ) );
#13687 = ORIENTED_EDGE('',*,*,#7039,.F.);
#13688 = ORIENTED_EDGE('',*,*,#13641,.T.);
#13689 = ORIENTED_EDGE('',*,*,#7327,.F.);
#13690 = ADVANCED_FACE('',(#13691),#7014,.T.);
#13691 = FACE_BOUND('',#13692,.T.);
#13692 = EDGE_LOOP('',(#13693,#13694,#13695,#13696));
#13693 = ORIENTED_EDGE('',*,*,#6972,.T.);
#13694 = ORIENTED_EDGE('',*,*,#13667,.T.);
#13695 = ORIENTED_EDGE('',*,*,#7348,.F.);
#13696 = ORIENTED_EDGE('',*,*,#13697,.F.);
#13697 = EDGE_CURVE('',#6940,#7349,#13698,.T.);
#13698 = SURFACE_CURVE('',#13699,(#13703,#13710),.PCURVE_S1.);
#13699 = LINE('',#13700,#13701);
#13700 = CARTESIAN_POINT('',(1.62E+03,-1.1E+03,265.));
#13701 = VECTOR('',#13702,1.);
#13702 = DIRECTION('',(0.,1.,0.));
#13703 = PCURVE('',#7014,#13704);
#13704 = DEFINITIONAL_REPRESENTATION('',(#13705),#13709);
#13705 = LINE('',#13706,#13707);
#13706 = CARTESIAN_POINT('',(0.,0.));
#13707 = VECTOR('',#13708,1.);
#13708 = DIRECTION('',(0.,1.));
#13709 = ( GEOMETRIC_REPRESENTATION_CONTEXT(2) 
PARAMETRIC_REPRESENTATION_CONTEXT() REPRESENTATION_CONTEXT('2D SPACE',''
  ) );
#13710 = PCURVE('',#6956,#13711);
#13711 = DEFINITIONAL_REPRESENTATION('',(#13712),#13716);
#13712 = LINE('',#13713,#13714);
#13713 = CARTESIAN_POINT('',(145.,0.));
#13714 = VECTOR('',#13715,1.);
#13715 = DIRECTION('',(0.,-1.));
#13716 = ( GEOMETRIC_REPRESENTATION_CONTEXT(2) 
PARAMETRIC_REPRESENTATION_CONTEXT() REPRESENTATION_CONTEXT('2D SPACE',''
  ) );
#13717 = ADVANCED_FACE('',(#13718),#6956,.F.);
#13718 = FACE_BOUND('',#13719,.F.);
#13719 = EDGE_LOOP('',(#13720,#13721,#13742,#13743));
#13720 = ORIENTED_EDGE('',*,*,#6939,.T.);
#13721 = ORIENTED_EDGE('',*,*,#13722,.T.);
#13722 = EDGE_CURVE('',#6894,#7373,#13723,.T.);
#13723 = SURFACE_CURVE('',#13724,(#13728,#13735),.PCURVE_S1.);
#13724 = LINE('',#13725,#13726);
#13725 = CARTESIAN_POINT('',(1.62E+03,-1.1E+03,155.));
#13726 = VECTOR('',#13727,1.);
#13727 = DIRECTION('',(0.,1.,0.));
#13728 = PCURVE('',#6956,#13729);
#13729 = DEFINITIONAL_REPRESENTATION('',(#13730),#13734);
#13730 = LINE('',#13731,#13732);
#13731 = CARTESIAN_POINT('',(35.,0.));
#13732 = VECTOR('',#13733,1.);
#13733 = DIRECTION('',(0.,-1.));
#13734 = ( GEOMETRIC_REPRESENTATION_CONTEXT(2) 
PARAMETRIC_REPRESENTATION_CONTEXT() REPRESENTATION_CONTEXT('2D SPACE',''
  ) );
#13735 = PCURVE('',#6921,#13736);
#13736 = DEFINITIONAL_REPRESENTATION('',(#13737),#13741);
#13737 = LINE('',#13738,#13739);
#13738 = CARTESIAN_POINT('',(-0.,0.));
#13739 = VECTOR('',#13740,1.);
#13740 = DIRECTION('',(-0.,1.));
#13741 = ( GEOMETRIC_REPRESENTATION_CONTEXT(2) 
PARAMETRIC_REPRESENTATION_CONTEXT() REPRESENTATION_CONTEXT('2D SPACE',''
  ) );
#13742 = ORIENTED_EDGE('',*,*,#7372,.F.);
#13743 = ORIENTED_EDGE('',*,*,#13697,.F.);
#13744 = ADVANCED_FACE('',(#13745),#6921,.T.);
#13745 = FACE_BOUND('',#13746,.F.);
#13746 = EDGE_LOOP('',(#13747,#13748,#13749,#13768));
#13747 = ORIENTED_EDGE('',*,*,#13722,.F.);
#13748 = ORIENTED_EDGE('',*,*,#6893,.T.);
#13749 = ORIENTED_EDGE('',*,*,#13750,.T.);
#13750 = EDGE_CURVE('',#6866,#7394,#13751,.T.);
#13751 = SURFACE_CURVE('',#13752,(#13756,#13762),.PCURVE_S1.);
#13752 = LINE('',#13753,#13754);
#13753 = CARTESIAN_POINT('',(1.630505102572E+03,-1.1E+03,130.));
#13754 = VECTOR('',#13755,1.);
#13755 = DIRECTION('',(0.,1.,0.));
#13756 = PCURVE('',#6921,#13757);
#13757 = DEFINITIONAL_REPRESENTATION('',(#13758),#13761);
#13758 = B_SPLINE_CURVE_WITH_KNOTS('',1,(#13759,#13760),.UNSPECIFIED.,
  .F.,.F.,(2,2),(34.9999994,2.1650000006E+03),.PIECEWISE_BEZIER_KNOTS.);
#13759 = CARTESIAN_POINT('',(-0.795602953485,34.9999994));
#13760 = CARTESIAN_POINT('',(-0.795602953485,2.1650000006E+03));
#13761 = ( GEOMETRIC_REPRESENTATION_CONTEXT(2) 
PARAMETRIC_REPRESENTATION_CONTEXT() REPRESENTATION_CONTEXT('2D SPACE',''
  ) );
#13762 = PCURVE('',#6881,#13763);
#13763 = DEFINITIONAL_REPRESENTATION('',(#13764),#13767);
#13764 = B_SPLINE_CURVE_WITH_KNOTS('',1,(#13765,#13766),.UNSPECIFIED.,
  .F.,.F.,(2,2),(34.9999994,2.1650000006E+03),.PIECEWISE_BEZIER_KNOTS.);
#13765 = CARTESIAN_POINT('',(4.230505102572E+03,234.9999994));
#13766 = CARTESIAN_POINT('',(4.230505102572E+03,2.3650000006E+03));
#13767 = ( GEOMETRIC_REPRESENTATION_CONTEXT(2) 
PARAMETRIC_REPRESENTATION_CONTEXT() REPRESENTATION_CONTEXT('2D SPACE',''
  ) );
#13768 = ORIENTED_EDGE('',*,*,#7393,.T.);
#13769 = ADVANCED_FACE('',(#13770),#6881,.T.);
#13770 = FACE_BOUND('',#13771,.T.);
#13771 = EDGE_LOOP('',(#13772,#13773,#13774,#13775));
#13772 = ORIENTED_EDGE('',*,*,#6865,.T.);
#13773 = ORIENTED_EDGE('',*,*,#13750,.T.);
#13774 = ORIENTED_EDGE('',*,*,#7417,.T.);
#13775 = ORIENTED_EDGE('',*,*,#13776,.F.);
#13776 = EDGE_CURVE('',#6820,#7418,#13777,.T.);
#13777 = SURFACE_CURVE('',#13778,(#13782,#13788),.PCURVE_S1.);
#13778 = LINE('',#13779,#13780);
#13779 = CARTESIAN_POINT('',(69.494897427832,-1.1E+03,130.));
#13780 = VECTOR('',#13781,1.);
#13781 = DIRECTION('',(0.,1.,0.));
#13782 = PCURVE('',#6881,#13783);
#13783 = DEFINITIONAL_REPRESENTATION('',(#13784),#13787);
#13784 = B_SPLINE_CURVE_WITH_KNOTS('',1,(#13785,#13786),.UNSPECIFIED.,
  .F.,.F.,(2,2),(34.9999994,2.1650000006E+03),.PIECEWISE_BEZIER_KNOTS.);
#13785 = CARTESIAN_POINT('',(2.669494897428E+03,234.9999994));
#13786 = CARTESIAN_POINT('',(2.669494897428E+03,2.3650000006E+03));
#13787 = ( GEOMETRIC_REPRESENTATION_CONTEXT(2) 
PARAMETRIC_REPRESENTATION_CONTEXT() REPRESENTATION_CONTEXT('2D SPACE',''
  ) );
#13788 = PCURVE('',#6847,#13789);
#13789 = DEFINITIONAL_REPRESENTATION('',(#13790),#13793);
#13790 = B_SPLINE_CURVE_WITH_KNOTS('',1,(#13791,#13792),.UNSPECIFIED.,
  .F.,.F.,(2,2),(34.9999994,2.1650000006E+03),.PIECEWISE_BEZIER_KNOTS.);
#13791 = CARTESIAN_POINT('',(0.795602953485,34.9999994));
#13792 = CARTESIAN_POINT('',(0.795602953485,2.1650000006E+03));
#13793 = ( GEOMETRIC_REPRESENTATION_CONTEXT(2) 
PARAMETRIC_REPRESENTATION_CONTEXT() REPRESENTATION_CONTEXT('2D SPACE',''
  ) );
#13794 = ADVANCED_FACE('',(#13795),#6847,.T.);
#13795 = FACE_BOUND('',#13796,.T.);
#13796 = EDGE_LOOP('',(#13797,#13818,#13819,#13820));
#13797 = ORIENTED_EDGE('',*,*,#13798,.F.);
#13798 = EDGE_CURVE('',#6787,#7439,#13799,.T.);
#13799 = SURFACE_CURVE('',#13800,(#13804,#13811),.PCURVE_S1.);
#13800 = LINE('',#13801,#13802);
#13801 = CARTESIAN_POINT('',(80.,-1.1E+03,155.));
#13802 = VECTOR('',#13803,1.);
#13803 = DIRECTION('',(0.,1.,0.));
#13804 = PCURVE('',#6847,#13805);
#13805 = DEFINITIONAL_REPRESENTATION('',(#13806),#13810);
#13806 = LINE('',#13807,#13808);
#13807 = CARTESIAN_POINT('',(0.,0.));
#13808 = VECTOR('',#13809,1.);
#13809 = DIRECTION('',(0.,1.));
#13810 = ( GEOMETRIC_REPRESENTATION_CONTEXT(2) 
PARAMETRIC_REPRESENTATION_CONTEXT() REPRESENTATION_CONTEXT('2D SPACE',''
  ) );
#13811 = PCURVE('',#6803,#13812);
#13812 = DEFINITIONAL_REPRESENTATION('',(#13813),#13817);
#13813 = LINE('',#13814,#13815);
#13814 = CARTESIAN_POINT('',(35.,0.));
#13815 = VECTOR('',#13816,1.);
#13816 = DIRECTION('',(0.,-1.));
#13817 = ( GEOMETRIC_REPRESENTATION_CONTEXT(2) 
PARAMETRIC_REPRESENTATION_CONTEXT() REPRESENTATION_CONTEXT('2D SPACE',''
  ) );
#13818 = ORIENTED_EDGE('',*,*,#6819,.T.);
#13819 = ORIENTED_EDGE('',*,*,#13776,.T.);
#13820 = ORIENTED_EDGE('',*,*,#7438,.F.);
#13821 = ADVANCED_FACE('',(#13822),#6803,.T.);
#13822 = FACE_BOUND('',#13823,.T.);
#13823 = EDGE_LOOP('',(#13824,#13825,#13826,#13827));
#13824 = ORIENTED_EDGE('',*,*,#6786,.T.);
#13825 = ORIENTED_EDGE('',*,*,#13798,.T.);
#13826 = ORIENTED_EDGE('',*,*,#7462,.F.);
#13827 = ORIENTED_EDGE('',*,*,#13828,.F.);
#13828 = EDGE_CURVE('',#6720,#7463,#13829,.T.);
#13829 = SURFACE_CURVE('',#13830,(#13834,#13841),.PCURVE_S1.);
#13830 = LINE('',#13831,#13832);
#13831 = CARTESIAN_POINT('',(80.,-1.1E+03,265.));
#13832 = VECTOR('',#13833,1.);
#13833 = DIRECTION('',(0.,1.,0.));
#13834 = PCURVE('',#6803,#13835);
#13835 = DEFINITIONAL_REPRESENTATION('',(#13836),#13840);
#13836 = LINE('',#13837,#13838);
#13837 = CARTESIAN_POINT('',(145.,0.));
#13838 = VECTOR('',#13839,1.);
#13839 = DIRECTION('',(0.,-1.));
#13840 = ( GEOMETRIC_REPRESENTATION_CONTEXT(2) 
PARAMETRIC_REPRESENTATION_CONTEXT() REPRESENTATION_CONTEXT('2D SPACE',''
  ) );
#13841 = PCURVE('',#6761,#13842);
#13842 = DEFINITIONAL_REPRESENTATION('',(#13843),#13847);
#13843 = LINE('',#13844,#13845);
#13844 = CARTESIAN_POINT('',(-0.,0.));
#13845 = VECTOR('',#13846,1.);
#13846 = DIRECTION('',(-0.,1.));
#13847 = ( GEOMETRIC_REPRESENTATION_CONTEXT(2) 
PARAMETRIC_REPRESENTATION_CONTEXT() REPRESENTATION_CONTEXT('2D SPACE',''
  ) );
#13848 = ADVANCED_FACE('',(#13849),#6761,.T.);
#13849 = FACE_BOUND('',#13850,.F.);
#13850 = EDGE_LOOP('',(#13851,#13852,#13873,#13874));
#13851 = ORIENTED_EDGE('',*,*,#6719,.T.);
#13852 = ORIENTED_EDGE('',*,*,#13853,.T.);
#13853 = EDGE_CURVE('',#6694,#7484,#13854,.T.);
#13854 = SURFACE_CURVE('',#13855,(#13859,#13866),.PCURVE_S1.);
#13855 = LINE('',#13856,#13857);
#13856 = CARTESIAN_POINT('',(45.,-1.1E+03,300.));
#13857 = VECTOR('',#13858,1.);
#13858 = DIRECTION('',(0.,1.,0.));
#13859 = PCURVE('',#6761,#13860);
#13860 = DEFINITIONAL_REPRESENTATION('',(#13861),#13865);
#13861 = LINE('',#13862,#13863);
#13862 = CARTESIAN_POINT('',(-1.570796326795,0.));
#13863 = VECTOR('',#13864,1.);
#13864 = DIRECTION('',(-0.,1.));
#13865 = ( GEOMETRIC_REPRESENTATION_CONTEXT(2) 
PARAMETRIC_REPRESENTATION_CONTEXT() REPRESENTATION_CONTEXT('2D SPACE',''
  ) );
#13866 = PCURVE('',#6708,#13867);
#13867 = DEFINITIONAL_REPRESENTATION('',(#13868),#13872);
#13868 = LINE('',#13869,#13870);
#13869 = CARTESIAN_POINT('',(125.,0.));
#13870 = VECTOR('',#13871,1.);
#13871 = DIRECTION('',(0.,1.));
#13872 = ( GEOMETRIC_REPRESENTATION_CONTEXT(2) 
PARAMETRIC_REPRESENTATION_CONTEXT() REPRESENTATION_CONTEXT('2D SPACE',''
  ) );
#13873 = ORIENTED_EDGE('',*,*,#7483,.T.);
#13874 = ORIENTED_EDGE('',*,*,#13828,.F.);
#13875 = ADVANCED_FACE('',(#13876),#6708,.T.);
#13876 = FACE_BOUND('',#13877,.T.);
#13877 = EDGE_LOOP('',(#13878,#13899,#13900,#13901));
#13878 = ORIENTED_EDGE('',*,*,#13879,.F.);
#13879 = EDGE_CURVE('',#6627,#7508,#13880,.T.);
#13880 = SURFACE_CURVE('',#13881,(#13885,#13892),.PCURVE_S1.);
#13881 = LINE('',#13882,#13883);
#13882 = CARTESIAN_POINT('',(-45.,-1.1E+03,300.));
#13883 = VECTOR('',#13884,1.);
#13884 = DIRECTION('',(0.,1.,0.));
#13885 = PCURVE('',#6708,#13886);
#13886 = DEFINITIONAL_REPRESENTATION('',(#13887),#13891);
#13887 = LINE('',#13888,#13889);
#13888 = CARTESIAN_POINT('',(35.,0.));
#13889 = VECTOR('',#13890,1.);
#13890 = DIRECTION('',(0.,1.));
#13891 = ( GEOMETRIC_REPRESENTATION_CONTEXT(2) 
PARAMETRIC_REPRESENTATION_CONTEXT() REPRESENTATION_CONTEXT('2D SPACE',''
  ) );
#13892 = PCURVE('',#6668,#13893);
#13893 = DEFINITIONAL_REPRESENTATION('',(#13894),#13898);
#13894 = LINE('',#13895,#13896);
#13895 = CARTESIAN_POINT('',(1.570796326795,0.));
#13896 = VECTOR('',#13897,1.);
#13897 = DIRECTION('',(0.,1.));
#13898 = ( GEOMETRIC_REPRESENTATION_CONTEXT(2) 
PARAMETRIC_REPRESENTATION_CONTEXT() REPRESENTATION_CONTEXT('2D SPACE',''
  ) );
#13899 = ORIENTED_EDGE('',*,*,#6693,.F.);
#13900 = ORIENTED_EDGE('',*,*,#13853,.T.);
#13901 = ORIENTED_EDGE('',*,*,#7507,.F.);
#13902 = ADVANCED_FACE('',(#13903),#6668,.T.);
#13903 = FACE_BOUND('',#13904,.T.);
#13904 = EDGE_LOOP('',(#13905,#13906,#13907,#13908));
#13905 = ORIENTED_EDGE('',*,*,#6626,.T.);
#13906 = ORIENTED_EDGE('',*,*,#13879,.T.);
#13907 = ORIENTED_EDGE('',*,*,#7528,.F.);
#13908 = ORIENTED_EDGE('',*,*,#13909,.F.);
#13909 = EDGE_CURVE('',#6594,#7529,#13910,.T.);
#13910 = SURFACE_CURVE('',#13911,(#13915,#13922),.PCURVE_S1.);
#13911 = LINE('',#13912,#13913);
#13912 = CARTESIAN_POINT('',(-80.,-1.1E+03,265.));
#13913 = VECTOR('',#13914,1.);
#13914 = DIRECTION('',(0.,1.,0.));
#13915 = PCURVE('',#6668,#13916);
#13916 = DEFINITIONAL_REPRESENTATION('',(#13917),#13921);
#13917 = LINE('',#13918,#13919);
#13918 = CARTESIAN_POINT('',(0.,0.));
#13919 = VECTOR('',#13920,1.);
#13920 = DIRECTION('',(0.,1.));
#13921 = ( GEOMETRIC_REPRESENTATION_CONTEXT(2) 
PARAMETRIC_REPRESENTATION_CONTEXT() REPRESENTATION_CONTEXT('2D SPACE',''
  ) );
#13922 = PCURVE('',#6610,#13923);
#13923 = DEFINITIONAL_REPRESENTATION('',(#13924),#13928);
#13924 = LINE('',#13925,#13926);
#13925 = CARTESIAN_POINT('',(145.,0.));
#13926 = VECTOR('',#13927,1.);
#13927 = DIRECTION('',(0.,-1.));
#13928 = ( GEOMETRIC_REPRESENTATION_CONTEXT(2) 
PARAMETRIC_REPRESENTATION_CONTEXT() REPRESENTATION_CONTEXT('2D SPACE',''
  ) );
#13929 = ADVANCED_FACE('',(#13930),#6610,.F.);
#13930 = FACE_BOUND('',#13931,.F.);
#13931 = EDGE_LOOP('',(#13932,#13933,#13954,#13955));
#13932 = ORIENTED_EDGE('',*,*,#6593,.T.);
#13933 = ORIENTED_EDGE('',*,*,#13934,.T.);
#13934 = EDGE_CURVE('',#6548,#7553,#13935,.T.);
#13935 = SURFACE_CURVE('',#13936,(#13940,#13947),.PCURVE_S1.);
#13936 = LINE('',#13937,#13938);
#13937 = CARTESIAN_POINT('',(-80.,-1.1E+03,155.));
#13938 = VECTOR('',#13939,1.);
#13939 = DIRECTION('',(0.,1.,0.));
#13940 = PCURVE('',#6610,#13941);
#13941 = DEFINITIONAL_REPRESENTATION('',(#13942),#13946);
#13942 = LINE('',#13943,#13944);
#13943 = CARTESIAN_POINT('',(35.,0.));
#13944 = VECTOR('',#13945,1.);
#13945 = DIRECTION('',(0.,-1.));
#13946 = ( GEOMETRIC_REPRESENTATION_CONTEXT(2) 
PARAMETRIC_REPRESENTATION_CONTEXT() REPRESENTATION_CONTEXT('2D SPACE',''
  ) );
#13947 = PCURVE('',#6575,#13948);
#13948 = DEFINITIONAL_REPRESENTATION('',(#13949),#13953);
#13949 = LINE('',#13950,#13951);
#13950 = CARTESIAN_POINT('',(-0.,0.));
#13951 = VECTOR('',#13952,1.);
#13952 = DIRECTION('',(-0.,1.));
#13953 = ( GEOMETRIC_REPRESENTATION_CONTEXT(2) 
PARAMETRIC_REPRESENTATION_CONTEXT() REPRESENTATION_CONTEXT('2D SPACE',''
  ) );
#13954 = ORIENTED_EDGE('',*,*,#7552,.F.);
#13955 = ORIENTED_EDGE('',*,*,#13909,.F.);
#13956 = ADVANCED_FACE('',(#13957),#6575,.T.);
#13957 = FACE_BOUND('',#13958,.F.);
#13958 = EDGE_LOOP('',(#13959,#13960,#13961,#13980));
#13959 = ORIENTED_EDGE('',*,*,#13934,.F.);
#13960 = ORIENTED_EDGE('',*,*,#6547,.T.);
#13961 = ORIENTED_EDGE('',*,*,#13962,.T.);
#13962 = EDGE_CURVE('',#6520,#7574,#13963,.T.);
#13963 = SURFACE_CURVE('',#13964,(#13968,#13974),.PCURVE_S1.);
#13964 = LINE('',#13965,#13966);
#13965 = CARTESIAN_POINT('',(-69.49489742783,-1.1E+03,130.));
#13966 = VECTOR('',#13967,1.);
#13967 = DIRECTION('',(0.,1.,0.));
#13968 = PCURVE('',#6575,#13969);
#13969 = DEFINITIONAL_REPRESENTATION('',(#13970),#13973);
#13970 = B_SPLINE_CURVE_WITH_KNOTS('',1,(#13971,#13972),.UNSPECIFIED.,
  .F.,.F.,(2,2),(34.9999994,2.1650000006E+03),.PIECEWISE_BEZIER_KNOTS.);
#13971 = CARTESIAN_POINT('',(-0.795602953485,34.9999994));
#13972 = CARTESIAN_POINT('',(-0.795602953485,2.1650000006E+03));
#13973 = ( GEOMETRIC_REPRESENTATION_CONTEXT(2) 
PARAMETRIC_REPRESENTATION_CONTEXT() REPRESENTATION_CONTEXT('2D SPACE',''
  ) );
#13974 = PCURVE('',#6535,#13975);
#13975 = DEFINITIONAL_REPRESENTATION('',(#13976),#13979);
#13976 = B_SPLINE_CURVE_WITH_KNOTS('',1,(#13977,#13978),.UNSPECIFIED.,
  .F.,.F.,(2,2),(34.9999994,2.1650000006E+03),.PIECEWISE_BEZIER_KNOTS.);
#13977 = CARTESIAN_POINT('',(2.530505102572E+03,234.9999994));
#13978 = CARTESIAN_POINT('',(2.530505102572E+03,2.3650000006E+03));
#13979 = ( GEOMETRIC_REPRESENTATION_CONTEXT(2) 
PARAMETRIC_REPRESENTATION_CONTEXT() REPRESENTATION_CONTEXT('2D SPACE',''
  ) );
#13980 = ORIENTED_EDGE('',*,*,#7573,.T.);
#13981 = ADVANCED_FACE('',(#13982),#6535,.T.);
#13982 = FACE_BOUND('',#13983,.T.);
#13983 = EDGE_LOOP('',(#13984,#13985,#13986,#13987));
#13984 = ORIENTED_EDGE('',*,*,#6519,.T.);
#13985 = ORIENTED_EDGE('',*,*,#13962,.T.);
#13986 = ORIENTED_EDGE('',*,*,#7597,.T.);
#13987 = ORIENTED_EDGE('',*,*,#13988,.F.);
#13988 = EDGE_CURVE('',#6474,#7598,#13989,.T.);
#13989 = SURFACE_CURVE('',#13990,(#13994,#14000),.PCURVE_S1.);
#13990 = LINE('',#13991,#13992);
#13991 = CARTESIAN_POINT('',(-1.630505102572E+03,-1.1E+03,130.));
#13992 = VECTOR('',#13993,1.);
#13993 = DIRECTION('',(0.,1.,0.));
#13994 = PCURVE('',#6535,#13995);
#13995 = DEFINITIONAL_REPRESENTATION('',(#13996),#13999);
#13996 = B_SPLINE_CURVE_WITH_KNOTS('',1,(#13997,#13998),.UNSPECIFIED.,
  .F.,.F.,(2,2),(34.9999994,2.1650000006E+03),.PIECEWISE_BEZIER_KNOTS.);
#13997 = CARTESIAN_POINT('',(969.49489742783,234.9999994));
#13998 = CARTESIAN_POINT('',(969.49489742783,2.3650000006E+03));
#13999 = ( GEOMETRIC_REPRESENTATION_CONTEXT(2) 
PARAMETRIC_REPRESENTATION_CONTEXT() REPRESENTATION_CONTEXT('2D SPACE',''
  ) );
#14000 = PCURVE('',#6501,#14001);
#14001 = DEFINITIONAL_REPRESENTATION('',(#14002),#14005);
#14002 = B_SPLINE_CURVE_WITH_KNOTS('',1,(#14003,#14004),.UNSPECIFIED.,
  .F.,.F.,(2,2),(34.9999994,2.1650000006E+03),.PIECEWISE_BEZIER_KNOTS.);
#14003 = CARTESIAN_POINT('',(0.795602953485,34.9999994));
#14004 = CARTESIAN_POINT('',(0.795602953485,2.1650000006E+03));
#14005 = ( GEOMETRIC_REPRESENTATION_CONTEXT(2) 
PARAMETRIC_REPRESENTATION_CONTEXT() REPRESENTATION_CONTEXT('2D SPACE',''
  ) );
#14006 = ADVANCED_FACE('',(#14007),#6501,.T.);
#14007 = FACE_BOUND('',#14008,.T.);
#14008 = EDGE_LOOP('',(#14009,#14030,#14031,#14032));
#14009 = ORIENTED_EDGE('',*,*,#14010,.F.);
#14010 = EDGE_CURVE('',#6441,#7619,#14011,.T.);
#14011 = SURFACE_CURVE('',#14012,(#14016,#14023),.PCURVE_S1.);
#14012 = LINE('',#14013,#14014);
#14013 = CARTESIAN_POINT('',(-1.62E+03,-1.1E+03,155.));
#14014 = VECTOR('',#14015,1.);
#14015 = DIRECTION('',(0.,1.,0.));
#14016 = PCURVE('',#6501,#14017);
#14017 = DEFINITIONAL_REPRESENTATION('',(#14018),#14022);
#14018 = LINE('',#14019,#14020);
#14019 = CARTESIAN_POINT('',(0.,0.));
#14020 = VECTOR('',#14021,1.);
#14021 = DIRECTION('',(0.,1.));
#14022 = ( GEOMETRIC_REPRESENTATION_CONTEXT(2) 
PARAMETRIC_REPRESENTATION_CONTEXT() REPRESENTATION_CONTEXT('2D SPACE',''
  ) );
#14023 = PCURVE('',#6457,#14024);
#14024 = DEFINITIONAL_REPRESENTATION('',(#14025),#14029);
#14025 = LINE('',#14026,#14027);
#14026 = CARTESIAN_POINT('',(35.,0.));
#14027 = VECTOR('',#14028,1.);
#14028 = DIRECTION('',(0.,-1.));
#14029 = ( GEOMETRIC_REPRESENTATION_CONTEXT(2) 
PARAMETRIC_REPRESENTATION_CONTEXT() REPRESENTATION_CONTEXT('2D SPACE',''
  ) );
#14030 = ORIENTED_EDGE('',*,*,#6473,.T.);
#14031 = ORIENTED_EDGE('',*,*,#13988,.T.);
#14032 = ORIENTED_EDGE('',*,*,#7618,.F.);
#14033 = ADVANCED_FACE('',(#14034),#6457,.T.);
#14034 = FACE_BOUND('',#14035,.T.);
#14035 = EDGE_LOOP('',(#14036,#14037,#14038,#14039));
#14036 = ORIENTED_EDGE('',*,*,#6440,.T.);
#14037 = ORIENTED_EDGE('',*,*,#14010,.T.);
#14038 = ORIENTED_EDGE('',*,*,#7642,.F.);
#14039 = ORIENTED_EDGE('',*,*,#14040,.F.);
#14040 = EDGE_CURVE('',#6374,#7643,#14041,.T.);
#14041 = SURFACE_CURVE('',#14042,(#14046,#14053),.PCURVE_S1.);
#14042 = LINE('',#14043,#14044);
#14043 = CARTESIAN_POINT('',(-1.62E+03,-1.1E+03,265.));
#14044 = VECTOR('',#14045,1.);
#14045 = DIRECTION('',(0.,1.,0.));
#14046 = PCURVE('',#6457,#14047);
#14047 = DEFINITIONAL_REPRESENTATION('',(#14048),#14052);
#14048 = LINE('',#14049,#14050);
#14049 = CARTESIAN_POINT('',(145.,0.));
#14050 = VECTOR('',#14051,1.);
#14051 = DIRECTION('',(0.,-1.));
#14052 = ( GEOMETRIC_REPRESENTATION_CONTEXT(2) 
PARAMETRIC_REPRESENTATION_CONTEXT() REPRESENTATION_CONTEXT('2D SPACE',''
  ) );
#14053 = PCURVE('',#6415,#14054);
#14054 = DEFINITIONAL_REPRESENTATION('',(#14055),#14059);
#14055 = LINE('',#14056,#14057);
#14056 = CARTESIAN_POINT('',(-0.,0.));
#14057 = VECTOR('',#14058,1.);
#14058 = DIRECTION('',(-0.,1.));
#14059 = ( GEOMETRIC_REPRESENTATION_CONTEXT(2) 
PARAMETRIC_REPRESENTATION_CONTEXT() REPRESENTATION_CONTEXT('2D SPACE',''
  ) );
#14060 = ADVANCED_FACE('',(#14061),#6415,.T.);
#14061 = FACE_BOUND('',#14062,.F.);
#14062 = EDGE_LOOP('',(#14063,#14064,#14085,#14086));
#14063 = ORIENTED_EDGE('',*,*,#6373,.T.);
#14064 = ORIENTED_EDGE('',*,*,#14065,.T.);
#14065 = EDGE_CURVE('',#6348,#7664,#14066,.T.);
#14066 = SURFACE_CURVE('',#14067,(#14071,#14078),.PCURVE_S1.);
#14067 = LINE('',#14068,#14069);
#14068 = CARTESIAN_POINT('',(-1.655E+03,-1.1E+03,300.));
#14069 = VECTOR('',#14070,1.);
#14070 = DIRECTION('',(0.,1.,0.));
#14071 = PCURVE('',#6415,#14072);
#14072 = DEFINITIONAL_REPRESENTATION('',(#14073),#14077);
#14073 = LINE('',#14074,#14075);
#14074 = CARTESIAN_POINT('',(-1.570796326795,0.));
#14075 = VECTOR('',#14076,1.);
#14076 = DIRECTION('',(-0.,1.));
#14077 = ( GEOMETRIC_REPRESENTATION_CONTEXT(2) 
PARAMETRIC_REPRESENTATION_CONTEXT() REPRESENTATION_CONTEXT('2D SPACE',''
  ) );
#14078 = PCURVE('',#6362,#14079);
#14079 = DEFINITIONAL_REPRESENTATION('',(#14080),#14084);
#14080 = LINE('',#14081,#14082);
#14081 = CARTESIAN_POINT('',(125.,0.));
#14082 = VECTOR('',#14083,1.);
#14083 = DIRECTION('',(0.,1.));
#14084 = ( GEOMETRIC_REPRESENTATION_CONTEXT(2) 
PARAMETRIC_REPRESENTATION_CONTEXT() REPRESENTATION_CONTEXT('2D SPACE',''
  ) );
#14085 = ORIENTED_EDGE('',*,*,#7663,.T.);
#14086 = ORIENTED_EDGE('',*,*,#14040,.F.);
#14087 = ADVANCED_FACE('',(#14088),#6362,.T.);
#14088 = FACE_BOUND('',#14089,.T.);
#14089 = EDGE_LOOP('',(#14090,#14111,#14112,#14113));
#14090 = ORIENTED_EDGE('',*,*,#14091,.F.);
#14091 = EDGE_CURVE('',#6281,#7688,#14092,.T.);
#14092 = SURFACE_CURVE('',#14093,(#14097,#14104),.PCURVE_S1.);
#14093 = LINE('',#14094,#14095);
#14094 = CARTESIAN_POINT('',(-1.745E+03,-1.1E+03,300.));
#14095 = VECTOR('',#14096,1.);
#14096 = DIRECTION('',(0.,1.,0.));
#14097 = PCURVE('',#6362,#14098);
#14098 = DEFINITIONAL_REPRESENTATION('',(#14099),#14103);
#14099 = LINE('',#14100,#14101);
#14100 = CARTESIAN_POINT('',(35.,0.));
#14101 = VECTOR('',#14102,1.);
#14102 = DIRECTION('',(0.,1.));
#14103 = ( GEOMETRIC_REPRESENTATION_CONTEXT(2) 
PARAMETRIC_REPRESENTATION_CONTEXT() REPRESENTATION_CONTEXT('2D SPACE',''
  ) );
#14104 = PCURVE('',#6322,#14105);
#14105 = DEFINITIONAL_REPRESENTATION('',(#14106),#14110);
#14106 = LINE('',#14107,#14108);
#14107 = CARTESIAN_POINT('',(1.570796326795,0.));
#14108 = VECTOR('',#14109,1.);
#14109 = DIRECTION('',(0.,1.));
#14110 = ( GEOMETRIC_REPRESENTATION_CONTEXT(2) 
PARAMETRIC_REPRESENTATION_CONTEXT() REPRESENTATION_CONTEXT('2D SPACE',''
  ) );
#14111 = ORIENTED_EDGE('',*,*,#6347,.F.);
#14112 = ORIENTED_EDGE('',*,*,#14065,.T.);
#14113 = ORIENTED_EDGE('',*,*,#7687,.F.);
#14114 = ADVANCED_FACE('',(#14115),#6322,.T.);
#14115 = FACE_BOUND('',#14116,.T.);
#14116 = EDGE_LOOP('',(#14117,#14118,#14119,#14120));
#14117 = ORIENTED_EDGE('',*,*,#6280,.T.);
#14118 = ORIENTED_EDGE('',*,*,#14091,.T.);
#14119 = ORIENTED_EDGE('',*,*,#7708,.F.);
#14120 = ORIENTED_EDGE('',*,*,#14121,.F.);
#14121 = EDGE_CURVE('',#6248,#7709,#14122,.T.);
#14122 = SURFACE_CURVE('',#14123,(#14127,#14134),.PCURVE_S1.);
#14123 = LINE('',#14124,#14125);
#14124 = CARTESIAN_POINT('',(-1.78E+03,-1.1E+03,265.));
#14125 = VECTOR('',#14126,1.);
#14126 = DIRECTION('',(0.,1.,0.));
#14127 = PCURVE('',#6322,#14128);
#14128 = DEFINITIONAL_REPRESENTATION('',(#14129),#14133);
#14129 = LINE('',#14130,#14131);
#14130 = CARTESIAN_POINT('',(0.,0.));
#14131 = VECTOR('',#14132,1.);
#14132 = DIRECTION('',(0.,1.));
#14133 = ( GEOMETRIC_REPRESENTATION_CONTEXT(2) 
PARAMETRIC_REPRESENTATION_CONTEXT() REPRESENTATION_CONTEXT('2D SPACE',''
  ) );
#14134 = PCURVE('',#6264,#14135);
#14135 = DEFINITIONAL_REPRESENTATION('',(#14136),#14140);
#14136 = LINE('',#14137,#14138);
#14137 = CARTESIAN_POINT('',(145.,0.));
#14138 = VECTOR('',#14139,1.);
#14139 = DIRECTION('',(0.,-1.));
#14140 = ( GEOMETRIC_REPRESENTATION_CONTEXT(2) 
PARAMETRIC_REPRESENTATION_CONTEXT() REPRESENTATION_CONTEXT('2D SPACE',''
  ) );
#14141 = ADVANCED_FACE('',(#14142),#6264,.F.);
#14142 = FACE_BOUND('',#14143,.F.);
#14143 = EDGE_LOOP('',(#14144,#14145,#14146,#14147));
#14144 = ORIENTED_EDGE('',*,*,#6247,.T.);
#14145 = ORIENTED_EDGE('',*,*,#12455,.T.);
#14146 = ORIENTED_EDGE('',*,*,#7732,.F.);
#14147 = ORIENTED_EDGE('',*,*,#14121,.F.);
#14148 = ADVANCED_FACE('',(#14149),#6066,.T.);
#14149 = FACE_BOUND('',#14150,.T.);
#14150 = EDGE_LOOP('',(#14151,#14152,#14153));
#14151 = ORIENTED_EDGE('',*,*,#6028,.F.);
#14152 = ORIENTED_EDGE('',*,*,#12512,.T.);
#14153 = ORIENTED_EDGE('',*,*,#14154,.T.);
#14154 = EDGE_CURVE('',#12489,#5992,#14155,.T.);
#14155 = SURFACE_CURVE('',#14156,(#14160,#14167),.PCURVE_S1.);
#14156 = LINE('',#14157,#14158);
#14157 = CARTESIAN_POINT('',(-1.745E+03,-1.1E+03,120.));
#14158 = VECTOR('',#14159,1.);
#14159 = DIRECTION('',(0.,0.,1.));
#14160 = PCURVE('',#6066,#14161);
#14161 = DEFINITIONAL_REPRESENTATION('',(#14162),#14166);
#14162 = LINE('',#14163,#14164);
#14163 = CARTESIAN_POINT('',(1.570796326795,0.));
#14164 = VECTOR('',#14165,1.);
#14165 = DIRECTION('',(0.,1.));
#14166 = ( GEOMETRIC_REPRESENTATION_CONTEXT(2) 
PARAMETRIC_REPRESENTATION_CONTEXT() REPRESENTATION_CONTEXT('2D SPACE',''
  ) );
#14167 = PCURVE('',#12578,#14168);
#14168 = DEFINITIONAL_REPRESENTATION('',(#14169),#14173);
#14169 = LINE('',#14170,#14171);
#14170 = CARTESIAN_POINT('',(0.,35.));
#14171 = VECTOR('',#14172,1.);
#14172 = DIRECTION('',(1.,0.));
#14173 = ( GEOMETRIC_REPRESENTATION_CONTEXT(2) 
PARAMETRIC_REPRESENTATION_CONTEXT() REPRESENTATION_CONTEXT('2D SPACE',''
  ) );
#14174 = ADVANCED_FACE('',(#14175),#6013,.T.);
#14175 = FACE_BOUND('',#14176,.T.);
#14176 = EDGE_LOOP('',(#14177,#14201,#14202));
#14177 = ORIENTED_EDGE('',*,*,#14178,.F.);
#14178 = EDGE_CURVE('',#5820,#14179,#14181,.T.);
#14179 = VERTEX_POINT('',#14180);
#14180 = CARTESIAN_POINT('',(-1.745E+03,-1.1E+03,265.));
#14181 = SURFACE_CURVE('',#14182,(#14187,#14194),.PCURVE_S1.);
#14182 = CIRCLE('',#14183,35.);
#14183 = AXIS2_PLACEMENT_3D('',#14184,#14185,#14186);
#14184 = CARTESIAN_POINT('',(-1.745E+03,-1.065E+03,265.));
#14185 = DIRECTION('',(0.,0.,1.));
#14186 = DIRECTION('',(-1.,0.,0.));
#14187 = PCURVE('',#6013,#14188);
#14188 = DEFINITIONAL_REPRESENTATION('',(#14189),#14193);
#14189 = LINE('',#14190,#14191);
#14190 = CARTESIAN_POINT('',(0.,145.));
#14191 = VECTOR('',#14192,1.);
#14192 = DIRECTION('',(1.,0.));
#14193 = ( GEOMETRIC_REPRESENTATION_CONTEXT(2) 
PARAMETRIC_REPRESENTATION_CONTEXT() REPRESENTATION_CONTEXT('2D SPACE',''
  ) );
#14194 = PCURVE('',#5931,#14195);
#14195 = DEFINITIONAL_REPRESENTATION('',(#14196),#14200);
#14196 = LINE('',#14197,#14198);
#14197 = CARTESIAN_POINT('',(-0.,0.));
#14198 = VECTOR('',#14199,1.);
#14199 = DIRECTION('',(-1.,0.));
#14200 = ( GEOMETRIC_REPRESENTATION_CONTEXT(2) 
PARAMETRIC_REPRESENTATION_CONTEXT() REPRESENTATION_CONTEXT('2D SPACE',''
  ) );
#14201 = ORIENTED_EDGE('',*,*,#5991,.T.);
#14202 = ORIENTED_EDGE('',*,*,#14203,.T.);
#14203 = EDGE_CURVE('',#5992,#14179,#14204,.T.);
#14204 = SURFACE_CURVE('',#14205,(#14209,#14216),.PCURVE_S1.);
#14205 = LINE('',#14206,#14207);
#14206 = CARTESIAN_POINT('',(-1.745E+03,-1.1E+03,120.));
#14207 = VECTOR('',#14208,1.);
#14208 = DIRECTION('',(0.,0.,1.));
#14209 = PCURVE('',#6013,#14210);
#14210 = DEFINITIONAL_REPRESENTATION('',(#14211),#14215);
#14211 = LINE('',#14212,#14213);
#14212 = CARTESIAN_POINT('',(1.570796326795,0.));
#14213 = VECTOR('',#14214,1.);
#14214 = DIRECTION('',(0.,1.));
#14215 = ( GEOMETRIC_REPRESENTATION_CONTEXT(2) 
PARAMETRIC_REPRESENTATION_CONTEXT() REPRESENTATION_CONTEXT('2D SPACE',''
  ) );
#14216 = PCURVE('',#12578,#14217);
#14217 = DEFINITIONAL_REPRESENTATION('',(#14218),#14222);
#14218 = LINE('',#14219,#14220);
#14219 = CARTESIAN_POINT('',(0.,35.));
#14220 = VECTOR('',#14221,1.);
#14221 = DIRECTION('',(1.,0.));
#14222 = ( GEOMETRIC_REPRESENTATION_CONTEXT(2) 
PARAMETRIC_REPRESENTATION_CONTEXT() REPRESENTATION_CONTEXT('2D SPACE',''
  ) );
#14223 = ADVANCED_FACE('',(#14224),#5931,.T.);
#14224 = FACE_BOUND('',#14225,.F.);
#14225 = EDGE_LOOP('',(#14226,#14227,#14249));
#14226 = ORIENTED_EDGE('',*,*,#5819,.T.);
#14227 = ORIENTED_EDGE('',*,*,#14228,.T.);
#14228 = EDGE_CURVE('',#5794,#14179,#14229,.T.);
#14229 = SURFACE_CURVE('',#14230,(#14235,#14242),.PCURVE_S1.);
#14230 = CIRCLE('',#14231,35.);
#14231 = AXIS2_PLACEMENT_3D('',#14232,#14233,#14234);
#14232 = CARTESIAN_POINT('',(-1.745E+03,-1.065E+03,265.));
#14233 = DIRECTION('',(1.,-2.832769448824E-16,0.));
#14234 = DIRECTION('',(-2.832769448824E-16,-1.,0.));
#14235 = PCURVE('',#5931,#14236);
#14236 = DEFINITIONAL_REPRESENTATION('',(#14237),#14241);
#14237 = LINE('',#14238,#14239);
#14238 = CARTESIAN_POINT('',(-1.570796326795,-6.28318530718));
#14239 = VECTOR('',#14240,1.);
#14240 = DIRECTION('',(-0.,1.));
#14241 = ( GEOMETRIC_REPRESENTATION_CONTEXT(2) 
PARAMETRIC_REPRESENTATION_CONTEXT() REPRESENTATION_CONTEXT('2D SPACE',''
  ) );
#14242 = PCURVE('',#5808,#14243);
#14243 = DEFINITIONAL_REPRESENTATION('',(#14244),#14248);
#14244 = LINE('',#14245,#14246);
#14245 = CARTESIAN_POINT('',(-6.28318530718,35.));
#14246 = VECTOR('',#14247,1.);
#14247 = DIRECTION('',(1.,-0.));
#14248 = ( GEOMETRIC_REPRESENTATION_CONTEXT(2) 
PARAMETRIC_REPRESENTATION_CONTEXT() REPRESENTATION_CONTEXT('2D SPACE',''
  ) );
#14249 = ORIENTED_EDGE('',*,*,#14178,.F.);
#14250 = ADVANCED_FACE('',(#14251),#5808,.T.);
#14251 = FACE_BOUND('',#14252,.F.);
#14252 = EDGE_LOOP('',(#14253,#14254,#14255,#14279));
#14253 = ORIENTED_EDGE('',*,*,#14228,.F.);
#14254 = ORIENTED_EDGE('',*,*,#5793,.F.);
#14255 = ORIENTED_EDGE('',*,*,#14256,.T.);
#14256 = EDGE_CURVE('',#5601,#14257,#14259,.T.);
#14257 = VERTEX_POINT('',#14258);
#14258 = CARTESIAN_POINT('',(-1.655E+03,-1.1E+03,265.));
#14259 = SURFACE_CURVE('',#14260,(#14265,#14272),.PCURVE_S1.);
#14260 = CIRCLE('',#14261,35.);
#14261 = AXIS2_PLACEMENT_3D('',#14262,#14263,#14264);
#14262 = CARTESIAN_POINT('',(-1.655E+03,-1.065E+03,265.));
#14263 = DIRECTION('',(1.,2.832769448824E-16,0.));
#14264 = DIRECTION('',(2.832769448824E-16,-1.,0.));
#14265 = PCURVE('',#5808,#14266);
#14266 = DEFINITIONAL_REPRESENTATION('',(#14267),#14271);
#14267 = LINE('',#14268,#14269);
#14268 = CARTESIAN_POINT('',(-6.28318530718,125.));
#14269 = VECTOR('',#14270,1.);
#14270 = DIRECTION('',(1.,-0.));
#14271 = ( GEOMETRIC_REPRESENTATION_CONTEXT(2) 
PARAMETRIC_REPRESENTATION_CONTEXT() REPRESENTATION_CONTEXT('2D SPACE',''
  ) );
#14272 = PCURVE('',#5726,#14273);
#14273 = DEFINITIONAL_REPRESENTATION('',(#14274),#14278);
#14274 = LINE('',#14275,#14276);
#14275 = CARTESIAN_POINT('',(1.570796326795,-6.28318530718));
#14276 = VECTOR('',#14277,1.);
#14277 = DIRECTION('',(0.,1.));
#14278 = ( GEOMETRIC_REPRESENTATION_CONTEXT(2) 
PARAMETRIC_REPRESENTATION_CONTEXT() REPRESENTATION_CONTEXT('2D SPACE',''
  ) );
#14279 = ORIENTED_EDGE('',*,*,#14280,.F.);
#14280 = EDGE_CURVE('',#14179,#14257,#14281,.T.);
#14281 = SURFACE_CURVE('',#14282,(#14286,#14293),.PCURVE_S1.);
#14282 = LINE('',#14283,#14284);
#14283 = CARTESIAN_POINT('',(-1.78E+03,-1.1E+03,265.));
#14284 = VECTOR('',#14285,1.);
#14285 = DIRECTION('',(1.,0.,0.));
#14286 = PCURVE('',#5808,#14287);
#14287 = DEFINITIONAL_REPRESENTATION('',(#14288),#14292);
#14288 = LINE('',#14289,#14290);
#14289 = CARTESIAN_POINT('',(-0.,0.));
#14290 = VECTOR('',#14291,1.);
#14291 = DIRECTION('',(-0.,1.));
#14292 = ( GEOMETRIC_REPRESENTATION_CONTEXT(2) 
PARAMETRIC_REPRESENTATION_CONTEXT() REPRESENTATION_CONTEXT('2D SPACE',''
  ) );
#14293 = PCURVE('',#12578,#14294);
#14294 = DEFINITIONAL_REPRESENTATION('',(#14295),#14299);
#14295 = LINE('',#14296,#14297);
#14296 = CARTESIAN_POINT('',(145.,0.));
#14297 = VECTOR('',#14298,1.);
#14298 = DIRECTION('',(0.,1.));
#14299 = ( GEOMETRIC_REPRESENTATION_CONTEXT(2) 
PARAMETRIC_REPRESENTATION_CONTEXT() REPRESENTATION_CONTEXT('2D SPACE',''
  ) );
#14300 = ADVANCED_FACE('',(#14301),#5726,.T.);
#14301 = FACE_BOUND('',#14302,.T.);
#14302 = EDGE_LOOP('',(#14303,#14304,#14305));
#14303 = ORIENTED_EDGE('',*,*,#5600,.F.);
#14304 = ORIENTED_EDGE('',*,*,#14256,.T.);
#14305 = ORIENTED_EDGE('',*,*,#14306,.F.);
#14306 = EDGE_CURVE('',#5564,#14257,#14307,.T.);
#14307 = SURFACE_CURVE('',#14308,(#14313,#14320),.PCURVE_S1.);
#14308 = CIRCLE('',#14309,35.);
#14309 = AXIS2_PLACEMENT_3D('',#14310,#14311,#14312);
#14310 = CARTESIAN_POINT('',(-1.655E+03,-1.065E+03,265.));
#14311 = DIRECTION('',(0.,0.,-1.));
#14312 = DIRECTION('',(1.,0.,0.));
#14313 = PCURVE('',#5726,#14314);
#14314 = DEFINITIONAL_REPRESENTATION('',(#14315),#14319);
#14315 = LINE('',#14316,#14317);
#14316 = CARTESIAN_POINT('',(0.,0.));
#14317 = VECTOR('',#14318,1.);
#14318 = DIRECTION('',(1.,0.));
#14319 = ( GEOMETRIC_REPRESENTATION_CONTEXT(2) 
PARAMETRIC_REPRESENTATION_CONTEXT() REPRESENTATION_CONTEXT('2D SPACE',''
  ) );
#14320 = PCURVE('',#5585,#14321);
#14321 = DEFINITIONAL_REPRESENTATION('',(#14322),#14326);
#14322 = LINE('',#14323,#14324);
#14323 = CARTESIAN_POINT('',(-0.,145.));
#14324 = VECTOR('',#14325,1.);
#14325 = DIRECTION('',(-1.,0.));
#14326 = ( GEOMETRIC_REPRESENTATION_CONTEXT(2) 
PARAMETRIC_REPRESENTATION_CONTEXT() REPRESENTATION_CONTEXT('2D SPACE',''
  ) );
#14327 = ADVANCED_FACE('',(#14328),#5585,.T.);
#14328 = FACE_BOUND('',#14329,.F.);
#14329 = EDGE_LOOP('',(#14330,#14331,#14332));
#14330 = ORIENTED_EDGE('',*,*,#14306,.F.);
#14331 = ORIENTED_EDGE('',*,*,#5563,.T.);
#14332 = ORIENTED_EDGE('',*,*,#14333,.T.);
#14333 = EDGE_CURVE('',#5503,#14257,#14334,.T.);
#14334 = SURFACE_CURVE('',#14335,(#14339,#14346),.PCURVE_S1.);
#14335 = LINE('',#14336,#14337);
#14336 = CARTESIAN_POINT('',(-1.655E+03,-1.1E+03,120.));
#14337 = VECTOR('',#14338,1.);
#14338 = DIRECTION('',(0.,0.,1.));
#14339 = PCURVE('',#5585,#14340);
#14340 = DEFINITIONAL_REPRESENTATION('',(#14341),#14345);
#14341 = LINE('',#14342,#14343);
#14342 = CARTESIAN_POINT('',(-1.570796326795,0.));
#14343 = VECTOR('',#14344,1.);
#14344 = DIRECTION('',(-0.,1.));
#14345 = ( GEOMETRIC_REPRESENTATION_CONTEXT(2) 
PARAMETRIC_REPRESENTATION_CONTEXT() REPRESENTATION_CONTEXT('2D SPACE',''
  ) );
#14346 = PCURVE('',#12578,#14347);
#14347 = DEFINITIONAL_REPRESENTATION('',(#14348),#14352);
#14348 = LINE('',#14349,#14350);
#14349 = CARTESIAN_POINT('',(0.,125.));
#14350 = VECTOR('',#14351,1.);
#14351 = DIRECTION('',(1.,0.));
#14352 = ( GEOMETRIC_REPRESENTATION_CONTEXT(2) 
PARAMETRIC_REPRESENTATION_CONTEXT() REPRESENTATION_CONTEXT('2D SPACE',''
  ) );
#14353 = ADVANCED_FACE('',(#14354),#5540,.T.);
#14354 = FACE_BOUND('',#14355,.F.);
#14355 = EDGE_LOOP('',(#14356,#14357,#14358));
#14356 = ORIENTED_EDGE('',*,*,#5502,.F.);
#14357 = ORIENTED_EDGE('',*,*,#12595,.T.);
#14358 = ORIENTED_EDGE('',*,*,#14359,.T.);
#14359 = EDGE_CURVE('',#12541,#5503,#14360,.T.);
#14360 = SURFACE_CURVE('',#14361,(#14365,#14372),.PCURVE_S1.);
#14361 = LINE('',#14362,#14363);
#14362 = CARTESIAN_POINT('',(-1.655E+03,-1.1E+03,120.));
#14363 = VECTOR('',#14364,1.);
#14364 = DIRECTION('',(0.,0.,1.));
#14365 = PCURVE('',#5540,#14366);
#14366 = DEFINITIONAL_REPRESENTATION('',(#14367),#14371);
#14367 = LINE('',#14368,#14369);
#14368 = CARTESIAN_POINT('',(-1.570796326795,0.));
#14369 = VECTOR('',#14370,1.);
#14370 = DIRECTION('',(-0.,1.));
#14371 = ( GEOMETRIC_REPRESENTATION_CONTEXT(2) 
PARAMETRIC_REPRESENTATION_CONTEXT() REPRESENTATION_CONTEXT('2D SPACE',''
  ) );
#14372 = PCURVE('',#12578,#14373);
#14373 = DEFINITIONAL_REPRESENTATION('',(#14374),#14378);
#14374 = LINE('',#14375,#14376);
#14375 = CARTESIAN_POINT('',(0.,125.));
#14376 = VECTOR('',#14377,1.);
#14377 = DIRECTION('',(1.,0.));
#14378 = ( GEOMETRIC_REPRESENTATION_CONTEXT(2) 
PARAMETRIC_REPRESENTATION_CONTEXT() REPRESENTATION_CONTEXT('2D SPACE',''
  ) );
#14379 = ADVANCED_FACE('',(#14380),#5290,.T.);
#14380 = FACE_BOUND('',#14381,.T.);
#14381 = EDGE_LOOP('',(#14382,#14383,#14384));
#14382 = ORIENTED_EDGE('',*,*,#5252,.F.);
#14383 = ORIENTED_EDGE('',*,*,#12646,.T.);
#14384 = ORIENTED_EDGE('',*,*,#14385,.T.);
#14385 = EDGE_CURVE('',#12623,#5216,#14386,.T.);
#14386 = SURFACE_CURVE('',#14387,(#14391,#14398),.PCURVE_S1.);
#14387 = LINE('',#14388,#14389);
#14388 = CARTESIAN_POINT('',(-45.,-1.1E+03,120.));
#14389 = VECTOR('',#14390,1.);
#14390 = DIRECTION('',(0.,0.,1.));
#14391 = PCURVE('',#5290,#14392);
#14392 = DEFINITIONAL_REPRESENTATION('',(#14393),#14397);
#14393 = LINE('',#14394,#14395);
#14394 = CARTESIAN_POINT('',(1.570796326795,0.));
#14395 = VECTOR('',#14396,1.);
#14396 = DIRECTION('',(0.,1.));
#14397 = ( GEOMETRIC_REPRESENTATION_CONTEXT(2) 
PARAMETRIC_REPRESENTATION_CONTEXT() REPRESENTATION_CONTEXT('2D SPACE',''
  ) );
#14398 = PCURVE('',#12712,#14399);
#14399 = DEFINITIONAL_REPRESENTATION('',(#14400),#14404);
#14400 = LINE('',#14401,#14402);
#14401 = CARTESIAN_POINT('',(0.,35.));
#14402 = VECTOR('',#14403,1.);
#14403 = DIRECTION('',(1.,0.));
#14404 = ( GEOMETRIC_REPRESENTATION_CONTEXT(2) 
PARAMETRIC_REPRESENTATION_CONTEXT() REPRESENTATION_CONTEXT('2D SPACE',''
  ) );
#14405 = ADVANCED_FACE('',(#14406),#5237,.T.);
#14406 = FACE_BOUND('',#14407,.T.);
#14407 = EDGE_LOOP('',(#14408,#14432,#14433));
#14408 = ORIENTED_EDGE('',*,*,#14409,.F.);
#14409 = EDGE_CURVE('',#5023,#14410,#14412,.T.);
#14410 = VERTEX_POINT('',#14411);
#14411 = CARTESIAN_POINT('',(-45.,-1.1E+03,265.));
#14412 = SURFACE_CURVE('',#14413,(#14418,#14425),.PCURVE_S1.);
#14413 = CIRCLE('',#14414,35.);
#14414 = AXIS2_PLACEMENT_3D('',#14415,#14416,#14417);
#14415 = CARTESIAN_POINT('',(-45.,-1.065E+03,265.));
#14416 = DIRECTION('',(0.,0.,1.));
#14417 = DIRECTION('',(-1.,0.,0.));
#14418 = PCURVE('',#5237,#14419);
#14419 = DEFINITIONAL_REPRESENTATION('',(#14420),#14424);
#14420 = LINE('',#14421,#14422);
#14421 = CARTESIAN_POINT('',(0.,145.));
#14422 = VECTOR('',#14423,1.);
#14423 = DIRECTION('',(1.,0.));
#14424 = ( GEOMETRIC_REPRESENTATION_CONTEXT(2) 
PARAMETRIC_REPRESENTATION_CONTEXT() REPRESENTATION_CONTEXT('2D SPACE',''
  ) );
#14425 = PCURVE('',#5148,#14426);
#14426 = DEFINITIONAL_REPRESENTATION('',(#14427),#14431);
#14427 = LINE('',#14428,#14429);
#14428 = CARTESIAN_POINT('',(-0.,0.));
#14429 = VECTOR('',#14430,1.);
#14430 = DIRECTION('',(-1.,0.));
#14431 = ( GEOMETRIC_REPRESENTATION_CONTEXT(2) 
PARAMETRIC_REPRESENTATION_CONTEXT() REPRESENTATION_CONTEXT('2D SPACE',''
  ) );
#14432 = ORIENTED_EDGE('',*,*,#5215,.T.);
#14433 = ORIENTED_EDGE('',*,*,#14434,.T.);
#14434 = EDGE_CURVE('',#5216,#14410,#14435,.T.);
#14435 = SURFACE_CURVE('',#14436,(#14440,#14447),.PCURVE_S1.);
#14436 = LINE('',#14437,#14438);
#14437 = CARTESIAN_POINT('',(-45.,-1.1E+03,120.));
#14438 = VECTOR('',#14439,1.);
#14439 = DIRECTION('',(0.,0.,1.));
#14440 = PCURVE('',#5237,#14441);
#14441 = DEFINITIONAL_REPRESENTATION('',(#14442),#14446);
#14442 = LINE('',#14443,#14444);
#14443 = CARTESIAN_POINT('',(1.570796326795,0.));
#14444 = VECTOR('',#14445,1.);
#14445 = DIRECTION('',(0.,1.));
#14446 = ( GEOMETRIC_REPRESENTATION_CONTEXT(2) 
PARAMETRIC_REPRESENTATION_CONTEXT() REPRESENTATION_CONTEXT('2D SPACE',''
  ) );
#14447 = PCURVE('',#12712,#14448);
#14448 = DEFINITIONAL_REPRESENTATION('',(#14449),#14453);
#14449 = LINE('',#14450,#14451);
#14450 = CARTESIAN_POINT('',(0.,35.));
#14451 = VECTOR('',#14452,1.);
#14452 = DIRECTION('',(1.,0.));
#14453 = ( GEOMETRIC_REPRESENTATION_CONTEXT(2) 
PARAMETRIC_REPRESENTATION_CONTEXT() REPRESENTATION_CONTEXT('2D SPACE',''
  ) );
#14454 = ADVANCED_FACE('',(#14455),#5148,.T.);
#14455 = FACE_BOUND('',#14456,.F.);
#14456 = EDGE_LOOP('',(#14457,#14458,#14480));
#14457 = ORIENTED_EDGE('',*,*,#5022,.T.);
#14458 = ORIENTED_EDGE('',*,*,#14459,.T.);
#14459 = EDGE_CURVE('',#4997,#14410,#14460,.T.);
#14460 = SURFACE_CURVE('',#14461,(#14466,#14473),.PCURVE_S1.);
#14461 = CIRCLE('',#14462,35.);
#14462 = AXIS2_PLACEMENT_3D('',#14463,#14464,#14465);
#14463 = CARTESIAN_POINT('',(-45.,-1.065E+03,265.));
#14464 = DIRECTION('',(1.,-2.832769448824E-16,0.));
#14465 = DIRECTION('',(-2.832769448824E-16,-1.,0.));
#14466 = PCURVE('',#5148,#14467);
#14467 = DEFINITIONAL_REPRESENTATION('',(#14468),#14472);
#14468 = LINE('',#14469,#14470);
#14469 = CARTESIAN_POINT('',(-1.570796326795,-6.28318530718));
#14470 = VECTOR('',#14471,1.);
#14471 = DIRECTION('',(-0.,1.));
#14472 = ( GEOMETRIC_REPRESENTATION_CONTEXT(2) 
PARAMETRIC_REPRESENTATION_CONTEXT() REPRESENTATION_CONTEXT('2D SPACE',''
  ) );
#14473 = PCURVE('',#5011,#14474);
#14474 = DEFINITIONAL_REPRESENTATION('',(#14475),#14479);
#14475 = LINE('',#14476,#14477);
#14476 = CARTESIAN_POINT('',(-6.28318530718,35.));
#14477 = VECTOR('',#14478,1.);
#14478 = DIRECTION('',(1.,-0.));
#14479 = ( GEOMETRIC_REPRESENTATION_CONTEXT(2) 
PARAMETRIC_REPRESENTATION_CONTEXT() REPRESENTATION_CONTEXT('2D SPACE',''
  ) );
#14480 = ORIENTED_EDGE('',*,*,#14409,.F.);
#14481 = ADVANCED_FACE('',(#14482),#5011,.T.);
#14482 = FACE_BOUND('',#14483,.F.);
#14483 = EDGE_LOOP('',(#14484,#14485,#14486,#14510));
#14484 = ORIENTED_EDGE('',*,*,#14459,.F.);
#14485 = ORIENTED_EDGE('',*,*,#4996,.F.);
#14486 = ORIENTED_EDGE('',*,*,#14487,.T.);
#14487 = EDGE_CURVE('',#4804,#14488,#14490,.T.);
#14488 = VERTEX_POINT('',#14489);
#14489 = CARTESIAN_POINT('',(45.,-1.1E+03,265.));
#14490 = SURFACE_CURVE('',#14491,(#14496,#14503),.PCURVE_S1.);
#14491 = CIRCLE('',#14492,35.);
#14492 = AXIS2_PLACEMENT_3D('',#14493,#14494,#14495);
#14493 = CARTESIAN_POINT('',(45.,-1.065E+03,265.));
#14494 = DIRECTION('',(1.,2.832769448824E-16,0.));
#14495 = DIRECTION('',(2.832769448824E-16,-1.,0.));
#14496 = PCURVE('',#5011,#14497);
#14497 = DEFINITIONAL_REPRESENTATION('',(#14498),#14502);
#14498 = LINE('',#14499,#14500);
#14499 = CARTESIAN_POINT('',(-6.28318530718,125.));
#14500 = VECTOR('',#14501,1.);
#14501 = DIRECTION('',(1.,-0.));
#14502 = ( GEOMETRIC_REPRESENTATION_CONTEXT(2) 
PARAMETRIC_REPRESENTATION_CONTEXT() REPRESENTATION_CONTEXT('2D SPACE',''
  ) );
#14503 = PCURVE('',#4929,#14504);
#14504 = DEFINITIONAL_REPRESENTATION('',(#14505),#14509);
#14505 = LINE('',#14506,#14507);
#14506 = CARTESIAN_POINT('',(1.570796326795,-6.28318530718));
#14507 = VECTOR('',#14508,1.);
#14508 = DIRECTION('',(0.,1.));
#14509 = ( GEOMETRIC_REPRESENTATION_CONTEXT(2) 
PARAMETRIC_REPRESENTATION_CONTEXT() REPRESENTATION_CONTEXT('2D SPACE',''
  ) );
#14510 = ORIENTED_EDGE('',*,*,#14511,.F.);
#14511 = EDGE_CURVE('',#14410,#14488,#14512,.T.);
#14512 = SURFACE_CURVE('',#14513,(#14517,#14524),.PCURVE_S1.);
#14513 = LINE('',#14514,#14515);
#14514 = CARTESIAN_POINT('',(-80.,-1.1E+03,265.));
#14515 = VECTOR('',#14516,1.);
#14516 = DIRECTION('',(1.,0.,0.));
#14517 = PCURVE('',#5011,#14518);
#14518 = DEFINITIONAL_REPRESENTATION('',(#14519),#14523);
#14519 = LINE('',#14520,#14521);
#14520 = CARTESIAN_POINT('',(-0.,0.));
#14521 = VECTOR('',#14522,1.);
#14522 = DIRECTION('',(-0.,1.));
#14523 = ( GEOMETRIC_REPRESENTATION_CONTEXT(2) 
PARAMETRIC_REPRESENTATION_CONTEXT() REPRESENTATION_CONTEXT('2D SPACE',''
  ) );
#14524 = PCURVE('',#12712,#14525);
#14525 = DEFINITIONAL_REPRESENTATION('',(#14526),#14530);
#14526 = LINE('',#14527,#14528);
#14527 = CARTESIAN_POINT('',(145.,0.));
#14528 = VECTOR('',#14529,1.);
#14529 = DIRECTION('',(0.,1.));
#14530 = ( GEOMETRIC_REPRESENTATION_CONTEXT(2) 
PARAMETRIC_REPRESENTATION_CONTEXT() REPRESENTATION_CONTEXT('2D SPACE',''
  ) );
#14531 = ADVANCED_FACE('',(#14532),#4929,.T.);
#14532 = FACE_BOUND('',#14533,.T.);
#14533 = EDGE_LOOP('',(#14534,#14535,#14536));
#14534 = ORIENTED_EDGE('',*,*,#4803,.F.);
#14535 = ORIENTED_EDGE('',*,*,#14487,.T.);
#14536 = ORIENTED_EDGE('',*,*,#14537,.F.);
#14537 = EDGE_CURVE('',#4767,#14488,#14538,.T.);
#14538 = SURFACE_CURVE('',#14539,(#14544,#14551),.PCURVE_S1.);
#14539 = CIRCLE('',#14540,35.);
#14540 = AXIS2_PLACEMENT_3D('',#14541,#14542,#14543);
#14541 = CARTESIAN_POINT('',(45.,-1.065E+03,265.));
#14542 = DIRECTION('',(0.,0.,-1.));
#14543 = DIRECTION('',(1.,0.,0.));
#14544 = PCURVE('',#4929,#14545);
#14545 = DEFINITIONAL_REPRESENTATION('',(#14546),#14550);
#14546 = LINE('',#14547,#14548);
#14547 = CARTESIAN_POINT('',(0.,0.));
#14548 = VECTOR('',#14549,1.);
#14549 = DIRECTION('',(1.,0.));
#14550 = ( GEOMETRIC_REPRESENTATION_CONTEXT(2) 
PARAMETRIC_REPRESENTATION_CONTEXT() REPRESENTATION_CONTEXT('2D SPACE',''
  ) );
#14551 = PCURVE('',#4788,#14552);
#14552 = DEFINITIONAL_REPRESENTATION('',(#14553),#14557);
#14553 = LINE('',#14554,#14555);
#14554 = CARTESIAN_POINT('',(-0.,145.));
#14555 = VECTOR('',#14556,1.);
#14556 = DIRECTION('',(-1.,0.));
#14557 = ( GEOMETRIC_REPRESENTATION_CONTEXT(2) 
PARAMETRIC_REPRESENTATION_CONTEXT() REPRESENTATION_CONTEXT('2D SPACE',''
  ) );
#14558 = ADVANCED_FACE('',(#14559),#4788,.T.);
#14559 = FACE_BOUND('',#14560,.F.);
#14560 = EDGE_LOOP('',(#14561,#14562,#14563));
#14561 = ORIENTED_EDGE('',*,*,#14537,.F.);
#14562 = ORIENTED_EDGE('',*,*,#4766,.T.);
#14563 = ORIENTED_EDGE('',*,*,#14564,.T.);
#14564 = EDGE_CURVE('',#4706,#14488,#14565,.T.);
#14565 = SURFACE_CURVE('',#14566,(#14570,#14577),.PCURVE_S1.);
#14566 = LINE('',#14567,#14568);
#14567 = CARTESIAN_POINT('',(45.,-1.1E+03,120.));
#14568 = VECTOR('',#14569,1.);
#14569 = DIRECTION('',(0.,0.,1.));
#14570 = PCURVE('',#4788,#14571);
#14571 = DEFINITIONAL_REPRESENTATION('',(#14572),#14576);
#14572 = LINE('',#14573,#14574);
#14573 = CARTESIAN_POINT('',(-1.570796326795,0.));
#14574 = VECTOR('',#14575,1.);
#14575 = DIRECTION('',(-0.,1.));
#14576 = ( GEOMETRIC_REPRESENTATION_CONTEXT(2) 
PARAMETRIC_REPRESENTATION_CONTEXT() REPRESENTATION_CONTEXT('2D SPACE',''
  ) );
#14577 = PCURVE('',#12712,#14578);
#14578 = DEFINITIONAL_REPRESENTATION('',(#14579),#14583);
#14579 = LINE('',#14580,#14581);
#14580 = CARTESIAN_POINT('',(0.,125.));
#14581 = VECTOR('',#14582,1.);
#14582 = DIRECTION('',(1.,0.));
#14583 = ( GEOMETRIC_REPRESENTATION_CONTEXT(2) 
PARAMETRIC_REPRESENTATION_CONTEXT() REPRESENTATION_CONTEXT('2D SPACE',''
  ) );
#14584 = ADVANCED_FACE('',(#14585),#4743,.T.);
#14585 = FACE_BOUND('',#14586,.F.);
#14586 = EDGE_LOOP('',(#14587,#14588,#14589));
#14587 = ORIENTED_EDGE('',*,*,#4705,.F.);
#14588 = ORIENTED_EDGE('',*,*,#12729,.T.);
#14589 = ORIENTED_EDGE('',*,*,#14590,.T.);
#14590 = EDGE_CURVE('',#12675,#4706,#14591,.T.);
#14591 = SURFACE_CURVE('',#14592,(#14596,#14603),.PCURVE_S1.);
#14592 = LINE('',#14593,#14594);
#14593 = CARTESIAN_POINT('',(45.,-1.1E+03,120.));
#14594 = VECTOR('',#14595,1.);
#14595 = DIRECTION('',(0.,0.,1.));
#14596 = PCURVE('',#4743,#14597);
#14597 = DEFINITIONAL_REPRESENTATION('',(#14598),#14602);
#14598 = LINE('',#14599,#14600);
#14599 = CARTESIAN_POINT('',(-1.570796326795,0.));
#14600 = VECTOR('',#14601,1.);
#14601 = DIRECTION('',(-0.,1.));
#14602 = ( GEOMETRIC_REPRESENTATION_CONTEXT(2) 
PARAMETRIC_REPRESENTATION_CONTEXT() REPRESENTATION_CONTEXT('2D SPACE',''
  ) );
#14603 = PCURVE('',#12712,#14604);
#14604 = DEFINITIONAL_REPRESENTATION('',(#14605),#14609);
#14605 = LINE('',#14606,#14607);
#14606 = CARTESIAN_POINT('',(0.,125.));
#14607 = VECTOR('',#14608,1.);
#14608 = DIRECTION('',(1.,0.));
#14609 = ( GEOMETRIC_REPRESENTATION_CONTEXT(2) 
PARAMETRIC_REPRESENTATION_CONTEXT() REPRESENTATION_CONTEXT('2D SPACE',''
  ) );
#14610 = ADVANCED_FACE('',(#14611),#4493,.T.);
#14611 = FACE_BOUND('',#14612,.T.);
#14612 = EDGE_LOOP('',(#14613,#14614,#14615));
#14613 = ORIENTED_EDGE('',*,*,#4455,.F.);
#14614 = ORIENTED_EDGE('',*,*,#12780,.T.);
#14615 = ORIENTED_EDGE('',*,*,#14616,.T.);
#14616 = EDGE_CURVE('',#12757,#4419,#14617,.T.);
#14617 = SURFACE_CURVE('',#14618,(#14622,#14629),.PCURVE_S1.);
#14618 = LINE('',#14619,#14620);
#14619 = CARTESIAN_POINT('',(1.655E+03,-1.1E+03,120.));
#14620 = VECTOR('',#14621,1.);
#14621 = DIRECTION('',(0.,0.,1.));
#14622 = PCURVE('',#4493,#14623);
#14623 = DEFINITIONAL_REPRESENTATION('',(#14624),#14628);
#14624 = LINE('',#14625,#14626);
#14625 = CARTESIAN_POINT('',(1.570796326795,0.));
#14626 = VECTOR('',#14627,1.);
#14627 = DIRECTION('',(0.,1.));
#14628 = ( GEOMETRIC_REPRESENTATION_CONTEXT(2) 
PARAMETRIC_REPRESENTATION_CONTEXT() REPRESENTATION_CONTEXT('2D SPACE',''
  ) );
#14629 = PCURVE('',#12846,#14630);
#14630 = DEFINITIONAL_REPRESENTATION('',(#14631),#14635);
#14631 = LINE('',#14632,#14633);
#14632 = CARTESIAN_POINT('',(0.,35.));
#14633 = VECTOR('',#14634,1.);
#14634 = DIRECTION('',(1.,0.));
#14635 = ( GEOMETRIC_REPRESENTATION_CONTEXT(2) 
PARAMETRIC_REPRESENTATION_CONTEXT() REPRESENTATION_CONTEXT('2D SPACE',''
  ) );
#14636 = ADVANCED_FACE('',(#14637),#4440,.T.);
#14637 = FACE_BOUND('',#14638,.T.);
#14638 = EDGE_LOOP('',(#14639,#14663,#14664));
#14639 = ORIENTED_EDGE('',*,*,#14640,.F.);
#14640 = EDGE_CURVE('',#4247,#14641,#14643,.T.);
#14641 = VERTEX_POINT('',#14642);
#14642 = CARTESIAN_POINT('',(1.655E+03,-1.1E+03,265.));
#14643 = SURFACE_CURVE('',#14644,(#14649,#14656),.PCURVE_S1.);
#14644 = CIRCLE('',#14645,35.);
#14645 = AXIS2_PLACEMENT_3D('',#14646,#14647,#14648);
#14646 = CARTESIAN_POINT('',(1.655E+03,-1.065E+03,265.));
#14647 = DIRECTION('',(0.,0.,1.));
#14648 = DIRECTION('',(-1.,0.,0.));
#14649 = PCURVE('',#4440,#14650);
#14650 = DEFINITIONAL_REPRESENTATION('',(#14651),#14655);
#14651 = LINE('',#14652,#14653);
#14652 = CARTESIAN_POINT('',(0.,145.));
#14653 = VECTOR('',#14654,1.);
#14654 = DIRECTION('',(1.,0.));
#14655 = ( GEOMETRIC_REPRESENTATION_CONTEXT(2) 
PARAMETRIC_REPRESENTATION_CONTEXT() REPRESENTATION_CONTEXT('2D SPACE',''
  ) );
#14656 = PCURVE('',#4358,#14657);
#14657 = DEFINITIONAL_REPRESENTATION('',(#14658),#14662);
#14658 = LINE('',#14659,#14660);
#14659 = CARTESIAN_POINT('',(-0.,0.));
#14660 = VECTOR('',#14661,1.);
#14661 = DIRECTION('',(-1.,0.));
#14662 = ( GEOMETRIC_REPRESENTATION_CONTEXT(2) 
PARAMETRIC_REPRESENTATION_CONTEXT() REPRESENTATION_CONTEXT('2D SPACE',''
  ) );
#14663 = ORIENTED_EDGE('',*,*,#4418,.T.);
#14664 = ORIENTED_EDGE('',*,*,#14665,.T.);
#14665 = EDGE_CURVE('',#4419,#14641,#14666,.T.);
#14666 = SURFACE_CURVE('',#14667,(#14671,#14678),.PCURVE_S1.);
#14667 = LINE('',#14668,#14669);
#14668 = CARTESIAN_POINT('',(1.655E+03,-1.1E+03,120.));
#14669 = VECTOR('',#14670,1.);
#14670 = DIRECTION('',(0.,0.,1.));
#14671 = PCURVE('',#4440,#14672);
#14672 = DEFINITIONAL_REPRESENTATION('',(#14673),#14677);
#14673 = LINE('',#14674,#14675);
#14674 = CARTESIAN_POINT('',(1.570796326795,0.));
#14675 = VECTOR('',#14676,1.);
#14676 = DIRECTION('',(0.,1.));
#14677 = ( GEOMETRIC_REPRESENTATION_CONTEXT(2) 
PARAMETRIC_REPRESENTATION_CONTEXT() REPRESENTATION_CONTEXT('2D SPACE',''
  ) );
#14678 = PCURVE('',#12846,#14679);
#14679 = DEFINITIONAL_REPRESENTATION('',(#14680),#14684);
#14680 = LINE('',#14681,#14682);
#14681 = CARTESIAN_POINT('',(0.,35.));
#14682 = VECTOR('',#14683,1.);
#14683 = DIRECTION('',(1.,0.));
#14684 = ( GEOMETRIC_REPRESENTATION_CONTEXT(2) 
PARAMETRIC_REPRESENTATION_CONTEXT() REPRESENTATION_CONTEXT('2D SPACE',''
  ) );
#14685 = ADVANCED_FACE('',(#14686),#4358,.T.);
#14686 = FACE_BOUND('',#14687,.F.);
#14687 = EDGE_LOOP('',(#14688,#14689,#14711));
#14688 = ORIENTED_EDGE('',*,*,#4246,.T.);
#14689 = ORIENTED_EDGE('',*,*,#14690,.T.);
#14690 = EDGE_CURVE('',#4221,#14641,#14691,.T.);
#14691 = SURFACE_CURVE('',#14692,(#14697,#14704),.PCURVE_S1.);
#14692 = CIRCLE('',#14693,35.);
#14693 = AXIS2_PLACEMENT_3D('',#14694,#14695,#14696);
#14694 = CARTESIAN_POINT('',(1.655E+03,-1.065E+03,265.));
#14695 = DIRECTION('',(1.,-2.832769448824E-16,0.));
#14696 = DIRECTION('',(-2.832769448824E-16,-1.,0.));
#14697 = PCURVE('',#4358,#14698);
#14698 = DEFINITIONAL_REPRESENTATION('',(#14699),#14703);
#14699 = LINE('',#14700,#14701);
#14700 = CARTESIAN_POINT('',(-1.570796326795,-6.28318530718));
#14701 = VECTOR('',#14702,1.);
#14702 = DIRECTION('',(-0.,1.));
#14703 = ( GEOMETRIC_REPRESENTATION_CONTEXT(2) 
PARAMETRIC_REPRESENTATION_CONTEXT() REPRESENTATION_CONTEXT('2D SPACE',''
  ) );
#14704 = PCURVE('',#4235,#14705);
#14705 = DEFINITIONAL_REPRESENTATION('',(#14706),#14710);
#14706 = LINE('',#14707,#14708);
#14707 = CARTESIAN_POINT('',(-6.28318530718,35.));
#14708 = VECTOR('',#14709,1.);
#14709 = DIRECTION('',(1.,-0.));
#14710 = ( GEOMETRIC_REPRESENTATION_CONTEXT(2) 
PARAMETRIC_REPRESENTATION_CONTEXT() REPRESENTATION_CONTEXT('2D SPACE',''
  ) );
#14711 = ORIENTED_EDGE('',*,*,#14640,.F.);
#14712 = ADVANCED_FACE('',(#14713),#4235,.T.);
#14713 = FACE_BOUND('',#14714,.F.);
#14714 = EDGE_LOOP('',(#14715,#14716,#14717,#14741));
#14715 = ORIENTED_EDGE('',*,*,#14690,.F.);
#14716 = ORIENTED_EDGE('',*,*,#4220,.F.);
#14717 = ORIENTED_EDGE('',*,*,#14718,.T.);
#14718 = EDGE_CURVE('',#4028,#14719,#14721,.T.);
#14719 = VERTEX_POINT('',#14720);
#14720 = CARTESIAN_POINT('',(1.745E+03,-1.1E+03,265.));
#14721 = SURFACE_CURVE('',#14722,(#14727,#14734),.PCURVE_S1.);
#14722 = CIRCLE('',#14723,35.);
#14723 = AXIS2_PLACEMENT_3D('',#14724,#14725,#14726);
#14724 = CARTESIAN_POINT('',(1.745E+03,-1.065E+03,265.));
#14725 = DIRECTION('',(1.,2.832769448824E-16,0.));
#14726 = DIRECTION('',(2.832769448824E-16,-1.,0.));
#14727 = PCURVE('',#4235,#14728);
#14728 = DEFINITIONAL_REPRESENTATION('',(#14729),#14733);
#14729 = LINE('',#14730,#14731);
#14730 = CARTESIAN_POINT('',(-6.28318530718,125.));
#14731 = VECTOR('',#14732,1.);
#14732 = DIRECTION('',(1.,-0.));
#14733 = ( GEOMETRIC_REPRESENTATION_CONTEXT(2) 
PARAMETRIC_REPRESENTATION_CONTEXT() REPRESENTATION_CONTEXT('2D SPACE',''
  ) );
#14734 = PCURVE('',#4153,#14735);
#14735 = DEFINITIONAL_REPRESENTATION('',(#14736),#14740);
#14736 = LINE('',#14737,#14738);
#14737 = CARTESIAN_POINT('',(1.570796326795,-6.28318530718));
#14738 = VECTOR('',#14739,1.);
#14739 = DIRECTION('',(0.,1.));
#14740 = ( GEOMETRIC_REPRESENTATION_CONTEXT(2) 
PARAMETRIC_REPRESENTATION_CONTEXT() REPRESENTATION_CONTEXT('2D SPACE',''
  ) );
#14741 = ORIENTED_EDGE('',*,*,#14742,.F.);
#14742 = EDGE_CURVE('',#14641,#14719,#14743,.T.);
#14743 = SURFACE_CURVE('',#14744,(#14748,#14755),.PCURVE_S1.);
#14744 = LINE('',#14745,#14746);
#14745 = CARTESIAN_POINT('',(1.62E+03,-1.1E+03,265.));
#14746 = VECTOR('',#14747,1.);
#14747 = DIRECTION('',(1.,0.,0.));
#14748 = PCURVE('',#4235,#14749);
#14749 = DEFINITIONAL_REPRESENTATION('',(#14750),#14754);
#14750 = LINE('',#14751,#14752);
#14751 = CARTESIAN_POINT('',(-0.,0.));
#14752 = VECTOR('',#14753,1.);
#14753 = DIRECTION('',(-0.,1.));
#14754 = ( GEOMETRIC_REPRESENTATION_CONTEXT(2) 
PARAMETRIC_REPRESENTATION_CONTEXT() REPRESENTATION_CONTEXT('2D SPACE',''
  ) );
#14755 = PCURVE('',#12846,#14756);
#14756 = DEFINITIONAL_REPRESENTATION('',(#14757),#14761);
#14757 = LINE('',#14758,#14759);
#14758 = CARTESIAN_POINT('',(145.,0.));
#14759 = VECTOR('',#14760,1.);
#14760 = DIRECTION('',(0.,1.));
#14761 = ( GEOMETRIC_REPRESENTATION_CONTEXT(2) 
PARAMETRIC_REPRESENTATION_CONTEXT() REPRESENTATION_CONTEXT('2D SPACE',''
  ) );
#14762 = ADVANCED_FACE('',(#14763),#4153,.T.);
#14763 = FACE_BOUND('',#14764,.T.);
#14764 = EDGE_LOOP('',(#14765,#14766,#14767));
#14765 = ORIENTED_EDGE('',*,*,#4027,.F.);
#14766 = ORIENTED_EDGE('',*,*,#14718,.T.);
#14767 = ORIENTED_EDGE('',*,*,#14768,.F.);
#14768 = EDGE_CURVE('',#3991,#14719,#14769,.T.);
#14769 = SURFACE_CURVE('',#14770,(#14775,#14782),.PCURVE_S1.);
#14770 = CIRCLE('',#14771,35.);
#14771 = AXIS2_PLACEMENT_3D('',#14772,#14773,#14774);
#14772 = CARTESIAN_POINT('',(1.745E+03,-1.065E+03,265.));
#14773 = DIRECTION('',(0.,0.,-1.));
#14774 = DIRECTION('',(1.,0.,0.));
#14775 = PCURVE('',#4153,#14776);
#14776 = DEFINITIONAL_REPRESENTATION('',(#14777),#14781);
#14777 = LINE('',#14778,#14779);
#14778 = CARTESIAN_POINT('',(0.,0.));
#14779 = VECTOR('',#14780,1.);
#14780 = DIRECTION('',(1.,0.));
#14781 = ( GEOMETRIC_REPRESENTATION_CONTEXT(2) 
PARAMETRIC_REPRESENTATION_CONTEXT() REPRESENTATION_CONTEXT('2D SPACE',''
  ) );
#14782 = PCURVE('',#4012,#14783);
#14783 = DEFINITIONAL_REPRESENTATION('',(#14784),#14788);
#14784 = LINE('',#14785,#14786);
#14785 = CARTESIAN_POINT('',(-0.,145.));
#14786 = VECTOR('',#14787,1.);
#14787 = DIRECTION('',(-1.,0.));
#14788 = ( GEOMETRIC_REPRESENTATION_CONTEXT(2) 
PARAMETRIC_REPRESENTATION_CONTEXT() REPRESENTATION_CONTEXT('2D SPACE',''
  ) );
#14789 = ADVANCED_FACE('',(#14790),#4012,.T.);
#14790 = FACE_BOUND('',#14791,.F.);
#14791 = EDGE_LOOP('',(#14792,#14793,#14794));
#14792 = ORIENTED_EDGE('',*,*,#14768,.F.);
#14793 = ORIENTED_EDGE('',*,*,#3990,.T.);
#14794 = ORIENTED_EDGE('',*,*,#14795,.T.);
#14795 = EDGE_CURVE('',#3930,#14719,#14796,.T.);
#14796 = SURFACE_CURVE('',#14797,(#14801,#14808),.PCURVE_S1.);
#14797 = LINE('',#14798,#14799);
#14798 = CARTESIAN_POINT('',(1.745E+03,-1.1E+03,120.));
#14799 = VECTOR('',#14800,1.);
#14800 = DIRECTION('',(0.,0.,1.));
#14801 = PCURVE('',#4012,#14802);
#14802 = DEFINITIONAL_REPRESENTATION('',(#14803),#14807);
#14803 = LINE('',#14804,#14805);
#14804 = CARTESIAN_POINT('',(-1.570796326795,0.));
#14805 = VECTOR('',#14806,1.);
#14806 = DIRECTION('',(-0.,1.));
#14807 = ( GEOMETRIC_REPRESENTATION_CONTEXT(2) 
PARAMETRIC_REPRESENTATION_CONTEXT() REPRESENTATION_CONTEXT('2D SPACE',''
  ) );
#14808 = PCURVE('',#12846,#14809);
#14809 = DEFINITIONAL_REPRESENTATION('',(#14810),#14814);
#14810 = LINE('',#14811,#14812);
#14811 = CARTESIAN_POINT('',(0.,125.));
#14812 = VECTOR('',#14813,1.);
#14813 = DIRECTION('',(1.,0.));
#14814 = ( GEOMETRIC_REPRESENTATION_CONTEXT(2) 
PARAMETRIC_REPRESENTATION_CONTEXT() REPRESENTATION_CONTEXT('2D SPACE',''
  ) );
#14815 = ADVANCED_FACE('',(#14816),#3967,.T.);
#14816 = FACE_BOUND('',#14817,.F.);
#14817 = EDGE_LOOP('',(#14818,#14819,#14820));
#14818 = ORIENTED_EDGE('',*,*,#3929,.F.);
#14819 = ORIENTED_EDGE('',*,*,#12863,.T.);
#14820 = ORIENTED_EDGE('',*,*,#14821,.T.);
#14821 = EDGE_CURVE('',#12809,#3930,#14822,.T.);
#14822 = SURFACE_CURVE('',#14823,(#14827,#14834),.PCURVE_S1.);
#14823 = LINE('',#14824,#14825);
#14824 = CARTESIAN_POINT('',(1.745E+03,-1.1E+03,120.));
#14825 = VECTOR('',#14826,1.);
#14826 = DIRECTION('',(0.,0.,1.));
#14827 = PCURVE('',#3967,#14828);
#14828 = DEFINITIONAL_REPRESENTATION('',(#14829),#14833);
#14829 = LINE('',#14830,#14831);
#14830 = CARTESIAN_POINT('',(-1.570796326795,0.));
#14831 = VECTOR('',#14832,1.);
#14832 = DIRECTION('',(-0.,1.));
#14833 = ( GEOMETRIC_REPRESENTATION_CONTEXT(2) 
PARAMETRIC_REPRESENTATION_CONTEXT() REPRESENTATION_CONTEXT('2D SPACE',''
  ) );
#14834 = PCURVE('',#12846,#14835);
#14835 = DEFINITIONAL_REPRESENTATION('',(#14836),#14840);
#14836 = LINE('',#14837,#14838);
#14837 = CARTESIAN_POINT('',(0.,125.));
#14838 = VECTOR('',#14839,1.);
#14839 = DIRECTION('',(1.,0.));
#14840 = ( GEOMETRIC_REPRESENTATION_CONTEXT(2) 
PARAMETRIC_REPRESENTATION_CONTEXT() REPRESENTATION_CONTEXT('2D SPACE',''
  ) );
#14841 = ADVANCED_FACE('',(#14842),#7813,.T.);
#14842 = FACE_BOUND('',#14843,.F.);
#14843 = EDGE_LOOP('',(#14844,#14868,#14896,#14918));
#14844 = ORIENTED_EDGE('',*,*,#14845,.F.);
#14845 = EDGE_CURVE('',#14846,#7777,#14848,.T.);
#14846 = VERTEX_POINT('',#14847);
#14847 = CARTESIAN_POINT('',(-1.88E+03,-140.,480.));
#14848 = SURFACE_CURVE('',#14849,(#14854,#14861),.PCURVE_S1.);
#14849 = CIRCLE('',#14850,120.);
#14850 = AXIS2_PLACEMENT_3D('',#14851,#14852,#14853);
#14851 = CARTESIAN_POINT('',(-1.88E+03,-140.,360.));
#14852 = DIRECTION('',(1.,-6.123233995737E-17,0.));
#14853 = DIRECTION('',(-6.123233995737E-17,-1.,0.));
#14854 = PCURVE('',#7813,#14855);
#14855 = DEFINITIONAL_REPRESENTATION('',(#14856),#14860);
#14856 = LINE('',#14857,#14858);
#14857 = CARTESIAN_POINT('',(-6.28318530718,120.));
#14858 = VECTOR('',#14859,1.);
#14859 = DIRECTION('',(1.,-0.));
#14860 = ( GEOMETRIC_REPRESENTATION_CONTEXT(2) 
PARAMETRIC_REPRESENTATION_CONTEXT() REPRESENTATION_CONTEXT('2D SPACE',''
  ) );
#14861 = PCURVE('',#12440,#14862);
#14862 = DEFINITIONAL_REPRESENTATION('',(#14863),#14867);
#14863 = LINE('',#14864,#14865);
#14864 = CARTESIAN_POINT('',(-1.570796326795,-6.28318530718));
#14865 = VECTOR('',#14866,1.);
#14866 = DIRECTION('',(-0.,1.));
#14867 = ( GEOMETRIC_REPRESENTATION_CONTEXT(2) 
PARAMETRIC_REPRESENTATION_CONTEXT() REPRESENTATION_CONTEXT('2D SPACE',''
  ) );
#14868 = ORIENTED_EDGE('',*,*,#14869,.T.);
#14869 = EDGE_CURVE('',#14846,#14870,#14872,.T.);
#14870 = VERTEX_POINT('',#14871);
#14871 = CARTESIAN_POINT('',(1.88E+03,-140.,480.));
#14872 = SURFACE_CURVE('',#14873,(#14877,#14884),.PCURVE_S1.);
#14873 = LINE('',#14874,#14875);
#14874 = CARTESIAN_POINT('',(-2.E+03,-140.,480.));
#14875 = VECTOR('',#14876,1.);
#14876 = DIRECTION('',(1.,0.,0.));
#14877 = PCURVE('',#7813,#14878);
#14878 = DEFINITIONAL_REPRESENTATION('',(#14879),#14883);
#14879 = LINE('',#14880,#14881);
#14880 = CARTESIAN_POINT('',(-1.570796326795,0.));
#14881 = VECTOR('',#14882,1.);
#14882 = DIRECTION('',(-0.,1.));
#14883 = ( GEOMETRIC_REPRESENTATION_CONTEXT(2) 
PARAMETRIC_REPRESENTATION_CONTEXT() REPRESENTATION_CONTEXT('2D SPACE',''
  ) );
#14884 = PCURVE('',#14885,#14890);
#14885 = PLANE('',#14886);
#14886 = AXIS2_PLACEMENT_3D('',#14887,#14888,#14889);
#14887 = CARTESIAN_POINT('',(-2.E+03,-260.,480.));
#14888 = DIRECTION('',(0.,0.,1.));
#14889 = DIRECTION('',(1.,0.,0.));
#14890 = DEFINITIONAL_REPRESENTATION('',(#14891),#14895);
#14891 = LINE('',#14892,#14893);
#14892 = CARTESIAN_POINT('',(0.,120.));
#14893 = VECTOR('',#14894,1.);
#14894 = DIRECTION('',(1.,0.));
#14895 = ( GEOMETRIC_REPRESENTATION_CONTEXT(2) 
PARAMETRIC_REPRESENTATION_CONTEXT() REPRESENTATION_CONTEXT('2D SPACE',''
  ) );
#14896 = ORIENTED_EDGE('',*,*,#14897,.T.);
#14897 = EDGE_CURVE('',#14870,#7258,#14898,.T.);
#14898 = SURFACE_CURVE('',#14899,(#14904,#14911),.PCURVE_S1.);
#14899 = CIRCLE('',#14900,120.);
#14900 = AXIS2_PLACEMENT_3D('',#14901,#14902,#14903);
#14901 = CARTESIAN_POINT('',(1.88E+03,-140.,360.));
#14902 = DIRECTION('',(1.,6.123233995737E-17,0.));
#14903 = DIRECTION('',(6.123233995737E-17,-1.,0.));
#14904 = PCURVE('',#7813,#14905);
#14905 = DEFINITIONAL_REPRESENTATION('',(#14906),#14910);
#14906 = LINE('',#14907,#14908);
#14907 = CARTESIAN_POINT('',(-6.28318530718,3.88E+03));
#14908 = VECTOR('',#14909,1.);
#14909 = DIRECTION('',(1.,-0.));
#14910 = ( GEOMETRIC_REPRESENTATION_CONTEXT(2) 
PARAMETRIC_REPRESENTATION_CONTEXT() REPRESENTATION_CONTEXT('2D SPACE',''
  ) );
#14911 = PCURVE('',#7868,#14912);
#14912 = DEFINITIONAL_REPRESENTATION('',(#14913),#14917);
#14913 = LINE('',#14914,#14915);
#14914 = CARTESIAN_POINT('',(1.570796326795,-6.28318530718));
#14915 = VECTOR('',#14916,1.);
#14916 = DIRECTION('',(0.,1.));
#14917 = ( GEOMETRIC_REPRESENTATION_CONTEXT(2) 
PARAMETRIC_REPRESENTATION_CONTEXT() REPRESENTATION_CONTEXT('2D SPACE',''
  ) );
#14918 = ORIENTED_EDGE('',*,*,#7799,.F.);
#14919 = ADVANCED_FACE('',(#14920),#7868,.T.);
#14920 = FACE_BOUND('',#14921,.T.);
#14921 = EDGE_LOOP('',(#14922,#14944,#14945));
#14922 = ORIENTED_EDGE('',*,*,#14923,.F.);
#14923 = EDGE_CURVE('',#14870,#7829,#14924,.T.);
#14924 = SURFACE_CURVE('',#14925,(#14930,#14937),.PCURVE_S1.);
#14925 = CIRCLE('',#14926,120.);
#14926 = AXIS2_PLACEMENT_3D('',#14927,#14928,#14929);
#14927 = CARTESIAN_POINT('',(1.88E+03,-140.,360.));
#14928 = DIRECTION('',(-0.,1.,0.));
#14929 = DIRECTION('',(1.,0.,0.));
#14930 = PCURVE('',#7868,#14931);
#14931 = DEFINITIONAL_REPRESENTATION('',(#14932),#14936);
#14932 = LINE('',#14933,#14934);
#14933 = CARTESIAN_POINT('',(0.,-6.28318530718));
#14934 = VECTOR('',#14935,1.);
#14935 = DIRECTION('',(0.,1.));
#14936 = ( GEOMETRIC_REPRESENTATION_CONTEXT(2) 
PARAMETRIC_REPRESENTATION_CONTEXT() REPRESENTATION_CONTEXT('2D SPACE',''
  ) );
#14937 = PCURVE('',#7922,#14938);
#14938 = DEFINITIONAL_REPRESENTATION('',(#14939),#14943);
#14939 = LINE('',#14940,#14941);
#14940 = CARTESIAN_POINT('',(-6.28318530718,120.));
#14941 = VECTOR('',#14942,1.);
#14942 = DIRECTION('',(1.,-0.));
#14943 = ( GEOMETRIC_REPRESENTATION_CONTEXT(2) 
PARAMETRIC_REPRESENTATION_CONTEXT() REPRESENTATION_CONTEXT('2D SPACE',''
  ) );
#14944 = ORIENTED_EDGE('',*,*,#14897,.T.);
#14945 = ORIENTED_EDGE('',*,*,#7853,.F.);
#14946 = ADVANCED_FACE('',(#14947),#7922,.T.);
#14947 = FACE_BOUND('',#14948,.F.);
#14948 = EDGE_LOOP('',(#14949,#14950,#14973,#14995));
#14949 = ORIENTED_EDGE('',*,*,#14923,.F.);
#14950 = ORIENTED_EDGE('',*,*,#14951,.T.);
#14951 = EDGE_CURVE('',#14870,#14952,#14954,.T.);
#14952 = VERTEX_POINT('',#14953);
#14953 = CARTESIAN_POINT('',(1.88E+03,140.,480.));
#14954 = SURFACE_CURVE('',#14955,(#14959,#14966),.PCURVE_S1.);
#14955 = LINE('',#14956,#14957);
#14956 = CARTESIAN_POINT('',(1.88E+03,-260.,480.));
#14957 = VECTOR('',#14958,1.);
#14958 = DIRECTION('',(0.,1.,0.));
#14959 = PCURVE('',#7922,#14960);
#14960 = DEFINITIONAL_REPRESENTATION('',(#14961),#14965);
#14961 = LINE('',#14962,#14963);
#14962 = CARTESIAN_POINT('',(-1.570796326795,0.));
#14963 = VECTOR('',#14964,1.);
#14964 = DIRECTION('',(-0.,1.));
#14965 = ( GEOMETRIC_REPRESENTATION_CONTEXT(2) 
PARAMETRIC_REPRESENTATION_CONTEXT() REPRESENTATION_CONTEXT('2D SPACE',''
  ) );
#14966 = PCURVE('',#14885,#14967);
#14967 = DEFINITIONAL_REPRESENTATION('',(#14968),#14972);
#14968 = LINE('',#14969,#14970);
#14969 = CARTESIAN_POINT('',(3.88E+03,0.));
#14970 = VECTOR('',#14971,1.);
#14971 = DIRECTION('',(0.,1.));
#14972 = ( GEOMETRIC_REPRESENTATION_CONTEXT(2) 
PARAMETRIC_REPRESENTATION_CONTEXT() REPRESENTATION_CONTEXT('2D SPACE',''
  ) );
#14973 = ORIENTED_EDGE('',*,*,#14974,.F.);
#14974 = EDGE_CURVE('',#7886,#14952,#14975,.T.);
#14975 = SURFACE_CURVE('',#14976,(#14981,#14988),.PCURVE_S1.);
#14976 = CIRCLE('',#14977,120.);
#14977 = AXIS2_PLACEMENT_3D('',#14978,#14979,#14980);
#14978 = CARTESIAN_POINT('',(1.88E+03,140.,360.));
#14979 = DIRECTION('',(-0.,-1.,0.));
#14980 = DIRECTION('',(1.,-0.,2.368475785867E-16));
#14981 = PCURVE('',#7922,#14982);
#14982 = DEFINITIONAL_REPRESENTATION('',(#14983),#14987);
#14983 = LINE('',#14984,#14985);
#14984 = CARTESIAN_POINT('',(-0.,400.));
#14985 = VECTOR('',#14986,1.);
#14986 = DIRECTION('',(-1.,0.));
#14987 = ( GEOMETRIC_REPRESENTATION_CONTEXT(2) 
PARAMETRIC_REPRESENTATION_CONTEXT() REPRESENTATION_CONTEXT('2D SPACE',''
  ) );
#14988 = PCURVE('',#7977,#14989);
#14989 = DEFINITIONAL_REPRESENTATION('',(#14990),#14994);
#14990 = LINE('',#14991,#14992);
#14991 = CARTESIAN_POINT('',(0.,0.));
#14992 = VECTOR('',#14993,1.);
#14993 = DIRECTION('',(1.,0.));
#14994 = ( GEOMETRIC_REPRESENTATION_CONTEXT(2) 
PARAMETRIC_REPRESENTATION_CONTEXT() REPRESENTATION_CONTEXT('2D SPACE',''
  ) );
#14995 = ORIENTED_EDGE('',*,*,#7908,.F.);
#14996 = ADVANCED_FACE('',(#14997),#7977,.T.);
#14997 = FACE_BOUND('',#14998,.T.);
#14998 = EDGE_LOOP('',(#14999,#15000,#15022));
#14999 = ORIENTED_EDGE('',*,*,#7962,.F.);
#15000 = ORIENTED_EDGE('',*,*,#15001,.T.);
#15001 = EDGE_CURVE('',#7940,#14952,#15002,.T.);
#15002 = SURFACE_CURVE('',#15003,(#15008,#15015),.PCURVE_S1.);
#15003 = CIRCLE('',#15004,120.);
#15004 = AXIS2_PLACEMENT_3D('',#15005,#15006,#15007);
#15005 = CARTESIAN_POINT('',(1.88E+03,140.,360.));
#15006 = DIRECTION('',(1.,0.,-4.64293662957E-17));
#15007 = DIRECTION('',(4.64293662957E-17,0.,1.));
#15008 = PCURVE('',#7977,#15009);
#15009 = DEFINITIONAL_REPRESENTATION('',(#15010),#15014);
#15010 = LINE('',#15011,#15012);
#15011 = CARTESIAN_POINT('',(1.570796326795,-6.28318530718));
#15012 = VECTOR('',#15013,1.);
#15013 = DIRECTION('',(0.,1.));
#15014 = ( GEOMETRIC_REPRESENTATION_CONTEXT(2) 
PARAMETRIC_REPRESENTATION_CONTEXT() REPRESENTATION_CONTEXT('2D SPACE',''
  ) );
#15015 = PCURVE('',#8654,#15016);
#15016 = DEFINITIONAL_REPRESENTATION('',(#15017),#15021);
#15017 = LINE('',#15018,#15019);
#15018 = CARTESIAN_POINT('',(-4.712388980385,3.88E+03));
#15019 = VECTOR('',#15020,1.);
#15020 = DIRECTION('',(1.,0.));
#15021 = ( GEOMETRIC_REPRESENTATION_CONTEXT(2) 
PARAMETRIC_REPRESENTATION_CONTEXT() REPRESENTATION_CONTEXT('2D SPACE',''
  ) );
#15022 = ORIENTED_EDGE('',*,*,#14974,.F.);
#15023 = ADVANCED_FACE('',(#15024),#8654,.T.);
#15024 = FACE_BOUND('',#15025,.T.);
#15025 = EDGE_LOOP('',(#15026,#15050,#15071,#15072));
#15026 = ORIENTED_EDGE('',*,*,#15027,.T.);
#15027 = EDGE_CURVE('',#8618,#15028,#15030,.T.);
#15028 = VERTEX_POINT('',#15029);
#15029 = CARTESIAN_POINT('',(-1.88E+03,140.,480.));
#15030 = SURFACE_CURVE('',#15031,(#15036,#15043),.PCURVE_S1.);
#15031 = CIRCLE('',#15032,120.);
#15032 = AXIS2_PLACEMENT_3D('',#15033,#15034,#15035);
#15033 = CARTESIAN_POINT('',(-1.88E+03,140.,360.));
#15034 = DIRECTION('',(1.,0.,4.64293662957E-17));
#15035 = DIRECTION('',(-4.64293662957E-17,0.,1.));
#15036 = PCURVE('',#8654,#15037);
#15037 = DEFINITIONAL_REPRESENTATION('',(#15038),#15042);
#15038 = LINE('',#15039,#15040);
#15039 = CARTESIAN_POINT('',(-4.712388980385,120.));
#15040 = VECTOR('',#15041,1.);
#15041 = DIRECTION('',(1.,0.));
#15042 = ( GEOMETRIC_REPRESENTATION_CONTEXT(2) 
PARAMETRIC_REPRESENTATION_CONTEXT() REPRESENTATION_CONTEXT('2D SPACE',''
  ) );
#15043 = PCURVE('',#12353,#15044);
#15044 = DEFINITIONAL_REPRESENTATION('',(#15045),#15049);
#15045 = LINE('',#15046,#15047);
#15046 = CARTESIAN_POINT('',(-1.570796326795,-6.28318530718));
#15047 = VECTOR('',#15048,1.);
#15048 = DIRECTION('',(-0.,1.));
#15049 = ( GEOMETRIC_REPRESENTATION_CONTEXT(2) 
PARAMETRIC_REPRESENTATION_CONTEXT() REPRESENTATION_CONTEXT('2D SPACE',''
  ) );
#15050 = ORIENTED_EDGE('',*,*,#15051,.T.);
#15051 = EDGE_CURVE('',#15028,#14952,#15052,.T.);
#15052 = SURFACE_CURVE('',#15053,(#15057,#15064),.PCURVE_S1.);
#15053 = LINE('',#15054,#15055);
#15054 = CARTESIAN_POINT('',(-2.E+03,140.,480.));
#15055 = VECTOR('',#15056,1.);
#15056 = DIRECTION('',(1.,0.,0.));
#15057 = PCURVE('',#8654,#15058);
#15058 = DEFINITIONAL_REPRESENTATION('',(#15059),#15063);
#15059 = LINE('',#15060,#15061);
#15060 = CARTESIAN_POINT('',(1.570796326795,0.));
#15061 = VECTOR('',#15062,1.);
#15062 = DIRECTION('',(0.,1.));
#15063 = ( GEOMETRIC_REPRESENTATION_CONTEXT(2) 
PARAMETRIC_REPRESENTATION_CONTEXT() REPRESENTATION_CONTEXT('2D SPACE',''
  ) );
#15064 = PCURVE('',#14885,#15065);
#15065 = DEFINITIONAL_REPRESENTATION('',(#15066),#15070);
#15066 = LINE('',#15067,#15068);
#15067 = CARTESIAN_POINT('',(0.,400.));
#15068 = VECTOR('',#15069,1.);
#15069 = DIRECTION('',(1.,0.));
#15070 = ( GEOMETRIC_REPRESENTATION_CONTEXT(2) 
PARAMETRIC_REPRESENTATION_CONTEXT() REPRESENTATION_CONTEXT('2D SPACE',''
  ) );
#15071 = ORIENTED_EDGE('',*,*,#15001,.F.);
#15072 = ORIENTED_EDGE('',*,*,#8640,.F.);
#15073 = ADVANCED_FACE('',(#15074),#8583,.F.);
#15074 = FACE_BOUND('',#15075,.F.);
#15075 = EDGE_LOOP('',(#15076,#15077,#15078,#15079));
#15076 = ORIENTED_EDGE('',*,*,#8568,.T.);
#15077 = ORIENTED_EDGE('',*,*,#12287,.T.);
#15078 = ORIENTED_EDGE('',*,*,#9546,.T.);
#15079 = ORIENTED_EDGE('',*,*,#15080,.F.);
#15080 = EDGE_CURVE('',#8540,#9485,#15081,.T.);
#15081 = SURFACE_CURVE('',#15082,(#15086,#15093),.PCURVE_S1.);
#15082 = LINE('',#15083,#15084);
#15083 = CARTESIAN_POINT('',(-1.78E+03,-1.1E+03,265.));
#15084 = VECTOR('',#15085,1.);
#15085 = DIRECTION('',(0.,1.,0.));
#15086 = PCURVE('',#8583,#15087);
#15087 = DEFINITIONAL_REPRESENTATION('',(#15088),#15092);
#15088 = LINE('',#15089,#15090);
#15089 = CARTESIAN_POINT('',(145.,0.));
#15090 = VECTOR('',#15091,1.);
#15091 = DIRECTION('',(0.,-1.));
#15092 = ( GEOMETRIC_REPRESENTATION_CONTEXT(2) 
PARAMETRIC_REPRESENTATION_CONTEXT() REPRESENTATION_CONTEXT('2D SPACE',''
  ) );
#15093 = PCURVE('',#8556,#15094);
#15094 = DEFINITIONAL_REPRESENTATION('',(#15095),#15099);
#15095 = LINE('',#15096,#15097);
#15096 = CARTESIAN_POINT('',(0.,0.));
#15097 = VECTOR('',#15098,1.);
#15098 = DIRECTION('',(0.,1.));
#15099 = ( GEOMETRIC_REPRESENTATION_CONTEXT(2) 
PARAMETRIC_REPRESENTATION_CONTEXT() REPRESENTATION_CONTEXT('2D SPACE',''
  ) );
#15100 = ADVANCED_FACE('',(#15101),#8556,.T.);
#15101 = FACE_BOUND('',#15102,.T.);
#15102 = EDGE_LOOP('',(#15103,#15104,#15125,#15126));
#15103 = ORIENTED_EDGE('',*,*,#8539,.T.);
#15104 = ORIENTED_EDGE('',*,*,#15105,.T.);
#15105 = EDGE_CURVE('',#8514,#9464,#15106,.T.);
#15106 = SURFACE_CURVE('',#15107,(#15111,#15118),.PCURVE_S1.);
#15107 = LINE('',#15108,#15109);
#15108 = CARTESIAN_POINT('',(-1.745E+03,-1.1E+03,300.));
#15109 = VECTOR('',#15110,1.);
#15110 = DIRECTION('',(0.,1.,0.));
#15111 = PCURVE('',#8556,#15112);
#15112 = DEFINITIONAL_REPRESENTATION('',(#15113),#15117);
#15113 = LINE('',#15114,#15115);
#15114 = CARTESIAN_POINT('',(1.570796326795,0.));
#15115 = VECTOR('',#15116,1.);
#15116 = DIRECTION('',(0.,1.));
#15117 = ( GEOMETRIC_REPRESENTATION_CONTEXT(2) 
PARAMETRIC_REPRESENTATION_CONTEXT() REPRESENTATION_CONTEXT('2D SPACE',''
  ) );
#15118 = PCURVE('',#8528,#15119);
#15119 = DEFINITIONAL_REPRESENTATION('',(#15120),#15124);
#15120 = LINE('',#15121,#15122);
#15121 = CARTESIAN_POINT('',(35.,0.));
#15122 = VECTOR('',#15123,1.);
#15123 = DIRECTION('',(0.,1.));
#15124 = ( GEOMETRIC_REPRESENTATION_CONTEXT(2) 
PARAMETRIC_REPRESENTATION_CONTEXT() REPRESENTATION_CONTEXT('2D SPACE',''
  ) );
#15125 = ORIENTED_EDGE('',*,*,#9484,.F.);
#15126 = ORIENTED_EDGE('',*,*,#15080,.F.);
#15127 = ADVANCED_FACE('',(#15128),#8528,.T.);
#15128 = FACE_BOUND('',#15129,.T.);
#15129 = EDGE_LOOP('',(#15130,#15131,#15132,#15153));
#15130 = ORIENTED_EDGE('',*,*,#15105,.F.);
#15131 = ORIENTED_EDGE('',*,*,#8513,.T.);
#15132 = ORIENTED_EDGE('',*,*,#15133,.T.);
#15133 = EDGE_CURVE('',#8485,#9402,#15134,.T.);
#15134 = SURFACE_CURVE('',#15135,(#15139,#15146),.PCURVE_S1.);
#15135 = LINE('',#15136,#15137);
#15136 = CARTESIAN_POINT('',(-1.655E+03,-1.1E+03,300.));
#15137 = VECTOR('',#15138,1.);
#15138 = DIRECTION('',(0.,1.,0.));
#15139 = PCURVE('',#8528,#15140);
#15140 = DEFINITIONAL_REPRESENTATION('',(#15141),#15145);
#15141 = LINE('',#15142,#15143);
#15142 = CARTESIAN_POINT('',(125.,0.));
#15143 = VECTOR('',#15144,1.);
#15144 = DIRECTION('',(0.,1.));
#15145 = ( GEOMETRIC_REPRESENTATION_CONTEXT(2) 
PARAMETRIC_REPRESENTATION_CONTEXT() REPRESENTATION_CONTEXT('2D SPACE',''
  ) );
#15146 = PCURVE('',#8501,#15147);
#15147 = DEFINITIONAL_REPRESENTATION('',(#15148),#15152);
#15148 = LINE('',#15149,#15150);
#15149 = CARTESIAN_POINT('',(-1.570796326795,0.));
#15150 = VECTOR('',#15151,1.);
#15151 = DIRECTION('',(-0.,1.));
#15152 = ( GEOMETRIC_REPRESENTATION_CONTEXT(2) 
PARAMETRIC_REPRESENTATION_CONTEXT() REPRESENTATION_CONTEXT('2D SPACE',''
  ) );
#15153 = ORIENTED_EDGE('',*,*,#9463,.T.);
#15154 = ADVANCED_FACE('',(#15155),#8501,.T.);
#15155 = FACE_BOUND('',#15156,.F.);
#15156 = EDGE_LOOP('',(#15157,#15158,#15159,#15160));
#15157 = ORIENTED_EDGE('',*,*,#8484,.F.);
#15158 = ORIENTED_EDGE('',*,*,#15133,.T.);
#15159 = ORIENTED_EDGE('',*,*,#9401,.F.);
#15160 = ORIENTED_EDGE('',*,*,#15161,.F.);
#15161 = EDGE_CURVE('',#8459,#9374,#15162,.T.);
#15162 = SURFACE_CURVE('',#15163,(#15167,#15174),.PCURVE_S1.);
#15163 = LINE('',#15164,#15165);
#15164 = CARTESIAN_POINT('',(-1.62E+03,-1.1E+03,265.));
#15165 = VECTOR('',#15166,1.);
#15166 = DIRECTION('',(0.,1.,0.));
#15167 = PCURVE('',#8501,#15168);
#15168 = DEFINITIONAL_REPRESENTATION('',(#15169),#15173);
#15169 = LINE('',#15170,#15171);
#15170 = CARTESIAN_POINT('',(-0.,0.));
#15171 = VECTOR('',#15172,1.);
#15172 = DIRECTION('',(-0.,1.));
#15173 = ( GEOMETRIC_REPRESENTATION_CONTEXT(2) 
PARAMETRIC_REPRESENTATION_CONTEXT() REPRESENTATION_CONTEXT('2D SPACE',''
  ) );
#15174 = PCURVE('',#8473,#15175);
#15175 = DEFINITIONAL_REPRESENTATION('',(#15176),#15180);
#15176 = LINE('',#15177,#15178);
#15177 = CARTESIAN_POINT('',(145.,0.));
#15178 = VECTOR('',#15179,1.);
#15179 = DIRECTION('',(0.,-1.));
#15180 = ( GEOMETRIC_REPRESENTATION_CONTEXT(2) 
PARAMETRIC_REPRESENTATION_CONTEXT() REPRESENTATION_CONTEXT('2D SPACE',''
  ) );
#15181 = ADVANCED_FACE('',(#15182),#8473,.T.);
#15182 = FACE_BOUND('',#15183,.T.);
#15183 = EDGE_LOOP('',(#15184,#15185,#15206,#15207));
#15184 = ORIENTED_EDGE('',*,*,#8458,.T.);
#15185 = ORIENTED_EDGE('',*,*,#15186,.T.);
#15186 = EDGE_CURVE('',#8430,#9333,#15187,.T.);
#15187 = SURFACE_CURVE('',#15188,(#15192,#15199),.PCURVE_S1.);
#15188 = LINE('',#15189,#15190);
#15189 = CARTESIAN_POINT('',(-1.62E+03,-1.1E+03,155.));
#15190 = VECTOR('',#15191,1.);
#15191 = DIRECTION('',(0.,1.,0.));
#15192 = PCURVE('',#8473,#15193);
#15193 = DEFINITIONAL_REPRESENTATION('',(#15194),#15198);
#15194 = LINE('',#15195,#15196);
#15195 = CARTESIAN_POINT('',(35.,0.));
#15196 = VECTOR('',#15197,1.);
#15197 = DIRECTION('',(0.,-1.));
#15198 = ( GEOMETRIC_REPRESENTATION_CONTEXT(2) 
PARAMETRIC_REPRESENTATION_CONTEXT() REPRESENTATION_CONTEXT('2D SPACE',''
  ) );
#15199 = PCURVE('',#8446,#15200);
#15200 = DEFINITIONAL_REPRESENTATION('',(#15201),#15205);
#15201 = LINE('',#15202,#15203);
#15202 = CARTESIAN_POINT('',(0.,0.));
#15203 = VECTOR('',#15204,1.);
#15204 = DIRECTION('',(0.,1.));
#15205 = ( GEOMETRIC_REPRESENTATION_CONTEXT(2) 
PARAMETRIC_REPRESENTATION_CONTEXT() REPRESENTATION_CONTEXT('2D SPACE',''
  ) );
#15206 = ORIENTED_EDGE('',*,*,#9373,.T.);
#15207 = ORIENTED_EDGE('',*,*,#15161,.F.);
#15208 = ADVANCED_FACE('',(#15209),#8446,.T.);
#15209 = FACE_BOUND('',#15210,.T.);
#15210 = EDGE_LOOP('',(#15211,#15212,#15213,#15214));
#15211 = ORIENTED_EDGE('',*,*,#9332,.F.);
#15212 = ORIENTED_EDGE('',*,*,#15186,.F.);
#15213 = ORIENTED_EDGE('',*,*,#8429,.T.);
#15214 = ORIENTED_EDGE('',*,*,#15215,.T.);
#15215 = EDGE_CURVE('',#8404,#9310,#15216,.T.);
#15216 = SURFACE_CURVE('',#15217,(#15221,#15227),.PCURVE_S1.);
#15217 = LINE('',#15218,#15219);
#15218 = CARTESIAN_POINT('',(-1.630505102572E+03,-1.1E+03,130.));
#15219 = VECTOR('',#15220,1.);
#15220 = DIRECTION('',(0.,1.,0.));
#15221 = PCURVE('',#8446,#15222);
#15222 = DEFINITIONAL_REPRESENTATION('',(#15223),#15226);
#15223 = B_SPLINE_CURVE_WITH_KNOTS('',1,(#15224,#15225),.UNSPECIFIED.,
  .F.,.F.,(2,2),(34.9999994,2.1650000006E+03),.PIECEWISE_BEZIER_KNOTS.);
#15224 = CARTESIAN_POINT('',(0.795602953485,34.9999994));
#15225 = CARTESIAN_POINT('',(0.795602953485,2.1650000006E+03));
#15226 = ( GEOMETRIC_REPRESENTATION_CONTEXT(2) 
PARAMETRIC_REPRESENTATION_CONTEXT() REPRESENTATION_CONTEXT('2D SPACE',''
  ) );
#15227 = PCURVE('',#8418,#15228);
#15228 = DEFINITIONAL_REPRESENTATION('',(#15229),#15232);
#15229 = B_SPLINE_CURVE_WITH_KNOTS('',1,(#15230,#15231),.UNSPECIFIED.,
  .F.,.F.,(2,2),(34.9999994,2.1650000006E+03),.PIECEWISE_BEZIER_KNOTS.);
#15230 = CARTESIAN_POINT('',(969.49489742783,234.9999994));
#15231 = CARTESIAN_POINT('',(969.49489742783,2.3650000006E+03));
#15232 = ( GEOMETRIC_REPRESENTATION_CONTEXT(2) 
PARAMETRIC_REPRESENTATION_CONTEXT() REPRESENTATION_CONTEXT('2D SPACE',''
  ) );
#15233 = ADVANCED_FACE('',(#15234),#8418,.T.);
#15234 = FACE_BOUND('',#15235,.T.);
#15235 = EDGE_LOOP('',(#15236,#15237,#15256,#15257));
#15236 = ORIENTED_EDGE('',*,*,#8403,.F.);
#15237 = ORIENTED_EDGE('',*,*,#15238,.T.);
#15238 = EDGE_CURVE('',#8375,#9269,#15239,.T.);
#15239 = SURFACE_CURVE('',#15240,(#15244,#15250),.PCURVE_S1.);
#15240 = LINE('',#15241,#15242);
#15241 = CARTESIAN_POINT('',(-69.49489742783,-1.1E+03,130.));
#15242 = VECTOR('',#15243,1.);
#15243 = DIRECTION('',(0.,1.,0.));
#15244 = PCURVE('',#8418,#15245);
#15245 = DEFINITIONAL_REPRESENTATION('',(#15246),#15249);
#15246 = B_SPLINE_CURVE_WITH_KNOTS('',1,(#15247,#15248),.UNSPECIFIED.,
  .F.,.F.,(2,2),(34.9999994,2.1650000006E+03),.PIECEWISE_BEZIER_KNOTS.);
#15247 = CARTESIAN_POINT('',(2.530505102572E+03,234.9999994));
#15248 = CARTESIAN_POINT('',(2.530505102572E+03,2.3650000006E+03));
#15249 = ( GEOMETRIC_REPRESENTATION_CONTEXT(2) 
PARAMETRIC_REPRESENTATION_CONTEXT() REPRESENTATION_CONTEXT('2D SPACE',''
  ) );
#15250 = PCURVE('',#8391,#15251);
#15251 = DEFINITIONAL_REPRESENTATION('',(#15252),#15255);
#15252 = B_SPLINE_CURVE_WITH_KNOTS('',1,(#15253,#15254),.UNSPECIFIED.,
  .F.,.F.,(2,2),(34.9999994,2.1650000006E+03),.PIECEWISE_BEZIER_KNOTS.);
#15253 = CARTESIAN_POINT('',(-0.795602953485,34.9999994));
#15254 = CARTESIAN_POINT('',(-0.795602953485,2.1650000006E+03));
#15255 = ( GEOMETRIC_REPRESENTATION_CONTEXT(2) 
PARAMETRIC_REPRESENTATION_CONTEXT() REPRESENTATION_CONTEXT('2D SPACE',''
  ) );
#15256 = ORIENTED_EDGE('',*,*,#9309,.T.);
#15257 = ORIENTED_EDGE('',*,*,#15215,.F.);
#15258 = ADVANCED_FACE('',(#15259),#8391,.T.);
#15259 = FACE_BOUND('',#15260,.F.);
#15260 = EDGE_LOOP('',(#15261,#15262,#15283,#15284));
#15261 = ORIENTED_EDGE('',*,*,#9268,.F.);
#15262 = ORIENTED_EDGE('',*,*,#15263,.F.);
#15263 = EDGE_CURVE('',#8349,#9241,#15264,.T.);
#15264 = SURFACE_CURVE('',#15265,(#15269,#15276),.PCURVE_S1.);
#15265 = LINE('',#15266,#15267);
#15266 = CARTESIAN_POINT('',(-80.,-1.1E+03,155.));
#15267 = VECTOR('',#15268,1.);
#15268 = DIRECTION('',(0.,1.,0.));
#15269 = PCURVE('',#8391,#15270);
#15270 = DEFINITIONAL_REPRESENTATION('',(#15271),#15275);
#15271 = LINE('',#15272,#15273);
#15272 = CARTESIAN_POINT('',(-0.,0.));
#15273 = VECTOR('',#15274,1.);
#15274 = DIRECTION('',(-0.,1.));
#15275 = ( GEOMETRIC_REPRESENTATION_CONTEXT(2) 
PARAMETRIC_REPRESENTATION_CONTEXT() REPRESENTATION_CONTEXT('2D SPACE',''
  ) );
#15276 = PCURVE('',#8363,#15277);
#15277 = DEFINITIONAL_REPRESENTATION('',(#15278),#15282);
#15278 = LINE('',#15279,#15280);
#15279 = CARTESIAN_POINT('',(35.,0.));
#15280 = VECTOR('',#15281,1.);
#15281 = DIRECTION('',(0.,-1.));
#15282 = ( GEOMETRIC_REPRESENTATION_CONTEXT(2) 
PARAMETRIC_REPRESENTATION_CONTEXT() REPRESENTATION_CONTEXT('2D SPACE',''
  ) );
#15283 = ORIENTED_EDGE('',*,*,#8374,.F.);
#15284 = ORIENTED_EDGE('',*,*,#15238,.T.);
#15285 = ADVANCED_FACE('',(#15286),#8363,.F.);
#15286 = FACE_BOUND('',#15287,.F.);
#15287 = EDGE_LOOP('',(#15288,#15289,#15290,#15291));
#15288 = ORIENTED_EDGE('',*,*,#8348,.T.);
#15289 = ORIENTED_EDGE('',*,*,#15263,.T.);
#15290 = ORIENTED_EDGE('',*,*,#9240,.T.);
#15291 = ORIENTED_EDGE('',*,*,#15292,.F.);
#15292 = EDGE_CURVE('',#8320,#9179,#15293,.T.);
#15293 = SURFACE_CURVE('',#15294,(#15298,#15305),.PCURVE_S1.);
#15294 = LINE('',#15295,#15296);
#15295 = CARTESIAN_POINT('',(-80.,-1.1E+03,265.));
#15296 = VECTOR('',#15297,1.);
#15297 = DIRECTION('',(0.,1.,0.));
#15298 = PCURVE('',#8363,#15299);
#15299 = DEFINITIONAL_REPRESENTATION('',(#15300),#15304);
#15300 = LINE('',#15301,#15302);
#15301 = CARTESIAN_POINT('',(145.,0.));
#15302 = VECTOR('',#15303,1.);
#15303 = DIRECTION('',(0.,-1.));
#15304 = ( GEOMETRIC_REPRESENTATION_CONTEXT(2) 
PARAMETRIC_REPRESENTATION_CONTEXT() REPRESENTATION_CONTEXT('2D SPACE',''
  ) );
#15305 = PCURVE('',#8336,#15306);
#15306 = DEFINITIONAL_REPRESENTATION('',(#15307),#15311);
#15307 = LINE('',#15308,#15309);
#15308 = CARTESIAN_POINT('',(0.,0.));
#15309 = VECTOR('',#15310,1.);
#15310 = DIRECTION('',(0.,1.));
#15311 = ( GEOMETRIC_REPRESENTATION_CONTEXT(2) 
PARAMETRIC_REPRESENTATION_CONTEXT() REPRESENTATION_CONTEXT('2D SPACE',''
  ) );
#15312 = ADVANCED_FACE('',(#15313),#8336,.T.);
#15313 = FACE_BOUND('',#15314,.T.);
#15314 = EDGE_LOOP('',(#15315,#15316,#15337,#15338));
#15315 = ORIENTED_EDGE('',*,*,#8319,.T.);
#15316 = ORIENTED_EDGE('',*,*,#15317,.T.);
#15317 = EDGE_CURVE('',#8294,#9158,#15318,.T.);
#15318 = SURFACE_CURVE('',#15319,(#15323,#15330),.PCURVE_S1.);
#15319 = LINE('',#15320,#15321);
#15320 = CARTESIAN_POINT('',(-45.,-1.1E+03,300.));
#15321 = VECTOR('',#15322,1.);
#15322 = DIRECTION('',(0.,1.,0.));
#15323 = PCURVE('',#8336,#15324);
#15324 = DEFINITIONAL_REPRESENTATION('',(#15325),#15329);
#15325 = LINE('',#15326,#15327);
#15326 = CARTESIAN_POINT('',(1.570796326795,0.));
#15327 = VECTOR('',#15328,1.);
#15328 = DIRECTION('',(0.,1.));
#15329 = ( GEOMETRIC_REPRESENTATION_CONTEXT(2) 
PARAMETRIC_REPRESENTATION_CONTEXT() REPRESENTATION_CONTEXT('2D SPACE',''
  ) );
#15330 = PCURVE('',#8308,#15331);
#15331 = DEFINITIONAL_REPRESENTATION('',(#15332),#15336);
#15332 = LINE('',#15333,#15334);
#15333 = CARTESIAN_POINT('',(35.,0.));
#15334 = VECTOR('',#15335,1.);
#15335 = DIRECTION('',(0.,1.));
#15336 = ( GEOMETRIC_REPRESENTATION_CONTEXT(2) 
PARAMETRIC_REPRESENTATION_CONTEXT() REPRESENTATION_CONTEXT('2D SPACE',''
  ) );
#15337 = ORIENTED_EDGE('',*,*,#9178,.F.);
#15338 = ORIENTED_EDGE('',*,*,#15292,.F.);
#15339 = ADVANCED_FACE('',(#15340),#8308,.T.);
#15340 = FACE_BOUND('',#15341,.T.);
#15341 = EDGE_LOOP('',(#15342,#15343,#15344,#15365));
#15342 = ORIENTED_EDGE('',*,*,#15317,.F.);
#15343 = ORIENTED_EDGE('',*,*,#8293,.T.);
#15344 = ORIENTED_EDGE('',*,*,#15345,.T.);
#15345 = EDGE_CURVE('',#8265,#9096,#15346,.T.);
#15346 = SURFACE_CURVE('',#15347,(#15351,#15358),.PCURVE_S1.);
#15347 = LINE('',#15348,#15349);
#15348 = CARTESIAN_POINT('',(45.,-1.1E+03,300.));
#15349 = VECTOR('',#15350,1.);
#15350 = DIRECTION('',(0.,1.,0.));
#15351 = PCURVE('',#8308,#15352);
#15352 = DEFINITIONAL_REPRESENTATION('',(#15353),#15357);
#15353 = LINE('',#15354,#15355);
#15354 = CARTESIAN_POINT('',(125.,0.));
#15355 = VECTOR('',#15356,1.);
#15356 = DIRECTION('',(0.,1.));
#15357 = ( GEOMETRIC_REPRESENTATION_CONTEXT(2) 
PARAMETRIC_REPRESENTATION_CONTEXT() REPRESENTATION_CONTEXT('2D SPACE',''
  ) );
#15358 = PCURVE('',#8281,#15359);
#15359 = DEFINITIONAL_REPRESENTATION('',(#15360),#15364);
#15360 = LINE('',#15361,#15362);
#15361 = CARTESIAN_POINT('',(-1.570796326795,0.));
#15362 = VECTOR('',#15363,1.);
#15363 = DIRECTION('',(-0.,1.));
#15364 = ( GEOMETRIC_REPRESENTATION_CONTEXT(2) 
PARAMETRIC_REPRESENTATION_CONTEXT() REPRESENTATION_CONTEXT('2D SPACE',''
  ) );
#15365 = ORIENTED_EDGE('',*,*,#9157,.T.);
#15366 = ADVANCED_FACE('',(#15367),#8281,.T.);
#15367 = FACE_BOUND('',#15368,.F.);
#15368 = EDGE_LOOP('',(#15369,#15370,#15371,#15372));
#15369 = ORIENTED_EDGE('',*,*,#8264,.F.);
#15370 = ORIENTED_EDGE('',*,*,#15345,.T.);
#15371 = ORIENTED_EDGE('',*,*,#9095,.F.);
#15372 = ORIENTED_EDGE('',*,*,#15373,.F.);
#15373 = EDGE_CURVE('',#8239,#9068,#15374,.T.);
#15374 = SURFACE_CURVE('',#15375,(#15379,#15386),.PCURVE_S1.);
#15375 = LINE('',#15376,#15377);
#15376 = CARTESIAN_POINT('',(80.,-1.1E+03,265.));
#15377 = VECTOR('',#15378,1.);
#15378 = DIRECTION('',(0.,1.,0.));
#15379 = PCURVE('',#8281,#15380);
#15380 = DEFINITIONAL_REPRESENTATION('',(#15381),#15385);
#15381 = LINE('',#15382,#15383);
#15382 = CARTESIAN_POINT('',(-0.,0.));
#15383 = VECTOR('',#15384,1.);
#15384 = DIRECTION('',(-0.,1.));
#15385 = ( GEOMETRIC_REPRESENTATION_CONTEXT(2) 
PARAMETRIC_REPRESENTATION_CONTEXT() REPRESENTATION_CONTEXT('2D SPACE',''
  ) );
#15386 = PCURVE('',#8253,#15387);
#15387 = DEFINITIONAL_REPRESENTATION('',(#15388),#15392);
#15388 = LINE('',#15389,#15390);
#15389 = CARTESIAN_POINT('',(145.,0.));
#15390 = VECTOR('',#15391,1.);
#15391 = DIRECTION('',(0.,-1.));
#15392 = ( GEOMETRIC_REPRESENTATION_CONTEXT(2) 
PARAMETRIC_REPRESENTATION_CONTEXT() REPRESENTATION_CONTEXT('2D SPACE',''
  ) );
#15393 = ADVANCED_FACE('',(#15394),#8253,.T.);
#15394 = FACE_BOUND('',#15395,.T.);
#15395 = EDGE_LOOP('',(#15396,#15397,#15418,#15419));
#15396 = ORIENTED_EDGE('',*,*,#8238,.T.);
#15397 = ORIENTED_EDGE('',*,*,#15398,.T.);
#15398 = EDGE_CURVE('',#8210,#9027,#15399,.T.);
#15399 = SURFACE_CURVE('',#15400,(#15404,#15411),.PCURVE_S1.);
#15400 = LINE('',#15401,#15402);
#15401 = CARTESIAN_POINT('',(80.,-1.1E+03,155.));
#15402 = VECTOR('',#15403,1.);
#15403 = DIRECTION('',(0.,1.,0.));
#15404 = PCURVE('',#8253,#15405);
#15405 = DEFINITIONAL_REPRESENTATION('',(#15406),#15410);
#15406 = LINE('',#15407,#15408);
#15407 = CARTESIAN_POINT('',(35.,0.));
#15408 = VECTOR('',#15409,1.);
#15409 = DIRECTION('',(0.,-1.));
#15410 = ( GEOMETRIC_REPRESENTATION_CONTEXT(2) 
PARAMETRIC_REPRESENTATION_CONTEXT() REPRESENTATION_CONTEXT('2D SPACE',''
  ) );
#15411 = PCURVE('',#8226,#15412);
#15412 = DEFINITIONAL_REPRESENTATION('',(#15413),#15417);
#15413 = LINE('',#15414,#15415);
#15414 = CARTESIAN_POINT('',(0.,0.));
#15415 = VECTOR('',#15416,1.);
#15416 = DIRECTION('',(0.,1.));
#15417 = ( GEOMETRIC_REPRESENTATION_CONTEXT(2) 
PARAMETRIC_REPRESENTATION_CONTEXT() REPRESENTATION_CONTEXT('2D SPACE',''
  ) );
#15418 = ORIENTED_EDGE('',*,*,#9067,.T.);
#15419 = ORIENTED_EDGE('',*,*,#15373,.F.);
#15420 = ADVANCED_FACE('',(#15421),#8226,.T.);
#15421 = FACE_BOUND('',#15422,.T.);
#15422 = EDGE_LOOP('',(#15423,#15424,#15425,#15426));
#15423 = ORIENTED_EDGE('',*,*,#9026,.F.);
#15424 = ORIENTED_EDGE('',*,*,#15398,.F.);
#15425 = ORIENTED_EDGE('',*,*,#8209,.T.);
#15426 = ORIENTED_EDGE('',*,*,#15427,.T.);
#15427 = EDGE_CURVE('',#8184,#9004,#15428,.T.);
#15428 = SURFACE_CURVE('',#15429,(#15433,#15439),.PCURVE_S1.);
#15429 = LINE('',#15430,#15431);
#15430 = CARTESIAN_POINT('',(69.494897427832,-1.1E+03,130.));
#15431 = VECTOR('',#15432,1.);
#15432 = DIRECTION('',(0.,1.,0.));
#15433 = PCURVE('',#8226,#15434);
#15434 = DEFINITIONAL_REPRESENTATION('',(#15435),#15438);
#15435 = B_SPLINE_CURVE_WITH_KNOTS('',1,(#15436,#15437),.UNSPECIFIED.,
  .F.,.F.,(2,2),(34.9999994,2.1650000006E+03),.PIECEWISE_BEZIER_KNOTS.);
#15436 = CARTESIAN_POINT('',(0.795602953485,34.9999994));
#15437 = CARTESIAN_POINT('',(0.795602953485,2.1650000006E+03));
#15438 = ( GEOMETRIC_REPRESENTATION_CONTEXT(2) 
PARAMETRIC_REPRESENTATION_CONTEXT() REPRESENTATION_CONTEXT('2D SPACE',''
  ) );
#15439 = PCURVE('',#8198,#15440);
#15440 = DEFINITIONAL_REPRESENTATION('',(#15441),#15444);
#15441 = B_SPLINE_CURVE_WITH_KNOTS('',1,(#15442,#15443),.UNSPECIFIED.,
  .F.,.F.,(2,2),(34.9999994,2.1650000006E+03),.PIECEWISE_BEZIER_KNOTS.);
#15442 = CARTESIAN_POINT('',(2.669494897428E+03,234.9999994));
#15443 = CARTESIAN_POINT('',(2.669494897428E+03,2.3650000006E+03));
#15444 = ( GEOMETRIC_REPRESENTATION_CONTEXT(2) 
PARAMETRIC_REPRESENTATION_CONTEXT() REPRESENTATION_CONTEXT('2D SPACE',''
  ) );
#15445 = ADVANCED_FACE('',(#15446),#8198,.T.);
#15446 = FACE_BOUND('',#15447,.T.);
#15447 = EDGE_LOOP('',(#15448,#15449,#15468,#15469));
#15448 = ORIENTED_EDGE('',*,*,#8183,.F.);
#15449 = ORIENTED_EDGE('',*,*,#15450,.T.);
#15450 = EDGE_CURVE('',#8155,#8963,#15451,.T.);
#15451 = SURFACE_CURVE('',#15452,(#15456,#15462),.PCURVE_S1.);
#15452 = LINE('',#15453,#15454);
#15453 = CARTESIAN_POINT('',(1.630505102572E+03,-1.1E+03,130.));
#15454 = VECTOR('',#15455,1.);
#15455 = DIRECTION('',(0.,1.,0.));
#15456 = PCURVE('',#8198,#15457);
#15457 = DEFINITIONAL_REPRESENTATION('',(#15458),#15461);
#15458 = B_SPLINE_CURVE_WITH_KNOTS('',1,(#15459,#15460),.UNSPECIFIED.,
  .F.,.F.,(2,2),(34.9999994,2.1650000006E+03),.PIECEWISE_BEZIER_KNOTS.);
#15459 = CARTESIAN_POINT('',(4.230505102572E+03,234.9999994));
#15460 = CARTESIAN_POINT('',(4.230505102572E+03,2.3650000006E+03));
#15461 = ( GEOMETRIC_REPRESENTATION_CONTEXT(2) 
PARAMETRIC_REPRESENTATION_CONTEXT() REPRESENTATION_CONTEXT('2D SPACE',''
  ) );
#15462 = PCURVE('',#8171,#15463);
#15463 = DEFINITIONAL_REPRESENTATION('',(#15464),#15467);
#15464 = B_SPLINE_CURVE_WITH_KNOTS('',1,(#15465,#15466),.UNSPECIFIED.,
  .F.,.F.,(2,2),(34.9999994,2.1650000006E+03),.PIECEWISE_BEZIER_KNOTS.);
#15465 = CARTESIAN_POINT('',(-0.795602953485,34.9999994));
#15466 = CARTESIAN_POINT('',(-0.795602953485,2.1650000006E+03));
#15467 = ( GEOMETRIC_REPRESENTATION_CONTEXT(2) 
PARAMETRIC_REPRESENTATION_CONTEXT() REPRESENTATION_CONTEXT('2D SPACE',''
  ) );
#15468 = ORIENTED_EDGE('',*,*,#9003,.T.);
#15469 = ORIENTED_EDGE('',*,*,#15427,.F.);
#15470 = ADVANCED_FACE('',(#15471),#8171,.T.);
#15471 = FACE_BOUND('',#15472,.F.);
#15472 = EDGE_LOOP('',(#15473,#15474,#15495,#15496));
#15473 = ORIENTED_EDGE('',*,*,#8962,.F.);
#15474 = ORIENTED_EDGE('',*,*,#15475,.F.);
#15475 = EDGE_CURVE('',#8129,#8935,#15476,.T.);
#15476 = SURFACE_CURVE('',#15477,(#15481,#15488),.PCURVE_S1.);
#15477 = LINE('',#15478,#15479);
#15478 = CARTESIAN_POINT('',(1.62E+03,-1.1E+03,155.));
#15479 = VECTOR('',#15480,1.);
#15480 = DIRECTION('',(0.,1.,0.));
#15481 = PCURVE('',#8171,#15482);
#15482 = DEFINITIONAL_REPRESENTATION('',(#15483),#15487);
#15483 = LINE('',#15484,#15485);
#15484 = CARTESIAN_POINT('',(-0.,0.));
#15485 = VECTOR('',#15486,1.);
#15486 = DIRECTION('',(-0.,1.));
#15487 = ( GEOMETRIC_REPRESENTATION_CONTEXT(2) 
PARAMETRIC_REPRESENTATION_CONTEXT() REPRESENTATION_CONTEXT('2D SPACE',''
  ) );
#15488 = PCURVE('',#8143,#15489);
#15489 = DEFINITIONAL_REPRESENTATION('',(#15490),#15494);
#15490 = LINE('',#15491,#15492);
#15491 = CARTESIAN_POINT('',(35.,0.));
#15492 = VECTOR('',#15493,1.);
#15493 = DIRECTION('',(0.,-1.));
#15494 = ( GEOMETRIC_REPRESENTATION_CONTEXT(2) 
PARAMETRIC_REPRESENTATION_CONTEXT() REPRESENTATION_CONTEXT('2D SPACE',''
  ) );
#15495 = ORIENTED_EDGE('',*,*,#8154,.F.);
#15496 = ORIENTED_EDGE('',*,*,#15450,.T.);
#15497 = ADVANCED_FACE('',(#15498),#8143,.F.);
#15498 = FACE_BOUND('',#15499,.F.);
#15499 = EDGE_LOOP('',(#15500,#15501,#15502,#15503));
#15500 = ORIENTED_EDGE('',*,*,#8128,.T.);
#15501 = ORIENTED_EDGE('',*,*,#15475,.T.);
#15502 = ORIENTED_EDGE('',*,*,#8934,.T.);
#15503 = ORIENTED_EDGE('',*,*,#15504,.F.);
#15504 = EDGE_CURVE('',#8100,#8873,#15505,.T.);
#15505 = SURFACE_CURVE('',#15506,(#15510,#15517),.PCURVE_S1.);
#15506 = LINE('',#15507,#15508);
#15507 = CARTESIAN_POINT('',(1.62E+03,-1.1E+03,265.));
#15508 = VECTOR('',#15509,1.);
#15509 = DIRECTION('',(0.,1.,0.));
#15510 = PCURVE('',#8143,#15511);
#15511 = DEFINITIONAL_REPRESENTATION('',(#15512),#15516);
#15512 = LINE('',#15513,#15514);
#15513 = CARTESIAN_POINT('',(145.,0.));
#15514 = VECTOR('',#15515,1.);
#15515 = DIRECTION('',(0.,-1.));
#15516 = ( GEOMETRIC_REPRESENTATION_CONTEXT(2) 
PARAMETRIC_REPRESENTATION_CONTEXT() REPRESENTATION_CONTEXT('2D SPACE',''
  ) );
#15517 = PCURVE('',#8116,#15518);
#15518 = DEFINITIONAL_REPRESENTATION('',(#15519),#15523);
#15519 = LINE('',#15520,#15521);
#15520 = CARTESIAN_POINT('',(0.,0.));
#15521 = VECTOR('',#15522,1.);
#15522 = DIRECTION('',(0.,1.));
#15523 = ( GEOMETRIC_REPRESENTATION_CONTEXT(2) 
PARAMETRIC_REPRESENTATION_CONTEXT() REPRESENTATION_CONTEXT('2D SPACE',''
  ) );
#15524 = ADVANCED_FACE('',(#15525),#8116,.T.);
#15525 = FACE_BOUND('',#15526,.T.);
#15526 = EDGE_LOOP('',(#15527,#15528,#15549,#15550));
#15527 = ORIENTED_EDGE('',*,*,#8099,.T.);
#15528 = ORIENTED_EDGE('',*,*,#15529,.T.);
#15529 = EDGE_CURVE('',#8074,#8852,#15530,.T.);
#15530 = SURFACE_CURVE('',#15531,(#15535,#15542),.PCURVE_S1.);
#15531 = LINE('',#15532,#15533);
#15532 = CARTESIAN_POINT('',(1.655E+03,-1.1E+03,300.));
#15533 = VECTOR('',#15534,1.);
#15534 = DIRECTION('',(0.,1.,0.));
#15535 = PCURVE('',#8116,#15536);
#15536 = DEFINITIONAL_REPRESENTATION('',(#15537),#15541);
#15537 = LINE('',#15538,#15539);
#15538 = CARTESIAN_POINT('',(1.570796326795,0.));
#15539 = VECTOR('',#15540,1.);
#15540 = DIRECTION('',(0.,1.));
#15541 = ( GEOMETRIC_REPRESENTATION_CONTEXT(2) 
PARAMETRIC_REPRESENTATION_CONTEXT() REPRESENTATION_CONTEXT('2D SPACE',''
  ) );
#15542 = PCURVE('',#8088,#15543);
#15543 = DEFINITIONAL_REPRESENTATION('',(#15544),#15548);
#15544 = LINE('',#15545,#15546);
#15545 = CARTESIAN_POINT('',(35.,0.));
#15546 = VECTOR('',#15547,1.);
#15547 = DIRECTION('',(0.,1.));
#15548 = ( GEOMETRIC_REPRESENTATION_CONTEXT(2) 
PARAMETRIC_REPRESENTATION_CONTEXT() REPRESENTATION_CONTEXT('2D SPACE',''
  ) );
#15549 = ORIENTED_EDGE('',*,*,#8872,.F.);
#15550 = ORIENTED_EDGE('',*,*,#15504,.F.);
#15551 = ADVANCED_FACE('',(#15552),#8088,.T.);
#15552 = FACE_BOUND('',#15553,.T.);
#15553 = EDGE_LOOP('',(#15554,#15555,#15556,#15577));
#15554 = ORIENTED_EDGE('',*,*,#15529,.F.);
#15555 = ORIENTED_EDGE('',*,*,#8073,.T.);
#15556 = ORIENTED_EDGE('',*,*,#15557,.T.);
#15557 = EDGE_CURVE('',#8045,#8790,#15558,.T.);
#15558 = SURFACE_CURVE('',#15559,(#15563,#15570),.PCURVE_S1.);
#15559 = LINE('',#15560,#15561);
#15560 = CARTESIAN_POINT('',(1.745E+03,-1.1E+03,300.));
#15561 = VECTOR('',#15562,1.);
#15562 = DIRECTION('',(0.,1.,0.));
#15563 = PCURVE('',#8088,#15564);
#15564 = DEFINITIONAL_REPRESENTATION('',(#15565),#15569);
#15565 = LINE('',#15566,#15567);
#15566 = CARTESIAN_POINT('',(125.,0.));
#15567 = VECTOR('',#15568,1.);
#15568 = DIRECTION('',(0.,1.));
#15569 = ( GEOMETRIC_REPRESENTATION_CONTEXT(2) 
PARAMETRIC_REPRESENTATION_CONTEXT() REPRESENTATION_CONTEXT('2D SPACE',''
  ) );
#15570 = PCURVE('',#8061,#15571);
#15571 = DEFINITIONAL_REPRESENTATION('',(#15572),#15576);
#15572 = LINE('',#15573,#15574);
#15573 = CARTESIAN_POINT('',(-1.570796326795,0.));
#15574 = VECTOR('',#15575,1.);
#15575 = DIRECTION('',(-0.,1.));
#15576 = ( GEOMETRIC_REPRESENTATION_CONTEXT(2) 
PARAMETRIC_REPRESENTATION_CONTEXT() REPRESENTATION_CONTEXT('2D SPACE',''
  ) );
#15577 = ORIENTED_EDGE('',*,*,#8851,.T.);
#15578 = ADVANCED_FACE('',(#15579),#8061,.T.);
#15579 = FACE_BOUND('',#15580,.F.);
#15580 = EDGE_LOOP('',(#15581,#15582,#15583,#15584));
#15581 = ORIENTED_EDGE('',*,*,#8044,.F.);
#15582 = ORIENTED_EDGE('',*,*,#15557,.T.);
#15583 = ORIENTED_EDGE('',*,*,#8789,.F.);
#15584 = ORIENTED_EDGE('',*,*,#15585,.F.);
#15585 = EDGE_CURVE('',#8019,#8762,#15586,.T.);
#15586 = SURFACE_CURVE('',#15587,(#15591,#15598),.PCURVE_S1.);
#15587 = LINE('',#15588,#15589);
#15588 = CARTESIAN_POINT('',(1.78E+03,-1.1E+03,265.));
#15589 = VECTOR('',#15590,1.);
#15590 = DIRECTION('',(0.,1.,0.));
#15591 = PCURVE('',#8061,#15592);
#15592 = DEFINITIONAL_REPRESENTATION('',(#15593),#15597);
#15593 = LINE('',#15594,#15595);
#15594 = CARTESIAN_POINT('',(-0.,0.));
#15595 = VECTOR('',#15596,1.);
#15596 = DIRECTION('',(-0.,1.));
#15597 = ( GEOMETRIC_REPRESENTATION_CONTEXT(2) 
PARAMETRIC_REPRESENTATION_CONTEXT() REPRESENTATION_CONTEXT('2D SPACE',''
  ) );
#15598 = PCURVE('',#8033,#15599);
#15599 = DEFINITIONAL_REPRESENTATION('',(#15600),#15604);
#15600 = LINE('',#15601,#15602);
#15601 = CARTESIAN_POINT('',(145.,0.));
#15602 = VECTOR('',#15603,1.);
#15603 = DIRECTION('',(0.,-1.));
#15604 = ( GEOMETRIC_REPRESENTATION_CONTEXT(2) 
PARAMETRIC_REPRESENTATION_CONTEXT() REPRESENTATION_CONTEXT('2D SPACE',''
  ) );
#15605 = ADVANCED_FACE('',(#15606),#8033,.T.);
#15606 = FACE_BOUND('',#15607,.T.);
#15607 = EDGE_LOOP('',(#15608,#15609,#15610,#15611));
#15608 = ORIENTED_EDGE('',*,*,#8018,.T.);
#15609 = ORIENTED_EDGE('',*,*,#8710,.T.);
#15610 = ORIENTED_EDGE('',*,*,#8761,.T.);
#15611 = ORIENTED_EDGE('',*,*,#15585,.F.);
#15612 = ADVANCED_FACE('',(#15613),#11755,.T.);
#15613 = FACE_BOUND('',#15614,.T.);
#15614 = EDGE_LOOP('',(#15615,#15616,#15617));
#15615 = ORIENTED_EDGE('',*,*,#11717,.F.);
#15616 = ORIENTED_EDGE('',*,*,#11904,.T.);
#15617 = ORIENTED_EDGE('',*,*,#15618,.T.);
#15618 = EDGE_CURVE('',#11881,#11681,#15619,.T.);
#15619 = SURFACE_CURVE('',#15620,(#15624,#15631),.PCURVE_S1.);
#15620 = LINE('',#15621,#15622);
#15621 = CARTESIAN_POINT('',(1.745E+03,1.1E+03,120.));
#15622 = VECTOR('',#15623,1.);
#15623 = DIRECTION('',(0.,0.,1.));
#15624 = PCURVE('',#11755,#15625);
#15625 = DEFINITIONAL_REPRESENTATION('',(#15626),#15630);
#15626 = LINE('',#15627,#15628);
#15627 = CARTESIAN_POINT('',(1.570796326795,0.));
#15628 = VECTOR('',#15629,1.);
#15629 = DIRECTION('',(0.,1.));
#15630 = ( GEOMETRIC_REPRESENTATION_CONTEXT(2) 
PARAMETRIC_REPRESENTATION_CONTEXT() REPRESENTATION_CONTEXT('2D SPACE',''
  ) );
#15631 = PCURVE('',#11970,#15632);
#15632 = DEFINITIONAL_REPRESENTATION('',(#15633),#15637);
#15633 = LINE('',#15634,#15635);
#15634 = CARTESIAN_POINT('',(0.,125.));
#15635 = VECTOR('',#15636,1.);
#15636 = DIRECTION('',(1.,0.));
#15637 = ( GEOMETRIC_REPRESENTATION_CONTEXT(2) 
PARAMETRIC_REPRESENTATION_CONTEXT() REPRESENTATION_CONTEXT('2D SPACE',''
  ) );
#15638 = ADVANCED_FACE('',(#15639),#11702,.T.);
#15639 = FACE_BOUND('',#15640,.T.);
#15640 = EDGE_LOOP('',(#15641,#15665,#15666));
#15641 = ORIENTED_EDGE('',*,*,#15642,.T.);
#15642 = EDGE_CURVE('',#15643,#11488,#15645,.T.);
#15643 = VERTEX_POINT('',#15644);
#15644 = CARTESIAN_POINT('',(1.745E+03,1.1E+03,265.));
#15645 = SURFACE_CURVE('',#15646,(#15651,#15658),.PCURVE_S1.);
#15646 = CIRCLE('',#15647,35.);
#15647 = AXIS2_PLACEMENT_3D('',#15648,#15649,#15650);
#15648 = CARTESIAN_POINT('',(1.745E+03,1.065E+03,265.));
#15649 = DIRECTION('',(2.030122102172E-16,0.,-1.));
#15650 = DIRECTION('',(1.,0.,2.030122102172E-16));
#15651 = PCURVE('',#11702,#15652);
#15652 = DEFINITIONAL_REPRESENTATION('',(#15653),#15657);
#15653 = LINE('',#15654,#15655);
#15654 = CARTESIAN_POINT('',(6.28318530718,145.));
#15655 = VECTOR('',#15656,1.);
#15656 = DIRECTION('',(-1.,-0.));
#15657 = ( GEOMETRIC_REPRESENTATION_CONTEXT(2) 
PARAMETRIC_REPRESENTATION_CONTEXT() REPRESENTATION_CONTEXT('2D SPACE',''
  ) );
#15658 = PCURVE('',#11613,#15659);
#15659 = DEFINITIONAL_REPRESENTATION('',(#15660),#15664);
#15660 = LINE('',#15661,#15662);
#15661 = CARTESIAN_POINT('',(0.,-6.28318530718));
#15662 = VECTOR('',#15663,1.);
#15663 = DIRECTION('',(0.,1.));
#15664 = ( GEOMETRIC_REPRESENTATION_CONTEXT(2) 
PARAMETRIC_REPRESENTATION_CONTEXT() REPRESENTATION_CONTEXT('2D SPACE',''
  ) );
#15665 = ORIENTED_EDGE('',*,*,#11680,.T.);
#15666 = ORIENTED_EDGE('',*,*,#15667,.T.);
#15667 = EDGE_CURVE('',#11681,#15643,#15668,.T.);
#15668 = SURFACE_CURVE('',#15669,(#15673,#15680),.PCURVE_S1.);
#15669 = LINE('',#15670,#15671);
#15670 = CARTESIAN_POINT('',(1.745E+03,1.1E+03,120.));
#15671 = VECTOR('',#15672,1.);
#15672 = DIRECTION('',(0.,0.,1.));
#15673 = PCURVE('',#11702,#15674);
#15674 = DEFINITIONAL_REPRESENTATION('',(#15675),#15679);
#15675 = LINE('',#15676,#15677);
#15676 = CARTESIAN_POINT('',(1.570796326795,0.));
#15677 = VECTOR('',#15678,1.);
#15678 = DIRECTION('',(0.,1.));
#15679 = ( GEOMETRIC_REPRESENTATION_CONTEXT(2) 
PARAMETRIC_REPRESENTATION_CONTEXT() REPRESENTATION_CONTEXT('2D SPACE',''
  ) );
#15680 = PCURVE('',#11970,#15681);
#15681 = DEFINITIONAL_REPRESENTATION('',(#15682),#15686);
#15682 = LINE('',#15683,#15684);
#15683 = CARTESIAN_POINT('',(0.,125.));
#15684 = VECTOR('',#15685,1.);
#15685 = DIRECTION('',(1.,0.));
#15686 = ( GEOMETRIC_REPRESENTATION_CONTEXT(2) 
PARAMETRIC_REPRESENTATION_CONTEXT() REPRESENTATION_CONTEXT('2D SPACE',''
  ) );
#15687 = ADVANCED_FACE('',(#15688),#11613,.T.);
#15688 = FACE_BOUND('',#15689,.T.);
#15689 = EDGE_LOOP('',(#15690,#15691,#15713));
#15690 = ORIENTED_EDGE('',*,*,#15642,.F.);
#15691 = ORIENTED_EDGE('',*,*,#15692,.T.);
#15692 = EDGE_CURVE('',#15643,#11462,#15693,.T.);
#15693 = SURFACE_CURVE('',#15694,(#15699,#15706),.PCURVE_S1.);
#15694 = CIRCLE('',#15695,35.);
#15695 = AXIS2_PLACEMENT_3D('',#15696,#15697,#15698);
#15696 = CARTESIAN_POINT('',(1.745E+03,1.065E+03,265.));
#15697 = DIRECTION('',(1.,0.,-3.023093395903E-16));
#15698 = DIRECTION('',(3.023093395903E-16,0.,1.));
#15699 = PCURVE('',#11613,#15700);
#15700 = DEFINITIONAL_REPRESENTATION('',(#15701),#15705);
#15701 = LINE('',#15702,#15703);
#15702 = CARTESIAN_POINT('',(1.570796326795,-6.28318530718));
#15703 = VECTOR('',#15704,1.);
#15704 = DIRECTION('',(0.,1.));
#15705 = ( GEOMETRIC_REPRESENTATION_CONTEXT(2) 
PARAMETRIC_REPRESENTATION_CONTEXT() REPRESENTATION_CONTEXT('2D SPACE',''
  ) );
#15706 = PCURVE('',#11476,#15707);
#15707 = DEFINITIONAL_REPRESENTATION('',(#15708),#15712);
#15708 = LINE('',#15709,#15710);
#15709 = CARTESIAN_POINT('',(-4.712388980385,125.));
#15710 = VECTOR('',#15711,1.);
#15711 = DIRECTION('',(1.,0.));
#15712 = ( GEOMETRIC_REPRESENTATION_CONTEXT(2) 
PARAMETRIC_REPRESENTATION_CONTEXT() REPRESENTATION_CONTEXT('2D SPACE',''
  ) );
#15713 = ORIENTED_EDGE('',*,*,#11487,.F.);
#15714 = ADVANCED_FACE('',(#15715),#11476,.T.);
#15715 = FACE_BOUND('',#15716,.T.);
#15716 = EDGE_LOOP('',(#15717,#15740,#15762,#15763));
#15717 = ORIENTED_EDGE('',*,*,#15718,.F.);
#15718 = EDGE_CURVE('',#15719,#15643,#15721,.T.);
#15719 = VERTEX_POINT('',#15720);
#15720 = CARTESIAN_POINT('',(1.655E+03,1.1E+03,265.));
#15721 = SURFACE_CURVE('',#15722,(#15726,#15733),.PCURVE_S1.);
#15722 = LINE('',#15723,#15724);
#15723 = CARTESIAN_POINT('',(1.62E+03,1.1E+03,265.));
#15724 = VECTOR('',#15725,1.);
#15725 = DIRECTION('',(1.,0.,0.));
#15726 = PCURVE('',#11476,#15727);
#15727 = DEFINITIONAL_REPRESENTATION('',(#15728),#15732);
#15728 = LINE('',#15729,#15730);
#15729 = CARTESIAN_POINT('',(0.,0.));
#15730 = VECTOR('',#15731,1.);
#15731 = DIRECTION('',(0.,1.));
#15732 = ( GEOMETRIC_REPRESENTATION_CONTEXT(2) 
PARAMETRIC_REPRESENTATION_CONTEXT() REPRESENTATION_CONTEXT('2D SPACE',''
  ) );
#15733 = PCURVE('',#11970,#15734);
#15734 = DEFINITIONAL_REPRESENTATION('',(#15735),#15739);
#15735 = LINE('',#15736,#15737);
#15736 = CARTESIAN_POINT('',(145.,0.));
#15737 = VECTOR('',#15738,1.);
#15738 = DIRECTION('',(0.,1.));
#15739 = ( GEOMETRIC_REPRESENTATION_CONTEXT(2) 
PARAMETRIC_REPRESENTATION_CONTEXT() REPRESENTATION_CONTEXT('2D SPACE',''
  ) );
#15740 = ORIENTED_EDGE('',*,*,#15741,.T.);
#15741 = EDGE_CURVE('',#15719,#11332,#15742,.T.);
#15742 = SURFACE_CURVE('',#15743,(#15748,#15755),.PCURVE_S1.);
#15743 = CIRCLE('',#15744,35.);
#15744 = AXIS2_PLACEMENT_3D('',#15745,#15746,#15747);
#15745 = CARTESIAN_POINT('',(1.655E+03,1.065E+03,265.));
#15746 = DIRECTION('',(1.,0.,3.023093395903E-16));
#15747 = DIRECTION('',(-3.023093395903E-16,0.,1.));
#15748 = PCURVE('',#11476,#15749);
#15749 = DEFINITIONAL_REPRESENTATION('',(#15750),#15754);
#15750 = LINE('',#15751,#15752);
#15751 = CARTESIAN_POINT('',(-4.712388980385,35.));
#15752 = VECTOR('',#15753,1.);
#15753 = DIRECTION('',(1.,0.));
#15754 = ( GEOMETRIC_REPRESENTATION_CONTEXT(2) 
PARAMETRIC_REPRESENTATION_CONTEXT() REPRESENTATION_CONTEXT('2D SPACE',''
  ) );
#15755 = PCURVE('',#11415,#15756);
#15756 = DEFINITIONAL_REPRESENTATION('',(#15757),#15761);
#15757 = LINE('',#15758,#15759);
#15758 = CARTESIAN_POINT('',(-1.570796326795,-6.28318530718));
#15759 = VECTOR('',#15760,1.);
#15760 = DIRECTION('',(-0.,1.));
#15761 = ( GEOMETRIC_REPRESENTATION_CONTEXT(2) 
PARAMETRIC_REPRESENTATION_CONTEXT() REPRESENTATION_CONTEXT('2D SPACE',''
  ) );
#15762 = ORIENTED_EDGE('',*,*,#11461,.F.);
#15763 = ORIENTED_EDGE('',*,*,#15692,.F.);
#15764 = ADVANCED_FACE('',(#15765),#11415,.T.);
#15765 = FACE_BOUND('',#15766,.F.);
#15766 = EDGE_LOOP('',(#15767,#15789,#15790));
#15767 = ORIENTED_EDGE('',*,*,#15768,.F.);
#15768 = EDGE_CURVE('',#15719,#11295,#15769,.T.);
#15769 = SURFACE_CURVE('',#15770,(#15775,#15782),.PCURVE_S1.);
#15770 = CIRCLE('',#15771,35.);
#15771 = AXIS2_PLACEMENT_3D('',#15772,#15773,#15774);
#15772 = CARTESIAN_POINT('',(1.655E+03,1.065E+03,265.));
#15773 = DIRECTION('',(2.030122102172E-16,0.,1.));
#15774 = DIRECTION('',(-1.,0.,2.030122102172E-16));
#15775 = PCURVE('',#11415,#15776);
#15776 = DEFINITIONAL_REPRESENTATION('',(#15777),#15781);
#15777 = LINE('',#15778,#15779);
#15778 = CARTESIAN_POINT('',(-0.,-6.28318530718));
#15779 = VECTOR('',#15780,1.);
#15780 = DIRECTION('',(-0.,1.));
#15781 = ( GEOMETRIC_REPRESENTATION_CONTEXT(2) 
PARAMETRIC_REPRESENTATION_CONTEXT() REPRESENTATION_CONTEXT('2D SPACE',''
  ) );
#15782 = PCURVE('',#11316,#15783);
#15783 = DEFINITIONAL_REPRESENTATION('',(#15784),#15788);
#15784 = LINE('',#15785,#15786);
#15785 = CARTESIAN_POINT('',(-6.28318530718,145.));
#15786 = VECTOR('',#15787,1.);
#15787 = DIRECTION('',(1.,-0.));
#15788 = ( GEOMETRIC_REPRESENTATION_CONTEXT(2) 
PARAMETRIC_REPRESENTATION_CONTEXT() REPRESENTATION_CONTEXT('2D SPACE',''
  ) );
#15789 = ORIENTED_EDGE('',*,*,#15741,.T.);
#15790 = ORIENTED_EDGE('',*,*,#11331,.T.);
#15791 = ADVANCED_FACE('',(#15792),#11316,.T.);
#15792 = FACE_BOUND('',#15793,.F.);
#15793 = EDGE_LOOP('',(#15794,#15795,#15796));
#15794 = ORIENTED_EDGE('',*,*,#15768,.T.);
#15795 = ORIENTED_EDGE('',*,*,#11294,.T.);
#15796 = ORIENTED_EDGE('',*,*,#15797,.T.);
#15797 = EDGE_CURVE('',#11234,#15719,#15798,.T.);
#15798 = SURFACE_CURVE('',#15799,(#15803,#15810),.PCURVE_S1.);
#15799 = LINE('',#15800,#15801);
#15800 = CARTESIAN_POINT('',(1.655E+03,1.1E+03,120.));
#15801 = VECTOR('',#15802,1.);
#15802 = DIRECTION('',(0.,0.,1.));
#15803 = PCURVE('',#11316,#15804);
#15804 = DEFINITIONAL_REPRESENTATION('',(#15805),#15809);
#15805 = LINE('',#15806,#15807);
#15806 = CARTESIAN_POINT('',(-1.570796326795,0.));
#15807 = VECTOR('',#15808,1.);
#15808 = DIRECTION('',(-0.,1.));
#15809 = ( GEOMETRIC_REPRESENTATION_CONTEXT(2) 
PARAMETRIC_REPRESENTATION_CONTEXT() REPRESENTATION_CONTEXT('2D SPACE',''
  ) );
#15810 = PCURVE('',#11970,#15811);
#15811 = DEFINITIONAL_REPRESENTATION('',(#15812),#15816);
#15812 = LINE('',#15813,#15814);
#15813 = CARTESIAN_POINT('',(0.,35.));
#15814 = VECTOR('',#15815,1.);
#15815 = DIRECTION('',(1.,0.));
#15816 = ( GEOMETRIC_REPRESENTATION_CONTEXT(2) 
PARAMETRIC_REPRESENTATION_CONTEXT() REPRESENTATION_CONTEXT('2D SPACE',''
  ) );
#15817 = ADVANCED_FACE('',(#15818),#11271,.T.);
#15818 = FACE_BOUND('',#15819,.F.);
#15819 = EDGE_LOOP('',(#15820,#15821,#15822));
#15820 = ORIENTED_EDGE('',*,*,#11233,.F.);
#15821 = ORIENTED_EDGE('',*,*,#11987,.T.);
#15822 = ORIENTED_EDGE('',*,*,#15823,.T.);
#15823 = EDGE_CURVE('',#11931,#11234,#15824,.T.);
#15824 = SURFACE_CURVE('',#15825,(#15829,#15836),.PCURVE_S1.);
#15825 = LINE('',#15826,#15827);
#15826 = CARTESIAN_POINT('',(1.655E+03,1.1E+03,120.));
#15827 = VECTOR('',#15828,1.);
#15828 = DIRECTION('',(0.,0.,1.));
#15829 = PCURVE('',#11271,#15830);
#15830 = DEFINITIONAL_REPRESENTATION('',(#15831),#15835);
#15831 = LINE('',#15832,#15833);
#15832 = CARTESIAN_POINT('',(-1.570796326795,0.));
#15833 = VECTOR('',#15834,1.);
#15834 = DIRECTION('',(-0.,1.));
#15835 = ( GEOMETRIC_REPRESENTATION_CONTEXT(2) 
PARAMETRIC_REPRESENTATION_CONTEXT() REPRESENTATION_CONTEXT('2D SPACE',''
  ) );
#15836 = PCURVE('',#11970,#15837);
#15837 = DEFINITIONAL_REPRESENTATION('',(#15838),#15842);
#15838 = LINE('',#15839,#15840);
#15839 = CARTESIAN_POINT('',(0.,35.));
#15840 = VECTOR('',#15841,1.);
#15841 = DIRECTION('',(1.,0.));
#15842 = ( GEOMETRIC_REPRESENTATION_CONTEXT(2) 
PARAMETRIC_REPRESENTATION_CONTEXT() REPRESENTATION_CONTEXT('2D SPACE',''
  ) );
#15843 = ADVANCED_FACE('',(#15844),#11036,.T.);
#15844 = FACE_BOUND('',#15845,.T.);
#15845 = EDGE_LOOP('',(#15846,#15847,#15848));
#15846 = ORIENTED_EDGE('',*,*,#10998,.F.);
#15847 = ORIENTED_EDGE('',*,*,#12038,.T.);
#15848 = ORIENTED_EDGE('',*,*,#15849,.T.);
#15849 = EDGE_CURVE('',#12015,#10962,#15850,.T.);
#15850 = SURFACE_CURVE('',#15851,(#15855,#15862),.PCURVE_S1.);
#15851 = LINE('',#15852,#15853);
#15852 = CARTESIAN_POINT('',(45.,1.1E+03,120.));
#15853 = VECTOR('',#15854,1.);
#15854 = DIRECTION('',(0.,0.,1.));
#15855 = PCURVE('',#11036,#15856);
#15856 = DEFINITIONAL_REPRESENTATION('',(#15857),#15861);
#15857 = LINE('',#15858,#15859);
#15858 = CARTESIAN_POINT('',(1.570796326795,0.));
#15859 = VECTOR('',#15860,1.);
#15860 = DIRECTION('',(0.,1.));
#15861 = ( GEOMETRIC_REPRESENTATION_CONTEXT(2) 
PARAMETRIC_REPRESENTATION_CONTEXT() REPRESENTATION_CONTEXT('2D SPACE',''
  ) );
#15862 = PCURVE('',#12104,#15863);
#15863 = DEFINITIONAL_REPRESENTATION('',(#15864),#15868);
#15864 = LINE('',#15865,#15866);
#15865 = CARTESIAN_POINT('',(0.,125.));
#15866 = VECTOR('',#15867,1.);
#15867 = DIRECTION('',(1.,0.));
#15868 = ( GEOMETRIC_REPRESENTATION_CONTEXT(2) 
PARAMETRIC_REPRESENTATION_CONTEXT() REPRESENTATION_CONTEXT('2D SPACE',''
  ) );
#15869 = ADVANCED_FACE('',(#15870),#10983,.T.);
#15870 = FACE_BOUND('',#15871,.T.);
#15871 = EDGE_LOOP('',(#15872,#15896,#15897));
#15872 = ORIENTED_EDGE('',*,*,#15873,.T.);
#15873 = EDGE_CURVE('',#15874,#10769,#15876,.T.);
#15874 = VERTEX_POINT('',#15875);
#15875 = CARTESIAN_POINT('',(45.,1.1E+03,265.));
#15876 = SURFACE_CURVE('',#15877,(#15882,#15889),.PCURVE_S1.);
#15877 = CIRCLE('',#15878,35.);
#15878 = AXIS2_PLACEMENT_3D('',#15879,#15880,#15881);
#15879 = CARTESIAN_POINT('',(45.,1.065E+03,265.));
#15880 = DIRECTION('',(2.030122102172E-16,0.,-1.));
#15881 = DIRECTION('',(1.,0.,2.030122102172E-16));
#15882 = PCURVE('',#10983,#15883);
#15883 = DEFINITIONAL_REPRESENTATION('',(#15884),#15888);
#15884 = LINE('',#15885,#15886);
#15885 = CARTESIAN_POINT('',(6.28318530718,145.));
#15886 = VECTOR('',#15887,1.);
#15887 = DIRECTION('',(-1.,-0.));
#15888 = ( GEOMETRIC_REPRESENTATION_CONTEXT(2) 
PARAMETRIC_REPRESENTATION_CONTEXT() REPRESENTATION_CONTEXT('2D SPACE',''
  ) );
#15889 = PCURVE('',#10894,#15890);
#15890 = DEFINITIONAL_REPRESENTATION('',(#15891),#15895);
#15891 = LINE('',#15892,#15893);
#15892 = CARTESIAN_POINT('',(0.,-6.28318530718));
#15893 = VECTOR('',#15894,1.);
#15894 = DIRECTION('',(0.,1.));
#15895 = ( GEOMETRIC_REPRESENTATION_CONTEXT(2) 
PARAMETRIC_REPRESENTATION_CONTEXT() REPRESENTATION_CONTEXT('2D SPACE',''
  ) );
#15896 = ORIENTED_EDGE('',*,*,#10961,.T.);
#15897 = ORIENTED_EDGE('',*,*,#15898,.T.);
#15898 = EDGE_CURVE('',#10962,#15874,#15899,.T.);
#15899 = SURFACE_CURVE('',#15900,(#15904,#15911),.PCURVE_S1.);
#15900 = LINE('',#15901,#15902);
#15901 = CARTESIAN_POINT('',(45.,1.1E+03,120.));
#15902 = VECTOR('',#15903,1.);
#15903 = DIRECTION('',(0.,0.,1.));
#15904 = PCURVE('',#10983,#15905);
#15905 = DEFINITIONAL_REPRESENTATION('',(#15906),#15910);
#15906 = LINE('',#15907,#15908);
#15907 = CARTESIAN_POINT('',(1.570796326795,0.));
#15908 = VECTOR('',#15909,1.);
#15909 = DIRECTION('',(0.,1.));
#15910 = ( GEOMETRIC_REPRESENTATION_CONTEXT(2) 
PARAMETRIC_REPRESENTATION_CONTEXT() REPRESENTATION_CONTEXT('2D SPACE',''
  ) );
#15911 = PCURVE('',#12104,#15912);
#15912 = DEFINITIONAL_REPRESENTATION('',(#15913),#15917);
#15913 = LINE('',#15914,#15915);
#15914 = CARTESIAN_POINT('',(0.,125.));
#15915 = VECTOR('',#15916,1.);
#15916 = DIRECTION('',(1.,0.));
#15917 = ( GEOMETRIC_REPRESENTATION_CONTEXT(2) 
PARAMETRIC_REPRESENTATION_CONTEXT() REPRESENTATION_CONTEXT('2D SPACE',''
  ) );
#15918 = ADVANCED_FACE('',(#15919),#10894,.T.);
#15919 = FACE_BOUND('',#15920,.T.);
#15920 = EDGE_LOOP('',(#15921,#15922,#15944));
#15921 = ORIENTED_EDGE('',*,*,#15873,.F.);
#15922 = ORIENTED_EDGE('',*,*,#15923,.T.);
#15923 = EDGE_CURVE('',#15874,#10743,#15924,.T.);
#15924 = SURFACE_CURVE('',#15925,(#15930,#15937),.PCURVE_S1.);
#15925 = CIRCLE('',#15926,35.);
#15926 = AXIS2_PLACEMENT_3D('',#15927,#15928,#15929);
#15927 = CARTESIAN_POINT('',(45.,1.065E+03,265.));
#15928 = DIRECTION('',(1.,0.,-3.023093395903E-16));
#15929 = DIRECTION('',(3.023093395903E-16,0.,1.));
#15930 = PCURVE('',#10894,#15931);
#15931 = DEFINITIONAL_REPRESENTATION('',(#15932),#15936);
#15932 = LINE('',#15933,#15934);
#15933 = CARTESIAN_POINT('',(1.570796326795,-6.28318530718));
#15934 = VECTOR('',#15935,1.);
#15935 = DIRECTION('',(0.,1.));
#15936 = ( GEOMETRIC_REPRESENTATION_CONTEXT(2) 
PARAMETRIC_REPRESENTATION_CONTEXT() REPRESENTATION_CONTEXT('2D SPACE',''
  ) );
#15937 = PCURVE('',#10757,#15938);
#15938 = DEFINITIONAL_REPRESENTATION('',(#15939),#15943);
#15939 = LINE('',#15940,#15941);
#15940 = CARTESIAN_POINT('',(-4.712388980385,125.));
#15941 = VECTOR('',#15942,1.);
#15942 = DIRECTION('',(1.,0.));
#15943 = ( GEOMETRIC_REPRESENTATION_CONTEXT(2) 
PARAMETRIC_REPRESENTATION_CONTEXT() REPRESENTATION_CONTEXT('2D SPACE',''
  ) );
#15944 = ORIENTED_EDGE('',*,*,#10768,.F.);
#15945 = ADVANCED_FACE('',(#15946),#10757,.T.);
#15946 = FACE_BOUND('',#15947,.T.);
#15947 = EDGE_LOOP('',(#15948,#15971,#15993,#15994));
#15948 = ORIENTED_EDGE('',*,*,#15949,.F.);
#15949 = EDGE_CURVE('',#15950,#15874,#15952,.T.);
#15950 = VERTEX_POINT('',#15951);
#15951 = CARTESIAN_POINT('',(-45.,1.1E+03,265.));
#15952 = SURFACE_CURVE('',#15953,(#15957,#15964),.PCURVE_S1.);
#15953 = LINE('',#15954,#15955);
#15954 = CARTESIAN_POINT('',(-80.,1.1E+03,265.));
#15955 = VECTOR('',#15956,1.);
#15956 = DIRECTION('',(1.,0.,0.));
#15957 = PCURVE('',#10757,#15958);
#15958 = DEFINITIONAL_REPRESENTATION('',(#15959),#15963);
#15959 = LINE('',#15960,#15961);
#15960 = CARTESIAN_POINT('',(0.,0.));
#15961 = VECTOR('',#15962,1.);
#15962 = DIRECTION('',(0.,1.));
#15963 = ( GEOMETRIC_REPRESENTATION_CONTEXT(2) 
PARAMETRIC_REPRESENTATION_CONTEXT() REPRESENTATION_CONTEXT('2D SPACE',''
  ) );
#15964 = PCURVE('',#12104,#15965);
#15965 = DEFINITIONAL_REPRESENTATION('',(#15966),#15970);
#15966 = LINE('',#15967,#15968);
#15967 = CARTESIAN_POINT('',(145.,0.));
#15968 = VECTOR('',#15969,1.);
#15969 = DIRECTION('',(0.,1.));
#15970 = ( GEOMETRIC_REPRESENTATION_CONTEXT(2) 
PARAMETRIC_REPRESENTATION_CONTEXT() REPRESENTATION_CONTEXT('2D SPACE',''
  ) );
#15971 = ORIENTED_EDGE('',*,*,#15972,.T.);
#15972 = EDGE_CURVE('',#15950,#10550,#15973,.T.);
#15973 = SURFACE_CURVE('',#15974,(#15979,#15986),.PCURVE_S1.);
#15974 = CIRCLE('',#15975,35.);
#15975 = AXIS2_PLACEMENT_3D('',#15976,#15977,#15978);
#15976 = CARTESIAN_POINT('',(-45.,1.065E+03,265.));
#15977 = DIRECTION('',(1.,0.,3.023093395903E-16));
#15978 = DIRECTION('',(-3.023093395903E-16,0.,1.));
#15979 = PCURVE('',#10757,#15980);
#15980 = DEFINITIONAL_REPRESENTATION('',(#15981),#15985);
#15981 = LINE('',#15982,#15983);
#15982 = CARTESIAN_POINT('',(-4.712388980385,35.));
#15983 = VECTOR('',#15984,1.);
#15984 = DIRECTION('',(1.,0.));
#15985 = ( GEOMETRIC_REPRESENTATION_CONTEXT(2) 
PARAMETRIC_REPRESENTATION_CONTEXT() REPRESENTATION_CONTEXT('2D SPACE',''
  ) );
#15986 = PCURVE('',#10675,#15987);
#15987 = DEFINITIONAL_REPRESENTATION('',(#15988),#15992);
#15988 = LINE('',#15989,#15990);
#15989 = CARTESIAN_POINT('',(-1.570796326795,-6.28318530718));
#15990 = VECTOR('',#15991,1.);
#15991 = DIRECTION('',(-0.,1.));
#15992 = ( GEOMETRIC_REPRESENTATION_CONTEXT(2) 
PARAMETRIC_REPRESENTATION_CONTEXT() REPRESENTATION_CONTEXT('2D SPACE',''
  ) );
#15993 = ORIENTED_EDGE('',*,*,#10742,.F.);
#15994 = ORIENTED_EDGE('',*,*,#15923,.F.);
#15995 = ADVANCED_FACE('',(#15996),#10675,.T.);
#15996 = FACE_BOUND('',#15997,.F.);
#15997 = EDGE_LOOP('',(#15998,#16020,#16021));
#15998 = ORIENTED_EDGE('',*,*,#15999,.F.);
#15999 = EDGE_CURVE('',#15950,#10513,#16000,.T.);
#16000 = SURFACE_CURVE('',#16001,(#16006,#16013),.PCURVE_S1.);
#16001 = CIRCLE('',#16002,35.);
#16002 = AXIS2_PLACEMENT_3D('',#16003,#16004,#16005);
#16003 = CARTESIAN_POINT('',(-45.,1.065E+03,265.));
#16004 = DIRECTION('',(2.030122102172E-16,0.,1.));
#16005 = DIRECTION('',(-1.,0.,2.030122102172E-16));
#16006 = PCURVE('',#10675,#16007);
#16007 = DEFINITIONAL_REPRESENTATION('',(#16008),#16012);
#16008 = LINE('',#16009,#16010);
#16009 = CARTESIAN_POINT('',(-0.,-6.28318530718));
#16010 = VECTOR('',#16011,1.);
#16011 = DIRECTION('',(-0.,1.));
#16012 = ( GEOMETRIC_REPRESENTATION_CONTEXT(2) 
PARAMETRIC_REPRESENTATION_CONTEXT() REPRESENTATION_CONTEXT('2D SPACE',''
  ) );
#16013 = PCURVE('',#10534,#16014);
#16014 = DEFINITIONAL_REPRESENTATION('',(#16015),#16019);
#16015 = LINE('',#16016,#16017);
#16016 = CARTESIAN_POINT('',(-6.28318530718,145.));
#16017 = VECTOR('',#16018,1.);
#16018 = DIRECTION('',(1.,-0.));
#16019 = ( GEOMETRIC_REPRESENTATION_CONTEXT(2) 
PARAMETRIC_REPRESENTATION_CONTEXT() REPRESENTATION_CONTEXT('2D SPACE',''
  ) );
#16020 = ORIENTED_EDGE('',*,*,#15972,.T.);
#16021 = ORIENTED_EDGE('',*,*,#10549,.T.);
#16022 = ADVANCED_FACE('',(#16023),#10534,.T.);
#16023 = FACE_BOUND('',#16024,.F.);
#16024 = EDGE_LOOP('',(#16025,#16026,#16027));
#16025 = ORIENTED_EDGE('',*,*,#15999,.T.);
#16026 = ORIENTED_EDGE('',*,*,#10512,.T.);
#16027 = ORIENTED_EDGE('',*,*,#16028,.T.);
#16028 = EDGE_CURVE('',#10452,#15950,#16029,.T.);
#16029 = SURFACE_CURVE('',#16030,(#16034,#16041),.PCURVE_S1.);
#16030 = LINE('',#16031,#16032);
#16031 = CARTESIAN_POINT('',(-45.,1.1E+03,120.));
#16032 = VECTOR('',#16033,1.);
#16033 = DIRECTION('',(0.,0.,1.));
#16034 = PCURVE('',#10534,#16035);
#16035 = DEFINITIONAL_REPRESENTATION('',(#16036),#16040);
#16036 = LINE('',#16037,#16038);
#16037 = CARTESIAN_POINT('',(-1.570796326795,0.));
#16038 = VECTOR('',#16039,1.);
#16039 = DIRECTION('',(-0.,1.));
#16040 = ( GEOMETRIC_REPRESENTATION_CONTEXT(2) 
PARAMETRIC_REPRESENTATION_CONTEXT() REPRESENTATION_CONTEXT('2D SPACE',''
  ) );
#16041 = PCURVE('',#12104,#16042);
#16042 = DEFINITIONAL_REPRESENTATION('',(#16043),#16047);
#16043 = LINE('',#16044,#16045);
#16044 = CARTESIAN_POINT('',(0.,35.));
#16045 = VECTOR('',#16046,1.);
#16046 = DIRECTION('',(1.,0.));
#16047 = ( GEOMETRIC_REPRESENTATION_CONTEXT(2) 
PARAMETRIC_REPRESENTATION_CONTEXT() REPRESENTATION_CONTEXT('2D SPACE',''
  ) );
#16048 = ADVANCED_FACE('',(#16049),#10489,.T.);
#16049 = FACE_BOUND('',#16050,.F.);
#16050 = EDGE_LOOP('',(#16051,#16052,#16053));
#16051 = ORIENTED_EDGE('',*,*,#10451,.F.);
#16052 = ORIENTED_EDGE('',*,*,#12121,.T.);
#16053 = ORIENTED_EDGE('',*,*,#16054,.T.);
#16054 = EDGE_CURVE('',#12065,#10452,#16055,.T.);
#16055 = SURFACE_CURVE('',#16056,(#16060,#16067),.PCURVE_S1.);
#16056 = LINE('',#16057,#16058);
#16057 = CARTESIAN_POINT('',(-45.,1.1E+03,120.));
#16058 = VECTOR('',#16059,1.);
#16059 = DIRECTION('',(0.,0.,1.));
#16060 = PCURVE('',#10489,#16061);
#16061 = DEFINITIONAL_REPRESENTATION('',(#16062),#16066);
#16062 = LINE('',#16063,#16064);
#16063 = CARTESIAN_POINT('',(-1.570796326795,0.));
#16064 = VECTOR('',#16065,1.);
#16065 = DIRECTION('',(-0.,1.));
#16066 = ( GEOMETRIC_REPRESENTATION_CONTEXT(2) 
PARAMETRIC_REPRESENTATION_CONTEXT() REPRESENTATION_CONTEXT('2D SPACE',''
  ) );
#16067 = PCURVE('',#12104,#16068);
#16068 = DEFINITIONAL_REPRESENTATION('',(#16069),#16073);
#16069 = LINE('',#16070,#16071);
#16070 = CARTESIAN_POINT('',(0.,35.));
#16071 = VECTOR('',#16072,1.);
#16072 = DIRECTION('',(1.,0.));
#16073 = ( GEOMETRIC_REPRESENTATION_CONTEXT(2) 
PARAMETRIC_REPRESENTATION_CONTEXT() REPRESENTATION_CONTEXT('2D SPACE',''
  ) );
#16074 = ADVANCED_FACE('',(#16075),#10239,.T.);
#16075 = FACE_BOUND('',#16076,.T.);
#16076 = EDGE_LOOP('',(#16077,#16078,#16079));
#16077 = ORIENTED_EDGE('',*,*,#10201,.F.);
#16078 = ORIENTED_EDGE('',*,*,#12172,.T.);
#16079 = ORIENTED_EDGE('',*,*,#16080,.T.);
#16080 = EDGE_CURVE('',#12149,#10165,#16081,.T.);
#16081 = SURFACE_CURVE('',#16082,(#16086,#16093),.PCURVE_S1.);
#16082 = LINE('',#16083,#16084);
#16083 = CARTESIAN_POINT('',(-1.655E+03,1.1E+03,120.));
#16084 = VECTOR('',#16085,1.);
#16085 = DIRECTION('',(0.,0.,1.));
#16086 = PCURVE('',#10239,#16087);
#16087 = DEFINITIONAL_REPRESENTATION('',(#16088),#16092);
#16088 = LINE('',#16089,#16090);
#16089 = CARTESIAN_POINT('',(1.570796326795,0.));
#16090 = VECTOR('',#16091,1.);
#16091 = DIRECTION('',(0.,1.));
#16092 = ( GEOMETRIC_REPRESENTATION_CONTEXT(2) 
PARAMETRIC_REPRESENTATION_CONTEXT() REPRESENTATION_CONTEXT('2D SPACE',''
  ) );
#16093 = PCURVE('',#12238,#16094);
#16094 = DEFINITIONAL_REPRESENTATION('',(#16095),#16099);
#16095 = LINE('',#16096,#16097);
#16096 = CARTESIAN_POINT('',(0.,125.));
#16097 = VECTOR('',#16098,1.);
#16098 = DIRECTION('',(1.,0.));
#16099 = ( GEOMETRIC_REPRESENTATION_CONTEXT(2) 
PARAMETRIC_REPRESENTATION_CONTEXT() REPRESENTATION_CONTEXT('2D SPACE',''
  ) );
#16100 = ADVANCED_FACE('',(#16101),#10186,.T.);
#16101 = FACE_BOUND('',#16102,.T.);
#16102 = EDGE_LOOP('',(#16103,#16127,#16128));
#16103 = ORIENTED_EDGE('',*,*,#16104,.T.);
#16104 = EDGE_CURVE('',#16105,#9972,#16107,.T.);
#16105 = VERTEX_POINT('',#16106);
#16106 = CARTESIAN_POINT('',(-1.655E+03,1.1E+03,265.));
#16107 = SURFACE_CURVE('',#16108,(#16113,#16120),.PCURVE_S1.);
#16108 = CIRCLE('',#16109,35.);
#16109 = AXIS2_PLACEMENT_3D('',#16110,#16111,#16112);
#16110 = CARTESIAN_POINT('',(-1.655E+03,1.065E+03,265.));
#16111 = DIRECTION('',(2.030122102172E-16,0.,-1.));
#16112 = DIRECTION('',(1.,0.,2.030122102172E-16));
#16113 = PCURVE('',#10186,#16114);
#16114 = DEFINITIONAL_REPRESENTATION('',(#16115),#16119);
#16115 = LINE('',#16116,#16117);
#16116 = CARTESIAN_POINT('',(6.28318530718,145.));
#16117 = VECTOR('',#16118,1.);
#16118 = DIRECTION('',(-1.,-0.));
#16119 = ( GEOMETRIC_REPRESENTATION_CONTEXT(2) 
PARAMETRIC_REPRESENTATION_CONTEXT() REPRESENTATION_CONTEXT('2D SPACE',''
  ) );
#16120 = PCURVE('',#10097,#16121);
#16121 = DEFINITIONAL_REPRESENTATION('',(#16122),#16126);
#16122 = LINE('',#16123,#16124);
#16123 = CARTESIAN_POINT('',(0.,-6.28318530718));
#16124 = VECTOR('',#16125,1.);
#16125 = DIRECTION('',(0.,1.));
#16126 = ( GEOMETRIC_REPRESENTATION_CONTEXT(2) 
PARAMETRIC_REPRESENTATION_CONTEXT() REPRESENTATION_CONTEXT('2D SPACE',''
  ) );
#16127 = ORIENTED_EDGE('',*,*,#10164,.T.);
#16128 = ORIENTED_EDGE('',*,*,#16129,.T.);
#16129 = EDGE_CURVE('',#10165,#16105,#16130,.T.);
#16130 = SURFACE_CURVE('',#16131,(#16135,#16142),.PCURVE_S1.);
#16131 = LINE('',#16132,#16133);
#16132 = CARTESIAN_POINT('',(-1.655E+03,1.1E+03,120.));
#16133 = VECTOR('',#16134,1.);
#16134 = DIRECTION('',(0.,0.,1.));
#16135 = PCURVE('',#10186,#16136);
#16136 = DEFINITIONAL_REPRESENTATION('',(#16137),#16141);
#16137 = LINE('',#16138,#16139);
#16138 = CARTESIAN_POINT('',(1.570796326795,0.));
#16139 = VECTOR('',#16140,1.);
#16140 = DIRECTION('',(0.,1.));
#16141 = ( GEOMETRIC_REPRESENTATION_CONTEXT(2) 
PARAMETRIC_REPRESENTATION_CONTEXT() REPRESENTATION_CONTEXT('2D SPACE',''
  ) );
#16142 = PCURVE('',#12238,#16143);
#16143 = DEFINITIONAL_REPRESENTATION('',(#16144),#16148);
#16144 = LINE('',#16145,#16146);
#16145 = CARTESIAN_POINT('',(0.,125.));
#16146 = VECTOR('',#16147,1.);
#16147 = DIRECTION('',(1.,0.));
#16148 = ( GEOMETRIC_REPRESENTATION_CONTEXT(2) 
PARAMETRIC_REPRESENTATION_CONTEXT() REPRESENTATION_CONTEXT('2D SPACE',''
  ) );
#16149 = ADVANCED_FACE('',(#16150),#10097,.T.);
#16150 = FACE_BOUND('',#16151,.T.);
#16151 = EDGE_LOOP('',(#16152,#16153,#16175));
#16152 = ORIENTED_EDGE('',*,*,#16104,.F.);
#16153 = ORIENTED_EDGE('',*,*,#16154,.T.);
#16154 = EDGE_CURVE('',#16105,#9946,#16155,.T.);
#16155 = SURFACE_CURVE('',#16156,(#16161,#16168),.PCURVE_S1.);
#16156 = CIRCLE('',#16157,35.);
#16157 = AXIS2_PLACEMENT_3D('',#16158,#16159,#16160);
#16158 = CARTESIAN_POINT('',(-1.655E+03,1.065E+03,265.));
#16159 = DIRECTION('',(1.,0.,-3.023093395903E-16));
#16160 = DIRECTION('',(3.023093395903E-16,0.,1.));
#16161 = PCURVE('',#10097,#16162);
#16162 = DEFINITIONAL_REPRESENTATION('',(#16163),#16167);
#16163 = LINE('',#16164,#16165);
#16164 = CARTESIAN_POINT('',(1.570796326795,-6.28318530718));
#16165 = VECTOR('',#16166,1.);
#16166 = DIRECTION('',(0.,1.));
#16167 = ( GEOMETRIC_REPRESENTATION_CONTEXT(2) 
PARAMETRIC_REPRESENTATION_CONTEXT() REPRESENTATION_CONTEXT('2D SPACE',''
  ) );
#16168 = PCURVE('',#9960,#16169);
#16169 = DEFINITIONAL_REPRESENTATION('',(#16170),#16174);
#16170 = LINE('',#16171,#16172);
#16171 = CARTESIAN_POINT('',(-4.712388980385,125.));
#16172 = VECTOR('',#16173,1.);
#16173 = DIRECTION('',(1.,0.));
#16174 = ( GEOMETRIC_REPRESENTATION_CONTEXT(2) 
PARAMETRIC_REPRESENTATION_CONTEXT() REPRESENTATION_CONTEXT('2D SPACE',''
  ) );
#16175 = ORIENTED_EDGE('',*,*,#9971,.F.);
#16176 = ADVANCED_FACE('',(#16177),#9960,.T.);
#16177 = FACE_BOUND('',#16178,.T.);
#16178 = EDGE_LOOP('',(#16179,#16202,#16224,#16225));
#16179 = ORIENTED_EDGE('',*,*,#16180,.F.);
#16180 = EDGE_CURVE('',#16181,#16105,#16183,.T.);
#16181 = VERTEX_POINT('',#16182);
#16182 = CARTESIAN_POINT('',(-1.745E+03,1.1E+03,265.));
#16183 = SURFACE_CURVE('',#16184,(#16188,#16195),.PCURVE_S1.);
#16184 = LINE('',#16185,#16186);
#16185 = CARTESIAN_POINT('',(-1.78E+03,1.1E+03,265.));
#16186 = VECTOR('',#16187,1.);
#16187 = DIRECTION('',(1.,0.,0.));
#16188 = PCURVE('',#9960,#16189);
#16189 = DEFINITIONAL_REPRESENTATION('',(#16190),#16194);
#16190 = LINE('',#16191,#16192);
#16191 = CARTESIAN_POINT('',(0.,0.));
#16192 = VECTOR('',#16193,1.);
#16193 = DIRECTION('',(0.,1.));
#16194 = ( GEOMETRIC_REPRESENTATION_CONTEXT(2) 
PARAMETRIC_REPRESENTATION_CONTEXT() REPRESENTATION_CONTEXT('2D SPACE',''
  ) );
#16195 = PCURVE('',#12238,#16196);
#16196 = DEFINITIONAL_REPRESENTATION('',(#16197),#16201);
#16197 = LINE('',#16198,#16199);
#16198 = CARTESIAN_POINT('',(145.,0.));
#16199 = VECTOR('',#16200,1.);
#16200 = DIRECTION('',(0.,1.));
#16201 = ( GEOMETRIC_REPRESENTATION_CONTEXT(2) 
PARAMETRIC_REPRESENTATION_CONTEXT() REPRESENTATION_CONTEXT('2D SPACE',''
  ) );
#16202 = ORIENTED_EDGE('',*,*,#16203,.T.);
#16203 = EDGE_CURVE('',#16181,#9816,#16204,.T.);
#16204 = SURFACE_CURVE('',#16205,(#16210,#16217),.PCURVE_S1.);
#16205 = CIRCLE('',#16206,35.);
#16206 = AXIS2_PLACEMENT_3D('',#16207,#16208,#16209);
#16207 = CARTESIAN_POINT('',(-1.745E+03,1.065E+03,265.));
#16208 = DIRECTION('',(1.,0.,3.023093395903E-16));
#16209 = DIRECTION('',(-3.023093395903E-16,0.,1.));
#16210 = PCURVE('',#9960,#16211);
#16211 = DEFINITIONAL_REPRESENTATION('',(#16212),#16216);
#16212 = LINE('',#16213,#16214);
#16213 = CARTESIAN_POINT('',(-4.712388980385,35.));
#16214 = VECTOR('',#16215,1.);
#16215 = DIRECTION('',(1.,0.));
#16216 = ( GEOMETRIC_REPRESENTATION_CONTEXT(2) 
PARAMETRIC_REPRESENTATION_CONTEXT() REPRESENTATION_CONTEXT('2D SPACE',''
  ) );
#16217 = PCURVE('',#9899,#16218);
#16218 = DEFINITIONAL_REPRESENTATION('',(#16219),#16223);
#16219 = LINE('',#16220,#16221);
#16220 = CARTESIAN_POINT('',(-1.570796326795,-6.28318530718));
#16221 = VECTOR('',#16222,1.);
#16222 = DIRECTION('',(-0.,1.));
#16223 = ( GEOMETRIC_REPRESENTATION_CONTEXT(2) 
PARAMETRIC_REPRESENTATION_CONTEXT() REPRESENTATION_CONTEXT('2D SPACE',''
  ) );
#16224 = ORIENTED_EDGE('',*,*,#9945,.F.);
#16225 = ORIENTED_EDGE('',*,*,#16154,.F.);
#16226 = ADVANCED_FACE('',(#16227),#9899,.T.);
#16227 = FACE_BOUND('',#16228,.F.);
#16228 = EDGE_LOOP('',(#16229,#16251,#16252));
#16229 = ORIENTED_EDGE('',*,*,#16230,.F.);
#16230 = EDGE_CURVE('',#16181,#9779,#16231,.T.);
#16231 = SURFACE_CURVE('',#16232,(#16237,#16244),.PCURVE_S1.);
#16232 = CIRCLE('',#16233,35.);
#16233 = AXIS2_PLACEMENT_3D('',#16234,#16235,#16236);
#16234 = CARTESIAN_POINT('',(-1.745E+03,1.065E+03,265.));
#16235 = DIRECTION('',(2.030122102172E-16,0.,1.));
#16236 = DIRECTION('',(-1.,0.,2.030122102172E-16));
#16237 = PCURVE('',#9899,#16238);
#16238 = DEFINITIONAL_REPRESENTATION('',(#16239),#16243);
#16239 = LINE('',#16240,#16241);
#16240 = CARTESIAN_POINT('',(-0.,-6.28318530718));
#16241 = VECTOR('',#16242,1.);
#16242 = DIRECTION('',(-0.,1.));
#16243 = ( GEOMETRIC_REPRESENTATION_CONTEXT(2) 
PARAMETRIC_REPRESENTATION_CONTEXT() REPRESENTATION_CONTEXT('2D SPACE',''
  ) );
#16244 = PCURVE('',#9800,#16245);
#16245 = DEFINITIONAL_REPRESENTATION('',(#16246),#16250);
#16246 = LINE('',#16247,#16248);
#16247 = CARTESIAN_POINT('',(-6.28318530718,145.));
#16248 = VECTOR('',#16249,1.);
#16249 = DIRECTION('',(1.,-0.));
#16250 = ( GEOMETRIC_REPRESENTATION_CONTEXT(2) 
PARAMETRIC_REPRESENTATION_CONTEXT() REPRESENTATION_CONTEXT('2D SPACE',''
  ) );
#16251 = ORIENTED_EDGE('',*,*,#16203,.T.);
#16252 = ORIENTED_EDGE('',*,*,#9815,.T.);
#16253 = ADVANCED_FACE('',(#16254),#9800,.T.);
#16254 = FACE_BOUND('',#16255,.F.);
#16255 = EDGE_LOOP('',(#16256,#16257,#16258));
#16256 = ORIENTED_EDGE('',*,*,#16230,.T.);
#16257 = ORIENTED_EDGE('',*,*,#9778,.T.);
#16258 = ORIENTED_EDGE('',*,*,#16259,.T.);
#16259 = EDGE_CURVE('',#9718,#16181,#16260,.T.);
#16260 = SURFACE_CURVE('',#16261,(#16265,#16272),.PCURVE_S1.);
#16261 = LINE('',#16262,#16263);
#16262 = CARTESIAN_POINT('',(-1.745E+03,1.1E+03,120.));
#16263 = VECTOR('',#16264,1.);
#16264 = DIRECTION('',(0.,0.,1.));
#16265 = PCURVE('',#9800,#16266);
#16266 = DEFINITIONAL_REPRESENTATION('',(#16267),#16271);
#16267 = LINE('',#16268,#16269);
#16268 = CARTESIAN_POINT('',(-1.570796326795,0.));
#16269 = VECTOR('',#16270,1.);
#16270 = DIRECTION('',(-0.,1.));
#16271 = ( GEOMETRIC_REPRESENTATION_CONTEXT(2) 
PARAMETRIC_REPRESENTATION_CONTEXT() REPRESENTATION_CONTEXT('2D SPACE',''
  ) );
#16272 = PCURVE('',#12238,#16273);
#16273 = DEFINITIONAL_REPRESENTATION('',(#16274),#16278);
#16274 = LINE('',#16275,#16276);
#16275 = CARTESIAN_POINT('',(0.,35.));
#16276 = VECTOR('',#16277,1.);
#16277 = DIRECTION('',(1.,0.));
#16278 = ( GEOMETRIC_REPRESENTATION_CONTEXT(2) 
PARAMETRIC_REPRESENTATION_CONTEXT() REPRESENTATION_CONTEXT('2D SPACE',''
  ) );
#16279 = ADVANCED_FACE('',(#16280),#9755,.T.);
#16280 = FACE_BOUND('',#16281,.F.);
#16281 = EDGE_LOOP('',(#16282,#16283,#16284));
#16282 = ORIENTED_EDGE('',*,*,#9717,.F.);
#16283 = ORIENTED_EDGE('',*,*,#12255,.T.);
#16284 = ORIENTED_EDGE('',*,*,#16285,.T.);
#16285 = EDGE_CURVE('',#12199,#9718,#16286,.T.);
#16286 = SURFACE_CURVE('',#16287,(#16291,#16298),.PCURVE_S1.);
#16287 = LINE('',#16288,#16289);
#16288 = CARTESIAN_POINT('',(-1.745E+03,1.1E+03,120.));
#16289 = VECTOR('',#16290,1.);
#16290 = DIRECTION('',(0.,0.,1.));
#16291 = PCURVE('',#9755,#16292);
#16292 = DEFINITIONAL_REPRESENTATION('',(#16293),#16297);
#16293 = LINE('',#16294,#16295);
#16294 = CARTESIAN_POINT('',(-1.570796326795,0.));
#16295 = VECTOR('',#16296,1.);
#16296 = DIRECTION('',(-0.,1.));
#16297 = ( GEOMETRIC_REPRESENTATION_CONTEXT(2) 
PARAMETRIC_REPRESENTATION_CONTEXT() REPRESENTATION_CONTEXT('2D SPACE',''
  ) );
#16298 = PCURVE('',#12238,#16299);
#16299 = DEFINITIONAL_REPRESENTATION('',(#16300),#16304);
#16300 = LINE('',#16301,#16302);
#16301 = CARTESIAN_POINT('',(0.,35.));
#16302 = VECTOR('',#16303,1.);
#16303 = DIRECTION('',(1.,0.));
#16304 = ( GEOMETRIC_REPRESENTATION_CONTEXT(2) 
PARAMETRIC_REPRESENTATION_CONTEXT() REPRESENTATION_CONTEXT('2D SPACE',''
  ) );
#16305 = ADVANCED_FACE('',(#16306),#11970,.T.);
#16306 = FACE_BOUND('',#16307,.T.);
#16307 = EDGE_LOOP('',(#16308,#16309,#16310,#16311,#16312,#16313));
#16308 = ORIENTED_EDGE('',*,*,#11956,.F.);
#16309 = ORIENTED_EDGE('',*,*,#15823,.T.);
#16310 = ORIENTED_EDGE('',*,*,#15797,.T.);
#16311 = ORIENTED_EDGE('',*,*,#15718,.T.);
#16312 = ORIENTED_EDGE('',*,*,#15667,.F.);
#16313 = ORIENTED_EDGE('',*,*,#15618,.F.);
#16314 = ADVANCED_FACE('',(#16315),#12104,.T.);
#16315 = FACE_BOUND('',#16316,.T.);
#16316 = EDGE_LOOP('',(#16317,#16318,#16319,#16320,#16321,#16322));
#16317 = ORIENTED_EDGE('',*,*,#12090,.F.);
#16318 = ORIENTED_EDGE('',*,*,#16054,.T.);
#16319 = ORIENTED_EDGE('',*,*,#16028,.T.);
#16320 = ORIENTED_EDGE('',*,*,#15949,.T.);
#16321 = ORIENTED_EDGE('',*,*,#15898,.F.);
#16322 = ORIENTED_EDGE('',*,*,#15849,.F.);
#16323 = ADVANCED_FACE('',(#16324),#12238,.T.);
#16324 = FACE_BOUND('',#16325,.T.);
#16325 = EDGE_LOOP('',(#16326,#16327,#16328,#16329,#16330,#16331));
#16326 = ORIENTED_EDGE('',*,*,#12224,.F.);
#16327 = ORIENTED_EDGE('',*,*,#16285,.T.);
#16328 = ORIENTED_EDGE('',*,*,#16259,.T.);
#16329 = ORIENTED_EDGE('',*,*,#16180,.T.);
#16330 = ORIENTED_EDGE('',*,*,#16129,.F.);
#16331 = ORIENTED_EDGE('',*,*,#16080,.F.);
#16332 = ADVANCED_FACE('',(#16333),#12353,.T.);
#16333 = FACE_BOUND('',#16334,.F.);
#16334 = EDGE_LOOP('',(#16335,#16336,#16337));
#16335 = ORIENTED_EDGE('',*,*,#12338,.F.);
#16336 = ORIENTED_EDGE('',*,*,#15027,.T.);
#16337 = ORIENTED_EDGE('',*,*,#16338,.F.);
#16338 = EDGE_CURVE('',#12314,#15028,#16339,.T.);
#16339 = SURFACE_CURVE('',#16340,(#16345,#16352),.PCURVE_S1.);
#16340 = CIRCLE('',#16341,120.);
#16341 = AXIS2_PLACEMENT_3D('',#16342,#16343,#16344);
#16342 = CARTESIAN_POINT('',(-1.88E+03,140.,360.));
#16343 = DIRECTION('',(0.,1.,0.));
#16344 = DIRECTION('',(-1.,0.,2.368475785867E-16));
#16345 = PCURVE('',#12353,#16346);
#16346 = DEFINITIONAL_REPRESENTATION('',(#16347),#16351);
#16347 = LINE('',#16348,#16349);
#16348 = CARTESIAN_POINT('',(-0.,0.));
#16349 = VECTOR('',#16350,1.);
#16350 = DIRECTION('',(-1.,0.));
#16351 = ( GEOMETRIC_REPRESENTATION_CONTEXT(2) 
PARAMETRIC_REPRESENTATION_CONTEXT() REPRESENTATION_CONTEXT('2D SPACE',''
  ) );
#16352 = PCURVE('',#12407,#16353);
#16353 = DEFINITIONAL_REPRESENTATION('',(#16354),#16358);
#16354 = LINE('',#16355,#16356);
#16355 = CARTESIAN_POINT('',(0.,400.));
#16356 = VECTOR('',#16357,1.);
#16357 = DIRECTION('',(1.,0.));
#16358 = ( GEOMETRIC_REPRESENTATION_CONTEXT(2) 
PARAMETRIC_REPRESENTATION_CONTEXT() REPRESENTATION_CONTEXT('2D SPACE',''
  ) );
#16359 = ADVANCED_FACE('',(#16360),#12407,.T.);
#16360 = FACE_BOUND('',#16361,.T.);
#16361 = EDGE_LOOP('',(#16362,#16384,#16405,#16406));
#16362 = ORIENTED_EDGE('',*,*,#16363,.F.);
#16363 = EDGE_CURVE('',#14846,#12369,#16364,.T.);
#16364 = SURFACE_CURVE('',#16365,(#16370,#16377),.PCURVE_S1.);
#16365 = CIRCLE('',#16366,120.);
#16366 = AXIS2_PLACEMENT_3D('',#16367,#16368,#16369);
#16367 = CARTESIAN_POINT('',(-1.88E+03,-140.,360.));
#16368 = DIRECTION('',(0.,-1.,0.));
#16369 = DIRECTION('',(-1.,0.,0.));
#16370 = PCURVE('',#12407,#16371);
#16371 = DEFINITIONAL_REPRESENTATION('',(#16372),#16376);
#16372 = LINE('',#16373,#16374);
#16373 = CARTESIAN_POINT('',(6.28318530718,120.));
#16374 = VECTOR('',#16375,1.);
#16375 = DIRECTION('',(-1.,-0.));
#16376 = ( GEOMETRIC_REPRESENTATION_CONTEXT(2) 
PARAMETRIC_REPRESENTATION_CONTEXT() REPRESENTATION_CONTEXT('2D SPACE',''
  ) );
#16377 = PCURVE('',#12440,#16378);
#16378 = DEFINITIONAL_REPRESENTATION('',(#16379),#16383);
#16379 = LINE('',#16380,#16381);
#16380 = CARTESIAN_POINT('',(-0.,-6.28318530718));
#16381 = VECTOR('',#16382,1.);
#16382 = DIRECTION('',(-0.,1.));
#16383 = ( GEOMETRIC_REPRESENTATION_CONTEXT(2) 
PARAMETRIC_REPRESENTATION_CONTEXT() REPRESENTATION_CONTEXT('2D SPACE',''
  ) );
#16384 = ORIENTED_EDGE('',*,*,#16385,.T.);
#16385 = EDGE_CURVE('',#14846,#15028,#16386,.T.);
#16386 = SURFACE_CURVE('',#16387,(#16391,#16398),.PCURVE_S1.);
#16387 = LINE('',#16388,#16389);
#16388 = CARTESIAN_POINT('',(-1.88E+03,-260.,480.));
#16389 = VECTOR('',#16390,1.);
#16390 = DIRECTION('',(0.,1.,0.));
#16391 = PCURVE('',#12407,#16392);
#16392 = DEFINITIONAL_REPRESENTATION('',(#16393),#16397);
#16393 = LINE('',#16394,#16395);
#16394 = CARTESIAN_POINT('',(1.570796326795,0.));
#16395 = VECTOR('',#16396,1.);
#16396 = DIRECTION('',(0.,1.));
#16397 = ( GEOMETRIC_REPRESENTATION_CONTEXT(2) 
PARAMETRIC_REPRESENTATION_CONTEXT() REPRESENTATION_CONTEXT('2D SPACE',''
  ) );
#16398 = PCURVE('',#14885,#16399);
#16399 = DEFINITIONAL_REPRESENTATION('',(#16400),#16404);
#16400 = LINE('',#16401,#16402);
#16401 = CARTESIAN_POINT('',(120.,0.));
#16402 = VECTOR('',#16403,1.);
#16403 = DIRECTION('',(0.,1.));
#16404 = ( GEOMETRIC_REPRESENTATION_CONTEXT(2) 
PARAMETRIC_REPRESENTATION_CONTEXT() REPRESENTATION_CONTEXT('2D SPACE',''
  ) );
#16405 = ORIENTED_EDGE('',*,*,#16338,.F.);
#16406 = ORIENTED_EDGE('',*,*,#12393,.F.);
#16407 = ADVANCED_FACE('',(#16408),#12440,.T.);
#16408 = FACE_BOUND('',#16409,.F.);
#16409 = EDGE_LOOP('',(#16410,#16411,#16412));
#16410 = ORIENTED_EDGE('',*,*,#16363,.F.);
#16411 = ORIENTED_EDGE('',*,*,#14845,.T.);
#16412 = ORIENTED_EDGE('',*,*,#12425,.F.);
#16413 = ADVANCED_FACE('',(#16414),#12578,.F.);
#16414 = FACE_BOUND('',#16415,.F.);
#16415 = EDGE_LOOP('',(#16416,#16417,#16418,#16419,#16420,#16421));
#16416 = ORIENTED_EDGE('',*,*,#12564,.F.);
#16417 = ORIENTED_EDGE('',*,*,#14154,.T.);
#16418 = ORIENTED_EDGE('',*,*,#14203,.T.);
#16419 = ORIENTED_EDGE('',*,*,#14280,.T.);
#16420 = ORIENTED_EDGE('',*,*,#14333,.F.);
#16421 = ORIENTED_EDGE('',*,*,#14359,.F.);
#16422 = ADVANCED_FACE('',(#16423),#12712,.F.);
#16423 = FACE_BOUND('',#16424,.F.);
#16424 = EDGE_LOOP('',(#16425,#16426,#16427,#16428,#16429,#16430));
#16425 = ORIENTED_EDGE('',*,*,#12698,.F.);
#16426 = ORIENTED_EDGE('',*,*,#14385,.T.);
#16427 = ORIENTED_EDGE('',*,*,#14434,.T.);
#16428 = ORIENTED_EDGE('',*,*,#14511,.T.);
#16429 = ORIENTED_EDGE('',*,*,#14564,.F.);
#16430 = ORIENTED_EDGE('',*,*,#14590,.F.);
#16431 = ADVANCED_FACE('',(#16432),#12846,.F.);
#16432 = FACE_BOUND('',#16433,.F.);
#16433 = EDGE_LOOP('',(#16434,#16435,#16436,#16437,#16438,#16439));
#16434 = ORIENTED_EDGE('',*,*,#12832,.F.);
#16435 = ORIENTED_EDGE('',*,*,#14616,.T.);
#16436 = ORIENTED_EDGE('',*,*,#14665,.T.);
#16437 = ORIENTED_EDGE('',*,*,#14742,.T.);
#16438 = ORIENTED_EDGE('',*,*,#14795,.F.);
#16439 = ORIENTED_EDGE('',*,*,#14821,.F.);
#16440 = ADVANCED_FACE('',(#16441),#13048,.F.);
#16441 = FACE_BOUND('',#16442,.F.);
#16442 = EDGE_LOOP('',(#16443,#16444,#16445,#16446));
#16443 = ORIENTED_EDGE('',*,*,#13268,.F.);
#16444 = ORIENTED_EDGE('',*,*,#13032,.T.);
#16445 = ORIENTED_EDGE('',*,*,#13114,.T.);
#16446 = ORIENTED_EDGE('',*,*,#13214,.F.);
#16447 = ADVANCED_FACE('',(#16448),#13361,.F.);
#16448 = FACE_BOUND('',#16449,.F.);
#16449 = EDGE_LOOP('',(#16450,#16451,#16452,#16453));
#16450 = ORIENTED_EDGE('',*,*,#13581,.F.);
#16451 = ORIENTED_EDGE('',*,*,#13345,.T.);
#16452 = ORIENTED_EDGE('',*,*,#13427,.T.);
#16453 = ORIENTED_EDGE('',*,*,#13527,.F.);
#16454 = ADVANCED_FACE('',(#16455),#14885,.T.);
#16455 = FACE_BOUND('',#16456,.T.);
#16456 = EDGE_LOOP('',(#16457,#16458,#16459,#16460));
#16457 = ORIENTED_EDGE('',*,*,#16385,.F.);
#16458 = ORIENTED_EDGE('',*,*,#14869,.T.);
#16459 = ORIENTED_EDGE('',*,*,#14951,.T.);
#16460 = ORIENTED_EDGE('',*,*,#15051,.F.);
#16461 = ( GEOMETRIC_REPRESENTATION_CONTEXT(3) 
GLOBAL_UNCERTAINTY_ASSIGNED_CONTEXT((#16465)) 
GLOBAL_UNIT_ASSIGNED_CONTEXT((#16462,#16463,#16464)) 
REPRESENTATION_CONTEXT('Context #1',
  '3D Context with UNIT and UNCERTAINTY') );
#16462 = ( LENGTH_UNIT() NAMED_UNIT(*) SI_UNIT(.MILLI.,.METRE.) );
#16463 = ( NAMED_UNIT(*) PLANE_ANGLE_UNIT() SI_UNIT($,.RADIAN.) );
#16464 = ( NAMED_UNIT(*) SI_UNIT($,.STERADIAN.) SOLID_ANGLE_UNIT() );
#16465 = UNCERTAINTY_MEASURE_WITH_UNIT(LENGTH_MEASURE(1.E-07),#16462,
  'distance_accuracy_value','confusion accuracy');
#16466 = PRODUCT_RELATED_PRODUCT_CATEGORY('part',$,(#7));
ENDSEC;
END-ISO-10303-21;
