ISO-10303-21;
HEADER;
FILE_DESCRIPTION(('Open CASCADE Model'),'2;1');
FILE_NAME('Open CASCADE Shape Model','2026-09-20T19:28:57',('Author'),(
    'Open CASCADE'),'Open CASCADE STEP processor 7.9','Open CASCADE 7.9'
  ,'Unknown');
FILE_SCHEMA(('AUTOMOTIVE_DESIGN { 1 0 10303 214 1 1 1 1 }'));
ENDSEC;
DATA;
#1 = APPLICATION_PROTOCOL_DEFINITION('international standard',
  'automotive_design',2000,#2);
#2 = APPLICATION_CONTEXT(
  'core data for automotive mechanical design processes');
#3 = SHAPE_DEFINITION_REPRESENTATION(#4,#10);
#4 = PRODUCT_DEFINITION_SHAPE('','',#5);
#5 = PRODUCT_DEFINITION('design','',#6,#9);
#6 = PRODUCT_DEFINITION_FORMATION('','',#7);
#7 = PRODUCT('Open CASCADE STEP translator 7.9 1',
  'Open CASCADE STEP translator 7.9 1','',(#8));
#8 = PRODUCT_CONTEXT('',#2,'mechanical');
#9 = PRODUCT_DEFINITION_CONTEXT('part definition',#2,'design');
#10 = ADVANCED_BREP_SHAPE_REPRESENTATION('',(#11,#15),#12728);
#11 = AXIS2_PLACEMENT_3D('',#12,#13,#14);
#12 = CARTESIAN_POINT('',(0.,0.,0.));
#13 = DIRECTION('',(0.,0.,1.));
#14 = DIRECTION('',(1.,0.,-0.));
#15 = MANIFOLD_SOLID_BREP('',#16);
#16 = CLOSED_SHELL('',(#17,#8115,#8170,#8174,#8229,#8233,#8288,#8292,
    #8347,#8351,#8399,#8422,#8536,#8591,#8673,#8733,#8866,#8952,#9063,
    #9118,#9200,#9260,#9342,#9423,#9511,#9566,#9643,#9691,#9745,#9828,
    #9883,#9953,#10007,#10076,#10103,#10131,#10137,#10164,#10191,#10198,
    #10204,#10211,#10239,#10431,#10514,#10595,#10671,#10721,#10804,
    #10854,#10930,#11006,#11054,#11081,#11197,#11252,#11334,#11394,
    #11476,#11557,#11640,#11721,#11797,#11845,#11928,#11983,#12053,
    #12107,#12183,#12231,#12258,#12265,#12271,#12298,#12325,#12332,
    #12379,#12385,#12392,#12400,#12409,#12415,#12442,#12469,#12476,
    #12503,#12529,#12552,#12583,#12609,#12632,#12663,#12689,#12718,
    #12724));
#17 = ADVANCED_FACE('',(#18,#2715,#4076,#5386,#6805),#33,.T.);
#18 = FACE_BOUND('',#19,.T.);
#19 = EDGE_LOOP('',(#20,#151,#223,#224,#298,#512,#579,#835,#909,#1160,
    #1206,#1462,#1536,#1745,#1791,#2047,#2121,#2372,#2439,#2648));
#20 = ORIENTED_EDGE('',*,*,#21,.F.);
#21 = EDGE_CURVE('',#22,#24,#26,.T.);
#22 = VERTEX_POINT('',#23);
#23 = CARTESIAN_POINT('',(2.72E+03,0.,-450.));
#24 = VERTEX_POINT('',#25);
#25 = CARTESIAN_POINT('',(3.04E+03,0.,850.));
#26 = SEAM_CURVE('',#27,(#32,#144),.PCURVE_S1.);
#27 = B_SPLINE_CURVE_WITH_KNOTS('',3,(#28,#29,#30,#31),.UNSPECIFIED.,.F.
  ,.F.,(4,4),(0.,1.),.PIECEWISE_BEZIER_KNOTS.);
#28 = CARTESIAN_POINT('',(2.72E+03,0.,-450.));
#29 = CARTESIAN_POINT('',(5.106666666667E+03,-7.579122514774E-14,
    -466.6666666666));
#30 = CARTESIAN_POINT('',(3.653333333333E+03,-8.337034766252E-13,
    941.66666666666));
#31 = CARTESIAN_POINT('',(3.04E+03,-2.273736754432E-13,850.));
#32 = PCURVE('',#33,#138);
#33 = B_SPLINE_SURFACE_WITH_KNOTS('',13,3,(
    (#34,#35,#36,#37)
    ,(#38,#39,#40,#41)
    ,(#42,#43,#44,#45)
    ,(#46,#47,#48,#49)
    ,(#50,#51,#52,#53)
    ,(#54,#55,#56,#57)
    ,(#58,#59,#60,#61)
    ,(#62,#63,#64,#65)
    ,(#66,#67,#68,#69)
    ,(#70,#71,#72,#73)
    ,(#74,#75,#76,#77)
    ,(#78,#79,#80,#81)
    ,(#82,#83,#84,#85)
    ,(#86,#87,#88,#89)
    ,(#90,#91,#92,#93)
    ,(#94,#95,#96,#97)
    ,(#98,#99,#100,#101)
    ,(#102,#103,#104,#105)
    ,(#106,#107,#108,#109)
    ,(#110,#111,#112,#113)
    ,(#114,#115,#116,#117)
    ,(#118,#119,#120,#121)
    ,(#122,#123,#124,#125)
    ,(#126,#127,#128,#129)
    ,(#130,#131,#132,#133)
    ,(#134,#135,#136,#137
    )),.UNSPECIFIED.,.T.,.F.,.F.,(14,12,14),(4,4),(0.,0.5,1.),(0.,1.),
  .UNSPECIFIED.);
#34 = CARTESIAN_POINT('',(2.72E+03,0.,-450.));
#35 = CARTESIAN_POINT('',(5.106666666667E+03,-7.579122514774E-14,
    -466.6666666666));
#36 = CARTESIAN_POINT('',(3.653333333333E+03,-8.337034766252E-13,
    941.66666666666));
#37 = CARTESIAN_POINT('',(3.04E+03,-2.273736754432E-13,850.));
#38 = CARTESIAN_POINT('',(2.72E+03,188.49555921538,-450.));
#39 = CARTESIAN_POINT('',(5.106666666666E+03,500.23821484089,
    -466.6666666666));
#40 = CARTESIAN_POINT('',(3.653333333333E+03,333.49214322661,
    941.66666666666));
#41 = CARTESIAN_POINT('',(3.04E+03,275.49350962256,850.));
#42 = CARTESIAN_POINT('',(2.547914586393E+03,376.99111850696,-450.));
#43 = CARTESIAN_POINT('',(4.783584746494E+03,1.000476429884E+03,
    -466.6666666666));
#44 = CARTESIAN_POINT('',(3.422199010194E+03,666.98428659189,
    941.66666666666));
#45 = CARTESIAN_POINT('',(2.847669243616E+03,550.987019356,850.));
#46 = CARTESIAN_POINT('',(2.203743792298E+03,551.39291491742,-450.));
#47 = CARTESIAN_POINT('',(4.137420890338E+03,1.463311966513E+03,
    -466.6666666666));
#48 = CARTESIAN_POINT('',(2.959930343661E+03,975.54131100067,
    941.66666666666));
#49 = CARTESIAN_POINT('',(2.463007767863E+03,805.8819525723,850.));
#50 = CARTESIAN_POINT('',(1.702927603538E+03,697.6071908487,-450.));
#51 = CARTESIAN_POINT('',(3.197163268531E+03,1.851342160327E+03,
    -466.6666666666));
#52 = CARTESIAN_POINT('',(2.287265647614E+03,1.2342281069E+03,
    941.66666666666));
#53 = CARTESIAN_POINT('',(1.903272027483E+03,1.01957974047E+03,850.));
#54 = CARTESIAN_POINT('',(1.076346722042E+03,803.08572168772,-450.));
#55 = CARTESIAN_POINT('',(2.020787862798E+03,2.131265953713E+03,
    -466.6666666666));
#56 = CARTESIAN_POINT('',(1.445681094547E+03,1.420843969119E+03,
    941.66666666666));
#57 = CARTESIAN_POINT('',(1.202975748165E+03,1.17374067016E+03,850.));
#58 = CARTESIAN_POINT('',(368.20418507957,858.37145195128,-450.));
#59 = CARTESIAN_POINT('',(691.28579445716,2.277985776328E+03,
    -466.6666666666));
#60 = CARTESIAN_POINT('',(494.54916201064,1.518657184246E+03,
    941.66666666666));
#61 = CARTESIAN_POINT('',(411.52232450051,1.254542891313E+03,850.));
#62 = CARTESIAN_POINT('',(-368.2041850798,858.37145195122,-450.));
#63 = CARTESIAN_POINT('',(-691.2857944558,2.277985776337E+03,
    -466.6666666666));
#64 = CARTESIAN_POINT('',(-494.5491620101,1.518657184198E+03,
    941.66666666666));
#65 = CARTESIAN_POINT('',(-411.5223245011,1.254542891313E+03,850.));
#66 = CARTESIAN_POINT('',(-1.076346722042E+03,803.0857216877,-450.));
#67 = CARTESIAN_POINT('',(-2.020787862801E+03,2.131265953706E+03,
    -466.6666666666));
#68 = CARTESIAN_POINT('',(-1.445681094548E+03,1.420843969158E+03,
    941.66666666666));
#69 = CARTESIAN_POINT('',(-1.202975748164E+03,1.17374067016E+03,850.));
#70 = CARTESIAN_POINT('',(-1.702927603539E+03,697.60719084877,-450.));
#71 = CARTESIAN_POINT('',(-3.197163268528E+03,1.851342160332E+03,
    -466.6666666666));
#72 = CARTESIAN_POINT('',(-2.287265647613E+03,1.234228106876E+03,
    941.66666666666));
#73 = CARTESIAN_POINT('',(-1.903272027485E+03,1.01957974047E+03,850.));
#74 = CARTESIAN_POINT('',(-2.203743792297E+03,551.39291491735,-450.));
#75 = CARTESIAN_POINT('',(-4.137420890341E+03,1.46331196651E+03,
    -466.6666666666));
#76 = CARTESIAN_POINT('',(-2.959930343662E+03,975.5413110126,
    941.66666666666));
#77 = CARTESIAN_POINT('',(-2.463007767861E+03,805.88195257207,850.));
#78 = CARTESIAN_POINT('',(-2.547914586394E+03,376.99111850697,-450.));
#79 = CARTESIAN_POINT('',(-4.783584746492E+03,1.000476429884E+03,
    -466.6666666666));
#80 = CARTESIAN_POINT('',(-3.422199010193E+03,666.9842865877,
    941.66666666666));
#81 = CARTESIAN_POINT('',(-2.847669243617E+03,550.98701935612,850.));
#82 = CARTESIAN_POINT('',(-2.72E+03,188.4955592154,-450.));
#83 = CARTESIAN_POINT('',(-5.106666666667E+03,500.23821484072,
    -466.6666666666));
#84 = CARTESIAN_POINT('',(-3.653333333333E+03,333.49214322743,
    941.66666666666));
#85 = CARTESIAN_POINT('',(-3.04E+03,275.49350962256,850.));
#86 = CARTESIAN_POINT('',(-2.72E+03,-188.4955592154,-450.));
#87 = CARTESIAN_POINT('',(-5.106666666666E+03,-500.2382148407,
    -466.6666666666));
#88 = CARTESIAN_POINT('',(-3.653333333333E+03,-333.4921432272,
    941.66666666666));
#89 = CARTESIAN_POINT('',(-3.04E+03,-275.4935096226,850.));
#90 = CARTESIAN_POINT('',(-2.547914586393E+03,-376.9911185065,-450.));
#91 = CARTESIAN_POINT('',(-4.783584746493E+03,-1.000476429884E+03,
    -466.6666666666));
#92 = CARTESIAN_POINT('',(-3.422199010195E+03,-666.9842865893,
    941.66666666666));
#93 = CARTESIAN_POINT('',(-2.847669243616E+03,-550.9870193557,850.));
#94 = CARTESIAN_POINT('',(-2.203743792298E+03,-551.3929149183,-450.));
#95 = CARTESIAN_POINT('',(-4.137420890339E+03,-1.463311966511E+03,
    -466.6666666666));
#96 = CARTESIAN_POINT('',(-2.959930343659E+03,-975.5413110073,
    941.66666666666));
#97 = CARTESIAN_POINT('',(-2.463007767862E+03,-805.8819525729,850.));
#98 = CARTESIAN_POINT('',(-1.702927603537E+03,-697.6071908473,-450.));
#99 = CARTESIAN_POINT('',(-3.197163268531E+03,-1.85134216033E+03,
    -466.6666666666));
#100 = CARTESIAN_POINT('',(-2.28726564762E+03,-1.234228106887E+03,
    941.66666666666));
#101 = CARTESIAN_POINT('',(-1.903272027483E+03,-1.019579740469E+03,850.)
  );
#102 = CARTESIAN_POINT('',(-1.076346722043E+03,-803.0857216889,-450.));
#103 = CARTESIAN_POINT('',(-2.020787862798E+03,-2.13126595371E+03,
    -466.6666666666));
#104 = CARTESIAN_POINT('',(-1.445681094539E+03,-1.420843969139E+03,
    941.66666666666));
#105 = CARTESIAN_POINT('',(-1.202975748165E+03,-1.173740670161E+03,850.)
  );
#106 = CARTESIAN_POINT('',(-368.2041850793,-858.3714519508,-450.));
#107 = CARTESIAN_POINT('',(-691.2857944569,-2.27798577633E+03,
    -466.6666666666));
#108 = CARTESIAN_POINT('',(-494.5491620203,-1.518657184222E+03,
    941.66666666666));
#109 = CARTESIAN_POINT('',(-411.5223245004,-1.254542891313E+03,850.));
#110 = CARTESIAN_POINT('',(368.20418507995,-858.3714519506,-450.));
#111 = CARTESIAN_POINT('',(691.28579445663,-2.277985776336E+03,
    -466.6666666666));
#112 = CARTESIAN_POINT('',(494.54916201958,-1.518657184222E+03,
    941.66666666666));
#113 = CARTESIAN_POINT('',(411.52232450111,-1.254542891312E+03,850.));
#114 = CARTESIAN_POINT('',(1.076346722041E+03,-803.0857216889,-450.));
#115 = CARTESIAN_POINT('',(2.020787862799E+03,-2.131265953706E+03,
    -466.6666666666));
#116 = CARTESIAN_POINT('',(1.445681094541E+03,-1.420843969139E+03,
    941.66666666666));
#117 = CARTESIAN_POINT('',(1.202975748164E+03,-1.173740670161E+03,850.)
  );
#118 = CARTESIAN_POINT('',(1.702927603539E+03,-697.6071908475,-450.));
#119 = CARTESIAN_POINT('',(3.19716326853E+03,-1.851342160332E+03,
    -466.6666666666));
#120 = CARTESIAN_POINT('',(2.287265647618E+03,-1.234228106887E+03,
    941.66666666666));
#121 = CARTESIAN_POINT('',(1.903272027485E+03,-1.019579740469E+03,850.)
  );
#122 = CARTESIAN_POINT('',(2.203743792297E+03,-551.3929149181,-450.));
#123 = CARTESIAN_POINT('',(4.137420890339E+03,-1.46331196651E+03,
    -466.6666666666));
#124 = CARTESIAN_POINT('',(2.95993034366E+03,-975.5413110069,
    941.66666666666));
#125 = CARTESIAN_POINT('',(2.463007767861E+03,-805.8819525728,850.));
#126 = CARTESIAN_POINT('',(2.547914586394E+03,-376.9911185066,-450.));
#127 = CARTESIAN_POINT('',(4.783584746493E+03,-1.000476429885E+03,
    -466.6666666666));
#128 = CARTESIAN_POINT('',(3.422199010194E+03,-666.9842865896,
    941.66666666666));
#129 = CARTESIAN_POINT('',(2.847669243617E+03,-550.9870193558,850.));
#130 = CARTESIAN_POINT('',(2.72E+03,-188.4955592154,-450.));
#131 = CARTESIAN_POINT('',(5.106666666666E+03,-500.2382148406,
    -466.6666666666));
#132 = CARTESIAN_POINT('',(3.653333333333E+03,-333.4921432271,
    941.66666666666));
#133 = CARTESIAN_POINT('',(3.04E+03,-275.4935096226,850.));
#134 = CARTESIAN_POINT('',(2.72E+03,1.136868377216E-13,-450.));
#135 = CARTESIAN_POINT('',(5.106666666667E+03,-1.862656727244E-12,
    -466.6666666666));
#136 = CARTESIAN_POINT('',(3.653333333333E+03,9.153203840204E-13,
    941.66666666666));
#137 = CARTESIAN_POINT('',(3.04E+03,-4.547473508865E-13,850.));
#138 = DEFINITIONAL_REPRESENTATION('',(#139),#143);
#139 = LINE('',#140,#141);
#140 = CARTESIAN_POINT('',(0.,0.));
#141 = VECTOR('',#142,1.);
#142 = DIRECTION('',(0.,1.));
#143 = ( GEOMETRIC_REPRESENTATION_CONTEXT(2) 
PARAMETRIC_REPRESENTATION_CONTEXT() REPRESENTATION_CONTEXT('2D SPACE',''
  ) );
#144 = PCURVE('',#33,#145);
#145 = DEFINITIONAL_REPRESENTATION('',(#146),#150);
#146 = LINE('',#147,#148);
#147 = CARTESIAN_POINT('',(1.,0.));
#148 = VECTOR('',#149,1.);
#149 = DIRECTION('',(0.,1.));
#150 = ( GEOMETRIC_REPRESENTATION_CONTEXT(2) 
PARAMETRIC_REPRESENTATION_CONTEXT() REPRESENTATION_CONTEXT('2D SPACE',''
  ) );
#151 = ORIENTED_EDGE('',*,*,#152,.T.);
#152 = EDGE_CURVE('',#22,#22,#153,.T.);
#153 = SURFACE_CURVE('',#154,(#181,#188),.PCURVE_S1.);
#154 = B_SPLINE_CURVE_WITH_KNOTS('',13,(#155,#156,#157,#158,#159,#160,
    #161,#162,#163,#164,#165,#166,#167,#168,#169,#170,#171,#172,#173,
    #174,#175,#176,#177,#178,#179,#180),.UNSPECIFIED.,.T.,.F.,(14,12,14)
  ,(0.,0.5,1.),.UNSPECIFIED.);
#155 = CARTESIAN_POINT('',(2.72E+03,0.,-450.));
#156 = CARTESIAN_POINT('',(2.72E+03,188.49555921538,-450.));
#157 = CARTESIAN_POINT('',(2.547914586393E+03,376.99111850696,-450.));
#158 = CARTESIAN_POINT('',(2.203743792298E+03,551.39291491742,-450.));
#159 = CARTESIAN_POINT('',(1.702927603538E+03,697.6071908487,-450.));
#160 = CARTESIAN_POINT('',(1.076346722042E+03,803.08572168772,-450.));
#161 = CARTESIAN_POINT('',(368.20418507957,858.37145195128,-450.));
#162 = CARTESIAN_POINT('',(-368.2041850798,858.37145195122,-450.));
#163 = CARTESIAN_POINT('',(-1.076346722042E+03,803.0857216877,-450.));
#164 = CARTESIAN_POINT('',(-1.702927603539E+03,697.60719084877,-450.));
#165 = CARTESIAN_POINT('',(-2.203743792297E+03,551.39291491735,-450.));
#166 = CARTESIAN_POINT('',(-2.547914586394E+03,376.99111850697,-450.));
#167 = CARTESIAN_POINT('',(-2.72E+03,188.4955592154,-450.));
#168 = CARTESIAN_POINT('',(-2.72E+03,-188.4955592154,-450.));
#169 = CARTESIAN_POINT('',(-2.547914586393E+03,-376.9911185065,-450.));
#170 = CARTESIAN_POINT('',(-2.203743792298E+03,-551.3929149183,-450.));
#171 = CARTESIAN_POINT('',(-1.702927603537E+03,-697.6071908473,-450.));
#172 = CARTESIAN_POINT('',(-1.076346722043E+03,-803.0857216889,-450.));
#173 = CARTESIAN_POINT('',(-368.2041850793,-858.3714519508,-450.));
#174 = CARTESIAN_POINT('',(368.20418507995,-858.3714519506,-450.));
#175 = CARTESIAN_POINT('',(1.076346722041E+03,-803.0857216889,-450.));
#176 = CARTESIAN_POINT('',(1.702927603539E+03,-697.6071908475,-450.));
#177 = CARTESIAN_POINT('',(2.203743792297E+03,-551.3929149181,-450.));
#178 = CARTESIAN_POINT('',(2.547914586394E+03,-376.9911185066,-450.));
#179 = CARTESIAN_POINT('',(2.72E+03,-188.4955592154,-450.));
#180 = CARTESIAN_POINT('',(2.72E+03,1.136868377216E-13,-450.));
#181 = PCURVE('',#33,#182);
#182 = DEFINITIONAL_REPRESENTATION('',(#183),#187);
#183 = LINE('',#184,#185);
#184 = CARTESIAN_POINT('',(0.,0.));
#185 = VECTOR('',#186,1.);
#186 = DIRECTION('',(1.,0.));
#187 = ( GEOMETRIC_REPRESENTATION_CONTEXT(2) 
PARAMETRIC_REPRESENTATION_CONTEXT() REPRESENTATION_CONTEXT('2D SPACE',''
  ) );
#188 = PCURVE('',#189,#194);
#189 = PLANE('',#190);
#190 = AXIS2_PLACEMENT_3D('',#191,#192,#193);
#191 = CARTESIAN_POINT('',(2.72E+03,0.,-450.));
#192 = DIRECTION('',(-0.,0.,-1.));
#193 = DIRECTION('',(-0.999837288143,-1.803877045171E-02,0.));
#194 = DEFINITIONAL_REPRESENTATION('',(#195),#222);
#195 = B_SPLINE_CURVE_WITH_KNOTS('',13,(#196,#197,#198,#199,#200,#201,
    #202,#203,#204,#205,#206,#207,#208,#209,#210,#211,#212,#213,#214,
    #215,#216,#217,#218,#219,#220,#221),.UNSPECIFIED.,.F.,.F.,(14,12,14)
  ,(0.,0.5,1.),.UNSPECIFIED.);
#196 = CARTESIAN_POINT('',(0.,0.));
#197 = CARTESIAN_POINT('',(-3.40022812395,188.46488875285));
#198 = CARTESIAN_POINT('',(165.25695702021,380.03398685602));
#199 = CARTESIAN_POINT('',(506.22575647472,560.61582397715));
#200 = CARTESIAN_POINT('',(1.004322930743E+03,715.84041737958));
#201 = CARTESIAN_POINT('',(1.628899157093E+03,832.60453430167));
#202 = CARTESIAN_POINT('',(2.335929184271E+03,900.65528959274));
#203 = CARTESIAN_POINT('',(3.072217732057E+03,913.93919114071));
#204 = CARTESIAN_POINT('',(3.781242332429E+03,871.43647719239));
#205 = CARTESIAN_POINT('',(4.409623964792E+03,777.27785765186));
#206 = CARTESIAN_POINT('',(4.912996190579E+03,640.12148078436));
#207 = CARTESIAN_POINT('',(5.260256977978E+03,471.95647956508));
#208 = CARTESIAN_POINT('',(5.435714619373E+03,286.59580001018));
#209 = CARTESIAN_POINT('',(5.44251507562E+03,-90.33397749561));
#210 = CARTESIAN_POINT('',(5.273857890476E+03,-281.9030755983));
#211 = CARTESIAN_POINT('',(4.932889091022E+03,-462.4849127207));
#212 = CARTESIAN_POINT('',(4.434791916754E+03,-617.7095061209));
#213 = CARTESIAN_POINT('',(3.810215690403E+03,-734.4736230455));
#214 = CARTESIAN_POINT('',(3.103185663225E+03,-802.5243783349));
#215 = CARTESIAN_POINT('',(2.366897115439E+03,-815.8082798828));
#216 = CARTESIAN_POINT('',(1.657872515068E+03,-773.3055659362));
#217 = CARTESIAN_POINT('',(1.029490882704E+03,-679.1469463933));
#218 = CARTESIAN_POINT('',(526.11865691751,-541.9905695277));
#219 = CARTESIAN_POINT('',(178.85786951787,-373.8255683074));
#220 = CARTESIAN_POINT('',(3.4002281239,-188.4648887529));
#221 = CARTESIAN_POINT('',(-4.547473508865E-13,1.06581410364E-13));
#222 = ( GEOMETRIC_REPRESENTATION_CONTEXT(2) 
PARAMETRIC_REPRESENTATION_CONTEXT() REPRESENTATION_CONTEXT('2D SPACE',''
  ) );
#223 = ORIENTED_EDGE('',*,*,#21,.T.);
#224 = ORIENTED_EDGE('',*,*,#225,.F.);
#225 = EDGE_CURVE('',#226,#24,#228,.T.);
#226 = VERTEX_POINT('',#227);
#227 = CARTESIAN_POINT('',(2.938442887702E+03,-292.2001818614,850.));
#228 = SURFACE_CURVE('',#229,(#256,#263),.PCURVE_S1.);
#229 = B_SPLINE_CURVE_WITH_KNOTS('',13,(#230,#231,#232,#233,#234,#235,
    #236,#237,#238,#239,#240,#241,#242,#243,#244,#245,#246,#247,#248,
    #249,#250,#251,#252,#253,#254,#255),.UNSPECIFIED.,.T.,.F.,(14,12,14)
  ,(0.,0.5,1.),.UNSPECIFIED.);
#230 = CARTESIAN_POINT('',(3.04E+03,-2.273736754432E-13,850.));
#231 = CARTESIAN_POINT('',(3.04E+03,275.49350962256,850.));
#232 = CARTESIAN_POINT('',(2.847669243616E+03,550.987019356,850.));
#233 = CARTESIAN_POINT('',(2.463007767863E+03,805.8819525723,850.));
#234 = CARTESIAN_POINT('',(1.903272027483E+03,1.01957974047E+03,850.));
#235 = CARTESIAN_POINT('',(1.202975748165E+03,1.17374067016E+03,850.));
#236 = CARTESIAN_POINT('',(411.52232450051,1.254542891313E+03,850.));
#237 = CARTESIAN_POINT('',(-411.5223245011,1.254542891313E+03,850.));
#238 = CARTESIAN_POINT('',(-1.202975748164E+03,1.17374067016E+03,850.));
#239 = CARTESIAN_POINT('',(-1.903272027485E+03,1.01957974047E+03,850.));
#240 = CARTESIAN_POINT('',(-2.463007767861E+03,805.88195257207,850.));
#241 = CARTESIAN_POINT('',(-2.847669243617E+03,550.98701935612,850.));
#242 = CARTESIAN_POINT('',(-3.04E+03,275.49350962256,850.));
#243 = CARTESIAN_POINT('',(-3.04E+03,-275.4935096226,850.));
#244 = CARTESIAN_POINT('',(-2.847669243616E+03,-550.9870193557,850.));
#245 = CARTESIAN_POINT('',(-2.463007767862E+03,-805.8819525729,850.));
#246 = CARTESIAN_POINT('',(-1.903272027483E+03,-1.019579740469E+03,850.)
  );
#247 = CARTESIAN_POINT('',(-1.202975748165E+03,-1.173740670161E+03,850.)
  );
#248 = CARTESIAN_POINT('',(-411.5223245004,-1.254542891313E+03,850.));
#249 = CARTESIAN_POINT('',(411.52232450111,-1.254542891312E+03,850.));
#250 = CARTESIAN_POINT('',(1.202975748164E+03,-1.173740670161E+03,850.)
  );
#251 = CARTESIAN_POINT('',(1.903272027485E+03,-1.019579740469E+03,850.)
  );
#252 = CARTESIAN_POINT('',(2.463007767861E+03,-805.8819525728,850.));
#253 = CARTESIAN_POINT('',(2.847669243617E+03,-550.9870193558,850.));
#254 = CARTESIAN_POINT('',(3.04E+03,-275.4935096226,850.));
#255 = CARTESIAN_POINT('',(3.04E+03,-4.547473508865E-13,850.));
#256 = PCURVE('',#33,#257);
#257 = DEFINITIONAL_REPRESENTATION('',(#258),#262);
#258 = LINE('',#259,#260);
#259 = CARTESIAN_POINT('',(0.,1.));
#260 = VECTOR('',#261,1.);
#261 = DIRECTION('',(1.,0.));
#262 = ( GEOMETRIC_REPRESENTATION_CONTEXT(2) 
PARAMETRIC_REPRESENTATION_CONTEXT() REPRESENTATION_CONTEXT('2D SPACE',''
  ) );
#263 = PCURVE('',#264,#269);
#264 = PLANE('',#265);
#265 = AXIS2_PLACEMENT_3D('',#266,#267,#268);
#266 = CARTESIAN_POINT('',(3.04E+03,-2.273736754432E-13,850.));
#267 = DIRECTION('',(-0.,0.,-1.));
#268 = DIRECTION('',(-0.999721801305,-2.358643667894E-02,0.));
#269 = DEFINITIONAL_REPRESENTATION('',(#270),#297);
#270 = B_SPLINE_CURVE_WITH_KNOTS('',13,(#271,#272,#273,#274,#275,#276,
    #277,#278,#279,#280,#281,#282,#283,#284,#285,#286,#287,#288,#289,
    #290,#291,#292,#293,#294,#295,#296),.UNSPECIFIED.,.F.,.F.,(14,12,14)
  ,(0.,0.5,1.),.UNSPECIFIED.);
#271 = CARTESIAN_POINT('',(0.,0.));
#272 = CARTESIAN_POINT('',(-6.497910220315,275.41686768774));
#273 = CARTESIAN_POINT('',(179.28142977556,555.3701326932));
#274 = CARTESIAN_POINT('',(557.82383000626,819.26694801243));
#275 = CARTESIAN_POINT('',(1.112363483291E+03,1.046107457062E+03));
#276 = CARTESIAN_POINT('',(1.808828834091E+03,1.216742993231E+03));
#277 = CARTESIAN_POINT('',(2.598156239974E+03,1.316190301373E+03));
#278 = CARTESIAN_POINT('',(3.420971919028E+03,1.335602991871E+03));
#279 = CARTESIAN_POINT('',(4.214110997854E+03,1.273490815852E+03));
#280 = CARTESIAN_POINT('',(4.917848562671E+03,1.13589026738E+03));
#281 = CARTESIAN_POINT('',(5.482468954637E+03,935.45410152506));
#282 = CARTESIAN_POINT('',(5.873035481274E+03,689.70287328758));
#283 = CARTESIAN_POINT('',(6.071810641715E+03,418.82240269572));
#284 = CARTESIAN_POINT('',(6.084806462155E+03,-132.0113326798));
#285 = CARTESIAN_POINT('',(5.89902712216E+03,-411.9645976849));
#286 = CARTESIAN_POINT('',(5.520484721929E+03,-675.8614130051));
#287 = CARTESIAN_POINT('',(4.965945068644E+03,-902.7019220529));
#288 = CARTESIAN_POINT('',(4.269479717844E+03,-1.073337458224E+03));
#289 = CARTESIAN_POINT('',(3.480152311961E+03,-1.172784766365E+03));
#290 = CARTESIAN_POINT('',(2.657336632907E+03,-1.192197456862E+03));
#291 = CARTESIAN_POINT('',(1.864197554081E+03,-1.130085280845E+03));
#292 = CARTESIAN_POINT('',(1.160459989265E+03,-992.4847323712));
#293 = CARTESIAN_POINT('',(595.8395972977,-792.0485665178));
#294 = CARTESIAN_POINT('',(205.27307066084,-546.2973382793));
#295 = CARTESIAN_POINT('',(6.497910220203,-275.4168676877));
#296 = CARTESIAN_POINT('',(9.094947017729E-13,-1.989519660128E-13));
#297 = ( GEOMETRIC_REPRESENTATION_CONTEXT(2) 
PARAMETRIC_REPRESENTATION_CONTEXT() REPRESENTATION_CONTEXT('2D SPACE',''
  ) );
#298 = ORIENTED_EDGE('',*,*,#299,.T.);
#299 = EDGE_CURVE('',#226,#300,#302,.T.);
#300 = VERTEX_POINT('',#301);
#301 = CARTESIAN_POINT('',(2.875E+03,-623.4782122502,815.));
#302 = SURFACE_CURVE('',#303,(#369,#438),.PCURVE_S1.);
#303 = B_SPLINE_CURVE_WITH_KNOTS('',8,(#304,#305,#306,#307,#308,#309,
    #310,#311,#312,#313,#314,#315,#316,#317,#318,#319,#320,#321,#322,
    #323,#324,#325,#326,#327,#328,#329,#330,#331,#332,#333,#334,#335,
    #336,#337,#338,#339,#340,#341,#342,#343,#344,#345,#346,#347,#348,
    #349,#350,#351,#352,#353,#354,#355,#356,#357,#358,#359,#360,#361,
    #362,#363,#364,#365,#366,#367,#368),.UNSPECIFIED.,.F.,.F.,(9,7,7,7,7
    ,7,7,7,7,9),(0.,0.211343279147,0.414660529507,0.617549837488,
    0.723331063944,0.839551179349,0.89068878125,0.92024517852,
    0.957208585576,1.),.UNSPECIFIED.);
#304 = CARTESIAN_POINT('',(2.938442887702E+03,-292.2001818614,850.));
#305 = CARTESIAN_POINT('',(2.939078006032E+03,-301.1911295254,
    851.00734352126));
#306 = CARTESIAN_POINT('',(2.939602222748E+03,-310.1934178953,
    851.87930576439));
#307 = CARTESIAN_POINT('',(2.940029827649E+03,-319.204765133,
    852.61787789313));
#308 = CARTESIAN_POINT('',(2.940369814541E+03,-328.2231857111,
    853.22267266343));
#309 = CARTESIAN_POINT('',(2.940628501791E+03,-337.2468786528,
    853.69250908379));
#310 = CARTESIAN_POINT('',(2.940809768648E+03,-346.2742113926,
    854.02575404251));
#311 = CARTESIAN_POINT('',(2.940915490067E+03,-355.3036907787,
    854.22078612678));
#312 = CARTESIAN_POINT('',(2.940974419646E+03,-373.0212855889,
    854.32956921654));
#313 = CARTESIAN_POINT('',(2.940933267319E+03,-381.7091005314,
    854.25371981741));
#314 = CARTESIAN_POINT('',(2.940821951155E+03,-390.396004751,
    854.04747154308));
#315 = CARTESIAN_POINT('',(2.94063866239E+03,-399.0805070599,
    853.7098508422));
#316 = CARTESIAN_POINT('',(2.940379952738E+03,-407.7610266405,
    853.2403746311));
#317 = CARTESIAN_POINT('',(2.940040710473E+03,-416.4358969408,
    852.63925054705));
#318 = CARTESIAN_POINT('',(2.939614073246E+03,-425.1033682598,
    851.90755021858));
#319 = CARTESIAN_POINT('',(2.938569608161E+03,-442.4016263419,
    850.1890235062));
#320 = CARTESIAN_POINT('',(2.937952199702E+03,-451.0321938614,
    849.20276302901));
#321 = CARTESIAN_POINT('',(2.937230367708E+03,-459.6516805837,
    848.09068910601));
#322 = CARTESIAN_POINT('',(2.936393535356E+03,-468.2581058151,
    846.85593071457));
#323 = CARTESIAN_POINT('',(2.935429133801E+03,-476.8491477438,
    845.50285437833));
#324 = CARTESIAN_POINT('',(2.934322318657E+03,-485.4221431509,
    844.03728713122));
#325 = CARTESIAN_POINT('',(2.933055652339E+03,-493.9740845253,
    842.46671832306));
#326 = CARTESIAN_POINT('',(2.930852877391E+03,-506.9475982633,
    839.93224242748));
#327 = CARTESIAN_POINT('',(2.930048746004E+03,-511.3868564761,
    839.03778371055));
#328 = CARTESIAN_POINT('',(2.929192348267E+03,-515.8188766452,
    838.11880121892));
#329 = CARTESIAN_POINT('',(2.928280385137E+03,-520.2430680386,
    837.17684199577));
#330 = CARTESIAN_POINT('',(2.927309232873E+03,-524.6587264641,
    836.21365518751));
#331 = CARTESIAN_POINT('',(2.926274885586E+03,-529.0650310213,
    835.23122031229));
#332 = CARTESIAN_POINT('',(2.925172851352E+03,-533.4610373843,
    834.23179045318));
#333 = CARTESIAN_POINT('',(2.922707131252E+03,-542.6629833108,
    832.10408830463));
#334 = CARTESIAN_POINT('',(2.921328479394E+03,-547.466106349,
    830.97294079494));
#335 = CARTESIAN_POINT('',(2.919855079986E+03,-552.2539975071,
    829.82788063719));
#336 = CARTESIAN_POINT('',(2.918279093695E+03,-557.02494067,
    828.6728755232));
#337 = CARTESIAN_POINT('',(2.91659157828E+03,-561.7765213241,
    827.5126229497));
#338 = CARTESIAN_POINT('',(2.914781949677E+03,-566.5055551203,
    826.35279276554));
#339 = CARTESIAN_POINT('',(2.912837514216E+03,-571.2080309342,
    825.20024171943));
#340 = CARTESIAN_POINT('',(2.909818703252E+03,-577.9339559938,
    823.56387446707));
#341 = CARTESIAN_POINT('',(2.90886690966E+03,-579.9828711833,
    823.06702933221));
#342 = CARTESIAN_POINT('',(2.907884295331E+03,-582.0250877043,
    822.57410668797));
#343 = CARTESIAN_POINT('',(2.906869275612E+03,-584.060044278,
    822.08596130761));
#344 = CARTESIAN_POINT('',(2.905820098194E+03,-586.0870604476,
    821.60355721128));
#345 = CARTESIAN_POINT('',(2.904734804522E+03,-588.1053286798,
    821.12798510569));
#346 = CARTESIAN_POINT('',(2.903611161328E+03,-590.1139000583,
    820.66049083942));
#347 = CARTESIAN_POINT('',(2.90177340999E+03,-593.2663177379,
    819.93782988942));
#348 = CARTESIAN_POINT('',(2.901086603945E+03,-594.4173460261,
    819.67632267501));
#349 = CARTESIAN_POINT('',(2.900385612517E+03,-595.5645261932,
    819.41828271175));
#350 = CARTESIAN_POINT('',(2.899669893092E+03,-596.7076072805,
    819.16401661059));
#351 = CARTESIAN_POINT('',(2.898938861607E+03,-597.846302714,
    818.91386005823));
#352 = CARTESIAN_POINT('',(2.89819188345E+03,-598.9802878425,
    818.66818182154));
#353 = CARTESIAN_POINT('',(2.897428260454E+03,-600.1091963737,
    818.42738928083));
#354 = CARTESIAN_POINT('',(2.895670432518E+03,-602.6375706446,
    817.89747557726));
#355 = CARTESIAN_POINT('',(2.894666461756E+03,-604.0338522823,
    817.61138400754));
#356 = CARTESIAN_POINT('',(2.893633730234E+03,-605.4207309102,
    817.33452983583));
#357 = CARTESIAN_POINT('',(2.892570535859E+03,-606.7972570904,
    817.06791744311));
#358 = CARTESIAN_POINT('',(2.891474997518E+03,-608.1622439946,
    816.81271044457));
#359 = CARTESIAN_POINT('',(2.89034500577E+03,-609.5142498741,
    816.57025545416));
#360 = CARTESIAN_POINT('',(2.889178119861E+03,-610.8515410612,
    816.34212809068));
#361 = CARTESIAN_POINT('',(2.886574327043E+03,-613.700689538,
    815.88490822078));
#362 = CARTESIAN_POINT('',(2.885124873995E+03,-615.2057086302,
    815.66151443289));
#363 = CARTESIAN_POINT('',(2.88361752975E+03,-616.6849501451,
    815.46275205103));
#364 = CARTESIAN_POINT('',(2.882046705951E+03,-618.1343660112,
    815.2921797563));
#365 = CARTESIAN_POINT('',(2.880406658555E+03,-619.5479732488,
    815.15424420919));
#366 = CARTESIAN_POINT('',(2.878690956843E+03,-620.9175223736,
    815.05456758425));
#367 = CARTESIAN_POINT('',(2.876892363955E+03,-622.2324464742,815.));
#368 = CARTESIAN_POINT('',(2.875E+03,-623.4782122502,815.));
#369 = PCURVE('',#33,#370);
#370 = DEFINITIONAL_REPRESENTATION('',(#371),#437);
#371 = B_SPLINE_CURVE_WITH_KNOTS('',8,(#372,#373,#374,#375,#376,#377,
    #378,#379,#380,#381,#382,#383,#384,#385,#386,#387,#388,#389,#390,
    #391,#392,#393,#394,#395,#396,#397,#398,#399,#400,#401,#402,#403,
    #404,#405,#406,#407,#408,#409,#410,#411,#412,#413,#414,#415,#416,
    #417,#418,#419,#420,#421,#422,#423,#424,#425,#426,#427,#428,#429,
    #430,#431,#432,#433,#434,#435,#436),.UNSPECIFIED.,.F.,.F.,(9,7,7,7,7
    ,7,7,7,7,9),(0.,0.211343279147,0.414660529507,0.617549837488,
    0.723331063944,0.839551179349,0.89068878125,0.92024517852,
    0.957208585576,1.),.UNSPECIFIED.);
#372 = CARTESIAN_POINT('',(0.958745624151,1.));
#373 = CARTESIAN_POINT('',(0.957544658421,0.99633693265));
#374 = CARTESIAN_POINT('',(0.956347447048,0.992664291572));
#375 = CARTESIAN_POINT('',(0.955154550683,0.988975016135));
#376 = CARTESIAN_POINT('',(0.953966439961,0.98526541045));
#377 = CARTESIAN_POINT('',(0.952783525508,0.981533365198));
#378 = CARTESIAN_POINT('',(0.951606156302,0.977778114968));
#379 = CARTESIAN_POINT('',(0.950434620984,0.973999863548));
#380 = CARTESIAN_POINT('',(0.948147924844,0.966543842795));
#381 = CARTESIAN_POINT('',(0.947032343947,0.962867807764));
#382 = CARTESIAN_POINT('',(0.945922621874,0.959172633099));
#383 = CARTESIAN_POINT('',(0.944818950894,0.955460188913));
#384 = CARTESIAN_POINT('',(0.943721486922,0.95173306428));
#385 = CARTESIAN_POINT('',(0.942630342797,0.947994514011));
#386 = CARTESIAN_POINT('',(0.941545581213,0.944248446001));
#387 = CARTESIAN_POINT('',(0.939391102569,0.936758314859));
#388 = CARTESIAN_POINT('',(0.93832139078,0.93301437606));
#389 = CARTESIAN_POINT('',(0.937258052414,0.929272084022));
#390 = CARTESIAN_POINT('',(0.936201044688,0.92553668575));
#391 = CARTESIAN_POINT('',(0.93515029151,0.921814225671));
#392 = CARTESIAN_POINT('',(0.934105671016,0.918111638609));
#393 = CARTESIAN_POINT('',(0.933067003616,0.914436868488));
#394 = CARTESIAN_POINT('',(0.931495444932,0.908902897627));
#395 = CARTESIAN_POINT('',(0.930958430633,0.907016593197));
#396 = CARTESIAN_POINT('',(0.93042293566,0.905141814996));
#397 = CARTESIAN_POINT('',(0.929888924535,0.903280052062));
#398 = CARTESIAN_POINT('',(0.929356363492,0.901432962713));
#399 = CARTESIAN_POINT('',(0.928825218859,0.899602399591));
#400 = CARTESIAN_POINT('',(0.928295454593,0.897790453788));
#401 = CARTESIAN_POINT('',(0.927186454738,0.894031879903));
#402 = CARTESIAN_POINT('',(0.926607551636,0.892089794516));
#403 = CARTESIAN_POINT('',(0.926030214766,0.89017630292));
#404 = CARTESIAN_POINT('',(0.92545438815,0.888295104161));
#405 = CARTESIAN_POINT('',(0.924880058135,0.886450666757));
#406 = CARTESIAN_POINT('',(0.924307244004,0.884648482807));
#407 = CARTESIAN_POINT('',(0.923735989044,0.882895287745));
#408 = CARTESIAN_POINT('',(0.922915675808,0.880454237307));
#409 = CARTESIAN_POINT('',(0.922665344214,0.879719627541));
#410 = CARTESIAN_POINT('',(0.922415339198,0.878997064421));
#411 = CARTESIAN_POINT('',(0.922165673335,0.878287430997));
#412 = CARTESIAN_POINT('',(0.921916367109,0.877591738723));
#413 = CARTESIAN_POINT('',(0.921667448563,0.876911147298));
#414 = CARTESIAN_POINT('',(0.92141895285,0.876246999265));
#415 = CARTESIAN_POINT('',(0.921027565039,0.875227440446));
#416 = CARTESIAN_POINT('',(0.92088436601,0.874860028496));
#417 = CARTESIAN_POINT('',(0.920741332704,0.874498952535));
#418 = CARTESIAN_POINT('',(0.920598475948,0.874144551723));
#419 = CARTESIAN_POINT('',(0.920455809176,0.873797200784));
#420 = CARTESIAN_POINT('',(0.920313348434,0.873457314977));
#421 = CARTESIAN_POINT('',(0.920171112382,0.873125357157));
#422 = CARTESIAN_POINT('',(0.919851548716,0.872397263098));
#423 = CARTESIAN_POINT('',(0.919674370985,0.872005916785));
#424 = CARTESIAN_POINT('',(0.91949762114,0.871628800416));
#425 = CARTESIAN_POINT('',(0.919321350959,0.871267078266));
#426 = CARTESIAN_POINT('',(0.919145632403,0.870922116229));
#427 = CARTESIAN_POINT('',(0.918970557996,0.870595511895));
#428 = CARTESIAN_POINT('',(0.918796241874,0.870289155852));
#429 = CARTESIAN_POINT('',(0.918422059553,0.869676807693));
#430 = CARTESIAN_POINT('',(0.918222645024,0.869378729606));
#431 = CARTESIAN_POINT('',(0.918024648287,0.869114388233));
#432 = CARTESIAN_POINT('',(0.917828341048,0.868888175069));
#433 = CARTESIAN_POINT('',(0.917634195254,0.868705645249));
#434 = CARTESIAN_POINT('',(0.917442903101,0.868573927756));
#435 = CARTESIAN_POINT('',(0.917255378288,0.868501819865));
#436 = CARTESIAN_POINT('',(0.91707285802,0.868501819865));
#437 = ( GEOMETRIC_REPRESENTATION_CONTEXT(2) 
PARAMETRIC_REPRESENTATION_CONTEXT() REPRESENTATION_CONTEXT('2D SPACE',''
  ) );
#438 = PCURVE('',#439,#444);
#439 = CYLINDRICAL_SURFACE('',#440,75.);
#440 = AXIS2_PLACEMENT_3D('',#441,#442,#443);
#441 = CARTESIAN_POINT('',(2.875E+03,-1.025E+03,890.));
#442 = DIRECTION('',(0.,1.,0.));
#443 = DIRECTION('',(1.,0.,-0.));
#444 = DEFINITIONAL_REPRESENTATION('',(#445),#511);
#445 = B_SPLINE_CURVE_WITH_KNOTS('',8,(#446,#447,#448,#449,#450,#451,
    #452,#453,#454,#455,#456,#457,#458,#459,#460,#461,#462,#463,#464,
    #465,#466,#467,#468,#469,#470,#471,#472,#473,#474,#475,#476,#477,
    #478,#479,#480,#481,#482,#483,#484,#485,#486,#487,#488,#489,#490,
    #491,#492,#493,#494,#495,#496,#497,#498,#499,#500,#501,#502,#503,
    #504,#505,#506,#507,#508,#509,#510),.UNSPECIFIED.,.F.,.F.,(9,7,7,7,7
    ,7,7,7,7,9),(0.,0.211343279147,0.414660529507,0.617549837488,
    0.723331063944,0.839551179349,0.89068878125,0.92024517852,
    0.957208585576,1.),.UNSPECIFIED.);
#446 = CARTESIAN_POINT('',(0.562536244544,732.79981813852));
#447 = CARTESIAN_POINT('',(0.546658286309,723.80887047456));
#448 = CARTESIAN_POINT('',(0.533095889815,714.80658210461));
#449 = CARTESIAN_POINT('',(0.521718894474,705.79523486695));
#450 = CARTESIAN_POINT('',(0.512469027327,696.77681428888));
#451 = CARTESIAN_POINT('',(0.505317889377,687.75312134719));
#452 = CARTESIAN_POINT('',(0.500259843653,678.72578860739));
#453 = CARTESIAN_POINT('',(0.497301929151,669.69630922125));
#454 = CARTESIAN_POINT('',(0.495652338986,651.97871441102));
#455 = CARTESIAN_POINT('',(0.496802923932,643.29089946856));
#456 = CARTESIAN_POINT('',(0.499927865684,634.60399524898));
#457 = CARTESIAN_POINT('',(0.505050067707,625.91949294009));
#458 = CARTESIAN_POINT('',(0.512196972058,617.2389733594));
#459 = CARTESIAN_POINT('',(0.521399086814,608.56410305918));
#460 = CARTESIAN_POINT('',(0.532690510723,599.89663174012));
#461 = CARTESIAN_POINT('',(0.559504243108,582.59837365806));
#462 = CARTESIAN_POINT('',(0.575017201831,573.96780613852));
#463 = CARTESIAN_POINT('',(0.592690451943,565.3483194162));
#464 = CARTESIAN_POINT('',(0.612570165505,556.74189418487));
#465 = CARTESIAN_POINT('',(0.634710494085,548.15085225607));
#466 = CARTESIAN_POINT('',(0.659178992569,539.57785684908));
#467 = CARTESIAN_POINT('',(0.686063501997,531.02591547463));
#468 = CARTESIAN_POINT('',(0.730836083953,518.05240173662));
#469 = CARTESIAN_POINT('',(0.746870914634,513.61314352381));
#470 = CARTESIAN_POINT('',(0.763615199979,509.18112335476));
#471 = CARTESIAN_POINT('',(0.781089801553,504.75693196135));
#472 = CARTESIAN_POINT('',(0.799319043196,500.34127353584));
#473 = CARTESIAN_POINT('',(0.818331587884,495.93496897864));
#474 = CARTESIAN_POINT('',(0.838161948601,491.5389626156));
#475 = CARTESIAN_POINT('',(0.88158624706,482.33701668919));
#476 = CARTESIAN_POINT('',(0.905356309165,477.53389365091));
#477 = CARTESIAN_POINT('',(0.930221880971,472.74600249282));
#478 = CARTESIAN_POINT('',(0.956252380204,467.97505933));
#479 = CARTESIAN_POINT('',(0.983530880328,463.22347867579));
#480 = CARTESIAN_POINT('',(1.012161799456,458.49444487969));
#481 = CARTESIAN_POINT('',(1.042277713467,453.79196906572));
#482 = CARTESIAN_POINT('',(1.088061587231,447.0660440061));
#483 = CARTESIAN_POINT('',(1.102375432462,445.01712881669));
#484 = CARTESIAN_POINT('',(1.117029807749,442.97491229564));
#485 = CARTESIAN_POINT('',(1.132042836783,440.9399557219));
#486 = CARTESIAN_POINT('',(1.147434919609,438.91293955233));
#487 = CARTESIAN_POINT('',(1.163229298042,436.89467132013));
#488 = CARTESIAN_POINT('',(1.179453041797,434.88609994169));
#489 = CARTESIAN_POINT('',(1.205782809759,431.73368226207));
#490 = CARTESIAN_POINT('',(1.215580995868,430.58265397386));
#491 = CARTESIAN_POINT('',(1.22553964842,429.43547380671));
#492 = CARTESIAN_POINT('',(1.235665556282,428.2923927194));
#493 = CARTESIAN_POINT('',(1.245966093251,427.15369728593));
#494 = CARTESIAN_POINT('',(1.256449352187,426.0197121575));
#495 = CARTESIAN_POINT('',(1.267124334981,424.8908036262));
#496 = CARTESIAN_POINT('',(1.291603868693,422.36242935532));
#497 = CARTESIAN_POINT('',(1.30552142959,420.96614771769));
#498 = CARTESIAN_POINT('',(1.319774435388,419.57926908977));
#499 = CARTESIAN_POINT('',(1.33438532326,418.20274290957));
#500 = CARTESIAN_POINT('',(1.349379161533,416.8377560054));
#501 = CARTESIAN_POINT('',(1.364784417927,415.48575012588));
#502 = CARTESIAN_POINT('',(1.38063450244,414.14845893873));
#503 = CARTESIAN_POINT('',(1.415882921284,411.2993104619));
#504 = CARTESIAN_POINT('',(1.43543287789,409.79429136976));
#505 = CARTESIAN_POINT('',(1.455696576699,408.31504985484));
#506 = CARTESIAN_POINT('',(1.476752494237,406.86563398872));
#507 = CARTESIAN_POINT('',(1.49868307957,405.45202675119));
#508 = CARTESIAN_POINT('',(1.521583566885,404.08247762631));
#509 = CARTESIAN_POINT('',(1.545564807394,402.76755352579));
#510 = CARTESIAN_POINT('',(1.570796326795,401.52178774978));
#511 = ( GEOMETRIC_REPRESENTATION_CONTEXT(2) 
PARAMETRIC_REPRESENTATION_CONTEXT() REPRESENTATION_CONTEXT('2D SPACE',''
  ) );
#512 = ORIENTED_EDGE('',*,*,#513,.T.);
#513 = EDGE_CURVE('',#300,#514,#516,.T.);
#514 = VERTEX_POINT('',#515);
#515 = CARTESIAN_POINT('',(2.160283495259E+03,-950.,815.));
#516 = SURFACE_CURVE('',#517,(#534,#554),.PCURVE_S1.);
#517 = B_SPLINE_CURVE_WITH_KNOTS('',8,(#518,#519,#520,#521,#522,#523,
    #524,#525,#526,#527,#528,#529,#530,#531,#532,#533),.UNSPECIFIED.,.F.
  ,.F.,(9,7,9),(0.,0.464143072453,1.),.UNSPECIFIED.);
#518 = CARTESIAN_POINT('',(2.875E+03,-623.4782122502,815.));
#519 = CARTESIAN_POINT('',(2.836810574952E+03,-648.6187665307,815.));
#520 = CARTESIAN_POINT('',(2.797917419869E+03,-672.6823749048,815.));
#521 = CARTESIAN_POINT('',(2.75841799708E+03,-695.7539557951,815.));
#522 = CARTESIAN_POINT('',(2.718392215138E+03,-717.9025159641,815.));
#523 = CARTESIAN_POINT('',(2.677906205029E+03,-739.1879073983,815.));
#524 = CARTESIAN_POINT('',(2.637013632789E+03,-759.6631784529,815.));
#525 = CARTESIAN_POINT('',(2.59575674935E+03,-779.3764248468,815.));
#526 = CARTESIAN_POINT('',(2.50615112856E+03,-820.3019759631,815.));
#527 = CARTESIAN_POINT('',(2.457698874575E+03,-841.2719475233,815.));
#528 = CARTESIAN_POINT('',(2.408863738341E+03,-861.3476959661,815.));
#529 = CARTESIAN_POINT('',(2.359690671491E+03,-880.5838962511,815.));
#530 = CARTESIAN_POINT('',(2.310217552586E+03,-899.027807717,815.));
#531 = CARTESIAN_POINT('',(2.260475860557E+03,-916.7209887637,815.));
#532 = CARTESIAN_POINT('',(2.210491178959E+03,-933.7005672944,815.));
#533 = CARTESIAN_POINT('',(2.160283495259E+03,-950.,815.));
#534 = PCURVE('',#33,#535);
#535 = DEFINITIONAL_REPRESENTATION('',(#536),#553);
#536 = B_SPLINE_CURVE_WITH_KNOTS('',8,(#537,#538,#539,#540,#541,#542,
    #543,#544,#545,#546,#547,#548,#549,#550,#551,#552),.UNSPECIFIED.,.F.
  ,.F.,(9,7,9),(0.,0.464143072453,1.),.UNSPECIFIED.);
#537 = CARTESIAN_POINT('',(0.91707285802,0.868501819865));
#538 = CARTESIAN_POINT('',(0.913389452365,0.868501819865));
#539 = CARTESIAN_POINT('',(0.909807915395,0.868501819865));
#540 = CARTESIAN_POINT('',(0.906318211639,0.868501819865));
#541 = CARTESIAN_POINT('',(0.902912337024,0.868501819865));
#542 = CARTESIAN_POINT('',(0.899583417619,0.868501819865));
#543 = CARTESIAN_POINT('',(0.896325371429,0.868501819865));
#544 = CARTESIAN_POINT('',(0.893132634196,0.868501819865));
#545 = CARTESIAN_POINT('',(0.886383348509,0.868501819865));
#546 = CARTESIAN_POINT('',(0.882847358626,0.868501819865));
#547 = CARTESIAN_POINT('',(0.879384357898,0.868501819865));
#548 = CARTESIAN_POINT('',(0.87598805575,0.868501819865));
#549 = CARTESIAN_POINT('',(0.872653031864,0.868501819865));
#550 = CARTESIAN_POINT('',(0.869374504418,0.868501819865));
#551 = CARTESIAN_POINT('',(0.866148152912,0.868501819865));
#552 = CARTESIAN_POINT('',(0.86297000363,0.868501819865));
#553 = ( GEOMETRIC_REPRESENTATION_CONTEXT(2) 
PARAMETRIC_REPRESENTATION_CONTEXT() REPRESENTATION_CONTEXT('2D SPACE',''
  ) );
#554 = PCURVE('',#555,#560);
#555 = PLANE('',#556);
#556 = AXIS2_PLACEMENT_3D('',#557,#558,#559);
#557 = CARTESIAN_POINT('',(-2.65E+03,-1.025E+03,815.));
#558 = DIRECTION('',(0.,0.,1.));
#559 = DIRECTION('',(1.,0.,0.));
#560 = DEFINITIONAL_REPRESENTATION('',(#561),#578);
#561 = B_SPLINE_CURVE_WITH_KNOTS('',8,(#562,#563,#564,#565,#566,#567,
    #568,#569,#570,#571,#572,#573,#574,#575,#576,#577),.UNSPECIFIED.,.F.
  ,.F.,(9,7,9),(0.,0.464143072453,1.),.UNSPECIFIED.);
#562 = CARTESIAN_POINT('',(5.525E+03,401.52178774978));
#563 = CARTESIAN_POINT('',(5.486810574952E+03,376.38123346929));
#564 = CARTESIAN_POINT('',(5.447917419869E+03,352.31762509515));
#565 = CARTESIAN_POINT('',(5.40841799708E+03,329.24604420488));
#566 = CARTESIAN_POINT('',(5.368392215138E+03,307.0974840358));
#567 = CARTESIAN_POINT('',(5.327906205029E+03,285.81209260163));
#568 = CARTESIAN_POINT('',(5.287013632789E+03,265.33682154705));
#569 = CARTESIAN_POINT('',(5.24575674935E+03,245.62357515311));
#570 = CARTESIAN_POINT('',(5.15615112856E+03,204.69802403686));
#571 = CARTESIAN_POINT('',(5.107698874575E+03,183.72805247664));
#572 = CARTESIAN_POINT('',(5.058863738341E+03,163.65230403381));
#573 = CARTESIAN_POINT('',(5.009690671491E+03,144.4161037488));
#574 = CARTESIAN_POINT('',(4.960217552586E+03,125.97219228294));
#575 = CARTESIAN_POINT('',(4.910475860557E+03,108.27901123622));
#576 = CARTESIAN_POINT('',(4.860491178959E+03,91.299432705563));
#577 = CARTESIAN_POINT('',(4.810283495259E+03,75.));
#578 = ( GEOMETRIC_REPRESENTATION_CONTEXT(2) 
PARAMETRIC_REPRESENTATION_CONTEXT() REPRESENTATION_CONTEXT('2D SPACE',''
  ) );
#579 = ORIENTED_EDGE('',*,*,#580,.T.);
#580 = EDGE_CURVE('',#514,#581,#583,.T.);
#581 = VERTEX_POINT('',#582);
#582 = CARTESIAN_POINT('',(1.392126465219E+03,-1.013442887702E+03,850.)
  );
#583 = SURFACE_CURVE('',#584,(#664,#747),.PCURVE_S1.);
#584 = B_SPLINE_CURVE_WITH_KNOTS('',8,(#585,#586,#587,#588,#589,#590,
    #591,#592,#593,#594,#595,#596,#597,#598,#599,#600,#601,#602,#603,
    #604,#605,#606,#607,#608,#609,#610,#611,#612,#613,#614,#615,#616,
    #617,#618,#619,#620,#621,#622,#623,#624,#625,#626,#627,#628,#629,
    #630,#631,#632,#633,#634,#635,#636,#637,#638,#639,#640,#641,#642,
    #643,#644,#645,#646,#647,#648,#649,#650,#651,#652,#653,#654,#655,
    #656,#657,#658,#659,#660,#661,#662,#663),.UNSPECIFIED.,.F.,.F.,(9,7,
    7,7,7,7,7,7,7,7,7,9),(0.,3.044045429014E-02,8.23076405614E-02,
    0.121610734341,0.218398424691,0.332510624029,0.430468757176,
    0.652821613154,0.751145146525,0.842550576358,0.926288493034,1.),
  .UNSPECIFIED.);
#585 = CARTESIAN_POINT('',(2.160283495259E+03,-950.,815.));
#586 = CARTESIAN_POINT('',(2.157421880634E+03,-950.9289951572,815.));
#587 = CARTESIAN_POINT('',(2.154556688701E+03,-951.8358897498,
    815.01315064972));
#588 = CARTESIAN_POINT('',(2.151688312714E+03,-952.7223573516,
    815.03835842618));
#589 = CARTESIAN_POINT('',(2.148817081215E+03,-953.5897860013,
    815.07470774482));
#590 = CARTESIAN_POINT('',(2.145943269468E+03,-954.4393550533,
    815.12141489713));
#591 = CARTESIAN_POINT('',(2.14306710773E+03,-955.2720910817,
    815.1777944543));
#592 = CARTESIAN_POINT('',(2.140188786384E+03,-956.0889028363,
    815.24323813698));
#593 = CARTESIAN_POINT('',(2.132400694968E+03,-958.2565909537,
    815.44323951182));
#594 = CARTESIAN_POINT('',(2.127487169006E+03,-959.5786753786,
    815.59401847087));
#595 = CARTESIAN_POINT('',(2.122568654833E+03,-960.8608348216,
    815.76686656655));
#596 = CARTESIAN_POINT('',(2.117645773457E+03,-962.1061877734,
    815.95965023788));
#597 = CARTESIAN_POINT('',(2.112719029376E+03,-963.3173076918,
    816.17058448005));
#598 = CARTESIAN_POINT('',(2.107788828745E+03,-964.4963815761,
    816.39813631588));
#599 = CARTESIAN_POINT('',(2.102855488192E+03,-965.6452872511,
    816.64097686206));
#600 = CARTESIAN_POINT('',(2.094178735284E+03,-967.6146598552,
    817.092644741));
#601 = CARTESIAN_POINT('',(2.090436580186E+03,-968.4472658608,
    817.29546080159));
#602 = CARTESIAN_POINT('',(2.086692895991E+03,-969.264203295,
    817.50587003489));
#603 = CARTESIAN_POINT('',(2.082947786675E+03,-970.0661055515,
    817.72341253917));
#604 = CARTESIAN_POINT('',(2.079201344319E+03,-970.8535415121,
    817.947670163));
#605 = CARTESIAN_POINT('',(2.075453650162E+03,-971.627027398,
    818.17825920425));
#606 = CARTESIAN_POINT('',(2.07170477536E+03,-972.3870353678,
    818.41482507221));
#607 = CARTESIAN_POINT('',(2.058720056804E+03,-974.9734690991,
    819.25351404842));
#608 = CARTESIAN_POINT('',(2.049478602976E+03,-976.7338220513,
    819.88423642651));
#609 = CARTESIAN_POINT('',(2.040231301042E+03,-978.4215394961,
    820.54429696409));
#610 = CARTESIAN_POINT('',(2.030978860202E+03,-980.0416772551,
    821.22970114817));
#611 = CARTESIAN_POINT('',(2.021721853675E+03,-981.5984139825,
    821.93702904652));
#612 = CARTESIAN_POINT('',(2.012460735538E+03,-983.0953140673,
    822.66326918353));
#613 = CARTESIAN_POINT('',(2.003195848514E+03,-984.5354511919,
    823.4057376773));
#614 = CARTESIAN_POINT('',(1.983000017025E+03,-987.5557297358,
    825.05361646981));
#615 = CARTESIAN_POINT('',(1.972067785179E+03,-989.1147766286,
    825.96439743834));
#616 = CARTESIAN_POINT('',(1.961131191969E+03,-990.6031147356,
    826.89033497974));
#617 = CARTESIAN_POINT('',(1.950190619678E+03,-992.0244522718,
    827.82789531728));
#618 = CARTESIAN_POINT('',(1.939246386861E+03,-993.3820052282,
    828.77386301321));
#619 = CARTESIAN_POINT('',(1.928298753118E+03,-994.6786268923,
    829.72525666174));
#620 = CARTESIAN_POINT('',(1.917347921737E+03,-995.9168809069,
    830.67928002722));
#621 = CARTESIAN_POINT('',(1.896990826653E+03,-998.1139725316,
    832.45222614528));
#622 = CARTESIAN_POINT('',(1.887585385307E+03,-999.0875482451,
    833.27115365451));
#623 = CARTESIAN_POINT('',(1.878177825488E+03,-1.000021311325E+03,
    834.0883812435));
#624 = CARTESIAN_POINT('',(1.868768243245E+03,-1.000916615647E+03,
    834.90230459916));
#625 = CARTESIAN_POINT('',(1.859356723755E+03,-1.001774716324E+03,
    835.71137850175));
#626 = CARTESIAN_POINT('',(1.849943341681E+03,-1.002596788852E+03,
    836.51410404091));
#627 = CARTESIAN_POINT('',(1.840528161396E+03,-1.003383942269E+03,
    837.30901946075));
#628 = CARTESIAN_POINT('',(1.809735982689E+03,-1.005847088059E+03,
    839.87808017941));
#629 = CARTESIAN_POINT('',(1.788351881157E+03,-1.00738243267E+03,
    841.61384488677));
#630 = CARTESIAN_POINT('',(1.766959451623E+03,-1.008755554258E+03,
    843.28527196959));
#631 = CARTESIAN_POINT('',(1.745559215687E+03,-1.00997716839E+03,
    844.87643993112));
#632 = CARTESIAN_POINT('',(1.724151699743E+03,-1.011056959757E+03,
    846.37184029431));
#633 = CARTESIAN_POINT('',(1.702737431143E+03,-1.012003600446E+03,
    847.75622032721));
#634 = CARTESIAN_POINT('',(1.681316931689E+03,-1.012824569092E+03,
    849.01449453221));
#635 = CARTESIAN_POINT('',(1.65041607805E+03,-1.013835307675E+03,
    850.62496520399));
#636 = CARTESIAN_POINT('',(1.640940373823E+03,-1.014121721361E+03,
    851.09106798435));
#637 = CARTESIAN_POINT('',(1.631463616953E+03,-1.014385122349E+03,
    851.52814350618));
#638 = CARTESIAN_POINT('',(1.621985864832E+03,-1.014625913837E+03,
    851.934835207));
#639 = CARTESIAN_POINT('',(1.612507182252E+03,-1.01484441301E+03,
    852.30976230794));
#640 = CARTESIAN_POINT('',(1.603027640906E+03,-1.015040833071E+03,
    852.6515048656));
#641 = CARTESIAN_POINT('',(1.593547318623E+03,-1.015215257374E+03,
    852.95858040647));
#642 = CARTESIAN_POINT('',(1.575252368457E+03,-1.015509234614E+03,
    853.4811879964));
#643 = CARTESIAN_POINT('',(1.566437845502E+03,-1.015631784588E+03,
    853.70164049964));
#644 = CARTESIAN_POINT('',(1.557622790449E+03,-1.015735190393E+03,
    853.88950216651));
#645 = CARTESIAN_POINT('',(1.548807279047E+03,-1.015819264031E+03,
    854.043434024));
#646 = CARTESIAN_POINT('',(1.539991401585E+03,-1.015883665454E+03,
    854.16199750579));
#647 = CARTESIAN_POINT('',(1.531175262561E+03,-1.015927870209E+03,
    854.24362223156));
#648 = CARTESIAN_POINT('',(1.522358980101E+03,-1.015951114353E+03,
    854.2865498483));
#649 = CARTESIAN_POINT('',(1.505465941707E+03,-1.01595338057E+03,
    854.29073514295));
#650 = CARTESIAN_POINT('',(1.497389218542E+03,-1.015935948934E+03,
    854.25854189146));
#651 = CARTESIAN_POINT('',(1.48931259408E+03,-1.015899153605E+03,
    854.19057920292));
#652 = CARTESIAN_POINT('',(1.481236186199E+03,-1.015841914983E+03,
    854.08507486082));
#653 = CARTESIAN_POINT('',(1.473160153519E+03,-1.015762836529E+03,
    853.93997349568));
#654 = CARTESIAN_POINT('',(1.465084696465E+03,-1.015660131172E+03,
    853.75286043382));
#655 = CARTESIAN_POINT('',(1.457010059705E+03,-1.015531451202E+03,
    853.52079032374));
#656 = CARTESIAN_POINT('',(1.441829703814E+03,-1.015234485291E+03,
    852.99267116864));
#657 = CARTESIAN_POINT('',(1.434723888283E+03,-1.015072788239E+03,
    852.70761402496));
#658 = CARTESIAN_POINT('',(1.427619162351E+03,-1.014886185657E+03,
    852.38212202146));
#659 = CARTESIAN_POINT('',(1.420515758774E+03,-1.014671842077E+03,
    852.01299718275));
#660 = CARTESIAN_POINT('',(1.413414075572E+03,-1.014426221828E+03,
    851.59636130892));
#661 = CARTESIAN_POINT('',(1.406314708139E+03,-1.014144476343E+03,
    851.12707319591));
#662 = CARTESIAN_POINT('',(1.399218457623E+03,-1.013820249371E+03,
    850.59852284898));
#663 = CARTESIAN_POINT('',(1.392126465219E+03,-1.013442887702E+03,850.)
  );
#664 = PCURVE('',#33,#665);
#665 = DEFINITIONAL_REPRESENTATION('',(#666),#746);
#666 = B_SPLINE_CURVE_WITH_KNOTS('',8,(#667,#668,#669,#670,#671,#672,
    #673,#674,#675,#676,#677,#678,#679,#680,#681,#682,#683,#684,#685,
    #686,#687,#688,#689,#690,#691,#692,#693,#694,#695,#696,#697,#698,
    #699,#700,#701,#702,#703,#704,#705,#706,#707,#708,#709,#710,#711,
    #712,#713,#714,#715,#716,#717,#718,#719,#720,#721,#722,#723,#724,
    #725,#726,#727,#728,#729,#730,#731,#732,#733,#734,#735,#736,#737,
    #738,#739,#740,#741,#742,#743,#744,#745),.UNSPECIFIED.,.F.,.F.,(9,7,
    7,7,7,7,7,7,7,7,7,9),(0.,3.044045429014E-02,8.23076405614E-02,
    0.121610734341,0.218398424691,0.332510624029,0.430468757176,
    0.652821613154,0.751145146525,0.842550576358,0.926288493034,1.),
  .UNSPECIFIED.);
#667 = CARTESIAN_POINT('',(0.86297000363,0.868501819865));
#668 = CARTESIAN_POINT('',(0.862788863259,0.868501819865));
#669 = CARTESIAN_POINT('',(0.862609318989,0.868519197661));
#670 = CARTESIAN_POINT('',(0.862431245843,0.868552508424));
#671 = CARTESIAN_POINT('',(0.862254540088,0.868600556844));
#672 = CARTESIAN_POINT('',(0.862079113312,0.868662331289));
#673 = CARTESIAN_POINT('',(0.861904888114,0.868736955925));
#674 = CARTESIAN_POINT('',(0.861731795403,0.868823660799));
#675 = CARTESIAN_POINT('',(0.861266666555,0.869088936993));
#676 = CARTESIAN_POINT('',(0.860976671741,0.869289209734));
#677 = CARTESIAN_POINT('',(0.860689483165,0.869519235145));
#678 = CARTESIAN_POINT('',(0.860404861463,0.869776402725));
#679 = CARTESIAN_POINT('',(0.860122608292,0.870058572052));
#680 = CARTESIAN_POINT('',(0.85984255387,0.8703639392));
#681 = CARTESIAN_POINT('',(0.859564550859,0.870690971771));
#682 = CARTESIAN_POINT('',(0.859079262583,0.871301567334));
#683 = CARTESIAN_POINT('',(0.85887116084,0.871576469125));
#684 = CARTESIAN_POINT('',(0.858664106739,0.871862469677));
#685 = CARTESIAN_POINT('',(0.858458050243,0.872159058205));
#686 = CARTESIAN_POINT('',(0.858252946264,0.872465778639));
#687 = CARTESIAN_POINT('',(0.858048753715,0.872782219783));
#688 = CARTESIAN_POINT('',(0.857845434825,0.873108008178));
#689 = CARTESIAN_POINT('',(0.857144327738,0.874267270177));
#690 = CARTESIAN_POINT('',(0.856650790449,0.875146353398));
#691 = CARTESIAN_POINT('',(0.85616181974,0.876074976317));
#692 = CARTESIAN_POINT('',(0.855677005596,0.877049242896));
#693 = CARTESIAN_POINT('',(0.855196006799,0.878065988358));
#694 = CARTESIAN_POINT('',(0.854718529613,0.87912256461));
#695 = CARTESIAN_POINT('',(0.854244317677,0.880216740012));
#696 = CARTESIAN_POINT('',(0.853217626855,0.882678683304));
#697 = CARTESIAN_POINT('',(0.852666336509,0.884060355887));
#698 = CARTESIAN_POINT('',(0.852118897434,0.885488456247));
#699 = CARTESIAN_POINT('',(0.851574995877,0.886960423838));
#700 = CARTESIAN_POINT('',(0.851034357969,0.888474103811));
#701 = CARTESIAN_POINT('',(0.850496739066,0.890027643734));
#702 = CARTESIAN_POINT('',(0.8499619177,0.89161943577));
#703 = CARTESIAN_POINT('',(0.84897280639,0.894646140781));
#704 = CARTESIAN_POINT('',(0.848517835032,0.896071359353));
#705 = CARTESIAN_POINT('',(0.848064647939,0.897522824404));
#706 = CARTESIAN_POINT('',(0.847613127478,0.8989997418));
#707 = CARTESIAN_POINT('',(0.847163164471,0.900501400044));
#708 = CARTESIAN_POINT('',(0.846714656601,0.902027155491));
#709 = CARTESIAN_POINT('',(0.8462675073,0.903576422436));
#710 = CARTESIAN_POINT('',(0.844809527676,0.908717471338));
#711 = CARTESIAN_POINT('',(0.843803965404,0.912404645201));
#712 = CARTESIAN_POINT('',(0.842803862914,0.916203971466));
#713 = CARTESIAN_POINT('',(0.84180829195,0.920110579071));
#714 = CARTESIAN_POINT('',(0.840816424638,0.924120549656));
#715 = CARTESIAN_POINT('',(0.8398275278,0.928230996167));
#716 = CARTESIAN_POINT('',(0.83884097042,0.932440327005));
#717 = CARTESIAN_POINT('',(0.837420831153,0.938654752886));
#718 = CARTESIAN_POINT('',(0.836985761082,0.94057966155));
#719 = CARTESIAN_POINT('',(0.83655101216,0.942524120857));
#720 = CARTESIAN_POINT('',(0.83611654849,0.944488287666));
#721 = CARTESIAN_POINT('',(0.835682340707,0.946472424515));
#722 = CARTESIAN_POINT('',(0.835248366989,0.948476926012));
#723 = CARTESIAN_POINT('',(0.834814614538,0.950502357398));
#724 = CARTESIAN_POINT('',(0.833978052137,0.954452614548));
#725 = CARTESIAN_POINT('',(0.833575212864,0.956374489783));
#726 = CARTESIAN_POINT('',(0.833172562007,0.958315765421));
#727 = CARTESIAN_POINT('',(0.832770106584,0.9602772396));
#728 = CARTESIAN_POINT('',(0.83236786405,0.96225991827));
#729 = CARTESIAN_POINT('',(0.831965864191,0.964265064447));
#730 = CARTESIAN_POINT('',(0.831564152397,0.966294282391));
#731 = CARTESIAN_POINT('',(0.830795106271,0.970232635313));
#732 = CARTESIAN_POINT('',(0.830427716276,0.972137556926));
#733 = CARTESIAN_POINT('',(0.830060676034,0.974066049989));
#734 = CARTESIAN_POINT('',(0.829694052148,0.976020061919));
#735 = CARTESIAN_POINT('',(0.82932793262,0.978001999036));
#736 = CARTESIAN_POINT('',(0.828962431351,0.980014839321));
#737 = CARTESIAN_POINT('',(0.828597698675,0.982062390224));
#738 = CARTESIAN_POINT('',(0.827913745091,0.985987374086));
#739 = CARTESIAN_POINT('',(0.827594310878,0.987855783101));
#740 = CARTESIAN_POINT('',(0.827275779239,0.989758653814));
#741 = CARTESIAN_POINT('',(0.826958331605,0.991700421291));
#742 = CARTESIAN_POINT('',(0.826642200034,0.993686537942));
#743 = CARTESIAN_POINT('',(0.826327706968,0.995724381143));
#744 = CARTESIAN_POINT('',(0.82601527743,0.997823553276));
#745 = CARTESIAN_POINT('',(0.82570561967,1.));
#746 = ( GEOMETRIC_REPRESENTATION_CONTEXT(2) 
PARAMETRIC_REPRESENTATION_CONTEXT() REPRESENTATION_CONTEXT('2D SPACE',''
  ) );
#747 = PCURVE('',#748,#753);
#748 = CYLINDRICAL_SURFACE('',#749,75.);
#749 = AXIS2_PLACEMENT_3D('',#750,#751,#752);
#750 = CARTESIAN_POINT('',(-2.65E+03,-950.,890.));
#751 = DIRECTION('',(1.,0.,0.));
#752 = DIRECTION('',(0.,-1.,0.));
#753 = DEFINITIONAL_REPRESENTATION('',(#754),#834);
#754 = B_SPLINE_CURVE_WITH_KNOTS('',8,(#755,#756,#757,#758,#759,#760,
    #761,#762,#763,#764,#765,#766,#767,#768,#769,#770,#771,#772,#773,
    #774,#775,#776,#777,#778,#779,#780,#781,#782,#783,#784,#785,#786,
    #787,#788,#789,#790,#791,#792,#793,#794,#795,#796,#797,#798,#799,
    #800,#801,#802,#803,#804,#805,#806,#807,#808,#809,#810,#811,#812,
    #813,#814,#815,#816,#817,#818,#819,#820,#821,#822,#823,#824,#825,
    #826,#827,#828,#829,#830,#831,#832,#833),.UNSPECIFIED.,.F.,.F.,(9,7,
    7,7,7,7,7,7,7,7,7,9),(0.,3.044045429014E-02,8.23076405614E-02,
    0.121610734341,0.218398424691,0.332510624029,0.430468757176,
    0.652821613154,0.751145146525,0.842550576358,0.926288493034,1.),
  .UNSPECIFIED.);
#755 = CARTESIAN_POINT('',(1.570796326795,4.810283495259E+03));
#756 = CARTESIAN_POINT('',(1.558409724698,4.807421880634E+03));
#757 = CARTESIAN_POINT('',(1.54631779575,4.804556688701E+03));
#758 = CARTESIAN_POINT('',(1.53449533473,4.801688312714E+03));
#759 = CARTESIAN_POINT('',(1.522921507868,4.798817081215E+03));
#760 = CARTESIAN_POINT('',(1.511578676838,4.795943269468E+03));
#761 = CARTESIAN_POINT('',(1.500451543022,4.79306710773E+03));
#762 = CARTESIAN_POINT('',(1.489526612057,4.790188786384E+03));
#763 = CARTESIAN_POINT('',(1.46050134391,4.782400694968E+03));
#764 = CARTESIAN_POINT('',(1.442763402553,4.777487169006E+03));
#765 = CARTESIAN_POINT('',(1.425519188571,4.772568654833E+03));
#766 = CARTESIAN_POINT('',(1.408722937742,4.767645773457E+03));
#767 = CARTESIAN_POINT('',(1.392337174481,4.762719029376E+03));
#768 = CARTESIAN_POINT('',(1.376330298434,4.757788828745E+03));
#769 = CARTESIAN_POINT('',(1.36067540786,4.752855488192E+03));
#770 = CARTESIAN_POINT('',(1.333735368013,4.744178735284E+03));
#771 = CARTESIAN_POINT('',(1.322310377955,4.740436580186E+03));
#772 = CARTESIAN_POINT('',(1.31106399738,4.736692895991E+03));
#773 = CARTESIAN_POINT('',(1.299987302506,4.732947786675E+03));
#774 = CARTESIAN_POINT('',(1.289072346723,4.729201344319E+03));
#775 = CARTESIAN_POINT('',(1.278311981473,4.725453650162E+03));
#776 = CARTESIAN_POINT('',(1.267699726387,4.72170477536E+03));
#777 = CARTESIAN_POINT('',(1.231446202677,4.708720056804E+03));
#778 = CARTESIAN_POINT('',(1.206525324571,4.699478602976E+03));
#779 = CARTESIAN_POINT('',(1.182378934045,4.690231301042E+03));
#780 = CARTESIAN_POINT('',(1.158940501734,4.680978860202E+03));
#781 = CARTESIAN_POINT('',(1.136156865051,4.671721853675E+03));
#782 = CARTESIAN_POINT('',(1.113984307849,4.662460735538E+03));
#783 = CARTESIAN_POINT('',(1.092386734513,4.653195848514E+03));
#784 = CARTESIAN_POINT('',(1.046512341759,4.633000017025E+03));
#785 = CARTESIAN_POINT('',(1.022448128569,4.622067785179E+03));
#786 = CARTESIAN_POINT('',(0.999091441408,4.611131191969E+03));
#787 = CARTESIAN_POINT('',(0.976404091423,4.600190619678E+03));
#788 = CARTESIAN_POINT('',(0.954355919062,4.589246386861E+03));
#789 = CARTESIAN_POINT('',(0.932922922995,4.578298753118E+03));
#790 = CARTESIAN_POINT('',(0.912086217493,4.567347921737E+03));
#791 = CARTESIAN_POINT('',(0.874443335221,4.546990826653E+03));
#792 = CARTESIAN_POINT('',(0.857484191798,4.537585385307E+03));
#793 = CARTESIAN_POINT('',(0.840944383162,4.528177825488E+03));
#794 = CARTESIAN_POINT('',(0.824816934433,4.518768243245E+03));
#795 = CARTESIAN_POINT('',(0.809096812066,4.509356723755E+03));
#796 = CARTESIAN_POINT('',(0.793780643948,4.499943341681E+03));
#797 = CARTESIAN_POINT('',(0.77886651774,4.490528161396E+03));
#798 = CARTESIAN_POINT('',(0.731411912236,4.459735982689E+03));
#799 = CARTESIAN_POINT('',(0.700538664022,4.438351881157E+03));
#800 = CARTESIAN_POINT('',(0.671727089155,4.416959451624E+03));
#801 = CARTESIAN_POINT('',(0.645005784274,4.395559215687E+03));
#802 = CARTESIAN_POINT('',(0.620429752818,4.374151699743E+03));
#803 = CARTESIAN_POINT('',(0.598077523515,4.352737431143E+03));
#804 = CARTESIAN_POINT('',(0.578048468531,4.331316931689E+03));
#805 = CARTESIAN_POINT('',(0.552696867162,4.30041607805E+03));
#806 = CARTESIAN_POINT('',(0.545402939385,4.290940373823E+03));
#807 = CARTESIAN_POINT('',(0.538599221581,4.281463616953E+03));
#808 = CARTESIAN_POINT('',(0.53229783136,4.271985864832E+03));
#809 = CARTESIAN_POINT('',(0.526512061264,4.262507182252E+03));
#810 = CARTESIAN_POINT('',(0.521256597329,4.253027640906E+03));
#811 = CARTESIAN_POINT('',(0.516547890379,4.243547318623E+03));
#812 = CARTESIAN_POINT('',(0.508552988551,4.225252368457E+03));
#813 = CARTESIAN_POINT('',(0.505190021969,4.216437845502E+03));
#814 = CARTESIAN_POINT('',(0.502330848839,4.207622790449E+03));
#815 = CARTESIAN_POINT('',(0.499992263556,4.198807279047E+03));
#816 = CARTESIAN_POINT('',(0.498193261127,4.189991401585E+03));
#817 = CARTESIAN_POINT('',(0.496955581703,4.181175262561E+03));
#818 = CARTESIAN_POINT('',(0.496304692362,4.172358980101E+03));
#819 = CARTESIAN_POINT('',(0.49624123294,4.155465941707E+03));
#820 = CARTESIAN_POINT('',(0.496729361519,4.147389218542E+03));
#821 = CARTESIAN_POINT('',(0.497759816397,4.13931259408E+03));
#822 = CARTESIAN_POINT('',(0.499360226811,4.131236186199E+03));
#823 = CARTESIAN_POINT('',(0.501563562483,4.123160153519E+03));
#824 = CARTESIAN_POINT('',(0.504409494666,4.115084696465E+03));
#825 = CARTESIAN_POINT('',(0.507947543814,4.107010059705E+03));
#826 = CARTESIAN_POINT('',(0.516026032062,4.091829703814E+03));
#827 = CARTESIAN_POINT('',(0.520395665471,4.084723888283E+03));
#828 = CARTESIAN_POINT('',(0.52539806986,4.077619162351E+03));
#829 = CARTESIAN_POINT('',(0.531089151047,4.070515758774E+03));
#830 = CARTESIAN_POINT('',(0.537537433218,4.063414075572E+03));
#831 = CARTESIAN_POINT('',(0.54483520857,4.056314708139E+03));
#832 = CARTESIAN_POINT('',(0.553102202831,4.049218457623E+03));
#833 = CARTESIAN_POINT('',(0.562536244544,4.042126465219E+03));
#834 = ( GEOMETRIC_REPRESENTATION_CONTEXT(2) 
PARAMETRIC_REPRESENTATION_CONTEXT() REPRESENTATION_CONTEXT('2D SPACE',''
  ) );
#835 = ORIENTED_EDGE('',*,*,#836,.F.);
#836 = EDGE_CURVE('',#837,#581,#839,.T.);
#837 = VERTEX_POINT('',#838);
#838 = CARTESIAN_POINT('',(-1.392126465219E+03,-1.013442887702E+03,850.)
  );
#839 = SURFACE_CURVE('',#840,(#867,#874),.PCURVE_S1.);
#840 = B_SPLINE_CURVE_WITH_KNOTS('',13,(#841,#842,#843,#844,#845,#846,
    #847,#848,#849,#850,#851,#852,#853,#854,#855,#856,#857,#858,#859,
    #860,#861,#862,#863,#864,#865,#866),.UNSPECIFIED.,.T.,.F.,(14,12,14)
  ,(0.,0.5,1.),.UNSPECIFIED.);
#841 = CARTESIAN_POINT('',(3.04E+03,-2.273736754432E-13,850.));
#842 = CARTESIAN_POINT('',(3.04E+03,275.49350962256,850.));
#843 = CARTESIAN_POINT('',(2.847669243616E+03,550.987019356,850.));
#844 = CARTESIAN_POINT('',(2.463007767863E+03,805.8819525723,850.));
#845 = CARTESIAN_POINT('',(1.903272027483E+03,1.01957974047E+03,850.));
#846 = CARTESIAN_POINT('',(1.202975748165E+03,1.17374067016E+03,850.));
#847 = CARTESIAN_POINT('',(411.52232450051,1.254542891313E+03,850.));
#848 = CARTESIAN_POINT('',(-411.5223245011,1.254542891313E+03,850.));
#849 = CARTESIAN_POINT('',(-1.202975748164E+03,1.17374067016E+03,850.));
#850 = CARTESIAN_POINT('',(-1.903272027485E+03,1.01957974047E+03,850.));
#851 = CARTESIAN_POINT('',(-2.463007767861E+03,805.88195257207,850.));
#852 = CARTESIAN_POINT('',(-2.847669243617E+03,550.98701935612,850.));
#853 = CARTESIAN_POINT('',(-3.04E+03,275.49350962256,850.));
#854 = CARTESIAN_POINT('',(-3.04E+03,-275.4935096226,850.));
#855 = CARTESIAN_POINT('',(-2.847669243616E+03,-550.9870193557,850.));
#856 = CARTESIAN_POINT('',(-2.463007767862E+03,-805.8819525729,850.));
#857 = CARTESIAN_POINT('',(-1.903272027483E+03,-1.019579740469E+03,850.)
  );
#858 = CARTESIAN_POINT('',(-1.202975748165E+03,-1.173740670161E+03,850.)
  );
#859 = CARTESIAN_POINT('',(-411.5223245004,-1.254542891313E+03,850.));
#860 = CARTESIAN_POINT('',(411.52232450111,-1.254542891312E+03,850.));
#861 = CARTESIAN_POINT('',(1.202975748164E+03,-1.173740670161E+03,850.)
  );
#862 = CARTESIAN_POINT('',(1.903272027485E+03,-1.019579740469E+03,850.)
  );
#863 = CARTESIAN_POINT('',(2.463007767861E+03,-805.8819525728,850.));
#864 = CARTESIAN_POINT('',(2.847669243617E+03,-550.9870193558,850.));
#865 = CARTESIAN_POINT('',(3.04E+03,-275.4935096226,850.));
#866 = CARTESIAN_POINT('',(3.04E+03,-4.547473508865E-13,850.));
#867 = PCURVE('',#33,#868);
#868 = DEFINITIONAL_REPRESENTATION('',(#869),#873);
#869 = LINE('',#870,#871);
#870 = CARTESIAN_POINT('',(0.,1.));
#871 = VECTOR('',#872,1.);
#872 = DIRECTION('',(1.,0.));
#873 = ( GEOMETRIC_REPRESENTATION_CONTEXT(2) 
PARAMETRIC_REPRESENTATION_CONTEXT() REPRESENTATION_CONTEXT('2D SPACE',''
  ) );
#874 = PCURVE('',#875,#880);
#875 = PLANE('',#876);
#876 = AXIS2_PLACEMENT_3D('',#877,#878,#879);
#877 = CARTESIAN_POINT('',(3.04E+03,-2.273736754432E-13,850.));
#878 = DIRECTION('',(-0.,0.,-1.));
#879 = DIRECTION('',(-0.999721801305,-2.358643667894E-02,0.));
#880 = DEFINITIONAL_REPRESENTATION('',(#881),#908);
#881 = B_SPLINE_CURVE_WITH_KNOTS('',13,(#882,#883,#884,#885,#886,#887,
    #888,#889,#890,#891,#892,#893,#894,#895,#896,#897,#898,#899,#900,
    #901,#902,#903,#904,#905,#906,#907),.UNSPECIFIED.,.F.,.F.,(14,12,14)
  ,(0.,0.5,1.),.UNSPECIFIED.);
#882 = CARTESIAN_POINT('',(0.,0.));
#883 = CARTESIAN_POINT('',(-6.497910220315,275.41686768774));
#884 = CARTESIAN_POINT('',(179.28142977556,555.3701326932));
#885 = CARTESIAN_POINT('',(557.82383000626,819.26694801243));
#886 = CARTESIAN_POINT('',(1.112363483291E+03,1.046107457062E+03));
#887 = CARTESIAN_POINT('',(1.808828834091E+03,1.216742993231E+03));
#888 = CARTESIAN_POINT('',(2.598156239974E+03,1.316190301373E+03));
#889 = CARTESIAN_POINT('',(3.420971919028E+03,1.335602991871E+03));
#890 = CARTESIAN_POINT('',(4.214110997854E+03,1.273490815852E+03));
#891 = CARTESIAN_POINT('',(4.917848562671E+03,1.13589026738E+03));
#892 = CARTESIAN_POINT('',(5.482468954637E+03,935.45410152506));
#893 = CARTESIAN_POINT('',(5.873035481274E+03,689.70287328758));
#894 = CARTESIAN_POINT('',(6.071810641715E+03,418.82240269572));
#895 = CARTESIAN_POINT('',(6.084806462155E+03,-132.0113326798));
#896 = CARTESIAN_POINT('',(5.89902712216E+03,-411.9645976849));
#897 = CARTESIAN_POINT('',(5.520484721929E+03,-675.8614130051));
#898 = CARTESIAN_POINT('',(4.965945068644E+03,-902.7019220529));
#899 = CARTESIAN_POINT('',(4.269479717844E+03,-1.073337458224E+03));
#900 = CARTESIAN_POINT('',(3.480152311961E+03,-1.172784766365E+03));
#901 = CARTESIAN_POINT('',(2.657336632907E+03,-1.192197456862E+03));
#902 = CARTESIAN_POINT('',(1.864197554081E+03,-1.130085280845E+03));
#903 = CARTESIAN_POINT('',(1.160459989265E+03,-992.4847323712));
#904 = CARTESIAN_POINT('',(595.8395972977,-792.0485665178));
#905 = CARTESIAN_POINT('',(205.27307066084,-546.2973382793));
#906 = CARTESIAN_POINT('',(6.497910220203,-275.4168676877));
#907 = CARTESIAN_POINT('',(9.094947017729E-13,-1.989519660128E-13));
#908 = ( GEOMETRIC_REPRESENTATION_CONTEXT(2) 
PARAMETRIC_REPRESENTATION_CONTEXT() REPRESENTATION_CONTEXT('2D SPACE',''
  ) );
#909 = ORIENTED_EDGE('',*,*,#910,.T.);
#910 = EDGE_CURVE('',#837,#911,#913,.T.);
#911 = VERTEX_POINT('',#912);
#912 = CARTESIAN_POINT('',(-2.160283495259E+03,-950.,815.));
#913 = SURFACE_CURVE('',#914,(#994,#1077),.PCURVE_S1.);
#914 = B_SPLINE_CURVE_WITH_KNOTS('',8,(#915,#916,#917,#918,#919,#920,
    #921,#922,#923,#924,#925,#926,#927,#928,#929,#930,#931,#932,#933,
    #934,#935,#936,#937,#938,#939,#940,#941,#942,#943,#944,#945,#946,
    #947,#948,#949,#950,#951,#952,#953,#954,#955,#956,#957,#958,#959,
    #960,#961,#962,#963,#964,#965,#966,#967,#968,#969,#970,#971,#972,
    #973,#974,#975,#976,#977,#978,#979,#980,#981,#982,#983,#984,#985,
    #986,#987,#988,#989,#990,#991,#992,#993),.UNSPECIFIED.,.F.,.F.,(9,7,
    7,7,7,7,7,7,7,7,7,9),(0.,3.706771966671E-02,9.95248189661E-02,
    0.167779607352,0.312455972159,0.474719468513,0.664395781338,
    0.779924731986,0.851262957507,0.894181080245,0.954630616734,1.),
  .UNSPECIFIED.);
#915 = CARTESIAN_POINT('',(-1.392126465219E+03,-1.013442887702E+03,850.)
  );
#916 = CARTESIAN_POINT('',(-1.395692871441E+03,-1.013632654544E+03,
    850.30098391127));
#917 = CARTESIAN_POINT('',(-1.399260374866E+03,-1.013808985207E+03,
    850.58427424809));
#918 = CARTESIAN_POINT('',(-1.402828813392E+03,-1.013973234146E+03,
    850.85123204275));
#919 = CARTESIAN_POINT('',(-1.406398053551E+03,-1.01412648007E+03,
    851.10295562196));
#920 = CARTESIAN_POINT('',(-1.409967985451E+03,-1.014269617531E+03,
    851.34036684508));
#921 = CARTESIAN_POINT('',(-1.413538520108E+03,-1.014403405561E+03,
    851.56425725473));
#922 = CARTESIAN_POINT('',(-1.417109587983E+03,-1.01452849399E+03,
    851.77531329566));
#923 = CARTESIAN_POINT('',(-1.426699005176E+03,-1.014842509289E+03,
    852.30915157367));
#924 = CARTESIAN_POINT('',(-1.432718201398E+03,-1.015016475556E+03,
    852.60944105122));
#925 = CARTESIAN_POINT('',(-1.438738462679E+03,-1.015170047119E+03,
    852.87789782239));
#926 = CARTESIAN_POINT('',(-1.444759574789E+03,-1.015305237169E+03,
    853.11674643336));
#927 = CARTESIAN_POINT('',(-1.450781364438E+03,-1.015423639847E+03,
    853.32780535651));
#928 = CARTESIAN_POINT('',(-1.456803695386E+03,-1.015526555772E+03,
    853.51260996416));
#929 = CARTESIAN_POINT('',(-1.462826466651E+03,-1.015615049161E+03,
    853.67246973394));
#930 = CARTESIAN_POINT('',(-1.475431862964E+03,-1.01577193052E+03,
    853.95722020508));
#931 = CARTESIAN_POINT('',(-1.482014532223E+03,-1.015837689453E+03,
    854.07748689391));
#932 = CARTESIAN_POINT('',(-1.488597508063E+03,-1.015888445817E+03,
    854.17082093323));
#933 = CARTESIAN_POINT('',(-1.49518069397E+03,-1.015925109169E+03,
    854.23847794823));
#934 = CARTESIAN_POINT('',(-1.501764006472E+03,-1.015948404421E+03,
    854.28154295715));
#935 = CARTESIAN_POINT('',(-1.508347374744E+03,-1.015958918652E+03,
    854.30097768423));
#936 = CARTESIAN_POINT('',(-1.514930740382E+03,-1.015957130538E+03,
    854.29765050717));
#937 = CARTESIAN_POINT('',(-1.535468395052E+03,-1.015914365901E+03,
    854.21871874345));
#938 = CARTESIAN_POINT('',(-1.549422452159E+03,-1.015831755571E+03,
    854.06636166237));
#939 = CARTESIAN_POINT('',(-1.563375789396E+03,-1.015699247517E+03,
    853.82279409179));
#940 = CARTESIAN_POINT('',(-1.577328011486E+03,-1.015518644573E+03,
    853.49399191443));
#941 = CARTESIAN_POINT('',(-1.591278781503E+03,-1.015290716697E+03,
    853.08523303957));
#942 = CARTESIAN_POINT('',(-1.605227824887E+03,-1.015015437325E+03,
    852.6013326657));
#943 = CARTESIAN_POINT('',(-1.619174932871E+03,-1.014692212727E+03,
    852.04685281381));
#944 = CARTESIAN_POINT('',(-1.648760179592E+03,-1.013902522489E+03,
    850.73008188423));
#945 = CARTESIAN_POINT('',(-1.664397699287E+03,-1.013423423106E+03,
    849.95072659758));
#946 = CARTESIAN_POINT('',(-1.680032274148E+03,-1.012881213006E+03,
    849.09433504523));
#947 = CARTESIAN_POINT('',(-1.695663661529E+03,-1.012273702139E+03,
    848.16687335528));
#948 = CARTESIAN_POINT('',(-1.711291634499E+03,-1.011598206144E+03,
    847.17424402838));
#949 = CARTESIAN_POINT('',(-1.726915986242E+03,-1.010851662802E+03,
    846.1223606682));
#950 = CARTESIAN_POINT('',(-1.742536531818E+03,-1.010030679015E+03,
    845.0171796685));
#951 = CARTESIAN_POINT('',(-1.776407954016E+03,-1.008080495413E+03,
    842.51762983268));
#952 = CARTESIAN_POINT('',(-1.794657270598E+03,-1.006922663528E+03,
    841.10595572474));
#953 = CARTESIAN_POINT('',(-1.81290083986E+03,-1.005652100485E+03,
    839.63938946825));
#954 = CARTESIAN_POINT('',(-1.831138351414E+03,-1.004262273385E+03,
    838.12776535804));
#955 = CARTESIAN_POINT('',(-1.849369406672E+03,-1.002746030992E+03,
    836.58120183011));
#956 = CARTESIAN_POINT('',(-1.86759351845E+03,-1.001095507076E+03,
    835.01019302695));
#957 = CARTESIAN_POINT('',(-1.885810106462E+03,-999.3018078517,
    833.42581267015));
#958 = CARTESIAN_POINT('',(-1.915108935204E+03,-996.1681625855,
    830.87436651574));
#959 = CARTESIAN_POINT('',(-1.926196287485E+03,-994.9249464512,
    829.90810415353));
#960 = CARTESIAN_POINT('',(-1.937280393785E+03,-993.6222932765,
    828.94411011894));
#961 = CARTESIAN_POINT('',(-1.948361048118E+03,-992.2575780523,
    827.98526388624));
#962 = CARTESIAN_POINT('',(-1.959437986828E+03,-990.8278792046,
    827.03463417138));
#963 = CARTESIAN_POINT('',(-1.970510885916E+03,-989.3299034798,
    826.0955292115));
#964 = CARTESIAN_POINT('',(-1.981579356173E+03,-987.7598521111,
    825.17158392497));
#965 = CARTESIAN_POINT('',(-1.999474607141E+03,-985.0963688381,
    823.70828968095));
#966 = CARTESIAN_POINT('',(-2.006304398314E+03,-984.0503460575,
    823.1570156705));
#967 = CARTESIAN_POINT('',(-2.0131321999E+03,-982.9740395955,
    822.61406193919));
#968 = CARTESIAN_POINT('',(-2.019957878809E+03,-981.8662690874,
    822.08047074164));
#969 = CARTESIAN_POINT('',(-2.026781275695E+03,-980.7257272874,
    821.55736878699));
#970 = CARTESIAN_POINT('',(-2.033602203072E+03,-979.5509478769,
    821.04598786627));
#971 = CARTESIAN_POINT('',(-2.040420442448E+03,-978.3402571982,
    820.5476953588));
#972 = CARTESIAN_POINT('',(-2.051335923732E+03,-976.3405655556,
    819.77305722232));
#973 = CARTESIAN_POINT('',(-2.055435037864E+03,-975.5757200275,
    819.48737607501));
#974 = CARTESIAN_POINT('',(-2.059533027416E+03,-974.7967496451,
    819.20732735793));
#975 = CARTESIAN_POINT('',(-2.063629828535E+03,-974.0031947346,
    818.93327122862));
#976 = CARTESIAN_POINT('',(-2.067725368597E+03,-973.1945547449,
    818.66559493682));
#977 = CARTESIAN_POINT('',(-2.071819565618E+03,-972.3702805987,
    818.40471761611));
#978 = CARTESIAN_POINT('',(-2.075912327435E+03,-971.5297642838,
    818.15109675023));
#979 = CARTESIAN_POINT('',(-2.085765977669E+03,-969.4646361839,
    817.55894555267));
#980 = CARTESIAN_POINT('',(-2.091525310466E+03,-968.2233847478,
    817.22805256088));
#981 = CARTESIAN_POINT('',(-2.097281299959E+03,-966.9466610003,
    816.913964227));
#982 = CARTESIAN_POINT('',(-2.103033606633E+03,-965.6322838228,
    816.61827112853));
#983 = CARTESIAN_POINT('',(-2.108781790397E+03,-964.2777051863,
    816.3428071516));
#984 = CARTESIAN_POINT('',(-2.114525301197E+03,-962.8799183621,
    816.08970697722));
#985 = CARTESIAN_POINT('',(-2.120263459021E+03,-961.4352638355,
    815.86152492511));
#986 = CARTESIAN_POINT('',(-2.130297432796E+03,-958.8160502908,
    815.51133727398));
#987 = CARTESIAN_POINT('',(-2.13459587394E+03,-957.6640400592,
    815.37704750363));
#988 = CARTESIAN_POINT('',(-2.138890424041E+03,-956.4809861559,
    815.25996981104));
#989 = CARTESIAN_POINT('',(-2.143180640137E+03,-955.2645732987,
    815.16167268702));
#990 = CARTESIAN_POINT('',(-2.14746592769E+03,-954.0120446999,
    815.08401508785));
#991 = CARTESIAN_POINT('',(-2.151745525483E+03,-952.7200945313,
    815.02921270327));
#992 = CARTESIAN_POINT('',(-2.156018467667E+03,-951.38459943,815.));
#993 = CARTESIAN_POINT('',(-2.160283495259E+03,-950.,815.));
#994 = PCURVE('',#33,#995);
#995 = DEFINITIONAL_REPRESENTATION('',(#996),#1076);
#996 = B_SPLINE_CURVE_WITH_KNOTS('',8,(#997,#998,#999,#1000,#1001,#1002,
    #1003,#1004,#1005,#1006,#1007,#1008,#1009,#1010,#1011,#1012,#1013,
    #1014,#1015,#1016,#1017,#1018,#1019,#1020,#1021,#1022,#1023,#1024,
    #1025,#1026,#1027,#1028,#1029,#1030,#1031,#1032,#1033,#1034,#1035,
    #1036,#1037,#1038,#1039,#1040,#1041,#1042,#1043,#1044,#1045,#1046,
    #1047,#1048,#1049,#1050,#1051,#1052,#1053,#1054,#1055,#1056,#1057,
    #1058,#1059,#1060,#1061,#1062,#1063,#1064,#1065,#1066,#1067,#1068,
    #1069,#1070,#1071,#1072,#1073,#1074,#1075),.UNSPECIFIED.,.F.,.F.,(9,
    7,7,7,7,7,7,7,7,7,7,9),(0.,3.706771966671E-02,9.95248189661E-02,
    0.167779607352,0.312455972159,0.474719468513,0.664395781338,
    0.779924731986,0.851262957507,0.894181080245,0.954630616734,1.),
  .UNSPECIFIED.);
#997 = CARTESIAN_POINT('',(0.67429438033,1.));
#998 = CARTESIAN_POINT('',(0.674138660287,0.99890551305));
#999 = CARTESIAN_POINT('',(0.673982238395,0.997830561865));
#1000 = CARTESIAN_POINT('',(0.673825205504,0.996773122972));
#1001 = CARTESIAN_POINT('',(0.673667633964,0.995731578389));
#1002 = CARTESIAN_POINT('',(0.673509583586,0.994704580571));
#1003 = CARTESIAN_POINT('',(0.673351104814,0.993690980477));
#1004 = CARTESIAN_POINT('',(0.673192240423,0.992689788494));
#1005 = CARTESIAN_POINT('',(0.672764761346,0.990032630462));
#1006 = CARTESIAN_POINT('',(0.672495506755,0.988397900261));
#1007 = CARTESIAN_POINT('',(0.672225439546,0.986791810888));
#1008 = CARTESIAN_POINT('',(0.671954691188,0.985211246577));
#1009 = CARTESIAN_POINT('',(0.671683365458,0.98365371259));
#1010 = CARTESIAN_POINT('',(0.671411546388,0.982117147069));
#1011 = CARTESIAN_POINT('',(0.671139301862,0.98059983467));
#1012 = CARTESIAN_POINT('',(0.670568767425,0.977461594039));
#1013 = CARTESIAN_POINT('',(0.67027040697,0.97584412863));
#1014 = CARTESIAN_POINT('',(0.669971679674,0.974246017367));
#1015 = CARTESIAN_POINT('',(0.669672643092,0.972665730854));
#1016 = CARTESIAN_POINT('',(0.669373342832,0.97110201166));
#1017 = CARTESIAN_POINT('',(0.669073815438,0.969553803253));
#1018 = CARTESIAN_POINT('',(0.668774090181,0.968020205176));
#1019 = CARTESIAN_POINT('',(0.667838505477,0.96327911258));
#1020 = CARTESIAN_POINT('',(0.66720203723,0.960119997407));
#1021 = CARTESIAN_POINT('',(0.66656500243,0.957015820582));
#1022 = CARTESIAN_POINT('',(0.665927501332,0.953961979351));
#1023 = CARTESIAN_POINT('',(0.665289565747,0.950955301388));
#1024 = CARTESIAN_POINT('',(0.664651172616,0.947993684639));
#1025 = CARTESIAN_POINT('',(0.664012257434,0.94507575531));
#1026 = CARTESIAN_POINT('',(0.662655440265,0.938976162131));
#1027 = CARTESIAN_POINT('',(0.661937381774,0.935805574068));
#1028 = CARTESIAN_POINT('',(0.661218406693,0.932687813506));
#1029 = CARTESIAN_POINT('',(0.660498326277,0.929622652694));
#1030 = CARTESIAN_POINT('',(0.659776913294,0.926610449174));
#1031 = CARTESIAN_POINT('',(0.659053908381,0.923651981341));
#1032 = CARTESIAN_POINT('',(0.658329022171,0.920748377307));
#1033 = CARTESIAN_POINT('',(0.656752012603,0.914572757123));
#1034 = CARTESIAN_POINT('',(0.655899087569,0.911321391604));
#1035 = CARTESIAN_POINT('',(0.655042646006,0.908149280866));
#1036 = CARTESIAN_POINT('',(0.654182123924,0.905059331312));
#1037 = CARTESIAN_POINT('',(0.653316901622,0.902055026627));
#1038 = CARTESIAN_POINT('',(0.652446294556,0.899140482333));
#1039 = CARTESIAN_POINT('',(0.651569527231,0.896320684402));
#1040 = CARTESIAN_POINT('',(0.65014733756,0.891946108513));
#1041 = CARTESIAN_POINT('',(0.649606372819,0.890327729291));
#1042 = CARTESIAN_POINT('',(0.649062574218,0.888748314958));
#1043 = CARTESIAN_POINT('',(0.648515714844,0.887209504592));
#1044 = CARTESIAN_POINT('',(0.647965544028,0.885713187831));
#1045 = CARTESIAN_POINT('',(0.647411781117,0.884261564277));
#1046 = CARTESIAN_POINT('',(0.646854104464,0.882857250161));
#1047 = CARTESIAN_POINT('',(0.645945117502,0.880667526535));
#1048 = CARTESIAN_POINT('',(0.64559646617,0.879850851799));
#1049 = CARTESIAN_POINT('',(0.645246087402,0.879054207788));
#1050 = CARTESIAN_POINT('',(0.644893882685,0.87827844723));
#1051 = CARTESIAN_POINT('',(0.644539743716,0.877524529804));
#1052 = CARTESIAN_POINT('',(0.644183549781,0.876793548278));
#1053 = CARTESIAN_POINT('',(0.643825163832,0.876086767792));
#1054 = CARTESIAN_POINT('',(0.643247402859,0.874995924873));
#1055 = CARTESIAN_POINT('',(0.643029527895,0.874595470641));
#1056 = CARTESIAN_POINT('',(0.642810767841,0.874204640192));
#1057 = CARTESIAN_POINT('',(0.642591085454,0.873823788837));
#1058 = CARTESIAN_POINT('',(0.642370440383,0.873453306629));
#1059 = CARTESIAN_POINT('',(0.642148788552,0.873093624659));
#1060 = CARTESIAN_POINT('',(0.641926081328,0.87274522365));
#1061 = CARTESIAN_POINT('',(0.641387021739,0.871934578561));
#1062 = CARTESIAN_POINT('',(0.641069579987,0.87148396877));
#1063 = CARTESIAN_POINT('',(0.640749785299,0.87105832594));
#1064 = CARTESIAN_POINT('',(0.640427464493,0.870659399563));
#1065 = CARTESIAN_POINT('',(0.64010241748,0.870289258725));
#1066 = CARTESIAN_POINT('',(0.639774409948,0.869950368713));
#1067 = CARTESIAN_POINT('',(0.639443158,0.869645753487));
#1068 = CARTESIAN_POINT('',(0.638856971591,0.869179377034));
#1069 = CARTESIAN_POINT('',(0.638603618451,0.869000939393));
#1070 = CARTESIAN_POINT('',(0.638348079387,0.868845679013));
#1071 = CARTESIAN_POINT('',(0.638090176281,0.868715534543));
#1072 = CARTESIAN_POINT('',(0.637829699951,0.868612841272));
#1073 = CARTESIAN_POINT('',(0.637566401769,0.868540422729));
#1074 = CARTESIAN_POINT('',(0.637299972863,0.868501819865));
#1075 = CARTESIAN_POINT('',(0.63702999637,0.868501819865));
#1076 = ( GEOMETRIC_REPRESENTATION_CONTEXT(2) 
PARAMETRIC_REPRESENTATION_CONTEXT() REPRESENTATION_CONTEXT('2D SPACE',''
  ) );
#1077 = PCURVE('',#748,#1078);
#1078 = DEFINITIONAL_REPRESENTATION('',(#1079),#1159);
#1079 = B_SPLINE_CURVE_WITH_KNOTS('',8,(#1080,#1081,#1082,#1083,#1084,
    #1085,#1086,#1087,#1088,#1089,#1090,#1091,#1092,#1093,#1094,#1095,
    #1096,#1097,#1098,#1099,#1100,#1101,#1102,#1103,#1104,#1105,#1106,
    #1107,#1108,#1109,#1110,#1111,#1112,#1113,#1114,#1115,#1116,#1117,
    #1118,#1119,#1120,#1121,#1122,#1123,#1124,#1125,#1126,#1127,#1128,
    #1129,#1130,#1131,#1132,#1133,#1134,#1135,#1136,#1137,#1138,#1139,
    #1140,#1141,#1142,#1143,#1144,#1145,#1146,#1147,#1148,#1149,#1150,
    #1151,#1152,#1153,#1154,#1155,#1156,#1157,#1158),.UNSPECIFIED.,.F.,
  .F.,(9,7,7,7,7,7,7,7,7,7,7,9),(0.,3.706771966671E-02,9.95248189661E-02
    ,0.167779607352,0.312455972159,0.474719468513,0.664395781338,
    0.779924731986,0.851262957507,0.894181080245,0.954630616734,1.),
  .UNSPECIFIED.);
#1080 = CARTESIAN_POINT('',(0.562536244544,1.257873534781E+03));
#1081 = CARTESIAN_POINT('',(0.557792073492,1.254307128559E+03));
#1082 = CARTESIAN_POINT('',(0.55334300972,1.250739625134E+03));
#1083 = CARTESIAN_POINT('',(0.549163908333,1.247171186608E+03));
#1084 = CARTESIAN_POINT('',(0.545234632408,1.243601946449E+03));
#1085 = CARTESIAN_POINT('',(0.541538390653,1.240032014549E+03));
#1086 = CARTESIAN_POINT('',(0.538060852693,1.236461479892E+03));
#1087 = CARTESIAN_POINT('',(0.534789669187,1.232890412017E+03));
#1088 = CARTESIAN_POINT('',(0.526531728463,1.223300994824E+03));
#1089 = CARTESIAN_POINT('',(0.521904605663,1.217281798602E+03));
#1090 = CARTESIAN_POINT('',(0.517780981204,1.211261537321E+03));
#1091 = CARTESIAN_POINT('',(0.514121655322,1.205240425211E+03));
#1092 = CARTESIAN_POINT('',(0.510894994896,1.199218635562E+03));
#1093 = CARTESIAN_POINT('',(0.508074625962,1.193196304614E+03));
#1094 = CARTESIAN_POINT('',(0.50563837799,1.187173533349E+03));
#1095 = CARTESIAN_POINT('',(0.501303617371,1.174568137036E+03));
#1096 = CARTESIAN_POINT('',(0.499476020222,1.167985467777E+03));
#1097 = CARTESIAN_POINT('',(0.498059459003,1.161402491937E+03));
#1098 = CARTESIAN_POINT('',(0.497033426736,1.15481930603E+03));
#1099 = CARTESIAN_POINT('',(0.49638060148,1.148235993528E+03));
#1100 = CARTESIAN_POINT('',(0.496085981448,1.141652625256E+03));
#1101 = CARTESIAN_POINT('',(0.496136343994,1.135069259618E+03));
#1102 = CARTESIAN_POINT('',(0.497333305887,1.114531604948E+03));
#1103 = CARTESIAN_POINT('',(0.499644136096,1.100577547841E+03));
#1104 = CARTESIAN_POINT('',(0.503341182892,1.086624210603E+03));
#1105 = CARTESIAN_POINT('',(0.50834294909,1.072671988515E+03));
#1106 = CARTESIAN_POINT('',(0.514582804969,1.058721218497E+03));
#1107 = CARTESIAN_POINT('',(0.522005159506,1.044772175114E+03));
#1108 = CARTESIAN_POINT('',(0.530561984909,1.030825067129E+03));
#1109 = CARTESIAN_POINT('',(0.551034172446,1.001239820408E+03));
#1110 = CARTESIAN_POINT('',(0.563231294357,985.60230071341));
#1111 = CARTESIAN_POINT('',(0.576744019982,969.96772585217));
#1112 = CARTESIAN_POINT('',(0.591523132081,954.33633847062));
#1113 = CARTESIAN_POINT('',(0.607526533583,938.7083655006));
#1114 = CARTESIAN_POINT('',(0.624718513052,923.08401375765));
#1115 = CARTESIAN_POINT('',(0.643070041276,907.46346818218));
#1116 = CARTESIAN_POINT('',(0.685341051493,873.59204598422));
#1117 = CARTESIAN_POINT('',(0.709677280083,855.34272940205));
#1118 = CARTESIAN_POINT('',(0.735533202291,837.09916013961));
#1119 = CARTESIAN_POINT('',(0.762887256337,818.86164858602));
#1120 = CARTESIAN_POINT('',(0.791733024567,800.63059332794));
#1121 = CARTESIAN_POINT('',(0.822081456124,782.40648154971));
#1122 = CARTESIAN_POINT('',(0.853965647281,764.18989353848));
#1123 = CARTESIAN_POINT('',(0.907845530369,734.89106479575));
#1124 = CARTESIAN_POINT('',(0.928834322454,723.80371251528));
#1125 = CARTESIAN_POINT('',(0.95043150308,712.71960621503));
#1126 = CARTESIAN_POINT('',(0.972656040724,701.63895188182));
#1127 = CARTESIAN_POINT('',(0.995532167821,690.56201317224));
#1128 = CARTESIAN_POINT('',(1.019090451958,679.48911408415));
#1129 = CARTESIAN_POINT('',(1.043369727753,668.42064382697));
#1130 = CARTESIAN_POINT('',(1.0838894035,650.52539285925));
#1131 = CARTESIAN_POINT('',(1.099652349644,643.6956016857));
#1132 = CARTESIAN_POINT('',(1.115721402907,636.86780010049));
#1133 = CARTESIAN_POINT('',(1.132110222026,630.04212119121));
#1134 = CARTESIAN_POINT('',(1.148834448417,623.21872430501));
#1135 = CARTESIAN_POINT('',(1.165912182909,616.3977969284));
#1136 = CARTESIAN_POINT('',(1.183364703576,609.57955755183));
#1137 = CARTESIAN_POINT('',(1.211957883518,598.6640762677));
#1138 = CARTESIAN_POINT('',(1.222843181718,594.56496213629));
#1139 = CARTESIAN_POINT('',(1.233878854807,590.46697258423));
#1140 = CARTESIAN_POINT('',(1.245070986766,586.37017146537));
#1141 = CARTESIAN_POINT('',(1.256426283296,582.27463140262));
#1142 = CARTESIAN_POINT('',(1.267952186776,578.1804343818));
#1143 = CARTESIAN_POINT('',(1.279657032895,574.08767256452));
#1144 = CARTESIAN_POINT('',(1.308301666629,564.23402233147));
#1145 = CARTESIAN_POINT('',(1.325426653067,558.47468953442));
#1146 = CARTESIAN_POINT('',(1.342951694246,552.71870004105));
#1147 = CARTESIAN_POINT('',(1.360907381757,546.96639336731));
#1148 = CARTESIAN_POINT('',(1.379329873986,541.21820960326));
#1149 = CARTESIAN_POINT('',(1.398262288551,535.47469880315));
#1150 = CARTESIAN_POINT('',(1.417757647885,529.7365409789));
#1151 = CARTESIAN_POINT('',(1.452991245446,519.70256720442));
#1152 = CARTESIAN_POINT('',(1.468453189535,515.40412606033));
#1153 = CARTESIAN_POINT('',(1.48430024882,511.10957595927));
#1154 = CARTESIAN_POINT('',(1.500566511233,506.81935986305));
#1155 = CARTESIAN_POINT('',(1.517292815361,502.53407231046));
#1156 = CARTESIAN_POINT('',(1.534528398081,498.25447451725));
#1157 = CARTESIAN_POINT('',(1.552335001061,493.98153233336));
#1158 = CARTESIAN_POINT('',(1.570796326795,489.71650474069));
#1159 = ( GEOMETRIC_REPRESENTATION_CONTEXT(2) 
PARAMETRIC_REPRESENTATION_CONTEXT() REPRESENTATION_CONTEXT('2D SPACE',''
  ) );
#1160 = ORIENTED_EDGE('',*,*,#1161,.T.);
#1161 = EDGE_CURVE('',#911,#1162,#1164,.T.);
#1162 = VERTEX_POINT('',#1163);
#1163 = CARTESIAN_POINT('',(-2.575E+03,-788.7599856194,815.));
#1164 = SURFACE_CURVE('',#1165,(#1175,#1188),.PCURVE_S1.);
#1165 = B_SPLINE_CURVE_WITH_KNOTS('',8,(#1166,#1167,#1168,#1169,#1170,
    #1171,#1172,#1173,#1174),.UNSPECIFIED.,.F.,.F.,(9,9),(0.,1.),
  .PIECEWISE_BEZIER_KNOTS.);
#1166 = CARTESIAN_POINT('',(-2.160283495259E+03,-950.,815.));
#1167 = CARTESIAN_POINT('',(-2.21321930265E+03,-932.8149086614,815.));
#1168 = CARTESIAN_POINT('',(-2.265906715025E+03,-914.8739116902,815.));
#1169 = CARTESIAN_POINT('',(-2.318322770365E+03,-896.1376751347,815.));
#1170 = CARTESIAN_POINT('',(-2.370437380963E+03,-876.5623553795,815.));
#1171 = CARTESIAN_POINT('',(-2.422212951679E+03,-856.0986430481,815.));
#1172 = CARTESIAN_POINT('',(-2.473603699984E+03,-834.6900740464,815.));
#1173 = CARTESIAN_POINT('',(-2.524554768712E+03,-812.2707983107,815.));
#1174 = CARTESIAN_POINT('',(-2.575E+03,-788.7599856194,815.));
#1175 = PCURVE('',#33,#1176);
#1176 = DEFINITIONAL_REPRESENTATION('',(#1177),#1187);
#1177 = B_SPLINE_CURVE_WITH_KNOTS('',8,(#1178,#1179,#1180,#1181,#1182,
    #1183,#1184,#1185,#1186),.UNSPECIFIED.,.F.,.F.,(9,9),(0.,1.),
  .PIECEWISE_BEZIER_KNOTS.);
#1178 = CARTESIAN_POINT('',(0.63702999637,0.868501819865));
#1179 = CARTESIAN_POINT('',(0.6336791567,0.868501819865));
#1180 = CARTESIAN_POINT('',(0.630274765816,0.868501819865));
#1181 = CARTESIAN_POINT('',(0.626812139494,0.868501819865));
#1182 = CARTESIAN_POINT('',(0.623286174807,0.868501819865));
#1183 = CARTESIAN_POINT('',(0.6196912038,0.868501819865));
#1184 = CARTESIAN_POINT('',(0.616020757278,0.868501819865));
#1185 = CARTESIAN_POINT('',(0.61226726212,0.868501819865));
#1186 = CARTESIAN_POINT('',(0.608421318093,0.868501819865));
#1187 = ( GEOMETRIC_REPRESENTATION_CONTEXT(2) 
PARAMETRIC_REPRESENTATION_CONTEXT() REPRESENTATION_CONTEXT('2D SPACE',''
  ) );
#1188 = PCURVE('',#1189,#1194);
#1189 = PLANE('',#1190);
#1190 = AXIS2_PLACEMENT_3D('',#1191,#1192,#1193);
#1191 = CARTESIAN_POINT('',(-2.65E+03,-1.025E+03,815.));
#1192 = DIRECTION('',(0.,0.,1.));
#1193 = DIRECTION('',(1.,0.,0.));
#1194 = DEFINITIONAL_REPRESENTATION('',(#1195),#1205);
#1195 = B_SPLINE_CURVE_WITH_KNOTS('',8,(#1196,#1197,#1198,#1199,#1200,
    #1201,#1202,#1203,#1204),.UNSPECIFIED.,.F.,.F.,(9,9),(0.,1.),
  .PIECEWISE_BEZIER_KNOTS.);
#1196 = CARTESIAN_POINT('',(489.71650474069,75.));
#1197 = CARTESIAN_POINT('',(436.78069734991,92.185091338555));
#1198 = CARTESIAN_POINT('',(384.09328497485,110.12608830976));
#1199 = CARTESIAN_POINT('',(331.67722963452,128.86232486525));
#1200 = CARTESIAN_POINT('',(279.56261903699,148.43764462045));
#1201 = CARTESIAN_POINT('',(227.78704832093,168.90135695184));
#1202 = CARTESIAN_POINT('',(176.39630001592,190.3099259536));
#1203 = CARTESIAN_POINT('',(125.44523128792,212.72920168922));
#1204 = CARTESIAN_POINT('',(75.,236.24001438058));
#1205 = ( GEOMETRIC_REPRESENTATION_CONTEXT(2) 
PARAMETRIC_REPRESENTATION_CONTEXT() REPRESENTATION_CONTEXT('2D SPACE',''
  ) );
#1206 = ORIENTED_EDGE('',*,*,#1207,.T.);
#1207 = EDGE_CURVE('',#1162,#1208,#1210,.T.);
#1208 = VERTEX_POINT('',#1209);
#1209 = CARTESIAN_POINT('',(-2.638442887702E+03,-566.2647922306,850.));
#1210 = SURFACE_CURVE('',#1211,(#1291,#1374),.PCURVE_S1.);
#1211 = B_SPLINE_CURVE_WITH_KNOTS('',8,(#1212,#1213,#1214,#1215,#1216,
    #1217,#1218,#1219,#1220,#1221,#1222,#1223,#1224,#1225,#1226,#1227,
    #1228,#1229,#1230,#1231,#1232,#1233,#1234,#1235,#1236,#1237,#1238,
    #1239,#1240,#1241,#1242,#1243,#1244,#1245,#1246,#1247,#1248,#1249,
    #1250,#1251,#1252,#1253,#1254,#1255,#1256,#1257,#1258,#1259,#1260,
    #1261,#1262,#1263,#1264,#1265,#1266,#1267,#1268,#1269,#1270,#1271,
    #1272,#1273,#1274,#1275,#1276,#1277,#1278,#1279,#1280,#1281,#1282,
    #1283,#1284,#1285,#1286,#1287,#1288,#1289,#1290),.UNSPECIFIED.,.F.,
  .F.,(9,7,7,7,7,7,7,7,7,7,7,9),(0.,4.547087867491E-02,
    9.016408580849E-02,0.133305551934,0.167426890659,0.190182664511,
    0.322896313427,0.440291684324,0.642823209225,0.82862925171,
    0.916526955192,1.),.UNSPECIFIED.);
#1212 = CARTESIAN_POINT('',(-2.575E+03,-788.7599856194,815.));
#1213 = CARTESIAN_POINT('',(-2.576585525505E+03,-788.0210259157,815.));
#1214 = CARTESIAN_POINT('',(-2.578123037486E+03,-787.2314631464,
    815.03830677936));
#1215 = CARTESIAN_POINT('',(-2.579613735812E+03,-786.3982206274,
    815.11086108934));
#1216 = CARTESIAN_POINT('',(-2.58105893828E+03,-785.5272084542,
    815.21404450272));
#1217 = CARTESIAN_POINT('',(-2.582460206481E+03,-784.6234285759,
    815.3446343631));
#1218 = CARTESIAN_POINT('',(-2.583819378835E+03,-783.6910033443,
    815.49980052097));
#1219 = CARTESIAN_POINT('',(-2.58513856059E+03,-782.7331693921,
    815.67711678896));
#1220 = CARTESIAN_POINT('',(-2.587679762356E+03,-780.788163805,
    816.06862651072));
#1221 = CARTESIAN_POINT('',(-2.588902619071E+03,-779.8021101133,
    816.28206978704));
#1222 = CARTESIAN_POINT('',(-2.59009067672E+03,-778.7966112648,
    816.51289878977));
#1223 = CARTESIAN_POINT('',(-2.591245651864E+03,-777.7737844894,
    816.759392533));
#1224 = CARTESIAN_POINT('',(-2.592369110889E+03,-776.7354313922,
    817.02004239906));
#1225 = CARTESIAN_POINT('',(-2.593462528119E+03,-775.683067242,
    817.29352295627));
#1226 = CARTESIAN_POINT('',(-2.594527312289E+03,-774.6179341371,
    817.57867695835));
#1227 = CARTESIAN_POINT('',(-2.596566327138E+03,-772.5014832287,
    818.16005241867));
#1228 = CARTESIAN_POINT('',(-2.597542328633E+03,-771.4510629506,
    818.45552022654));
#1229 = CARTESIAN_POINT('',(-2.598494014523E+03,-770.3906977672,
    818.7599814578));
#1230 = CARTESIAN_POINT('',(-2.599422434114E+03,-769.3212160293,
    819.07261461363));
#1231 = CARTESIAN_POINT('',(-2.600328541367E+03,-768.2433420044,
    819.39268323426));
#1232 = CARTESIAN_POINT('',(-2.601213220138E+03,-767.1577051302,
    819.71952409137));
#1233 = CARTESIAN_POINT('',(-2.602077300248E+03,-766.0648457757,
    820.05253915627));
#1234 = CARTESIAN_POINT('',(-2.603589307623E+03,-764.0955023212,
    820.65903727159));
#1235 = CARTESIAN_POINT('',(-2.604244642984E+03,-763.2215689885,
    820.93040443066));
#1236 = CARTESIAN_POINT('',(-2.604887950567E+03,-762.3436519656,
    821.2050239559));
#1237 = CARTESIAN_POINT('',(-2.605519584753E+03,-761.4619658893,
    821.48264571877));
#1238 = CARTESIAN_POINT('',(-2.606139877402E+03,-760.5767065036,
    821.7630368538));
#1239 = CARTESIAN_POINT('',(-2.606749141045E+03,-759.6880515813,
    822.04598028472));
#1240 = CARTESIAN_POINT('',(-2.607347672087E+03,-758.7961618458,
    822.33127325076));
#1241 = CARTESIAN_POINT('',(-2.608327950191E+03,-757.3043131256,
    822.81043009165));
#1242 = CARTESIAN_POINT('',(-2.608715497951E+03,-756.7060713423,
    823.0030944435));
#1243 = CARTESIAN_POINT('',(-2.609098480658E+03,-756.1065001828,
    823.19666237188));
#1244 = CARTESIAN_POINT('',(-2.609476978409E+03,-755.5056409808,
    823.39107965481));
#1245 = CARTESIAN_POINT('',(-2.609851068289E+03,-754.9035328277,
    823.58629424698));
#1246 = CARTESIAN_POINT('',(-2.610220824627E+03,-754.3002126366,
    823.78225616197));
#1247 = CARTESIAN_POINT('',(-2.610586319264E+03,-753.6957152055,
    823.97891735439));
#1248 = CARTESIAN_POINT('',(-2.61305476964E+03,-749.557916991,
    825.326985427));
#1249 = CARTESIAN_POINT('',(-2.615019089123E+03,-745.9872382962,
    826.4998196256));
#1250 = CARTESIAN_POINT('',(-2.616854830121E+03,-742.3838866506,
    827.68577474371));
#1251 = CARTESIAN_POINT('',(-2.618572753342E+03,-738.7524608955,
    828.87766344111));
#1252 = CARTESIAN_POINT('',(-2.620181966188E+03,-735.0966403828,
    830.06938409015));
#1253 = CARTESIAN_POINT('',(-2.621690299198E+03,-731.4192445914,
    831.25573847298));
#1254 = CARTESIAN_POINT('',(-2.62310471456E+03,-727.7223016558,
    832.4322267013));
#1255 = CARTESIAN_POINT('',(-2.625605039341E+03,-720.7206472563,
    834.6234244101));
#1256 = CARTESIAN_POINT('',(-2.62670988457E+03,-717.4203028518,
    835.64101190163));
#1257 = CARTESIAN_POINT('',(-2.627750220955E+03,-714.1071877726,
    836.64488883391));
#1258 = CARTESIAN_POINT('',(-2.628729765051E+03,-710.7823171801,
    837.63251179079));
#1259 = CARTESIAN_POINT('',(-2.629651856738E+03,-707.4465754256,
    838.60153972045));
#1260 = CARTESIAN_POINT('',(-2.630519538893E+03,-704.1007226616,
    839.54979921265));
#1261 = CARTESIAN_POINT('',(-2.631335599493E+03,-700.7453974463,
    840.47525992425));
#1262 = CARTESIAN_POINT('',(-2.633425852266E+03,-691.5770345311,
    842.92999226437));
#1263 = CARTESIAN_POINT('',(-2.634603003167E+03,-685.7467132338,
    844.41031692166));
#1264 = CARTESIAN_POINT('',(-2.635647286299E+03,-679.8927546092,
    845.80720591429));
#1265 = CARTESIAN_POINT('',(-2.636569762664E+03,-674.0175793572,
    847.1116960374));
#1266 = CARTESIAN_POINT('',(-2.637379926542E+03,-668.1234525935,
    848.31539996365));
#1267 = CARTESIAN_POINT('',(-2.638085891409E+03,-662.2124861363,
    849.41037686397));
#1268 = CARTESIAN_POINT('',(-2.638694318283E+03,-656.2866220591,
    850.38900874698));
#1269 = CARTESIAN_POINT('',(-2.63968356142E+03,-644.899035634,
    852.02795959737));
#1270 = CARTESIAN_POINT('',(-2.640078991095E+03,-639.4397879433,
    852.70783557111));
#1271 = CARTESIAN_POINT('',(-2.640400432911E+03,-633.9711916124,
    853.27762796071));
#1272 = CARTESIAN_POINT('',(-2.640650604154E+03,-628.4948356347,
    853.7315835495));
#1273 = CARTESIAN_POINT('',(-2.640830901505E+03,-623.012561039,
    854.06387359835));
#1274 = CARTESIAN_POINT('',(-2.640941229571E+03,-617.5264560809,
    854.26850727167));
#1275 = CARTESIAN_POINT('',(-2.640979600905E+03,-612.0388438358,
    854.33911494544));
#1276 = CARTESIAN_POINT('',(-2.640923201349E+03,-603.9567631427,
    854.23503153582));
#1277 = CARTESIAN_POINT('',(-2.64088793378E+03,-601.3615498905,
    854.16999299696));
#1278 = CARTESIAN_POINT('',(-2.640835014717E+03,-598.7668927505,
    854.07257750892));
#1279 = CARTESIAN_POINT('',(-2.640763808769E+03,-596.1731119991,
    853.94197660331));
#1280 = CARTESIAN_POINT('',(-2.640673526857E+03,-593.5805728564,
    853.77733098295));
#1281 = CARTESIAN_POINT('',(-2.640563198723E+03,-590.9896863635,
    853.57771718151));
#1282 = CARTESIAN_POINT('',(-2.640431632397E+03,-588.4009107476,
    853.34212718324));
#1283 = CARTESIAN_POINT('',(-2.640130854728E+03,-583.3587796825,
    852.8104814981));
#1284 = CARTESIAN_POINT('',(-2.639963875209E+03,-580.9052274212,
    852.51807281309));
#1285 = CARTESIAN_POINT('',(-2.639775163386E+03,-578.4544938044,
    852.19125387368));
#1286 = CARTESIAN_POINT('',(-2.639563238197E+03,-576.0070835835,
    851.82897635767));
#1287 = CARTESIAN_POINT('',(-2.63932634842E+03,-573.5636129624,
    851.43008601503));
#1288 = CARTESIAN_POINT('',(-2.639062419031E+03,-571.1248139878,
    850.9933009255));
#1289 = CARTESIAN_POINT('',(-2.638768957741E+03,-568.6915424255,
    850.51717062093));
#1290 = CARTESIAN_POINT('',(-2.638442887702E+03,-566.2647922306,850.));
#1291 = PCURVE('',#33,#1292);
#1292 = DEFINITIONAL_REPRESENTATION('',(#1293),#1373);
#1293 = B_SPLINE_CURVE_WITH_KNOTS('',8,(#1294,#1295,#1296,#1297,#1298,
    #1299,#1300,#1301,#1302,#1303,#1304,#1305,#1306,#1307,#1308,#1309,
    #1310,#1311,#1312,#1313,#1314,#1315,#1316,#1317,#1318,#1319,#1320,
    #1321,#1322,#1323,#1324,#1325,#1326,#1327,#1328,#1329,#1330,#1331,
    #1332,#1333,#1334,#1335,#1336,#1337,#1338,#1339,#1340,#1341,#1342,
    #1343,#1344,#1345,#1346,#1347,#1348,#1349,#1350,#1351,#1352,#1353,
    #1354,#1355,#1356,#1357,#1358,#1359,#1360,#1361,#1362,#1363,#1364,
    #1365,#1366,#1367,#1368,#1369,#1370,#1371,#1372),.UNSPECIFIED.,.F.,
  .F.,(9,7,7,7,7,7,7,7,7,7,7,9),(0.,4.547087867491E-02,
    9.016408580849E-02,0.133305551934,0.167426890659,0.190182664511,
    0.322896313427,0.440291684324,0.642823209225,0.82862925171,
    0.916526955192,1.),.UNSPECIFIED.);
#1294 = CARTESIAN_POINT('',(0.608421318093,0.868501819865));
#1295 = CARTESIAN_POINT('',(0.608300437642,0.868501819865));
#1296 = CARTESIAN_POINT('',(0.608176313173,0.868552440072));
#1297 = CARTESIAN_POINT('',(0.608049542176,0.868648316607));
#1298 = CARTESIAN_POINT('',(0.607920624164,0.868784794271));
#1299 = CARTESIAN_POINT('',(0.607789966989,0.868957802086));
#1300 = CARTESIAN_POINT('',(0.607657888414,0.869163814483));
#1301 = CARTESIAN_POINT('',(0.607524615459,0.869399851863));
#1302 = CARTESIAN_POINT('',(0.607258249968,0.869922587975));
#1303 = CARTESIAN_POINT('',(0.60712523935,0.870208260959));
#1304 = CARTESIAN_POINT('',(0.606991414445,0.870518082093));
#1305 = CARTESIAN_POINT('',(0.60685691184,0.8708500009));
#1306 = CARTESIAN_POINT('',(0.606721844141,0.871202243247));
#1307 = CARTESIAN_POINT('',(0.606586300679,0.871573269773));
#1308 = CARTESIAN_POINT('',(0.606450347696,0.871961756329));
#1309 = CARTESIAN_POINT('',(0.606182442275,0.872757339859));
#1310 = CARTESIAN_POINT('',(0.606050526619,0.873163287277));
#1311 = CARTESIAN_POINT('',(0.605918328128,0.873583377838));
#1312 = CARTESIAN_POINT('',(0.605785887024,0.874016697658));
#1313 = CARTESIAN_POINT('',(0.605653237168,0.874462438348));
#1314 = CARTESIAN_POINT('',(0.605520406043,0.874919881761));
#1315 = CARTESIAN_POINT('',(0.6053874147,0.875388390256));
#1316 = CARTESIAN_POINT('',(0.605148977276,0.876246261608));
#1317 = CARTESIAN_POINT('',(0.605043587688,0.876631684173));
#1318 = CARTESIAN_POINT('',(0.604938117303,0.877023387904));
#1319 = CARTESIAN_POINT('',(0.604832573566,0.877421113047));
#1320 = CARTESIAN_POINT('',(0.604726962944,0.877824620615));
#1321 = CARTESIAN_POINT('',(0.604621290898,0.878233690639));
#1322 = CARTESIAN_POINT('',(0.604515561852,0.878648120422));
#1323 = CARTESIAN_POINT('',(0.604339231914,0.879347558713));
#1324 = CARTESIAN_POINT('',(0.604268660972,0.879629694599));
#1325 = CARTESIAN_POINT('',(0.604198067437,0.879914074644));
#1326 = CARTESIAN_POINT('',(0.6041274523,0.880200645754));
#1327 = CARTESIAN_POINT('',(0.604056816451,0.880489357404));
#1328 = CARTESIAN_POINT('',(0.603986160669,0.880780161505));
#1329 = CARTESIAN_POINT('',(0.603915485622,0.881073012265));
#1330 = CARTESIAN_POINT('',(0.603432499732,0.883087479002));
#1331 = CARTESIAN_POINT('',(0.603019618505,0.884875024228));
#1332 = CARTESIAN_POINT('',(0.60260618132,0.886722146826));
#1333 = CARTESIAN_POINT('',(0.602192225684,0.88862252514));
#1334 = CARTESIAN_POINT('',(0.601777762373,0.89057102918));
#1335 = CARTESIAN_POINT('',(0.601362766355,0.892563547336));
#1336 = CARTESIAN_POINT('',(0.600947167258,0.894596798434));
#1337 = CARTESIAN_POINT('',(0.600162572623,0.898500652052));
#1338 = CARTESIAN_POINT('',(0.599793778143,0.900362724012));
#1339 = CARTESIAN_POINT('',(0.599424407834,0.902252579513));
#1340 = CARTESIAN_POINT('',(0.599054414808,0.904168583437));
#1341 = CARTESIAN_POINT('',(0.598683753298,0.906109317543));
#1342 = CARTESIAN_POINT('',(0.598312376318,0.908073549409));
#1343 = CARTESIAN_POINT('',(0.597940234144,0.910060216816));
#1344 = CARTESIAN_POINT('',(0.596923836872,0.915532978929));
#1345 = CARTESIAN_POINT('',(0.596278008692,0.919061381526));
#1346 = CARTESIAN_POINT('',(0.59562950486,0.922649011459));
#1347 = CARTESIAN_POINT('',(0.594978103196,0.926292134947));
#1348 = CARTESIAN_POINT('',(0.594323624591,0.929987698409));
#1349 = CARTESIAN_POINT('',(0.593665926045,0.933733282198));
#1350 = CARTESIAN_POINT('',(0.593004899214,0.937527173672));
#1351 = CARTESIAN_POINT('',(0.591730908238,0.944892652932));
#1352 = CARTESIAN_POINT('',(0.591118526818,0.948456472149));
#1353 = CARTESIAN_POINT('',(0.590503265788,0.952059333074));
#1354 = CARTESIAN_POINT('',(0.589885134396,0.955700935686));
#1355 = CARTESIAN_POINT('',(0.589264213666,0.959381440677));
#1356 = CARTESIAN_POINT('',(0.588640661233,0.963101590145));
#1357 = CARTESIAN_POINT('',(0.588014720469,0.966862975968));
#1358 = CARTESIAN_POINT('',(0.587089662527,0.972468883049));
#1359 = CARTESIAN_POINT('',(0.58679213656,0.974279037047));
#1360 = CARTESIAN_POINT('',(0.58649419688,0.976099364916));
#1361 = CARTESIAN_POINT('',(0.586195890134,0.977930226126));
#1362 = CARTESIAN_POINT('',(0.585897272596,0.979772038192));
#1363 = CARTESIAN_POINT('',(0.585598411024,0.981625293733));
#1364 = CARTESIAN_POINT('',(0.585299383885,0.983490585241));
#1365 = CARTESIAN_POINT('',(0.584716238361,0.987152151167));
#1366 = CARTESIAN_POINT('',(0.584432134179,0.988947129613));
#1367 = CARTESIAN_POINT('',(0.58414804476,0.99075422057));
#1368 = CARTESIAN_POINT('',(0.583864063085,0.992574131884));
#1369 = CARTESIAN_POINT('',(0.583580302634,0.994407658674));
#1370 = CARTESIAN_POINT('',(0.583296899464,0.996255713744));
#1371 = CARTESIAN_POINT('',(0.583014015666,0.99811937956));
#1372 = CARTESIAN_POINT('',(0.582731845429,1.));
#1373 = ( GEOMETRIC_REPRESENTATION_CONTEXT(2) 
PARAMETRIC_REPRESENTATION_CONTEXT() REPRESENTATION_CONTEXT('2D SPACE',''
  ) );
#1374 = PCURVE('',#1375,#1380);
#1375 = CYLINDRICAL_SURFACE('',#1376,75.);
#1376 = AXIS2_PLACEMENT_3D('',#1377,#1378,#1379);
#1377 = CARTESIAN_POINT('',(-2.575E+03,-1.025E+03,890.));
#1378 = DIRECTION('',(0.,1.,0.));
#1379 = DIRECTION('',(-1.,0.,0.));
#1380 = DEFINITIONAL_REPRESENTATION('',(#1381),#1461);
#1381 = B_SPLINE_CURVE_WITH_KNOTS('',8,(#1382,#1383,#1384,#1385,#1386,
    #1387,#1388,#1389,#1390,#1391,#1392,#1393,#1394,#1395,#1396,#1397,
    #1398,#1399,#1400,#1401,#1402,#1403,#1404,#1405,#1406,#1407,#1408,
    #1409,#1410,#1411,#1412,#1413,#1414,#1415,#1416,#1417,#1418,#1419,
    #1420,#1421,#1422,#1423,#1424,#1425,#1426,#1427,#1428,#1429,#1430,
    #1431,#1432,#1433,#1434,#1435,#1436,#1437,#1438,#1439,#1440,#1441,
    #1442,#1443,#1444,#1445,#1446,#1447,#1448,#1449,#1450,#1451,#1452,
    #1453,#1454,#1455,#1456,#1457,#1458,#1459,#1460),.UNSPECIFIED.,.F.,
  .F.,(9,7,7,7,7,7,7,7,7,7,7,9),(0.,4.547087867491E-02,
    9.016408580849E-02,0.133305551934,0.167426890659,0.190182664511,
    0.322896313427,0.440291684324,0.642823209225,0.82862925171,
    0.916526955192,1.),.UNSPECIFIED.);
#1382 = CARTESIAN_POINT('',(-1.570796326795,236.24001438058));
#1383 = CARTESIAN_POINT('',(-1.549655986728,236.97897408427));
#1384 = CARTESIAN_POINT('',(-1.529155826577,237.76853685358));
#1385 = CARTESIAN_POINT('',(-1.509265453898,238.60177937256));
#1386 = CARTESIAN_POINT('',(-1.489956555484,239.47279154574));
#1387 = CARTESIAN_POINT('',(-1.471200353631,240.37657142403));
#1388 = CARTESIAN_POINT('',(-1.452966474135,241.3089966556));
#1389 = CARTESIAN_POINT('',(-1.435222492193,242.2668306078));
#1390 = CARTESIAN_POINT('',(-1.400940041149,244.21183619492));
#1391 = CARTESIAN_POINT('',(-1.384392069343,245.19788988663));
#1392 = CARTESIAN_POINT('',(-1.368259901028,246.20338873515));
#1393 = CARTESIAN_POINT('',(-1.352518573422,247.22621551051));
#1394 = CARTESIAN_POINT('',(-1.33714587617,248.26456860774));
#1395 = CARTESIAN_POINT('',(-1.322121366674,249.31693275792));
#1396 = CARTESIAN_POINT('',(-1.307425858622,250.38206586283));
#1397 = CARTESIAN_POINT('',(-1.27915548472,252.49851677121));
#1398 = CARTESIAN_POINT('',(-1.265560667869,253.54893704939));
#1399 = CARTESIAN_POINT('',(-1.252240676399,254.6093022327));
#1400 = CARTESIAN_POINT('',(-1.239181691463,255.67878397069));
#1401 = CARTESIAN_POINT('',(-1.22637137187,256.75665799555));
#1402 = CARTESIAN_POINT('',(-1.213798460424,257.84229486974));
#1403 = CARTESIAN_POINT('',(-1.201452523982,258.93515422425));
#1404 = CARTESIAN_POINT('',(-1.179731029189,260.90449767875));
#1405 = CARTESIAN_POINT('',(-1.170274297757,261.77843101146));
#1406 = CARTESIAN_POINT('',(-1.16094892153,262.65634803435));
#1407 = CARTESIAN_POINT('',(-1.151750569347,263.53803411061));
#1408 = CARTESIAN_POINT('',(-1.14267524134,264.42329349633));
#1409 = CARTESIAN_POINT('',(-1.133719219997,265.3119484187));
#1410 = CARTESIAN_POINT('',(-1.124879021236,266.20383815414));
#1411 = CARTESIAN_POINT('',(-1.110330793772,267.69568687432));
#1412 = CARTESIAN_POINT('',(-1.104560303487,268.2939286576));
#1413 = CARTESIAN_POINT('',(-1.098838906449,268.8934998171));
#1414 = CARTESIAN_POINT('',(-1.093165681752,269.49435901919));
#1415 = CARTESIAN_POINT('',(-1.087539751796,270.09646717228));
#1416 = CARTESIAN_POINT('',(-1.081960278343,270.69978736336));
#1417 = CARTESIAN_POINT('',(-1.076426458568,271.30428479443));
#1418 = CARTESIAN_POINT('',(-1.038925561299,275.4420830089));
#1419 = CARTESIAN_POINT('',(-1.008443868559,279.01276170374));
#1420 = CARTESIAN_POINT('',(-0.979332975736,282.61611334936));
#1421 = CARTESIAN_POINT('',(-0.95148291032,286.24753910445));
#1422 = CARTESIAN_POINT('',(-0.924807189811,289.90335961711));
#1423 = CARTESIAN_POINT('',(-0.899236999746,293.5807554086));
#1424 = CARTESIAN_POINT('',(-0.874715092764,297.27769834413));
#1425 = CARTESIAN_POINT('',(-0.830387080237,304.27935274367));
#1426 = CARTESIAN_POINT('',(-0.810365800433,307.57969714813));
#1427 = CARTESIAN_POINT('',(-0.791098150709,310.89281222732));
#1428 = CARTESIAN_POINT('',(-0.772559829657,314.21768281989));
#1429 = CARTESIAN_POINT('',(-0.75473177712,317.55342457439));
#1430 = CARTESIAN_POINT('',(-0.737598992594,320.89927733833));
#1431 = CARTESIAN_POINT('',(-0.721149865933,324.25460255364));
#1432 = CARTESIAN_POINT('',(-0.678161769355,333.42296546886));
#1433 = CARTESIAN_POINT('',(-0.652958533341,339.25328676613));
#1434 = CARTESIAN_POINT('',(-0.629720165578,345.10724539075));
#1435 = CARTESIAN_POINT('',(-0.608430278477,350.98242064277));
#1436 = CARTESIAN_POINT('',(-0.589092390564,356.87654740643));
#1437 = CARTESIAN_POINT('',(-0.571725347149,362.78751386367));
#1438 = CARTESIAN_POINT('',(-0.556362061073,368.71337794087));
#1439 = CARTESIAN_POINT('',(-0.53083730403,380.10096436595));
#1440 = CARTESIAN_POINT('',(-0.520351905017,385.56021205665));
#1441 = CARTESIAN_POINT('',(-0.511630134651,391.02880838753));
#1442 = CARTESIAN_POINT('',(-0.504719443343,396.50516436529));
#1443 = CARTESIAN_POINT('',(-0.49967873352,401.98743896097));
#1444 = CARTESIAN_POINT('',(-0.496578992597,407.47354391905));
#1445 = CARTESIAN_POINT('',(-0.495507522587,412.96115616415));
#1446 = CARTESIAN_POINT('',(-0.497085947461,421.04323685729));
#1447 = CARTESIAN_POINT('',(-0.498072417523,423.63845010941));
#1448 = CARTESIAN_POINT('',(-0.499550564956,426.23310724946));
#1449 = CARTESIAN_POINT('',(-0.501533908787,428.82688800086));
#1450 = CARTESIAN_POINT('',(-0.504037543622,431.41942714353));
#1451 = CARTESIAN_POINT('',(-0.507078496207,434.01031363642));
#1452 = CARTESIAN_POINT('',(-0.510676276524,436.5990892523));
#1453 = CARTESIAN_POINT('',(-0.518820688001,441.64122031744));
#1454 = CARTESIAN_POINT('',(-0.523310343642,444.09477257873));
#1455 = CARTESIAN_POINT('',(-0.528342103775,446.54550619549));
#1456 = CARTESIAN_POINT('',(-0.53393805497,448.9929164164));
#1457 = CARTESIAN_POINT('',(-0.540123470463,451.43638703757));
#1458 = CARTESIAN_POINT('',(-0.546927509719,453.87518601213));
#1459 = CARTESIAN_POINT('',(-0.554384493581,456.30845757449));
#1460 = CARTESIAN_POINT('',(-0.562536244544,458.73520776937));
#1461 = ( GEOMETRIC_REPRESENTATION_CONTEXT(2) 
PARAMETRIC_REPRESENTATION_CONTEXT() REPRESENTATION_CONTEXT('2D SPACE',''
  ) );
#1462 = ORIENTED_EDGE('',*,*,#1463,.F.);
#1463 = EDGE_CURVE('',#1464,#1208,#1466,.T.);
#1464 = VERTEX_POINT('',#1465);
#1465 = CARTESIAN_POINT('',(-2.638442887702E+03,566.26479223062,850.));
#1466 = SURFACE_CURVE('',#1467,(#1494,#1501),.PCURVE_S1.);
#1467 = B_SPLINE_CURVE_WITH_KNOTS('',13,(#1468,#1469,#1470,#1471,#1472,
    #1473,#1474,#1475,#1476,#1477,#1478,#1479,#1480,#1481,#1482,#1483,
    #1484,#1485,#1486,#1487,#1488,#1489,#1490,#1491,#1492,#1493),
  .UNSPECIFIED.,.T.,.F.,(14,12,14),(0.,0.5,1.),.UNSPECIFIED.);
#1468 = CARTESIAN_POINT('',(3.04E+03,-2.273736754432E-13,850.));
#1469 = CARTESIAN_POINT('',(3.04E+03,275.49350962256,850.));
#1470 = CARTESIAN_POINT('',(2.847669243616E+03,550.987019356,850.));
#1471 = CARTESIAN_POINT('',(2.463007767863E+03,805.8819525723,850.));
#1472 = CARTESIAN_POINT('',(1.903272027483E+03,1.01957974047E+03,850.));
#1473 = CARTESIAN_POINT('',(1.202975748165E+03,1.17374067016E+03,850.));
#1474 = CARTESIAN_POINT('',(411.52232450051,1.254542891313E+03,850.));
#1475 = CARTESIAN_POINT('',(-411.5223245011,1.254542891313E+03,850.));
#1476 = CARTESIAN_POINT('',(-1.202975748164E+03,1.17374067016E+03,850.)
  );
#1477 = CARTESIAN_POINT('',(-1.903272027485E+03,1.01957974047E+03,850.)
  );
#1478 = CARTESIAN_POINT('',(-2.463007767861E+03,805.88195257207,850.));
#1479 = CARTESIAN_POINT('',(-2.847669243617E+03,550.98701935612,850.));
#1480 = CARTESIAN_POINT('',(-3.04E+03,275.49350962256,850.));
#1481 = CARTESIAN_POINT('',(-3.04E+03,-275.4935096226,850.));
#1482 = CARTESIAN_POINT('',(-2.847669243616E+03,-550.9870193557,850.));
#1483 = CARTESIAN_POINT('',(-2.463007767862E+03,-805.8819525729,850.));
#1484 = CARTESIAN_POINT('',(-1.903272027483E+03,-1.019579740469E+03,850.
    ));
#1485 = CARTESIAN_POINT('',(-1.202975748165E+03,-1.173740670161E+03,850.
    ));
#1486 = CARTESIAN_POINT('',(-411.5223245004,-1.254542891313E+03,850.));
#1487 = CARTESIAN_POINT('',(411.52232450111,-1.254542891312E+03,850.));
#1488 = CARTESIAN_POINT('',(1.202975748164E+03,-1.173740670161E+03,850.)
  );
#1489 = CARTESIAN_POINT('',(1.903272027485E+03,-1.019579740469E+03,850.)
  );
#1490 = CARTESIAN_POINT('',(2.463007767861E+03,-805.8819525728,850.));
#1491 = CARTESIAN_POINT('',(2.847669243617E+03,-550.9870193558,850.));
#1492 = CARTESIAN_POINT('',(3.04E+03,-275.4935096226,850.));
#1493 = CARTESIAN_POINT('',(3.04E+03,-4.547473508865E-13,850.));
#1494 = PCURVE('',#33,#1495);
#1495 = DEFINITIONAL_REPRESENTATION('',(#1496),#1500);
#1496 = LINE('',#1497,#1498);
#1497 = CARTESIAN_POINT('',(0.,1.));
#1498 = VECTOR('',#1499,1.);
#1499 = DIRECTION('',(1.,0.));
#1500 = ( GEOMETRIC_REPRESENTATION_CONTEXT(2) 
PARAMETRIC_REPRESENTATION_CONTEXT() REPRESENTATION_CONTEXT('2D SPACE',''
  ) );
#1501 = PCURVE('',#1502,#1507);
#1502 = PLANE('',#1503);
#1503 = AXIS2_PLACEMENT_3D('',#1504,#1505,#1506);
#1504 = CARTESIAN_POINT('',(3.04E+03,-2.273736754432E-13,850.));
#1505 = DIRECTION('',(-0.,0.,-1.));
#1506 = DIRECTION('',(-0.999721801305,-2.358643667894E-02,0.));
#1507 = DEFINITIONAL_REPRESENTATION('',(#1508),#1535);
#1508 = B_SPLINE_CURVE_WITH_KNOTS('',13,(#1509,#1510,#1511,#1512,#1513,
    #1514,#1515,#1516,#1517,#1518,#1519,#1520,#1521,#1522,#1523,#1524,
    #1525,#1526,#1527,#1528,#1529,#1530,#1531,#1532,#1533,#1534),
  .UNSPECIFIED.,.F.,.F.,(14,12,14),(0.,0.5,1.),.UNSPECIFIED.);
#1509 = CARTESIAN_POINT('',(0.,0.));
#1510 = CARTESIAN_POINT('',(-6.497910220315,275.41686768774));
#1511 = CARTESIAN_POINT('',(179.28142977556,555.3701326932));
#1512 = CARTESIAN_POINT('',(557.82383000626,819.26694801243));
#1513 = CARTESIAN_POINT('',(1.112363483291E+03,1.046107457062E+03));
#1514 = CARTESIAN_POINT('',(1.808828834091E+03,1.216742993231E+03));
#1515 = CARTESIAN_POINT('',(2.598156239974E+03,1.316190301373E+03));
#1516 = CARTESIAN_POINT('',(3.420971919028E+03,1.335602991871E+03));
#1517 = CARTESIAN_POINT('',(4.214110997854E+03,1.273490815852E+03));
#1518 = CARTESIAN_POINT('',(4.917848562671E+03,1.13589026738E+03));
#1519 = CARTESIAN_POINT('',(5.482468954637E+03,935.45410152506));
#1520 = CARTESIAN_POINT('',(5.873035481274E+03,689.70287328758));
#1521 = CARTESIAN_POINT('',(6.071810641715E+03,418.82240269572));
#1522 = CARTESIAN_POINT('',(6.084806462155E+03,-132.0113326798));
#1523 = CARTESIAN_POINT('',(5.89902712216E+03,-411.9645976849));
#1524 = CARTESIAN_POINT('',(5.520484721929E+03,-675.8614130051));
#1525 = CARTESIAN_POINT('',(4.965945068644E+03,-902.7019220529));
#1526 = CARTESIAN_POINT('',(4.269479717844E+03,-1.073337458224E+03));
#1527 = CARTESIAN_POINT('',(3.480152311961E+03,-1.172784766365E+03));
#1528 = CARTESIAN_POINT('',(2.657336632907E+03,-1.192197456862E+03));
#1529 = CARTESIAN_POINT('',(1.864197554081E+03,-1.130085280845E+03));
#1530 = CARTESIAN_POINT('',(1.160459989265E+03,-992.4847323712));
#1531 = CARTESIAN_POINT('',(595.8395972977,-792.0485665178));
#1532 = CARTESIAN_POINT('',(205.27307066084,-546.2973382793));
#1533 = CARTESIAN_POINT('',(6.497910220203,-275.4168676877));
#1534 = CARTESIAN_POINT('',(9.094947017729E-13,-1.989519660128E-13));
#1535 = ( GEOMETRIC_REPRESENTATION_CONTEXT(2) 
PARAMETRIC_REPRESENTATION_CONTEXT() REPRESENTATION_CONTEXT('2D SPACE',''
  ) );
#1536 = ORIENTED_EDGE('',*,*,#1537,.T.);
#1537 = EDGE_CURVE('',#1464,#1538,#1540,.T.);
#1538 = VERTEX_POINT('',#1539);
#1539 = CARTESIAN_POINT('',(-2.575E+03,788.75998561941,815.));
#1540 = SURFACE_CURVE('',#1541,(#1607,#1676),.PCURVE_S1.);
#1541 = B_SPLINE_CURVE_WITH_KNOTS('',8,(#1542,#1543,#1544,#1545,#1546,
    #1547,#1548,#1549,#1550,#1551,#1552,#1553,#1554,#1555,#1556,#1557,
    #1558,#1559,#1560,#1561,#1562,#1563,#1564,#1565,#1566,#1567,#1568,
    #1569,#1570,#1571,#1572,#1573,#1574,#1575,#1576,#1577,#1578,#1579,
    #1580,#1581,#1582,#1583,#1584,#1585,#1586,#1587,#1588,#1589,#1590,
    #1591,#1592,#1593,#1594,#1595,#1596,#1597,#1598,#1599,#1600,#1601,
    #1602,#1603,#1604,#1605,#1606),.UNSPECIFIED.,.F.,.F.,(9,7,7,7,7,7,7,
    7,7,9),(0.,9.797005957394E-02,0.201890978885,0.423154187866,
    0.618346211959,0.72696463288,0.854193788669,0.925311700011,
    0.951550721998,1.),.UNSPECIFIED.);
#1542 = CARTESIAN_POINT('',(-2.638442887702E+03,566.26479223062,850.));
#1543 = CARTESIAN_POINT('',(-2.638825591724E+03,569.11303631451,
    850.60699620609));
#1544 = CARTESIAN_POINT('',(-2.639163372651E+03,571.97023842704,
    851.15745239892));
#1545 = CARTESIAN_POINT('',(-2.639461209596E+03,574.83482156279,
    851.65411695936));
#1546 = CARTESIAN_POINT('',(-2.639722970276E+03,577.70545392907,
    852.09926828868));
#1547 = CARTESIAN_POINT('',(-2.639951779787E+03,580.58101820317,
    852.49488473243));
#1548 = CARTESIAN_POINT('',(-2.640150207428E+03,583.46059649131,
    852.84272707618));
#1549 = CARTESIAN_POINT('',(-2.64032036159E+03,586.34346298213,
    853.14437650125));
#1550 = CARTESIAN_POINT('',(-2.640616327532E+03,592.28996640843,
    853.67376945531));
#1551 = CARTESIAN_POINT('',(-2.640738811315E+03,595.35381580804,
    853.89589906771));
#1552 = CARTESIAN_POINT('',(-2.640833508813E+03,598.41988461846,
    854.06937405766));
#1553 = CARTESIAN_POINT('',(-2.640902019587E+03,601.48750707011,
    854.19571851601));
#1554 = CARTESIAN_POINT('',(-2.640945580622E+03,604.55608897325,
    854.27632587508));
#1555 = CARTESIAN_POINT('',(-2.640965133327E+03,607.62510627367,
    854.31249329455));
#1556 = CARTESIAN_POINT('',(-2.64096136466E+03,610.69410417615,
    854.30544169384));
#1557 = CARTESIAN_POINT('',(-2.640878058722E+03,620.29618882733,
    854.15177096212));
#1558 = CARTESIAN_POINT('',(-2.640717775932E+03,626.8274283619,
    853.85655648516));
#1559 = CARTESIAN_POINT('',(-2.640458422919E+03,633.3528211244,
    853.38193417778));
#1560 = CARTESIAN_POINT('',(-2.640100004108E+03,639.86897502244,
    852.73790920266));
#1561 = CARTESIAN_POINT('',(-2.639639529884E+03,646.37278263597,
    851.93418921003));
#1562 = CARTESIAN_POINT('',(-2.639071477263E+03,652.86144462838,
    850.98044606014));
#1563 = CARTESIAN_POINT('',(-2.63838817501E+03,659.33248566779,
    849.88652437365));
#1564 = CARTESIAN_POINT('',(-2.636866479517E+03,671.47487991562,
    847.58286680709));
#1565 = CARTESIAN_POINT('',(-2.636055920475E+03,677.15003322793,
    846.40207583535));
#1566 = CARTESIAN_POINT('',(-2.635141238629E+03,682.80776266173,
    845.12722640021));
#1567 = CARTESIAN_POINT('',(-2.634114361907E+03,688.44624977959,
    843.76562652226));
#1568 = CARTESIAN_POINT('',(-2.632965983128E+03,694.06333487399,
    842.32504881567));
#1569 = CARTESIAN_POINT('',(-2.631685403695E+03,699.65651724576,
    840.81388139608));
#1570 = CARTESIAN_POINT('',(-2.630260289668E+03,705.22294745308,
    839.24127557764));
#1571 = CARTESIAN_POINT('',(-2.627793836154E+03,713.84021397382,
    836.71393335478));
#1572 = CARTESIAN_POINT('',(-2.626862672389E+03,716.91161506506,
    835.7945599622));
#1573 = CARTESIAN_POINT('',(-2.625879577217E+03,719.97300352592,
    834.86116518611));
#1574 = CARTESIAN_POINT('',(-2.624841756008E+03,723.02366107004,
    833.91566513475));
#1575 = CARTESIAN_POINT('',(-2.623746149171E+03,726.06271253041,
    832.96014405843));
#1576 = CARTESIAN_POINT('',(-2.622589380366E+03,729.08912089983,
    831.99688241961));
#1577 = CARTESIAN_POINT('',(-2.6213676581E+03,732.10167616504,
    831.02839882907));
#1578 = CARTESIAN_POINT('',(-2.618564310859E+03,738.60982739139,
    828.92028894682));
#1579 = CARTESIAN_POINT('',(-2.61695723904E+03,742.09892631542,
    827.7800372467));
#1580 = CARTESIAN_POINT('',(-2.61524807983E+03,745.56477020972,
    826.6410668403));
#1581 = CARTESIAN_POINT('',(-2.613428637783E+03,749.00462237682,
    825.50853129096));
#1582 = CARTESIAN_POINT('',(-2.611489673537E+03,752.41449506756,
    824.38858729166));
#1583 = CARTESIAN_POINT('',(-2.609420227867E+03,755.78899731572,
    823.28873327914));
#1584 = CARTESIAN_POINT('',(-2.607207219633E+03,759.12125750301,
    822.21802453374));
#1585 = CARTESIAN_POINT('',(-2.603504541583E+03,764.23611276271,
    820.6127899575));
#1586 = CARTESIAN_POINT('',(-2.602126652326E+03,766.05352432413,
    820.05020402805));
#1587 = CARTESIAN_POINT('',(-2.600695196426E+03,767.85296139835,
    819.50261591978));
#1588 = CARTESIAN_POINT('',(-2.599206644477E+03,769.63233765811,
    818.97246139389));
#1589 = CARTESIAN_POINT('',(-2.597657154762E+03,771.38889815204,
    818.46263793816));
#1590 = CARTESIAN_POINT('',(-2.596042398525E+03,773.11915267105,
    817.9765974594));
#1591 = CARTESIAN_POINT('',(-2.594357372061E+03,774.81880594829,
    817.51843899774));
#1592 = CARTESIAN_POINT('',(-2.591945626243E+03,777.09626988403,
    816.93637800906));
#1593 = CARTESIAN_POINT('',(-2.591285228663E+03,777.70513537707,
    816.78400353926));
#1594 = CARTESIAN_POINT('',(-2.590614125417E+03,778.30877484902,
    816.63638607052));
#1595 = CARTESIAN_POINT('',(-2.589932002786E+03,778.90686720525,
    816.49380593453));
#1596 = CARTESIAN_POINT('',(-2.589238538054E+03,779.49905326721,
    816.35656674856));
#1597 = CARTESIAN_POINT('',(-2.588533396274E+03,780.0849340878,
    816.22499713102));
#1598 = CARTESIAN_POINT('',(-2.587816225557E+03,780.66406847831,
    816.09945308661));
#1599 = CARTESIAN_POINT('',(-2.585739521191E+03,782.2919619852,
    815.76034866146));
#1600 = CARTESIAN_POINT('',(-2.584350590405E+03,783.32291044806,
    815.56231719718));
#1601 = CARTESIAN_POINT('',(-2.582916989249E+03,784.32621980234,
    815.38854156066));
#1602 = CARTESIAN_POINT('',(-2.581436159269E+03,785.29819581442,
    815.24184176272));
#1603 = CARTESIAN_POINT('',(-2.579905852641E+03,786.23404013286,
    815.12554860465));
#1604 = CARTESIAN_POINT('',(-2.578324145842E+03,787.12785901939,
    815.04348973487));
#1605 = CARTESIAN_POINT('',(-2.576689387411E+03,787.97261940142,815.));
#1606 = CARTESIAN_POINT('',(-2.575E+03,788.75998561941,815.));
#1607 = PCURVE('',#33,#1608);
#1608 = DEFINITIONAL_REPRESENTATION('',(#1609),#1675);
#1609 = B_SPLINE_CURVE_WITH_KNOTS('',8,(#1610,#1611,#1612,#1613,#1614,
    #1615,#1616,#1617,#1618,#1619,#1620,#1621,#1622,#1623,#1624,#1625,
    #1626,#1627,#1628,#1629,#1630,#1631,#1632,#1633,#1634,#1635,#1636,
    #1637,#1638,#1639,#1640,#1641,#1642,#1643,#1644,#1645,#1646,#1647,
    #1648,#1649,#1650,#1651,#1652,#1653,#1654,#1655,#1656,#1657,#1658,
    #1659,#1660,#1661,#1662,#1663,#1664,#1665,#1666,#1667,#1668,#1669,
    #1670,#1671,#1672,#1673,#1674),.UNSPECIFIED.,.F.,.F.,(9,7,7,7,7,7,7,
    7,7,9),(0.,9.797005957394E-02,0.201890978885,0.423154187866,
    0.618346211959,0.72696463288,0.854193788669,0.925311700011,
    0.951550721998,1.),.UNSPECIFIED.);
#1610 = CARTESIAN_POINT('',(0.417268154571,1.));
#1611 = CARTESIAN_POINT('',(0.416936975157,0.997792741069));
#1612 = CARTESIAN_POINT('',(0.416604815744,0.995608857401));
#1613 = CARTESIAN_POINT('',(0.416271986778,0.993446152605));
#1614 = CARTESIAN_POINT('',(0.415938739853,0.991302939634));
#1615 = CARTESIAN_POINT('',(0.415605280871,0.989177837459));
#1616 = CARTESIAN_POINT('',(0.415271776878,0.987069666335));
#1617 = CARTESIAN_POINT('',(0.414938359734,0.984977393192));
#1618 = CARTESIAN_POINT('',(0.414251658906,0.980696584709));
#1619 = CARTESIAN_POINT('',(0.413898413818,0.978510016489));
#1620 = CARTESIAN_POINT('',(0.413545524961,0.976339318808));
#1621 = CARTESIAN_POINT('',(0.413193101027,0.974183670581));
#1622 = CARTESIAN_POINT('',(0.412841232083,0.972042415273));
#1623 = CARTESIAN_POINT('',(0.412489991503,0.969915018962));
#1624 = CARTESIAN_POINT('',(0.412139437235,0.967801044121));
#1625 = CARTESIAN_POINT('',(0.411044784513,0.961226960358));
#1626 = CARTESIAN_POINT('',(0.41030331231,0.956813271952));
#1627 = CARTESIAN_POINT('',(0.409565601237,0.952455450864));
#1628 = CARTESIAN_POINT('',(0.408831899508,0.948152247803));
#1629 = CARTESIAN_POINT('',(0.4081023249,0.943903721861));
#1630 = CARTESIAN_POINT('',(0.407376874751,0.939710916869));
#1631 = CARTESIAN_POINT('',(0.406655435351,0.935575594598));
#1632 = CARTESIAN_POINT('',(0.405304683601,0.927905017511));
#1633 = CARTESIAN_POINT('',(0.40467459726,0.924356840003));
#1634 = CARTESIAN_POINT('',(0.40404736098,0.920857328873));
#1635 = CARTESIAN_POINT('',(0.403422809458,0.917408910538));
#1636 = CARTESIAN_POINT('',(0.402800766979,0.914014707187));
#1637 = CARTESIAN_POINT('',(0.402181039867,0.910678572429));
#1638 = CARTESIAN_POINT('',(0.401563407411,0.907405170116));
#1639 = CARTESIAN_POINT('',(0.400604910348,0.90241696496));
#1640 = CARTESIAN_POINT('',(0.400262808069,0.900654906017));
#1641 = CARTESIAN_POINT('',(0.39992123846,0.898915180714));
#1642 = CARTESIAN_POINT('',(0.39958016158,0.897198975117));
#1643 = CARTESIAN_POINT('',(0.399239543237,0.895507671512));
#1644 = CARTESIAN_POINT('',(0.398899353322,0.893842869432));
#1645 = CARTESIAN_POINT('',(0.398559563245,0.892206426536));
#1646 = CARTESIAN_POINT('',(0.397822563334,0.888719491243));
#1647 = CARTESIAN_POINT('',(0.397425583426,0.886880805254));
#1648 = CARTESIAN_POINT('',(0.397029067115,0.88508756863));
#1649 = CARTESIAN_POINT('',(0.396632969935,0.8833440133));
#1650 = CARTESIAN_POINT('',(0.396237330016,0.881655576691));
#1651 = CARTESIAN_POINT('',(0.39584225645,0.88002924165));
#1652 = CARTESIAN_POINT('',(0.395447919987,0.878473736992));
#1653 = CARTESIAN_POINT('',(0.394834608618,0.87617803602));
#1654 = CARTESIAN_POINT('',(0.39461505324,0.875381038758));
#1655 = CARTESIAN_POINT('',(0.394395864069,0.874612203387));
#1656 = CARTESIAN_POINT('',(0.394177110892,0.873874088616));
#1657 = CARTESIAN_POINT('',(0.393958915152,0.873169824635));
#1658 = CARTESIAN_POINT('',(0.393741449579,0.872503222602));
#1659 = CARTESIAN_POINT('',(0.39352493782,0.871878891179));
#1660 = CARTESIAN_POINT('',(0.393230228048,0.871090121586));
#1661 = CARTESIAN_POINT('',(0.393150972654,0.870884105863));
#1662 = CARTESIAN_POINT('',(0.393071905841,0.870684956956));
#1663 = CARTESIAN_POINT('',(0.392993046488,0.870493001974));
#1664 = CARTESIAN_POINT('',(0.392914416687,0.870308598104));
#1665 = CARTESIAN_POINT('',(0.392836041791,0.870132135001));
#1666 = CARTESIAN_POINT('',(0.392757950474,0.869964038227));
#1667 = CARTESIAN_POINT('',(0.392536565293,0.869510698425));
#1668 = CARTESIAN_POINT('',(0.392394084126,0.869246842588));
#1669 = CARTESIAN_POINT('',(0.392252872403,0.869015981122));
#1670 = CARTESIAN_POINT('',(0.392113183972,0.868821563321));
#1671 = CARTESIAN_POINT('',(0.391975385101,0.868667725398));
#1672 = CARTESIAN_POINT('',(0.391839953521,0.868559289031));
#1673 = CARTESIAN_POINT('',(0.391707480789,0.868501819865));
#1674 = CARTESIAN_POINT('',(0.391578681907,0.868501819865));
#1675 = ( GEOMETRIC_REPRESENTATION_CONTEXT(2) 
PARAMETRIC_REPRESENTATION_CONTEXT() REPRESENTATION_CONTEXT('2D SPACE',''
  ) );
#1676 = PCURVE('',#1375,#1677);
#1677 = DEFINITIONAL_REPRESENTATION('',(#1678),#1744);
#1678 = B_SPLINE_CURVE_WITH_KNOTS('',8,(#1679,#1680,#1681,#1682,#1683,
    #1684,#1685,#1686,#1687,#1688,#1689,#1690,#1691,#1692,#1693,#1694,
    #1695,#1696,#1697,#1698,#1699,#1700,#1701,#1702,#1703,#1704,#1705,
    #1706,#1707,#1708,#1709,#1710,#1711,#1712,#1713,#1714,#1715,#1716,
    #1717,#1718,#1719,#1720,#1721,#1722,#1723,#1724,#1725,#1726,#1727,
    #1728,#1729,#1730,#1731,#1732,#1733,#1734,#1735,#1736,#1737,#1738,
    #1739,#1740,#1741,#1742,#1743),.UNSPECIFIED.,.F.,.F.,(9,7,7,7,7,7,7,
    7,7,9),(0.,9.797005957394E-02,0.201890978885,0.423154187866,
    0.618346211959,0.72696463288,0.854193788669,0.925311700011,
    0.951550721998,1.),.UNSPECIFIED.);
#1679 = CARTESIAN_POINT('',(-0.562536244544,1.591264792231E+03));
#1680 = CARTESIAN_POINT('',(-0.552968644012,1.594113036315E+03));
#1681 = CARTESIAN_POINT('',(-0.54435819581,1.596970238427E+03));
#1682 = CARTESIAN_POINT('',(-0.53663716424,1.599834821563E+03));
#1683 = CARTESIAN_POINT('',(-0.529752122658,1.602705453929E+03));
#1684 = CARTESIAN_POINT('',(-0.523658777766,1.605581018203E+03));
#1685 = CARTESIAN_POINT('',(-0.5183194219,1.608460596491E+03));
#1686 = CARTESIAN_POINT('',(-0.513701716068,1.611343462982E+03));
#1687 = CARTESIAN_POINT('',(-0.505614934109,1.617289966408E+03));
#1688 = CARTESIAN_POINT('',(-0.502232846905,1.620353815808E+03));
#1689 = CARTESIAN_POINT('',(-0.499597684725,1.623419884618E+03));
#1690 = CARTESIAN_POINT('',(-0.497681363795,1.62648750707E+03));
#1691 = CARTESIAN_POINT('',(-0.496459698428,1.629556088973E+03));
#1692 = CARTESIAN_POINT('',(-0.495911507572,1.632625106274E+03));
#1693 = CARTESIAN_POINT('',(-0.496018112373,1.635694104176E+03));
#1694 = CARTESIAN_POINT('',(-0.498348761235,1.645296188827E+03));
#1695 = CARTESIAN_POINT('',(-0.502827691837,1.651827428362E+03));
#1696 = CARTESIAN_POINT('',(-0.510039134665,1.658352821124E+03));
#1697 = CARTESIAN_POINT('',(-0.519865877779,1.664868975022E+03));
#1698 = CARTESIAN_POINT('',(-0.532214071957,1.671372782636E+03));
#1699 = CARTESIAN_POINT('',(-0.547010676515,1.677861444628E+03));
#1700 = CARTESIAN_POINT('',(-0.564202362641,1.684332485668E+03));
#1701 = CARTESIAN_POINT('',(-0.601013943811,1.696474879916E+03));
#1702 = CARTESIAN_POINT('',(-0.620107269964,1.702150033228E+03));
#1703 = CARTESIAN_POINT('',(-0.64102002687,1.707807762662E+03));
#1704 = CARTESIAN_POINT('',(-0.663745101404,1.71344624978E+03));
#1705 = CARTESIAN_POINT('',(-0.688289250822,1.719063334874E+03));
#1706 = CARTESIAN_POINT('',(-0.714676820795,1.724656517246E+03));
#1707 = CARTESIAN_POINT('',(-0.742954448753,1.730222947453E+03));
#1708 = CARTESIAN_POINT('',(-0.790039906095,1.738840213974E+03));
#1709 = CARTESIAN_POINT('',(-0.807484284972,1.741911615065E+03));
#1710 = CARTESIAN_POINT('',(-0.825553341946,1.744973003526E+03));
#1711 = CARTESIAN_POINT('',(-0.844264289172,1.74802366107E+03));
#1712 = CARTESIAN_POINT('',(-0.863637918756,1.75106271253E+03));
#1713 = CARTESIAN_POINT('',(-0.883699388753,1.7540891209E+03));
#1714 = CARTESIAN_POINT('',(-0.904479656394,1.757101676165E+03));
#1715 = CARTESIAN_POINT('',(-0.951246944161,1.763609827391E+03));
#1716 = CARTESIAN_POINT('',(-0.977510154336,1.767098926315E+03));
#1717 = CARTESIAN_POINT('',(-1.004875422033,1.77056477021E+03));
#1718 = CARTESIAN_POINT('',(-1.033421818395,1.774004622377E+03));
#1719 = CARTESIAN_POINT('',(-1.06324228686,1.777414495068E+03));
#1720 = CARTESIAN_POINT('',(-1.094453891666,1.780788997316E+03));
#1721 = CARTESIAN_POINT('',(-1.127204524463,1.784121257503E+03));
#1722 = CARTESIAN_POINT('',(-1.18101340896,1.789236112763E+03));
#1723 = CARTESIAN_POINT('',(-1.200853049926,1.791053524324E+03));
#1724 = CARTESIAN_POINT('',(-1.221279380663,1.792852961398E+03));
#1725 = CARTESIAN_POINT('',(-1.242336219597,1.794632337658E+03));
#1726 = CARTESIAN_POINT('',(-1.264072100285,1.796388898152E+03));
#1727 = CARTESIAN_POINT('',(-1.286543165312,1.798119152671E+03));
#1728 = CARTESIAN_POINT('',(-1.309816300877,1.799818805948E+03));
#1729 = CARTESIAN_POINT('',(-1.342896171599,1.802096269884E+03));
#1730 = CARTESIAN_POINT('',(-1.351932360876,1.802705135377E+03));
#1731 = CARTESIAN_POINT('',(-1.361093507611,1.803308774849E+03));
#1732 = CARTESIAN_POINT('',(-1.370384004254,1.803906867205E+03));
#1733 = CARTESIAN_POINT('',(-1.3798084269,1.804499053267E+03));
#1734 = CARTESIAN_POINT('',(-1.389371593277,1.805084934088E+03));
#1735 = CARTESIAN_POINT('',(-1.399078642809,1.805664068478E+03));
#1736 = CARTESIAN_POINT('',(-1.427134754315,1.807291961985E+03));
#1737 = CARTESIAN_POINT('',(-1.445837286516,1.808322910448E+03));
#1738 = CARTESIAN_POINT('',(-1.465084708975,1.809326219802E+03));
#1739 = CARTESIAN_POINT('',(-1.484915934249,1.810298195814E+03));
#1740 = CARTESIAN_POINT('',(-1.505367545346,1.811234040133E+03));
#1741 = CARTESIAN_POINT('',(-1.526474381487,1.812127859019E+03));
#1742 = CARTESIAN_POINT('',(-1.54827116132,1.812972619401E+03));
#1743 = CARTESIAN_POINT('',(-1.570796326795,1.813759985619E+03));
#1744 = ( GEOMETRIC_REPRESENTATION_CONTEXT(2) 
PARAMETRIC_REPRESENTATION_CONTEXT() REPRESENTATION_CONTEXT('2D SPACE',''
  ) );
#1745 = ORIENTED_EDGE('',*,*,#1746,.T.);
#1746 = EDGE_CURVE('',#1538,#1747,#1749,.T.);
#1747 = VERTEX_POINT('',#1748);
#1748 = CARTESIAN_POINT('',(-2.160283495259E+03,950.,815.));
#1749 = SURFACE_CURVE('',#1750,(#1760,#1773),.PCURVE_S1.);
#1750 = B_SPLINE_CURVE_WITH_KNOTS('',8,(#1751,#1752,#1753,#1754,#1755,
    #1756,#1757,#1758,#1759),.UNSPECIFIED.,.F.,.F.,(9,9),(0.,1.),
  .PIECEWISE_BEZIER_KNOTS.);
#1751 = CARTESIAN_POINT('',(-2.575E+03,788.75998561941,815.));
#1752 = CARTESIAN_POINT('',(-2.524554768711E+03,812.27079831133,815.));
#1753 = CARTESIAN_POINT('',(-2.473603699989E+03,834.69007404344,815.));
#1754 = CARTESIAN_POINT('',(-2.422212951668E+03,856.09864305498,815.));
#1755 = CARTESIAN_POINT('',(-2.370437380977E+03,876.56235537085,815.));
#1756 = CARTESIAN_POINT('',(-2.318322770354E+03,896.1376751411,815.));
#1757 = CARTESIAN_POINT('',(-2.26590671503E+03,914.87391168775,815.));
#1758 = CARTESIAN_POINT('',(-2.213219302649E+03,932.81490866181,815.));
#1759 = CARTESIAN_POINT('',(-2.160283495259E+03,950.,815.));
#1760 = PCURVE('',#33,#1761);
#1761 = DEFINITIONAL_REPRESENTATION('',(#1762),#1772);
#1762 = B_SPLINE_CURVE_WITH_KNOTS('',8,(#1763,#1764,#1765,#1766,#1767,
    #1768,#1769,#1770,#1771),.UNSPECIFIED.,.F.,.F.,(9,9),(0.,1.),
  .PIECEWISE_BEZIER_KNOTS.);
#1763 = CARTESIAN_POINT('',(0.391578681907,0.868501819865));
#1764 = CARTESIAN_POINT('',(0.38773273788,0.868501819865));
#1765 = CARTESIAN_POINT('',(0.383979242722,0.868501819865));
#1766 = CARTESIAN_POINT('',(0.380308796199,0.868501819865));
#1767 = CARTESIAN_POINT('',(0.376713825193,0.868501819865));
#1768 = CARTESIAN_POINT('',(0.373187860506,0.868501819865));
#1769 = CARTESIAN_POINT('',(0.369725234184,0.868501819865));
#1770 = CARTESIAN_POINT('',(0.3663208433,0.868501819865));
#1771 = CARTESIAN_POINT('',(0.36297000363,0.868501819865));
#1772 = ( GEOMETRIC_REPRESENTATION_CONTEXT(2) 
PARAMETRIC_REPRESENTATION_CONTEXT() REPRESENTATION_CONTEXT('2D SPACE',''
  ) );
#1773 = PCURVE('',#1774,#1779);
#1774 = PLANE('',#1775);
#1775 = AXIS2_PLACEMENT_3D('',#1776,#1777,#1778);
#1776 = CARTESIAN_POINT('',(-2.65E+03,-1.025E+03,815.));
#1777 = DIRECTION('',(0.,0.,1.));
#1778 = DIRECTION('',(1.,0.,0.));
#1779 = DEFINITIONAL_REPRESENTATION('',(#1780),#1790);
#1780 = B_SPLINE_CURVE_WITH_KNOTS('',8,(#1781,#1782,#1783,#1784,#1785,
    #1786,#1787,#1788,#1789),.UNSPECIFIED.,.F.,.F.,(9,9),(0.,1.),
  .PIECEWISE_BEZIER_KNOTS.);
#1781 = CARTESIAN_POINT('',(75.,1.813759985619E+03));
#1782 = CARTESIAN_POINT('',(125.44523128911,1.837270798311E+03));
#1783 = CARTESIAN_POINT('',(176.39630001077,1.859690074043E+03));
#1784 = CARTESIAN_POINT('',(227.78704833197,1.881098643055E+03));
#1785 = CARTESIAN_POINT('',(279.56261902291,1.901562355371E+03));
#1786 = CARTESIAN_POINT('',(331.67722964551,1.921137675141E+03));
#1787 = CARTESIAN_POINT('',(384.09328496981,1.939873911688E+03));
#1788 = CARTESIAN_POINT('',(436.78069735105,1.957814908662E+03));
#1789 = CARTESIAN_POINT('',(489.71650474069,1.975E+03));
#1790 = ( GEOMETRIC_REPRESENTATION_CONTEXT(2) 
PARAMETRIC_REPRESENTATION_CONTEXT() REPRESENTATION_CONTEXT('2D SPACE',''
  ) );
#1791 = ORIENTED_EDGE('',*,*,#1792,.T.);
#1792 = EDGE_CURVE('',#1747,#1793,#1795,.T.);
#1793 = VERTEX_POINT('',#1794);
#1794 = CARTESIAN_POINT('',(-1.392126465219E+03,1.013442887702E+03,850.)
  );
#1795 = SURFACE_CURVE('',#1796,(#1876,#1959),.PCURVE_S1.);
#1796 = B_SPLINE_CURVE_WITH_KNOTS('',8,(#1797,#1798,#1799,#1800,#1801,
    #1802,#1803,#1804,#1805,#1806,#1807,#1808,#1809,#1810,#1811,#1812,
    #1813,#1814,#1815,#1816,#1817,#1818,#1819,#1820,#1821,#1822,#1823,
    #1824,#1825,#1826,#1827,#1828,#1829,#1830,#1831,#1832,#1833,#1834,
    #1835,#1836,#1837,#1838,#1839,#1840,#1841,#1842,#1843,#1844,#1845,
    #1846,#1847,#1848,#1849,#1850,#1851,#1852,#1853,#1854,#1855,#1856,
    #1857,#1858,#1859,#1860,#1861,#1862,#1863,#1864,#1865,#1866,#1867,
    #1868,#1869,#1870,#1871,#1872,#1873,#1874,#1875),.UNSPECIFIED.,.F.,
  .F.,(9,7,7,7,7,7,7,7,7,7,7,9),(0.,3.044045429591E-02,
    8.230764056476E-02,0.121610734342,0.218398424688,0.332510624023,
    0.430468757167,0.652821613148,0.751145146521,0.842550576356,
    0.926288493036,1.),.UNSPECIFIED.);
#1797 = CARTESIAN_POINT('',(-2.160283495259E+03,950.,815.));
#1798 = CARTESIAN_POINT('',(-2.157421880633E+03,950.92899515747,815.));
#1799 = CARTESIAN_POINT('',(-2.1545566887E+03,951.83588975026,
    815.01315064973));
#1800 = CARTESIAN_POINT('',(-2.151688312712E+03,952.72235735225,
    815.0383584262));
#1801 = CARTESIAN_POINT('',(-2.148817081213E+03,953.58978600206,
    815.07470774485));
#1802 = CARTESIAN_POINT('',(-2.145943269465E+03,954.43935505421,
    815.12141489718));
#1803 = CARTESIAN_POINT('',(-2.143067107727E+03,955.27209108283,
    815.17779445437));
#1804 = CARTESIAN_POINT('',(-2.14018878638E+03,956.08890283751,
    815.24323813708));
#1805 = CARTESIAN_POINT('',(-2.132400694964E+03,958.25659095508,
    815.44323951196));
#1806 = CARTESIAN_POINT('',(-2.127487169001E+03,959.57867537995,
    815.59401847103));
#1807 = CARTESIAN_POINT('',(-2.122568654829E+03,960.86083482281,
    815.76686656673));
#1808 = CARTESIAN_POINT('',(-2.117645773453E+03,962.1061877746,
    815.95965023807));
#1809 = CARTESIAN_POINT('',(-2.112719029372E+03,963.31730769296,
    816.17058448025));
#1810 = CARTESIAN_POINT('',(-2.107788828741E+03,964.49638157715,
    816.39813631608));
#1811 = CARTESIAN_POINT('',(-2.102855488188E+03,965.64528725212,
    816.64097686227));
#1812 = CARTESIAN_POINT('',(-2.094178735279E+03,967.61465985613,
    817.09264474122));
#1813 = CARTESIAN_POINT('',(-2.090436580182E+03,968.4472658617,
    817.29546080181));
#1814 = CARTESIAN_POINT('',(-2.086692895987E+03,969.26420329589,
    817.50587003511));
#1815 = CARTESIAN_POINT('',(-2.082947786671E+03,970.06610555239,
    817.7234125394));
#1816 = CARTESIAN_POINT('',(-2.079201344315E+03,970.85354151293,
    817.94767016322));
#1817 = CARTESIAN_POINT('',(-2.075453650158E+03,971.62702739882,
    818.17825920447));
#1818 = CARTESIAN_POINT('',(-2.071704775357E+03,972.38703536856,
    818.41482507242));
#1819 = CARTESIAN_POINT('',(-2.058720056801E+03,974.97346909979,
    819.25351404863));
#1820 = CARTESIAN_POINT('',(-2.049478602973E+03,976.73382205194,
    819.88423642674));
#1821 = CARTESIAN_POINT('',(-2.040231301039E+03,978.42153949661,
    820.5442969643));
#1822 = CARTESIAN_POINT('',(-2.030978860199E+03,980.04167725567,
    821.22970114839));
#1823 = CARTESIAN_POINT('',(-2.021721853672E+03,981.59841398304,
    821.93702904675));
#1824 = CARTESIAN_POINT('',(-2.012460735535E+03,983.0953140677,
    822.66326918372));
#1825 = CARTESIAN_POINT('',(-2.003195848512E+03,984.53545119234,
    823.40573767751));
#1826 = CARTESIAN_POINT('',(-1.983000017023E+03,987.55572973613,
    825.05361647));
#1827 = CARTESIAN_POINT('',(-1.972067785176E+03,989.11477662895,
    825.96439743854));
#1828 = CARTESIAN_POINT('',(-1.961131191967E+03,990.60311473591,
    826.89033497992));
#1829 = CARTESIAN_POINT('',(-1.950190619676E+03,992.02445227208,
    827.82789531747));
#1830 = CARTESIAN_POINT('',(-1.939246386858E+03,993.38200522856,
    828.77386301341));
#1831 = CARTESIAN_POINT('',(-1.928298753116E+03,994.67862689261,
    829.72525666191));
#1832 = CARTESIAN_POINT('',(-1.917347921735E+03,995.91688090723,
    830.67928002741));
#1833 = CARTESIAN_POINT('',(-1.896990826651E+03,998.11397253189,
    832.45222614545));
#1834 = CARTESIAN_POINT('',(-1.887585385305E+03,999.08754824538,
    833.27115365468));
#1835 = CARTESIAN_POINT('',(-1.878177825487E+03,1.000021311325E+03,
    834.08838124367));
#1836 = CARTESIAN_POINT('',(-1.868768243243E+03,1.000916615647E+03,
    834.90230459932));
#1837 = CARTESIAN_POINT('',(-1.859356723754E+03,1.001774716324E+03,
    835.71137850191));
#1838 = CARTESIAN_POINT('',(-1.849943341679E+03,1.002596788852E+03,
    836.51410404106));
#1839 = CARTESIAN_POINT('',(-1.840528161394E+03,1.003383942269E+03,
    837.3090194609));
#1840 = CARTESIAN_POINT('',(-1.809735982686E+03,1.005847088059E+03,
    839.8780801796));
#1841 = CARTESIAN_POINT('',(-1.788351881158E+03,1.00738243267E+03,
    841.61384488667));
#1842 = CARTESIAN_POINT('',(-1.766959451616E+03,1.008755554258E+03,
    843.28527197018));
#1843 = CARTESIAN_POINT('',(-1.745559215692E+03,1.00997716839E+03,
    844.87643993069));
#1844 = CARTESIAN_POINT('',(-1.724151699737E+03,1.011056959758E+03,
    846.3718402948));
#1845 = CARTESIAN_POINT('',(-1.702737431144E+03,1.012003600446E+03,
    847.75622032717));
#1846 = CARTESIAN_POINT('',(-1.681316931687E+03,1.012824569092E+03,
    849.01449453232));
#1847 = CARTESIAN_POINT('',(-1.650416078048E+03,1.013835307675E+03,
    850.62496520407));
#1848 = CARTESIAN_POINT('',(-1.640940373821E+03,1.014121721361E+03,
    851.09106798441));
#1849 = CARTESIAN_POINT('',(-1.631463616952E+03,1.014385122349E+03,
    851.52814350624));
#1850 = CARTESIAN_POINT('',(-1.62198586483E+03,1.014625913837E+03,
    851.93483520706));
#1851 = CARTESIAN_POINT('',(-1.612507182251E+03,1.01484441301E+03,
    852.309762308));
#1852 = CARTESIAN_POINT('',(-1.603027640904E+03,1.015040833071E+03,
    852.65150486565));
#1853 = CARTESIAN_POINT('',(-1.593547318621E+03,1.015215257374E+03,
    852.95858040652));
#1854 = CARTESIAN_POINT('',(-1.575252368456E+03,1.015509234614E+03,
    853.48118799643));
#1855 = CARTESIAN_POINT('',(-1.5664378455E+03,1.015631784588E+03,
    853.70164049968));
#1856 = CARTESIAN_POINT('',(-1.557622790448E+03,1.015735190393E+03,
    853.88950216652));
#1857 = CARTESIAN_POINT('',(-1.548807279046E+03,1.015819264031E+03,
    854.04343402401));
#1858 = CARTESIAN_POINT('',(-1.539991401583E+03,1.015883665454E+03,
    854.16199750581));
#1859 = CARTESIAN_POINT('',(-1.53117526256E+03,1.015927870209E+03,
    854.24362223157));
#1860 = CARTESIAN_POINT('',(-1.522358980099E+03,1.015951114353E+03,
    854.2865498483));
#1861 = CARTESIAN_POINT('',(-1.505465941706E+03,1.01595338057E+03,
    854.29073514295));
#1862 = CARTESIAN_POINT('',(-1.497389218541E+03,1.015935948934E+03,
    854.25854189146));
#1863 = CARTESIAN_POINT('',(-1.489312594078E+03,1.015899153605E+03,
    854.19057920289));
#1864 = CARTESIAN_POINT('',(-1.481236186198E+03,1.015841914983E+03,
    854.0850748608));
#1865 = CARTESIAN_POINT('',(-1.473160153519E+03,1.015762836529E+03,
    853.93997349567));
#1866 = CARTESIAN_POINT('',(-1.465084696464E+03,1.015660131172E+03,
    853.75286043378));
#1867 = CARTESIAN_POINT('',(-1.457010059704E+03,1.015531451202E+03,
    853.52079032371));
#1868 = CARTESIAN_POINT('',(-1.441829703813E+03,1.015234485291E+03,
    852.99267116861));
#1869 = CARTESIAN_POINT('',(-1.43472388828E+03,1.015072788239E+03,
    852.70761402486));
#1870 = CARTESIAN_POINT('',(-1.427619162353E+03,1.014886185657E+03,
    852.38212202157));
#1871 = CARTESIAN_POINT('',(-1.42051575877E+03,1.014671842077E+03,
    852.01299718251));
#1872 = CARTESIAN_POINT('',(-1.413414075575E+03,1.014426221828E+03,
    851.59636130906));
#1873 = CARTESIAN_POINT('',(-1.406314708138E+03,1.014144476343E+03,
    851.1270731958));
#1874 = CARTESIAN_POINT('',(-1.399218457623E+03,1.013820249371E+03,
    850.59852284899));
#1875 = CARTESIAN_POINT('',(-1.392126465219E+03,1.013442887702E+03,850.)
  );
#1876 = PCURVE('',#33,#1877);
#1877 = DEFINITIONAL_REPRESENTATION('',(#1878),#1958);
#1878 = B_SPLINE_CURVE_WITH_KNOTS('',8,(#1879,#1880,#1881,#1882,#1883,
    #1884,#1885,#1886,#1887,#1888,#1889,#1890,#1891,#1892,#1893,#1894,
    #1895,#1896,#1897,#1898,#1899,#1900,#1901,#1902,#1903,#1904,#1905,
    #1906,#1907,#1908,#1909,#1910,#1911,#1912,#1913,#1914,#1915,#1916,
    #1917,#1918,#1919,#1920,#1921,#1922,#1923,#1924,#1925,#1926,#1927,
    #1928,#1929,#1930,#1931,#1932,#1933,#1934,#1935,#1936,#1937,#1938,
    #1939,#1940,#1941,#1942,#1943,#1944,#1945,#1946,#1947,#1948,#1949,
    #1950,#1951,#1952,#1953,#1954,#1955,#1956,#1957),.UNSPECIFIED.,.F.,
  .F.,(9,7,7,7,7,7,7,7,7,7,7,9),(0.,3.044045429591E-02,
    8.230764056476E-02,0.121610734342,0.218398424688,0.332510624023,
    0.430468757167,0.652821613148,0.751145146521,0.842550576356,
    0.926288493036,1.),.UNSPECIFIED.);
#1879 = CARTESIAN_POINT('',(0.36297000363,0.868501819865));
#1880 = CARTESIAN_POINT('',(0.362788863259,0.868501819865));
#1881 = CARTESIAN_POINT('',(0.362609318988,0.868519197661));
#1882 = CARTESIAN_POINT('',(0.362431245843,0.868552508424));
#1883 = CARTESIAN_POINT('',(0.362254540088,0.868600556844));
#1884 = CARTESIAN_POINT('',(0.362079113312,0.868662331289));
#1885 = CARTESIAN_POINT('',(0.361904888114,0.868736955925));
#1886 = CARTESIAN_POINT('',(0.361731795402,0.868823660799));
#1887 = CARTESIAN_POINT('',(0.361266666555,0.869088936993));
#1888 = CARTESIAN_POINT('',(0.36097667174,0.869289209735));
#1889 = CARTESIAN_POINT('',(0.360689483165,0.869519235145));
#1890 = CARTESIAN_POINT('',(0.360404861462,0.869776402725));
#1891 = CARTESIAN_POINT('',(0.360122608292,0.870058572052));
#1892 = CARTESIAN_POINT('',(0.359842553869,0.8703639392));
#1893 = CARTESIAN_POINT('',(0.359564550859,0.870690971771));
#1894 = CARTESIAN_POINT('',(0.359079262582,0.871301567334));
#1895 = CARTESIAN_POINT('',(0.35887116084,0.871576469125));
#1896 = CARTESIAN_POINT('',(0.358664106739,0.871862469678));
#1897 = CARTESIAN_POINT('',(0.358458050243,0.872159058205));
#1898 = CARTESIAN_POINT('',(0.358252946264,0.872465778639));
#1899 = CARTESIAN_POINT('',(0.358048753714,0.872782219783));
#1900 = CARTESIAN_POINT('',(0.357845434825,0.873108008179));
#1901 = CARTESIAN_POINT('',(0.357144327738,0.874267270177));
#1902 = CARTESIAN_POINT('',(0.356650790449,0.875146353398));
#1903 = CARTESIAN_POINT('',(0.35616181974,0.876074976317));
#1904 = CARTESIAN_POINT('',(0.355677005596,0.877049242896));
#1905 = CARTESIAN_POINT('',(0.355196006799,0.878065988358));
#1906 = CARTESIAN_POINT('',(0.354718529613,0.87912256461));
#1907 = CARTESIAN_POINT('',(0.354244317677,0.880216740013));
#1908 = CARTESIAN_POINT('',(0.353217626855,0.882678683304));
#1909 = CARTESIAN_POINT('',(0.352666336508,0.884060355887));
#1910 = CARTESIAN_POINT('',(0.352118897434,0.885488456247));
#1911 = CARTESIAN_POINT('',(0.351574995877,0.886960423838));
#1912 = CARTESIAN_POINT('',(0.351034357969,0.888474103811));
#1913 = CARTESIAN_POINT('',(0.350496739066,0.890027643734));
#1914 = CARTESIAN_POINT('',(0.3499619177,0.89161943577));
#1915 = CARTESIAN_POINT('',(0.34897280639,0.894646140782));
#1916 = CARTESIAN_POINT('',(0.348517835032,0.896071359353));
#1917 = CARTESIAN_POINT('',(0.348064647939,0.897522824404));
#1918 = CARTESIAN_POINT('',(0.347613127478,0.8989997418));
#1919 = CARTESIAN_POINT('',(0.347163164471,0.900501400044));
#1920 = CARTESIAN_POINT('',(0.346714656601,0.902027155492));
#1921 = CARTESIAN_POINT('',(0.3462675073,0.903576422437));
#1922 = CARTESIAN_POINT('',(0.344809527675,0.908717471338));
#1923 = CARTESIAN_POINT('',(0.343803965404,0.912404645201));
#1924 = CARTESIAN_POINT('',(0.342803862914,0.916203971467));
#1925 = CARTESIAN_POINT('',(0.34180829195,0.92011057907));
#1926 = CARTESIAN_POINT('',(0.340816424638,0.924120549658));
#1927 = CARTESIAN_POINT('',(0.3398275278,0.928230996167));
#1928 = CARTESIAN_POINT('',(0.33884097042,0.932440327005));
#1929 = CARTESIAN_POINT('',(0.337420831153,0.938654752887));
#1930 = CARTESIAN_POINT('',(0.336985761082,0.94057966155));
#1931 = CARTESIAN_POINT('',(0.336551012159,0.942524120857));
#1932 = CARTESIAN_POINT('',(0.33611654849,0.944488287666));
#1933 = CARTESIAN_POINT('',(0.335682340707,0.946472424515));
#1934 = CARTESIAN_POINT('',(0.335248366989,0.948476926013));
#1935 = CARTESIAN_POINT('',(0.334814614538,0.950502357398));
#1936 = CARTESIAN_POINT('',(0.333978052137,0.954452614549));
#1937 = CARTESIAN_POINT('',(0.333575212864,0.956374489783));
#1938 = CARTESIAN_POINT('',(0.333172562006,0.958315765421));
#1939 = CARTESIAN_POINT('',(0.332770106584,0.960277239601));
#1940 = CARTESIAN_POINT('',(0.33236786405,0.96225991827));
#1941 = CARTESIAN_POINT('',(0.331965864191,0.964265064447));
#1942 = CARTESIAN_POINT('',(0.331564152397,0.966294282391));
#1943 = CARTESIAN_POINT('',(0.330795106271,0.970232635313));
#1944 = CARTESIAN_POINT('',(0.330427716276,0.972137556926));
#1945 = CARTESIAN_POINT('',(0.330060676034,0.974066049989));
#1946 = CARTESIAN_POINT('',(0.329694052148,0.976020061919));
#1947 = CARTESIAN_POINT('',(0.329327932619,0.978001999037));
#1948 = CARTESIAN_POINT('',(0.328962431351,0.980014839321));
#1949 = CARTESIAN_POINT('',(0.328597698674,0.982062390224));
#1950 = CARTESIAN_POINT('',(0.327913745091,0.985987374086));
#1951 = CARTESIAN_POINT('',(0.327594310878,0.987855783101));
#1952 = CARTESIAN_POINT('',(0.32727577924,0.989758653813));
#1953 = CARTESIAN_POINT('',(0.326958331605,0.991700421292));
#1954 = CARTESIAN_POINT('',(0.326642200034,0.993686537942));
#1955 = CARTESIAN_POINT('',(0.326327706968,0.995724381143));
#1956 = CARTESIAN_POINT('',(0.32601527743,0.997823553276));
#1957 = CARTESIAN_POINT('',(0.32570561967,1.));
#1958 = ( GEOMETRIC_REPRESENTATION_CONTEXT(2) 
PARAMETRIC_REPRESENTATION_CONTEXT() REPRESENTATION_CONTEXT('2D SPACE',''
  ) );
#1959 = PCURVE('',#1960,#1965);
#1960 = CYLINDRICAL_SURFACE('',#1961,75.);
#1961 = AXIS2_PLACEMENT_3D('',#1962,#1963,#1964);
#1962 = CARTESIAN_POINT('',(-2.65E+03,950.,890.));
#1963 = DIRECTION('',(1.,0.,0.));
#1964 = DIRECTION('',(-0.,1.,0.));
#1965 = DEFINITIONAL_REPRESENTATION('',(#1966),#2046);
#1966 = B_SPLINE_CURVE_WITH_KNOTS('',8,(#1967,#1968,#1969,#1970,#1971,
    #1972,#1973,#1974,#1975,#1976,#1977,#1978,#1979,#1980,#1981,#1982,
    #1983,#1984,#1985,#1986,#1987,#1988,#1989,#1990,#1991,#1992,#1993,
    #1994,#1995,#1996,#1997,#1998,#1999,#2000,#2001,#2002,#2003,#2004,
    #2005,#2006,#2007,#2008,#2009,#2010,#2011,#2012,#2013,#2014,#2015,
    #2016,#2017,#2018,#2019,#2020,#2021,#2022,#2023,#2024,#2025,#2026,
    #2027,#2028,#2029,#2030,#2031,#2032,#2033,#2034,#2035,#2036,#2037,
    #2038,#2039,#2040,#2041,#2042,#2043,#2044,#2045),.UNSPECIFIED.,.F.,
  .F.,(9,7,7,7,7,7,7,7,7,7,7,9),(0.,3.044045429591E-02,
    8.230764056476E-02,0.121610734342,0.218398424688,0.332510624023,
    0.430468757167,0.652821613148,0.751145146521,0.842550576356,
    0.926288493036,1.),.UNSPECIFIED.);
#1967 = CARTESIAN_POINT('',(-1.570796326795,489.71650474069));
#1968 = CARTESIAN_POINT('',(-1.558409724695,492.57811936666));
#1969 = CARTESIAN_POINT('',(-1.546317795745,495.44331129984));
#1970 = CARTESIAN_POINT('',(-1.534495334723,498.31168728792));
#1971 = CARTESIAN_POINT('',(-1.522921507858,501.18291878728));
#1972 = CARTESIAN_POINT('',(-1.511578676825,504.05673053536));
#1973 = CARTESIAN_POINT('',(-1.500451543008,506.93289227346));
#1974 = CARTESIAN_POINT('',(-1.489526612041,509.81121362008));
#1975 = CARTESIAN_POINT('',(-1.460501343892,517.59930503633));
#1976 = CARTESIAN_POINT('',(-1.442763402536,522.51283099853));
#1977 = CARTESIAN_POINT('',(-1.425519188555,527.43134517117));
#1978 = CARTESIAN_POINT('',(-1.408722937726,532.35422654719));
#1979 = CARTESIAN_POINT('',(-1.392337174466,537.28097062811));
#1980 = CARTESIAN_POINT('',(-1.37633029842,542.21117125909));
#1981 = CARTESIAN_POINT('',(-1.360675407846,547.14451181243));
#1982 = CARTESIAN_POINT('',(-1.333735368001,555.82126472055));
#1983 = CARTESIAN_POINT('',(-1.322310377943,559.56341981805));
#1984 = CARTESIAN_POINT('',(-1.311063997368,563.30710401298));
#1985 = CARTESIAN_POINT('',(-1.299987302495,567.05221332905));
#1986 = CARTESIAN_POINT('',(-1.289072346712,570.79865568503));
#1987 = CARTESIAN_POINT('',(-1.278311981463,574.54634984196));
#1988 = CARTESIAN_POINT('',(-1.267699726377,578.29522464339));
#1989 = CARTESIAN_POINT('',(-1.231446202669,591.27994319907));
#1990 = CARTESIAN_POINT('',(-1.206525324562,600.52139702705));
#1991 = CARTESIAN_POINT('',(-1.182378934038,609.7686989611));
#1992 = CARTESIAN_POINT('',(-1.158940501727,619.02113980055));
#1993 = CARTESIAN_POINT('',(-1.136156865044,628.27814632843));
#1994 = CARTESIAN_POINT('',(-1.113984307843,637.53926446465));
#1995 = CARTESIAN_POINT('',(-1.092386734507,646.80415148839));
#1996 = CARTESIAN_POINT('',(-1.046512341753,666.99998297698));
#1997 = CARTESIAN_POINT('',(-1.022448128564,677.93221482356));
#1998 = CARTESIAN_POINT('',(-0.999091441403,688.86880803284));
#1999 = CARTESIAN_POINT('',(-0.976404091419,699.8093803238));
#2000 = CARTESIAN_POINT('',(-0.954355919058,710.7536131418));
#2001 = CARTESIAN_POINT('',(-0.932922922992,721.70124688409));
#2002 = CARTESIAN_POINT('',(-0.912086217489,732.65207826542));
#2003 = CARTESIAN_POINT('',(-0.874443335217,753.00917334941));
#2004 = CARTESIAN_POINT('',(-0.857484191795,762.41461469486));
#2005 = CARTESIAN_POINT('',(-0.840944383159,771.82217451347));
#2006 = CARTESIAN_POINT('',(-0.824816934429,781.23175675655));
#2007 = CARTESIAN_POINT('',(-0.809096812063,790.64327624637));
#2008 = CARTESIAN_POINT('',(-0.793780643946,800.05665832067));
#2009 = CARTESIAN_POINT('',(-0.778866517737,809.47183860604));
#2010 = CARTESIAN_POINT('',(-0.731411912232,840.26401731377));
#2011 = CARTESIAN_POINT('',(-0.700538664024,861.64811884167));
#2012 = CARTESIAN_POINT('',(-0.671727089146,883.04054838385));
#2013 = CARTESIAN_POINT('',(-0.645005784279,904.44078430783));
#2014 = CARTESIAN_POINT('',(-0.620429752811,925.84830026363));
#2015 = CARTESIAN_POINT('',(-0.598077523516,947.26256885624));
#2016 = CARTESIAN_POINT('',(-0.578048468529,968.6830683131));
#2017 = CARTESIAN_POINT('',(-0.552696867161,999.58392195182));
#2018 = CARTESIAN_POINT('',(-0.545402939384,1.009059626179E+03));
#2019 = CARTESIAN_POINT('',(-0.53859922158,1.018536383048E+03));
#2020 = CARTESIAN_POINT('',(-0.532297831359,1.02801413517E+03));
#2021 = CARTESIAN_POINT('',(-0.526512061264,1.037492817749E+03));
#2022 = CARTESIAN_POINT('',(-0.521256597328,1.046972359096E+03));
#2023 = CARTESIAN_POINT('',(-0.516547890378,1.056452681379E+03));
#2024 = CARTESIAN_POINT('',(-0.50855298855,1.074747631544E+03));
#2025 = CARTESIAN_POINT('',(-0.505190021969,1.0835621545E+03));
#2026 = CARTESIAN_POINT('',(-0.502330848839,1.092377209552E+03));
#2027 = CARTESIAN_POINT('',(-0.499992263555,1.101192720954E+03));
#2028 = CARTESIAN_POINT('',(-0.498193261126,1.110008598417E+03));
#2029 = CARTESIAN_POINT('',(-0.496955581703,1.11882473744E+03));
#2030 = CARTESIAN_POINT('',(-0.496304692362,1.127641019901E+03));
#2031 = CARTESIAN_POINT('',(-0.49624123294,1.144534058294E+03));
#2032 = CARTESIAN_POINT('',(-0.496729361519,1.152610781459E+03));
#2033 = CARTESIAN_POINT('',(-0.497759816397,1.160687405922E+03));
#2034 = CARTESIAN_POINT('',(-0.499360226811,1.168763813802E+03));
#2035 = CARTESIAN_POINT('',(-0.501563562483,1.176839846481E+03));
#2036 = CARTESIAN_POINT('',(-0.504409494666,1.184915303536E+03));
#2037 = CARTESIAN_POINT('',(-0.507947543814,1.192989940296E+03));
#2038 = CARTESIAN_POINT('',(-0.516026032063,1.208170296187E+03));
#2039 = CARTESIAN_POINT('',(-0.520395665472,1.21527611172E+03));
#2040 = CARTESIAN_POINT('',(-0.525398069859,1.222380837647E+03));
#2041 = CARTESIAN_POINT('',(-0.53108915105,1.22948424123E+03));
#2042 = CARTESIAN_POINT('',(-0.537537433216,1.236585924425E+03));
#2043 = CARTESIAN_POINT('',(-0.544835208572,1.243685291862E+03));
#2044 = CARTESIAN_POINT('',(-0.553102202831,1.250781542377E+03));
#2045 = CARTESIAN_POINT('',(-0.562536244544,1.257873534781E+03));
#2046 = ( GEOMETRIC_REPRESENTATION_CONTEXT(2) 
PARAMETRIC_REPRESENTATION_CONTEXT() REPRESENTATION_CONTEXT('2D SPACE',''
  ) );
#2047 = ORIENTED_EDGE('',*,*,#2048,.F.);
#2048 = EDGE_CURVE('',#2049,#1793,#2051,.T.);
#2049 = VERTEX_POINT('',#2050);
#2050 = CARTESIAN_POINT('',(1.392126465219E+03,1.013442887702E+03,850.)
  );
#2051 = SURFACE_CURVE('',#2052,(#2079,#2086),.PCURVE_S1.);
#2052 = B_SPLINE_CURVE_WITH_KNOTS('',13,(#2053,#2054,#2055,#2056,#2057,
    #2058,#2059,#2060,#2061,#2062,#2063,#2064,#2065,#2066,#2067,#2068,
    #2069,#2070,#2071,#2072,#2073,#2074,#2075,#2076,#2077,#2078),
  .UNSPECIFIED.,.T.,.F.,(14,12,14),(0.,0.5,1.),.UNSPECIFIED.);
#2053 = CARTESIAN_POINT('',(3.04E+03,-2.273736754432E-13,850.));
#2054 = CARTESIAN_POINT('',(3.04E+03,275.49350962256,850.));
#2055 = CARTESIAN_POINT('',(2.847669243616E+03,550.987019356,850.));
#2056 = CARTESIAN_POINT('',(2.463007767863E+03,805.8819525723,850.));
#2057 = CARTESIAN_POINT('',(1.903272027483E+03,1.01957974047E+03,850.));
#2058 = CARTESIAN_POINT('',(1.202975748165E+03,1.17374067016E+03,850.));
#2059 = CARTESIAN_POINT('',(411.52232450051,1.254542891313E+03,850.));
#2060 = CARTESIAN_POINT('',(-411.5223245011,1.254542891313E+03,850.));
#2061 = CARTESIAN_POINT('',(-1.202975748164E+03,1.17374067016E+03,850.)
  );
#2062 = CARTESIAN_POINT('',(-1.903272027485E+03,1.01957974047E+03,850.)
  );
#2063 = CARTESIAN_POINT('',(-2.463007767861E+03,805.88195257207,850.));
#2064 = CARTESIAN_POINT('',(-2.847669243617E+03,550.98701935612,850.));
#2065 = CARTESIAN_POINT('',(-3.04E+03,275.49350962256,850.));
#2066 = CARTESIAN_POINT('',(-3.04E+03,-275.4935096226,850.));
#2067 = CARTESIAN_POINT('',(-2.847669243616E+03,-550.9870193557,850.));
#2068 = CARTESIAN_POINT('',(-2.463007767862E+03,-805.8819525729,850.));
#2069 = CARTESIAN_POINT('',(-1.903272027483E+03,-1.019579740469E+03,850.
    ));
#2070 = CARTESIAN_POINT('',(-1.202975748165E+03,-1.173740670161E+03,850.
    ));
#2071 = CARTESIAN_POINT('',(-411.5223245004,-1.254542891313E+03,850.));
#2072 = CARTESIAN_POINT('',(411.52232450111,-1.254542891312E+03,850.));
#2073 = CARTESIAN_POINT('',(1.202975748164E+03,-1.173740670161E+03,850.)
  );
#2074 = CARTESIAN_POINT('',(1.903272027485E+03,-1.019579740469E+03,850.)
  );
#2075 = CARTESIAN_POINT('',(2.463007767861E+03,-805.8819525728,850.));
#2076 = CARTESIAN_POINT('',(2.847669243617E+03,-550.9870193558,850.));
#2077 = CARTESIAN_POINT('',(3.04E+03,-275.4935096226,850.));
#2078 = CARTESIAN_POINT('',(3.04E+03,-4.547473508865E-13,850.));
#2079 = PCURVE('',#33,#2080);
#2080 = DEFINITIONAL_REPRESENTATION('',(#2081),#2085);
#2081 = LINE('',#2082,#2083);
#2082 = CARTESIAN_POINT('',(0.,1.));
#2083 = VECTOR('',#2084,1.);
#2084 = DIRECTION('',(1.,0.));
#2085 = ( GEOMETRIC_REPRESENTATION_CONTEXT(2) 
PARAMETRIC_REPRESENTATION_CONTEXT() REPRESENTATION_CONTEXT('2D SPACE',''
  ) );
#2086 = PCURVE('',#2087,#2092);
#2087 = PLANE('',#2088);
#2088 = AXIS2_PLACEMENT_3D('',#2089,#2090,#2091);
#2089 = CARTESIAN_POINT('',(3.04E+03,-2.273736754432E-13,850.));
#2090 = DIRECTION('',(-0.,0.,-1.));
#2091 = DIRECTION('',(-0.999721801305,-2.358643667894E-02,0.));
#2092 = DEFINITIONAL_REPRESENTATION('',(#2093),#2120);
#2093 = B_SPLINE_CURVE_WITH_KNOTS('',13,(#2094,#2095,#2096,#2097,#2098,
    #2099,#2100,#2101,#2102,#2103,#2104,#2105,#2106,#2107,#2108,#2109,
    #2110,#2111,#2112,#2113,#2114,#2115,#2116,#2117,#2118,#2119),
  .UNSPECIFIED.,.F.,.F.,(14,12,14),(0.,0.5,1.),.UNSPECIFIED.);
#2094 = CARTESIAN_POINT('',(0.,0.));
#2095 = CARTESIAN_POINT('',(-6.497910220315,275.41686768774));
#2096 = CARTESIAN_POINT('',(179.28142977556,555.3701326932));
#2097 = CARTESIAN_POINT('',(557.82383000626,819.26694801243));
#2098 = CARTESIAN_POINT('',(1.112363483291E+03,1.046107457062E+03));
#2099 = CARTESIAN_POINT('',(1.808828834091E+03,1.216742993231E+03));
#2100 = CARTESIAN_POINT('',(2.598156239974E+03,1.316190301373E+03));
#2101 = CARTESIAN_POINT('',(3.420971919028E+03,1.335602991871E+03));
#2102 = CARTESIAN_POINT('',(4.214110997854E+03,1.273490815852E+03));
#2103 = CARTESIAN_POINT('',(4.917848562671E+03,1.13589026738E+03));
#2104 = CARTESIAN_POINT('',(5.482468954637E+03,935.45410152506));
#2105 = CARTESIAN_POINT('',(5.873035481274E+03,689.70287328758));
#2106 = CARTESIAN_POINT('',(6.071810641715E+03,418.82240269572));
#2107 = CARTESIAN_POINT('',(6.084806462155E+03,-132.0113326798));
#2108 = CARTESIAN_POINT('',(5.89902712216E+03,-411.9645976849));
#2109 = CARTESIAN_POINT('',(5.520484721929E+03,-675.8614130051));
#2110 = CARTESIAN_POINT('',(4.965945068644E+03,-902.7019220529));
#2111 = CARTESIAN_POINT('',(4.269479717844E+03,-1.073337458224E+03));
#2112 = CARTESIAN_POINT('',(3.480152311961E+03,-1.172784766365E+03));
#2113 = CARTESIAN_POINT('',(2.657336632907E+03,-1.192197456862E+03));
#2114 = CARTESIAN_POINT('',(1.864197554081E+03,-1.130085280845E+03));
#2115 = CARTESIAN_POINT('',(1.160459989265E+03,-992.4847323712));
#2116 = CARTESIAN_POINT('',(595.8395972977,-792.0485665178));
#2117 = CARTESIAN_POINT('',(205.27307066084,-546.2973382793));
#2118 = CARTESIAN_POINT('',(6.497910220203,-275.4168676877));
#2119 = CARTESIAN_POINT('',(9.094947017729E-13,-1.989519660128E-13));
#2120 = ( GEOMETRIC_REPRESENTATION_CONTEXT(2) 
PARAMETRIC_REPRESENTATION_CONTEXT() REPRESENTATION_CONTEXT('2D SPACE',''
  ) );
#2121 = ORIENTED_EDGE('',*,*,#2122,.T.);
#2122 = EDGE_CURVE('',#2049,#2123,#2125,.T.);
#2123 = VERTEX_POINT('',#2124);
#2124 = CARTESIAN_POINT('',(2.160283495259E+03,950.,815.));
#2125 = SURFACE_CURVE('',#2126,(#2206,#2289),.PCURVE_S1.);
#2126 = B_SPLINE_CURVE_WITH_KNOTS('',8,(#2127,#2128,#2129,#2130,#2131,
    #2132,#2133,#2134,#2135,#2136,#2137,#2138,#2139,#2140,#2141,#2142,
    #2143,#2144,#2145,#2146,#2147,#2148,#2149,#2150,#2151,#2152,#2153,
    #2154,#2155,#2156,#2157,#2158,#2159,#2160,#2161,#2162,#2163,#2164,
    #2165,#2166,#2167,#2168,#2169,#2170,#2171,#2172,#2173,#2174,#2175,
    #2176,#2177,#2178,#2179,#2180,#2181,#2182,#2183,#2184,#2185,#2186,
    #2187,#2188,#2189,#2190,#2191,#2192,#2193,#2194,#2195,#2196,#2197,
    #2198,#2199,#2200,#2201,#2202,#2203,#2204,#2205),.UNSPECIFIED.,.F.,
  .F.,(9,7,7,7,7,7,7,7,7,7,7,9),(0.,3.706771966933E-02,
    9.952481897133E-02,0.16777960736,0.31245597217,0.474719468523,
    0.664395781345,0.779924731991,0.851262957511,0.894181080248,
    0.954630616735,1.),.UNSPECIFIED.);
#2127 = CARTESIAN_POINT('',(1.392126465219E+03,1.013442887702E+03,850.)
  );
#2128 = CARTESIAN_POINT('',(1.395692871441E+03,1.013632654544E+03,
    850.30098391128));
#2129 = CARTESIAN_POINT('',(1.399260374866E+03,1.013808985207E+03,
    850.58427424807));
#2130 = CARTESIAN_POINT('',(1.402828813392E+03,1.013973234146E+03,
    850.85123204276));
#2131 = CARTESIAN_POINT('',(1.406398053551E+03,1.01412648007E+03,
    851.10295562196));
#2132 = CARTESIAN_POINT('',(1.409967985451E+03,1.014269617531E+03,
    851.34036684506));
#2133 = CARTESIAN_POINT('',(1.413538520108E+03,1.014403405561E+03,
    851.56425725475));
#2134 = CARTESIAN_POINT('',(1.417109587983E+03,1.01452849399E+03,
    851.77531329566));
#2135 = CARTESIAN_POINT('',(1.426699005176E+03,1.014842509289E+03,
    852.30915157366));
#2136 = CARTESIAN_POINT('',(1.432718201398E+03,1.015016475556E+03,
    852.60944105123));
#2137 = CARTESIAN_POINT('',(1.438738462679E+03,1.015170047119E+03,
    852.87789782238));
#2138 = CARTESIAN_POINT('',(1.444759574789E+03,1.015305237169E+03,
    853.11674643336));
#2139 = CARTESIAN_POINT('',(1.450781364438E+03,1.015423639847E+03,
    853.32780535652));
#2140 = CARTESIAN_POINT('',(1.456803695386E+03,1.015526555772E+03,
    853.51260996415));
#2141 = CARTESIAN_POINT('',(1.462826466651E+03,1.015615049161E+03,
    853.67246973394));
#2142 = CARTESIAN_POINT('',(1.475431862964E+03,1.01577193052E+03,
    853.95722020508));
#2143 = CARTESIAN_POINT('',(1.482014532223E+03,1.015837689453E+03,
    854.07748689391));
#2144 = CARTESIAN_POINT('',(1.488597508063E+03,1.015888445817E+03,
    854.17082093323));
#2145 = CARTESIAN_POINT('',(1.49518069397E+03,1.015925109169E+03,
    854.23847794823));
#2146 = CARTESIAN_POINT('',(1.501764006472E+03,1.015948404421E+03,
    854.28154295715));
#2147 = CARTESIAN_POINT('',(1.508347374744E+03,1.015958918652E+03,
    854.30097768423));
#2148 = CARTESIAN_POINT('',(1.514930740382E+03,1.015957130538E+03,
    854.29765050717));
#2149 = CARTESIAN_POINT('',(1.535468395052E+03,1.015914365901E+03,
    854.21871874345));
#2150 = CARTESIAN_POINT('',(1.549422452161E+03,1.015831755571E+03,
    854.06636166235));
#2151 = CARTESIAN_POINT('',(1.563375789392E+03,1.015699247517E+03,
    853.82279409184));
#2152 = CARTESIAN_POINT('',(1.577328011491E+03,1.015518644573E+03,
    853.49399191434));
#2153 = CARTESIAN_POINT('',(1.591278781499E+03,1.015290716697E+03,
    853.08523303967));
#2154 = CARTESIAN_POINT('',(1.605227824888E+03,1.015015437325E+03,
    852.60133266563));
#2155 = CARTESIAN_POINT('',(1.619174932871E+03,1.014692212727E+03,
    852.04685281383));
#2156 = CARTESIAN_POINT('',(1.648760179593E+03,1.013902522489E+03,
    850.73008188422));
#2157 = CARTESIAN_POINT('',(1.664397699286E+03,1.013423423106E+03,
    849.95072659761));
#2158 = CARTESIAN_POINT('',(1.680032274148E+03,1.012881213006E+03,
    849.0943350452));
#2159 = CARTESIAN_POINT('',(1.695663661529E+03,1.012273702139E+03,
    848.16687335528));
#2160 = CARTESIAN_POINT('',(1.711291634499E+03,1.011598206144E+03,
    847.17424402841));
#2161 = CARTESIAN_POINT('',(1.726915986243E+03,1.010851662802E+03,
    846.12236066817));
#2162 = CARTESIAN_POINT('',(1.742536531818E+03,1.010030679015E+03,
    845.01717966851));
#2163 = CARTESIAN_POINT('',(1.776407954016E+03,1.008080495413E+03,
    842.51762983268));
#2164 = CARTESIAN_POINT('',(1.794657270598E+03,1.006922663528E+03,
    841.10595572475));
#2165 = CARTESIAN_POINT('',(1.812900839861E+03,1.005652100485E+03,
    839.63938946824));
#2166 = CARTESIAN_POINT('',(1.831138351414E+03,1.004262273385E+03,
    838.12776535804));
#2167 = CARTESIAN_POINT('',(1.849369406672E+03,1.002746030992E+03,
    836.58120183012));
#2168 = CARTESIAN_POINT('',(1.86759351845E+03,1.001095507076E+03,
    835.01019302694));
#2169 = CARTESIAN_POINT('',(1.885810106462E+03,999.30180785176,
    833.42581267015));
#2170 = CARTESIAN_POINT('',(1.915108935204E+03,996.16816258552,
    830.87436651573));
#2171 = CARTESIAN_POINT('',(1.926196287484E+03,994.92494645125,
    829.90810415354));
#2172 = CARTESIAN_POINT('',(1.937280393785E+03,993.62229327649,
    828.94411011892));
#2173 = CARTESIAN_POINT('',(1.948361048118E+03,992.25757805239,
    827.98526388624));
#2174 = CARTESIAN_POINT('',(1.959437986827E+03,990.82787920469,
    827.03463417139));
#2175 = CARTESIAN_POINT('',(1.970510885916E+03,989.32990347982,
    826.09552921149));
#2176 = CARTESIAN_POINT('',(1.981579356173E+03,987.75985211113,
    825.17158392497));
#2177 = CARTESIAN_POINT('',(1.999474607141E+03,985.09636883819,
    823.70828968095));
#2178 = CARTESIAN_POINT('',(2.006304398314E+03,984.05034605756,
    823.1570156705));
#2179 = CARTESIAN_POINT('',(2.0131321999E+03,982.97403959554,
    822.61406193919));
#2180 = CARTESIAN_POINT('',(2.019957878809E+03,981.86626908745,
    822.08047074164));
#2181 = CARTESIAN_POINT('',(2.026781275695E+03,980.72572728744,
    821.55736878699));
#2182 = CARTESIAN_POINT('',(2.033602203072E+03,979.55094787691,
    821.04598786627));
#2183 = CARTESIAN_POINT('',(2.040420442448E+03,978.34025719822,
    820.5476953588));
#2184 = CARTESIAN_POINT('',(2.051335923732E+03,976.34056555567,
    819.77305722232));
#2185 = CARTESIAN_POINT('',(2.055435037864E+03,975.5757200275,
    819.48737607501));
#2186 = CARTESIAN_POINT('',(2.059533027416E+03,974.79674964514,
    819.20732735793));
#2187 = CARTESIAN_POINT('',(2.063629828535E+03,974.00319473469,
    818.93327122862));
#2188 = CARTESIAN_POINT('',(2.067725368597E+03,973.19455474491,
    818.66559493682));
#2189 = CARTESIAN_POINT('',(2.071819565618E+03,972.37028059878,
    818.40471761611));
#2190 = CARTESIAN_POINT('',(2.075912327435E+03,971.52976428382,
    818.15109675023));
#2191 = CARTESIAN_POINT('',(2.085765977669E+03,969.46463618395,
    817.55894555267));
#2192 = CARTESIAN_POINT('',(2.091525310466E+03,968.22338474783,
    817.22805256088));
#2193 = CARTESIAN_POINT('',(2.097281299959E+03,966.94666100032,
    816.913964227));
#2194 = CARTESIAN_POINT('',(2.103033606633E+03,965.63228382283,
    816.61827112853));
#2195 = CARTESIAN_POINT('',(2.108781790397E+03,964.27770518638,
    816.3428071516));
#2196 = CARTESIAN_POINT('',(2.114525301197E+03,962.87991836216,
    816.08970697722));
#2197 = CARTESIAN_POINT('',(2.120263459021E+03,961.43526383556,
    815.8615249251));
#2198 = CARTESIAN_POINT('',(2.130297432796E+03,958.81605029086,
    815.51133727398));
#2199 = CARTESIAN_POINT('',(2.13459587394E+03,957.66404005919,
    815.37704750363));
#2200 = CARTESIAN_POINT('',(2.138890424041E+03,956.48098615601,
    815.25996981104));
#2201 = CARTESIAN_POINT('',(2.143180640137E+03,955.26457329874,
    815.16167268702));
#2202 = CARTESIAN_POINT('',(2.14746592769E+03,954.01204469992,
    815.08401508785));
#2203 = CARTESIAN_POINT('',(2.151745525483E+03,952.72009453135,
    815.02921270327));
#2204 = CARTESIAN_POINT('',(2.156018467667E+03,951.38459943002,815.));
#2205 = CARTESIAN_POINT('',(2.160283495259E+03,950.,815.));
#2206 = PCURVE('',#33,#2207);
#2207 = DEFINITIONAL_REPRESENTATION('',(#2208),#2288);
#2208 = B_SPLINE_CURVE_WITH_KNOTS('',8,(#2209,#2210,#2211,#2212,#2213,
    #2214,#2215,#2216,#2217,#2218,#2219,#2220,#2221,#2222,#2223,#2224,
    #2225,#2226,#2227,#2228,#2229,#2230,#2231,#2232,#2233,#2234,#2235,
    #2236,#2237,#2238,#2239,#2240,#2241,#2242,#2243,#2244,#2245,#2246,
    #2247,#2248,#2249,#2250,#2251,#2252,#2253,#2254,#2255,#2256,#2257,
    #2258,#2259,#2260,#2261,#2262,#2263,#2264,#2265,#2266,#2267,#2268,
    #2269,#2270,#2271,#2272,#2273,#2274,#2275,#2276,#2277,#2278,#2279,
    #2280,#2281,#2282,#2283,#2284,#2285,#2286,#2287),.UNSPECIFIED.,.F.,
  .F.,(9,7,7,7,7,7,7,7,7,7,7,9),(0.,3.706771966933E-02,
    9.952481897133E-02,0.16777960736,0.31245597217,0.474719468523,
    0.664395781345,0.779924731991,0.851262957511,0.894181080248,
    0.954630616735,1.),.UNSPECIFIED.);
#2209 = CARTESIAN_POINT('',(0.17429438033,1.));
#2210 = CARTESIAN_POINT('',(0.174138660287,0.99890551305));
#2211 = CARTESIAN_POINT('',(0.173982238395,0.997830561865));
#2212 = CARTESIAN_POINT('',(0.173825205504,0.996773122972));
#2213 = CARTESIAN_POINT('',(0.173667633964,0.995731578389));
#2214 = CARTESIAN_POINT('',(0.173509583586,0.994704580571));
#2215 = CARTESIAN_POINT('',(0.173351104814,0.993690980477));
#2216 = CARTESIAN_POINT('',(0.173192240423,0.992689788494));
#2217 = CARTESIAN_POINT('',(0.172764761346,0.990032630462));
#2218 = CARTESIAN_POINT('',(0.172495506755,0.988397900261));
#2219 = CARTESIAN_POINT('',(0.172225439546,0.986791810888));
#2220 = CARTESIAN_POINT('',(0.171954691188,0.985211246577));
#2221 = CARTESIAN_POINT('',(0.171683365458,0.98365371259));
#2222 = CARTESIAN_POINT('',(0.171411546388,0.982117147069));
#2223 = CARTESIAN_POINT('',(0.171139301862,0.98059983467));
#2224 = CARTESIAN_POINT('',(0.170568767425,0.977461594039));
#2225 = CARTESIAN_POINT('',(0.17027040697,0.97584412863));
#2226 = CARTESIAN_POINT('',(0.169971679674,0.974246017367));
#2227 = CARTESIAN_POINT('',(0.169672643092,0.972665730854));
#2228 = CARTESIAN_POINT('',(0.169373342832,0.97110201166));
#2229 = CARTESIAN_POINT('',(0.169073815438,0.969553803253));
#2230 = CARTESIAN_POINT('',(0.168774090181,0.968020205176));
#2231 = CARTESIAN_POINT('',(0.167838505477,0.96327911258));
#2232 = CARTESIAN_POINT('',(0.16720203723,0.960119997406));
#2233 = CARTESIAN_POINT('',(0.16656500243,0.957015820583));
#2234 = CARTESIAN_POINT('',(0.165927501332,0.95396197935));
#2235 = CARTESIAN_POINT('',(0.165289565748,0.950955301388));
#2236 = CARTESIAN_POINT('',(0.164651172616,0.947993684638));
#2237 = CARTESIAN_POINT('',(0.164012257434,0.94507575531));
#2238 = CARTESIAN_POINT('',(0.162655440265,0.938976162131));
#2239 = CARTESIAN_POINT('',(0.161937381774,0.935805574068));
#2240 = CARTESIAN_POINT('',(0.161218406693,0.932687813506));
#2241 = CARTESIAN_POINT('',(0.160498326277,0.929622652694));
#2242 = CARTESIAN_POINT('',(0.159776913294,0.926610449174));
#2243 = CARTESIAN_POINT('',(0.159053908381,0.923651981341));
#2244 = CARTESIAN_POINT('',(0.158329022171,0.920748377307));
#2245 = CARTESIAN_POINT('',(0.156752012603,0.914572757123));
#2246 = CARTESIAN_POINT('',(0.155899087569,0.911321391604));
#2247 = CARTESIAN_POINT('',(0.155042646006,0.908149280866));
#2248 = CARTESIAN_POINT('',(0.154182123924,0.905059331312));
#2249 = CARTESIAN_POINT('',(0.153316901622,0.902055026627));
#2250 = CARTESIAN_POINT('',(0.152446294556,0.899140482333));
#2251 = CARTESIAN_POINT('',(0.151569527231,0.896320684402));
#2252 = CARTESIAN_POINT('',(0.15014733756,0.891946108513));
#2253 = CARTESIAN_POINT('',(0.149606372819,0.890327729291));
#2254 = CARTESIAN_POINT('',(0.149062574218,0.888748314958));
#2255 = CARTESIAN_POINT('',(0.148515714844,0.887209504592));
#2256 = CARTESIAN_POINT('',(0.147965544028,0.885713187831));
#2257 = CARTESIAN_POINT('',(0.147411781117,0.884261564276));
#2258 = CARTESIAN_POINT('',(0.146854104464,0.882857250161));
#2259 = CARTESIAN_POINT('',(0.145945117502,0.880667526535));
#2260 = CARTESIAN_POINT('',(0.14559646617,0.879850851799));
#2261 = CARTESIAN_POINT('',(0.145246087402,0.879054207788));
#2262 = CARTESIAN_POINT('',(0.144893882685,0.87827844723));
#2263 = CARTESIAN_POINT('',(0.144539743716,0.877524529804));
#2264 = CARTESIAN_POINT('',(0.144183549781,0.876793548278));
#2265 = CARTESIAN_POINT('',(0.143825163832,0.876086767792));
#2266 = CARTESIAN_POINT('',(0.143247402859,0.874995924873));
#2267 = CARTESIAN_POINT('',(0.143029527895,0.874595470641));
#2268 = CARTESIAN_POINT('',(0.142810767841,0.874204640192));
#2269 = CARTESIAN_POINT('',(0.142591085454,0.873823788837));
#2270 = CARTESIAN_POINT('',(0.142370440383,0.873453306629));
#2271 = CARTESIAN_POINT('',(0.142148788552,0.873093624659));
#2272 = CARTESIAN_POINT('',(0.141926081328,0.87274522365));
#2273 = CARTESIAN_POINT('',(0.141387021739,0.871934578561));
#2274 = CARTESIAN_POINT('',(0.141069579987,0.87148396877));
#2275 = CARTESIAN_POINT('',(0.140749785299,0.87105832594));
#2276 = CARTESIAN_POINT('',(0.140427464493,0.870659399563));
#2277 = CARTESIAN_POINT('',(0.14010241748,0.870289258725));
#2278 = CARTESIAN_POINT('',(0.139774409948,0.869950368713));
#2279 = CARTESIAN_POINT('',(0.139443158,0.869645753487));
#2280 = CARTESIAN_POINT('',(0.138856971591,0.869179377034));
#2281 = CARTESIAN_POINT('',(0.138603618451,0.869000939393));
#2282 = CARTESIAN_POINT('',(0.138348079387,0.868845679013));
#2283 = CARTESIAN_POINT('',(0.138090176281,0.868715534543));
#2284 = CARTESIAN_POINT('',(0.137829699951,0.868612841272));
#2285 = CARTESIAN_POINT('',(0.137566401769,0.868540422729));
#2286 = CARTESIAN_POINT('',(0.137299972863,0.868501819865));
#2287 = CARTESIAN_POINT('',(0.13702999637,0.868501819865));
#2288 = ( GEOMETRIC_REPRESENTATION_CONTEXT(2) 
PARAMETRIC_REPRESENTATION_CONTEXT() REPRESENTATION_CONTEXT('2D SPACE',''
  ) );
#2289 = PCURVE('',#1960,#2290);
#2290 = DEFINITIONAL_REPRESENTATION('',(#2291),#2371);
#2291 = B_SPLINE_CURVE_WITH_KNOTS('',8,(#2292,#2293,#2294,#2295,#2296,
    #2297,#2298,#2299,#2300,#2301,#2302,#2303,#2304,#2305,#2306,#2307,
    #2308,#2309,#2310,#2311,#2312,#2313,#2314,#2315,#2316,#2317,#2318,
    #2319,#2320,#2321,#2322,#2323,#2324,#2325,#2326,#2327,#2328,#2329,
    #2330,#2331,#2332,#2333,#2334,#2335,#2336,#2337,#2338,#2339,#2340,
    #2341,#2342,#2343,#2344,#2345,#2346,#2347,#2348,#2349,#2350,#2351,
    #2352,#2353,#2354,#2355,#2356,#2357,#2358,#2359,#2360,#2361,#2362,
    #2363,#2364,#2365,#2366,#2367,#2368,#2369,#2370),.UNSPECIFIED.,.F.,
  .F.,(9,7,7,7,7,7,7,7,7,7,7,9),(0.,3.706771966933E-02,
    9.952481897133E-02,0.16777960736,0.31245597217,0.474719468523,
    0.664395781345,0.779924731991,0.851262957511,0.894181080248,
    0.954630616735,1.),.UNSPECIFIED.);
#2292 = CARTESIAN_POINT('',(-0.562536244544,4.042126465219E+03));
#2293 = CARTESIAN_POINT('',(-0.557792073492,4.045692871441E+03));
#2294 = CARTESIAN_POINT('',(-0.55334300972,4.049260374866E+03));
#2295 = CARTESIAN_POINT('',(-0.549163908333,4.052828813392E+03));
#2296 = CARTESIAN_POINT('',(-0.545234632408,4.056398053551E+03));
#2297 = CARTESIAN_POINT('',(-0.541538390653,4.059967985451E+03));
#2298 = CARTESIAN_POINT('',(-0.538060852693,4.063538520108E+03));
#2299 = CARTESIAN_POINT('',(-0.534789669187,4.067109587983E+03));
#2300 = CARTESIAN_POINT('',(-0.526531728463,4.076699005176E+03));
#2301 = CARTESIAN_POINT('',(-0.521904605663,4.082718201398E+03));
#2302 = CARTESIAN_POINT('',(-0.517780981204,4.088738462679E+03));
#2303 = CARTESIAN_POINT('',(-0.514121655322,4.094759574789E+03));
#2304 = CARTESIAN_POINT('',(-0.510894994896,4.100781364438E+03));
#2305 = CARTESIAN_POINT('',(-0.508074625962,4.106803695386E+03));
#2306 = CARTESIAN_POINT('',(-0.50563837799,4.112826466651E+03));
#2307 = CARTESIAN_POINT('',(-0.501303617371,4.125431862964E+03));
#2308 = CARTESIAN_POINT('',(-0.499476020222,4.132014532223E+03));
#2309 = CARTESIAN_POINT('',(-0.498059459003,4.138597508063E+03));
#2310 = CARTESIAN_POINT('',(-0.497033426736,4.14518069397E+03));
#2311 = CARTESIAN_POINT('',(-0.49638060148,4.151764006472E+03));
#2312 = CARTESIAN_POINT('',(-0.496085981448,4.158347374744E+03));
#2313 = CARTESIAN_POINT('',(-0.496136343994,4.164930740382E+03));
#2314 = CARTESIAN_POINT('',(-0.497333305887,4.185468395052E+03));
#2315 = CARTESIAN_POINT('',(-0.499644136096,4.199422452161E+03));
#2316 = CARTESIAN_POINT('',(-0.503341182891,4.213375789392E+03));
#2317 = CARTESIAN_POINT('',(-0.508342949092,4.227328011491E+03));
#2318 = CARTESIAN_POINT('',(-0.514582804967,4.241278781499E+03));
#2319 = CARTESIAN_POINT('',(-0.522005159507,4.255227824888E+03));
#2320 = CARTESIAN_POINT('',(-0.530561984909,4.269174932871E+03));
#2321 = CARTESIAN_POINT('',(-0.551034172446,4.298760179593E+03));
#2322 = CARTESIAN_POINT('',(-0.563231294356,4.314397699286E+03));
#2323 = CARTESIAN_POINT('',(-0.576744019983,4.330032274148E+03));
#2324 = CARTESIAN_POINT('',(-0.591523132081,4.345663661529E+03));
#2325 = CARTESIAN_POINT('',(-0.607526533582,4.361291634499E+03));
#2326 = CARTESIAN_POINT('',(-0.624718513053,4.376915986243E+03));
#2327 = CARTESIAN_POINT('',(-0.643070041276,4.392536531818E+03));
#2328 = CARTESIAN_POINT('',(-0.685341051493,4.426407954016E+03));
#2329 = CARTESIAN_POINT('',(-0.709677280083,4.444657270598E+03));
#2330 = CARTESIAN_POINT('',(-0.735533202291,4.462900839861E+03));
#2331 = CARTESIAN_POINT('',(-0.762887256337,4.481138351414E+03));
#2332 = CARTESIAN_POINT('',(-0.791733024567,4.499369406672E+03));
#2333 = CARTESIAN_POINT('',(-0.822081456124,4.51759351845E+03));
#2334 = CARTESIAN_POINT('',(-0.853965647281,4.535810106462E+03));
#2335 = CARTESIAN_POINT('',(-0.907845530369,4.565108935204E+03));
#2336 = CARTESIAN_POINT('',(-0.928834322454,4.576196287484E+03));
#2337 = CARTESIAN_POINT('',(-0.950431503081,4.587280393785E+03));
#2338 = CARTESIAN_POINT('',(-0.972656040724,4.598361048118E+03));
#2339 = CARTESIAN_POINT('',(-0.99553216782,4.609437986827E+03));
#2340 = CARTESIAN_POINT('',(-1.019090451959,4.620510885916E+03));
#2341 = CARTESIAN_POINT('',(-1.043369727753,4.631579356173E+03));
#2342 = CARTESIAN_POINT('',(-1.0838894035,4.649474607141E+03));
#2343 = CARTESIAN_POINT('',(-1.099652349644,4.656304398314E+03));
#2344 = CARTESIAN_POINT('',(-1.115721402907,4.6631321999E+03));
#2345 = CARTESIAN_POINT('',(-1.132110222026,4.669957878809E+03));
#2346 = CARTESIAN_POINT('',(-1.148834448417,4.676781275695E+03));
#2347 = CARTESIAN_POINT('',(-1.165912182909,4.683602203072E+03));
#2348 = CARTESIAN_POINT('',(-1.183364703576,4.690420442448E+03));
#2349 = CARTESIAN_POINT('',(-1.211957883518,4.701335923732E+03));
#2350 = CARTESIAN_POINT('',(-1.222843181718,4.705435037864E+03));
#2351 = CARTESIAN_POINT('',(-1.233878854807,4.709533027416E+03));
#2352 = CARTESIAN_POINT('',(-1.245070986766,4.713629828535E+03));
#2353 = CARTESIAN_POINT('',(-1.256426283296,4.717725368597E+03));
#2354 = CARTESIAN_POINT('',(-1.267952186776,4.721819565618E+03));
#2355 = CARTESIAN_POINT('',(-1.279657032896,4.725912327435E+03));
#2356 = CARTESIAN_POINT('',(-1.308301666629,4.735765977669E+03));
#2357 = CARTESIAN_POINT('',(-1.325426653067,4.741525310466E+03));
#2358 = CARTESIAN_POINT('',(-1.342951694247,4.747281299959E+03));
#2359 = CARTESIAN_POINT('',(-1.360907381757,4.753033606633E+03));
#2360 = CARTESIAN_POINT('',(-1.379329873986,4.758781790397E+03));
#2361 = CARTESIAN_POINT('',(-1.398262288551,4.764525301197E+03));
#2362 = CARTESIAN_POINT('',(-1.417757647885,4.770263459021E+03));
#2363 = CARTESIAN_POINT('',(-1.452991245446,4.780297432796E+03));
#2364 = CARTESIAN_POINT('',(-1.468453189536,4.78459587394E+03));
#2365 = CARTESIAN_POINT('',(-1.484300248819,4.788890424041E+03));
#2366 = CARTESIAN_POINT('',(-1.500566511233,4.793180640137E+03));
#2367 = CARTESIAN_POINT('',(-1.517292815362,4.79746592769E+03));
#2368 = CARTESIAN_POINT('',(-1.534528398081,4.801745525483E+03));
#2369 = CARTESIAN_POINT('',(-1.552335001061,4.806018467667E+03));
#2370 = CARTESIAN_POINT('',(-1.570796326795,4.810283495259E+03));
#2371 = ( GEOMETRIC_REPRESENTATION_CONTEXT(2) 
PARAMETRIC_REPRESENTATION_CONTEXT() REPRESENTATION_CONTEXT('2D SPACE',''
  ) );
#2372 = ORIENTED_EDGE('',*,*,#2373,.T.);
#2373 = EDGE_CURVE('',#2123,#2374,#2376,.T.);
#2374 = VERTEX_POINT('',#2375);
#2375 = CARTESIAN_POINT('',(2.875E+03,623.47821225021,815.));
#2376 = SURFACE_CURVE('',#2377,(#2394,#2414),.PCURVE_S1.);
#2377 = B_SPLINE_CURVE_WITH_KNOTS('',8,(#2378,#2379,#2380,#2381,#2382,
    #2383,#2384,#2385,#2386,#2387,#2388,#2389,#2390,#2391,#2392,#2393),
  .UNSPECIFIED.,.F.,.F.,(9,7,9),(0.,0.535856927538,1.),.UNSPECIFIED.);
#2378 = CARTESIAN_POINT('',(2.160283495259E+03,950.,815.));
#2379 = CARTESIAN_POINT('',(2.210491178959E+03,933.70056729456,815.));
#2380 = CARTESIAN_POINT('',(2.260475860557E+03,916.72098876318,815.));
#2381 = CARTESIAN_POINT('',(2.310217552584E+03,899.02780771876,815.));
#2382 = CARTESIAN_POINT('',(2.359690671489E+03,880.58389625018,815.));
#2383 = CARTESIAN_POINT('',(2.408863738342E+03,861.34769596671,815.));
#2384 = CARTESIAN_POINT('',(2.457698874572E+03,841.27194752424,815.));
#2385 = CARTESIAN_POINT('',(2.506151128559E+03,820.30197596342,815.));
#2386 = CARTESIAN_POINT('',(2.59575674935E+03,779.37642484713,815.));
#2387 = CARTESIAN_POINT('',(2.637013632784E+03,759.66317845474,815.));
#2388 = CARTESIAN_POINT('',(2.677906205039E+03,739.18790739549,815.));
#2389 = CARTESIAN_POINT('',(2.71839221512E+03,717.90251597026,815.));
#2390 = CARTESIAN_POINT('',(2.758417997093E+03,695.75395578959,815.));
#2391 = CARTESIAN_POINT('',(2.797917419862E+03,672.68237490843,815.));
#2392 = CARTESIAN_POINT('',(2.836810574953E+03,648.61876652986,815.));
#2393 = CARTESIAN_POINT('',(2.875E+03,623.47821225021,815.));
#2394 = PCURVE('',#33,#2395);
#2395 = DEFINITIONAL_REPRESENTATION('',(#2396),#2413);
#2396 = B_SPLINE_CURVE_WITH_KNOTS('',8,(#2397,#2398,#2399,#2400,#2401,
    #2402,#2403,#2404,#2405,#2406,#2407,#2408,#2409,#2410,#2411,#2412),
  .UNSPECIFIED.,.F.,.F.,(9,7,9),(0.,0.535856927538,1.),.UNSPECIFIED.);
#2397 = CARTESIAN_POINT('',(0.13702999637,0.868501819865));
#2398 = CARTESIAN_POINT('',(0.133851847088,0.868501819865));
#2399 = CARTESIAN_POINT('',(0.130625495582,0.868501819865));
#2400 = CARTESIAN_POINT('',(0.127346968136,0.868501819865));
#2401 = CARTESIAN_POINT('',(0.12401194425,0.868501819865));
#2402 = CARTESIAN_POINT('',(0.120615642102,0.868501819865));
#2403 = CARTESIAN_POINT('',(0.117152641374,0.868501819865));
#2404 = CARTESIAN_POINT('',(0.113616651491,0.868501819865));
#2405 = CARTESIAN_POINT('',(0.106867365804,0.868501819865));
#2406 = CARTESIAN_POINT('',(0.103674628571,0.868501819865));
#2407 = CARTESIAN_POINT('',(0.10041658238,0.868501819865));
#2408 = CARTESIAN_POINT('',(9.708766297788E-02,0.868501819865));
#2409 = CARTESIAN_POINT('',(9.368178835971E-02,0.868501819865));
#2410 = CARTESIAN_POINT('',(9.019208460587E-02,0.868501819865));
#2411 = CARTESIAN_POINT('',(8.661054763531E-02,0.868501819865));
#2412 = CARTESIAN_POINT('',(8.292714197979E-02,0.868501819865));
#2413 = ( GEOMETRIC_REPRESENTATION_CONTEXT(2) 
PARAMETRIC_REPRESENTATION_CONTEXT() REPRESENTATION_CONTEXT('2D SPACE',''
  ) );
#2414 = PCURVE('',#2415,#2420);
#2415 = PLANE('',#2416);
#2416 = AXIS2_PLACEMENT_3D('',#2417,#2418,#2419);
#2417 = CARTESIAN_POINT('',(-2.65E+03,-1.025E+03,815.));
#2418 = DIRECTION('',(0.,0.,1.));
#2419 = DIRECTION('',(1.,0.,0.));
#2420 = DEFINITIONAL_REPRESENTATION('',(#2421),#2438);
#2421 = B_SPLINE_CURVE_WITH_KNOTS('',8,(#2422,#2423,#2424,#2425,#2426,
    #2427,#2428,#2429,#2430,#2431,#2432,#2433,#2434,#2435,#2436,#2437),
  .UNSPECIFIED.,.F.,.F.,(9,7,9),(0.,0.535856927538,1.),.UNSPECIFIED.);
#2422 = CARTESIAN_POINT('',(4.810283495259E+03,1.975E+03));
#2423 = CARTESIAN_POINT('',(4.860491178959E+03,1.958700567295E+03));
#2424 = CARTESIAN_POINT('',(4.910475860557E+03,1.941720988763E+03));
#2425 = CARTESIAN_POINT('',(4.960217552584E+03,1.924027807719E+03));
#2426 = CARTESIAN_POINT('',(5.009690671489E+03,1.90558389625E+03));
#2427 = CARTESIAN_POINT('',(5.058863738342E+03,1.886347695967E+03));
#2428 = CARTESIAN_POINT('',(5.107698874572E+03,1.866271947524E+03));
#2429 = CARTESIAN_POINT('',(5.156151128559E+03,1.845301975963E+03));
#2430 = CARTESIAN_POINT('',(5.24575674935E+03,1.804376424847E+03));
#2431 = CARTESIAN_POINT('',(5.287013632784E+03,1.784663178455E+03));
#2432 = CARTESIAN_POINT('',(5.327906205039E+03,1.764187907395E+03));
#2433 = CARTESIAN_POINT('',(5.36839221512E+03,1.74290251597E+03));
#2434 = CARTESIAN_POINT('',(5.408417997093E+03,1.72075395579E+03));
#2435 = CARTESIAN_POINT('',(5.447917419862E+03,1.697682374908E+03));
#2436 = CARTESIAN_POINT('',(5.486810574953E+03,1.67361876653E+03));
#2437 = CARTESIAN_POINT('',(5.525E+03,1.64847821225E+03));
#2438 = ( GEOMETRIC_REPRESENTATION_CONTEXT(2) 
PARAMETRIC_REPRESENTATION_CONTEXT() REPRESENTATION_CONTEXT('2D SPACE',''
  ) );
#2439 = ORIENTED_EDGE('',*,*,#2440,.T.);
#2440 = EDGE_CURVE('',#2374,#2441,#2443,.T.);
#2441 = VERTEX_POINT('',#2442);
#2442 = CARTESIAN_POINT('',(2.938442887702E+03,292.20018186147,850.));
#2443 = SURFACE_CURVE('',#2444,(#2510,#2579),.PCURVE_S1.);
#2444 = B_SPLINE_CURVE_WITH_KNOTS('',8,(#2445,#2446,#2447,#2448,#2449,
    #2450,#2451,#2452,#2453,#2454,#2455,#2456,#2457,#2458,#2459,#2460,
    #2461,#2462,#2463,#2464,#2465,#2466,#2467,#2468,#2469,#2470,#2471,
    #2472,#2473,#2474,#2475,#2476,#2477,#2478,#2479,#2480,#2481,#2482,
    #2483,#2484,#2485,#2486,#2487,#2488,#2489,#2490,#2491,#2492,#2493,
    #2494,#2495,#2496,#2497,#2498,#2499,#2500,#2501,#2502,#2503,#2504,
    #2505,#2506,#2507,#2508,#2509),.UNSPECIFIED.,.F.,.F.,(9,7,7,7,7,7,7,
    7,7,9),(0.,3.459010772699E-02,8.132370973422E-02,0.144236009535,
    0.233354369986,0.353303569518,0.466796945841,0.728800250437,
    0.862477536575,1.),.UNSPECIFIED.);
#2445 = CARTESIAN_POINT('',(2.875E+03,623.47821225021,815.));
#2446 = CARTESIAN_POINT('',(2.876529678459E+03,622.47120666454,815.));
#2447 = CARTESIAN_POINT('',(2.877998431649E+03,621.41878295746,
    815.03565574758));
#2448 = CARTESIAN_POINT('',(2.879411622811E+03,620.32880669113,
    815.10199775967));
#2449 = CARTESIAN_POINT('',(2.880773303052E+03,619.2073996026,
    815.19512373962));
#2450 = CARTESIAN_POINT('',(2.882087102476E+03,618.05947230279,
    815.31176327561));
#2451 = CARTESIAN_POINT('',(2.883356377582E+03,616.88881020044,
    815.44920646899));
#2452 = CARTESIAN_POINT('',(2.884584392835E+03,615.69818797543,
    815.60520652076));
#2453 = CARTESIAN_POINT('',(2.887382108086E+03,612.85623583486,
    816.01133402046));
#2454 = CARTESIAN_POINT('',(2.888919370162E+03,611.19096728417,
    816.27512832247));
#2455 = CARTESIAN_POINT('',(2.890393415412E+03,609.49893755256,
    816.56466216776));
#2456 = CARTESIAN_POINT('',(2.891809617178E+03,607.78426724374,
    816.87634402086));
#2457 = CARTESIAN_POINT('',(2.893172494379E+03,606.05024196084,
    817.2072116746));
#2458 = CARTESIAN_POINT('',(2.894485937826E+03,604.29939599052,
    817.55482697958));
#2459 = CARTESIAN_POINT('',(2.895753446799E+03,602.53360339119,
    817.91716275224));
#2460 = CARTESIAN_POINT('',(2.898626990142E+03,598.35857262532,
    818.79789915533));
#2461 = CARTESIAN_POINT('',(2.900197821507E+03,595.93891765486,
    819.3267525318));
#2462 = CARTESIAN_POINT('',(2.901698204452E+03,593.49876868348,
    819.87490468666));
#2463 = CARTESIAN_POINT('',(2.903133871671E+03,591.04098578684,
    820.43903388715));
#2464 = CARTESIAN_POINT('',(2.904509633768E+03,588.56787411713,
    821.01637044512));
#2465 = CARTESIAN_POINT('',(2.905829613551E+03,586.08124070566,
    821.60459387644));
#2466 = CARTESIAN_POINT('',(2.907097457596E+03,583.58244702108,
    822.20173738361));
#2467 = CARTESIAN_POINT('',(2.910043170376E+03,577.51687049594,
    823.66229695983));
#2468 = CARTESIAN_POINT('',(2.911671571958E+03,573.93935828267,
    824.53287973211));
#2469 = CARTESIAN_POINT('',(2.913210786835E+03,570.34296873413,
    825.41304906976));
#2470 = CARTESIAN_POINT('',(2.914667977794E+03,566.73017353001,
    826.29891310749));
#2471 = CARTESIAN_POINT('',(2.916049206758E+03,563.10298146648,
    827.18718908439));
#2472 = CARTESIAN_POINT('',(2.917359702741E+03,559.46297859787,
    828.07508782921));
#2473 = CARTESIAN_POINT('',(2.918604094303E+03,555.81136366253,
    828.96020987865));
#2474 = CARTESIAN_POINT('',(2.921378016036E+03,547.21954154993,
    831.02529143703));
#2475 = CARTESIAN_POINT('',(2.922857106569E+03,542.27105045463,
    832.20120298145));
#2476 = CARTESIAN_POINT('',(2.924233823335E+03,537.30582908076,
    833.3630946158));
#2477 = CARTESIAN_POINT('',(2.925516392256E+03,532.32583156104,
    834.50671628438));
#2478 = CARTESIAN_POINT('',(2.926711907245E+03,527.33268649565,
    835.62844278762));
#2479 = CARTESIAN_POINT('',(2.927826640761E+03,522.32772242026,
    836.72514552881));
#2480 = CARTESIAN_POINT('',(2.928866179727E+03,517.31197726022,
    837.79412185837));
#2481 = CARTESIAN_POINT('',(2.930752792322E+03,507.53093545051,
    839.81600161388));
#2482 = CARTESIAN_POINT('',(2.931607184027E+03,502.76684123728,
    840.77202412861));
#2483 = CARTESIAN_POINT('',(2.93240300555E+03,497.99467882221,
    841.69907625556));
#2484 = CARTESIAN_POINT('',(2.933144058206E+03,493.21512905071,
    842.59540139701));
#2485 = CARTESIAN_POINT('',(2.933833774714E+03,488.42880543998,
    843.4594621577));
#2486 = CARTESIAN_POINT('',(2.934475282688E+03,483.63625655925,
    844.289912734));
#2487 = CARTESIAN_POINT('',(2.935071444121E+03,478.83796715596,
    845.08557832397));
#2488 = CARTESIAN_POINT('',(2.936902475293E+03,462.94506360092,
    847.59961158031));
#2489 = CARTESIAN_POINT('',(2.937952279313E+03,451.82790544917,
    849.16290110042));
#2490 = CARTESIAN_POINT('',(2.93880649225E+03,440.68790724628,
    850.52284092635));
#2491 = CARTESIAN_POINT('',(2.939490194368E+03,429.52969290337,
    851.67114129319));
#2492 = CARTESIAN_POINT('',(2.940023202165E+03,418.35750561612,
    852.60283015339));
#2493 = CARTESIAN_POINT('',(2.940420272503E+03,407.17519323237,
    853.31576106368));
#2494 = CARTESIAN_POINT('',(2.940691544871E+03,395.98619214899,
    853.80994110905));
#2495 = CARTESIAN_POINT('',(2.940919573847E+03,379.08284386799,
    854.22800442972));
#2496 = CARTESIAN_POINT('',(2.940965299372E+03,373.37129047732,
    854.31266059216));
#2497 = CARTESIAN_POINT('',(2.940980447618E+03,367.65925858471,
    854.34092085507));
#2498 = CARTESIAN_POINT('',(2.940965438549E+03,361.94716685775,
    854.3130654653));
#2499 = CARTESIAN_POINT('',(2.940920384241E+03,356.2354287286,
    854.22944503154));
#2500 = CARTESIAN_POINT('',(2.940845083774E+03,350.52445259142,
    854.09045167703));
#2501 = CARTESIAN_POINT('',(2.940739006007E+03,344.81464211976,
    853.89648419264));
#2502 = CARTESIAN_POINT('',(2.940459552319E+03,333.23395573715,
    853.39217996378));
#2503 = CARTESIAN_POINT('',(2.940284329348E+03,327.36321450042,
    853.07865826005));
#2504 = CARTESIAN_POINT('',(2.9400746188E+03,321.49457565302,
    852.70773770221));
#2505 = CARTESIAN_POINT('',(2.939829046487E+03,315.62848371125,
    852.27977652747));
#2506 = CARTESIAN_POINT('',(2.939545781794E+03,309.76542894866,
    851.79504074147));
#2507 = CARTESIAN_POINT('',(2.9392224833E+03,303.90595096615,
    851.25365047928));
#2508 = CARTESIAN_POINT('',(2.938856163047E+03,298.05064597819,
    850.65548453229));
#2509 = CARTESIAN_POINT('',(2.938442887702E+03,292.20018186147,850.));
#2510 = PCURVE('',#33,#2511);
#2511 = DEFINITIONAL_REPRESENTATION('',(#2512),#2578);
#2512 = B_SPLINE_CURVE_WITH_KNOTS('',8,(#2513,#2514,#2515,#2516,#2517,
    #2518,#2519,#2520,#2521,#2522,#2523,#2524,#2525,#2526,#2527,#2528,
    #2529,#2530,#2531,#2532,#2533,#2534,#2535,#2536,#2537,#2538,#2539,
    #2540,#2541,#2542,#2543,#2544,#2545,#2546,#2547,#2548,#2549,#2550,
    #2551,#2552,#2553,#2554,#2555,#2556,#2557,#2558,#2559,#2560,#2561,
    #2562,#2563,#2564,#2565,#2566,#2567,#2568,#2569,#2570,#2571,#2572,
    #2573,#2574,#2575,#2576,#2577),.UNSPECIFIED.,.F.,.F.,(9,7,7,7,7,7,7,
    7,7,9),(0.,3.459010772699E-02,8.132370973422E-02,0.144236009535,
    0.233354369986,0.353303569518,0.466796945841,0.728800250437,
    0.862477536575,1.),.UNSPECIFIED.);
#2513 = CARTESIAN_POINT('',(8.292714197979E-02,0.868501819865));
#2514 = CARTESIAN_POINT('',(8.277960306604E-02,0.868501819865));
#2515 = CARTESIAN_POINT('',(8.262876059715E-02,0.868548936899));
#2516 = CARTESIAN_POINT('',(8.247529824763E-02,0.868636604197));
#2517 = CARTESIAN_POINT('',(8.231974985878E-02,0.868759774527));
#2518 = CARTESIAN_POINT('',(8.216253309016E-02,0.868914271068));
#2519 = CARTESIAN_POINT('',(8.200395438195E-02,0.869096674245));
#2520 = CARTESIAN_POINT('',(8.184421587995E-02,0.869304179294));
#2521 = CARTESIAN_POINT('',(8.146616508589E-02,0.869845807061));
#2522 = CARTESIAN_POINT('',(8.124711775358E-02,0.870198604448));
#2523 = CARTESIAN_POINT('',(8.102663596406E-02,0.870587183948));
#2524 = CARTESIAN_POINT('',(8.080500319075E-02,0.871007204463));
#2525 = CARTESIAN_POINT('',(8.058243871426E-02,0.871455129994));
#2526 = CARTESIAN_POINT('',(8.035909994779E-02,0.871928090969));
#2527 = CARTESIAN_POINT('',(8.013508521461E-02,0.872423737543));
#2528 = CARTESIAN_POINT('',(7.960801085432E-02,0.873635416024));
#2529 = CARTESIAN_POINT('',(7.930452412527E-02,0.874368134336));
#2530 = CARTESIAN_POINT('',(7.900014209566E-02,0.875133531386));
#2531 = CARTESIAN_POINT('',(7.869500134671E-02,0.875927900304));
#2532 = CARTESIAN_POINT('',(7.838920614211E-02,0.876748197093));
#2533 = CARTESIAN_POINT('',(7.80828275529E-02,0.877591916072));
#2534 = CARTESIAN_POINT('',(7.777590270285E-02,0.878456976202));
#2535 = CARTESIAN_POINT('',(7.703288900437E-02,0.880594876641));
#2536 = CARTESIAN_POINT('',(7.659632194935E-02,0.881887278117));
#2537 = CARTESIAN_POINT('',(7.615878787944E-02,0.883213850345));
#2538 = CARTESIAN_POINT('',(7.572033517913E-02,0.884570654232));
#2539 = CARTESIAN_POINT('',(7.528099564089E-02,0.885954420099));
#2540 = CARTESIAN_POINT('',(7.484078058547E-02,0.887362419718));
#2541 = CARTESIAN_POINT('',(7.439967739476E-02,0.888792354178));
#2542 = CARTESIAN_POINT('',(7.336269459396E-02,0.892193854313));
#2543 = CARTESIAN_POINT('',(7.276611913759E-02,0.894181472829));
#2544 = CARTESIAN_POINT('',(7.216786439084E-02,0.896200320444));
#2545 = CARTESIAN_POINT('',(7.156788745425E-02,0.898246438046));
#2546 = CARTESIAN_POINT('',(7.096614608429E-02,0.900316453133));
#2547 = CARTESIAN_POINT('',(7.036259196917E-02,0.902407444801));
#2548 = CARTESIAN_POINT('',(6.975716692256E-02,0.904516882147));
#2549 = CARTESIAN_POINT('',(6.857512023876E-02,0.908653826446));
#2550 = CARTESIAN_POINT('',(6.799872056325E-02,0.910679567956));
#2551 = CARTESIAN_POINT('',(6.742055228617E-02,0.912717866866));
#2552 = CARTESIAN_POINT('',(6.684057537787E-02,0.914767002417));
#2553 = CARTESIAN_POINT('',(6.62587551543E-02,0.916825413033));
#2554 = CARTESIAN_POINT('',(6.567506053471E-02,0.918891670697));
#2555 = CARTESIAN_POINT('',(6.508946277855E-02,0.920964465072));
#2556 = CARTESIAN_POINT('',(6.314560622874E-02,0.927840036051));
#2557 = CARTESIAN_POINT('',(6.177904990612E-02,0.932665710459));
#2558 = CARTESIAN_POINT('',(6.040191296086E-02,0.937504926841));
#2559 = CARTESIAN_POINT('',(5.901405516136E-02,0.942345490364));
#2560 = CARTESIAN_POINT('',(5.761549205153E-02,0.947177049094));
#2561 = CARTESIAN_POINT('',(5.620637416358E-02,0.951991120243));
#2562 = CARTESIAN_POINT('',(5.47869561491E-02,0.956781073228));
#2563 = CARTESIAN_POINT('',(5.262827978885E-02,0.963971630482));
#2564 = CARTESIAN_POINT('',(5.189640230475E-02,0.966393411529));
#2565 = CARTESIAN_POINT('',(5.11619851486E-02,0.968807090221));
#2566 = CARTESIAN_POINT('',(5.042508435477E-02,0.971212183637));
#2567 = CARTESIAN_POINT('',(4.968576366717E-02,0.973608345886));
#2568 = CARTESIAN_POINT('',(4.894409388774E-02,0.975995380411));
#2569 = CARTESIAN_POINT('',(4.820015233782E-02,0.978373260091));
#2570 = CARTESIAN_POINT('',(4.668643037801E-02,0.983179190594));
#2571 = CARTESIAN_POINT('',(4.591652792903E-02,0.985606699149));
#2572 = CARTESIAN_POINT('',(4.514440178832E-02,0.988024881621));
#2573 = CARTESIAN_POINT('',(4.437015149765E-02,0.990434139479));
#2574 = CARTESIAN_POINT('',(4.359388976323E-02,0.992835121546));
#2575 = CARTESIAN_POINT('',(4.281574274957E-02,0.995228770224));
#2576 = CARTESIAN_POINT('',(4.203585152588E-02,0.997616419883));
#2577 = CARTESIAN_POINT('',(4.125437584927E-02,1.));
#2578 = ( GEOMETRIC_REPRESENTATION_CONTEXT(2) 
PARAMETRIC_REPRESENTATION_CONTEXT() REPRESENTATION_CONTEXT('2D SPACE',''
  ) );
#2579 = PCURVE('',#439,#2580);
#2580 = DEFINITIONAL_REPRESENTATION('',(#2581),#2647);
#2581 = B_SPLINE_CURVE_WITH_KNOTS('',8,(#2582,#2583,#2584,#2585,#2586,
    #2587,#2588,#2589,#2590,#2591,#2592,#2593,#2594,#2595,#2596,#2597,
    #2598,#2599,#2600,#2601,#2602,#2603,#2604,#2605,#2606,#2607,#2608,
    #2609,#2610,#2611,#2612,#2613,#2614,#2615,#2616,#2617,#2618,#2619,
    #2620,#2621,#2622,#2623,#2624,#2625,#2626,#2627,#2628,#2629,#2630,
    #2631,#2632,#2633,#2634,#2635,#2636,#2637,#2638,#2639,#2640,#2641,
    #2642,#2643,#2644,#2645,#2646),.UNSPECIFIED.,.F.,.F.,(9,7,7,7,7,7,7,
    7,7,9),(0.,3.459010772699E-02,8.132370973422E-02,0.144236009535,
    0.233354369986,0.353303569518,0.466796945841,0.728800250437,
    0.862477536575,1.),.UNSPECIFIED.);
#2582 = CARTESIAN_POINT('',(1.570796326795,1.64847821225E+03));
#2583 = CARTESIAN_POINT('',(1.550400614004,1.647471206665E+03));
#2584 = CARTESIAN_POINT('',(1.530817237779,1.646418782957E+03));
#2585 = CARTESIAN_POINT('',(1.511961762776,1.645328806691E+03));
#2586 = CARTESIAN_POINT('',(1.49377155827,1.644207399602E+03));
#2587 = CARTESIAN_POINT('',(1.476192124357,1.643059472303E+03));
#2588 = CARTESIAN_POINT('',(1.459174457524,1.6418888102E+03));
#2589 = CARTESIAN_POINT('',(1.442671947967,1.640698187975E+03));
#2590 = CARTESIAN_POINT('',(1.404978093069,1.637856235835E+03));
#2591 = CARTESIAN_POINT('',(1.384188588113,1.636190967284E+03));
#2592 = CARTESIAN_POINT('',(1.364168444711,1.634498937553E+03));
#2593 = CARTESIAN_POINT('',(1.344843371712,1.632784267244E+03));
#2594 = CARTESIAN_POINT('',(1.326152015482,1.631050241961E+03));
#2595 = CARTESIAN_POINT('',(1.308042445171,1.629299395991E+03));
#2596 = CARTESIAN_POINT('',(1.290468519855,1.627533603391E+03));
#2597 = CARTESIAN_POINT('',(1.250395369065,1.623358572625E+03));
#2598 = CARTESIAN_POINT('',(1.228304068835,1.620938917655E+03));
#2599 = CARTESIAN_POINT('',(1.207016919176,1.618498768683E+03));
#2600 = CARTESIAN_POINT('',(1.186461382693,1.616040985787E+03));
#2601 = CARTESIAN_POINT('',(1.166578014359,1.613567874117E+03));
#2602 = CARTESIAN_POINT('',(1.147316999907,1.611081240706E+03));
#2603 = CARTESIAN_POINT('',(1.128635038299,1.608582447021E+03));
#2604 = CARTESIAN_POINT('',(1.084796023589,1.602516870496E+03));
#2605 = CARTESIAN_POINT('',(1.060187435262,1.598939358283E+03));
#2606 = CARTESIAN_POINT('',(1.036561597539,1.595342968734E+03));
#2607 = CARTESIAN_POINT('',(1.013839326347,1.59173017353E+03));
#2608 = CARTESIAN_POINT('',(0.991956362456,1.588102981467E+03));
#2609 = CARTESIAN_POINT('',(0.970859515569,1.584462978598E+03));
#2610 = CARTESIAN_POINT('',(0.950503331291,1.580811363663E+03));
#2611 = CARTESIAN_POINT('',(0.904393889259,1.57221954155E+03));
#2612 = CARTESIAN_POINT('',(0.879212310144,1.567271050455E+03));
#2613 = CARTESIAN_POINT('',(0.855209058257,1.562305829081E+03));
#2614 = CARTESIAN_POINT('',(0.832313110736,1.557325831561E+03));
#2615 = CARTESIAN_POINT('',(0.810467745128,1.552332686496E+03));
#2616 = CARTESIAN_POINT('',(0.789626099246,1.54732772242E+03));
#2617 = CARTESIAN_POINT('',(0.769749125795,1.54231197726E+03));
#2618 = CARTESIAN_POINT('',(0.73287744481,1.532530935451E+03));
#2619 = CARTESIAN_POINT('',(0.715785763468,1.527766841237E+03));
#2620 = CARTESIAN_POINT('',(0.699500512705,1.522994678822E+03));
#2621 = CARTESIAN_POINT('',(0.6839988598,1.518215129051E+03));
#2622 = CARTESIAN_POINT('',(0.669261701494,1.51342880544E+03));
#2623 = CARTESIAN_POINT('',(0.655272673144,1.508636256559E+03));
#2624 = CARTESIAN_POINT('',(0.642017492689,1.503837967156E+03));
#2625 = CARTESIAN_POINT('',(0.600548814571,1.487945063601E+03));
#2626 = CARTESIAN_POINT('',(0.575459413636,1.476827905449E+03));
#2627 = CARTESIAN_POINT('',(0.554060111499,1.465687907246E+03));
#2628 = CARTESIAN_POINT('',(0.536247538272,1.454529692904E+03));
#2629 = CARTESIAN_POINT('',(0.521937630151,1.443357505616E+03));
#2630 = CARTESIAN_POINT('',(0.511057312643,1.432175193232E+03));
#2631 = CARTESIAN_POINT('',(0.503540805078,1.420986192149E+03));
#2632 = CARTESIAN_POINT('',(0.497191363749,1.404082843868E+03));
#2633 = CARTESIAN_POINT('',(0.495908496383,1.398371290477E+03));
#2634 = CARTESIAN_POINT('',(0.495480970779,1.392659258585E+03));
#2635 = CARTESIAN_POINT('',(0.495902859239,1.386947166858E+03));
#2636 = CARTESIAN_POINT('',(0.497169340046,1.381235428729E+03));
#2637 = CARTESIAN_POINT('',(0.499277061997,1.375524452591E+03));
#2638 = CARTESIAN_POINT('',(0.50222473484,1.36981464212E+03));
#2639 = CARTESIAN_POINT('',(0.509912151618,1.358233955737E+03));
#2640 = CARTESIAN_POINT('',(0.514700976066,1.3523632145E+03));
#2641 = CARTESIAN_POINT('',(0.520382183774,1.346494575653E+03));
#2642 = CARTESIAN_POINT('',(0.526960732649,1.340628483711E+03));
#2643 = CARTESIAN_POINT('',(0.534445973498,1.334765428949E+03));
#2644 = CARTESIAN_POINT('',(0.542852860791,1.328905950966E+03));
#2645 = CARTESIAN_POINT('',(0.552204360923,1.323050645978E+03));
#2646 = CARTESIAN_POINT('',(0.562536244544,1.317200181861E+03));
#2647 = ( GEOMETRIC_REPRESENTATION_CONTEXT(2) 
PARAMETRIC_REPRESENTATION_CONTEXT() REPRESENTATION_CONTEXT('2D SPACE',''
  ) );
#2648 = ORIENTED_EDGE('',*,*,#2649,.F.);
#2649 = EDGE_CURVE('',#24,#2441,#2650,.T.);
#2650 = SURFACE_CURVE('',#2651,(#2678,#2685),.PCURVE_S1.);
#2651 = B_SPLINE_CURVE_WITH_KNOTS('',13,(#2652,#2653,#2654,#2655,#2656,
    #2657,#2658,#2659,#2660,#2661,#2662,#2663,#2664,#2665,#2666,#2667,
    #2668,#2669,#2670,#2671,#2672,#2673,#2674,#2675,#2676,#2677),
  .UNSPECIFIED.,.T.,.F.,(14,12,14),(0.,0.5,1.),.UNSPECIFIED.);
#2652 = CARTESIAN_POINT('',(3.04E+03,-2.273736754432E-13,850.));
#2653 = CARTESIAN_POINT('',(3.04E+03,275.49350962256,850.));
#2654 = CARTESIAN_POINT('',(2.847669243616E+03,550.987019356,850.));
#2655 = CARTESIAN_POINT('',(2.463007767863E+03,805.8819525723,850.));
#2656 = CARTESIAN_POINT('',(1.903272027483E+03,1.01957974047E+03,850.));
#2657 = CARTESIAN_POINT('',(1.202975748165E+03,1.17374067016E+03,850.));
#2658 = CARTESIAN_POINT('',(411.52232450051,1.254542891313E+03,850.));
#2659 = CARTESIAN_POINT('',(-411.5223245011,1.254542891313E+03,850.));
#2660 = CARTESIAN_POINT('',(-1.202975748164E+03,1.17374067016E+03,850.)
  );
#2661 = CARTESIAN_POINT('',(-1.903272027485E+03,1.01957974047E+03,850.)
  );
#2662 = CARTESIAN_POINT('',(-2.463007767861E+03,805.88195257207,850.));
#2663 = CARTESIAN_POINT('',(-2.847669243617E+03,550.98701935612,850.));
#2664 = CARTESIAN_POINT('',(-3.04E+03,275.49350962256,850.));
#2665 = CARTESIAN_POINT('',(-3.04E+03,-275.4935096226,850.));
#2666 = CARTESIAN_POINT('',(-2.847669243616E+03,-550.9870193557,850.));
#2667 = CARTESIAN_POINT('',(-2.463007767862E+03,-805.8819525729,850.));
#2668 = CARTESIAN_POINT('',(-1.903272027483E+03,-1.019579740469E+03,850.
    ));
#2669 = CARTESIAN_POINT('',(-1.202975748165E+03,-1.173740670161E+03,850.
    ));
#2670 = CARTESIAN_POINT('',(-411.5223245004,-1.254542891313E+03,850.));
#2671 = CARTESIAN_POINT('',(411.52232450111,-1.254542891312E+03,850.));
#2672 = CARTESIAN_POINT('',(1.202975748164E+03,-1.173740670161E+03,850.)
  );
#2673 = CARTESIAN_POINT('',(1.903272027485E+03,-1.019579740469E+03,850.)
  );
#2674 = CARTESIAN_POINT('',(2.463007767861E+03,-805.8819525728,850.));
#2675 = CARTESIAN_POINT('',(2.847669243617E+03,-550.9870193558,850.));
#2676 = CARTESIAN_POINT('',(3.04E+03,-275.4935096226,850.));
#2677 = CARTESIAN_POINT('',(3.04E+03,-4.547473508865E-13,850.));
#2678 = PCURVE('',#33,#2679);
#2679 = DEFINITIONAL_REPRESENTATION('',(#2680),#2684);
#2680 = LINE('',#2681,#2682);
#2681 = CARTESIAN_POINT('',(0.,1.));
#2682 = VECTOR('',#2683,1.);
#2683 = DIRECTION('',(1.,0.));
#2684 = ( GEOMETRIC_REPRESENTATION_CONTEXT(2) 
PARAMETRIC_REPRESENTATION_CONTEXT() REPRESENTATION_CONTEXT('2D SPACE',''
  ) );
#2685 = PCURVE('',#264,#2686);
#2686 = DEFINITIONAL_REPRESENTATION('',(#2687),#2714);
#2687 = B_SPLINE_CURVE_WITH_KNOTS('',13,(#2688,#2689,#2690,#2691,#2692,
    #2693,#2694,#2695,#2696,#2697,#2698,#2699,#2700,#2701,#2702,#2703,
    #2704,#2705,#2706,#2707,#2708,#2709,#2710,#2711,#2712,#2713),
  .UNSPECIFIED.,.F.,.F.,(14,12,14),(0.,0.5,1.),.UNSPECIFIED.);
#2688 = CARTESIAN_POINT('',(0.,0.));
#2689 = CARTESIAN_POINT('',(-6.497910220315,275.41686768774));
#2690 = CARTESIAN_POINT('',(179.28142977556,555.3701326932));
#2691 = CARTESIAN_POINT('',(557.82383000626,819.26694801243));
#2692 = CARTESIAN_POINT('',(1.112363483291E+03,1.046107457062E+03));
#2693 = CARTESIAN_POINT('',(1.808828834091E+03,1.216742993231E+03));
#2694 = CARTESIAN_POINT('',(2.598156239974E+03,1.316190301373E+03));
#2695 = CARTESIAN_POINT('',(3.420971919028E+03,1.335602991871E+03));
#2696 = CARTESIAN_POINT('',(4.214110997854E+03,1.273490815852E+03));
#2697 = CARTESIAN_POINT('',(4.917848562671E+03,1.13589026738E+03));
#2698 = CARTESIAN_POINT('',(5.482468954637E+03,935.45410152506));
#2699 = CARTESIAN_POINT('',(5.873035481274E+03,689.70287328758));
#2700 = CARTESIAN_POINT('',(6.071810641715E+03,418.82240269572));
#2701 = CARTESIAN_POINT('',(6.084806462155E+03,-132.0113326798));
#2702 = CARTESIAN_POINT('',(5.89902712216E+03,-411.9645976849));
#2703 = CARTESIAN_POINT('',(5.520484721929E+03,-675.8614130051));
#2704 = CARTESIAN_POINT('',(4.965945068644E+03,-902.7019220529));
#2705 = CARTESIAN_POINT('',(4.269479717844E+03,-1.073337458224E+03));
#2706 = CARTESIAN_POINT('',(3.480152311961E+03,-1.172784766365E+03));
#2707 = CARTESIAN_POINT('',(2.657336632907E+03,-1.192197456862E+03));
#2708 = CARTESIAN_POINT('',(1.864197554081E+03,-1.130085280845E+03));
#2709 = CARTESIAN_POINT('',(1.160459989265E+03,-992.4847323712));
#2710 = CARTESIAN_POINT('',(595.8395972977,-792.0485665178));
#2711 = CARTESIAN_POINT('',(205.27307066084,-546.2973382793));
#2712 = CARTESIAN_POINT('',(6.497910220203,-275.4168676877));
#2713 = CARTESIAN_POINT('',(9.094947017729E-13,-1.989519660128E-13));
#2714 = ( GEOMETRIC_REPRESENTATION_CONTEXT(2) 
PARAMETRIC_REPRESENTATION_CONTEXT() REPRESENTATION_CONTEXT('2D SPACE',''
  ) );
#2715 = FACE_BOUND('',#2716,.T.);
#2716 = EDGE_LOOP('',(#2717));
#2717 = ORIENTED_EDGE('',*,*,#2718,.T.);
#2718 = EDGE_CURVE('',#2719,#2719,#2721,.T.);
#2719 = VERTEX_POINT('',#2720);
#2720 = CARTESIAN_POINT('',(891.92619516859,1.5E+03,180.));
#2721 = SURFACE_CURVE('',#2722,(#3089,#3580),.PCURVE_S1.);
#2722 = B_SPLINE_CURVE_WITH_KNOTS('',8,(#2723,#2724,#2725,#2726,#2727,
    #2728,#2729,#2730,#2731,#2732,#2733,#2734,#2735,#2736,#2737,#2738,
    #2739,#2740,#2741,#2742,#2743,#2744,#2745,#2746,#2747,#2748,#2749,
    #2750,#2751,#2752,#2753,#2754,#2755,#2756,#2757,#2758,#2759,#2760,
    #2761,#2762,#2763,#2764,#2765,#2766,#2767,#2768,#2769,#2770,#2771,
    #2772,#2773,#2774,#2775,#2776,#2777,#2778,#2779,#2780,#2781,#2782,
    #2783,#2784,#2785,#2786,#2787,#2788,#2789,#2790,#2791,#2792,#2793,
    #2794,#2795,#2796,#2797,#2798,#2799,#2800,#2801,#2802,#2803,#2804,
    #2805,#2806,#2807,#2808,#2809,#2810,#2811,#2812,#2813,#2814,#2815,
    #2816,#2817,#2818,#2819,#2820,#2821,#2822,#2823,#2824,#2825,#2826,
    #2827,#2828,#2829,#2830,#2831,#2832,#2833,#2834,#2835,#2836,#2837,
    #2838,#2839,#2840,#2841,#2842,#2843,#2844,#2845,#2846,#2847,#2848,
    #2849,#2850,#2851,#2852,#2853,#2854,#2855,#2856,#2857,#2858,#2859,
    #2860,#2861,#2862,#2863,#2864,#2865,#2866,#2867,#2868,#2869,#2870,
    #2871,#2872,#2873,#2874,#2875,#2876,#2877,#2878,#2879,#2880,#2881,
    #2882,#2883,#2884,#2885,#2886,#2887,#2888,#2889,#2890,#2891,#2892,
    #2893,#2894,#2895,#2896,#2897,#2898,#2899,#2900,#2901,#2902,#2903,
    #2904,#2905,#2906,#2907,#2908,#2909,#2910,#2911,#2912,#2913,#2914,
    #2915,#2916,#2917,#2918,#2919,#2920,#2921,#2922,#2923,#2924,#2925,
    #2926,#2927,#2928,#2929,#2930,#2931,#2932,#2933,#2934,#2935,#2936,
    #2937,#2938,#2939,#2940,#2941,#2942,#2943,#2944,#2945,#2946,#2947,
    #2948,#2949,#2950,#2951,#2952,#2953,#2954,#2955,#2956,#2957,#2958,
    #2959,#2960,#2961,#2962,#2963,#2964,#2965,#2966,#2967,#2968,#2969,
    #2970,#2971,#2972,#2973,#2974,#2975,#2976,#2977,#2978,#2979,#2980,
    #2981,#2982,#2983,#2984,#2985,#2986,#2987,#2988,#2989,#2990,#2991,
    #2992,#2993,#2994,#2995,#2996,#2997,#2998,#2999,#3000,#3001,#3002,
    #3003,#3004,#3005,#3006,#3007,#3008,#3009,#3010,#3011,#3012,#3013,
    #3014,#3015,#3016,#3017,#3018,#3019,#3020,#3021,#3022,#3023,#3024,
    #3025,#3026,#3027,#3028,#3029,#3030,#3031,#3032,#3033,#3034,#3035,
    #3036,#3037,#3038,#3039,#3040,#3041,#3042,#3043,#3044,#3045,#3046,
    #3047,#3048,#3049,#3050,#3051,#3052,#3053,#3054,#3055,#3056,#3057,
    #3058,#3059,#3060,#3061,#3062,#3063,#3064,#3065,#3066,#3067,#3068,
    #3069,#3070,#3071,#3072,#3073,#3074,#3075,#3076,#3077,#3078,#3079,
    #3080,#3081,#3082,#3083,#3084,#3085,#3086,#3087,#3088),
  .UNSPECIFIED.,.T.,.F.,(9,7,7,7,7,7,7,7,7,7,7,7,7,7,7,7,7,7,7,7,7,7,7,7
    ,7,7,7,7,7,7,7,7,7,7,7,7,7,7,7,7,7,7,7,7,7,7,7,7,7,7,7,7,9),(0.,
    0.409293444387,1.,1.652122801256,2.490300163999,3.865893850762,
    5.523507186926,8.701242775417,12.757168099046,19.253205212328,
    26.58384448566,42.350877892558,54.074264833759,61.142215835715,
    67.59034462026,76.171013999807,81.453134928596,83.933028976511,
    85.873318116268,86.975030495678,87.891206097637,88.449314468691,
    88.902513370298,89.426476805219,89.795684863037,90.068579784916,
    90.658567356384,91.187501312793,91.950572480678,92.95025826568,
    94.236198491065,96.451146527006,99.418100977096,104.82115459279,
    113.48783038714,127.95163129766,142.62922619174,150.46008982004,
    161.71533674051,166.12961910095,169.73163842699,172.77239201064,
    175.20550532856,176.49883990352,177.61838910045,178.26062478967,
    178.79102222434,179.13102353417,179.50502496936,179.89069178939,
    180.20258768543,180.5236911784,180.92409665375),.UNSPECIFIED.);
#2723 = CARTESIAN_POINT('',(891.92619516859,1.5E+03,180.));
#2724 = CARTESIAN_POINT('',(892.35886292938,1.5E+03,179.46729661484));
#2725 = CARTESIAN_POINT('',(892.81209289788,1.499995367148E+03,
    178.96908524687));
#2726 = CARTESIAN_POINT('',(893.28032396344,1.499987149924E+03,
    178.49856398383));
#2727 = CARTESIAN_POINT('',(893.76003210195,1.499975976247E+03,
    178.05189632811));
#2728 = CARTESIAN_POINT('',(894.24857212392,1.499962342822E+03,
    177.62587616103));
#2729 = CARTESIAN_POINT('',(894.74423776985,1.499946602992E+03,
    177.218007568));
#2730 = CARTESIAN_POINT('',(895.24599604759,1.499929029661E+03,
    176.82601100245));
#2731 = CARTESIAN_POINT('',(896.48595288842,1.499882080308E+03,
    175.90200850559));
#2732 = CARTESIAN_POINT('',(897.22920075707,1.499850970097E+03,
    175.3858283418));
#2733 = CARTESIAN_POINT('',(897.9807427402,1.499817130653E+03,
    174.89393427594));
#2734 = CARTESIAN_POINT('',(898.73890251646,1.499780977899E+03,
    174.42297716006));
#2735 = CARTESIAN_POINT('',(899.50242000857,1.49974283476E+03,
    173.97030743653));
#2736 = CARTESIAN_POINT('',(900.27041859879,1.499702942365E+03,
    173.53386771823));
#2737 = CARTESIAN_POINT('',(901.04231221443,1.499661490659E+03,
    173.11190743071));
#2738 = CARTESIAN_POINT('',(902.67389500141,1.49957129991E+03,
    172.25143111804));
#2739 = CARTESIAN_POINT('',(903.53413182509,1.499522264418E+03,
    171.81587901532));
#2740 = CARTESIAN_POINT('',(904.39785221159,1.499471725536E+03,
    171.3943612078));
#2741 = CARTESIAN_POINT('',(905.26455613064,1.499419841981E+03,
    170.98542784975));
#2742 = CARTESIAN_POINT('',(906.13384708011,1.499366741731E+03,
    170.58790202213));
#2743 = CARTESIAN_POINT('',(907.00541181449,1.499312530576E+03,
    170.20079302359));
#2744 = CARTESIAN_POINT('',(907.8790115189,1.499257295837E+03,
    169.8232584783));
#2745 = CARTESIAN_POINT('',(909.87970519117,1.499128895491E+03,
    168.98067179232));
#2746 = CARTESIAN_POINT('',(911.00795464676,1.499055113847E+03,
    168.52140584904));
#2747 = CARTESIAN_POINT('',(912.13880254072,1.498979923965E+03,
    168.07521702464));
#2748 = CARTESIAN_POINT('',(913.27191710707,1.498903450732E+03,
    167.6408886757));
#2749 = CARTESIAN_POINT('',(914.40702932849,1.498825796987E+03,
    167.21741412839));
#2750 = CARTESIAN_POINT('',(915.54392159361,1.498747049189E+03,
    166.80393661547));
#2751 = CARTESIAN_POINT('',(916.68242198942,1.498667280255E+03,
    166.39971901699));
#2752 = CARTESIAN_POINT('',(919.69329672842,1.498454064042E+03,
    165.35485734849));
#2753 = CARTESIAN_POINT('',(921.56810914637,1.498318997245E+03,
    164.72881917941));
#2754 = CARTESIAN_POINT('',(923.44621600416,1.498181629461E+03,
    164.12315141971));
#2755 = CARTESIAN_POINT('',(925.32714176648,1.498042170549E+03,
    163.5357098529));
#2756 = CARTESIAN_POINT('',(927.21051065191,1.497900789061E+03,
    162.96476590887));
#2757 = CARTESIAN_POINT('',(929.09602655157,1.497757624142E+03,
    162.40887571652));
#2758 = CARTESIAN_POINT('',(930.98346432679,1.497612790655E+03,
    161.86682322677));
#2759 = CARTESIAN_POINT('',(935.1491711098,1.497289964073E+03,
    160.6997766876));
#2760 = CARTESIAN_POINT('',(937.42818746162,1.497111263949E+03,
    160.08057520657));
#2761 = CARTESIAN_POINT('',(939.7093826281,1.496930456539E+03,
    159.47811856552));
#2762 = CARTESIAN_POINT('',(941.99249388364,1.496747679393E+03,
    158.89094384308));
#2763 = CARTESIAN_POINT('',(944.27730595701,1.496563046909E+03,
    158.31783162505));
#2764 = CARTESIAN_POINT('',(946.56364280451,1.496376656121E+03,
    157.75774030754));
#2765 = CARTESIAN_POINT('',(948.8513632158,1.496188589771E+03,
    157.2097709993));
#2766 = CARTESIAN_POINT('',(955.5284823434,1.49563531038E+03,
    155.6443724414));
#2767 = CARTESIAN_POINT('',(959.92121481472,1.495265811922E+03,
    154.6572752377));
#2768 = CARTESIAN_POINT('',(964.31774862859,1.494890928342E+03,
    153.70629495789));
#2769 = CARTESIAN_POINT('',(968.71748245205,1.494511028051E+03,
    152.78740965608));
#2770 = CARTESIAN_POINT('',(973.11994985024,1.494126401721E+03,
    151.89744653984));
#2771 = CARTESIAN_POINT('',(977.52479044677,1.493737286673E+03,
    151.0337971808));
#2772 = CARTESIAN_POINT('',(981.93173903508,1.493343875975E+03,
    150.19430958362));
#2773 = CARTESIAN_POINT('',(991.96790430339,1.492438921428E+03,
    148.33414458653));
#2774 = CARTESIAN_POINT('',(997.59825124994,1.491924783769E+03,
    147.32752411312));
#2775 = CARTESIAN_POINT('',(1.003231198212E+03,1.491404258774E+03,
    146.35347371871));
#2776 = CARTESIAN_POINT('',(1.008866388668E+03,1.490877611087E+03,
    145.40906444303));
#2777 = CARTESIAN_POINT('',(1.014503535902E+03,1.490345056859E+03,
    144.49191541862));
#2778 = CARTESIAN_POINT('',(1.020142410139E+03,1.489806777141E+03,
    143.6000334148));
#2779 = CARTESIAN_POINT('',(1.025782832358E+03,1.489262924253E+03,
    142.73173558479));
#2780 = CARTESIAN_POINT('',(1.040460724597E+03,1.487833867132E+03,
    140.53033503951));
#2781 = CARTESIAN_POINT('',(1.04950033742E+03,1.486940150463E+03,
    139.23188216724));
#2782 = CARTESIAN_POINT('',(1.058542907906E+03,1.486033017263E+03,
    137.98425855796));
#2783 = CARTESIAN_POINT('',(1.067587972914E+03,1.485112875153E+03,
    136.78306644422));
#2784 = CARTESIAN_POINT('',(1.076635164547E+03,1.48418005255E+03,
    135.62482976471));
#2785 = CARTESIAN_POINT('',(1.085684192182E+03,1.483234822031E+03,
    134.5067072958));
#2786 = CARTESIAN_POINT('',(1.094734834708E+03,1.482277410222E+03,
    133.42636865159));
#2787 = CARTESIAN_POINT('',(1.114002028973E+03,1.480214061194E+03,
    131.20313377066));
#2788 = CARTESIAN_POINT('',(1.124218934122E+03,1.479104850089E+03,
    130.07003886536));
#2789 = CARTESIAN_POINT('',(1.134437380806E+03,1.47798065581E+03,
    128.97975333956));
#2790 = CARTESIAN_POINT('',(1.144657146955E+03,1.476841707079E+03,
    127.93008304496));
#2791 = CARTESIAN_POINT('',(1.154878045211E+03,1.475688197018E+03,
    126.91925971452));
#2792 = CARTESIAN_POINT('',(1.165099918001E+03,1.474520291446E+03,
    125.94583637968));
#2793 = CARTESIAN_POINT('',(1.175322634806E+03,1.473338133378E+03,
    125.00862946396));
#2794 = CARTESIAN_POINT('',(1.207535106968E+03,1.469568826394E+03,
    122.16668842086));
#2795 = CARTESIAN_POINT('',(1.229527417511E+03,1.466930461E+03,
    120.38976369934));
#2796 = CARTESIAN_POINT('',(1.25152198671E+03,1.464227985277E+03,
    118.76622208123));
#2797 = CARTESIAN_POINT('',(1.273517949531E+03,1.461462270946E+03,
    117.29097535123));
#2798 = CARTESIAN_POINT('',(1.295514549398E+03,1.458633986777E+03,
    115.96146919386));
#2799 = CARTESIAN_POINT('',(1.317511125962E+03,1.455743625721E+03,
    114.77728916158));
#2800 = CARTESIAN_POINT('',(1.339507102183E+03,1.452791530261E+03,
    113.73978456938));
#2801 = CARTESIAN_POINT('',(1.377856013886E+03,1.447537118136E+03,
    112.19213833506));
#2802 = CARTESIAN_POINT('',(1.394209361555E+03,1.445262335987E+03,
    111.61499047376));
#2803 = CARTESIAN_POINT('',(1.410561803133E+03,1.442953612065E+03,
    111.12200117049));
#2804 = CARTESIAN_POINT('',(1.426913083867E+03,1.440610982936E+03,
    110.71503309176));
#2805 = CARTESIAN_POINT('',(1.443262918836E+03,1.438234442589E+03,
    110.39651429346));
#2806 = CARTESIAN_POINT('',(1.459610992976E+03,1.435823938344E+03,
    110.16948112495));
#2807 = CARTESIAN_POINT('',(1.475956961378E+03,1.433379361428E+03,
    110.03768485415));
#2808 = CARTESIAN_POINT('',(1.502153829032E+03,1.429406058627E+03,
    109.98656523996));
#2809 = CARTESIAN_POINT('',(1.512006295212E+03,1.427899138394E+03,
    110.00365111102));
#2810 = CARTESIAN_POINT('',(1.521857764886E+03,1.426379729317E+03,
    110.05807259285));
#2811 = CARTESIAN_POINT('',(1.531708140989E+03,1.424847783394E+03,
    110.1509749534));
#2812 = CARTESIAN_POINT('',(1.541557312815E+03,1.423303243169E+03,
    110.28363986473));
#2813 = CARTESIAN_POINT('',(1.551405155744E+03,1.42174603989E+03,
    110.45750867064));
#2814 = CARTESIAN_POINT('',(1.561251530823E+03,1.420176090854E+03,
    110.6742155715));
#2815 = CARTESIAN_POINT('',(1.580077704392E+03,1.417149303893E+03,
    111.17412114349));
#2816 = CARTESIAN_POINT('',(1.589057762134E+03,1.415694622205E+03,
    111.44982247168));
#2817 = CARTESIAN_POINT('',(1.598036346125E+03,1.414229174157E+03,
    111.76415370582));
#2818 = CARTESIAN_POINT('',(1.607013320454E+03,1.412752872728E+03,
    112.11870301112));
#2819 = CARTESIAN_POINT('',(1.615988524032E+03,1.41126561902E+03,
    112.51524970644));
#2820 = CARTESIAN_POINT('',(1.624961769396E+03,1.409767299054E+03,
    112.95580703619));
#2821 = CARTESIAN_POINT('',(1.633932840908E+03,1.408257778976E+03,
    113.44268573046));
#2822 = CARTESIAN_POINT('',(1.654836277629E+03,1.404713029172E+03,
    114.6917026683));
#2823 = CARTESIAN_POINT('',(1.666766552036E+03,1.402669080817E+03,
    115.4916099939));
#2824 = CARTESIAN_POINT('',(1.6786919497E+03,1.400604641354E+03,
    116.38465153483));
#2825 = CARTESIAN_POINT('',(1.690611795545E+03,1.398519246658E+03,
    117.37841640892));
#2826 = CARTESIAN_POINT('',(1.7025250903E+03,1.396412361658E+03,
    118.48202477287));
#2827 = CARTESIAN_POINT('',(1.714430462277E+03,1.394283322091E+03,
    119.70697744014));
#2828 = CARTESIAN_POINT('',(1.726326131869E+03,1.392131288146E+03,
    121.06782730803));
#2829 = CARTESIAN_POINT('',(1.745525059551E+03,1.388615300877E+03,
    123.52014023014));
#2830 = CARTESIAN_POINT('',(1.752835557955E+03,1.387266463577E+03,
    124.5140264424));
#2831 = CARTESIAN_POINT('',(1.760140811114E+03,1.385908158752E+03,
    125.57234310672));
#2832 = CARTESIAN_POINT('',(1.767440109149E+03,1.384540040023E+03,
    126.70099268259));
#2833 = CARTESIAN_POINT('',(1.774732413722E+03,1.3831617234E+03,
    127.9070621643));
#2834 = CARTESIAN_POINT('',(1.782016292164E+03,1.381772744077E+03,
    129.19952307372));
#2835 = CARTESIAN_POINT('',(1.789289871044E+03,1.380372524083E+03,
    130.58975208915));
#2836 = CARTESIAN_POINT('',(1.799959376188E+03,1.378297106439E+03,
    132.80095811025));
#2837 = CARTESIAN_POINT('',(1.803365276024E+03,1.377631371433E+03,
    133.53264539341));
#2838 = CARTESIAN_POINT('',(1.806768008778E+03,1.376962885464E+03,
    134.29129554033));
#2839 = CARTESIAN_POINT('',(1.810167231313E+03,1.37629155114E+03,
    135.0788909919));
#2840 = CARTESIAN_POINT('',(1.813562502579E+03,1.375617262407E+03,
    135.89774295025));
#2841 = CARTESIAN_POINT('',(1.816953273381E+03,1.374939900076E+03,
    136.75057220395));
#2842 = CARTESIAN_POINT('',(1.820338865542E+03,1.374259322562E+03,
    137.64067358379));
#2843 = CARTESIAN_POINT('',(1.826362627493E+03,1.373040199017E+03,
    139.30112151173));
#2844 = CARTESIAN_POINT('',(1.829003044279E+03,1.372502989326E+03,
    140.05535723744));
#2845 = CARTESIAN_POINT('',(1.831639331163E+03,1.371963618503E+03,
    140.83698684972));
#2846 = CARTESIAN_POINT('',(1.834270991006E+03,1.37142198926E+03,
    141.64834941845));
#2847 = CARTESIAN_POINT('',(1.836897355138E+03,1.370878000201E+03,
    142.49222585127));
#2848 = CARTESIAN_POINT('',(1.839517565645E+03,1.370331540718E+03,
    143.3719455221));
#2849 = CARTESIAN_POINT('',(1.842130531477E+03,1.369782478131E+03,
    144.29164951032));
#2850 = CARTESIAN_POINT('',(1.846213567567E+03,1.368917283033E+03,
    145.80496735103));
#2851 = CARTESIAN_POINT('',(1.847689466245E+03,1.368603049145E+03,
    146.36770634824));
#2852 = CARTESIAN_POINT('',(1.849162274426E+03,1.368287890058E+03,
    146.94613235072));
#2853 = CARTESIAN_POINT('',(1.850631669442E+03,1.367971772358E+03,
    147.54139961571));
#2854 = CARTESIAN_POINT('',(1.852097245284E+03,1.36765466395E+03,
    148.15483705434));
#2855 = CARTESIAN_POINT('',(1.853558503294E+03,1.367336532345E+03,
    148.78799174327));
#2856 = CARTESIAN_POINT('',(1.855014834172E+03,1.36701734128E+03,
    149.44271293856));
#2857 = CARTESIAN_POINT('',(1.857671831078E+03,1.366430687447E+03,
    150.68563653272));
#2858 = CARTESIAN_POINT('',(1.858874166949E+03,1.366163584182E+03,
    151.26643350396));
#2859 = CARTESIAN_POINT('',(1.860072112414E+03,1.365895695234E+03,
    151.8650627714));
#2860 = CARTESIAN_POINT('',(1.86126513986E+03,1.365626994371E+03,
    152.48306314957));
#2861 = CARTESIAN_POINT('',(1.862452549659E+03,1.365357466098E+03,
    153.12223519553));
#2862 = CARTESIAN_POINT('',(1.863633452145E+03,1.365087103796E+03,
    153.78470724392));
#2863 = CARTESIAN_POINT('',(1.864806724317E+03,1.364815905118E+03,
    154.47309349917));
#2864 = CARTESIAN_POINT('',(1.866680101748E+03,1.364378140497E+03,
    155.62808594298));
#2865 = CARTESIAN_POINT('',(1.867385865733E+03,1.364212118631E+03,
    156.0761876084));
#2866 = CARTESIAN_POINT('',(1.868087893426E+03,1.364045790027E+03,
    156.5359447993));
#2867 = CARTESIAN_POINT('',(1.868785780029E+03,1.363879159164E+03,
    157.00823440826));
#2868 = CARTESIAN_POINT('',(1.869479015141E+03,1.36371224069E+03,
    157.49405017569));
#2869 = CARTESIAN_POINT('',(1.870166971832E+03,1.363545058995E+03,
    157.99453367397));
#2870 = CARTESIAN_POINT('',(1.870848884959E+03,1.363377647325E+03,
    158.51103570734));
#2871 = CARTESIAN_POINT('',(1.872071863427E+03,1.363073949326E+03,
    159.47902453056));
#2872 = CARTESIAN_POINT('',(1.872615226444E+03,1.362937748264E+03,
    159.92441638001));
#2873 = CARTESIAN_POINT('',(1.8731534434E+03,1.362801451789E+03,
    160.38234965913));
#2874 = CARTESIAN_POINT('',(1.873685896212E+03,1.362665092868E+03,
    160.85384024608));
#2875 = CARTESIAN_POINT('',(1.874211784359E+03,1.362528728889E+03,
    161.34002119133));
#2876 = CARTESIAN_POINT('',(1.874730109063E+03,1.362392441895E+03,
    161.84217694515));
#2877 = CARTESIAN_POINT('',(1.87523963782E+03,1.362256339074E+03,
    162.36181982277));
#2878 = CARTESIAN_POINT('',(1.876315963027E+03,1.361963566496E+03,
    163.52405567873));
#2879 = CARTESIAN_POINT('',(1.876878320958E+03,1.361807264104E+03,
    164.17214376587));
#2880 = CARTESIAN_POINT('',(1.877424563083E+03,1.36165158759E+03,
    164.84895397612));
#2881 = CARTESIAN_POINT('',(1.877951661058E+03,1.36149680638E+03,
    165.55812793841));
#2882 = CARTESIAN_POINT('',(1.878454887708E+03,1.361343519666E+03,
    166.3031294569));
#2883 = CARTESIAN_POINT('',(1.878927705692E+03,1.361192667159E+03,
    167.08737765024));
#2884 = CARTESIAN_POINT('',(1.87936174303E+03,1.361045531187E+03,
    167.91428619152));
#2885 = CARTESIAN_POINT('',(1.880017305307E+03,1.360803888648E+03,
    169.40344041501));
#2886 = CARTESIAN_POINT('',(1.880263815356E+03,1.360706643041E+03,
    170.04236982408));
#2887 = CARTESIAN_POINT('',(1.880481368828E+03,1.36061288709E+03,
    170.70447291835));
#2888 = CARTESIAN_POINT('',(1.880664904186E+03,1.360523660472E+03,
    171.38853476507));
#2889 = CARTESIAN_POINT('',(1.880809194422E+03,1.360440131666E+03,
    172.09213360571));
#2890 = CARTESIAN_POINT('',(1.880909505427E+03,1.360363497301E+03,
    172.81136863655));
#2891 = CARTESIAN_POINT('',(1.880962615023E+03,1.360294827486E+03,
    173.54042430222));
#2892 = CARTESIAN_POINT('',(1.880972523726E+03,1.360190502777E+03,
    174.81082107614));
#2893 = CARTESIAN_POINT('',(1.880950834695E+03,1.3601508883E+03,
    175.35176310019));
#2894 = CARTESIAN_POINT('',(1.880903115108E+03,1.360116300435E+03,
    175.89028136524));
#2895 = CARTESIAN_POINT('',(1.880830160438E+03,1.360086819013E+03,
    176.42356238234));
#2896 = CARTESIAN_POINT('',(1.880733408802E+03,1.360062359959E+03,
    176.94934152049));
#2897 = CARTESIAN_POINT('',(1.880614699887E+03,1.360042725607E+03,
    177.46583432379));
#2898 = CARTESIAN_POINT('',(1.880476075911E+03,1.360027646156E+03,
    177.97168166673));
#2899 = CARTESIAN_POINT('',(1.879981383486E+03,1.359993389874E+03,
    179.53440732298));
#2900 = CARTESIAN_POINT('',(1.879560718796E+03,1.359989873885E+03,
    180.54574320408));
#2901 = CARTESIAN_POINT('',(1.879076145846E+03,1.360002717071E+03,
    181.5012285388));
#2902 = CARTESIAN_POINT('',(1.878543311681E+03,1.360028769141E+03,
    182.40382473635));
#2903 = CARTESIAN_POINT('',(1.877974302742E+03,1.360065468047E+03,
    183.2574104018));
#2904 = CARTESIAN_POINT('',(1.877377712206E+03,1.36011082269E+03,
    184.06684384427));
#2905 = CARTESIAN_POINT('',(1.87675852641E+03,1.360163440836E+03,
    184.83786809785));
#2906 = CARTESIAN_POINT('',(1.875544017039E+03,1.3602754967E+03,
    186.23984526258));
#2907 = CARTESIAN_POINT('',(1.874954493309E+03,1.360333514024E+03,
    186.87514553399));
#2908 = CARTESIAN_POINT('',(1.874352293777E+03,1.36039580933E+03,
    187.48622923759));
#2909 = CARTESIAN_POINT('',(1.873739503002E+03,1.360461799625E+03,
    188.07550402603));
#2910 = CARTESIAN_POINT('',(1.873117757281E+03,1.360531018667E+03,
    188.64496593146));
#2911 = CARTESIAN_POINT('',(1.872488321463E+03,1.360603089584E+03,
    189.1963607806));
#2912 = CARTESIAN_POINT('',(1.871852114477E+03,1.360677715647E+03,
    189.73123842794));
#2913 = CARTESIAN_POINT('',(1.870283038738E+03,1.360865678885E+03,
    191.00092269766));
#2914 = CARTESIAN_POINT('',(1.869343910596E+03,1.360981481512E+03,
    191.71909973287));
#2915 = CARTESIAN_POINT('',(1.868394567019E+03,1.361101334229E+03,
    192.40963137228));
#2916 = CARTESIAN_POINT('',(1.867436663991E+03,1.361224687373E+03,
    193.07549105038));
#2917 = CARTESIAN_POINT('',(1.866471490711E+03,1.361351106341E+03,
    193.71907544308));
#2918 = CARTESIAN_POINT('',(1.865500040723E+03,1.361480241387E+03,
    194.34241323456));
#2919 = CARTESIAN_POINT('',(1.864523036432E+03,1.361611817077E+03,
    194.94723763795));
#2920 = CARTESIAN_POINT('',(1.862254376241E+03,1.361920904547E+03,
    196.30523236261));
#2921 = CARTESIAN_POINT('',(1.860959339712E+03,1.362099975532E+03,
    197.04609878055));
#2922 = CARTESIAN_POINT('',(1.859657176612E+03,1.362282311023E+03,
    197.76104517239));
#2923 = CARTESIAN_POINT('',(1.858348911008E+03,1.362467512428E+03,
    198.45262503926));
#2924 = CARTESIAN_POINT('',(1.857035357477E+03,1.362655258275E+03,
    199.12292287923));
#2925 = CARTESIAN_POINT('',(1.855717159556E+03,1.362845284842E+03,
    199.77370414589));
#2926 = CARTESIAN_POINT('',(1.854394806324E+03,1.363037377725E+03,
    200.40648010463));
#2927 = CARTESIAN_POINT('',(1.851362761156E+03,1.363480892624E+03,
    201.8151027393));
#2928 = CARTESIAN_POINT('',(1.849650706071E+03,1.36373353462E+03,
    202.57997508161));
#2929 = CARTESIAN_POINT('',(1.847933340698E+03,1.363988901063E+03,
    203.31999043417));
#2930 = CARTESIAN_POINT('',(1.846211347317E+03,1.364246684944E+03,
    204.03734988535));
#2931 = CARTESIAN_POINT('',(1.844485280082E+03,1.364506633572E+03,
    204.73388067397));
#2932 = CARTESIAN_POINT('',(1.842755586539E+03,1.364768535774E+03,
    205.41114377911));
#2933 = CARTESIAN_POINT('',(1.841022618326E+03,1.365032215489E+03,
    206.07048747608));
#2934 = CARTESIAN_POINT('',(1.836296536502E+03,1.365754504113E+03,
    207.8199609392));
#2935 = CARTESIAN_POINT('',(1.833297667148E+03,1.366216294525E+03,
    208.87712726263));
#2936 = CARTESIAN_POINT('',(1.830291483141E+03,1.366682130289E+03,
    209.8906439843));
#2937 = CARTESIAN_POINT('',(1.827279092084E+03,1.367151435542E+03,
    210.86500242518));
#2938 = CARTESIAN_POINT('',(1.824261363873E+03,1.367623751192E+03,
    211.80380781408));
#2939 = CARTESIAN_POINT('',(1.821238975259E+03,1.368098702874E+03,
    212.71006853045));
#2940 = CARTESIAN_POINT('',(1.81821242763E+03,1.368575987951E+03,
    213.58631203253));
#2941 = CARTESIAN_POINT('',(1.811122863826E+03,1.369697483311E+03,
    215.57120139228));
#2942 = CARTESIAN_POINT('',(1.807056995166E+03,1.370343323097E+03,
    216.65769724065));
#2943 = CARTESIAN_POINT('',(1.802985445849E+03,1.37099226196E+03,
    217.69944474837));
#2944 = CARTESIAN_POINT('',(1.798908991996E+03,1.371643819032E+03,
    218.7004845736));
#2945 = CARTESIAN_POINT('',(1.79482825723E+03,1.372297601907E+03,
    219.66412725002));
#2946 = CARTESIAN_POINT('',(1.790743737624E+03,1.372953284091E+03,
    220.59317009401));
#2947 = CARTESIAN_POINT('',(1.786655813357E+03,1.373610594306E+03,
    221.48999865365));
#2948 = CARTESIAN_POINT('',(1.775114639673E+03,1.375468868158E+03,
    223.93501691036));
#2949 = CARTESIAN_POINT('',(1.767654399983E+03,1.376673034933E+03,
    225.4133565477));
#2950 = CARTESIAN_POINT('',(1.76018585692E+03,1.377880409509E+03,
    226.80425515971));
#2951 = CARTESIAN_POINT('',(1.752710380534E+03,1.379089972369E+03,
    228.11670391432));
#2952 = CARTESIAN_POINT('',(1.745229039698E+03,1.380300909684E+03,
    229.35789664093));
#2953 = CARTESIAN_POINT('',(1.737742636853E+03,1.381512570418E+03,
    230.53366077362));
#2954 = CARTESIAN_POINT('',(1.730251745055E+03,1.382724422095E+03,
    231.64890096199));
#2955 = CARTESIAN_POINT('',(1.710734460826E+03,1.385879492816E+03,
    234.40627490561));
#2956 = CARTESIAN_POINT('',(1.698702017065E+03,1.387822258666E+03,
    235.95970627513));
#2957 = CARTESIAN_POINT('',(1.686661245944E+03,1.389762480459E+03,
    237.38526111078));
#2958 = CARTESIAN_POINT('',(1.674613573849E+03,1.391698799477E+03,
    238.69522858958));
#2959 = CARTESIAN_POINT('',(1.66256011725E+03,1.393630123888E+03,
    239.89943134622));
#2960 = CARTESIAN_POINT('',(1.650501710274E+03,1.395555573392E+03,
    241.00580486908));
#2961 = CARTESIAN_POINT('',(1.638438935403E+03,1.397474421042E+03,
    242.02100760161));
#2962 = CARTESIAN_POINT('',(1.606233872219E+03,1.402576412198E+03,
    244.50218857587));
#2963 = CARTESIAN_POINT('',(1.586085024422E+03,1.405746601249E+03,
    245.81541662202));
#2964 = CARTESIAN_POINT('',(1.56592766617E+03,1.40889377647E+03,
    246.91653581085));
#2965 = CARTESIAN_POINT('',(1.545763464991E+03,1.412015832111E+03,
    247.82384530648));
#2966 = CARTESIAN_POINT('',(1.525593749761E+03,1.415111069237E+03,
    248.55172247444));
#2967 = CARTESIAN_POINT('',(1.505419523793E+03,1.418178116886E+03,
    249.11145939711));
#2968 = CARTESIAN_POINT('',(1.48524148261E+03,1.421215845015E+03,
    249.51219760085));
#2969 = CARTESIAN_POINT('',(1.444580245593E+03,1.4272752722E+03,
    250.01395624422));
#2970 = CARTESIAN_POINT('',(1.424097238916E+03,1.430296027136E+03,
    250.11045660547));
#2971 = CARTESIAN_POINT('',(1.403611610339E+03,1.433284603545E+03,
    250.05837280499));
#2972 = CARTESIAN_POINT('',(1.383123942486E+03,1.436240184058E+03,
    249.86343183821));
#2973 = CARTESIAN_POINT('',(1.362634784701E+03,1.439162090698E+03,
    249.52986829786));
#2974 = CARTESIAN_POINT('',(1.34214465136E+03,1.442049768314E+03,
    249.06060477363));
#2975 = CARTESIAN_POINT('',(1.321654022582E+03,1.444902784195E+03,
    248.45722944388));
#2976 = CARTESIAN_POINT('',(1.290231060397E+03,1.44922434442E+03,
    247.32636850408));
#2977 = CARTESIAN_POINT('',(1.27929877851E+03,1.450717894406E+03,
    246.89477643156));
#2978 = CARTESIAN_POINT('',(1.268366577391E+03,1.452201444622E+03,
    246.42503733501));
#2979 = CARTESIAN_POINT('',(1.257434538982E+03,1.4536749589E+03,
    245.91703520416));
#2980 = CARTESIAN_POINT('',(1.246502751838E+03,1.455138411548E+03,
    245.37052151433));
#2981 = CARTESIAN_POINT('',(1.235571311634E+03,1.456591788609E+03,
    244.78509861474));
#2982 = CARTESIAN_POINT('',(1.22464032197E+03,1.458035089869E+03,
    244.16019306852));
#2983 = CARTESIAN_POINT('',(1.197999667974E+03,1.461528320252E+03,
    242.53896870929));
#2984 = CARTESIAN_POINT('',(1.182290689517E+03,1.46356751668E+03,
    241.49973558548));
#2985 = CARTESIAN_POINT('',(1.166583214368E+03,1.46558598015E+03,
    240.37498372592));
#2986 = CARTESIAN_POINT('',(1.150877619312E+03,1.467583830837E+03,
    239.16144718885));
#2987 = CARTESIAN_POINT('',(1.135174412594E+03,1.469561265114E+03,
    237.85473889588));
#2988 = CARTESIAN_POINT('',(1.119474260912E+03,1.471518597103E+03,
    236.44879935376));
#2989 = CARTESIAN_POINT('',(1.103778011635E+03,1.473456294798E+03,
    234.93542357023));
#2990 = CARTESIAN_POINT('',(1.081932746865E+03,1.476127723712E+03,
    232.66127519837));
#2991 = CARTESIAN_POINT('',(1.075779479441E+03,1.476877395611E+03,
    232.00214637211));
#2992 = CARTESIAN_POINT('',(1.069627071379E+03,1.477624215498E+03,
    231.32377831172));
#2993 = CARTESIAN_POINT('',(1.063475608269E+03,1.478368238049E+03,
    230.62529776878));
#2994 = CARTESIAN_POINT('',(1.057325191836E+03,1.479109526152E+03,
    229.90570668527));
#2995 = CARTESIAN_POINT('',(1.051175941995E+03,1.479848153311E+03,
    229.16384933861));
#2996 = CARTESIAN_POINT('',(1.045028000053E+03,1.480584207334E+03,
    228.39836173489));
#2997 = CARTESIAN_POINT('',(1.033866064787E+03,1.481916397221E+03,
    226.96235061073));
#2998 = CARTESIAN_POINT('',(1.028851587652E+03,1.482513356077E+03,
    226.3002724792));
#2999 = CARTESIAN_POINT('',(1.023838187853E+03,1.483108730681E+03,
    225.62047557899));
#3000 = CARTESIAN_POINT('',(1.018825972426E+03,1.483702587365E+03,
    224.92194388016));
#3001 = CARTESIAN_POINT('',(1.013815071682E+03,1.484295002287E+03,
    224.20350643495));
#3002 = CARTESIAN_POINT('',(1.008805641954E+03,1.484886064033E+03,
    223.46380126027));
#3003 = CARTESIAN_POINT('',(1.003797870328E+03,1.485475878071E+03,
    222.70121303214));
#3004 = CARTESIAN_POINT('',(994.56611190815,1.486561540584E+03,
    221.24901204802));
#3005 = CARTESIAN_POINT('',(990.34160215893,1.487057707996E+03,
    220.56654680179));
#3006 = CARTESIAN_POINT('',(986.11857841683,1.48755315663E+03,
    219.86517296963));
#3007 = CARTESIAN_POINT('',(981.89720353569,1.488047976441E+03,
    219.1435175756));
#3008 = CARTESIAN_POINT('',(977.67768418623,1.48854227169E+03,
    218.39996924882));
#3009 = CARTESIAN_POINT('',(973.46027632317,1.489036165113E+03,
    217.63261906153));
#3010 = CARTESIAN_POINT('',(969.24529606955,1.48952980612E+03,
    216.83914274636));
#3011 = CARTESIAN_POINT('',(961.66271078914,1.490418334613E+03,
    215.35836609573));
#3012 = CARTESIAN_POINT('',(958.29413067471,1.490813238834E+03,
    214.68154267569));
#3013 = CARTESIAN_POINT('',(954.92757746462,1.491208201762E+03,
    213.98456306837));
#3014 = CARTESIAN_POINT('',(951.56329884802,1.4916033379E+03,
    213.26564414512));
#3015 = CARTESIAN_POINT('',(948.20162704043,1.491998781666E+03,
    212.52264134057));
#3016 = CARTESIAN_POINT('',(944.84298881157,1.492394693373E+03,
    211.75296123281));
#3017 = CARTESIAN_POINT('',(941.48793055288,1.492791273881E+03,
    210.95334360066));
#3018 = CARTESIAN_POINT('',(936.35606504824,1.493400104272E+03,
    209.67605013204));
#3019 = CARTESIAN_POINT('',(934.57618713896,1.493611675077E+03,
    209.22303433351));
#3020 = CARTESIAN_POINT('',(932.79764785539,1.493823552102E+03,
    208.75964770624));
#3021 = CARTESIAN_POINT('',(931.02058153054,1.494035781652E+03,
    208.2851288237));
#3022 = CARTESIAN_POINT('',(929.24515336325,1.494248415564E+03,
    207.79860698195));
#3023 = CARTESIAN_POINT('',(927.47156440643,1.4944615135E+03,
    207.29906671622));
#3024 = CARTESIAN_POINT('',(925.70005994738,1.494675146764E+03,
    206.7852886926));
#3025 = CARTESIAN_POINT('',(922.39953910383,1.495074870758E+03,
    205.7973970948));
#3026 = CARTESIAN_POINT('',(920.86995910486,1.495260801009E+03,
    205.32724031751));
#3027 = CARTESIAN_POINT('',(919.34237263145,1.495447254766E+03,
    204.84430977917));
#3028 = CARTESIAN_POINT('',(917.81701571003,1.495634297912E+03,
    204.34746749738));
#3029 = CARTESIAN_POINT('',(916.29420022886,1.495822005684E+03,
    203.83536133591));
#3030 = CARTESIAN_POINT('',(914.77432310947,1.496010465991E+03,
    203.30637171754));
#3031 = CARTESIAN_POINT('',(913.25788792789,1.496199787111E+03,
    202.75848636261));
#3032 = CARTESIAN_POINT('',(910.87799427281,1.496499297221E+03,
    201.86234451475));
#3033 = CARTESIAN_POINT('',(910.01180390333,1.496608808552E+03,
    201.52857291773));
#3034 = CARTESIAN_POINT('',(909.14710095128,1.496718676762E+03,
    201.18720001614));
#3035 = CARTESIAN_POINT('',(908.28403858702,1.496828932236E+03,
    200.83764654639));
#3036 = CARTESIAN_POINT('',(907.42280624355,1.496939608205E+03,
    200.47925194037));
#3037 = CARTESIAN_POINT('',(906.56363548,1.49705074236E+03,
    200.11124656835));
#3038 = CARTESIAN_POINT('',(905.70681000405,1.497162379544E+03,
    199.73270478933));
#3039 = CARTESIAN_POINT('',(904.14728703821,1.497367233835E+03,
    199.0202063748));
#3040 = CARTESIAN_POINT('',(903.44376539323,1.497460268973E+03,
    198.68997952592));
#3041 = CARTESIAN_POINT('',(902.74229064615,1.497553715287E+03,
    198.35114077589));
#3042 = CARTESIAN_POINT('',(902.04310160629,1.497647608086E+03,
    198.00294234894));
#3043 = CARTESIAN_POINT('',(901.34651006931,1.497741985578E+03,
    197.64450946058));
#3044 = CARTESIAN_POINT('',(900.65290934851,1.497836890623E+03,
    197.27480757727));
#3045 = CARTESIAN_POINT('',(899.96279354018,1.497932374623E+03,
    196.89256880943));
#3046 = CARTESIAN_POINT('',(898.83705612334,1.498090128983E+03,
    196.24200460399));
#3047 = CARTESIAN_POINT('',(898.40910550438,1.498150602844E+03,
    195.98787879597));
#3048 = CARTESIAN_POINT('',(897.99292558806,1.498209931622E+03,
    195.73375521849));
#3049 = CARTESIAN_POINT('',(897.58849463887,1.498268119371E+03,
    195.47963392165));
#3050 = CARTESIAN_POINT('',(897.19579137104,1.498325170016E+03,
    195.22551495543));
#3051 = CARTESIAN_POINT('',(896.81479494855,1.49838108736E+03,
    194.97139836966));
#3052 = CARTESIAN_POINT('',(896.44548498511,1.498435875078E+03,
    194.71728421402));
#3053 = CARTESIAN_POINT('',(895.69443376508,1.498548564526E+03,
    194.18364969877));
#3054 = CARTESIAN_POINT('',(895.31514240174,1.49860622979E+03,
    193.9041298431));
#3055 = CARTESIAN_POINT('',(894.94994092611,1.498662537237E+03,
    193.62461304001));
#3056 = CARTESIAN_POINT('',(894.59880335131,1.498717491423E+03,
    193.3450993576));
#3057 = CARTESIAN_POINT('',(894.26170423167,1.498771096734E+03,
    193.06558886315));
#3058 = CARTESIAN_POINT('',(893.93861866269,1.49882335739E+03,
    192.78608162311));
#3059 = CARTESIAN_POINT('',(893.62952228105,1.498874277442E+03,
    192.50657770309));
#3060 = CARTESIAN_POINT('',(893.03005489078,1.498974990646E+03,
    191.93885880172));
#3061 = CARTESIAN_POINT('',(892.73052115677,1.499026387063E+03,
    191.64112960189));
#3062 = CARTESIAN_POINT('',(892.43626821065,1.49907809401E+03,
    191.33273732187));
#3063 = CARTESIAN_POINT('',(892.14812661963,1.49913012439E+03,
    191.01249962474));
#3064 = CARTESIAN_POINT('',(891.86732569735,1.499182460867E+03,
    190.6791373782));
#3065 = CARTESIAN_POINT('',(891.59550859043,1.499235056653E+03,
    190.33124710103));
#3066 = CARTESIAN_POINT('',(891.33480715697,1.499287838104E+03,
    189.96717620458));
#3067 = CARTESIAN_POINT('',(890.88852487894,1.499383470304E+03,
    189.27532051656));
#3068 = CARTESIAN_POINT('',(890.69835243708,1.499426238424E+03,
    188.95428345597));
#3069 = CARTESIAN_POINT('',(890.51889058248,1.499468992175E+03,
    188.6202159231));
#3070 = CARTESIAN_POINT('',(890.3522637802,1.499511605321E+03,
    188.27215427861));
#3071 = CARTESIAN_POINT('',(890.20125364199,1.499553854288E+03,
    187.90959259373));
#3072 = CARTESIAN_POINT('',(890.06922122366,1.499595420645E+03,
    187.53254616185));
#3073 = CARTESIAN_POINT('',(889.95983228317,1.499635899984E+03,
    187.14177231086));
#3074 = CARTESIAN_POINT('',(889.7903810482,1.499714902706E+03,
    186.32499909674));
#3075 = CARTESIAN_POINT('',(889.73159713046,1.499753459935E+03,
    185.89699010219));
#3076 = CARTESIAN_POINT('',(889.70469568592,1.499789571652E+03,
    185.46155020812));
#3077 = CARTESIAN_POINT('',(889.71187007248,1.499822592573E+03,
    185.0243654382));
#3078 = CARTESIAN_POINT('',(889.75283982934,1.499852150724E+03,
    184.59060354626));
#3079 = CARTESIAN_POINT('',(889.82520953488,1.499878109622E+03,
    184.16496483862));
#3080 = CARTESIAN_POINT('',(889.92496524234,1.499900517574E+03,
    183.75173633096));
#3081 = CARTESIAN_POINT('',(890.19901242216,1.499943307215E+03,
    182.85994259287));
#3082 = CARTESIAN_POINT('',(890.38628562191,1.499961924341E+03,
    182.38830584669));
#3083 = CARTESIAN_POINT('',(890.60167596399,1.499976075928E+03,
    181.93998686962));
#3084 = CARTESIAN_POINT('',(890.83889772418,1.499986426753E+03,
    181.51405497482));
#3085 = CARTESIAN_POINT('',(891.09296654412,1.499993553763E+03,
    181.10912846778));
#3086 = CARTESIAN_POINT('',(891.36018814887,1.499997947978E+03,
    180.72336237533));
#3087 = CARTESIAN_POINT('',(891.63824566191,1.5E+03,180.35452532141));
#3088 = CARTESIAN_POINT('',(891.92619516859,1.5E+03,180.));
#3089 = PCURVE('',#33,#3090);
#3090 = DEFINITIONAL_REPRESENTATION('',(#3091),#3579);
#3091 = B_SPLINE_CURVE_WITH_KNOTS('',3,(#3092,#3093,#3094,#3095,#3096,
    #3097,#3098,#3099,#3100,#3101,#3102,#3103,#3104,#3105,#3106,#3107,
    #3108,#3109,#3110,#3111,#3112,#3113,#3114,#3115,#3116,#3117,#3118,
    #3119,#3120,#3121,#3122,#3123,#3124,#3125,#3126,#3127,#3128,#3129,
    #3130,#3131,#3132,#3133,#3134,#3135,#3136,#3137,#3138,#3139,#3140,
    #3141,#3142,#3143,#3144,#3145,#3146,#3147,#3148,#3149,#3150,#3151,
    #3152,#3153,#3154,#3155,#3156,#3157,#3158,#3159,#3160,#3161,#3162,
    #3163,#3164,#3165,#3166,#3167,#3168,#3169,#3170,#3171,#3172,#3173,
    #3174,#3175,#3176,#3177,#3178,#3179,#3180,#3181,#3182,#3183,#3184,
    #3185,#3186,#3187,#3188,#3189,#3190,#3191,#3192,#3193,#3194,#3195,
    #3196,#3197,#3198,#3199,#3200,#3201,#3202,#3203,#3204,#3205,#3206,
    #3207,#3208,#3209,#3210,#3211,#3212,#3213,#3214,#3215,#3216,#3217,
    #3218,#3219,#3220,#3221,#3222,#3223,#3224,#3225,#3226,#3227,#3228,
    #3229,#3230,#3231,#3232,#3233,#3234,#3235,#3236,#3237,#3238,#3239,
    #3240,#3241,#3242,#3243,#3244,#3245,#3246,#3247,#3248,#3249,#3250,
    #3251,#3252,#3253,#3254,#3255,#3256,#3257,#3258,#3259,#3260,#3261,
    #3262,#3263,#3264,#3265,#3266,#3267,#3268,#3269,#3270,#3271,#3272,
    #3273,#3274,#3275,#3276,#3277,#3278,#3279,#3280,#3281,#3282,#3283,
    #3284,#3285,#3286,#3287,#3288,#3289,#3290,#3291,#3292,#3293,#3294,
    #3295,#3296,#3297,#3298,#3299,#3300,#3301,#3302,#3303,#3304,#3305,
    #3306,#3307,#3308,#3309,#3310,#3311,#3312,#3313,#3314,#3315,#3316,
    #3317,#3318,#3319,#3320,#3321,#3322,#3323,#3324,#3325,#3326,#3327,
    #3328,#3329,#3330,#3331,#3332,#3333,#3334,#3335,#3336,#3337,#3338,
    #3339,#3340,#3341,#3342,#3343,#3344,#3345,#3346,#3347,#3348,#3349,
    #3350,#3351,#3352,#3353,#3354,#3355,#3356,#3357,#3358,#3359,#3360,
    #3361,#3362,#3363,#3364,#3365,#3366,#3367,#3368,#3369,#3370,#3371,
    #3372,#3373,#3374,#3375,#3376,#3377,#3378,#3379,#3380,#3381,#3382,
    #3383,#3384,#3385,#3386,#3387,#3388,#3389,#3390,#3391,#3392,#3393,
    #3394,#3395,#3396,#3397,#3398,#3399,#3400,#3401,#3402,#3403,#3404,
    #3405,#3406,#3407,#3408,#3409,#3410,#3411,#3412,#3413,#3414,#3415,
    #3416,#3417,#3418,#3419,#3420,#3421,#3422,#3423,#3424,#3425,#3426,
    #3427,#3428,#3429,#3430,#3431,#3432,#3433,#3434,#3435,#3436,#3437,
    #3438,#3439,#3440,#3441,#3442,#3443,#3444,#3445,#3446,#3447,#3448,
    #3449,#3450,#3451,#3452,#3453,#3454,#3455,#3456,#3457,#3458,#3459,
    #3460,#3461,#3462,#3463,#3464,#3465,#3466,#3467,#3468,#3469,#3470,
    #3471,#3472,#3473,#3474,#3475,#3476,#3477,#3478,#3479,#3480,#3481,
    #3482,#3483,#3484,#3485,#3486,#3487,#3488,#3489,#3490,#3491,#3492,
    #3493,#3494,#3495,#3496,#3497,#3498,#3499,#3500,#3501,#3502,#3503,
    #3504,#3505,#3506,#3507,#3508,#3509,#3510,#3511,#3512,#3513,#3514,
    #3515,#3516,#3517,#3518,#3519,#3520,#3521,#3522,#3523,#3524,#3525,
    #3526,#3527,#3528,#3529,#3530,#3531,#3532,#3533,#3534,#3535,#3536,
    #3537,#3538,#3539,#3540,#3541,#3542,#3543,#3544,#3545,#3546,#3547,
    #3548,#3549,#3550,#3551,#3552,#3553,#3554,#3555,#3556,#3557,#3558,
    #3559,#3560,#3561,#3562,#3563,#3564,#3565,#3566,#3567,#3568,#3569,
    #3570,#3571,#3572,#3573,#3574,#3575,#3576,#3577,#3578),
  .UNSPECIFIED.,.T.,.F.,(4,1,1,1,1,1,1,1,1,1,1,1,1,1,1,1,1,1,1,1,1,1,1,1
    ,1,1,1,1,1,1,1,1,1,1,1,1,1,1,1,1,1,1,1,1,1,1,1,1,1,1,1,1,1,1,1,1,1,1
    ,1,1,1,1,1,1,1,1,1,1,1,1,1,1,1,1,1,1,1,1,1,1,1,1,1,1,1,1,1,1,1,1,1,1
    ,1,1,1,1,1,1,1,1,1,1,1,1,1,1,1,1,1,1,1,1,1,1,1,1,1,1,1,1,1,1,1,1,1,1
    ,1,1,1,1,1,1,1,1,1,1,1,1,1,1,1,1,1,1,1,1,1,1,1,1,1,1,1,1,1,1,1,1,1,1
    ,1,1,1,1,1,1,1,1,1,1,1,1,1,1,1,1,1,1,1,1,1,1,1,1,1,1,1,1,1,1,1,1,1,1
    ,1,1,1,1,1,1,1,1,1,1,1,1,1,1,1,1,1,1,1,1,1,1,1,1,1,1,1,1,1,1,1,1,1,1
    ,1,1,1,1,1,1,1,1,1,1,1,1,1,1,1,1,1,1,1,1,1,1,1,1,1,1,1,1,1,1,1,1,1,1
    ,1,1,1,1,1,1,1,1,1,1,1,1,1,1,1,1,1,1,1,1,1,1,1,1,1,1,1,1,1,1,1,1,1,1
    ,1,1,1,1,1,1,1,1,1,1,1,1,1,1,1,1,1,1,1,1,1,1,1,1,1,1,1,1,1,1,1,1,1,1
    ,1,1,1,1,1,1,1,1,1,1,1,1,1,1,1,1,1,1,1,1,1,1,1,1,1,1,1,1,1,1,1,1,1,1
    ,1,1,1,1,1,1,1,1,1,1,1,1,1,1,1,1,1,1,1,1,1,1,1,1,1,1,1,1,1,1,1,1,1,1
    ,1,1,1,1,1,1,1,1,1,1,1,1,1,1,1,1,1,1,1,1,1,1,1,1,1,1,1,1,1,1,1,1,1,1
    ,1,1,1,1,1,1,1,1,1,1,1,1,1,1,1,1,1,1,1,1,1,1,1,1,1,1,1,1,1,1,1,1,1,1
    ,1,1,1,1,1,1,1,1,1,1,1,1,1,1,1,1,1,1,4),(0.,0.373810117053,
    0.747620234106,1.12143035116,1.495240468213,1.869050585266,
    2.242860702319,2.616670819372,2.990480936426,3.364291053479,
    3.738101170532,4.111911287585,4.485721404638,4.859531521692,
    5.233341638745,5.607151755798,5.980961872851,6.354771989905,
    6.728582106958,7.102392224011,7.476202341064,7.850012458117,
    8.223822575171,8.597632692224,8.971442809277,9.34525292633,
    9.719063043383,10.092873160437,10.46668327749,10.840493394543,
    11.214303511596,11.588113628649,11.961923745703,12.335733862756,
    12.709543979809,13.083354096862,13.457164213915,13.830974330969,
    14.204784448022,14.578594565075,14.952404682128,15.326214799182,
    15.700024916235,16.073835033288,16.447645150341,16.821455267394,
    17.195265384448,17.569075501501,17.942885618554,18.316695735607,
    18.69050585266,19.064315969714,19.438126086767,19.81193620382,
    20.185746320873,20.559556437926,20.93336655498,21.307176672033,
    21.680986789086,22.054796906139,22.428607023192,22.802417140246,
    23.176227257299,23.550037374352,23.923847491405,24.297657608458,
    24.671467725512,25.045277842565,25.419087959618,25.792898076671,
    26.166708193725,26.540518310778,26.914328427831,27.288138544884,
    27.661948661937,28.035758778991,28.409568896044,28.783379013097,
    29.15718913015,29.530999247203,29.904809364257,30.27861948131,
    30.652429598363,31.026239715416,31.400049832469,31.773859949523,
    32.147670066576,32.521480183629,32.895290300682,33.269100417735,
    33.642910534789,34.016720651842,34.390530768895,34.764340885948,
    35.138151003001,35.511961120055,35.885771237108,36.259581354161,
    36.633391471214,37.007201588268,37.381011705321,37.754821822374,
    38.128631939427,38.50244205648,38.876252173534,39.250062290587,
    39.62387240764,39.997682524693,40.371492641746,40.7453027588,
    41.119112875853,41.492922992906,41.866733109959,42.240543227012,
    42.614353344066,42.988163461119,43.361973578172,43.735783695225,
    44.109593812278,44.483403929332,44.857214046385,45.231024163438,
    45.604834280491,45.978644397545,46.352454514598,46.726264631651,
    47.100074748704,47.473884865757,47.847694982811,48.221505099864,
    48.595315216917,48.96912533397,49.342935451023,49.716745568077,
    50.09055568513,50.464365802183,50.838175919236,51.211986036289,
    51.585796153343,51.959606270396,52.333416387449,52.707226504502,
    53.081036621555,53.454846738609,53.828656855662,54.202466972715,
    54.576277089768,54.950087206821,55.323897323875,55.697707440928,
    56.071517557981,56.445327675034,56.819137792088,57.192947909141,
    57.566758026194,57.940568143247,58.3143782603,58.688188377354,
    59.061998494407,59.43580861146,59.809618728513,60.183428845566,
    60.55723896262,60.931049079673,61.304859196726,61.678669313779,
    62.052479430832,62.426289547886,62.800099664939,63.173909781992,
    63.547719899045,63.921530016098,64.295340133152,64.669150250205,
    65.042960367258,65.416770484311,65.790580601364,66.164390718418,
    66.538200835471,66.912010952524,67.285821069577,67.659631186631,
    68.033441303684,68.407251420737,68.78106153779,69.154871654843,
    69.528681771897,69.90249188895,70.276302006003,70.650112123056,
    71.023922240109,71.397732357163,71.771542474216,72.145352591269,
    72.519162708322,72.892972825375,73.266782942429,73.640593059482,
    74.014403176535,74.388213293588,74.762023410641,75.135833527695,
    75.509643644748,75.883453761801,76.257263878854,76.631073995908,
    77.004884112961,77.378694230014,77.752504347067,78.12631446412,
    78.500124581174,78.873934698227,79.24774481528,79.621554932333,
    79.995365049386,80.36917516644,80.742985283493,81.116795400546,
    81.490605517599,81.864415634652,82.238225751706,82.612035868759,
    82.985845985812,83.359656102865,83.733466219918,84.107276336972,
    84.481086454025,84.854896571078,85.228706688131,85.602516805184,
    85.976326922238,86.350137039291,86.723947156344,87.097757273397,
    87.471567390451,87.845377507504,88.219187624557,88.59299774161,
    88.966807858663,89.340617975717,89.71442809277,90.088238209823,
    90.462048326876,90.835858443929,91.209668560983,91.583478678036,
    91.957288795089,92.331098912142,92.704909029195,93.078719146249,
    93.452529263302,93.826339380355,94.200149497408,94.573959614461,
    94.947769731515,95.321579848568,95.695389965621,96.069200082674,
    96.443010199728,96.816820316781,97.190630433834,97.564440550887,
    97.93825066794,98.312060784994,98.685870902047,99.0596810191,
    99.433491136153,99.807301253206,100.18111137026,100.55492148731,
    100.92873160436,101.30254172141,101.67635183847,102.05016195552,
    102.42397207257,102.79778218963,103.17159230668,103.54540242373,
    103.91921254079,104.29302265784,104.66683277489,105.04064289195,
    105.414453009,105.78826312605,106.16207324311,106.53588336016,
    106.90969347721,107.28350359427,107.65731371132,108.03112382837,
    108.40493394543,108.77874406248,109.15255417953,109.52636429659,
    109.90017441364,110.27398453069,110.64779464774,111.0216047648,
    111.39541488185,111.7692249989,112.14303511596,112.51684523301,
    112.89065535006,113.26446546712,113.63827558417,114.01208570122,
    114.38589581828,114.75970593533,115.13351605238,115.50732616944,
    115.88113628649,116.25494640354,116.6287565206,117.00256663765,
    117.3763767547,117.75018687176,118.12399698881,118.49780710586,
    118.87161722292,119.24542733997,119.61923745702,119.99304757408,
    120.36685769113,120.74066780818,121.11447792523,121.48828804229,
    121.86209815934,122.23590827639,122.60971839345,122.9835285105,
    123.35733862755,123.73114874461,124.10495886166,124.47876897871,
    124.85257909577,125.22638921282,125.60019932987,125.97400944693,
    126.34781956398,126.72162968103,127.09543979809,127.46924991514,
    127.84306003219,128.21687014925,128.5906802663,128.96449038335,
    129.33830050041,129.71211061746,130.08592073451,130.45973085156,
    130.83354096862,131.20735108567,131.58116120272,131.95497131978,
    132.32878143683,132.70259155388,133.07640167094,133.45021178799,
    133.82402190504,134.1978320221,134.57164213915,134.9454522562,
    135.31926237326,135.69307249031,136.06688260736,136.44069272442,
    136.81450284147,137.18831295852,137.56212307558,137.93593319263,
    138.30974330968,138.68355342674,139.05736354379,139.43117366084,
    139.8049837779,140.17879389495,140.552604012,140.92641412905,
    141.30022424611,141.67403436316,142.04784448021,142.42165459727,
    142.79546471432,143.16927483137,143.54308494843,143.91689506548,
    144.29070518253,144.66451529959,145.03832541664,145.41213553369,
    145.78594565075,146.1597557678,146.53356588485,146.90737600191,
    147.28118611896,147.65499623601,148.02880635307,148.40261647012,
    148.77642658717,149.15023670423,149.52404682128,149.89785693833,
    150.27166705538,150.64547717244,151.01928728949,151.39309740654,
    151.7669075236,152.14071764065,152.5145277577,152.88833787476,
    153.26214799181,153.63595810886,154.00976822592,154.38357834297,
    154.75738846002,155.13119857708,155.50500869413,155.87881881118,
    156.25262892824,156.62643904529,157.00024916234,157.3740592794,
    157.74786939645,158.1216795135,158.49548963056,158.86929974761,
    159.24310986466,159.61691998172,159.99073009877,160.36454021582,
    160.73835033287,161.11216044993,161.48597056698,161.85978068403,
    162.23359080109,162.60740091814,162.98121103519,163.35502115225,
    163.7288312693,164.10264138635,164.47645150341,164.85026162046,
    165.22407173751,165.59788185457,165.97169197162,166.34550208867,
    166.71931220573,167.09312232278,167.46693243983,167.84074255689,
    168.21455267394,168.58836279099,168.96217290805,169.3359830251,
    169.70979314215,170.0836032592,170.45741337626,170.83122349331,
    171.20503361036,171.57884372742,171.95265384447,172.32646396152,
    172.70027407858,173.07408419563,173.44789431268,173.82170442974,
    174.19551454679,174.56932466384,174.9431347809,175.31694489795,
    175.690755015,176.06456513206,176.43837524911,176.81218536616,
    177.18599548322,177.55980560027,177.93361571732,178.30742583438,
    178.68123595143,179.05504606848,179.42885618554,179.80266630259,
    180.17647641964,180.55028653669,180.92409665375),
  .QUASI_UNIFORM_KNOTS.);
#3092 = CARTESIAN_POINT('',(0.214414504531,0.476319628017));
#3093 = CARTESIAN_POINT('',(0.214373891951,0.475700440032));
#3094 = CARTESIAN_POINT('',(0.214285026119,0.474639113589));
#3095 = CARTESIAN_POINT('',(0.214136592332,0.473422382376));
#3096 = CARTESIAN_POINT('',(0.213983446632,0.47238206937));
#3097 = CARTESIAN_POINT('',(0.213826785635,0.471469659724));
#3098 = CARTESIAN_POINT('',(0.21366806554,0.470645800391));
#3099 = CARTESIAN_POINT('',(0.213507821979,0.469890147805));
#3100 = CARTESIAN_POINT('',(0.213346459072,0.469188273483));
#3101 = CARTESIAN_POINT('',(0.213184218053,0.468530394843));
#3102 = CARTESIAN_POINT('',(0.213021270821,0.467909302803));
#3103 = CARTESIAN_POINT('',(0.212857741398,0.467319589992));
#3104 = CARTESIAN_POINT('',(0.212693717908,0.466757041518));
#3105 = CARTESIAN_POINT('',(0.212529272037,0.46621833197));
#3106 = CARTESIAN_POINT('',(0.212364457352,0.465700763207));
#3107 = CARTESIAN_POINT('',(0.212199317705,0.465202122348));
#3108 = CARTESIAN_POINT('',(0.212033887197,0.464720561316));
#3109 = CARTESIAN_POINT('',(0.211868195229,0.464254525964));
#3110 = CARTESIAN_POINT('',(0.211702265265,0.463802689157));
#3111 = CARTESIAN_POINT('',(0.211536116996,0.463363909168));
#3112 = CARTESIAN_POINT('',(0.211369767483,0.462937197185));
#3113 = CARTESIAN_POINT('',(0.211203231368,0.462521689403));
#3114 = CARTESIAN_POINT('',(0.211036521215,0.46211662586));
#3115 = CARTESIAN_POINT('',(0.210869647746,0.461721333771));
#3116 = CARTESIAN_POINT('',(0.21070261998,0.461335214231));
#3117 = CARTESIAN_POINT('',(0.210535445569,0.460957731091));
#3118 = CARTESIAN_POINT('',(0.210368132975,0.460588406996));
#3119 = CARTESIAN_POINT('',(0.210200688221,0.460226808076));
#3120 = CARTESIAN_POINT('',(0.210033117079,0.4598725426));
#3121 = CARTESIAN_POINT('',(0.209865424658,0.459525254718));
#3122 = CARTESIAN_POINT('',(0.209697615587,0.459184620302));
#3123 = CARTESIAN_POINT('',(0.209529694023,0.458850343101));
#3124 = CARTESIAN_POINT('',(0.209361663702,0.458522151572));
#3125 = CARTESIAN_POINT('',(0.209193527967,0.458199796139));
#3126 = CARTESIAN_POINT('',(0.209025289811,0.457883046901));
#3127 = CARTESIAN_POINT('',(0.208856951831,0.45757169144));
#3128 = CARTESIAN_POINT('',(0.208688516536,0.457265533443));
#3129 = CARTESIAN_POINT('',(0.208519986556,0.456964391677));
#3130 = CARTESIAN_POINT('',(0.208351363809,0.456668096927));
#3131 = CARTESIAN_POINT('',(0.2081826502,0.456376492049));
#3132 = CARTESIAN_POINT('',(0.208013847456,0.456089430611));
#3133 = CARTESIAN_POINT('',(0.207844957184,0.455806776034));
#3134 = CARTESIAN_POINT('',(0.207675980866,0.455528400723));
#3135 = CARTESIAN_POINT('',(0.207506919873,0.455254185311));
#3136 = CARTESIAN_POINT('',(0.207337775467,0.454984017977));
#3137 = CARTESIAN_POINT('',(0.207168548812,0.45471779384));
#3138 = CARTESIAN_POINT('',(0.206999240977,0.454455414416));
#3139 = CARTESIAN_POINT('',(0.206829852942,0.454196787129));
#3140 = CARTESIAN_POINT('',(0.206660385602,0.453941824879));
#3141 = CARTESIAN_POINT('',(0.206490839771,0.453690445645));
#3142 = CARTESIAN_POINT('',(0.206321216188,0.453442572128));
#3143 = CARTESIAN_POINT('',(0.206151515515,0.45319813141));
#3144 = CARTESIAN_POINT('',(0.205981738357,0.452957054675));
#3145 = CARTESIAN_POINT('',(0.205811885203,0.452719276787));
#3146 = CARTESIAN_POINT('',(0.205641956859,0.452484736755));
#3147 = CARTESIAN_POINT('',(0.205471953793,0.452253376515));
#3148 = CARTESIAN_POINT('',(0.205301876464,0.452025141178));
#3149 = CARTESIAN_POINT('',(0.205131725292,0.451799978805));
#3150 = CARTESIAN_POINT('',(0.204961500667,0.451577840232));
#3151 = CARTESIAN_POINT('',(0.20479120295,0.451358678909));
#3152 = CARTESIAN_POINT('',(0.204620832471,0.45114245075));
#3153 = CARTESIAN_POINT('',(0.204450389533,0.450929113985));
#3154 = CARTESIAN_POINT('',(0.204279874415,0.45071862904));
#3155 = CARTESIAN_POINT('',(0.204109287367,0.450510958406));
#3156 = CARTESIAN_POINT('',(0.203938628618,0.450306066537));
#3157 = CARTESIAN_POINT('',(0.203767898371,0.450103919743));
#3158 = CARTESIAN_POINT('',(0.203597096809,0.449904486093));
#3159 = CARTESIAN_POINT('',(0.203426224091,0.449707735331));
#3160 = CARTESIAN_POINT('',(0.203255280357,0.449513638792));
#3161 = CARTESIAN_POINT('',(0.203084265725,0.449322169325));
#3162 = CARTESIAN_POINT('',(0.202913180293,0.44913330122));
#3163 = CARTESIAN_POINT('',(0.202742024145,0.448947010146));
#3164 = CARTESIAN_POINT('',(0.202570797326,0.448763273063));
#3165 = CARTESIAN_POINT('',(0.202399499941,0.448582068258));
#3166 = CARTESIAN_POINT('',(0.202228132149,0.448403375303));
#3167 = CARTESIAN_POINT('',(0.202056693931,0.448227174743));
#3168 = CARTESIAN_POINT('',(0.201885185303,0.448053448277));
#3169 = CARTESIAN_POINT('',(0.201713606258,0.447882178653));
#3170 = CARTESIAN_POINT('',(0.201541956788,0.447713349646));
#3171 = CARTESIAN_POINT('',(0.201370236873,0.447546946006));
#3172 = CARTESIAN_POINT('',(0.201198446484,0.447382953434));
#3173 = CARTESIAN_POINT('',(0.201026585587,0.447221358535));
#3174 = CARTESIAN_POINT('',(0.200854654139,0.447062148795));
#3175 = CARTESIAN_POINT('',(0.200682652089,0.446905312546));
#3176 = CARTESIAN_POINT('',(0.200510579381,0.446750838935));
#3177 = CARTESIAN_POINT('',(0.20033843595,0.446598717902));
#3178 = CARTESIAN_POINT('',(0.200166221725,0.446448940152));
#3179 = CARTESIAN_POINT('',(0.199993936628,0.446301497129));
#3180 = CARTESIAN_POINT('',(0.199821580574,0.446156380998));
#3181 = CARTESIAN_POINT('',(0.199649153473,0.446013584621));
#3182 = CARTESIAN_POINT('',(0.199476655228,0.445873101538));
#3183 = CARTESIAN_POINT('',(0.199304085735,0.44573492595));
#3184 = CARTESIAN_POINT('',(0.199131444885,0.445599052699));
#3185 = CARTESIAN_POINT('',(0.198958732563,0.445465477255));
#3186 = CARTESIAN_POINT('',(0.198785948646,0.445334195699));
#3187 = CARTESIAN_POINT('',(0.198613093008,0.445205204711));
#3188 = CARTESIAN_POINT('',(0.198440165515,0.445078501555));
#3189 = CARTESIAN_POINT('',(0.198267166029,0.444954084066));
#3190 = CARTESIAN_POINT('',(0.198094094405,0.444831950643));
#3191 = CARTESIAN_POINT('',(0.197920950493,0.444712100233));
#3192 = CARTESIAN_POINT('',(0.197747734136,0.444594532327));
#3193 = CARTESIAN_POINT('',(0.197574445173,0.444479246946));
#3194 = CARTESIAN_POINT('',(0.197401083437,0.444366244637));
#3195 = CARTESIAN_POINT('',(0.197227648755,0.444255526461));
#3196 = CARTESIAN_POINT('',(0.197054140948,0.444147093991));
#3197 = CARTESIAN_POINT('',(0.196880559833,0.444040949302));
#3198 = CARTESIAN_POINT('',(0.19670690522,0.443937094967));
#3199 = CARTESIAN_POINT('',(0.196533176913,0.443835534052));
#3200 = CARTESIAN_POINT('',(0.196359374711,0.443736270112));
#3201 = CARTESIAN_POINT('',(0.196185498409,0.443639307186));
#3202 = CARTESIAN_POINT('',(0.196011547793,0.443544649797));
#3203 = CARTESIAN_POINT('',(0.195837522646,0.443452302944));
#3204 = CARTESIAN_POINT('',(0.195663422742,0.443362272107));
#3205 = CARTESIAN_POINT('',(0.195489247855,0.443274563241));
#3206 = CARTESIAN_POINT('',(0.195314997743,0.443189182777));
#3207 = CARTESIAN_POINT('',(0.195140672182,0.44310613763));
#3208 = CARTESIAN_POINT('',(0.194966271134,0.443025435269));
#3209 = CARTESIAN_POINT('',(0.194791794319,0.442947083533));
#3210 = CARTESIAN_POINT('',(0.194617241506,0.442871090756));
#3211 = CARTESIAN_POINT('',(0.194442612451,0.442797465749));
#3212 = CARTESIAN_POINT('',(0.194267906909,0.442726217801));
#3213 = CARTESIAN_POINT('',(0.194093124631,0.442657356686));
#3214 = CARTESIAN_POINT('',(0.193918265368,0.442590892664));
#3215 = CARTESIAN_POINT('',(0.193743328867,0.442526836484));
#3216 = CARTESIAN_POINT('',(0.193568314872,0.44246519939));
#3217 = CARTESIAN_POINT('',(0.193393223126,0.442405993124));
#3218 = CARTESIAN_POINT('',(0.193218053366,0.44234922993));
#3219 = CARTESIAN_POINT('',(0.19304280533,0.442294922562));
#3220 = CARTESIAN_POINT('',(0.192867478749,0.442243084291));
#3221 = CARTESIAN_POINT('',(0.192692073353,0.442193728907));
#3222 = CARTESIAN_POINT('',(0.192516588867,0.442146870732));
#3223 = CARTESIAN_POINT('',(0.192341025015,0.442102524622));
#3224 = CARTESIAN_POINT('',(0.192165381514,0.442060705981));
#3225 = CARTESIAN_POINT('',(0.191989658079,0.44202143077));
#3226 = CARTESIAN_POINT('',(0.191813854421,0.441984715511));
#3227 = CARTESIAN_POINT('',(0.191637970246,0.441950577304));
#3228 = CARTESIAN_POINT('',(0.191462005255,0.441919033837));
#3229 = CARTESIAN_POINT('',(0.191285959146,0.441890103396));
#3230 = CARTESIAN_POINT('',(0.191109831611,0.441863804879));
#3231 = CARTESIAN_POINT('',(0.190933622336,0.441840157811));
#3232 = CARTESIAN_POINT('',(0.190757331004,0.441819182357));
#3233 = CARTESIAN_POINT('',(0.19058095729,0.441800899338));
#3234 = CARTESIAN_POINT('',(0.190404500865,0.441785330247));
#3235 = CARTESIAN_POINT('',(0.190227961393,0.441772497264));
#3236 = CARTESIAN_POINT('',(0.19005133853,0.441762423278));
#3237 = CARTESIAN_POINT('',(0.189874631932,0.441755131905));
#3238 = CARTESIAN_POINT('',(0.189697841226,0.441750647501));
#3239 = CARTESIAN_POINT('',(0.189520966137,0.441748995206));
#3240 = CARTESIAN_POINT('',(0.189344006305,0.441750200927));
#3241 = CARTESIAN_POINT('',(0.189166961363,0.441754291394));
#3242 = CARTESIAN_POINT('',(0.188989830943,0.44176129418));
#3243 = CARTESIAN_POINT('',(0.188812614672,0.441771237722));
#3244 = CARTESIAN_POINT('',(0.188635312176,0.44178415135));
#3245 = CARTESIAN_POINT('',(0.188457923073,0.441800065317));
#3246 = CARTESIAN_POINT('',(0.18828044698,0.441819010826));
#3247 = CARTESIAN_POINT('',(0.188102883508,0.441841020068));
#3248 = CARTESIAN_POINT('',(0.187925232262,0.44186612625));
#3249 = CARTESIAN_POINT('',(0.187747492841,0.441894363639));
#3250 = CARTESIAN_POINT('',(0.187569664838,0.441925767599));
#3251 = CARTESIAN_POINT('',(0.187391747841,0.44196037463));
#3252 = CARTESIAN_POINT('',(0.187213741427,0.441998222415));
#3253 = CARTESIAN_POINT('',(0.187035645168,0.442039349866));
#3254 = CARTESIAN_POINT('',(0.186857458627,0.442083797167));
#3255 = CARTESIAN_POINT('',(0.186679181355,0.442131605832));
#3256 = CARTESIAN_POINT('',(0.186500812899,0.442182818749));
#3257 = CARTESIAN_POINT('',(0.186322352776,0.442237480241));
#3258 = CARTESIAN_POINT('',(0.186143800622,0.442295636126));
#3259 = CARTESIAN_POINT('',(0.185965155931,0.442357333771));
#3260 = CARTESIAN_POINT('',(0.18578641821,0.442422622199));
#3261 = CARTESIAN_POINT('',(0.185607586958,0.442491552147));
#3262 = CARTESIAN_POINT('',(0.185428661671,0.442564176133));
#3263 = CARTESIAN_POINT('',(0.185249641843,0.442640548543));
#3264 = CARTESIAN_POINT('',(0.18507052696,0.442720725708));
#3265 = CARTESIAN_POINT('',(0.184891316505,0.442804766002));
#3266 = CARTESIAN_POINT('',(0.184712009952,0.442892729944));
#3267 = CARTESIAN_POINT('',(0.184532606767,0.442984680306));
#3268 = CARTESIAN_POINT('',(0.184353106406,0.443080682233));
#3269 = CARTESIAN_POINT('',(0.184173508314,0.443180803363));
#3270 = CARTESIAN_POINT('',(0.183993811923,0.443285113969));
#3271 = CARTESIAN_POINT('',(0.183814016657,0.443393687086));
#3272 = CARTESIAN_POINT('',(0.183634121902,0.443506598684));
#3273 = CARTESIAN_POINT('',(0.183454127106,0.443623927758));
#3274 = CARTESIAN_POINT('',(0.183274031405,0.443745756726));
#3275 = CARTESIAN_POINT('',(0.183093835106,0.443872170673));
#3276 = CARTESIAN_POINT('',(0.182913537574,0.44400325887));
#3277 = CARTESIAN_POINT('',(0.182733137872,0.444139114688));
#3278 = CARTESIAN_POINT('',(0.18255263518,0.444279835533));
#3279 = CARTESIAN_POINT('',(0.18237202868,0.444425523161));
#3280 = CARTESIAN_POINT('',(0.182191317581,0.444576283928));
#3281 = CARTESIAN_POINT('',(0.182010501116,0.444732229094));
#3282 = CARTESIAN_POINT('',(0.181829578533,0.444893475143));
#3283 = CARTESIAN_POINT('',(0.181648549097,0.445060144147));
#3284 = CARTESIAN_POINT('',(0.181467412084,0.445232364144));
#3285 = CARTESIAN_POINT('',(0.181286166781,0.445410269572));
#3286 = CARTESIAN_POINT('',(0.181104812479,0.445594001721));
#3287 = CARTESIAN_POINT('',(0.18092334847,0.445783709244));
#3288 = CARTESIAN_POINT('',(0.180741774043,0.445979548715));
#3289 = CARTESIAN_POINT('',(0.180560088477,0.44618168524));
#3290 = CARTESIAN_POINT('',(0.180378291039,0.446390293139));
#3291 = CARTESIAN_POINT('',(0.180196380974,0.4466055567));
#3292 = CARTESIAN_POINT('',(0.180014357503,0.446827671018));
#3293 = CARTESIAN_POINT('',(0.179832219806,0.447056842934));
#3294 = CARTESIAN_POINT('',(0.179649967037,0.447293292052));
#3295 = CARTESIAN_POINT('',(0.179467598235,0.447537252018));
#3296 = CARTESIAN_POINT('',(0.179285112615,0.447788971372));
#3297 = CARTESIAN_POINT('',(0.179102508415,0.448048716653));
#3298 = CARTESIAN_POINT('',(0.178919787676,0.448316767122));
#3299 = CARTESIAN_POINT('',(0.178736949225,0.448593426354));
#3300 = CARTESIAN_POINT('',(0.178553991458,0.448879020906));
#3301 = CARTESIAN_POINT('',(0.178370913252,0.44917390113));
#3302 = CARTESIAN_POINT('',(0.1781877137,0.449478444207));
#3303 = CARTESIAN_POINT('',(0.178004392168,0.449793057128));
#3304 = CARTESIAN_POINT('',(0.17782094826,0.450118180285));
#3305 = CARTESIAN_POINT('',(0.177637381802,0.450454291571));
#3306 = CARTESIAN_POINT('',(0.177453692825,0.450801911162));
#3307 = CARTESIAN_POINT('',(0.177269881526,0.451161607136));
#3308 = CARTESIAN_POINT('',(0.177085948268,0.451534002058));
#3309 = CARTESIAN_POINT('',(0.176901893447,0.451919781117));
#3310 = CARTESIAN_POINT('',(0.176717717805,0.452319700775));
#3311 = CARTESIAN_POINT('',(0.176533421038,0.452734603186));
#3312 = CARTESIAN_POINT('',(0.176349006856,0.453165418071));
#3313 = CARTESIAN_POINT('',(0.176164477863,0.453613190438));
#3314 = CARTESIAN_POINT('',(0.175979836551,0.454079098837));
#3315 = CARTESIAN_POINT('',(0.175795087863,0.454564474401));
#3316 = CARTESIAN_POINT('',(0.17561023839,0.455070833588));
#3317 = CARTESIAN_POINT('',(0.175425296794,0.455599916903));
#3318 = CARTESIAN_POINT('',(0.175240272598,0.456153744518));
#3319 = CARTESIAN_POINT('',(0.175055185244,0.456734655418));
#3320 = CARTESIAN_POINT('',(0.174870049075,0.457345442423));
#3321 = CARTESIAN_POINT('',(0.17468489122,0.457989420317));
#3322 = CARTESIAN_POINT('',(0.174499750502,0.458670590445));
#3323 = CARTESIAN_POINT('',(0.174314674877,0.459393890389));
#3324 = CARTESIAN_POINT('',(0.174129739311,0.460165470353));
#3325 = CARTESIAN_POINT('',(0.173945045824,0.460993217484));
#3326 = CARTESIAN_POINT('',(0.173760754179,0.461887432705));
#3327 = CARTESIAN_POINT('',(0.173577115389,0.462862059636));
#3328 = CARTESIAN_POINT('',(0.173394530327,0.463936566147));
#3329 = CARTESIAN_POINT('',(0.173213706375,0.465140156625));
#3330 = CARTESIAN_POINT('',(0.173036050152,0.466515891064));
#3331 = CARTESIAN_POINT('',(0.172864397629,0.468145304149));
#3332 = CARTESIAN_POINT('',(0.172706880168,0.470138275539));
#3333 = CARTESIAN_POINT('',(0.172585714753,0.472813556241));
#3334 = CARTESIAN_POINT('',(0.172584197773,0.475823113293));
#3335 = CARTESIAN_POINT('',(0.172673972261,0.4781169941));
#3336 = CARTESIAN_POINT('',(0.172794860373,0.479949142913));
#3337 = CARTESIAN_POINT('',(0.172932964764,0.481483186605));
#3338 = CARTESIAN_POINT('',(0.173080357536,0.482816024644));
#3339 = CARTESIAN_POINT('',(0.173233908835,0.484002906041));
#3340 = CARTESIAN_POINT('',(0.173391717808,0.48507868367));
#3341 = CARTESIAN_POINT('',(0.173552668005,0.486066220304));
#3342 = CARTESIAN_POINT('',(0.173716032749,0.486981635868));
#3343 = CARTESIAN_POINT('',(0.17388131541,0.487836639847));
#3344 = CARTESIAN_POINT('',(0.174048157454,0.48864004966));
#3345 = CARTESIAN_POINT('',(0.1742162936,0.489398695644));
#3346 = CARTESIAN_POINT('',(0.174385524681,0.490118004299));
#3347 = CARTESIAN_POINT('',(0.174555690825,0.490802339885));
#3348 = CARTESIAN_POINT('',(0.174726668703,0.491455304483));
#3349 = CARTESIAN_POINT('',(0.174898355017,0.492079884374));
#3350 = CARTESIAN_POINT('',(0.175070665312,0.492678602199));
#3351 = CARTESIAN_POINT('',(0.175243532038,0.493253617746));
#3352 = CARTESIAN_POINT('',(0.175416897095,0.493806785637));
#3353 = CARTESIAN_POINT('',(0.17559070753,0.494339705164));
#3354 = CARTESIAN_POINT('',(0.175764921658,0.494853788295));
#3355 = CARTESIAN_POINT('',(0.175939501643,0.495350273104));
#3356 = CARTESIAN_POINT('',(0.176114414592,0.495830257738));
#3357 = CARTESIAN_POINT('',(0.176289631622,0.496294721384));
#3358 = CARTESIAN_POINT('',(0.176465127336,0.496744541928));
#3359 = CARTESIAN_POINT('',(0.17664088033,0.497180512451));
#3360 = CARTESIAN_POINT('',(0.176816869617,0.497603345551));
#3361 = CARTESIAN_POINT('',(0.176993076208,0.498013688006));
#3362 = CARTESIAN_POINT('',(0.177169484535,0.498412133014));
#3363 = CARTESIAN_POINT('',(0.177346079821,0.498799221281));
#3364 = CARTESIAN_POINT('',(0.17752284862,0.49917544881));
#3365 = CARTESIAN_POINT('',(0.177699778535,0.499541271692));
#3366 = CARTESIAN_POINT('',(0.17787685817,0.499897110697));
#3367 = CARTESIAN_POINT('',(0.178054077043,0.500243355081));
#3368 = CARTESIAN_POINT('',(0.178231425517,0.500580365895));
#3369 = CARTESIAN_POINT('',(0.178408894744,0.500908478848));
#3370 = CARTESIAN_POINT('',(0.178586476615,0.501228006809));
#3371 = CARTESIAN_POINT('',(0.178764163706,0.501539241998));
#3372 = CARTESIAN_POINT('',(0.178941949257,0.501842457937));
#3373 = CARTESIAN_POINT('',(0.179119827082,0.502137911075));
#3374 = CARTESIAN_POINT('',(0.179297791736,0.502425842499));
#3375 = CARTESIAN_POINT('',(0.179475835599,0.502706474874));
#3376 = CARTESIAN_POINT('',(0.179653953809,0.502980021625));
#3377 = CARTESIAN_POINT('',(0.179832141374,0.503246683292));
#3378 = CARTESIAN_POINT('',(0.180010393663,0.503506649341));
#3379 = CARTESIAN_POINT('',(0.180188706251,0.503760098822));
#3380 = CARTESIAN_POINT('',(0.180367074944,0.504007201221));
#3381 = CARTESIAN_POINT('',(0.180545495756,0.504248117165));
#3382 = CARTESIAN_POINT('',(0.1807239649,0.504482999078));
#3383 = CARTESIAN_POINT('',(0.180902478775,0.504711991765));
#3384 = CARTESIAN_POINT('',(0.181081033959,0.504935232953));
#3385 = CARTESIAN_POINT('',(0.181259627201,0.505152853768));
#3386 = CARTESIAN_POINT('',(0.181438255409,0.505364979184));
#3387 = CARTESIAN_POINT('',(0.181616915646,0.505571728422));
#3388 = CARTESIAN_POINT('',(0.181795605125,0.505773215321));
#3389 = CARTESIAN_POINT('',(0.181974321198,0.505969548673));
#3390 = CARTESIAN_POINT('',(0.182153061353,0.506160832539));
#3391 = CARTESIAN_POINT('',(0.182331823211,0.506347166532));
#3392 = CARTESIAN_POINT('',(0.182510604517,0.506528646083));
#3393 = CARTESIAN_POINT('',(0.182689403139,0.506705362686));
#3394 = CARTESIAN_POINT('',(0.182868217057,0.506877404118));
#3395 = CARTESIAN_POINT('',(0.183047044384,0.507044854662));
#3396 = CARTESIAN_POINT('',(0.183225883275,0.507207795229));
#3397 = CARTESIAN_POINT('',(0.183404732239,0.507366303775));
#3398 = CARTESIAN_POINT('',(0.183583588477,0.507520454105));
#3399 = CARTESIAN_POINT('',(0.183762450361,0.507670318179));
#3400 = CARTESIAN_POINT('',(0.183941316297,0.507815965242));
#3401 = CARTESIAN_POINT('',(0.184120184747,0.50795746198));
#3402 = CARTESIAN_POINT('',(0.18429905422,0.508094872644));
#3403 = CARTESIAN_POINT('',(0.18447792327,0.508228259167));
#3404 = CARTESIAN_POINT('',(0.184656790497,0.508357681277));
#3405 = CARTESIAN_POINT('',(0.184835654545,0.508483196599));
#3406 = CARTESIAN_POINT('',(0.185014514097,0.508604860755));
#3407 = CARTESIAN_POINT('',(0.185193367878,0.508722727456));
#3408 = CARTESIAN_POINT('',(0.185372214652,0.508836848586));
#3409 = CARTESIAN_POINT('',(0.185551053218,0.508947274286));
#3410 = CARTESIAN_POINT('',(0.185729882415,0.509054053028));
#3411 = CARTESIAN_POINT('',(0.185908701114,0.509157231687));
#3412 = CARTESIAN_POINT('',(0.186087508222,0.509256855607));
#3413 = CARTESIAN_POINT('',(0.186266302679,0.509352968668));
#3414 = CARTESIAN_POINT('',(0.186445083456,0.50944561334));
#3415 = CARTESIAN_POINT('',(0.186623849555,0.509534830743));
#3416 = CARTESIAN_POINT('',(0.186802600012,0.509620660696));
#3417 = CARTESIAN_POINT('',(0.186981333888,0.509703141772));
#3418 = CARTESIAN_POINT('',(0.187160050276,0.509782311338));
#3419 = CARTESIAN_POINT('',(0.187338748296,0.509858205603));
#3420 = CARTESIAN_POINT('',(0.187517427096,0.50993085966));
#3421 = CARTESIAN_POINT('',(0.187696085851,0.510000307525));
#3422 = CARTESIAN_POINT('',(0.187874723761,0.510066582172));
#3423 = CARTESIAN_POINT('',(0.188053340053,0.51012971557));
#3424 = CARTESIAN_POINT('',(0.188231933978,0.51018973872));
#3425 = CARTESIAN_POINT('',(0.188410504813,0.51024668168));
#3426 = CARTESIAN_POINT('',(0.188589051858,0.5103005736));
#3427 = CARTESIAN_POINT('',(0.188767574438,0.510351442748));
#3428 = CARTESIAN_POINT('',(0.188946071898,0.510399316538));
#3429 = CARTESIAN_POINT('',(0.189124543608,0.510444221557));
#3430 = CARTESIAN_POINT('',(0.189302988961,0.510486183583));
#3431 = CARTESIAN_POINT('',(0.189481407371,0.510525227617));
#3432 = CARTESIAN_POINT('',(0.189659798271,0.510561377895));
#3433 = CARTESIAN_POINT('',(0.189838161121,0.510594657912));
#3434 = CARTESIAN_POINT('',(0.190016495393,0.51062509044));
#3435 = CARTESIAN_POINT('',(0.190194800597,0.510652697546));
#3436 = CARTESIAN_POINT('',(0.190373076206,0.510677500594));
#3437 = CARTESIAN_POINT('',(0.19055132123,0.510699520252));
#3438 = CARTESIAN_POINT('',(0.190729535264,0.510718776596));
#3439 = CARTESIAN_POINT('',(0.190907717793,0.510735289055));
#3440 = CARTESIAN_POINT('',(0.191085868343,0.510749076439));
#3441 = CARTESIAN_POINT('',(0.191263986443,0.510760156947));
#3442 = CARTESIAN_POINT('',(0.191442071633,0.510768548178));
#3443 = CARTESIAN_POINT('',(0.191620123463,0.510774267148));
#3444 = CARTESIAN_POINT('',(0.191798141492,0.510777330294));
#3445 = CARTESIAN_POINT('',(0.191976125289,0.510777753489));
#3446 = CARTESIAN_POINT('',(0.192154074432,0.51077555205));
#3447 = CARTESIAN_POINT('',(0.192331988507,0.510770740747));
#3448 = CARTESIAN_POINT('',(0.19250986711,0.510763333812));
#3449 = CARTESIAN_POINT('',(0.192687709846,0.510753344944));
#3450 = CARTESIAN_POINT('',(0.192865516329,0.510740787321));
#3451 = CARTESIAN_POINT('',(0.193043286179,0.510725673603));
#3452 = CARTESIAN_POINT('',(0.193221019026,0.510708015939));
#3453 = CARTESIAN_POINT('',(0.193398714509,0.510687825974));
#3454 = CARTESIAN_POINT('',(0.193576372274,0.51066511485));
#3455 = CARTESIAN_POINT('',(0.193753991975,0.510639893216));
#3456 = CARTESIAN_POINT('',(0.193931573274,0.510612171227));
#3457 = CARTESIAN_POINT('',(0.19410911584,0.51058195855));
#3458 = CARTESIAN_POINT('',(0.19428661935,0.510549264365));
#3459 = CARTESIAN_POINT('',(0.194464083491,0.510514097368));
#3460 = CARTESIAN_POINT('',(0.194641507953,0.510476465775));
#3461 = CARTESIAN_POINT('',(0.194818892437,0.510436377316));
#3462 = CARTESIAN_POINT('',(0.194996236649,0.510393839246));
#3463 = CARTESIAN_POINT('',(0.195173540305,0.510348858334));
#3464 = CARTESIAN_POINT('',(0.195350803124,0.510301440872));
#3465 = CARTESIAN_POINT('',(0.195528024836,0.510251592669));
#3466 = CARTESIAN_POINT('',(0.195705205175,0.510199319048));
#3467 = CARTESIAN_POINT('',(0.195882343884,0.51014462485));
#3468 = CARTESIAN_POINT('',(0.196059440713,0.510087514425));
#3469 = CARTESIAN_POINT('',(0.196236495417,0.510027991634));
#3470 = CARTESIAN_POINT('',(0.196413507759,0.509966059842));
#3471 = CARTESIAN_POINT('',(0.196590477508,0.509901721916));
#3472 = CARTESIAN_POINT('',(0.196767404441,0.50983498022));
#3473 = CARTESIAN_POINT('',(0.196944288342,0.50976583661));
#3474 = CARTESIAN_POINT('',(0.197121128995,0.509694292429));
#3475 = CARTESIAN_POINT('',(0.197297926213,0.509620348496));
#3476 = CARTESIAN_POINT('',(0.197474679677,0.50954400514));
#3477 = CARTESIAN_POINT('',(0.197651389187,0.509465262128));
#3478 = CARTESIAN_POINT('',(0.19782805454,0.50938411868));
#3479 = CARTESIAN_POINT('',(0.198004675537,0.509300573461));
#3480 = CARTESIAN_POINT('',(0.198181251983,0.509214624569));
#3481 = CARTESIAN_POINT('',(0.198357783685,0.509126269529));
#3482 = CARTESIAN_POINT('',(0.198534270455,0.50903550528));
#3483 = CARTESIAN_POINT('',(0.198710712106,0.508942328161));
#3484 = CARTESIAN_POINT('',(0.198887108456,0.508846733901));
#3485 = CARTESIAN_POINT('',(0.199063459325,0.508748717602));
#3486 = CARTESIAN_POINT('',(0.199239764537,0.508648273722));
#3487 = CARTESIAN_POINT('',(0.199416023918,0.50854539606));
#3488 = CARTESIAN_POINT('',(0.199592237298,0.508440077737));
#3489 = CARTESIAN_POINT('',(0.199768404511,0.508332311176));
#3490 = CARTESIAN_POINT('',(0.199944525393,0.508222088081));
#3491 = CARTESIAN_POINT('',(0.200120599783,0.508109399419));
#3492 = CARTESIAN_POINT('',(0.200296627525,0.507994235389));
#3493 = CARTESIAN_POINT('',(0.200472608464,0.507876585406));
#3494 = CARTESIAN_POINT('',(0.200648542451,0.507756438072));
#3495 = CARTESIAN_POINT('',(0.200824429334,0.507633781151));
#3496 = CARTESIAN_POINT('',(0.201000268991,0.507508601524));
#3497 = CARTESIAN_POINT('',(0.201176061039,0.507380885341));
#3498 = CARTESIAN_POINT('',(0.201351805405,0.507250617622));
#3499 = CARTESIAN_POINT('',(0.201527501975,0.507117782433));
#3500 = CARTESIAN_POINT('',(0.201703150642,0.506982362819));
#3501 = CARTESIAN_POINT('',(0.201878751294,0.506844340778));
#3502 = CARTESIAN_POINT('',(0.202054303812,0.506703697213));
#3503 = CARTESIAN_POINT('',(0.202229808079,0.50656041189));
#3504 = CARTESIAN_POINT('',(0.202405263969,0.506414463383));
#3505 = CARTESIAN_POINT('',(0.202580671357,0.506265829027));
#3506 = CARTESIAN_POINT('',(0.202756030113,0.506114484855));
#3507 = CARTESIAN_POINT('',(0.202931340102,0.505960405539));
#3508 = CARTESIAN_POINT('',(0.203106601188,0.505803564324));
#3509 = CARTESIAN_POINT('',(0.203281813232,0.505643932958));
#3510 = CARTESIAN_POINT('',(0.203456976091,0.505481481616));
#3511 = CARTESIAN_POINT('',(0.203632089618,0.505316178819));
#3512 = CARTESIAN_POINT('',(0.203807153665,0.505147991348));
#3513 = CARTESIAN_POINT('',(0.203982168081,0.504976884153));
#3514 = CARTESIAN_POINT('',(0.204157132711,0.50480282025));
#3515 = CARTESIAN_POINT('',(0.204332047398,0.504625760611));
#3516 = CARTESIAN_POINT('',(0.204506911984,0.504445664054));
#3517 = CARTESIAN_POINT('',(0.204681726306,0.504262487108));
#3518 = CARTESIAN_POINT('',(0.204856490202,0.504076183884));
#3519 = CARTESIAN_POINT('',(0.205031203506,0.50388670592));
#3520 = CARTESIAN_POINT('',(0.205205866052,0.503694002026));
#3521 = CARTESIAN_POINT('',(0.20538047767,0.503498018103));
#3522 = CARTESIAN_POINT('',(0.205555038191,0.503298696958));
#3523 = CARTESIAN_POINT('',(0.205729547444,0.503095978097));
#3524 = CARTESIAN_POINT('',(0.205904005262,0.502889797498));
#3525 = CARTESIAN_POINT('',(0.20607841146,0.502680087385));
#3526 = CARTESIAN_POINT('',(0.206252765912,0.502466775892));
#3527 = CARTESIAN_POINT('',(0.206427068178,0.502249787162));
#3528 = CARTESIAN_POINT('',(0.206601318048,0.502029040505));
#3529 = CARTESIAN_POINT('',(0.206775515284,0.50180445018));
#3530 = CARTESIAN_POINT('',(0.206949659617,0.501575925089));
#3531 = CARTESIAN_POINT('',(0.207123750755,0.501343368362));
#3532 = CARTESIAN_POINT('',(0.207297788374,0.501106676886));
#3533 = CARTESIAN_POINT('',(0.207471772124,0.500865740775));
#3534 = CARTESIAN_POINT('',(0.207645701629,0.500620442771));
#3535 = CARTESIAN_POINT('',(0.207819576483,0.500370657572));
#3536 = CARTESIAN_POINT('',(0.207993396256,0.500116251114));
#3537 = CARTESIAN_POINT('',(0.208167160488,0.499857079759));
#3538 = CARTESIAN_POINT('',(0.208340868698,0.499592989479));
#3539 = CARTESIAN_POINT('',(0.208514520144,0.499323815));
#3540 = CARTESIAN_POINT('',(0.208688114324,0.499049377992));
#3541 = CARTESIAN_POINT('',(0.208861650574,0.498769486338));
#3542 = CARTESIAN_POINT('',(0.209035128142,0.498483932504));
#3543 = CARTESIAN_POINT('',(0.209208546165,0.498192491864));
#3544 = CARTESIAN_POINT('',(0.209381903672,0.497894920742));
#3545 = CARTESIAN_POINT('',(0.209555199593,0.497590954127));
#3546 = CARTESIAN_POINT('',(0.209728432713,0.497280303106));
#3547 = CARTESIAN_POINT('',(0.20990160182,0.496962651533));
#3548 = CARTESIAN_POINT('',(0.210074705167,0.496637653501));
#3549 = CARTESIAN_POINT('',(0.210247740901,0.496304928276));
#3550 = CARTESIAN_POINT('',(0.21042070736,0.495964054873));
#3551 = CARTESIAN_POINT('',(0.210593602282,0.495614567511));
#3552 = CARTESIAN_POINT('',(0.210766422992,0.495255948252));
#3553 = CARTESIAN_POINT('',(0.210939166353,0.494887618624));
#3554 = CARTESIAN_POINT('',(0.211111828679,0.494508929401));
#3555 = CARTESIAN_POINT('',(0.211284405994,0.494119147105));
#3556 = CARTESIAN_POINT('',(0.211456892947,0.493717440833));
#3557 = CARTESIAN_POINT('',(0.211629282819,0.493302862207));
#3558 = CARTESIAN_POINT('',(0.21180156967,0.492874315485));
#3559 = CARTESIAN_POINT('',(0.211973744507,0.492430533506));
#3560 = CARTESIAN_POINT('',(0.212145796113,0.491970034309));
#3561 = CARTESIAN_POINT('',(0.212317710327,0.49149106726));
#3562 = CARTESIAN_POINT('',(0.212489470819,0.490991534187));
#3563 = CARTESIAN_POINT('',(0.212661054084,0.490468900677));
#3564 = CARTESIAN_POINT('',(0.212832431225,0.489920041789));
#3565 = CARTESIAN_POINT('',(0.213003562511,0.489341045881));
#3566 = CARTESIAN_POINT('',(0.213174389646,0.488726915019));
#3567 = CARTESIAN_POINT('',(0.213344839682,0.488071054672));
#3568 = CARTESIAN_POINT('',(0.213514776903,0.487364581264));
#3569 = CARTESIAN_POINT('',(0.213684076708,0.486594743887));
#3570 = CARTESIAN_POINT('',(0.213852194492,0.48574330497));
#3571 = CARTESIAN_POINT('',(0.214019405895,0.484778306365));
#3572 = CARTESIAN_POINT('',(0.214181271673,0.483654369894));
#3573 = CARTESIAN_POINT('',(0.214304541489,0.482565253251));
#3574 = CARTESIAN_POINT('',(0.214400974915,0.481448057426));
#3575 = CARTESIAN_POINT('',(0.214490333308,0.479847550298));
#3576 = CARTESIAN_POINT('',(0.214488954622,0.477768513497));
#3577 = CARTESIAN_POINT('',(0.214446611297,0.476679577159));
#3578 = CARTESIAN_POINT('',(0.214414504531,0.476319628017));
#3579 = ( GEOMETRIC_REPRESENTATION_CONTEXT(2) 
PARAMETRIC_REPRESENTATION_CONTEXT() REPRESENTATION_CONTEXT('2D SPACE',''
  ) );
#3580 = PCURVE('',#3581,#3586);
#3581 = CYLINDRICAL_SURFACE('',#3582,70.);
#3582 = AXIS2_PLACEMENT_3D('',#3583,#3584,#3585);
#3583 = CARTESIAN_POINT('',(0.,1.43E+03,180.));
#3584 = DIRECTION('',(-1.,-0.,-0.));
#3585 = DIRECTION('',(0.,1.,0.));
#3586 = DEFINITIONAL_REPRESENTATION('',(#3587),#4075);
#3587 = B_SPLINE_CURVE_WITH_KNOTS('',3,(#3588,#3589,#3590,#3591,#3592,
    #3593,#3594,#3595,#3596,#3597,#3598,#3599,#3600,#3601,#3602,#3603,
    #3604,#3605,#3606,#3607,#3608,#3609,#3610,#3611,#3612,#3613,#3614,
    #3615,#3616,#3617,#3618,#3619,#3620,#3621,#3622,#3623,#3624,#3625,
    #3626,#3627,#3628,#3629,#3630,#3631,#3632,#3633,#3634,#3635,#3636,
    #3637,#3638,#3639,#3640,#3641,#3642,#3643,#3644,#3645,#3646,#3647,
    #3648,#3649,#3650,#3651,#3652,#3653,#3654,#3655,#3656,#3657,#3658,
    #3659,#3660,#3661,#3662,#3663,#3664,#3665,#3666,#3667,#3668,#3669,
    #3670,#3671,#3672,#3673,#3674,#3675,#3676,#3677,#3678,#3679,#3680,
    #3681,#3682,#3683,#3684,#3685,#3686,#3687,#3688,#3689,#3690,#3691,
    #3692,#3693,#3694,#3695,#3696,#3697,#3698,#3699,#3700,#3701,#3702,
    #3703,#3704,#3705,#3706,#3707,#3708,#3709,#3710,#3711,#3712,#3713,
    #3714,#3715,#3716,#3717,#3718,#3719,#3720,#3721,#3722,#3723,#3724,
    #3725,#3726,#3727,#3728,#3729,#3730,#3731,#3732,#3733,#3734,#3735,
    #3736,#3737,#3738,#3739,#3740,#3741,#3742,#3743,#3744,#3745,#3746,
    #3747,#3748,#3749,#3750,#3751,#3752,#3753,#3754,#3755,#3756,#3757,
    #3758,#3759,#3760,#3761,#3762,#3763,#3764,#3765,#3766,#3767,#3768,
    #3769,#3770,#3771,#3772,#3773,#3774,#3775,#3776,#3777,#3778,#3779,
    #3780,#3781,#3782,#3783,#3784,#3785,#3786,#3787,#3788,#3789,#3790,
    #3791,#3792,#3793,#3794,#3795,#3796,#3797,#3798,#3799,#3800,#3801,
    #3802,#3803,#3804,#3805,#3806,#3807,#3808,#3809,#3810,#3811,#3812,
    #3813,#3814,#3815,#3816,#3817,#3818,#3819,#3820,#3821,#3822,#3823,
    #3824,#3825,#3826,#3827,#3828,#3829,#3830,#3831,#3832,#3833,#3834,
    #3835,#3836,#3837,#3838,#3839,#3840,#3841,#3842,#3843,#3844,#3845,
    #3846,#3847,#3848,#3849,#3850,#3851,#3852,#3853,#3854,#3855,#3856,
    #3857,#3858,#3859,#3860,#3861,#3862,#3863,#3864,#3865,#3866,#3867,
    #3868,#3869,#3870,#3871,#3872,#3873,#3874,#3875,#3876,#3877,#3878,
    #3879,#3880,#3881,#3882,#3883,#3884,#3885,#3886,#3887,#3888,#3889,
    #3890,#3891,#3892,#3893,#3894,#3895,#3896,#3897,#3898,#3899,#3900,
    #3901,#3902,#3903,#3904,#3905,#3906,#3907,#3908,#3909,#3910,#3911,
    #3912,#3913,#3914,#3915,#3916,#3917,#3918,#3919,#3920,#3921,#3922,
    #3923,#3924,#3925,#3926,#3927,#3928,#3929,#3930,#3931,#3932,#3933,
    #3934,#3935,#3936,#3937,#3938,#3939,#3940,#3941,#3942,#3943,#3944,
    #3945,#3946,#3947,#3948,#3949,#3950,#3951,#3952,#3953,#3954,#3955,
    #3956,#3957,#3958,#3959,#3960,#3961,#3962,#3963,#3964,#3965,#3966,
    #3967,#3968,#3969,#3970,#3971,#3972,#3973,#3974,#3975,#3976,#3977,
    #3978,#3979,#3980,#3981,#3982,#3983,#3984,#3985,#3986,#3987,#3988,
    #3989,#3990,#3991,#3992,#3993,#3994,#3995,#3996,#3997,#3998,#3999,
    #4000,#4001,#4002,#4003,#4004,#4005,#4006,#4007,#4008,#4009,#4010,
    #4011,#4012,#4013,#4014,#4015,#4016,#4017,#4018,#4019,#4020,#4021,
    #4022,#4023,#4024,#4025,#4026,#4027,#4028,#4029,#4030,#4031,#4032,
    #4033,#4034,#4035,#4036,#4037,#4038,#4039,#4040,#4041,#4042,#4043,
    #4044,#4045,#4046,#4047,#4048,#4049,#4050,#4051,#4052,#4053,#4054,
    #4055,#4056,#4057,#4058,#4059,#4060,#4061,#4062,#4063,#4064,#4065,
    #4066,#4067,#4068,#4069,#4070,#4071,#4072,#4073,#4074),
  .UNSPECIFIED.,.F.,.F.,(4,1,1,1,1,1,1,1,1,1,1,1,1,1,1,1,1,1,1,1,1,1,1,1
    ,1,1,1,1,1,1,1,1,1,1,1,1,1,1,1,1,1,1,1,1,1,1,1,1,1,1,1,1,1,1,1,1,1,1
    ,1,1,1,1,1,1,1,1,1,1,1,1,1,1,1,1,1,1,1,1,1,1,1,1,1,1,1,1,1,1,1,1,1,1
    ,1,1,1,1,1,1,1,1,1,1,1,1,1,1,1,1,1,1,1,1,1,1,1,1,1,1,1,1,1,1,1,1,1,1
    ,1,1,1,1,1,1,1,1,1,1,1,1,1,1,1,1,1,1,1,1,1,1,1,1,1,1,1,1,1,1,1,1,1,1
    ,1,1,1,1,1,1,1,1,1,1,1,1,1,1,1,1,1,1,1,1,1,1,1,1,1,1,1,1,1,1,1,1,1,1
    ,1,1,1,1,1,1,1,1,1,1,1,1,1,1,1,1,1,1,1,1,1,1,1,1,1,1,1,1,1,1,1,1,1,1
    ,1,1,1,1,1,1,1,1,1,1,1,1,1,1,1,1,1,1,1,1,1,1,1,1,1,1,1,1,1,1,1,1,1,1
    ,1,1,1,1,1,1,1,1,1,1,1,1,1,1,1,1,1,1,1,1,1,1,1,1,1,1,1,1,1,1,1,1,1,1
    ,1,1,1,1,1,1,1,1,1,1,1,1,1,1,1,1,1,1,1,1,1,1,1,1,1,1,1,1,1,1,1,1,1,1
    ,1,1,1,1,1,1,1,1,1,1,1,1,1,1,1,1,1,1,1,1,1,1,1,1,1,1,1,1,1,1,1,1,1,1
    ,1,1,1,1,1,1,1,1,1,1,1,1,1,1,1,1,1,1,1,1,1,1,1,1,1,1,1,1,1,1,1,1,1,1
    ,1,1,1,1,1,1,1,1,1,1,1,1,1,1,1,1,1,1,1,1,1,1,1,1,1,1,1,1,1,1,1,1,1,1
    ,1,1,1,1,1,1,1,1,1,1,1,1,1,1,1,1,1,1,1,1,1,1,1,1,1,1,1,1,1,1,1,1,1,1
    ,1,1,1,1,1,1,1,1,1,1,1,1,1,1,1,1,1,1,4),(0.,0.373810117053,
    0.747620234106,1.12143035116,1.495240468213,1.869050585266,
    2.242860702319,2.616670819372,2.990480936426,3.364291053479,
    3.738101170532,4.111911287585,4.485721404638,4.859531521692,
    5.233341638745,5.607151755798,5.980961872851,6.354771989905,
    6.728582106958,7.102392224011,7.476202341064,7.850012458117,
    8.223822575171,8.597632692224,8.971442809277,9.34525292633,
    9.719063043383,10.092873160437,10.46668327749,10.840493394543,
    11.214303511596,11.588113628649,11.961923745703,12.335733862756,
    12.709543979809,13.083354096862,13.457164213915,13.830974330969,
    14.204784448022,14.578594565075,14.952404682128,15.326214799182,
    15.700024916235,16.073835033288,16.447645150341,16.821455267394,
    17.195265384448,17.569075501501,17.942885618554,18.316695735607,
    18.69050585266,19.064315969714,19.438126086767,19.81193620382,
    20.185746320873,20.559556437926,20.93336655498,21.307176672033,
    21.680986789086,22.054796906139,22.428607023192,22.802417140246,
    23.176227257299,23.550037374352,23.923847491405,24.297657608458,
    24.671467725512,25.045277842565,25.419087959618,25.792898076671,
    26.166708193725,26.540518310778,26.914328427831,27.288138544884,
    27.661948661937,28.035758778991,28.409568896044,28.783379013097,
    29.15718913015,29.530999247203,29.904809364257,30.27861948131,
    30.652429598363,31.026239715416,31.400049832469,31.773859949523,
    32.147670066576,32.521480183629,32.895290300682,33.269100417735,
    33.642910534789,34.016720651842,34.390530768895,34.764340885948,
    35.138151003001,35.511961120055,35.885771237108,36.259581354161,
    36.633391471214,37.007201588268,37.381011705321,37.754821822374,
    38.128631939427,38.50244205648,38.876252173534,39.250062290587,
    39.62387240764,39.997682524693,40.371492641746,40.7453027588,
    41.119112875853,41.492922992906,41.866733109959,42.240543227012,
    42.614353344066,42.988163461119,43.361973578172,43.735783695225,
    44.109593812278,44.483403929332,44.857214046385,45.231024163438,
    45.604834280491,45.978644397545,46.352454514598,46.726264631651,
    47.100074748704,47.473884865757,47.847694982811,48.221505099864,
    48.595315216917,48.96912533397,49.342935451023,49.716745568077,
    50.09055568513,50.464365802183,50.838175919236,51.211986036289,
    51.585796153343,51.959606270396,52.333416387449,52.707226504502,
    53.081036621555,53.454846738609,53.828656855662,54.202466972715,
    54.576277089768,54.950087206821,55.323897323875,55.697707440928,
    56.071517557981,56.445327675034,56.819137792088,57.192947909141,
    57.566758026194,57.940568143247,58.3143782603,58.688188377354,
    59.061998494407,59.43580861146,59.809618728513,60.183428845566,
    60.55723896262,60.931049079673,61.304859196726,61.678669313779,
    62.052479430832,62.426289547886,62.800099664939,63.173909781992,
    63.547719899045,63.921530016098,64.295340133152,64.669150250205,
    65.042960367258,65.416770484311,65.790580601364,66.164390718418,
    66.538200835471,66.912010952524,67.285821069577,67.659631186631,
    68.033441303684,68.407251420737,68.78106153779,69.154871654843,
    69.528681771897,69.90249188895,70.276302006003,70.650112123056,
    71.023922240109,71.397732357163,71.771542474216,72.145352591269,
    72.519162708322,72.892972825375,73.266782942429,73.640593059482,
    74.014403176535,74.388213293588,74.762023410641,75.135833527695,
    75.509643644748,75.883453761801,76.257263878854,76.631073995908,
    77.004884112961,77.378694230014,77.752504347067,78.12631446412,
    78.500124581174,78.873934698227,79.24774481528,79.621554932333,
    79.995365049386,80.36917516644,80.742985283493,81.116795400546,
    81.490605517599,81.864415634652,82.238225751706,82.612035868759,
    82.985845985812,83.359656102865,83.733466219918,84.107276336972,
    84.481086454025,84.854896571078,85.228706688131,85.602516805184,
    85.976326922238,86.350137039291,86.723947156344,87.097757273397,
    87.471567390451,87.845377507504,88.219187624557,88.59299774161,
    88.966807858663,89.340617975717,89.71442809277,90.088238209823,
    90.462048326876,90.835858443929,91.209668560983,91.583478678036,
    91.957288795089,92.331098912142,92.704909029195,93.078719146249,
    93.452529263302,93.826339380355,94.200149497408,94.573959614461,
    94.947769731515,95.321579848568,95.695389965621,96.069200082674,
    96.443010199728,96.816820316781,97.190630433834,97.564440550887,
    97.93825066794,98.312060784994,98.685870902047,99.0596810191,
    99.433491136153,99.807301253206,100.18111137026,100.55492148731,
    100.92873160436,101.30254172141,101.67635183847,102.05016195552,
    102.42397207257,102.79778218963,103.17159230668,103.54540242373,
    103.91921254079,104.29302265784,104.66683277489,105.04064289195,
    105.414453009,105.78826312605,106.16207324311,106.53588336016,
    106.90969347721,107.28350359427,107.65731371132,108.03112382837,
    108.40493394543,108.77874406248,109.15255417953,109.52636429659,
    109.90017441364,110.27398453069,110.64779464774,111.0216047648,
    111.39541488185,111.7692249989,112.14303511596,112.51684523301,
    112.89065535006,113.26446546712,113.63827558417,114.01208570122,
    114.38589581828,114.75970593533,115.13351605238,115.50732616944,
    115.88113628649,116.25494640354,116.6287565206,117.00256663765,
    117.3763767547,117.75018687176,118.12399698881,118.49780710586,
    118.87161722292,119.24542733997,119.61923745702,119.99304757408,
    120.36685769113,120.74066780818,121.11447792523,121.48828804229,
    121.86209815934,122.23590827639,122.60971839345,122.9835285105,
    123.35733862755,123.73114874461,124.10495886166,124.47876897871,
    124.85257909577,125.22638921282,125.60019932987,125.97400944693,
    126.34781956398,126.72162968103,127.09543979809,127.46924991514,
    127.84306003219,128.21687014925,128.5906802663,128.96449038335,
    129.33830050041,129.71211061746,130.08592073451,130.45973085156,
    130.83354096862,131.20735108567,131.58116120272,131.95497131978,
    132.32878143683,132.70259155388,133.07640167094,133.45021178799,
    133.82402190504,134.1978320221,134.57164213915,134.9454522562,
    135.31926237326,135.69307249031,136.06688260736,136.44069272442,
    136.81450284147,137.18831295852,137.56212307558,137.93593319263,
    138.30974330968,138.68355342674,139.05736354379,139.43117366084,
    139.8049837779,140.17879389495,140.552604012,140.92641412905,
    141.30022424611,141.67403436316,142.04784448021,142.42165459727,
    142.79546471432,143.16927483137,143.54308494843,143.91689506548,
    144.29070518253,144.66451529959,145.03832541664,145.41213553369,
    145.78594565075,146.1597557678,146.53356588485,146.90737600191,
    147.28118611896,147.65499623601,148.02880635307,148.40261647012,
    148.77642658717,149.15023670423,149.52404682128,149.89785693833,
    150.27166705538,150.64547717244,151.01928728949,151.39309740654,
    151.7669075236,152.14071764065,152.5145277577,152.88833787476,
    153.26214799181,153.63595810886,154.00976822592,154.38357834297,
    154.75738846002,155.13119857708,155.50500869413,155.87881881118,
    156.25262892824,156.62643904529,157.00024916234,157.3740592794,
    157.74786939645,158.1216795135,158.49548963056,158.86929974761,
    159.24310986466,159.61691998172,159.99073009877,160.36454021582,
    160.73835033287,161.11216044993,161.48597056698,161.85978068403,
    162.23359080109,162.60740091814,162.98121103519,163.35502115225,
    163.7288312693,164.10264138635,164.47645150341,164.85026162046,
    165.22407173751,165.59788185457,165.97169197162,166.34550208867,
    166.71931220573,167.09312232278,167.46693243983,167.84074255689,
    168.21455267394,168.58836279099,168.96217290805,169.3359830251,
    169.70979314215,170.0836032592,170.45741337626,170.83122349331,
    171.20503361036,171.57884372742,171.95265384447,172.32646396152,
    172.70027407858,173.07408419563,173.44789431268,173.82170442974,
    174.19551454679,174.56932466384,174.9431347809,175.31694489795,
    175.690755015,176.06456513206,176.43837524911,176.81218536616,
    177.18599548322,177.55980560027,177.93361571732,178.30742583438,
    178.68123595143,179.05504606848,179.42885618554,179.80266630259,
    180.17647641964,180.55028653669,180.92409665375),
  .QUASI_UNIFORM_KNOTS.);
#3588 = CARTESIAN_POINT('',(-6.28318530718,-891.9261951685));
#3589 = CARTESIAN_POINT('',(-6.265218019545,-893.0132577588));
#3590 = CARTESIAN_POINT('',(-6.234406432653,-895.3497419142));
#3591 = CARTESIAN_POINT('',(-6.199024240318,-899.1724855531));
#3592 = CARTESIAN_POINT('',(-6.168691295447,-903.0855865175));
#3593 = CARTESIAN_POINT('',(-6.142004229449,-907.0664866917));
#3594 = CARTESIAN_POINT('',(-6.11782313116,-911.0849675268));
#3595 = CARTESIAN_POINT('',(-6.095560592721,-915.1307157229));
#3596 = CARTESIAN_POINT('',(-6.074800288627,-919.1958138777));
#3597 = CARTESIAN_POINT('',(-6.055260436771,-923.2756890616));
#3598 = CARTESIAN_POINT('',(-6.036733611573,-927.3671097765));
#3599 = CARTESIAN_POINT('',(-6.019064425578,-931.4677677159));
#3600 = CARTESIAN_POINT('',(-6.002131860117,-935.5760696752));
#3601 = CARTESIAN_POINT('',(-5.985840544956,-939.6907022166));
#3602 = CARTESIAN_POINT('',(-5.970113149133,-943.8107097516));
#3603 = CARTESIAN_POINT('',(-5.954886299143,-947.9353080912));
#3604 = CARTESIAN_POINT('',(-5.94010709003,-952.0639021893));
#3605 = CARTESIAN_POINT('',(-5.925731058516,-956.1959719881));
#3606 = CARTESIAN_POINT('',(-5.91172024093,-960.3311120098));
#3607 = CARTESIAN_POINT('',(-5.898041982583,-964.4689841375));
#3608 = CARTESIAN_POINT('',(-5.884668004514,-968.6092939499));
#3609 = CARTESIAN_POINT('',(-5.871573599904,-972.751789459));
#3610 = CARTESIAN_POINT('',(-5.858737025965,-976.8962556014));
#3611 = CARTESIAN_POINT('',(-5.846139024383,-981.0425108027));
#3612 = CARTESIAN_POINT('',(-5.833762437513,-985.1904052917));
#3613 = CARTESIAN_POINT('',(-5.821591892132,-989.3398144535));
#3614 = CARTESIAN_POINT('',(-5.809613701043,-993.4905859661));
#3615 = CARTESIAN_POINT('',(-5.797815398131,-997.6426215514));
#3616 = CARTESIAN_POINT('',(-5.786185716495,-1.001795823469E+03));
#3617 = CARTESIAN_POINT('',(-5.774714405125,-1.005950105503E+03));
#3618 = CARTESIAN_POINT('',(-5.763392111108,-1.010105389064E+03));
#3619 = CARTESIAN_POINT('',(-5.75221026946,-1.014261603432E+03));
#3620 = CARTESIAN_POINT('',(-5.741161012534,-1.018418684969E+03));
#3621 = CARTESIAN_POINT('',(-5.730237091715,-1.022576576876E+03));
#3622 = CARTESIAN_POINT('',(-5.719431811772,-1.026735228271E+03));
#3623 = CARTESIAN_POINT('',(-5.70873896753,-1.030894595802E+03));
#3624 = CARTESIAN_POINT('',(-5.69815280834,-1.035054636092E+03));
#3625 = CARTESIAN_POINT('',(-5.687668009959,-1.039215300933E+03));
#3626 = CARTESIAN_POINT('',(-5.677279578619,-1.043376558025E+03));
#3627 = CARTESIAN_POINT('',(-5.666982860074,-1.047538373803E+03));
#3628 = CARTESIAN_POINT('',(-5.656773498769,-1.051700717693E+03));
#3629 = CARTESIAN_POINT('',(-5.646647413873,-1.055863560819E+03));
#3630 = CARTESIAN_POINT('',(-5.636600774373,-1.060026876209E+03));
#3631 = CARTESIAN_POINT('',(-5.626629977689,-1.064190638611E+03));
#3632 = CARTESIAN_POINT('',(-5.616731630313,-1.068354824432E+03));
#3633 = CARTESIAN_POINT('',(-5.60690253056,-1.072519411652E+03));
#3634 = CARTESIAN_POINT('',(-5.597139653125,-1.076684379754E+03));
#3635 = CARTESIAN_POINT('',(-5.587440135243,-1.080849709669E+03));
#3636 = CARTESIAN_POINT('',(-5.577801264249,-1.08501538371E+03));
#3637 = CARTESIAN_POINT('',(-5.568220466296,-1.089181385534E+03));
#3638 = CARTESIAN_POINT('',(-5.558695296161,-1.093347700066E+03));
#3639 = CARTESIAN_POINT('',(-5.54922342751,-1.097514313562E+03));
#3640 = CARTESIAN_POINT('',(-5.539802645145,-1.101681213171E+03));
#3641 = CARTESIAN_POINT('',(-5.530430832704,-1.105848388391E+03));
#3642 = CARTESIAN_POINT('',(-5.521105991482,-1.110015820505E+03));
#3643 = CARTESIAN_POINT('',(-5.511826196189,-1.114183498724E+03));
#3644 = CARTESIAN_POINT('',(-5.502589607237,-1.118351412004E+03));
#3645 = CARTESIAN_POINT('',(-5.493394463392,-1.122519549944E+03));
#3646 = CARTESIAN_POINT('',(-5.484239077223,-1.126687902524E+03));
#3647 = CARTESIAN_POINT('',(-5.475121830277,-1.130856460152E+03));
#3648 = CARTESIAN_POINT('',(-5.466041168772,-1.135025213638E+03));
#3649 = CARTESIAN_POINT('',(-5.456995599567,-1.139194154178E+03));
#3650 = CARTESIAN_POINT('',(-5.447983686442,-1.143363273347E+03));
#3651 = CARTESIAN_POINT('',(-5.439004046641,-1.147532563083E+03));
#3652 = CARTESIAN_POINT('',(-5.43005534768,-1.151702015678E+03));
#3653 = CARTESIAN_POINT('',(-5.421136304376,-1.155871623768E+03));
#3654 = CARTESIAN_POINT('',(-5.41224567609,-1.160041380326E+03));
#3655 = CARTESIAN_POINT('',(-5.403382264158,-1.164211278647E+03));
#3656 = CARTESIAN_POINT('',(-5.394544909492,-1.16838131235E+03));
#3657 = CARTESIAN_POINT('',(-5.385732490358,-1.172551475354E+03));
#3658 = CARTESIAN_POINT('',(-5.376943920172,-1.176721761921E+03));
#3659 = CARTESIAN_POINT('',(-5.36817814588,-1.180892166471E+03));
#3660 = CARTESIAN_POINT('',(-5.359434144712,-1.185062684229E+03));
#3661 = CARTESIAN_POINT('',(-5.350710927463,-1.189233308789E+03));
#3662 = CARTESIAN_POINT('',(-5.342007536777,-1.193404032282E+03));
#3663 = CARTESIAN_POINT('',(-5.333323033571,-1.197574851034E+03));
#3664 = CARTESIAN_POINT('',(-5.324656506393,-1.201745760393E+03));
#3665 = CARTESIAN_POINT('',(-5.316007067264,-1.205916756076E+03));
#3666 = CARTESIAN_POINT('',(-5.307373851153,-1.210087833803E+03));
#3667 = CARTESIAN_POINT('',(-5.29875601456,-1.214258989388E+03));
#3668 = CARTESIAN_POINT('',(-5.290152734424,-1.218430218718E+03));
#3669 = CARTESIAN_POINT('',(-5.281563207015,-1.222601517752E+03));
#3670 = CARTESIAN_POINT('',(-5.272986646905,-1.226772882519E+03));
#3671 = CARTESIAN_POINT('',(-5.264422285985,-1.230944309118E+03));
#3672 = CARTESIAN_POINT('',(-5.255869372529,-1.235115793715E+03));
#3673 = CARTESIAN_POINT('',(-5.247327170307,-1.239287332539E+03));
#3674 = CARTESIAN_POINT('',(-5.238794957743,-1.243458921884E+03));
#3675 = CARTESIAN_POINT('',(-5.230272027104,-1.247630558107E+03));
#3676 = CARTESIAN_POINT('',(-5.221757683737,-1.251802237626E+03));
#3677 = CARTESIAN_POINT('',(-5.213251245332,-1.255973956916E+03));
#3678 = CARTESIAN_POINT('',(-5.204752041223,-1.260145712512E+03));
#3679 = CARTESIAN_POINT('',(-5.196259411715,-1.264317501007E+03));
#3680 = CARTESIAN_POINT('',(-5.187772707443,-1.268489319048E+03));
#3681 = CARTESIAN_POINT('',(-5.17929128875,-1.272661163339E+03));
#3682 = CARTESIAN_POINT('',(-5.170814525101,-1.276833030636E+03));
#3683 = CARTESIAN_POINT('',(-5.162341794505,-1.28100491775E+03));
#3684 = CARTESIAN_POINT('',(-5.153872482971,-1.285176821544E+03));
#3685 = CARTESIAN_POINT('',(-5.145405983969,-1.289348738931E+03));
#3686 = CARTESIAN_POINT('',(-5.136941697927,-1.293520666878E+03));
#3687 = CARTESIAN_POINT('',(-5.128479031724,-1.297692602398E+03));
#3688 = CARTESIAN_POINT('',(-5.120017398218,-1.301864542557E+03));
#3689 = CARTESIAN_POINT('',(-5.111556215769,-1.306036484469E+03));
#3690 = CARTESIAN_POINT('',(-5.103094907794,-1.310208425294E+03));
#3691 = CARTESIAN_POINT('',(-5.094632902317,-1.314380362243E+03));
#3692 = CARTESIAN_POINT('',(-5.086169631542,-1.318552292573E+03));
#3693 = CARTESIAN_POINT('',(-5.077704531431,-1.322724213588E+03));
#3694 = CARTESIAN_POINT('',(-5.069237041293,-1.326896122637E+03));
#3695 = CARTESIAN_POINT('',(-5.06076660338,-1.331068017118E+03));
#3696 = CARTESIAN_POINT('',(-5.05229266249,-1.335239894472E+03));
#3697 = CARTESIAN_POINT('',(-5.043814665584,-1.339411752187E+03));
#3698 = CARTESIAN_POINT('',(-5.035332061398,-1.343583587797E+03));
#3699 = CARTESIAN_POINT('',(-5.026844300078,-1.347755398877E+03));
#3700 = CARTESIAN_POINT('',(-5.018350832777,-1.351927183059E+03));
#3701 = CARTESIAN_POINT('',(-5.009851111396,-1.356098937977E+03));
#3702 = CARTESIAN_POINT('',(-5.001344587832,-1.360270661463E+03));
#3703 = CARTESIAN_POINT('',(-4.992830715052,-1.364442350832E+03));
#3704 = CARTESIAN_POINT('',(-4.984308954796,-1.368613998924E+03));
#3705 = CARTESIAN_POINT('',(-4.975778756726,-1.372785604181E+03));
#3706 = CARTESIAN_POINT('',(-4.967239572007,-1.376957163785E+03));
#3707 = CARTESIAN_POINT('',(-4.958690849838,-1.381128675189E+03));
#3708 = CARTESIAN_POINT('',(-4.950132037928,-1.385300135706E+03));
#3709 = CARTESIAN_POINT('',(-4.941562581914,-1.389471542622E+03));
#3710 = CARTESIAN_POINT('',(-4.932981925061,-1.393642893163E+03));
#3711 = CARTESIAN_POINT('',(-4.92438950788,-1.397814184505E+03));
#3712 = CARTESIAN_POINT('',(-4.915784767767,-1.401985413772E+03));
#3713 = CARTESIAN_POINT('',(-4.907167138629,-1.406156578035E+03));
#3714 = CARTESIAN_POINT('',(-4.898536050508,-1.410327674313E+03));
#3715 = CARTESIAN_POINT('',(-4.889890929203,-1.414498699572E+03));
#3716 = CARTESIAN_POINT('',(-4.881231195877,-1.418669650727E+03));
#3717 = CARTESIAN_POINT('',(-4.872556266672,-1.42284052464E+03));
#3718 = CARTESIAN_POINT('',(-4.863865552302,-1.427011318122E+03));
#3719 = CARTESIAN_POINT('',(-4.85515845765,-1.431182027931E+03));
#3720 = CARTESIAN_POINT('',(-4.846434381346,-1.435352650772E+03));
#3721 = CARTESIAN_POINT('',(-4.837692715344,-1.439523183299E+03));
#3722 = CARTESIAN_POINT('',(-4.828932844486,-1.443693622114E+03));
#3723 = CARTESIAN_POINT('',(-4.82015414605,-1.447863963767E+03));
#3724 = CARTESIAN_POINT('',(-4.811355989292,-1.452034204756E+03));
#3725 = CARTESIAN_POINT('',(-4.802537734974,-1.456204341527E+03));
#3726 = CARTESIAN_POINT('',(-4.793698734871,-1.460374370474E+03));
#3727 = CARTESIAN_POINT('',(-4.784838331274,-1.464544287941E+03));
#3728 = CARTESIAN_POINT('',(-4.775955856463,-1.468714090217E+03));
#3729 = CARTESIAN_POINT('',(-4.767050632177,-1.472883773543E+03));
#3730 = CARTESIAN_POINT('',(-4.75812196905,-1.477053334107E+03));
#3731 = CARTESIAN_POINT('',(-4.749169166058,-1.48122276804E+03));
#3732 = CARTESIAN_POINT('',(-4.740191509831,-1.485392071455E+03));
#3733 = CARTESIAN_POINT('',(-4.731188274384,-1.489561240284E+03));
#3734 = CARTESIAN_POINT('',(-4.722158719153,-1.493730270891E+03));
#3735 = CARTESIAN_POINT('',(-4.713102094663,-1.497899157143E+03));
#3736 = CARTESIAN_POINT('',(-4.704017632703,-1.502067894649E+03));
#3737 = CARTESIAN_POINT('',(-4.694904549459,-1.506236478952E+03));
#3738 = CARTESIAN_POINT('',(-4.685762045076,-1.510404905385E+03));
#3739 = CARTESIAN_POINT('',(-4.676589302779,-1.514573169111E+03));
#3740 = CARTESIAN_POINT('',(-4.667385488087,-1.518741265111E+03));
#3741 = CARTESIAN_POINT('',(-4.658149747941,-1.522909188186E+03));
#3742 = CARTESIAN_POINT('',(-4.648881209811,-1.527076932955E+03));
#3743 = CARTESIAN_POINT('',(-4.639578980749,-1.531244493856E+03));
#3744 = CARTESIAN_POINT('',(-4.630242146396,-1.535411865144E+03));
#3745 = CARTESIAN_POINT('',(-4.620869769941,-1.539579040891E+03));
#3746 = CARTESIAN_POINT('',(-4.61146089102,-1.543746014983E+03));
#3747 = CARTESIAN_POINT('',(-4.602014524563,-1.547912781121E+03));
#3748 = CARTESIAN_POINT('',(-4.592529659576,-1.552079332818E+03));
#3749 = CARTESIAN_POINT('',(-4.583005257856,-1.556245663403E+03));
#3750 = CARTESIAN_POINT('',(-4.57344025267,-1.560411766004E+03));
#3751 = CARTESIAN_POINT('',(-4.563833547247,-1.564577633594E+03));
#3752 = CARTESIAN_POINT('',(-4.554184013633,-1.568743258831E+03));
#3753 = CARTESIAN_POINT('',(-4.544490489851,-1.572908634634E+03));
#3754 = CARTESIAN_POINT('',(-4.534751785956,-1.577073750705E+03));
#3755 = CARTESIAN_POINT('',(-4.524966669046,-1.581238599502E+03));
#3756 = CARTESIAN_POINT('',(-4.51513386876,-1.585403172781E+03));
#3757 = CARTESIAN_POINT('',(-4.505252074759,-1.589567461886E+03));
#3758 = CARTESIAN_POINT('',(-4.49531993481,-1.593731457665E+03));
#3759 = CARTESIAN_POINT('',(-4.48533605253,-1.597895150489E+03));
#3760 = CARTESIAN_POINT('',(-4.475298985022,-1.602058530238E+03));
#3761 = CARTESIAN_POINT('',(-4.465207240329,-1.606221586303E+03));
#3762 = CARTESIAN_POINT('',(-4.455059274698,-1.610384307573E+03));
#3763 = CARTESIAN_POINT('',(-4.444853489659,-1.614546682434E+03));
#3764 = CARTESIAN_POINT('',(-4.434588228882,-1.618708698761E+03));
#3765 = CARTESIAN_POINT('',(-4.424261774851,-1.622870343901E+03));
#3766 = CARTESIAN_POINT('',(-4.413872345165,-1.62703160471E+03));
#3767 = CARTESIAN_POINT('',(-4.403418089131,-1.631192467379E+03));
#3768 = CARTESIAN_POINT('',(-4.392897082129,-1.635352918038E+03));
#3769 = CARTESIAN_POINT('',(-4.382307327058,-1.639512940467E+03));
#3770 = CARTESIAN_POINT('',(-4.371646728116,-1.643672524592E+03));
#3771 = CARTESIAN_POINT('',(-4.36091317271,-1.647831632299E+03));
#3772 = CARTESIAN_POINT('',(-4.350104402618,-1.65199024611E+03));
#3773 = CARTESIAN_POINT('',(-4.339218044235,-1.656148354299E+03));
#3774 = CARTESIAN_POINT('',(-4.328251627257,-1.660305941175E+03));
#3775 = CARTESIAN_POINT('',(-4.317202571292,-1.664462989655E+03));
#3776 = CARTESIAN_POINT('',(-4.306068180223,-1.668619480535E+03));
#3777 = CARTESIAN_POINT('',(-4.294845633607,-1.672775392649E+03));
#3778 = CARTESIAN_POINT('',(-4.283531977939,-1.676930702774E+03));
#3779 = CARTESIAN_POINT('',(-4.272124116928,-1.681085385611E+03));
#3780 = CARTESIAN_POINT('',(-4.260618800939,-1.685239413737E+03));
#3781 = CARTESIAN_POINT('',(-4.249012615437,-1.689392757554E+03));
#3782 = CARTESIAN_POINT('',(-4.237301968335,-1.693545385244E+03));
#3783 = CARTESIAN_POINT('',(-4.225483076115,-1.697697262706E+03));
#3784 = CARTESIAN_POINT('',(-4.213551948549,-1.701848353499E+03));
#3785 = CARTESIAN_POINT('',(-4.201504371837,-1.705998618771E+03));
#3786 = CARTESIAN_POINT('',(-4.189335889963,-1.710148017186E+03));
#3787 = CARTESIAN_POINT('',(-4.177041783951,-1.714296504842E+03));
#3788 = CARTESIAN_POINT('',(-4.164617048954,-1.718444035148E+03));
#3789 = CARTESIAN_POINT('',(-4.152056368145,-1.722590558855E+03));
#3790 = CARTESIAN_POINT('',(-4.139354085642,-1.726736023435E+03));
#3791 = CARTESIAN_POINT('',(-4.126504168477,-1.730880374826E+03));
#3792 = CARTESIAN_POINT('',(-4.113500193015,-1.735023550308E+03));
#3793 = CARTESIAN_POINT('',(-4.100335221564,-1.739165504389E+03));
#3794 = CARTESIAN_POINT('',(-4.087002104878,-1.743306099771E+03));
#3795 = CARTESIAN_POINT('',(-4.073492929827,-1.747445266254E+03));
#3796 = CARTESIAN_POINT('',(-4.05979915261,-1.751582936558E+03));
#3797 = CARTESIAN_POINT('',(-4.045911603622,-1.755719025252E+03));
#3798 = CARTESIAN_POINT('',(-4.031820395082,-1.75985343379E+03));
#3799 = CARTESIAN_POINT('',(-4.017514839811,-1.763986048456E+03));
#3800 = CARTESIAN_POINT('',(-4.00298335052,-1.768116740094E+03));
#3801 = CARTESIAN_POINT('',(-3.988213325044,-1.772245363244E+03));
#3802 = CARTESIAN_POINT('',(-3.973191012376,-1.776371755242E+03));
#3803 = CARTESIAN_POINT('',(-3.957901354666,-1.78049573532E+03));
#3804 = CARTESIAN_POINT('',(-3.942327803201,-1.784617102804E+03));
#3805 = CARTESIAN_POINT('',(-3.926452087573,-1.788735637789E+03));
#3806 = CARTESIAN_POINT('',(-3.910253982102,-1.792851091381E+03));
#3807 = CARTESIAN_POINT('',(-3.893710864736,-1.796963213456E+03));
#3808 = CARTESIAN_POINT('',(-3.876797796926,-1.801071635973E+03));
#3809 = CARTESIAN_POINT('',(-3.85948660717,-1.805175982504E+03));
#3810 = CARTESIAN_POINT('',(-3.841745403217,-1.809275840121E+03));
#3811 = CARTESIAN_POINT('',(-3.823538099698,-1.813370695013E+03));
#3812 = CARTESIAN_POINT('',(-3.804823467054,-1.817459941595E+03));
#3813 = CARTESIAN_POINT('',(-3.785554042963,-1.821542861639E+03));
#3814 = CARTESIAN_POINT('',(-3.765674526438,-1.825618635809E+03));
#3815 = CARTESIAN_POINT('',(-3.74512086017,-1.829686125384E+03));
#3816 = CARTESIAN_POINT('',(-3.723816050423,-1.833744176852E+03));
#3817 = CARTESIAN_POINT('',(-3.701668612557,-1.837791193329E+03));
#3818 = CARTESIAN_POINT('',(-3.678567812847,-1.841825112596E+03));
#3819 = CARTESIAN_POINT('',(-3.654376464943,-1.845843394126E+03));
#3820 = CARTESIAN_POINT('',(-3.628923314885,-1.849842531944E+03));
#3821 = CARTESIAN_POINT('',(-3.601987938297,-1.853817904134E+03));
#3822 = CARTESIAN_POINT('',(-3.57328172662,-1.857762880085E+03));
#3823 = CARTESIAN_POINT('',(-3.542412877814,-1.861667707044E+03));
#3824 = CARTESIAN_POINT('',(-3.508832669498,-1.865517641159E+03));
#3825 = CARTESIAN_POINT('',(-3.471715627898,-1.869288181622E+03));
#3826 = CARTESIAN_POINT('',(-3.429842946965,-1.872934984654E+03));
#3827 = CARTESIAN_POINT('',(-3.380897587261,-1.876370241056E+03));
#3828 = CARTESIAN_POINT('',(-3.321769733205,-1.87937796085E+03));
#3829 = CARTESIAN_POINT('',(-3.243386569567,-1.881362938558E+03));
#3830 = CARTESIAN_POINT('',(-3.1559933023,-1.880537630918E+03));
#3831 = CARTESIAN_POINT('',(-3.089434351629,-1.877848170389E+03));
#3832 = CARTESIAN_POINT('',(-3.036081769959,-1.874586181916E+03));
#3833 = CARTESIAN_POINT('',(-2.991174597995,-1.871019573391E+03));
#3834 = CARTESIAN_POINT('',(-2.951905438394,-1.867300076879E+03));
#3835 = CARTESIAN_POINT('',(-2.916685126904,-1.863482635616E+03));
#3836 = CARTESIAN_POINT('',(-2.884514535968,-1.859600215007E+03));
#3837 = CARTESIAN_POINT('',(-2.854741408361,-1.855671460541E+03));
#3838 = CARTESIAN_POINT('',(-2.826907415924,-1.851708134207E+03));
#3839 = CARTESIAN_POINT('',(-2.800680917069,-1.847718061368E+03));
#3840 = CARTESIAN_POINT('',(-2.775813104222,-1.843706776687E+03));
#3841 = CARTESIAN_POINT('',(-2.752111928874,-1.839678279022E+03));
#3842 = CARTESIAN_POINT('',(-2.729425299203,-1.835635477612E+03));
#3843 = CARTESIAN_POINT('',(-2.707631382772,-1.831580700895E+03));
#3844 = CARTESIAN_POINT('',(-2.686629902017,-1.82751567189E+03));
#3845 = CARTESIAN_POINT('',(-2.666338054745,-1.82344183987E+03));
#3846 = CARTESIAN_POINT('',(-2.646686120689,-1.819360363009E+03));
#3847 = CARTESIAN_POINT('',(-2.627614549378,-1.815272123016E+03));
#3848 = CARTESIAN_POINT('',(-2.609072389826,-1.811177877112E+03));
#3849 = CARTESIAN_POINT('',(-2.591015914239,-1.807078341221E+03));
#3850 = CARTESIAN_POINT('',(-2.573406563236,-1.802974031211E+03));
#3851 = CARTESIAN_POINT('',(-2.556210665541,-1.798865427181E+03));
#3852 = CARTESIAN_POINT('',(-2.539398445243,-1.794752938698E+03));
#3853 = CARTESIAN_POINT('',(-2.522943432711,-1.790636919767E+03));
#3854 = CARTESIAN_POINT('',(-2.506821965155,-1.786517675526E+03));
#3855 = CARTESIAN_POINT('',(-2.491012700565,-1.782395445865E+03));
#3856 = CARTESIAN_POINT('',(-2.475496562548,-1.778270485342E+03));
#3857 = CARTESIAN_POINT('',(-2.460256290266,-1.774143022919E+03));
#3858 = CARTESIAN_POINT('',(-2.445276060167,-1.770013226059E+03));
#3859 = CARTESIAN_POINT('',(-2.430541505084,-1.765881260065E+03));
#3860 = CARTESIAN_POINT('',(-2.416039482138,-1.761747273525E+03));
#3861 = CARTESIAN_POINT('',(-2.401757941865,-1.757611403349E+03));
#3862 = CARTESIAN_POINT('',(-2.387685798648,-1.753473774398E+03));
#3863 = CARTESIAN_POINT('',(-2.373812824502,-1.749334500416E+03));
#3864 = CARTESIAN_POINT('',(-2.360129556272,-1.7451936845E+03));
#3865 = CARTESIAN_POINT('',(-2.346627215568,-1.741051419603E+03));
#3866 = CARTESIAN_POINT('',(-2.333297638786,-1.736907788923E+03));
#3867 = CARTESIAN_POINT('',(-2.32013321612,-1.732762866356E+03));
#3868 = CARTESIAN_POINT('',(-2.307126836852,-1.728616716491E+03));
#3869 = CARTESIAN_POINT('',(-2.294271845571,-1.724469396117E+03));
#3870 = CARTESIAN_POINT('',(-2.281561988274,-1.720320949891E+03));
#3871 = CARTESIAN_POINT('',(-2.268991576108,-1.716171477813E+03));
#3872 = CARTESIAN_POINT('',(-2.256555098978,-1.712021019953E+03));
#3873 = CARTESIAN_POINT('',(-2.244247401924,-1.707869623299E+03));
#3874 = CARTESIAN_POINT('',(-2.232063621828,-1.703717330149E+03));
#3875 = CARTESIAN_POINT('',(-2.21999917291,-1.699564181329E+03));
#3876 = CARTESIAN_POINT('',(-2.208049722237,-1.695410215437E+03));
#3877 = CARTESIAN_POINT('',(-2.196211170689,-1.691255469137E+03));
#3878 = CARTESIAN_POINT('',(-2.184479634938,-1.687099977163E+03));
#3879 = CARTESIAN_POINT('',(-2.172851431363,-1.682943772392E+03));
#3880 = CARTESIAN_POINT('',(-2.161323061409,-1.678786885894E+03));
#3881 = CARTESIAN_POINT('',(-2.149891198307,-1.674629346981E+03));
#3882 = CARTESIAN_POINT('',(-2.138552674976,-1.67047118325E+03));
#3883 = CARTESIAN_POINT('',(-2.12730447299,-1.666312420624E+03));
#3884 = CARTESIAN_POINT('',(-2.116143712484,-1.662153083386E+03));
#3885 = CARTESIAN_POINT('',(-2.105067642902,-1.657993194216E+03));
#3886 = CARTESIAN_POINT('',(-2.094073634501,-1.653832774221E+03));
#3887 = CARTESIAN_POINT('',(-2.083159170522,-1.649671842959E+03));
#3888 = CARTESIAN_POINT('',(-2.072321840022,-1.645510418479E+03));
#3889 = CARTESIAN_POINT('',(-2.061559331131,-1.641348517306E+03));
#3890 = CARTESIAN_POINT('',(-2.050869425284,-1.6371861546E+03));
#3891 = CARTESIAN_POINT('',(-2.040249990297,-1.633023343662E+03));
#3892 = CARTESIAN_POINT('',(-2.029698979964,-1.628860097888E+03));
#3893 = CARTESIAN_POINT('',(-2.019214411438,-1.624696423558E+03));
#3894 = CARTESIAN_POINT('',(-2.008794456382,-1.620532358383E+03));
#3895 = CARTESIAN_POINT('',(-1.998437291877,-1.616367913825E+03));
#3896 = CARTESIAN_POINT('',(-1.988141163196,-1.612203101424E+03));
#3897 = CARTESIAN_POINT('',(-1.977904378757,-1.608037932326E+03));
#3898 = CARTESIAN_POINT('',(-1.967725307048,-1.603872417417E+03));
#3899 = CARTESIAN_POINT('',(-1.957602373305,-1.599706567288E+03));
#3900 = CARTESIAN_POINT('',(-1.947534056517,-1.595540392254E+03));
#3901 = CARTESIAN_POINT('',(-1.937518886588,-1.59137390235E+03));
#3902 = CARTESIAN_POINT('',(-1.927555441687,-1.58720710734E+03));
#3903 = CARTESIAN_POINT('',(-1.917642345752,-1.583040016715E+03));
#3904 = CARTESIAN_POINT('',(-1.907778266155,-1.5788726397E+03));
#3905 = CARTESIAN_POINT('',(-1.897961911507,-1.574704985255E+03));
#3906 = CARTESIAN_POINT('',(-1.888192029588,-1.570537062078E+03));
#3907 = CARTESIAN_POINT('',(-1.878467405404,-1.566368878606E+03));
#3908 = CARTESIAN_POINT('',(-1.868786859359,-1.56220044302E+03));
#3909 = CARTESIAN_POINT('',(-1.859149245524,-1.558031763247E+03));
#3910 = CARTESIAN_POINT('',(-1.849553450012,-1.553862846959E+03));
#3911 = CARTESIAN_POINT('',(-1.839998389435,-1.549693701579E+03));
#3912 = CARTESIAN_POINT('',(-1.830483009447,-1.545524334278E+03));
#3913 = CARTESIAN_POINT('',(-1.821006283372,-1.541354751983E+03));
#3914 = CARTESIAN_POINT('',(-1.811567210889,-1.537184961372E+03));
#3915 = CARTESIAN_POINT('',(-1.802164816801,-1.53301496888E+03));
#3916 = CARTESIAN_POINT('',(-1.792798149851,-1.5288447807E+03));
#3917 = CARTESIAN_POINT('',(-1.783466281611,-1.524674402784E+03));
#3918 = CARTESIAN_POINT('',(-1.774168305412,-1.520503840841E+03));
#3919 = CARTESIAN_POINT('',(-1.764903335335,-1.516333100343E+03));
#3920 = CARTESIAN_POINT('',(-1.755670505243,-1.512162186526E+03));
#3921 = CARTESIAN_POINT('',(-1.746468967866,-1.507991104387E+03));
#3922 = CARTESIAN_POINT('',(-1.737297893914,-1.503819858688E+03));
#3923 = CARTESIAN_POINT('',(-1.728156471249,-1.499648453958E+03));
#3924 = CARTESIAN_POINT('',(-1.719043904073,-1.495476894491E+03));
#3925 = CARTESIAN_POINT('',(-1.709959412168,-1.491305184348E+03));
#3926 = CARTESIAN_POINT('',(-1.70090223016,-1.487133327361E+03));
#3927 = CARTESIAN_POINT('',(-1.691871606807,-1.482961327128E+03));
#3928 = CARTESIAN_POINT('',(-1.682866804348,-1.478789187023E+03));
#3929 = CARTESIAN_POINT('',(-1.673887097775,-1.474616910165E+03));
#3930 = CARTESIAN_POINT('',(-1.664931774477,-1.470444499542E+03));
#3931 = CARTESIAN_POINT('',(-1.656000132636,-1.466271957547E+03));
#3932 = CARTESIAN_POINT('',(-1.647091484367,-1.462099287715E+03));
#3933 = CARTESIAN_POINT('',(-1.638205176177,-1.45792650463E+03));
#3934 = CARTESIAN_POINT('',(-1.629340536025,-1.453753609376E+03));
#3935 = CARTESIAN_POINT('',(-1.620496907871,-1.449580605916E+03));
#3936 = CARTESIAN_POINT('',(-1.611673643285,-1.445407497414E+03));
#3937 = CARTESIAN_POINT('',(-1.60287010306,-1.441234287222E+03));
#3938 = CARTESIAN_POINT('',(-1.594085656166,-1.437060978613E+03));
#3939 = CARTESIAN_POINT('',(-1.585319679434,-1.432887574853E+03));
#3940 = CARTESIAN_POINT('',(-1.576571557057,-1.428714079182E+03));
#3941 = CARTESIAN_POINT('',(-1.567840680158,-1.424540494818E+03));
#3942 = CARTESIAN_POINT('',(-1.559126446354,-1.420366824956E+03));
#3943 = CARTESIAN_POINT('',(-1.550428259332,-1.41619307277E+03));
#3944 = CARTESIAN_POINT('',(-1.541745528434,-1.412019241407E+03));
#3945 = CARTESIAN_POINT('',(-1.533077668253,-1.407845333995E+03));
#3946 = CARTESIAN_POINT('',(-1.524424098236,-1.403671353637E+03));
#3947 = CARTESIAN_POINT('',(-1.51578424229,-1.399497303411E+03));
#3948 = CARTESIAN_POINT('',(-1.507157528401,-1.395323186373E+03));
#3949 = CARTESIAN_POINT('',(-1.498543388254,-1.391149005556E+03));
#3950 = CARTESIAN_POINT('',(-1.489941256858,-1.386974763968E+03));
#3951 = CARTESIAN_POINT('',(-1.481350572176,-1.382800464594E+03));
#3952 = CARTESIAN_POINT('',(-1.472770774763,-1.378626110395E+03));
#3953 = CARTESIAN_POINT('',(-1.464201307396,-1.374451704307E+03));
#3954 = CARTESIAN_POINT('',(-1.455641614715,-1.370277249244E+03));
#3955 = CARTESIAN_POINT('',(-1.447091142865,-1.366102748095E+03));
#3956 = CARTESIAN_POINT('',(-1.438549339132,-1.361928203725E+03));
#3957 = CARTESIAN_POINT('',(-1.430015651587,-1.357753618975E+03));
#3958 = CARTESIAN_POINT('',(-1.421489528724,-1.353578996664E+03));
#3959 = CARTESIAN_POINT('',(-1.412970419099,-1.349404339585E+03));
#3960 = CARTESIAN_POINT('',(-1.404457770966,-1.345229650508E+03));
#3961 = CARTESIAN_POINT('',(-1.395951031913,-1.341054932178E+03));
#3962 = CARTESIAN_POINT('',(-1.387449648491,-1.33688018732E+03));
#3963 = CARTESIAN_POINT('',(-1.378953065846,-1.332705418632E+03));
#3964 = CARTESIAN_POINT('',(-1.370460727337,-1.328530628789E+03));
#3965 = CARTESIAN_POINT('',(-1.361972074159,-1.324355820445E+03));
#3966 = CARTESIAN_POINT('',(-1.353486544958,-1.32018099623E+03));
#3967 = CARTESIAN_POINT('',(-1.345003575431,-1.316006158746E+03));
#3968 = CARTESIAN_POINT('',(-1.336522597956,-1.311831310587E+03));
#3969 = CARTESIAN_POINT('',(-1.328043041092,-1.307656454283E+03));
#3970 = CARTESIAN_POINT('',(-1.319564329509,-1.303481592481E+03));
#3971 = CARTESIAN_POINT('',(-1.311085882324,-1.299306727302E+03));
#3972 = CARTESIAN_POINT('',(-1.302607120072,-1.295131864125E+03));
#3973 = CARTESIAN_POINT('',(-1.294127452552,-1.290957005632E+03));
#3974 = CARTESIAN_POINT('',(-1.285646284053,-1.286782154728E+03));
#3975 = CARTESIAN_POINT('',(-1.277163012478,-1.28260731433E+03));
#3976 = CARTESIAN_POINT('',(-1.268677028973,-1.278432487425E+03));
#3977 = CARTESIAN_POINT('',(-1.260187717397,-1.274257677054E+03));
#3978 = CARTESIAN_POINT('',(-1.251694453814,-1.270082886318E+03));
#3979 = CARTESIAN_POINT('',(-1.243196605945,-1.26590811838E+03));
#3980 = CARTESIAN_POINT('',(-1.234693532606,-1.26173337646E+03));
#3981 = CARTESIAN_POINT('',(-1.226184583123,-1.25755866384E+03));
#3982 = CARTESIAN_POINT('',(-1.217669096714,-1.253383983867E+03));
#3983 = CARTESIAN_POINT('',(-1.209146401854,-1.249209339948E+03));
#3984 = CARTESIAN_POINT('',(-1.200615815604,-1.245034735556E+03));
#3985 = CARTESIAN_POINT('',(-1.192076642918,-1.240860174231E+03));
#3986 = CARTESIAN_POINT('',(-1.183528175911,-1.236685659577E+03));
#3987 = CARTESIAN_POINT('',(-1.174969693106,-1.23251119527E+03));
#3988 = CARTESIAN_POINT('',(-1.166400458633,-1.22833678505E+03));
#3989 = CARTESIAN_POINT('',(-1.157819721439,-1.224162432743E+03));
#3990 = CARTESIAN_POINT('',(-1.149226714304,-1.219988142198E+03));
#3991 = CARTESIAN_POINT('',(-1.140620653409,-1.215813917519E+03));
#3992 = CARTESIAN_POINT('',(-1.132000735684,-1.211639762212E+03));
#3993 = CARTESIAN_POINT('',(-1.123366151832,-1.207465686172E+03));
#3994 = CARTESIAN_POINT('',(-1.114716057815,-1.20329169208E+03));
#3995 = CARTESIAN_POINT('',(-1.106049590414,-1.199117783759E+03));
#3996 = CARTESIAN_POINT('',(-1.09736586386,-1.194943965052E+03));
#3997 = CARTESIAN_POINT('',(-1.088663969202,-1.190770240126E+03));
#3998 = CARTESIAN_POINT('',(-1.07994297283,-1.186596613398E+03));
#3999 = CARTESIAN_POINT('',(-1.071201915108,-1.182423089561E+03));
#4000 = CARTESIAN_POINT('',(-1.062439808861,-1.178249673578E+03));
#4001 = CARTESIAN_POINT('',(-1.053655637778,-1.174076370697E+03));
#4002 = CARTESIAN_POINT('',(-1.044848354702,-1.16990318645E+03));
#4003 = CARTESIAN_POINT('',(-1.036016879817,-1.16573012666E+03));
#4004 = CARTESIAN_POINT('',(-1.02716009871,-1.161557197451E+03));
#4005 = CARTESIAN_POINT('',(-1.018276860312,-1.157384405251E+03));
#4006 = CARTESIAN_POINT('',(-1.009365974688,-1.153211756798E+03));
#4007 = CARTESIAN_POINT('',(-1.000426210695,-1.149039259156E+03));
#4008 = CARTESIAN_POINT('',(-0.991456293455,-1.144866919712E+03));
#4009 = CARTESIAN_POINT('',(-0.982454901657,-1.140694746195E+03));
#4010 = CARTESIAN_POINT('',(-0.973420664661,-1.13652274668E+03));
#4011 = CARTESIAN_POINT('',(-0.964352159376,-1.132350929601E+03));
#4012 = CARTESIAN_POINT('',(-0.9552479069,-1.128179303759E+03));
#4013 = CARTESIAN_POINT('',(-0.946106368899,-1.124007878338E+03));
#4014 = CARTESIAN_POINT('',(-0.93692594368,-1.119836662918E+03));
#4015 = CARTESIAN_POINT('',(-0.92770496196,-1.115665667487E+03));
#4016 = CARTESIAN_POINT('',(-0.918441682263,-1.111494902457E+03));
#4017 = CARTESIAN_POINT('',(-0.909134285952,-1.107324378682E+03));
#4018 = CARTESIAN_POINT('',(-0.899780871802,-1.103154107472E+03));
#4019 = CARTESIAN_POINT('',(-0.890379450205,-1.09898410064E+03));
#4020 = CARTESIAN_POINT('',(-0.880927936533,-1.094814370403E+03));
#4021 = CARTESIAN_POINT('',(-0.871424145212,-1.090644929866E+03));
#4022 = CARTESIAN_POINT('',(-0.86186577849,-1.086475791332E+03));
#4023 = CARTESIAN_POINT('',(-0.852250437148,-1.082306975184E+03));
#4024 = CARTESIAN_POINT('',(-0.842575584577,-1.07813849694E+03));
#4025 = CARTESIAN_POINT('',(-0.832838547238,-1.073970373501E+03));
#4026 = CARTESIAN_POINT('',(-0.823036505185,-1.069802623164E+03));
#4027 = CARTESIAN_POINT('',(-0.813166480217,-1.06563526568E+03));
#4028 = CARTESIAN_POINT('',(-0.803225322555,-1.061468322315E+03));
#4029 = CARTESIAN_POINT('',(-0.793209695706,-1.057301815915E+03));
#4030 = CARTESIAN_POINT('',(-0.783116059528,-1.053135770987E+03));
#4031 = CARTESIAN_POINT('',(-0.772940651403,-1.048970213782E+03));
#4032 = CARTESIAN_POINT('',(-0.762679465537,-1.044805172381E+03));
#4033 = CARTESIAN_POINT('',(-0.752328230043,-1.040640676838E+03));
#4034 = CARTESIAN_POINT('',(-0.74188238288,-1.036476759128E+03));
#4035 = CARTESIAN_POINT('',(-0.731337052741,-1.032313459062E+03));
#4036 = CARTESIAN_POINT('',(-0.720686998293,-1.028150812412E+03));
#4037 = CARTESIAN_POINT('',(-0.709926594301,-1.023988860712E+03));
#4038 = CARTESIAN_POINT('',(-0.699049784013,-1.01982764975E+03));
#4039 = CARTESIAN_POINT('',(-0.688050031727,-1.015667230278E+03));
#4040 = CARTESIAN_POINT('',(-0.676920266764,-1.011507658261E+03));
#4041 = CARTESIAN_POINT('',(-0.665652818166,-1.007348995012E+03));
#4042 = CARTESIAN_POINT('',(-0.654239342098,-1.003191308502E+03));
#4043 = CARTESIAN_POINT('',(-0.64267072471,-999.034670442));
#4044 = CARTESIAN_POINT('',(-0.630937017239,-994.8791694986));
#4045 = CARTESIAN_POINT('',(-0.619027285307,-990.7249017602));
#4046 = CARTESIAN_POINT('',(-0.606929449186,-986.5719641144));
#4047 = CARTESIAN_POINT('',(-0.5946301652,-982.4204741864));
#4048 = CARTESIAN_POINT('',(-0.582114611811,-978.2705667835));
#4049 = CARTESIAN_POINT('',(-0.569366249879,-974.1223963407));
#4050 = CARTESIAN_POINT('',(-0.556366530399,-969.9761403207));
#4051 = CARTESIAN_POINT('',(-0.543094504349,-965.8319949839));
#4052 = CARTESIAN_POINT('',(-0.529526456603,-961.6902034824));
#4053 = CARTESIAN_POINT('',(-0.515635329565,-957.5510586444));
#4054 = CARTESIAN_POINT('',(-0.501389837835,-953.4148548548));
#4055 = CARTESIAN_POINT('',(-0.486753821443,-949.281984799));
#4056 = CARTESIAN_POINT('',(-0.47168498386,-945.1529253965));
#4057 = CARTESIAN_POINT('',(-0.456133346222,-941.0282630547));
#4058 = CARTESIAN_POINT('',(-0.440038965997,-936.9086860452));
#4059 = CARTESIAN_POINT('',(-0.423329422645,-932.7951191389));
#4060 = CARTESIAN_POINT('',(-0.405915343805,-928.6887022857));
#4061 = CARTESIAN_POINT('',(-0.387684781826,-924.5909514487));
#4062 = CARTESIAN_POINT('',(-0.368494607701,-920.5039906237));
#4063 = CARTESIAN_POINT('',(-0.348155707478,-916.4305292145));
#4064 = CARTESIAN_POINT('',(-0.326413271994,-912.3751386679));
#4065 = CARTESIAN_POINT('',(-0.302900514356,-908.342671494));
#4066 = CARTESIAN_POINT('',(-0.277094636571,-904.349046363));
#4067 = CARTESIAN_POINT('',(-0.24806910407,-900.3920847265));
#4068 = CARTESIAN_POINT('',(-0.214539531957,-896.5869515711));
#4069 = CARTESIAN_POINT('',(-0.182292816874,-893.7212568115));
#4070 = CARTESIAN_POINT('',(-0.149394373778,-891.5168425518));
#4071 = CARTESIAN_POINT('',(-0.102530805741,-889.5545587395));
#4072 = CARTESIAN_POINT('',(-4.204755968458E-02,-889.8883133894));
#4073 = CARTESIAN_POINT('',(-1.043539001335E-02,-891.0854549549));
#4074 = CARTESIAN_POINT('',(0.,-891.9261951685));
#4075 = ( GEOMETRIC_REPRESENTATION_CONTEXT(2) 
PARAMETRIC_REPRESENTATION_CONTEXT() REPRESENTATION_CONTEXT('2D SPACE',''
  ) );
#4076 = FACE_BOUND('',#4077,.T.);
#4077 = EDGE_LOOP('',(#4078));
#4078 = ORIENTED_EDGE('',*,*,#4079,.T.);
#4079 = EDGE_CURVE('',#4080,#4080,#4082,.T.);
#4080 = VERTEX_POINT('',#4081);
#4081 = CARTESIAN_POINT('',(-891.9261951686,1.5E+03,180.));
#4082 = SURFACE_CURVE('',#4083,(#4443,#4912),.PCURVE_S1.);
#4083 = B_SPLINE_CURVE_WITH_KNOTS('',8,(#4084,#4085,#4086,#4087,#4088,
    #4089,#4090,#4091,#4092,#4093,#4094,#4095,#4096,#4097,#4098,#4099,
    #4100,#4101,#4102,#4103,#4104,#4105,#4106,#4107,#4108,#4109,#4110,
    #4111,#4112,#4113,#4114,#4115,#4116,#4117,#4118,#4119,#4120,#4121,
    #4122,#4123,#4124,#4125,#4126,#4127,#4128,#4129,#4130,#4131,#4132,
    #4133,#4134,#4135,#4136,#4137,#4138,#4139,#4140,#4141,#4142,#4143,
    #4144,#4145,#4146,#4147,#4148,#4149,#4150,#4151,#4152,#4153,#4154,
    #4155,#4156,#4157,#4158,#4159,#4160,#4161,#4162,#4163,#4164,#4165,
    #4166,#4167,#4168,#4169,#4170,#4171,#4172,#4173,#4174,#4175,#4176,
    #4177,#4178,#4179,#4180,#4181,#4182,#4183,#4184,#4185,#4186,#4187,
    #4188,#4189,#4190,#4191,#4192,#4193,#4194,#4195,#4196,#4197,#4198,
    #4199,#4200,#4201,#4202,#4203,#4204,#4205,#4206,#4207,#4208,#4209,
    #4210,#4211,#4212,#4213,#4214,#4215,#4216,#4217,#4218,#4219,#4220,
    #4221,#4222,#4223,#4224,#4225,#4226,#4227,#4228,#4229,#4230,#4231,
    #4232,#4233,#4234,#4235,#4236,#4237,#4238,#4239,#4240,#4241,#4242,
    #4243,#4244,#4245,#4246,#4247,#4248,#4249,#4250,#4251,#4252,#4253,
    #4254,#4255,#4256,#4257,#4258,#4259,#4260,#4261,#4262,#4263,#4264,
    #4265,#4266,#4267,#4268,#4269,#4270,#4271,#4272,#4273,#4274,#4275,
    #4276,#4277,#4278,#4279,#4280,#4281,#4282,#4283,#4284,#4285,#4286,
    #4287,#4288,#4289,#4290,#4291,#4292,#4293,#4294,#4295,#4296,#4297,
    #4298,#4299,#4300,#4301,#4302,#4303,#4304,#4305,#4306,#4307,#4308,
    #4309,#4310,#4311,#4312,#4313,#4314,#4315,#4316,#4317,#4318,#4319,
    #4320,#4321,#4322,#4323,#4324,#4325,#4326,#4327,#4328,#4329,#4330,
    #4331,#4332,#4333,#4334,#4335,#4336,#4337,#4338,#4339,#4340,#4341,
    #4342,#4343,#4344,#4345,#4346,#4347,#4348,#4349,#4350,#4351,#4352,
    #4353,#4354,#4355,#4356,#4357,#4358,#4359,#4360,#4361,#4362,#4363,
    #4364,#4365,#4366,#4367,#4368,#4369,#4370,#4371,#4372,#4373,#4374,
    #4375,#4376,#4377,#4378,#4379,#4380,#4381,#4382,#4383,#4384,#4385,
    #4386,#4387,#4388,#4389,#4390,#4391,#4392,#4393,#4394,#4395,#4396,
    #4397,#4398,#4399,#4400,#4401,#4402,#4403,#4404,#4405,#4406,#4407,
    #4408,#4409,#4410,#4411,#4412,#4413,#4414,#4415,#4416,#4417,#4418,
    #4419,#4420,#4421,#4422,#4423,#4424,#4425,#4426,#4427,#4428,#4429,
    #4430,#4431,#4432,#4433,#4434,#4435,#4436,#4437,#4438,#4439,#4440,
    #4441,#4442),.UNSPECIFIED.,.T.,.F.,(9,7,7,7,7,7,7,7,7,7,7,7,7,7,7,7,
    7,7,7,7,7,7,7,7,7,7,7,7,7,7,7,7,7,7,7,7,7,7,7,7,7,7,7,7,7,7,7,7,7,7,
    7,9),(0.,2.062277277155E-03,3.590304135364E-03,5.260299580241E-03,
    7.445875867498E-03,9.621547521882E-03,1.179721919916E-02,
    1.441232760282E-02,1.782252812846E-02,2.34761791137E-02,
    3.036036498491E-02,4.23816965229E-02,5.785625906708E-02,
    9.457271391629E-02,0.148857172793,0.21397821718,0.32480663705,
    0.379368322807,0.42422011203,0.451340612979,0.471175069028,
    0.481682887524,0.490267370955,0.495074933539,0.49917008109,
    0.501677558924,0.503853372929,0.505864870089,0.507716217032,
    0.509193944746,0.512085943655,0.515914538496,0.520526097009,
    0.526449614621,0.534230748631,0.547371266687,0.56517610963,
    0.599798980432,0.651246233229,0.744351796409,0.81591484376,
    0.869063714053,0.928539382698,0.950774501877,0.969087217739,
    0.980647515464,0.990175216126,0.995604312237,1.,1.002679883259,
    1.004887176369,1.007117730836),.UNSPECIFIED.);
#4084 = CARTESIAN_POINT('',(-891.9261951685,1.5E+03,180.));
#4085 = CARTESIAN_POINT('',(-891.6791569521,1.5E+03,180.30415507249));
#4086 = CARTESIAN_POINT('',(-891.4392216805,1.499998489686E+03,
    180.61906249442));
#4087 = CARTESIAN_POINT('',(-891.2071710099,1.499995281915E+03,
    180.94619710615));
#4088 = CARTESIAN_POINT('',(-890.9844322177,1.4999901398E+03,
    181.2868851092));
#4089 = CARTESIAN_POINT('',(-890.773087318,1.499982775354E+03,
    181.64231309303));
#4090 = CARTESIAN_POINT('',(-890.5758748778,1.499972849262E+03,
    182.01353009212));
#4091 = CARTESIAN_POINT('',(-890.3961845314,1.499959971803E+03,
    182.40144267355));
#4092 = CARTESIAN_POINT('',(-890.1208714543,1.499931652094E+03,
    183.1071513915));
#4093 = CARTESIAN_POINT('',(-890.0154984267,1.499917735399E+03,
    183.41715693482));
#4094 = CARTESIAN_POINT('',(-889.9238454896,1.499901802786E+03,
    183.73643964923));
#4095 = CARTESIAN_POINT('',(-889.8479689893,1.499883722322E+03,
    184.06419306358));
#4096 = CARTESIAN_POINT('',(-889.7898857742,1.499863402712E+03,
    184.39913217379));
#4097 = CARTESIAN_POINT('',(-889.7513014159,1.499840825693E+03,
    184.73940578725));
#4098 = CARTESIAN_POINT('',(-889.7332421184,1.499816090275E+03,
    185.08247330888));
#4099 = CARTESIAN_POINT('',(-889.7381566811,1.499760374018E+03,
    185.79923767655));
#4100 = CARTESIAN_POINT('',(-889.7651002912,1.499729009813E+03,
    186.17303278167));
#4101 = CARTESIAN_POINT('',(-889.816322177,1.499695716001E+03,
    186.54204588877));
#4102 = CARTESIAN_POINT('',(-889.8901605795,1.499660879082E+03,
    186.90330004305));
#4103 = CARTESIAN_POINT('',(-889.9841643823,1.499624884732E+03,
    187.25479430284));
#4104 = CARTESIAN_POINT('',(-890.0956287735,1.499588084167E+03,
    187.59528489381));
#4105 = CARTESIAN_POINT('',(-890.2219439014,1.49955077197E+03,
    187.92414721326));
#4106 = CARTESIAN_POINT('',(-890.5425422365,1.499463965785E+03,
    188.65633553394));
#4107 = CARTESIAN_POINT('',(-890.7458865763,1.499414235651E+03,
    189.05157227755));
#4108 = CARTESIAN_POINT('',(-890.966495154,1.499364278328E+03,
    189.42847776486));
#4109 = CARTESIAN_POINT('',(-891.2008758488,1.499314319229E+03,
    189.78840179148));
#4110 = CARTESIAN_POINT('',(-891.4462756398,1.499264513633E+03,
    190.13269997385));
#4111 = CARTESIAN_POINT('',(-891.7006402247,1.499214946434E+03,
    190.46278591082));
#4112 = CARTESIAN_POINT('',(-891.962603282,1.499165631849E+03,
    190.78014633949));
#4113 = CARTESIAN_POINT('',(-892.4991012413,1.499067617924E+03,
    191.39120136926));
#4114 = CARTESIAN_POINT('',(-892.7832662375,1.49901714611E+03,
    191.6960356412));
#4115 = CARTESIAN_POINT('',(-893.0839851128,1.4989650937E+03,
    192.00087044446));
#4116 = CARTESIAN_POINT('',(-893.4012872124,1.49891145602E+03,
    192.30570568143));
#4117 = CARTESIAN_POINT('',(-893.735202573,1.498856228169E+03,
    192.6105412524));
#4118 = CARTESIAN_POINT('',(-894.085761922,1.498799405016E+03,
    192.91537705555));
#4119 = CARTESIAN_POINT('',(-894.4529966781,1.498740981206E+03,
    193.22021298693));
#4120 = CARTESIAN_POINT('',(-895.2208812281,1.498620921098E+03,
    193.82988489721));
#4121 = CARTESIAN_POINT('',(-895.6215311416,1.498559284783E+03,
    194.13472090468));
#4122 = CARTESIAN_POINT('',(-896.0389207963,1.498496036624E+03,
    194.43955686345));
#4123 = CARTESIAN_POINT('',(-896.4730831583,1.498431170784E+03,
    194.74439267318));
#4124 = CARTESIAN_POINT('',(-896.9240520543,1.498364681177E+03,
    195.04922823265));
#4125 = CARTESIAN_POINT('',(-897.3918621724,1.498296561467E+03,
    195.35406343974));
#4126 = CARTESIAN_POINT('',(-897.8765490617,1.498226805064E+03,
    195.65889819147));
#4127 = CARTESIAN_POINT('',(-898.9810611313,1.498069584015E+03,
    196.33013622451));
#4128 = CARTESIAN_POINT('',(-899.5877972357,1.497984322286E+03,
    196.68401344114));
#4129 = CARTESIAN_POINT('',(-900.1977908027,1.497899565737E+03,
    197.02675692353));
#4130 = CARTESIAN_POINT('',(-900.8105970756,1.497815272907E+03,
    197.35944594493));
#4131 = CARTESIAN_POINT('',(-901.4258590358,1.497731408823E+03,
    197.68296884198));
#4132 = CARTESIAN_POINT('',(-902.0432912586,1.497647941985E+03,
    197.99808155299));
#4133 = CARTESIAN_POINT('',(-902.6626724001,1.497564842939E+03,
    198.30543496838));
#4134 = CARTESIAN_POINT('',(-904.0938590632,1.497374160424E+03,
    198.99703590982));
#4135 = CARTESIAN_POINT('',(-904.9068646128,1.497266820932E+03,
    199.37622678056));
#4136 = CARTESIAN_POINT('',(-905.7224488956,1.497160005217E+03,
    199.74443426102));
#4137 = CARTESIAN_POINT('',(-906.540288201,1.497053666704E+03,
    200.1026553444));
#4138 = CARTESIAN_POINT('',(-907.3601189129,1.496947766111E+03,
    200.45171949911));
#4139 = CARTESIAN_POINT('',(-908.1817269334,1.496842268768E+03,
    200.79233607766));
#4140 = CARTESIAN_POINT('',(-909.0049422721,1.496737143232E+03,
    201.1251186129));
#4141 = CARTESIAN_POINT('',(-911.1968603554,1.496458643443E+03,
    201.99022685223));
#4142 = CARTESIAN_POINT('',(-912.5680832869,1.496285875323E+03,
    202.50977751991));
#4143 = CARTESIAN_POINT('',(-913.9426701949,1.496113925313E+03,
    203.01171376123));
#4144 = CARTESIAN_POINT('',(-915.3201355597,1.495942696037E+03,
    203.49788535672));
#4145 = CARTESIAN_POINT('',(-916.7000954937,1.495772108109E+03,
    203.96978605276));
#4146 = CARTESIAN_POINT('',(-918.0822473997,1.49560209332E+03,
    204.42866599401));
#4147 = CARTESIAN_POINT('',(-919.4663611671,1.495432591644E+03,
    204.87558051059));
#4148 = CARTESIAN_POINT('',(-922.5398233338,1.495057711057E+03,
    205.84218022983));
#4149 = CARTESIAN_POINT('',(-924.2299882959,1.494852559165E+03,
    206.35651680784));
#4150 = CARTESIAN_POINT('',(-925.9224202478,1.494647997362E+03,
    206.85609772375));
#4151 = CARTESIAN_POINT('',(-927.6168431279,1.49444395037E+03,
    207.34223120016));
#4152 = CARTESIAN_POINT('',(-929.3130311874,1.494240355125E+03,
    207.81600673098));
#4153 = CARTESIAN_POINT('',(-931.0108001878,1.494037156964E+03,
    208.2783547431));
#4154 = CARTESIAN_POINT('',(-932.7100027507,1.493834307595E+03,
    208.73007812479));
#4155 = CARTESIAN_POINT('',(-937.3800148719,1.493278075183E+03,
    209.94337141733));
#4156 = CARTESIAN_POINT('',(-940.3534686294,1.49292532392E+03,
    210.68459912134));
#4157 = CARTESIAN_POINT('',(-943.3302449397,1.492573279507E+03,
    211.39931085652));
#4158 = CARTESIAN_POINT('',(-946.3098551379,1.492221771319E+03,
    212.0903052182));
#4159 = CARTESIAN_POINT('',(-949.2919144988,1.491870662006E+03,
    212.75982638468));
#4160 = CARTESIAN_POINT('',(-952.2761210481,1.491519835747E+03,
    213.40974014573));
#4161 = CARTESIAN_POINT('',(-955.2622465787,1.491169193192E+03,
    214.04160869972));
#4162 = CARTESIAN_POINT('',(-962.0962987745,1.490367399999E+03,
    215.44866316006));
#4163 = CARTESIAN_POINT('',(-965.9453188146,1.489916318629E+03,
    216.21286544036));
#4164 = CARTESIAN_POINT('',(-969.7967852611,1.489465218003E+03,
    216.95224551739));
#4165 = CARTESIAN_POINT('',(-973.6503802532,1.489013955519E+03,
    217.66903821207));
#4166 = CARTESIAN_POINT('',(-977.5058465302,1.488562413879E+03,
    218.36507981416));
#4167 = CARTESIAN_POINT('',(-981.3629764218,1.488110493274E+03,
    219.04192125532));
#4168 = CARTESIAN_POINT('',(-985.2216063246,1.487658107411E+03,
    219.70088488803));
#4169 = CARTESIAN_POINT('',(-998.2402344839,1.48613051882E+03,
    221.86695377392));
#4170 = CARTESIAN_POINT('',(-1.007406423418E+03,1.485052827324E+03,
    223.29658801003));
#4171 = CARTESIAN_POINT('',(-1.016578466092E+03,1.483971086858E+03,
    224.64736833324));
#4172 = CARTESIAN_POINT('',(-1.025755194909E+03,1.482884666606E+03,
    225.92901860376));
#4173 = CARTESIAN_POINT('',(-1.034935730155E+03,1.48179308434E+03,
    227.1490206934));
#4174 = CARTESIAN_POINT('',(-1.044119449291E+03,1.480695975666E+03,
    228.31303119109));
#4175 = CARTESIAN_POINT('',(-1.053305927252E+03,1.479593039259E+03,
    229.42564596803));
#4176 = CARTESIAN_POINT('',(-1.07608064783E+03,1.476844365499E+03,
    232.06508358306));
#4177 = CARTESIAN_POINT('',(-1.089671558527E+03,1.47519145539E+03,
    233.53533839158));
#4178 = CARTESIAN_POINT('',(-1.103266547414E+03,1.473524514168E+03,
    234.91337731246));
#4179 = CARTESIAN_POINT('',(-1.11686479936E+03,1.471843054541E+03,
    236.20717929298));
#4180 = CARTESIAN_POINT('',(-1.130465679414E+03,1.470146725389E+03,
    237.42278796605));
#4181 = CARTESIAN_POINT('',(-1.144068709596E+03,1.468435278485E+03,
    238.5647522232));
#4182 = CARTESIAN_POINT('',(-1.157673541098E+03,1.466708530583E+03,
    239.63663405315));
#4183 = CARTESIAN_POINT('',(-1.187602538967E+03,1.462876382357E+03,
    241.84629092003));
#4184 = CARTESIAN_POINT('',(-1.203927266214E+03,1.460764221452E+03,
    242.95449653551));
#4185 = CARTESIAN_POINT('',(-1.220253624926E+03,1.458629650651E+03,
    243.97057403253));
#4186 = CARTESIAN_POINT('',(-1.236581190848E+03,1.456472577842E+03,
    244.89766334423));
#4187 = CARTESIAN_POINT('',(-1.252909597864E+03,1.454292992301E+03,
    245.73783932751));
#4188 = CARTESIAN_POINT('',(-1.269238529311E+03,1.452090945213E+03,
    246.49236869909));
#4189 = CARTESIAN_POINT('',(-1.285567714412E+03,1.449866541673E+03,
    247.16181352164));
#4190 = CARTESIAN_POINT('',(-1.329687335372E+03,1.443796467867E+03,
    248.74056491954));
#4191 = CARTESIAN_POINT('',(-1.357477426814E+03,1.439908742236E+03,
    249.48841512395));
#4192 = CARTESIAN_POINT('',(-1.385266293482E+03,1.435957477128E+03,
    249.98946708196));
#4193 = CARTESIAN_POINT('',(-1.41305281685E+03,1.431943866608E+03,
    250.23828183225));
#4194 = CARTESIAN_POINT('',(-1.440835651589E+03,1.427869504388E+03,
    250.2252976811));
#4195 = CARTESIAN_POINT('',(-1.468613223837E+03,1.423736451714E+03,
    249.93614472445));
#4196 = CARTESIAN_POINT('',(-1.496383732018E+03,1.419547301742E+03,
    249.35101281926));
#4197 = CARTESIAN_POINT('',(-1.537812332717E+03,1.413217302242E+03,
    247.99193228845));
#4198 = CARTESIAN_POINT('',(-1.551477183808E+03,1.411116323753E+03,
    247.4646671278));
#4199 = CARTESIAN_POINT('',(-1.565139479702E+03,1.409003031608E+03,
    246.8549586761));
#4200 = CARTESIAN_POINT('',(-1.578798890369E+03,1.406877907753E+03,
    246.15870649742));
#4201 = CARTESIAN_POINT('',(-1.592454990846E+03,1.404741513112E+03,
    245.37109139059));
#4202 = CARTESIAN_POINT('',(-1.606107257836E+03,1.402594502508E+03,
    244.48641808209));
#4203 = CARTESIAN_POINT('',(-1.619755062845E+03,1.40043765312E+03,
    243.49780164014));
#4204 = CARTESIAN_POINT('',(-1.644612392504E+03,1.396491603992E+03,
    241.491271271));
#4205 = CARTESIAN_POINT('',(-1.655823461656E+03,1.394705307984E+03,
    240.50989211683));
#4206 = CARTESIAN_POINT('',(-1.667030545242E+03,1.39291354714E+03,
    239.44757328151));
#4207 = CARTESIAN_POINT('',(-1.678233132307E+03,1.391116940595E+03,
    238.29864488574));
#4208 = CARTESIAN_POINT('',(-1.689430511323E+03,1.389316231837E+03,
    237.0563941065));
#4209 = CARTESIAN_POINT('',(-1.700621747373E+03,1.387512331593E+03,
    235.71261570264));
#4210 = CARTESIAN_POINT('',(-1.711805659001E+03,1.385706363013E+03,
    234.25713733151));
#4211 = CARTESIAN_POINT('',(-1.72973795898E+03,1.382807456581E+03,
    231.7201220622));
#4212 = CARTESIAN_POINT('',(-1.736491853926E+03,1.381714900013E+03,
    230.71824069609));
#4213 = CARTESIAN_POINT('',(-1.743242124804E+03,1.380622472769E+03,
    229.66740400169));
#4214 = CARTESIAN_POINT('',(-1.749988348601E+03,1.379530560605E+03,
    228.56407766972));
#4215 = CARTESIAN_POINT('',(-1.756729958619E+03,1.378439629094E+03,
    227.40408270989));
#4216 = CARTESIAN_POINT('',(-1.763466232269E+03,1.377350239254E+03,
    226.1824399482));
#4217 = CARTESIAN_POINT('',(-1.770196263091E+03,1.376263082386E+03,
    224.89301479217));
#4218 = CARTESIAN_POINT('',(-1.781835467942E+03,1.374386257672E+03,
    222.52925077908));
#4219 = CARTESIAN_POINT('',(-1.786747947286E+03,1.373595155609E+03,
    221.49021921097));
#4220 = CARTESIAN_POINT('',(-1.791655970639E+03,1.372806086777E+03,
    220.40747431998));
#4221 = CARTESIAN_POINT('',(-1.796558977858E+03,1.372019468503E+03,
    219.27730055152));
#4222 = CARTESIAN_POINT('',(-1.801456198764E+03,1.371235813358E+03,
    218.09529449086));
#4223 = CARTESIAN_POINT('',(-1.806346615461E+03,1.37045576314E+03,
    216.85604078479));
#4224 = CARTESIAN_POINT('',(-1.811228925419E+03,1.369680122938E+03,
    215.55278603749));
#4225 = CARTESIAN_POINT('',(-1.818682715148E+03,1.368501994267E+03,
    213.44687766272));
#4226 = CARTESIAN_POINT('',(-1.821261217708E+03,1.36809555178E+03,
    212.69700833338));
#4227 = CARTESIAN_POINT('',(-1.82383665929E+03,1.367690825429E+03,
    211.92517129336));
#4228 = CARTESIAN_POINT('',(-1.826408717251E+03,1.367288006451E+03,
    211.12978201118));
#4229 = CARTESIAN_POINT('',(-1.828976982035E+03,1.366887322716E+03,
    210.30900462139));
#4230 = CARTESIAN_POINT('',(-1.831540947753E+03,1.366489045653E+03,
    209.46068971879));
#4231 = CARTESIAN_POINT('',(-1.83409999363E+03,1.366093503735E+03,
    208.58225201973));
#4232 = CARTESIAN_POINT('',(-1.838739338756E+03,1.365380537688E+03,
    206.92550406406));
#4233 = CARTESIAN_POINT('',(-1.840821441844E+03,1.365062080556E+03,
    206.15832933643));
#4234 = CARTESIAN_POINT('',(-1.842899295248E+03,1.364745953247E+03,
    205.36710317349));
#4235 = CARTESIAN_POINT('',(-1.844972386344E+03,1.364432420854E+03,
    204.54975928087));
#4236 = CARTESIAN_POINT('',(-1.847040027242E+03,1.364121812059E+03,
    203.70384942546));
#4237 = CARTESIAN_POINT('',(-1.849101336451E+03,1.363814530305E+03,
    202.82644988936));
#4238 = CARTESIAN_POINT('',(-1.851155193291E+03,1.363511081217E+03,
    201.91392986472));
#4239 = CARTESIAN_POINT('',(-1.854345358233E+03,1.363044716969E+03,
    200.42798703511));
#4240 = CARTESIAN_POINT('',(-1.855487743462E+03,1.362878717319E+03,
    199.88203195072));
#4241 = CARTESIAN_POINT('',(-1.856627041182E+03,1.362714252678E+03,
    199.32269538856));
#4242 = CARTESIAN_POINT('',(-1.857762933908E+03,1.362551460891E+03,
    198.74901262828));
#4243 = CARTESIAN_POINT('',(-1.858895025055E+03,1.362390505722E+03,
    198.15988073953));
#4244 = CARTESIAN_POINT('',(-1.86002283016E+03,1.362231581354E+03,
    197.55402364732));
#4245 = CARTESIAN_POINT('',(-1.861145760243E+03,1.362074920876E+03,
    196.92992599662));
#4246 = CARTESIAN_POINT('',(-1.863214846344E+03,1.361789540918E+03,
    195.73695129776));
#4247 = CARTESIAN_POINT('',(-1.864162458508E+03,1.361660132214E+03,
    195.17364277986));
#4248 = CARTESIAN_POINT('',(-1.865105533682E+03,1.361532756671E+03,
    194.5945884001));
#4249 = CARTESIAN_POINT('',(-1.866043527892E+03,1.361407624438E+03,
    193.99844987585));
#4250 = CARTESIAN_POINT('',(-1.866975724245E+03,1.361284994862E+03,
    193.3836783229));
#4251 = CARTESIAN_POINT('',(-1.867901215172E+03,1.361165184338E+03,
    192.74845897315));
#4252 = CARTESIAN_POINT('',(-1.868818860512E+03,1.361048584691E+03,
    192.09058101424));
#4253 = CARTESIAN_POINT('',(-1.870283369935E+03,1.360866586773E+03,
    190.98867913865));
#4254 = CARTESIAN_POINT('',(-1.870836002658E+03,1.360798870307E+03,
    190.56066844867));
#4255 = CARTESIAN_POINT('',(-1.871384771685E+03,1.360732669036E+03,
    190.12244155423));
#4256 = CARTESIAN_POINT('',(-1.871929263785E+03,1.360668119632E+03,
    189.67326205092));
#4257 = CARTESIAN_POINT('',(-1.87246896274E+03,1.360605384757E+03,
    189.21230902183));
#4258 = CARTESIAN_POINT('',(-1.87300323941E+03,1.360544656846E+03,
    188.73865329189));
#4259 = CARTESIAN_POINT('',(-1.873531332545E+03,1.360486165401E+03,
    188.25121160084));
#4260 = CARTESIAN_POINT('',(-1.874504380277E+03,1.360381620594E+03,
    187.31257648169));
#4261 = CARTESIAN_POINT('',(-1.87495099631E+03,1.360334955695E+03,
    186.86520928628));
#4262 = CARTESIAN_POINT('',(-1.875391618136E+03,1.360290371812E+03,
    186.40563580903));
#4263 = CARTESIAN_POINT('',(-1.875825503756E+03,1.360248085217E+03,
    185.93289091396));
#4264 = CARTESIAN_POINT('',(-1.876251692912E+03,1.360208358792E+03,
    185.44593481929));
#4265 = CARTESIAN_POINT('',(-1.876668991701E+03,1.360171507126E+03,
    184.94362582776));
#4266 = CARTESIAN_POINT('',(-1.877075937729E+03,1.360137907989E+03,
    184.42465874725));
#4267 = CARTESIAN_POINT('',(-1.877835696437E+03,1.360080402874E+03,
    183.39077681545));
#4268 = CARTESIAN_POINT('',(-1.878190033514E+03,1.360055974909E+03,
    182.87884576485));
#4269 = CARTESIAN_POINT('',(-1.878532503842E+03,1.360035090851E+03,
    182.35017599881));
#4270 = CARTESIAN_POINT('',(-1.878861289317E+03,1.360018193518E+03,
    181.80347440717));
#4271 = CARTESIAN_POINT('',(-1.879174000127E+03,1.360005817069E+03,
    181.23763258171));
#4272 = CARTESIAN_POINT('',(-1.879467683866E+03,1.359998584552E+03,
    180.65173676274));
#4273 = CARTESIAN_POINT('',(-1.879738855718E+03,1.359997199588E+03,
    180.04510066416));
#4274 = CARTESIAN_POINT('',(-1.880208813296E+03,1.360007234216E+03,
    178.8395770888));
#4275 = CARTESIAN_POINT('',(-1.880411800618E+03,1.360017646398E+03,
    178.24351553534));
#4276 = CARTESIAN_POINT('',(-1.880588978802E+03,1.360034260739E+03,
    177.62993831661));
#4277 = CARTESIAN_POINT('',(-1.880736561672E+03,1.360057657799E+03,
    177.00037154536));
#4278 = CARTESIAN_POINT('',(-1.880850836129E+03,1.360088335014E+03,
    176.35720107749));
#4279 = CARTESIAN_POINT('',(-1.880928620498E+03,1.360126608455E+03,
    175.70383076685));
#4280 = CARTESIAN_POINT('',(-1.880967904584E+03,1.360172475378E+03,
    175.04491024952));
#4281 = CARTESIAN_POINT('',(-1.880969324892E+03,1.360267701784E+03,
    173.86123511105));
#4282 = CARTESIAN_POINT('',(-1.880945430791E+03,1.360314511831E+03,
    173.33594910533));
#4283 = CARTESIAN_POINT('',(-1.880896964853E+03,1.360365618086E+03,
    172.81392085948));
#4284 = CARTESIAN_POINT('',(-1.880824692401E+03,1.360420672678E+03,
    172.29768974711));
#4285 = CARTESIAN_POINT('',(-1.880729945929E+03,1.360479263237E+03,
    171.78928792394));
#4286 = CARTESIAN_POINT('',(-1.880614416226E+03,1.360540946307E+03,
    171.29030820269));
#4287 = CARTESIAN_POINT('',(-1.880479980065E+03,1.360605275016E+03,
    170.80195876915));
#4288 = CARTESIAN_POINT('',(-1.880032235285E+03,1.360802055391E+03,
    169.39187372542));
#4289 = CARTESIAN_POINT('',(-1.879671331489E+03,1.360940580922E+03,
    168.50411260362));
#4290 = CARTESIAN_POINT('',(-1.879258592487E+03,1.361085046838E+03,
    167.66156414222));
#4291 = CARTESIAN_POINT('',(-1.878805315696E+03,1.361233507092E+03,
    166.86228834756));
#4292 = CARTESIAN_POINT('',(-1.878320523448E+03,1.361384504898E+03,
    166.10354328964));
#4293 = CARTESIAN_POINT('',(-1.87781094952E+03,1.36153707266E+03,
    165.38180748492));
#4294 = CARTESIAN_POINT('',(-1.877280887309E+03,1.361690747679E+03,
    164.69291998356));
#4295 = CARTESIAN_POINT('',(-1.876005770824E+03,1.362050534594E+03,
    163.15727195444));
#4296 = CARTESIAN_POINT('',(-1.875249021273E+03,1.3622568513E+03,
    162.33444965569));
#4297 = CARTESIAN_POINT('',(-1.874469101288E+03,1.362463879038E+03,
    161.55505512448));
#4298 = CARTESIAN_POINT('',(-1.873670920823E+03,1.3626711429E+03,
    160.81365661852));
#4299 = CARTESIAN_POINT('',(-1.872858201698E+03,1.362878313985E+03,
    160.10575818422));
#4300 = CARTESIAN_POINT('',(-1.872033519036E+03,1.363085209512E+03,
    159.42769558681));
#4301 = CARTESIAN_POINT('',(-1.871198540743E+03,1.363291785671E+03,
    158.77616674205));
#4302 = CARTESIAN_POINT('',(-1.86933685394E+03,1.363746689945E+03,
    157.39175245063));
#4303 = CARTESIAN_POINT('',(-1.868306779234E+03,1.363994691767E+03,
    156.67016113165));
#4304 = CARTESIAN_POINT('',(-1.867266171241E+03,1.364242082495E+03,
    155.97874278257));
#4305 = CARTESIAN_POINT('',(-1.86621677885E+03,1.364488808495E+03,
    155.31413364705));
#4306 = CARTESIAN_POINT('',(-1.865159955143E+03,1.364734835589E+03,
    154.67364291333));
#4307 = CARTESIAN_POINT('',(-1.864096736136E+03,1.364980154005E+03,
    154.05500784363));
#4308 = CARTESIAN_POINT('',(-1.863027866438E+03,1.365224779931E+03,
    153.4563131549));
#4309 = CARTESIAN_POINT('',(-1.860574264969E+03,1.365782145387E+03,
    152.13028067525));
#4310 = CARTESIAN_POINT('',(-1.85918644232E+03,1.366094404648E+03,
    151.41494221818));
#4311 = CARTESIAN_POINT('',(-1.857791658248E+03,1.36640557718E+03,
    150.72637384684));
#4312 = CARTESIAN_POINT('',(-1.856390910295E+03,1.366715691562E+03,
    150.06192685216));
#4313 = CARTESIAN_POINT('',(-1.854984992177E+03,1.367024774992E+03,
    149.41944034693));
#4314 = CARTESIAN_POINT('',(-1.853574531127E+03,1.367332858677E+03,
    148.79708709143));
#4315 = CARTESIAN_POINT('',(-1.852160004105E+03,1.367639980125E+03,
    148.19330639262));
#4316 = CARTESIAN_POINT('',(-1.848878747258E+03,1.368348417373E+03,
    146.83619642655));
#4317 = CARTESIAN_POINT('',(-1.847009447087E+03,1.368749040828E+03,
    146.0954011795));
#4318 = CARTESIAN_POINT('',(-1.845134741964E+03,1.369148139402E+03,
    145.3812738885));
#4319 = CARTESIAN_POINT('',(-1.843255337002E+03,1.369545776925E+03,
    144.69140627607));
#4320 = CARTESIAN_POINT('',(-1.841371803232E+03,1.369942008672E+03,
    144.02380556281));
#4321 = CARTESIAN_POINT('',(-1.839484600321E+03,1.370336886756E+03,
    143.37677424711));
#4322 = CARTESIAN_POINT('',(-1.837594087696E+03,1.370730462722E+03,
    142.74885111013));
#4323 = CARTESIAN_POINT('',(-1.832502769744E+03,1.371785339571E+03,
    141.10843491921));
#4324 = CARTESIAN_POINT('',(-1.829296497203E+03,1.372444294985E+03,
    140.12900072096));
#4325 = CARTESIAN_POINT('',(-1.826083114678E+03,1.373099895415E+03,
    139.19429173624));
#4326 = CARTESIAN_POINT('',(-1.822863692418E+03,1.373752314323E+03,
    138.29971740066));
#4327 = CARTESIAN_POINT('',(-1.819639072325E+03,1.374401694923E+03,
    137.44158841204));
#4328 = CARTESIAN_POINT('',(-1.816409910187E+03,1.375048165559E+03,
    136.61682590035));
#4329 = CARTESIAN_POINT('',(-1.81317669279E+03,1.375691845809E+03,
    135.8228431695));
#4330 = CARTESIAN_POINT('',(-1.805553853998E+03,1.377201392835E+03,
    134.0202532504));
#4331 = CARTESIAN_POINT('',(-1.801161299547E+03,1.378064991769E+03,
    133.03554282833));
#4332 = CARTESIAN_POINT('',(-1.796763082064E+03,1.378923917254E+03,
    132.09772985995));
#4333 = CARTESIAN_POINT('',(-1.792359980567E+03,1.379778372351E+03,
    131.20253766008));
#4334 = CARTESIAN_POINT('',(-1.78795262054E+03,1.380628525848E+03,
    130.34646570724));
#4335 = CARTESIAN_POINT('',(-1.783541498823E+03,1.381474526022E+03,
    129.52655932324));
#4336 = CARTESIAN_POINT('',(-1.779126995191E+03,1.38231650693E+03,
    128.74030233629));
#4337 = CARTESIAN_POINT('',(-1.766119006659E+03,1.3847843213E+03,
    126.51773426455));
#4338 = CARTESIAN_POINT('',(-1.757517193368E+03,1.386399268431E+03,
    125.16896915294));
#4339 = CARTESIAN_POINT('',(-1.748906129914E+03,1.388000337161E+03,
    123.92311543696));
#4340 = CARTESIAN_POINT('',(-1.740287438691E+03,1.389588137908E+03,
    122.76895367661));
#4341 = CARTESIAN_POINT('',(-1.731662372092E+03,1.391163160889E+03,
    121.69758328247));
#4342 = CARTESIAN_POINT('',(-1.723031851691E+03,1.39272581067E+03,
    120.70189244815));
#4343 = CARTESIAN_POINT('',(-1.7143965164E+03,1.394276446387E+03,
    119.77593672164));
#4344 = CARTESIAN_POINT('',(-1.692918612479E+03,1.398102171624E+03,
    117.63498104496));
#4345 = CARTESIAN_POINT('',(-1.680071166631E+03,1.400363057573E+03,
    116.49821860456));
#4346 = CARTESIAN_POINT('',(-1.667216059226E+03,1.402599057333E+03,
    115.4880057737));
#4347 = CARTESIAN_POINT('',(-1.654354583419E+03,1.404810870123E+03,
    114.59245644744));
#4348 = CARTESIAN_POINT('',(-1.641487759692E+03,1.406999049313E+03,
    113.80204829547));
#4349 = CARTESIAN_POINT('',(-1.628616359191E+03,1.409164042882E+03,
    113.10905971041));
#4350 = CARTESIAN_POINT('',(-1.615740927987E+03,1.411306232917E+03,
    112.50701416504));
#4351 = CARTESIAN_POINT('',(-1.579554065853E+03,1.417262069211E+03,
    111.05556664735));
#4352 = CARTESIAN_POINT('',(-1.556234909122E+03,1.421024478646E+03,
    110.40063559415));
#4353 = CARTESIAN_POINT('',(-1.532906742838E+03,1.424715087305E+03,
    109.99316757305));
#4354 = CARTESIAN_POINT('',(-1.509571525255E+03,1.428334994061E+03,
    109.81126433324));
#4355 = CARTESIAN_POINT('',(-1.486230823021E+03,1.431884934423E+03,
    109.83806612519));
#4356 = CARTESIAN_POINT('',(-1.46288582156E+03,1.435365357925E+03,
    110.06079375497));
#4357 = CARTESIAN_POINT('',(-1.439537343361E+03,1.438776524463E+03,
    110.46952715223));
#4358 = CARTESIAN_POINT('',(-1.398237364463E+03,1.444687257044E+03,
    111.50849138596));
#4359 = CARTESIAN_POINT('',(-1.380287305317E+03,1.447215098666E+03,
    112.06558490359));
#4360 = CARTESIAN_POINT('',(-1.362336012426E+03,1.44970207023E+03,
    112.72492668853));
#4361 = CARTESIAN_POINT('',(-1.344383825364E+03,1.452148120199E+03,
    113.48408280475));
#4362 = CARTESIAN_POINT('',(-1.326431083329E+03,1.454553131973E+03,
    114.3414113798));
#4363 = CARTESIAN_POINT('',(-1.308478125021E+03,1.456916927731E+03,
    115.29603486301));
#4364 = CARTESIAN_POINT('',(-1.290525290153E+03,1.459239264514E+03,
    116.34790618358));
#4365 = CARTESIAN_POINT('',(-1.259239952358E+03,1.463213557981E+03,
    118.35214610746));
#4366 = CARTESIAN_POINT('',(-1.245907265409E+03,1.464884246484E+03,
    119.26047154573));
#4367 = CARTESIAN_POINT('',(-1.232575002598E+03,1.466531754801E+03,
    120.22336659964));
#4368 = CARTESIAN_POINT('',(-1.219243328337E+03,1.468155924704E+03,
    121.24153459755));
#4369 = CARTESIAN_POINT('',(-1.205912433172E+03,1.469756567562E+03,
    122.31603715135));
#4370 = CARTESIAN_POINT('',(-1.192582536008E+03,1.471333459889E+03,
    123.44835537721));
#4371 = CARTESIAN_POINT('',(-1.179253888402E+03,1.47288633418E+03,
    124.640509409));
#4372 = CARTESIAN_POINT('',(-1.151013229214E+03,1.47612534257E+03,
    127.29942941985));
#4373 = CARTESIAN_POINT('',(-1.13610177314E+03,1.477805315844E+03,
    128.78197772578));
#4374 = CARTESIAN_POINT('',(-1.12119267651E+03,1.479454338194E+03,
    130.34683653292));
#4375 = CARTESIAN_POINT('',(-1.106286411563E+03,1.481071847178E+03,
    131.99916113166));
#4376 = CARTESIAN_POINT('',(-1.091383672439E+03,1.482657144507E+03,
    133.74558398419));
#4377 = CARTESIAN_POINT('',(-1.076485440045E+03,1.484209307236E+03,
    135.59532157164));
#4378 = CARTESIAN_POINT('',(-1.06159300923E+03,1.485727148974E+03,
    137.56068007459));
#4379 = CARTESIAN_POINT('',(-1.041143572408E+03,1.487762737071E+03,
    140.4476271565));
#4380 = CARTESIAN_POINT('',(-1.035579975814E+03,1.488311602014E+03,
    141.25222638425));
#4381 = CARTESIAN_POINT('',(-1.030017578179E+03,1.488855311019E+03,
    142.07689493801));
#4382 = CARTESIAN_POINT('',(-1.024456505843E+03,1.48939375241E+03,
    142.92285321982));
#4383 = CARTESIAN_POINT('',(-1.018896914891E+03,1.489926796367E+03,
    143.79152071815));
#4384 = CARTESIAN_POINT('',(-1.013338994707E+03,1.490454291006E+03,
    144.68456385447));
#4385 = CARTESIAN_POINT('',(-1.007782974415E+03,1.490976055195E+03,
    145.60398271675));
#4386 = CARTESIAN_POINT('',(-997.6550246353,1.491916683254E+03,
    147.33327725765));
#4387 = CARTESIAN_POINT('',(-993.0824184493,1.492337460266E+03,
    148.13386114978));
#4388 = CARTESIAN_POINT('',(-988.5114575028,1.492754072542E+03,
    148.95542145838));
#4389 = CARTESIAN_POINT('',(-983.9423307183,1.493166374877E+03,
    149.79957517146));
#4390 = CARTESIAN_POINT('',(-979.375282158,1.493574193833E+03,
    150.66823767939));
#4391 = CARTESIAN_POINT('',(-974.810617842,1.493977321508E+03,
    151.56369722999));
#4392 = CARTESIAN_POINT('',(-970.2487202771,1.494375502109E+03,
    152.48877349136));
#4393 = CARTESIAN_POINT('',(-962.8123381707,1.495016431312E+03,
    154.05214466266));
#4394 = CARTESIAN_POINT('',(-959.9359135921,1.495262353616E+03,
    154.67040616645));
#4395 = CARTESIAN_POINT('',(-957.0609216616,1.495506087636E+03,
    155.30286256817));
#4396 = CARTESIAN_POINT('',(-954.1875123773,1.495747536928E+03,
    155.95057539999));
#4397 = CARTESIAN_POINT('',(-951.3158740863,1.495986587981E+03,
    156.61478058273));
#4398 = CARTESIAN_POINT('',(-948.4462383268,1.496223106499E+03,
    157.29693156935));
#4399 = CARTESIAN_POINT('',(-945.5788891209,1.496456930216E+03,
    157.99878212586));
#4400 = CARTESIAN_POINT('',(-940.3531622068,1.49687817708E+03,
    159.31905526295));
#4401 = CARTESIAN_POINT('',(-937.9939749245,1.497066527054E+03,
    159.93043935715));
#4402 = CARTESIAN_POINT('',(-935.6367922126,1.497252792413E+03,
    160.55794747403));
#4403 = CARTESIAN_POINT('',(-933.2818545131,1.497436839003E+03,
    161.20302565371));
#4404 = CARTESIAN_POINT('',(-930.9294817851,1.497618503344E+03,
    161.86740255609));
#4405 = CARTESIAN_POINT('',(-928.5800830911,1.497797586482E+03,
    162.55315894936));
#4406 = CARTESIAN_POINT('',(-926.2341798249,1.497973838983E+03,
    163.26289561042));
#4407 = CARTESIAN_POINT('',(-922.5580938463,1.498245556063E+03,
    164.42019655965));
#4408 = CARTESIAN_POINT('',(-921.2251076215,1.498343156237E+03,
    164.84919631993));
#4409 = CARTESIAN_POINT('',(-919.8936212664,1.498439665893E+03,
    165.28776284062));
#4410 = CARTESIAN_POINT('',(-918.5637909125,1.498535013413E+03,
    165.73663548685));
#4411 = CARTESIAN_POINT('',(-917.235812499,1.498629114351E+03,
    166.19667126099));
#4412 = CARTESIAN_POINT('',(-915.9099267752,1.498721868726E+03,
    166.66887421444));
#4413 = CARTESIAN_POINT('',(-914.5864289207,1.498813155789E+03,
    167.15445196081));
#4414 = CARTESIAN_POINT('',(-912.1963439589,1.498975423906E+03,
    168.06013555053));
#4415 = CARTESIAN_POINT('',(-911.1288419188,1.499046960318E+03,
    168.47509718765));
#4416 = CARTESIAN_POINT('',(-910.0633540663,1.499117354073E+03,
    168.90062657669));
#4417 = CARTESIAN_POINT('',(-909.0001172981,1.499186510845E+03,
    169.33765959515));
#4418 = CARTESIAN_POINT('',(-907.9394432095,1.499254316201E+03,
    169.78730129625));
#4419 = CARTESIAN_POINT('',(-906.8817270356,1.499320631506E+03,
    170.25086872271));
#4420 = CARTESIAN_POINT('',(-905.8274683907,1.499385284399E+03,
    170.72998978302));
#4421 = CARTESIAN_POINT('',(-904.1370802917,1.499486312106E+03,
    171.52972007691));
#4422 = CARTESIAN_POINT('',(-903.4983937005,1.499523872698E+03,
    171.8391912575));
#4423 = CARTESIAN_POINT('',(-902.8613957204,1.4995606788E+03,
    172.15572446513));
#4424 = CARTESIAN_POINT('',(-902.22626812,1.499596670178E+03,
    172.47987977883));
#4425 = CARTESIAN_POINT('',(-901.5932380797,1.499631776316E+03,
    172.81229501322));
#4426 = CARTESIAN_POINT('',(-900.9625856238,1.499665913517E+03,
    173.15371441438));
#4427 = CARTESIAN_POINT('',(-900.334656697,1.499698979854E+03,
    173.50503848618));
#4428 = CARTESIAN_POINT('',(-899.1952844175,1.499757096186E+03,
    174.16585082871));
#4429 = CARTESIAN_POINT('',(-898.6828717297,1.499782529214E+03,
    174.47176530448));
#4430 = CARTESIAN_POINT('',(-898.1728539169,1.499807077378E+03,
    174.7857867443));
#4431 = CARTESIAN_POINT('',(-897.6655239606,1.499830656857E+03,
    175.10864526799));
#4432 = CARTESIAN_POINT('',(-897.1612708377,1.499853165501E+03,
    175.44119100591));
#4433 = CARTESIAN_POINT('',(-896.6605898147,1.499874479459E+03,
    175.78442568624));
#4434 = CARTESIAN_POINT('',(-896.1641076065,1.499894444934E+03,
    176.13957919356));
#4435 = CARTESIAN_POINT('',(-895.1759932696,1.499931467941E+03,
    176.88087184163));
#4436 = CARTESIAN_POINT('',(-894.6849571684,1.499948474147E+03,
    177.26693213015));
#4437 = CARTESIAN_POINT('',(-894.1998916002,1.499963692469E+03,
    177.66844029706));
#4438 = CARTESIAN_POINT('',(-893.7218044244,1.49997686002E+03,
    178.08757647664));
#4439 = CARTESIAN_POINT('',(-893.2523423291,1.499987637034E+03,
    178.52673339279));
#4440 = CARTESIAN_POINT('',(-892.7940306858,1.499995550114E+03,
    178.98896153987));
#4441 = CARTESIAN_POINT('',(-892.3502323538,1.5E+03,179.47792263604));
#4442 = CARTESIAN_POINT('',(-891.9261951685,1.5E+03,180.));
#4443 = PCURVE('',#33,#4444);
#4444 = DEFINITIONAL_REPRESENTATION('',(#4445),#4911);
#4445 = B_SPLINE_CURVE_WITH_KNOTS('',3,(#4446,#4447,#4448,#4449,#4450,
    #4451,#4452,#4453,#4454,#4455,#4456,#4457,#4458,#4459,#4460,#4461,
    #4462,#4463,#4464,#4465,#4466,#4467,#4468,#4469,#4470,#4471,#4472,
    #4473,#4474,#4475,#4476,#4477,#4478,#4479,#4480,#4481,#4482,#4483,
    #4484,#4485,#4486,#4487,#4488,#4489,#4490,#4491,#4492,#4493,#4494,
    #4495,#4496,#4497,#4498,#4499,#4500,#4501,#4502,#4503,#4504,#4505,
    #4506,#4507,#4508,#4509,#4510,#4511,#4512,#4513,#4514,#4515,#4516,
    #4517,#4518,#4519,#4520,#4521,#4522,#4523,#4524,#4525,#4526,#4527,
    #4528,#4529,#4530,#4531,#4532,#4533,#4534,#4535,#4536,#4537,#4538,
    #4539,#4540,#4541,#4542,#4543,#4544,#4545,#4546,#4547,#4548,#4549,
    #4550,#4551,#4552,#4553,#4554,#4555,#4556,#4557,#4558,#4559,#4560,
    #4561,#4562,#4563,#4564,#4565,#4566,#4567,#4568,#4569,#4570,#4571,
    #4572,#4573,#4574,#4575,#4576,#4577,#4578,#4579,#4580,#4581,#4582,
    #4583,#4584,#4585,#4586,#4587,#4588,#4589,#4590,#4591,#4592,#4593,
    #4594,#4595,#4596,#4597,#4598,#4599,#4600,#4601,#4602,#4603,#4604,
    #4605,#4606,#4607,#4608,#4609,#4610,#4611,#4612,#4613,#4614,#4615,
    #4616,#4617,#4618,#4619,#4620,#4621,#4622,#4623,#4624,#4625,#4626,
    #4627,#4628,#4629,#4630,#4631,#4632,#4633,#4634,#4635,#4636,#4637,
    #4638,#4639,#4640,#4641,#4642,#4643,#4644,#4645,#4646,#4647,#4648,
    #4649,#4650,#4651,#4652,#4653,#4654,#4655,#4656,#4657,#4658,#4659,
    #4660,#4661,#4662,#4663,#4664,#4665,#4666,#4667,#4668,#4669,#4670,
    #4671,#4672,#4673,#4674,#4675,#4676,#4677,#4678,#4679,#4680,#4681,
    #4682,#4683,#4684,#4685,#4686,#4687,#4688,#4689,#4690,#4691,#4692,
    #4693,#4694,#4695,#4696,#4697,#4698,#4699,#4700,#4701,#4702,#4703,
    #4704,#4705,#4706,#4707,#4708,#4709,#4710,#4711,#4712,#4713,#4714,
    #4715,#4716,#4717,#4718,#4719,#4720,#4721,#4722,#4723,#4724,#4725,
    #4726,#4727,#4728,#4729,#4730,#4731,#4732,#4733,#4734,#4735,#4736,
    #4737,#4738,#4739,#4740,#4741,#4742,#4743,#4744,#4745,#4746,#4747,
    #4748,#4749,#4750,#4751,#4752,#4753,#4754,#4755,#4756,#4757,#4758,
    #4759,#4760,#4761,#4762,#4763,#4764,#4765,#4766,#4767,#4768,#4769,
    #4770,#4771,#4772,#4773,#4774,#4775,#4776,#4777,#4778,#4779,#4780,
    #4781,#4782,#4783,#4784,#4785,#4786,#4787,#4788,#4789,#4790,#4791,
    #4792,#4793,#4794,#4795,#4796,#4797,#4798,#4799,#4800,#4801,#4802,
    #4803,#4804,#4805,#4806,#4807,#4808,#4809,#4810,#4811,#4812,#4813,
    #4814,#4815,#4816,#4817,#4818,#4819,#4820,#4821,#4822,#4823,#4824,
    #4825,#4826,#4827,#4828,#4829,#4830,#4831,#4832,#4833,#4834,#4835,
    #4836,#4837,#4838,#4839,#4840,#4841,#4842,#4843,#4844,#4845,#4846,
    #4847,#4848,#4849,#4850,#4851,#4852,#4853,#4854,#4855,#4856,#4857,
    #4858,#4859,#4860,#4861,#4862,#4863,#4864,#4865,#4866,#4867,#4868,
    #4869,#4870,#4871,#4872,#4873,#4874,#4875,#4876,#4877,#4878,#4879,
    #4880,#4881,#4882,#4883,#4884,#4885,#4886,#4887,#4888,#4889,#4890,
    #4891,#4892,#4893,#4894,#4895,#4896,#4897,#4898,#4899,#4900,#4901,
    #4902,#4903,#4904,#4905,#4906,#4907,#4908,#4909,#4910),
  .UNSPECIFIED.,.T.,.F.,(4,1,1,1,1,1,1,1,1,1,1,1,1,1,1,1,1,1,1,1,1,1,1,1
    ,1,1,1,1,1,1,1,1,1,1,1,1,1,1,1,1,1,1,1,1,1,1,1,1,1,1,1,1,1,1,1,1,1,1
    ,1,1,1,1,1,1,1,1,1,1,1,1,1,1,1,1,1,1,1,1,1,1,1,1,1,1,1,1,1,1,1,1,1,1
    ,1,1,1,1,1,1,1,1,1,1,1,1,1,1,1,1,1,1,1,1,1,1,1,1,1,1,1,1,1,1,1,1,1,1
    ,1,1,1,1,1,1,1,1,1,1,1,1,1,1,1,1,1,1,1,1,1,1,1,1,1,1,1,1,1,1,1,1,1,1
    ,1,1,1,1,1,1,1,1,1,1,1,1,1,1,1,1,1,1,1,1,1,1,1,1,1,1,1,1,1,1,1,1,1,1
    ,1,1,1,1,1,1,1,1,1,1,1,1,1,1,1,1,1,1,1,1,1,1,1,1,1,1,1,1,1,1,1,1,1,1
    ,1,1,1,1,1,1,1,1,1,1,1,1,1,1,1,1,1,1,1,1,1,1,1,1,1,1,1,1,1,1,1,1,1,1
    ,1,1,1,1,1,1,1,1,1,1,1,1,1,1,1,1,1,1,1,1,1,1,1,1,1,1,1,1,1,1,1,1,1,1
    ,1,1,1,1,1,1,1,1,1,1,1,1,1,1,1,1,1,1,1,1,1,1,1,1,1,1,1,1,1,1,1,1,1,1
    ,1,1,1,1,1,1,1,1,1,1,1,1,1,1,1,1,1,1,1,1,1,1,1,1,1,1,1,1,1,1,1,1,1,1
    ,1,1,1,1,1,1,1,1,1,1,1,1,1,1,1,1,1,1,1,1,1,1,1,1,1,1,1,1,1,1,1,1,1,1
    ,1,1,1,1,1,1,1,1,1,1,1,1,1,1,1,1,1,1,1,1,1,1,1,1,1,1,1,1,1,1,1,1,1,1
    ,1,1,1,1,1,1,1,1,1,1,1,1,1,1,1,1,1,1,1,1,1,1,1,1,1,1,1,1,1,1,4),(0.,
    2.179908508303E-03,4.359817016606E-03,6.539725524909E-03,
    8.719634033212E-03,1.089954254151E-02,1.307945104982E-02,
    1.525935955812E-02,1.743926806642E-02,1.961917657473E-02,
    2.179908508303E-02,2.397899359133E-02,2.615890209963E-02,
    2.833881060794E-02,3.051871911624E-02,3.269862762454E-02,
    3.487853613285E-02,3.705844464115E-02,3.923835314945E-02,
    4.141826165776E-02,4.359817016606E-02,4.577807867436E-02,
    4.795798718266E-02,5.013789569097E-02,5.231780419927E-02,
    5.449771270757E-02,5.667762121588E-02,5.885752972418E-02,
    6.103743823248E-02,6.321734674078E-02,6.539725524909E-02,
    6.757716375739E-02,6.975707226569E-02,7.1936980774E-02,
    7.41168892823E-02,7.62967977906E-02,7.84767062989E-02,
    8.065661480721E-02,8.283652331551E-02,8.501643182381E-02,
    8.719634033212E-02,8.937624884042E-02,9.155615734872E-02,
    9.373606585702E-02,9.591597436533E-02,9.809588287363E-02,
    0.100275791382,0.10245569989,0.104635608399,0.106815516907,
    0.108995425415,0.111175333923,0.113355242432,0.11553515094,
    0.117715059448,0.119894967957,0.122074876465,0.124254784973,
    0.126434693482,0.12861460199,0.130794510498,0.132974419006,
    0.135154327515,0.137334236023,0.139514144531,0.14169405304,
    0.143873961548,0.146053870056,0.148233778565,0.150413687073,
    0.152593595581,0.15477350409,0.156953412598,0.159133321106,
    0.161313229614,0.163493138123,0.165673046631,0.167852955139,
    0.170032863648,0.172212772156,0.174392680664,0.176572589173,
    0.178752497681,0.180932406189,0.183112314697,0.185292223206,
    0.187472131714,0.189652040222,0.191831948731,0.194011857239,
    0.196191765747,0.198371674256,0.200551582764,0.202731491272,
    0.20491139978,0.207091308289,0.209271216797,0.211451125305,
    0.213631033814,0.215810942322,0.21799085083,0.220170759339,
    0.222350667847,0.224530576355,0.226710484864,0.228890393372,
    0.23107030188,0.233250210388,0.235430118897,0.237610027405,
    0.239789935913,0.241969844422,0.24414975293,0.246329661438,
    0.248509569947,0.250689478455,0.252869386963,0.255049295471,
    0.25722920398,0.259409112488,0.261589020996,0.263768929505,
    0.265948838013,0.268128746521,0.27030865503,0.272488563538,
    0.274668472046,0.276848380554,0.279028289063,0.281208197571,
    0.283388106079,0.285568014588,0.287747923096,0.289927831604,
    0.292107740113,0.294287648621,0.296467557129,0.298647465637,
    0.300827374146,0.303007282654,0.305187191162,0.307367099671,
    0.309547008179,0.311726916687,0.313906825196,0.316086733704,
    0.318266642212,0.320446550721,0.322626459229,0.324806367737,
    0.326986276245,0.329166184754,0.331346093262,0.33352600177,
    0.335705910279,0.337885818787,0.340065727295,0.342245635804,
    0.344425544312,0.34660545282,0.348785361328,0.350965269837,
    0.353145178345,0.355325086853,0.357504995362,0.35968490387,
    0.361864812378,0.364044720887,0.366224629395,0.368404537903,
    0.370584446411,0.37276435492,0.374944263428,0.377124171936,
    0.379304080445,0.381483988953,0.383663897461,0.38584380597,
    0.388023714478,0.390203622986,0.392383531495,0.394563440003,
    0.396743348511,0.398923257019,0.401103165528,0.403283074036,
    0.405462982544,0.407642891053,0.409822799561,0.412002708069,
    0.414182616578,0.416362525086,0.418542433594,0.420722342102,
    0.422902250611,0.425082159119,0.427262067627,0.429441976136,
    0.431621884644,0.433801793152,0.435981701661,0.438161610169,
    0.440341518677,0.442521427185,0.444701335694,0.446881244202,
    0.44906115271,0.451241061219,0.453420969727,0.455600878235,
    0.457780786744,0.459960695252,0.46214060376,0.464320512269,
    0.466500420777,0.468680329285,0.470860237793,0.473040146302,
    0.47522005481,0.477399963318,0.479579871827,0.481759780335,
    0.483939688843,0.486119597352,0.48829950586,0.490479414368,
    0.492659322876,0.494839231385,0.497019139893,0.499199048401,
    0.50137895691,0.503558865418,0.505738773926,0.507918682435,
    0.510098590943,0.512278499451,0.514458407959,0.516638316468,
    0.518818224976,0.520998133484,0.523178041993,0.525357950501,
    0.527537859009,0.529717767518,0.531897676026,0.534077584534,
    0.536257493043,0.538437401551,0.540617310059,0.542797218567,
    0.544977127076,0.547157035584,0.549336944092,0.551516852601,
    0.553696761109,0.555876669617,0.558056578126,0.560236486634,
    0.562416395142,0.56459630365,0.566776212159,0.568956120667,
    0.571136029175,0.573315937684,0.575495846192,0.5776757547,
    0.579855663209,0.582035571717,0.584215480225,0.586395388733,
    0.588575297242,0.59075520575,0.592935114258,0.595115022767,
    0.597294931275,0.599474839783,0.601654748292,0.6038346568,
    0.606014565308,0.608194473817,0.610374382325,0.612554290833,
    0.614734199341,0.61691410785,0.619094016358,0.621273924866,
    0.623453833375,0.625633741883,0.627813650391,0.6299935589,
    0.632173467408,0.634353375916,0.636533284424,0.638713192933,
    0.640893101441,0.643073009949,0.645252918458,0.647432826966,
    0.649612735474,0.651792643983,0.653972552491,0.656152460999,
    0.658332369507,0.660512278016,0.662692186524,0.664872095032,
    0.667052003541,0.669231912049,0.671411820557,0.673591729066,
    0.675771637574,0.677951546082,0.680131454591,0.682311363099,
    0.684491271607,0.686671180115,0.688851088624,0.691030997132,
    0.69321090564,0.695390814149,0.697570722657,0.699750631165,
    0.701930539674,0.704110448182,0.70629035669,0.708470265198,
    0.710650173707,0.712830082215,0.715009990723,0.717189899232,
    0.71936980774,0.721549716248,0.723729624757,0.725909533265,
    0.728089441773,0.730269350281,0.73244925879,0.734629167298,
    0.736809075806,0.738988984315,0.741168892823,0.743348801331,
    0.74552870984,0.747708618348,0.749888526856,0.752068435365,
    0.754248343873,0.756428252381,0.758608160889,0.760788069398,
    0.762967977906,0.765147886414,0.767327794923,0.769507703431,
    0.771687611939,0.773867520448,0.776047428956,0.778227337464,
    0.780407245972,0.782587154481,0.784767062989,0.786946971497,
    0.789126880006,0.791306788514,0.793486697022,0.795666605531,
    0.797846514039,0.800026422547,0.802206331055,0.804386239564,
    0.806566148072,0.80874605658,0.810925965089,0.813105873597,
    0.815285782105,0.817465690614,0.819645599122,0.82182550763,
    0.824005416138,0.826185324647,0.828365233155,0.830545141663,
    0.832725050172,0.83490495868,0.837084867188,0.839264775697,
    0.841444684205,0.843624592713,0.845804501222,0.84798440973,
    0.850164318238,0.852344226746,0.854524135255,0.856704043763,
    0.858883952271,0.86106386078,0.863243769288,0.865423677796,
    0.867603586305,0.869783494813,0.871963403321,0.874143311829,
    0.876323220338,0.878503128846,0.880683037354,0.882862945863,
    0.885042854371,0.887222762879,0.889402671388,0.891582579896,
    0.893762488404,0.895942396912,0.898122305421,0.900302213929,
    0.902482122437,0.904662030946,0.906841939454,0.909021847962,
    0.911201756471,0.913381664979,0.915561573487,0.917741481996,
    0.919921390504,0.922101299012,0.92428120752,0.926461116029,
    0.928641024537,0.930820933045,0.933000841554,0.935180750062,
    0.93736065857,0.939540567079,0.941720475587,0.943900384095,
    0.946080292603,0.948260201112,0.95044010962,0.952620018128,
    0.954799926637,0.956979835145,0.959159743653,0.961339652162,
    0.96351956067,0.965699469178,0.967879377686,0.970059286195,
    0.972239194703,0.974419103211,0.97659901172,0.978778920228,
    0.980958828736,0.983138737245,0.985318645753,0.987498554261,
    0.98967846277,0.991858371278,0.994038279786,0.996218188294,
    0.998398096803,1.000578005311,1.002757913819,1.004937822328,
    1.007117730836),.QUASI_UNIFORM_KNOTS.);
#4446 = CARTESIAN_POINT('',(0.285585495469,0.476319628017));
#4447 = CARTESIAN_POINT('',(0.285555044578,0.476671426587));
#4448 = CARTESIAN_POINT('',(0.285513036806,0.477721414389));
#4449 = CARTESIAN_POINT('',(0.285507228016,0.479725267561));
#4450 = CARTESIAN_POINT('',(0.285590209109,0.481321547472));
#4451 = CARTESIAN_POINT('',(0.285684835507,0.482465314134));
#4452 = CARTESIAN_POINT('',(0.285821230127,0.483683634352));
#4453 = CARTESIAN_POINT('',(0.285996451762,0.484879525486));
#4454 = CARTESIAN_POINT('',(0.286170399699,0.485865281638));
#4455 = CARTESIAN_POINT('',(0.286347083788,0.486743689599));
#4456 = CARTESIAN_POINT('',(0.28652448525,0.487534066716));
#4457 = CARTESIAN_POINT('',(0.286702662411,0.488259474834));
#4458 = CARTESIAN_POINT('',(0.286881323208,0.488932217493));
#4459 = CARTESIAN_POINT('',(0.287060376864,0.489561849821));
#4460 = CARTESIAN_POINT('',(0.287239734263,0.490155145579));
#4461 = CARTESIAN_POINT('',(0.287419342049,0.490717322349));
#4462 = CARTESIAN_POINT('',(0.287599159706,0.491252430566));
#4463 = CARTESIAN_POINT('',(0.287779157778,0.491763703949));
#4464 = CARTESIAN_POINT('',(0.287959314051,0.492253767134));
#4465 = CARTESIAN_POINT('',(0.28813961058,0.49272478241));
#4466 = CARTESIAN_POINT('',(0.288320033698,0.493178558395));
#4467 = CARTESIAN_POINT('',(0.288500574189,0.493616627942));
#4468 = CARTESIAN_POINT('',(0.288681221626,0.494040292959));
#4469 = CARTESIAN_POINT('',(0.288861969345,0.49445068028));
#4470 = CARTESIAN_POINT('',(0.289042811296,0.494848767441));
#4471 = CARTESIAN_POINT('',(0.289223742404,0.495235409747));
#4472 = CARTESIAN_POINT('',(0.289404758433,0.495611360588));
#4473 = CARTESIAN_POINT('',(0.289585855881,0.495977287455));
#4474 = CARTESIAN_POINT('',(0.289767032304,0.496333785738));
#4475 = CARTESIAN_POINT('',(0.289948284008,0.496681385061));
#4476 = CARTESIAN_POINT('',(0.290129609222,0.497020564182));
#4477 = CARTESIAN_POINT('',(0.29031100617,0.497351754653));
#4478 = CARTESIAN_POINT('',(0.290492473242,0.497675347143));
#4479 = CARTESIAN_POINT('',(0.29067400895,0.49799169649));
#4480 = CARTESIAN_POINT('',(0.29085561193,0.498301126078));
#4481 = CARTESIAN_POINT('',(0.291037280941,0.498603931531));
#4482 = CARTESIAN_POINT('',(0.291219014864,0.498900383864));
#4483 = CARTESIAN_POINT('',(0.291400812695,0.499190732181));
#4484 = CARTESIAN_POINT('',(0.29158267355,0.499475205989));
#4485 = CARTESIAN_POINT('',(0.29176459666,0.499754017217));
#4486 = CARTESIAN_POINT('',(0.291946581368,0.500027361975));
#4487 = CARTESIAN_POINT('',(0.292128627133,0.500295422099));
#4488 = CARTESIAN_POINT('',(0.292310733523,0.500558366522));
#4489 = CARTESIAN_POINT('',(0.292492900221,0.50081635247));
#4490 = CARTESIAN_POINT('',(0.292675127007,0.501069526494));
#4491 = CARTESIAN_POINT('',(0.292857413823,0.501318025355));
#4492 = CARTESIAN_POINT('',(0.293039759094,0.501561974839));
#4493 = CARTESIAN_POINT('',(0.293222162729,0.501801494465));
#4494 = CARTESIAN_POINT('',(0.293404624384,0.502036695795));
#4495 = CARTESIAN_POINT('',(0.293587143791,0.502267683477));
#4496 = CARTESIAN_POINT('',(0.293769720668,0.502494555665));
#4497 = CARTESIAN_POINT('',(0.293952354747,0.50271740454));
#4498 = CARTESIAN_POINT('',(0.294135045765,0.502936316741));
#4499 = CARTESIAN_POINT('',(0.294317793467,0.503151373775));
#4500 = CARTESIAN_POINT('',(0.294500597609,0.503362652374));
#4501 = CARTESIAN_POINT('',(0.294683457951,0.50357022483));
#4502 = CARTESIAN_POINT('',(0.294866374265,0.503774159293));
#4503 = CARTESIAN_POINT('',(0.295049346331,0.503974520049));
#4504 = CARTESIAN_POINT('',(0.295232373938,0.504171367762));
#4505 = CARTESIAN_POINT('',(0.295415456887,0.504364759712));
#4506 = CARTESIAN_POINT('',(0.295598594984,0.504554749998));
#4507 = CARTESIAN_POINT('',(0.295781788048,0.504741389733));
#4508 = CARTESIAN_POINT('',(0.295965035908,0.50492472722));
#4509 = CARTESIAN_POINT('',(0.296148338402,0.505104808119));
#4510 = CARTESIAN_POINT('',(0.296331695379,0.505281675595));
#4511 = CARTESIAN_POINT('',(0.296515106697,0.505455370461));
#4512 = CARTESIAN_POINT('',(0.296698572225,0.505625931304));
#4513 = CARTESIAN_POINT('',(0.296882091844,0.505793394608));
#4514 = CARTESIAN_POINT('',(0.297065665443,0.505957794853));
#4515 = CARTESIAN_POINT('',(0.29724929293,0.506119164633));
#4516 = CARTESIAN_POINT('',(0.297432974183,0.506277534687));
#4517 = CARTESIAN_POINT('',(0.297616708711,0.506432933756));
#4518 = CARTESIAN_POINT('',(0.297800496445,0.506585389286));
#4519 = CARTESIAN_POINT('',(0.297984337223,0.50673492709));
#4520 = CARTESIAN_POINT('',(0.298168230899,0.506881571517));
#4521 = CARTESIAN_POINT('',(0.298352177321,0.507025345485));
#4522 = CARTESIAN_POINT('',(0.298536176334,0.507166270551));
#4523 = CARTESIAN_POINT('',(0.298720227778,0.507304366968));
#4524 = CARTESIAN_POINT('',(0.29890433149,0.50743965374));
#4525 = CARTESIAN_POINT('',(0.299088487307,0.507572148669));
#4526 = CARTESIAN_POINT('',(0.299272695058,0.507701868407));
#4527 = CARTESIAN_POINT('',(0.299456954571,0.507828828497));
#4528 = CARTESIAN_POINT('',(0.299641265673,0.507953043417));
#4529 = CARTESIAN_POINT('',(0.299825628184,0.508074526621));
#4530 = CARTESIAN_POINT('',(0.300010041924,0.508193290571));
#4531 = CARTESIAN_POINT('',(0.30019450671,0.508309346773));
#4532 = CARTESIAN_POINT('',(0.300379022355,0.508422705811));
#4533 = CARTESIAN_POINT('',(0.300563588669,0.508533377373));
#4534 = CARTESIAN_POINT('',(0.30074820546,0.508641370283));
#4535 = CARTESIAN_POINT('',(0.300932872533,0.508746692521));
#4536 = CARTESIAN_POINT('',(0.301117589691,0.508849351252));
#4537 = CARTESIAN_POINT('',(0.301302356733,0.508949352845));
#4538 = CARTESIAN_POINT('',(0.301487173455,0.509046702895));
#4539 = CARTESIAN_POINT('',(0.301672039652,0.509141406245));
#4540 = CARTESIAN_POINT('',(0.301856955114,0.509233467));
#4541 = CARTESIAN_POINT('',(0.30204191963,0.509322888545));
#4542 = CARTESIAN_POINT('',(0.302226932985,0.509409673563));
#4543 = CARTESIAN_POINT('',(0.302411994963,0.509493824053));
#4544 = CARTESIAN_POINT('',(0.302597105337,0.509575341334));
#4545 = CARTESIAN_POINT('',(0.302782263913,0.509654226086));
#4546 = CARTESIAN_POINT('',(0.30296747035,0.509730478277));
#4547 = CARTESIAN_POINT('',(0.303152724104,0.509804097146));
#4548 = CARTESIAN_POINT('',(0.30333802504,0.509875081496));
#4549 = CARTESIAN_POINT('',(0.303523372911,0.50994342945));
#4550 = CARTESIAN_POINT('',(0.303708767489,0.51000913853));
#4551 = CARTESIAN_POINT('',(0.303894208527,0.510072205642));
#4552 = CARTESIAN_POINT('',(0.304079695774,0.510132627089));
#4553 = CARTESIAN_POINT('',(0.304265228966,0.510190398576));
#4554 = CARTESIAN_POINT('',(0.304450807831,0.510245515216));
#4555 = CARTESIAN_POINT('',(0.30463643209,0.510297971531));
#4556 = CARTESIAN_POINT('',(0.304822101451,0.510347761461));
#4557 = CARTESIAN_POINT('',(0.305007815613,0.510394878361));
#4558 = CARTESIAN_POINT('',(0.305193574268,0.510439315005));
#4559 = CARTESIAN_POINT('',(0.305379377096,0.510481063588));
#4560 = CARTESIAN_POINT('',(0.305565223766,0.510520115727));
#4561 = CARTESIAN_POINT('',(0.305751113941,0.510556462459));
#4562 = CARTESIAN_POINT('',(0.305937047269,0.51059009424));
#4563 = CARTESIAN_POINT('',(0.306123023393,0.510621000946));
#4564 = CARTESIAN_POINT('',(0.306309041942,0.510649171868));
#4565 = CARTESIAN_POINT('',(0.306495102536,0.510674595711));
#4566 = CARTESIAN_POINT('',(0.306681204785,0.510697260589));
#4567 = CARTESIAN_POINT('',(0.306867348286,0.510717154021));
#4568 = CARTESIAN_POINT('',(0.307053532627,0.510734262928));
#4569 = CARTESIAN_POINT('',(0.307239757386,0.510748573622));
#4570 = CARTESIAN_POINT('',(0.307426022127,0.510760071808));
#4571 = CARTESIAN_POINT('',(0.307612326406,0.510768742569));
#4572 = CARTESIAN_POINT('',(0.307798669764,0.51077457036));
#4573 = CARTESIAN_POINT('',(0.307985051733,0.510777539005));
#4574 = CARTESIAN_POINT('',(0.308171471832,0.510777631679));
#4575 = CARTESIAN_POINT('',(0.308357929569,0.510774830903));
#4576 = CARTESIAN_POINT('',(0.308544424437,0.510769118533));
#4577 = CARTESIAN_POINT('',(0.30873095592,0.510760475747));
#4578 = CARTESIAN_POINT('',(0.308917523486,0.510748883029));
#4579 = CARTESIAN_POINT('',(0.309104126593,0.510734320162));
#4580 = CARTESIAN_POINT('',(0.309290764683,0.510716766207));
#4581 = CARTESIAN_POINT('',(0.309477437187,0.510696199491));
#4582 = CARTESIAN_POINT('',(0.30966414352,0.51067259759));
#4583 = CARTESIAN_POINT('',(0.309850883084,0.510645937307));
#4584 = CARTESIAN_POINT('',(0.310037655267,0.51061619466));
#4585 = CARTESIAN_POINT('',(0.31022445944,0.510583344854));
#4586 = CARTESIAN_POINT('',(0.310411294963,0.510547362267));
#4587 = CARTESIAN_POINT('',(0.310598161177,0.51050822042));
#4588 = CARTESIAN_POINT('',(0.310785057407,0.510465891961));
#4589 = CARTESIAN_POINT('',(0.310971982966,0.510420348631));
#4590 = CARTESIAN_POINT('',(0.311158937145,0.510371561243));
#4591 = CARTESIAN_POINT('',(0.311345919222,0.510319499651));
#4592 = CARTESIAN_POINT('',(0.311532928456,0.510264132722));
#4593 = CARTESIAN_POINT('',(0.311719964087,0.5102054283));
#4594 = CARTESIAN_POINT('',(0.311907025342,0.510143353176));
#4595 = CARTESIAN_POINT('',(0.312094111406,0.510077873059));
#4596 = CARTESIAN_POINT('',(0.312281221537,0.510008952494));
#4597 = CARTESIAN_POINT('',(0.312468354619,0.509936555004));
#4598 = CARTESIAN_POINT('',(0.312655509503,0.509860642901));
#4599 = CARTESIAN_POINT('',(0.312842685366,0.509781177119));
#4600 = CARTESIAN_POINT('',(0.313029881254,0.509698117337));
#4601 = CARTESIAN_POINT('',(0.313217096197,0.509611421883));
#4602 = CARTESIAN_POINT('',(0.313404329183,0.50952104769));
#4603 = CARTESIAN_POINT('',(0.31359157916,0.509426950234));
#4604 = CARTESIAN_POINT('',(0.313778845037,0.509329083477));
#4605 = CARTESIAN_POINT('',(0.31396612568,0.509227399803));
#4606 = CARTESIAN_POINT('',(0.314153419914,0.509121849952));
#4607 = CARTESIAN_POINT('',(0.314340726518,0.509012382949));
#4608 = CARTESIAN_POINT('',(0.314528044227,0.50889894603));
#4609 = CARTESIAN_POINT('',(0.31471537173,0.50878148456));
#4610 = CARTESIAN_POINT('',(0.314902707669,0.508659941949));
#4611 = CARTESIAN_POINT('',(0.315090050635,0.508534259559));
#4612 = CARTESIAN_POINT('',(0.315277399168,0.508404376605));
#4613 = CARTESIAN_POINT('',(0.315464751757,0.508270230053));
#4614 = CARTESIAN_POINT('',(0.315652106837,0.508131754503));
#4615 = CARTESIAN_POINT('',(0.315839462784,0.507988882071));
#4616 = CARTESIAN_POINT('',(0.316026817918,0.507841542258));
#4617 = CARTESIAN_POINT('',(0.316214170498,0.507689661812));
#4618 = CARTESIAN_POINT('',(0.316401518718,0.507533164583));
#4619 = CARTESIAN_POINT('',(0.316588860716,0.507371971351));
#4620 = CARTESIAN_POINT('',(0.316776194523,0.507205999709));
#4621 = CARTESIAN_POINT('',(0.316963518253,0.507035163702));
#4622 = CARTESIAN_POINT('',(0.317150829357,0.506859374304));
#4623 = CARTESIAN_POINT('',(0.317338125231,0.506678538685));
#4624 = CARTESIAN_POINT('',(0.317525403863,0.506492559337));
#4625 = CARTESIAN_POINT('',(0.317712662906,0.50630133466));
#4626 = CARTESIAN_POINT('',(0.317899899919,0.506104758481));
#4627 = CARTESIAN_POINT('',(0.318087112296,0.505902719827));
#4628 = CARTESIAN_POINT('',(0.318274297281,0.505695102603));
#4629 = CARTESIAN_POINT('',(0.318461451949,0.505481785247));
#4630 = CARTESIAN_POINT('',(0.31864857321,0.505262640358));
#4631 = CARTESIAN_POINT('',(0.318835657795,0.505037534292));
#4632 = CARTESIAN_POINT('',(0.319022702251,0.504806326718));
#4633 = CARTESIAN_POINT('',(0.31920970293,0.504568870127));
#4634 = CARTESIAN_POINT('',(0.31939665598,0.504325009304));
#4635 = CARTESIAN_POINT('',(0.319583557338,0.504074580733));
#4636 = CARTESIAN_POINT('',(0.319770402713,0.503817411954));
#4637 = CARTESIAN_POINT('',(0.319957187575,0.503553320838));
#4638 = CARTESIAN_POINT('',(0.320143907143,0.503282114789));
#4639 = CARTESIAN_POINT('',(0.320330556362,0.503003589867));
#4640 = CARTESIAN_POINT('',(0.320517129913,0.502717529756));
#4641 = CARTESIAN_POINT('',(0.320703622085,0.502423704845));
#4642 = CARTESIAN_POINT('',(0.320890027167,0.502121870321));
#4643 = CARTESIAN_POINT('',(0.321076337166,0.501811768564));
#4644 = CARTESIAN_POINT('',(0.321262545514,0.50149312141));
#4645 = CARTESIAN_POINT('',(0.321448644892,0.501165632061));
#4646 = CARTESIAN_POINT('',(0.321634627287,0.500828982827));
#4647 = CARTESIAN_POINT('',(0.321820483919,0.500482832967));
#4648 = CARTESIAN_POINT('',(0.3220062052,0.500126816209));
#4649 = CARTESIAN_POINT('',(0.32219178067,0.499760537914));
#4650 = CARTESIAN_POINT('',(0.322377198939,0.499383571784));
#4651 = CARTESIAN_POINT('',(0.322562447587,0.498995456058));
#4652 = CARTESIAN_POINT('',(0.322747513143,0.498595688884));
#4653 = CARTESIAN_POINT('',(0.322932380737,0.498183723634));
#4654 = CARTESIAN_POINT('',(0.323117034864,0.497758960782));
#4655 = CARTESIAN_POINT('',(0.323301455935,0.497320748573));
#4656 = CARTESIAN_POINT('',(0.323485622988,0.496868368112));
#4657 = CARTESIAN_POINT('',(0.323669515457,0.496401017888));
#4658 = CARTESIAN_POINT('',(0.323853108392,0.495917812551));
#4659 = CARTESIAN_POINT('',(0.324036373323,0.495417765661));
#4660 = CARTESIAN_POINT('',(0.324219277514,0.494899772798));
#4661 = CARTESIAN_POINT('',(0.324401783592,0.494362589317));
#4662 = CARTESIAN_POINT('',(0.324583848687,0.493804803613));
#4663 = CARTESIAN_POINT('',(0.32476542438,0.493224799753));
#4664 = CARTESIAN_POINT('',(0.324946452862,0.492620721818));
#4665 = CARTESIAN_POINT('',(0.325126864093,0.491990422826));
#4666 = CARTESIAN_POINT('',(0.32530657816,0.491331375018));
#4667 = CARTESIAN_POINT('',(0.325485494016,0.490640601157));
#4668 = CARTESIAN_POINT('',(0.325663491318,0.489914519084));
#4669 = CARTESIAN_POINT('',(0.325840412086,0.489148807888));
#4670 = CARTESIAN_POINT('',(0.326016066422,0.488338084148));
#4671 = CARTESIAN_POINT('',(0.326190199478,0.487475599517));
#4672 = CARTESIAN_POINT('',(0.326362468187,0.486552668949));
#4673 = CARTESIAN_POINT('',(0.32653239882,0.485557816655));
#4674 = CARTESIAN_POINT('',(0.326699303078,0.484475282556));
#4675 = CARTESIAN_POINT('',(0.326862136849,0.483282915381));
#4676 = CARTESIAN_POINT('',(0.327019137295,0.481946638811));
#4677 = CARTESIAN_POINT('',(0.327167417897,0.480414884743));
#4678 = CARTESIAN_POINT('',(0.327299945752,0.478587881073));
#4679 = CARTESIAN_POINT('',(0.327404266978,0.476321641451));
#4680 = CARTESIAN_POINT('',(0.327425333746,0.473245493467));
#4681 = CARTESIAN_POINT('',(0.327307344732,0.470334353324));
#4682 = CARTESIAN_POINT('',(0.327142900331,0.468217717496));
#4683 = CARTESIAN_POINT('',(0.326963156125,0.466503823681));
#4684 = CARTESIAN_POINT('',(0.326776709634,0.465069082014));
#4685 = CARTESIAN_POINT('',(0.326586890017,0.463819254292));
#4686 = CARTESIAN_POINT('',(0.3263952506,0.462707602962));
#4687 = CARTESIAN_POINT('',(0.326202522538,0.461701801405));
#4688 = CARTESIAN_POINT('',(0.326009153167,0.460780987062));
#4689 = CARTESIAN_POINT('',(0.325815389742,0.459930088957));
#4690 = CARTESIAN_POINT('',(0.325621397665,0.459138123391));
#4691 = CARTESIAN_POINT('',(0.325427284038,0.458396719452));
#4692 = CARTESIAN_POINT('',(0.325233122816,0.457699357349));
#4693 = CARTESIAN_POINT('',(0.325038962175,0.457040826763));
#4694 = CARTESIAN_POINT('',(0.324844840962,0.456416914379));
#4695 = CARTESIAN_POINT('',(0.324650783164,0.455824129418));
#4696 = CARTESIAN_POINT('',(0.324456809552,0.455259564574));
#4697 = CARTESIAN_POINT('',(0.32426293494,0.454720755967));
#4698 = CARTESIAN_POINT('',(0.324069168028,0.4542055907));
#4699 = CARTESIAN_POINT('',(0.323875515031,0.453712245606));
#4700 = CARTESIAN_POINT('',(0.323681985186,0.453239146292));
#4701 = CARTESIAN_POINT('',(0.323488581056,0.452784899945));
#4702 = CARTESIAN_POINT('',(0.323295306176,0.452348282385));
#4703 = CARTESIAN_POINT('',(0.323102162947,0.45192820594));
#4704 = CARTESIAN_POINT('',(0.32290915311,0.45152369941));
#4705 = CARTESIAN_POINT('',(0.32271627758,0.451133890624));
#4706 = CARTESIAN_POINT('',(0.322523536299,0.450757992378));
#4707 = CARTESIAN_POINT('',(0.322330928762,0.45039529166));
#4708 = CARTESIAN_POINT('',(0.322138457139,0.45004514575));
#4709 = CARTESIAN_POINT('',(0.321946119968,0.449706962164));
#4710 = CARTESIAN_POINT('',(0.321753916714,0.449380200539));
#4711 = CARTESIAN_POINT('',(0.321561846677,0.449064364652));
#4712 = CARTESIAN_POINT('',(0.321369909238,0.448758997857));
#4713 = CARTESIAN_POINT('',(0.321178103763,0.448463678568));
#4714 = CARTESIAN_POINT('',(0.320986429595,0.448178016533));
#4715 = CARTESIAN_POINT('',(0.320794886032,0.447901649579));
#4716 = CARTESIAN_POINT('',(0.320603472308,0.4476342408));
#4717 = CARTESIAN_POINT('',(0.320412187583,0.447375476102));
#4718 = CARTESIAN_POINT('',(0.320221030921,0.447125062051));
#4719 = CARTESIAN_POINT('',(0.320030001292,0.446882723966));
#4720 = CARTESIAN_POINT('',(0.319839097535,0.446648204223));
#4721 = CARTESIAN_POINT('',(0.319648318432,0.446421260845));
#4722 = CARTESIAN_POINT('',(0.319457662402,0.446201665871));
#4723 = CARTESIAN_POINT('',(0.319267128594,0.445989205504));
#4724 = CARTESIAN_POINT('',(0.319076717783,0.445783679701));
#4725 = CARTESIAN_POINT('',(0.318886428446,0.445584897027));
#4726 = CARTESIAN_POINT('',(0.318696259712,0.445392677109));
#4727 = CARTESIAN_POINT('',(0.318506210604,0.445206849007));
#4728 = CARTESIAN_POINT('',(0.318316280229,0.44502725073));
#4729 = CARTESIAN_POINT('',(0.318126467723,0.444853728529));
#4730 = CARTESIAN_POINT('',(0.317936772257,0.444686136331));
#4731 = CARTESIAN_POINT('',(0.317747193029,0.444524335195));
#4732 = CARTESIAN_POINT('',(0.317557729262,0.444368192831));
#4733 = CARTESIAN_POINT('',(0.317368380195,0.44421758316));
#4734 = CARTESIAN_POINT('',(0.317179145085,0.444072385903));
#4735 = CARTESIAN_POINT('',(0.316990023201,0.443932486222));
#4736 = CARTESIAN_POINT('',(0.316801013817,0.443797774374));
#4737 = CARTESIAN_POINT('',(0.316612116218,0.443668145404));
#4738 = CARTESIAN_POINT('',(0.316423329689,0.443543498859));
#4739 = CARTESIAN_POINT('',(0.316234653515,0.44342373852));
#4740 = CARTESIAN_POINT('',(0.316046086981,0.443308772167));
#4741 = CARTESIAN_POINT('',(0.315857629368,0.443198511342));
#4742 = CARTESIAN_POINT('',(0.31566927995,0.443092871149));
#4743 = CARTESIAN_POINT('',(0.315481037999,0.442991770056));
#4744 = CARTESIAN_POINT('',(0.315292902757,0.442895129715));
#4745 = CARTESIAN_POINT('',(0.315104873529,0.442802874826));
#4746 = CARTESIAN_POINT('',(0.314916949336,0.442714932862));
#4747 = CARTESIAN_POINT('',(0.314729130373,0.442631234519));
#4748 = CARTESIAN_POINT('',(0.314541416121,0.442551712733));
#4749 = CARTESIAN_POINT('',(0.314353805879,0.442476302826));
#4750 = CARTESIAN_POINT('',(0.314166299024,0.442404942488));
#4751 = CARTESIAN_POINT('',(0.313978894935,0.442337571646));
#4752 = CARTESIAN_POINT('',(0.313791593018,0.442274132365));
#4753 = CARTESIAN_POINT('',(0.313604392695,0.442214568748));
#4754 = CARTESIAN_POINT('',(0.313417293402,0.442158826846));
#4755 = CARTESIAN_POINT('',(0.313230294593,0.442106854576));
#4756 = CARTESIAN_POINT('',(0.313043395737,0.442058601632));
#4757 = CARTESIAN_POINT('',(0.312856596314,0.442014019416));
#4758 = CARTESIAN_POINT('',(0.31266989582,0.441973060962));
#4759 = CARTESIAN_POINT('',(0.31248329376,0.441935680871));
#4760 = CARTESIAN_POINT('',(0.312296789651,0.441901835246));
#4761 = CARTESIAN_POINT('',(0.312110383019,0.441871481635));
#4762 = CARTESIAN_POINT('',(0.311924073403,0.44184457897));
#4763 = CARTESIAN_POINT('',(0.311737860347,0.44182108752));
#4764 = CARTESIAN_POINT('',(0.311551743404,0.441800968837));
#4765 = CARTESIAN_POINT('',(0.311365722135,0.44178418571));
#4766 = CARTESIAN_POINT('',(0.311179796109,0.441770702124));
#4767 = CARTESIAN_POINT('',(0.3109939649,0.441760483214));
#4768 = CARTESIAN_POINT('',(0.310808228089,0.441753495228));
#4769 = CARTESIAN_POINT('',(0.31062258526,0.441749705492));
#4770 = CARTESIAN_POINT('',(0.310437036004,0.44174908237));
#4771 = CARTESIAN_POINT('',(0.310251579918,0.441751595237));
#4772 = CARTESIAN_POINT('',(0.310066216599,0.441757214443));
#4773 = CARTESIAN_POINT('',(0.309880945651,0.441765911286));
#4774 = CARTESIAN_POINT('',(0.30969576668,0.441777657985));
#4775 = CARTESIAN_POINT('',(0.309510679295,0.441792427649));
#4776 = CARTESIAN_POINT('',(0.309325683109,0.441810194259));
#4777 = CARTESIAN_POINT('',(0.309140777734,0.441830932639));
#4778 = CARTESIAN_POINT('',(0.308955962788,0.441854618438));
#4779 = CARTESIAN_POINT('',(0.308771237887,0.441881228103));
#4780 = CARTESIAN_POINT('',(0.308586602652,0.441910738868));
#4781 = CARTESIAN_POINT('',(0.308402056703,0.441943128725));
#4782 = CARTESIAN_POINT('',(0.30821759966,0.441978376418));
#4783 = CARTESIAN_POINT('',(0.308033231146,0.442016461418));
#4784 = CARTESIAN_POINT('',(0.307848950783,0.44205736391));
#4785 = CARTESIAN_POINT('',(0.307664758194,0.442101064786));
#4786 = CARTESIAN_POINT('',(0.307480653001,0.44214754562));
#4787 = CARTESIAN_POINT('',(0.307296634825,0.442196788672));
#4788 = CARTESIAN_POINT('',(0.307112703299,0.44224877686));
#4789 = CARTESIAN_POINT('',(0.306928858002,0.442303493786));
#4790 = CARTESIAN_POINT('',(0.306745099118,0.442360923473));
#4791 = CARTESIAN_POINT('',(0.306561426266,0.442421050757));
#4792 = CARTESIAN_POINT('',(0.306377839147,0.442483861066));
#4793 = CARTESIAN_POINT('',(0.306194337448,0.442549340448));
#4794 = CARTESIAN_POINT('',(0.306010920867,0.442617475557));
#4795 = CARTESIAN_POINT('',(0.305827589107,0.442688253644));
#4796 = CARTESIAN_POINT('',(0.305644341879,0.442761662554));
#4797 = CARTESIAN_POINT('',(0.305461178898,0.442837690724));
#4798 = CARTESIAN_POINT('',(0.305278099883,0.442916327174));
#4799 = CARTESIAN_POINT('',(0.305095104562,0.442997561505));
#4800 = CARTESIAN_POINT('',(0.304912192665,0.443081383898));
#4801 = CARTESIAN_POINT('',(0.30472936393,0.443167785108));
#4802 = CARTESIAN_POINT('',(0.304546618098,0.443256756467));
#4803 = CARTESIAN_POINT('',(0.304363954916,0.443348289879));
#4804 = CARTESIAN_POINT('',(0.304181374137,0.443442377822));
#4805 = CARTESIAN_POINT('',(0.303998875517,0.443539013349));
#4806 = CARTESIAN_POINT('',(0.303816458817,0.443638190087));
#4807 = CARTESIAN_POINT('',(0.303634123804,0.44373990224));
#4808 = CARTESIAN_POINT('',(0.303451870249,0.443844144593));
#4809 = CARTESIAN_POINT('',(0.303269697927,0.443950912514));
#4810 = CARTESIAN_POINT('',(0.303087606619,0.444060201957));
#4811 = CARTESIAN_POINT('',(0.30290559611,0.444172009472));
#4812 = CARTESIAN_POINT('',(0.302723666188,0.444286332204));
#4813 = CARTESIAN_POINT('',(0.302541816648,0.444403167904));
#4814 = CARTESIAN_POINT('',(0.302360047288,0.444522514936));
#4815 = CARTESIAN_POINT('',(0.302178357911,0.444644372285));
#4816 = CARTESIAN_POINT('',(0.301996748324,0.444768739565));
#4817 = CARTESIAN_POINT('',(0.301815218339,0.444895617029));
#4818 = CARTESIAN_POINT('',(0.301633767773,0.445025005581));
#4819 = CARTESIAN_POINT('',(0.301452396445,0.445156906787));
#4820 = CARTESIAN_POINT('',(0.301271104184,0.445291322888));
#4821 = CARTESIAN_POINT('',(0.301089890815,0.445428256816));
#4822 = CARTESIAN_POINT('',(0.300908756186,0.445567712191));
#4823 = CARTESIAN_POINT('',(0.300727700244,0.445709693285));
#4824 = CARTESIAN_POINT('',(0.300546722817,0.445854205207));
#4825 = CARTESIAN_POINT('',(0.300365823769,0.446001253792));
#4826 = CARTESIAN_POINT('',(0.300185002965,0.446150845654));
#4827 = CARTESIAN_POINT('',(0.300004260285,0.446302988202));
#4828 = CARTESIAN_POINT('',(0.299823595615,0.446457689662));
#4829 = CARTESIAN_POINT('',(0.299643008853,0.446614959105));
#4830 = CARTESIAN_POINT('',(0.299462499905,0.44677480647));
#4831 = CARTESIAN_POINT('',(0.29928206869,0.446937242594));
#4832 = CARTESIAN_POINT('',(0.299101715136,0.447102279245));
#4833 = CARTESIAN_POINT('',(0.298921439181,0.447269929148));
#4834 = CARTESIAN_POINT('',(0.298741240776,0.447440206023));
#4835 = CARTESIAN_POINT('',(0.298561119881,0.447613124622));
#4836 = CARTESIAN_POINT('',(0.29838107647,0.447788700768));
#4837 = CARTESIAN_POINT('',(0.298201110526,0.447966951397));
#4838 = CARTESIAN_POINT('',(0.298021222046,0.448147894603));
#4839 = CARTESIAN_POINT('',(0.29784141104,0.448331549687));
#4840 = CARTESIAN_POINT('',(0.297661677528,0.44851793721));
#4841 = CARTESIAN_POINT('',(0.297482021546,0.448707079048));
#4842 = CARTESIAN_POINT('',(0.297302443143,0.448898998451));
#4843 = CARTESIAN_POINT('',(0.297122942383,0.449093720105));
#4844 = CARTESIAN_POINT('',(0.296943519337,0.449291270213));
#4845 = CARTESIAN_POINT('',(0.296764174126,0.449491676514));
#4846 = CARTESIAN_POINT('',(0.296584906756,0.449694968545));
#4847 = CARTESIAN_POINT('',(0.296405717898,0.449901176885));
#4848 = CARTESIAN_POINT('',(0.296226607627,0.450110334545));
#4849 = CARTESIAN_POINT('',(0.296047576034,0.450322476525));
#4850 = CARTESIAN_POINT('',(0.295868623249,0.450537639845));
#4851 = CARTESIAN_POINT('',(0.295689749441,0.450755863664));
#4852 = CARTESIAN_POINT('',(0.295510954817,0.450977189388));
#4853 = CARTESIAN_POINT('',(0.295332239628,0.451201660799));
#4854 = CARTESIAN_POINT('',(0.295153604162,0.451429324204));
#4855 = CARTESIAN_POINT('',(0.294975048753,0.451660228583));
#4856 = CARTESIAN_POINT('',(0.294796573781,0.451894425764));
#4857 = CARTESIAN_POINT('',(0.29461817967,0.452131970602));
#4858 = CARTESIAN_POINT('',(0.294439866894,0.452372921182));
#4859 = CARTESIAN_POINT('',(0.294261635978,0.452617339033));
#4860 = CARTESIAN_POINT('',(0.294083487499,0.452865289357));
#4861 = CARTESIAN_POINT('',(0.293905422092,0.453116841294));
#4862 = CARTESIAN_POINT('',(0.293727440447,0.453372068193));
#4863 = CARTESIAN_POINT('',(0.293549543317,0.453631047922));
#4864 = CARTESIAN_POINT('',(0.29337173152,0.453893863206));
#4865 = CARTESIAN_POINT('',(0.293194005941,0.454160601998));
#4866 = CARTESIAN_POINT('',(0.293016367539,0.454431357893));
#4867 = CARTESIAN_POINT('',(0.292838817347,0.454706230581));
#4868 = CARTESIAN_POINT('',(0.292661356483,0.454985326357));
#4869 = CARTESIAN_POINT('',(0.292483986151,0.455268758683));
#4870 = CARTESIAN_POINT('',(0.29230670765,0.455556648805));
#4871 = CARTESIAN_POINT('',(0.292129522372,0.455849126465));
#4872 = CARTESIAN_POINT('',(0.291952431849,0.456146330599));
#4873 = CARTESIAN_POINT('',(0.291775437604,0.456448410453));
#4874 = CARTESIAN_POINT('',(0.291598541769,0.456755525522));
#4875 = CARTESIAN_POINT('',(0.291421746578,0.457067847621));
#4876 = CARTESIAN_POINT('',(0.291245054155,0.457385562379));
#4877 = CARTESIAN_POINT('',(0.291068466982,0.457708869963));
#4878 = CARTESIAN_POINT('',(0.290891987796,0.458037986878));
#4879 = CARTESIAN_POINT('',(0.290715619642,0.458373147732));
#4880 = CARTESIAN_POINT('',(0.290539365893,0.458714607353));
#4881 = CARTESIAN_POINT('',(0.290363230266,0.45906264324));
#4882 = CARTESIAN_POINT('',(0.290187216894,0.459417558329));
#4883 = CARTESIAN_POINT('',(0.29001133024,0.459779684561));
#4884 = CARTESIAN_POINT('',(0.289835575587,0.460149385727));
#4885 = CARTESIAN_POINT('',(0.289659958978,0.460527062358));
#4886 = CARTESIAN_POINT('',(0.289484486434,0.46091315872));
#4887 = CARTESIAN_POINT('',(0.289309165221,0.461308166878));
#4888 = CARTESIAN_POINT('',(0.289134003652,0.461712634976));
#4889 = CARTESIAN_POINT('',(0.288959011294,0.46212717623));
#4890 = CARTESIAN_POINT('',(0.28878419907,0.462552480368));
#4891 = CARTESIAN_POINT('',(0.288609579534,0.462989327545));
#4892 = CARTESIAN_POINT('',(0.288435166804,0.463438606469));
#4893 = CARTESIAN_POINT('',(0.288260978792,0.463901331267));
#4894 = CARTESIAN_POINT('',(0.288087034911,0.464378676289));
#4895 = CARTESIAN_POINT('',(0.287913359189,0.464872005497));
#4896 = CARTESIAN_POINT('',(0.287739981002,0.465382918846));
#4897 = CARTESIAN_POINT('',(0.287566934822,0.465913319002));
#4898 = CARTESIAN_POINT('',(0.287394266486,0.466465481094));
#4899 = CARTESIAN_POINT('',(0.287222028828,0.467042190717));
#4900 = CARTESIAN_POINT('',(0.287050292216,0.467646888396));
#4901 = CARTESIAN_POINT('',(0.28687915018,0.468283913454));
#4902 = CARTESIAN_POINT('',(0.286708725876,0.468958868861));
#4903 = CARTESIAN_POINT('',(0.286539194955,0.469679223891));
#4904 = CARTESIAN_POINT('',(0.28637080342,0.470455123453));
#4905 = CARTESIAN_POINT('',(0.286203965156,0.471301623969));
#4906 = CARTESIAN_POINT('',(0.286039226006,0.472239859626));
#4907 = CARTESIAN_POINT('',(0.285878089901,0.473311690145));
#4908 = CARTESIAN_POINT('',(0.285721745336,0.474567334737));
#4909 = CARTESIAN_POINT('',(0.285628201527,0.475672059241));
#4910 = CARTESIAN_POINT('',(0.285585495469,0.476319628017));
#4911 = ( GEOMETRIC_REPRESENTATION_CONTEXT(2) 
PARAMETRIC_REPRESENTATION_CONTEXT() REPRESENTATION_CONTEXT('2D SPACE',''
  ) );
#4912 = PCURVE('',#4913,#4918);
#4913 = CYLINDRICAL_SURFACE('',#4914,70.);
#4914 = AXIS2_PLACEMENT_3D('',#4915,#4916,#4917);
#4915 = CARTESIAN_POINT('',(0.,1.43E+03,180.));
#4916 = DIRECTION('',(1.,0.,0.));
#4917 = DIRECTION('',(0.,1.,0.));
#4918 = DEFINITIONAL_REPRESENTATION('',(#4919),#5385);
#4919 = B_SPLINE_CURVE_WITH_KNOTS('',3,(#4920,#4921,#4922,#4923,#4924,
    #4925,#4926,#4927,#4928,#4929,#4930,#4931,#4932,#4933,#4934,#4935,
    #4936,#4937,#4938,#4939,#4940,#4941,#4942,#4943,#4944,#4945,#4946,
    #4947,#4948,#4949,#4950,#4951,#4952,#4953,#4954,#4955,#4956,#4957,
    #4958,#4959,#4960,#4961,#4962,#4963,#4964,#4965,#4966,#4967,#4968,
    #4969,#4970,#4971,#4972,#4973,#4974,#4975,#4976,#4977,#4978,#4979,
    #4980,#4981,#4982,#4983,#4984,#4985,#4986,#4987,#4988,#4989,#4990,
    #4991,#4992,#4993,#4994,#4995,#4996,#4997,#4998,#4999,#5000,#5001,
    #5002,#5003,#5004,#5005,#5006,#5007,#5008,#5009,#5010,#5011,#5012,
    #5013,#5014,#5015,#5016,#5017,#5018,#5019,#5020,#5021,#5022,#5023,
    #5024,#5025,#5026,#5027,#5028,#5029,#5030,#5031,#5032,#5033,#5034,
    #5035,#5036,#5037,#5038,#5039,#5040,#5041,#5042,#5043,#5044,#5045,
    #5046,#5047,#5048,#5049,#5050,#5051,#5052,#5053,#5054,#5055,#5056,
    #5057,#5058,#5059,#5060,#5061,#5062,#5063,#5064,#5065,#5066,#5067,
    #5068,#5069,#5070,#5071,#5072,#5073,#5074,#5075,#5076,#5077,#5078,
    #5079,#5080,#5081,#5082,#5083,#5084,#5085,#5086,#5087,#5088,#5089,
    #5090,#5091,#5092,#5093,#5094,#5095,#5096,#5097,#5098,#5099,#5100,
    #5101,#5102,#5103,#5104,#5105,#5106,#5107,#5108,#5109,#5110,#5111,
    #5112,#5113,#5114,#5115,#5116,#5117,#5118,#5119,#5120,#5121,#5122,
    #5123,#5124,#5125,#5126,#5127,#5128,#5129,#5130,#5131,#5132,#5133,
    #5134,#5135,#5136,#5137,#5138,#5139,#5140,#5141,#5142,#5143,#5144,
    #5145,#5146,#5147,#5148,#5149,#5150,#5151,#5152,#5153,#5154,#5155,
    #5156,#5157,#5158,#5159,#5160,#5161,#5162,#5163,#5164,#5165,#5166,
    #5167,#5168,#5169,#5170,#5171,#5172,#5173,#5174,#5175,#5176,#5177,
    #5178,#5179,#5180,#5181,#5182,#5183,#5184,#5185,#5186,#5187,#5188,
    #5189,#5190,#5191,#5192,#5193,#5194,#5195,#5196,#5197,#5198,#5199,
    #5200,#5201,#5202,#5203,#5204,#5205,#5206,#5207,#5208,#5209,#5210,
    #5211,#5212,#5213,#5214,#5215,#5216,#5217,#5218,#5219,#5220,#5221,
    #5222,#5223,#5224,#5225,#5226,#5227,#5228,#5229,#5230,#5231,#5232,
    #5233,#5234,#5235,#5236,#5237,#5238,#5239,#5240,#5241,#5242,#5243,
    #5244,#5245,#5246,#5247,#5248,#5249,#5250,#5251,#5252,#5253,#5254,
    #5255,#5256,#5257,#5258,#5259,#5260,#5261,#5262,#5263,#5264,#5265,
    #5266,#5267,#5268,#5269,#5270,#5271,#5272,#5273,#5274,#5275,#5276,
    #5277,#5278,#5279,#5280,#5281,#5282,#5283,#5284,#5285,#5286,#5287,
    #5288,#5289,#5290,#5291,#5292,#5293,#5294,#5295,#5296,#5297,#5298,
    #5299,#5300,#5301,#5302,#5303,#5304,#5305,#5306,#5307,#5308,#5309,
    #5310,#5311,#5312,#5313,#5314,#5315,#5316,#5317,#5318,#5319,#5320,
    #5321,#5322,#5323,#5324,#5325,#5326,#5327,#5328,#5329,#5330,#5331,
    #5332,#5333,#5334,#5335,#5336,#5337,#5338,#5339,#5340,#5341,#5342,
    #5343,#5344,#5345,#5346,#5347,#5348,#5349,#5350,#5351,#5352,#5353,
    #5354,#5355,#5356,#5357,#5358,#5359,#5360,#5361,#5362,#5363,#5364,
    #5365,#5366,#5367,#5368,#5369,#5370,#5371,#5372,#5373,#5374,#5375,
    #5376,#5377,#5378,#5379,#5380,#5381,#5382,#5383,#5384),
  .UNSPECIFIED.,.F.,.F.,(4,1,1,1,1,1,1,1,1,1,1,1,1,1,1,1,1,1,1,1,1,1,1,1
    ,1,1,1,1,1,1,1,1,1,1,1,1,1,1,1,1,1,1,1,1,1,1,1,1,1,1,1,1,1,1,1,1,1,1
    ,1,1,1,1,1,1,1,1,1,1,1,1,1,1,1,1,1,1,1,1,1,1,1,1,1,1,1,1,1,1,1,1,1,1
    ,1,1,1,1,1,1,1,1,1,1,1,1,1,1,1,1,1,1,1,1,1,1,1,1,1,1,1,1,1,1,1,1,1,1
    ,1,1,1,1,1,1,1,1,1,1,1,1,1,1,1,1,1,1,1,1,1,1,1,1,1,1,1,1,1,1,1,1,1,1
    ,1,1,1,1,1,1,1,1,1,1,1,1,1,1,1,1,1,1,1,1,1,1,1,1,1,1,1,1,1,1,1,1,1,1
    ,1,1,1,1,1,1,1,1,1,1,1,1,1,1,1,1,1,1,1,1,1,1,1,1,1,1,1,1,1,1,1,1,1,1
    ,1,1,1,1,1,1,1,1,1,1,1,1,1,1,1,1,1,1,1,1,1,1,1,1,1,1,1,1,1,1,1,1,1,1
    ,1,1,1,1,1,1,1,1,1,1,1,1,1,1,1,1,1,1,1,1,1,1,1,1,1,1,1,1,1,1,1,1,1,1
    ,1,1,1,1,1,1,1,1,1,1,1,1,1,1,1,1,1,1,1,1,1,1,1,1,1,1,1,1,1,1,1,1,1,1
    ,1,1,1,1,1,1,1,1,1,1,1,1,1,1,1,1,1,1,1,1,1,1,1,1,1,1,1,1,1,1,1,1,1,1
    ,1,1,1,1,1,1,1,1,1,1,1,1,1,1,1,1,1,1,1,1,1,1,1,1,1,1,1,1,1,1,1,1,1,1
    ,1,1,1,1,1,1,1,1,1,1,1,1,1,1,1,1,1,1,1,1,1,1,1,1,1,1,1,1,1,1,1,1,1,1
    ,1,1,1,1,1,1,1,1,1,1,1,1,1,1,1,1,1,1,1,1,1,1,1,1,1,1,1,1,1,1,4),(0.,
    2.179908508303E-03,4.359817016606E-03,6.539725524909E-03,
    8.719634033212E-03,1.089954254151E-02,1.307945104982E-02,
    1.525935955812E-02,1.743926806642E-02,1.961917657473E-02,
    2.179908508303E-02,2.397899359133E-02,2.615890209963E-02,
    2.833881060794E-02,3.051871911624E-02,3.269862762454E-02,
    3.487853613285E-02,3.705844464115E-02,3.923835314945E-02,
    4.141826165776E-02,4.359817016606E-02,4.577807867436E-02,
    4.795798718266E-02,5.013789569097E-02,5.231780419927E-02,
    5.449771270757E-02,5.667762121588E-02,5.885752972418E-02,
    6.103743823248E-02,6.321734674078E-02,6.539725524909E-02,
    6.757716375739E-02,6.975707226569E-02,7.1936980774E-02,
    7.41168892823E-02,7.62967977906E-02,7.84767062989E-02,
    8.065661480721E-02,8.283652331551E-02,8.501643182381E-02,
    8.719634033212E-02,8.937624884042E-02,9.155615734872E-02,
    9.373606585702E-02,9.591597436533E-02,9.809588287363E-02,
    0.100275791382,0.10245569989,0.104635608399,0.106815516907,
    0.108995425415,0.111175333923,0.113355242432,0.11553515094,
    0.117715059448,0.119894967957,0.122074876465,0.124254784973,
    0.126434693482,0.12861460199,0.130794510498,0.132974419006,
    0.135154327515,0.137334236023,0.139514144531,0.14169405304,
    0.143873961548,0.146053870056,0.148233778565,0.150413687073,
    0.152593595581,0.15477350409,0.156953412598,0.159133321106,
    0.161313229614,0.163493138123,0.165673046631,0.167852955139,
    0.170032863648,0.172212772156,0.174392680664,0.176572589173,
    0.178752497681,0.180932406189,0.183112314697,0.185292223206,
    0.187472131714,0.189652040222,0.191831948731,0.194011857239,
    0.196191765747,0.198371674256,0.200551582764,0.202731491272,
    0.20491139978,0.207091308289,0.209271216797,0.211451125305,
    0.213631033814,0.215810942322,0.21799085083,0.220170759339,
    0.222350667847,0.224530576355,0.226710484864,0.228890393372,
    0.23107030188,0.233250210388,0.235430118897,0.237610027405,
    0.239789935913,0.241969844422,0.24414975293,0.246329661438,
    0.248509569947,0.250689478455,0.252869386963,0.255049295471,
    0.25722920398,0.259409112488,0.261589020996,0.263768929505,
    0.265948838013,0.268128746521,0.27030865503,0.272488563538,
    0.274668472046,0.276848380554,0.279028289063,0.281208197571,
    0.283388106079,0.285568014588,0.287747923096,0.289927831604,
    0.292107740113,0.294287648621,0.296467557129,0.298647465637,
    0.300827374146,0.303007282654,0.305187191162,0.307367099671,
    0.309547008179,0.311726916687,0.313906825196,0.316086733704,
    0.318266642212,0.320446550721,0.322626459229,0.324806367737,
    0.326986276245,0.329166184754,0.331346093262,0.33352600177,
    0.335705910279,0.337885818787,0.340065727295,0.342245635804,
    0.344425544312,0.34660545282,0.348785361328,0.350965269837,
    0.353145178345,0.355325086853,0.357504995362,0.35968490387,
    0.361864812378,0.364044720887,0.366224629395,0.368404537903,
    0.370584446411,0.37276435492,0.374944263428,0.377124171936,
    0.379304080445,0.381483988953,0.383663897461,0.38584380597,
    0.388023714478,0.390203622986,0.392383531495,0.394563440003,
    0.396743348511,0.398923257019,0.401103165528,0.403283074036,
    0.405462982544,0.407642891053,0.409822799561,0.412002708069,
    0.414182616578,0.416362525086,0.418542433594,0.420722342102,
    0.422902250611,0.425082159119,0.427262067627,0.429441976136,
    0.431621884644,0.433801793152,0.435981701661,0.438161610169,
    0.440341518677,0.442521427185,0.444701335694,0.446881244202,
    0.44906115271,0.451241061219,0.453420969727,0.455600878235,
    0.457780786744,0.459960695252,0.46214060376,0.464320512269,
    0.466500420777,0.468680329285,0.470860237793,0.473040146302,
    0.47522005481,0.477399963318,0.479579871827,0.481759780335,
    0.483939688843,0.486119597352,0.48829950586,0.490479414368,
    0.492659322876,0.494839231385,0.497019139893,0.499199048401,
    0.50137895691,0.503558865418,0.505738773926,0.507918682435,
    0.510098590943,0.512278499451,0.514458407959,0.516638316468,
    0.518818224976,0.520998133484,0.523178041993,0.525357950501,
    0.527537859009,0.529717767518,0.531897676026,0.534077584534,
    0.536257493043,0.538437401551,0.540617310059,0.542797218567,
    0.544977127076,0.547157035584,0.549336944092,0.551516852601,
    0.553696761109,0.555876669617,0.558056578126,0.560236486634,
    0.562416395142,0.56459630365,0.566776212159,0.568956120667,
    0.571136029175,0.573315937684,0.575495846192,0.5776757547,
    0.579855663209,0.582035571717,0.584215480225,0.586395388733,
    0.588575297242,0.59075520575,0.592935114258,0.595115022767,
    0.597294931275,0.599474839783,0.601654748292,0.6038346568,
    0.606014565308,0.608194473817,0.610374382325,0.612554290833,
    0.614734199341,0.61691410785,0.619094016358,0.621273924866,
    0.623453833375,0.625633741883,0.627813650391,0.6299935589,
    0.632173467408,0.634353375916,0.636533284424,0.638713192933,
    0.640893101441,0.643073009949,0.645252918458,0.647432826966,
    0.649612735474,0.651792643983,0.653972552491,0.656152460999,
    0.658332369507,0.660512278016,0.662692186524,0.664872095032,
    0.667052003541,0.669231912049,0.671411820557,0.673591729066,
    0.675771637574,0.677951546082,0.680131454591,0.682311363099,
    0.684491271607,0.686671180115,0.688851088624,0.691030997132,
    0.69321090564,0.695390814149,0.697570722657,0.699750631165,
    0.701930539674,0.704110448182,0.70629035669,0.708470265198,
    0.710650173707,0.712830082215,0.715009990723,0.717189899232,
    0.71936980774,0.721549716248,0.723729624757,0.725909533265,
    0.728089441773,0.730269350281,0.73244925879,0.734629167298,
    0.736809075806,0.738988984315,0.741168892823,0.743348801331,
    0.74552870984,0.747708618348,0.749888526856,0.752068435365,
    0.754248343873,0.756428252381,0.758608160889,0.760788069398,
    0.762967977906,0.765147886414,0.767327794923,0.769507703431,
    0.771687611939,0.773867520448,0.776047428956,0.778227337464,
    0.780407245972,0.782587154481,0.784767062989,0.786946971497,
    0.789126880006,0.791306788514,0.793486697022,0.795666605531,
    0.797846514039,0.800026422547,0.802206331055,0.804386239564,
    0.806566148072,0.80874605658,0.810925965089,0.813105873597,
    0.815285782105,0.817465690614,0.819645599122,0.82182550763,
    0.824005416138,0.826185324647,0.828365233155,0.830545141663,
    0.832725050172,0.83490495868,0.837084867188,0.839264775697,
    0.841444684205,0.843624592713,0.845804501222,0.84798440973,
    0.850164318238,0.852344226746,0.854524135255,0.856704043763,
    0.858883952271,0.86106386078,0.863243769288,0.865423677796,
    0.867603586305,0.869783494813,0.871963403321,0.874143311829,
    0.876323220338,0.878503128846,0.880683037354,0.882862945863,
    0.885042854371,0.887222762879,0.889402671388,0.891582579896,
    0.893762488404,0.895942396912,0.898122305421,0.900302213929,
    0.902482122437,0.904662030946,0.906841939454,0.909021847962,
    0.911201756471,0.913381664979,0.915561573487,0.917741481996,
    0.919921390504,0.922101299012,0.92428120752,0.926461116029,
    0.928641024537,0.930820933045,0.933000841554,0.935180750062,
    0.93736065857,0.939540567079,0.941720475587,0.943900384095,
    0.946080292603,0.948260201112,0.95044010962,0.952620018128,
    0.954799926637,0.956979835145,0.959159743653,0.961339652162,
    0.96351956067,0.965699469178,0.967879377686,0.970059286195,
    0.972239194703,0.974419103211,0.97659901172,0.978778920228,
    0.980958828736,0.983138737245,0.985318645753,0.987498554261,
    0.98967846277,0.991858371278,0.994038279786,0.996218188294,
    0.998398096803,1.000578005311,1.002757913819,1.004937822328,
    1.007117730836),.QUASI_UNIFORM_KNOTS.);
#4920 = CARTESIAN_POINT('',(0.,-891.9261951685));
#4921 = CARTESIAN_POINT('',(1.020122369428E-02,-891.1273049724));
#4922 = CARTESIAN_POINT('',(4.068105538854E-02,-889.9440186432));
#4923 = CARTESIAN_POINT('',(9.896705795442E-02,-889.5123150119));
#4924 = CARTESIAN_POINT('',(0.145681540486,-891.3187595202));
#4925 = CARTESIAN_POINT('',(0.179338298006,-893.4751493329));
#4926 = CARTESIAN_POINT('',(0.215400066315,-896.6441269339));
#4927 = CARTESIAN_POINT('',(0.251098664558,-900.766073411));
#4928 = CARTESIAN_POINT('',(0.280776904559,-904.8848169264));
#4929 = CARTESIAN_POINT('',(0.307432542115,-909.0839924022));
#4930 = CARTESIAN_POINT('',(0.331611783106,-913.3113772773));
#4931 = CARTESIAN_POINT('',(0.353980505129,-917.5651390441));
#4932 = CARTESIAN_POINT('',(0.374891298642,-921.8363896733));
#4933 = CARTESIAN_POINT('',(0.394618522856,-926.1215652736));
#4934 = CARTESIAN_POINT('',(0.41335623602,-930.4175370967));
#4935 = CARTESIAN_POINT('',(0.431253851507,-934.7222725281));
#4936 = CARTESIAN_POINT('',(0.448427243612,-939.0342180162));
#4937 = CARTESIAN_POINT('',(0.464968859013,-943.3522057727));
#4938 = CARTESIAN_POINT('',(0.480953686914,-947.6753306515));
#4939 = CARTESIAN_POINT('',(0.496443467412,-952.0028568992));
#4940 = CARTESIAN_POINT('',(0.511489827694,-956.3342026327));
#4941 = CARTESIAN_POINT('',(0.52613653414,-960.6689331661));
#4942 = CARTESIAN_POINT('',(0.540420719742,-965.0066164925));
#4943 = CARTESIAN_POINT('',(0.554374548857,-969.3469367679));
#4944 = CARTESIAN_POINT('',(0.568025923708,-973.6896137599));
#4945 = CARTESIAN_POINT('',(0.581399266625,-978.0344079752));
#4946 = CARTESIAN_POINT('',(0.594516101887,-982.3811144139));
#4947 = CARTESIAN_POINT('',(0.607395514822,-986.7295577777));
#4948 = CARTESIAN_POINT('',(0.620054552311,-991.0795984109));
#4949 = CARTESIAN_POINT('',(0.63250837291,-995.4310753116));
#4950 = CARTESIAN_POINT('',(0.64477071725,-999.7838812157));
#4951 = CARTESIAN_POINT('',(0.656853986237,-1.004137915114E+03));
#4952 = CARTESIAN_POINT('',(0.668769424795,-1.008493085696E+03));
#4953 = CARTESIAN_POINT('',(0.680527265538,-1.012849309388E+03));
#4954 = CARTESIAN_POINT('',(0.692136853833,-1.017206509996E+03));
#4955 = CARTESIAN_POINT('',(0.703606753108,-1.021564618051E+03));
#4956 = CARTESIAN_POINT('',(0.714944834766,-1.025923570349E+03));
#4957 = CARTESIAN_POINT('',(0.726158355061,-1.030283309526E+03));
#4958 = CARTESIAN_POINT('',(0.737254021323,-1.0346437837E+03));
#4959 = CARTESIAN_POINT('',(0.748238049398,-1.039004946162E+03));
#4960 = CARTESIAN_POINT('',(0.759116213827,-1.043366755102E+03));
#4961 = CARTESIAN_POINT('',(0.769893891955,-1.047729173372E+03));
#4962 = CARTESIAN_POINT('',(0.780576102733,-1.052092168249E+03));
#4963 = CARTESIAN_POINT('',(0.791167540998,-1.056455711356E+03));
#4964 = CARTESIAN_POINT('',(0.801672606449,-1.060819778096E+03));
#4965 = CARTESIAN_POINT('',(0.812095431021,-1.065184349033E+03));
#4966 = CARTESIAN_POINT('',(0.822439812495,-1.069549369708E+03));
#4967 = CARTESIAN_POINT('',(0.832709404163,-1.073914822288E+03));
#4968 = CARTESIAN_POINT('',(0.842907635046,-1.078280683905E+03));
#4969 = CARTESIAN_POINT('',(0.85303774555,-1.082646934448E+03));
#4970 = CARTESIAN_POINT('',(0.863102797783,-1.087013554398E+03));
#4971 = CARTESIAN_POINT('',(0.873105690776,-1.091380525339E+03));
#4972 = CARTESIAN_POINT('',(0.883049172704,-1.095747829761E+03));
#4973 = CARTESIAN_POINT('',(0.892935852372,-1.100115451054E+03));
#4974 = CARTESIAN_POINT('',(0.902768209539,-1.104483373459E+03));
#4975 = CARTESIAN_POINT('',(0.912548604318,-1.108851582037E+03));
#4976 = CARTESIAN_POINT('',(0.922279285729,-1.113220062634E+03));
#4977 = CARTESIAN_POINT('',(0.931962399494,-1.117588801849E+03));
#4978 = CARTESIAN_POINT('',(0.941599995172,-1.121957787013E+03));
#4979 = CARTESIAN_POINT('',(0.951194032682,-1.126327006158E+03));
#4980 = CARTESIAN_POINT('',(0.960746388304,-1.130696447997E+03));
#4981 = CARTESIAN_POINT('',(0.970258860194,-1.135066101904E+03));
#4982 = CARTESIAN_POINT('',(0.979733173477,-1.139435957892E+03));
#4983 = CARTESIAN_POINT('',(0.98917098495,-1.143806006598E+03));
#4984 = CARTESIAN_POINT('',(0.998573887435,-1.148176239263E+03));
#4985 = CARTESIAN_POINT('',(1.007943413807,-1.152546647721E+03));
#4986 = CARTESIAN_POINT('',(1.01728104071,-1.156917224377E+03));
#4987 = CARTESIAN_POINT('',(1.026588192051,-1.161287962219E+03));
#4988 = CARTESIAN_POINT('',(1.035866241976,-1.165658854714E+03));
#4989 = CARTESIAN_POINT('',(1.045116518514,-1.170029896147E+03));
#4990 = CARTESIAN_POINT('',(1.05434030346,-1.174401080292E+03));
#4991 = CARTESIAN_POINT('',(1.06353881889,-1.178772392423E+03));
#4992 = CARTESIAN_POINT('',(1.072713268343,-1.183143828149E+03));
#4993 = CARTESIAN_POINT('',(1.081864813695,-1.187515381035E+03));
#4994 = CARTESIAN_POINT('',(1.090994582942,-1.191887045383E+03));
#4995 = CARTESIAN_POINT('',(1.100103670638,-1.196258815482E+03));
#4996 = CARTESIAN_POINT('',(1.109193140152,-1.200630685805E+03));
#4997 = CARTESIAN_POINT('',(1.118264025312,-1.205002650948E+03));
#4998 = CARTESIAN_POINT('',(1.127317332093,-1.209374705644E+03));
#4999 = CARTESIAN_POINT('',(1.136354040166,-1.213746844754E+03));
#5000 = CARTESIAN_POINT('',(1.145375104383,-1.218119063267E+03));
#5001 = CARTESIAN_POINT('',(1.154381456168,-1.222491356293E+03));
#5002 = CARTESIAN_POINT('',(1.163374004839,-1.226863719062E+03));
#5003 = CARTESIAN_POINT('',(1.172353638855,-1.231236146922E+03));
#5004 = CARTESIAN_POINT('',(1.181321227,-1.235608635335E+03));
#5005 = CARTESIAN_POINT('',(1.190277619498,-1.239981179876E+03));
#5006 = CARTESIAN_POINT('',(1.199223649079,-1.244353776231E+03));
#5007 = CARTESIAN_POINT('',(1.208160131986,-1.248726420192E+03));
#5008 = CARTESIAN_POINT('',(1.217087868932,-1.253099107659E+03));
#5009 = CARTESIAN_POINT('',(1.226007646018,-1.257471834635E+03));
#5010 = CARTESIAN_POINT('',(1.234920235602,-1.261844597228E+03));
#5011 = CARTESIAN_POINT('',(1.243826397131,-1.266217391646E+03));
#5012 = CARTESIAN_POINT('',(1.252726877946,-1.270590214194E+03));
#5013 = CARTESIAN_POINT('',(1.261622414042,-1.274963061281E+03));
#5014 = CARTESIAN_POINT('',(1.270513730809,-1.279335929406E+03));
#5015 = CARTESIAN_POINT('',(1.279401543755,-1.283708815174E+03));
#5016 = CARTESIAN_POINT('',(1.288286559145,-1.288081715264E+03));
#5017 = CARTESIAN_POINT('',(1.297169474846,-1.292454626514E+03));
#5018 = CARTESIAN_POINT('',(1.306050980324,-1.296827545607E+03));
#5019 = CARTESIAN_POINT('',(1.314931759697,-1.301200470251E+03));
#5020 = CARTESIAN_POINT('',(1.323812483299,-1.305573394756E+03));
#5021 = CARTESIAN_POINT('',(1.332693805649,-1.30994630884E+03));
#5022 = CARTESIAN_POINT('',(1.341576395701,-1.314319212073E+03));
#5023 = CARTESIAN_POINT('',(1.350460911999,-1.318692101488E+03));
#5024 = CARTESIAN_POINT('',(1.359348009659,-1.323064974731E+03));
#5025 = CARTESIAN_POINT('',(1.368238339174,-1.327437829213E+03));
#5026 = CARTESIAN_POINT('',(1.377132547383,-1.331810662341E+03));
#5027 = CARTESIAN_POINT('',(1.386031277851,-1.336183471451E+03));
#5028 = CARTESIAN_POINT('',(1.394935171395,-1.34055625383E+03));
#5029 = CARTESIAN_POINT('',(1.403844866555,-1.344929006706E+03));
#5030 = CARTESIAN_POINT('',(1.412761000077,-1.349301727255E+03));
#5031 = CARTESIAN_POINT('',(1.421684207374,-1.353674412596E+03));
#5032 = CARTESIAN_POINT('',(1.430615123,-1.35804705979E+03));
#5033 = CARTESIAN_POINT('',(1.439554381101,-1.362419665846E+03));
#5034 = CARTESIAN_POINT('',(1.448502615876,-1.366792227714E+03));
#5035 = CARTESIAN_POINT('',(1.45746046203,-1.371164742288E+03));
#5036 = CARTESIAN_POINT('',(1.466428555227,-1.375537206409E+03));
#5037 = CARTESIAN_POINT('',(1.475407532544,-1.379909616857E+03));
#5038 = CARTESIAN_POINT('',(1.484398032919,-1.384281970359E+03));
#5039 = CARTESIAN_POINT('',(1.493400697613,-1.388654263584E+03));
#5040 = CARTESIAN_POINT('',(1.502416170659,-1.393026493144E+03));
#5041 = CARTESIAN_POINT('',(1.511445099327,-1.397398655596E+03));
#5042 = CARTESIAN_POINT('',(1.520488134583,-1.40177074744E+03));
#5043 = CARTESIAN_POINT('',(1.529545931563,-1.406142765117E+03));
#5044 = CARTESIAN_POINT('',(1.538619150043,-1.410514705014E+03));
#5045 = CARTESIAN_POINT('',(1.547708454922,-1.41488656346E+03));
#5046 = CARTESIAN_POINT('',(1.55681451671,-1.419258336728E+03));
#5047 = CARTESIAN_POINT('',(1.565938012027,-1.423630021033E+03));
#5048 = CARTESIAN_POINT('',(1.575079624107,-1.428001612534E+03));
#5049 = CARTESIAN_POINT('',(1.58424004332,-1.432373107334E+03));
#5050 = CARTESIAN_POINT('',(1.593419967698,-1.436744501477E+03));
#5051 = CARTESIAN_POINT('',(1.602620103481,-1.441115790953E+03));
#5052 = CARTESIAN_POINT('',(1.61184116567,-1.445486971694E+03));
#5053 = CARTESIAN_POINT('',(1.6210838786,-1.449858039577E+03));
#5054 = CARTESIAN_POINT('',(1.630348976532,-1.454228990419E+03));
#5055 = CARTESIAN_POINT('',(1.639637204256,-1.458599819985E+03));
#5056 = CARTESIAN_POINT('',(1.648949317717,-1.46297052398E+03));
#5057 = CARTESIAN_POINT('',(1.658286084668,-1.467341098056E+03));
#5058 = CARTESIAN_POINT('',(1.667648285331,-1.471711537808E+03));
#5059 = CARTESIAN_POINT('',(1.677036713099,-1.476081838773E+03));
#5060 = CARTESIAN_POINT('',(1.686452175255,-1.480451996436E+03));
#5061 = CARTESIAN_POINT('',(1.695895493715,-1.484822006223E+03));
#5062 = CARTESIAN_POINT('',(1.705367505817,-1.489191863506E+03));
#5063 = CARTESIAN_POINT('',(1.714869065118,-1.493561563603E+03));
#5064 = CARTESIAN_POINT('',(1.724401042255,-1.497931101776E+03));
#5065 = CARTESIAN_POINT('',(1.733964325806,-1.50230047323E+03));
#5066 = CARTESIAN_POINT('',(1.743559823252,-1.506669673127E+03));
#5067 = CARTESIAN_POINT('',(1.753188461811,-1.511038696531E+03));
#5068 = CARTESIAN_POINT('',(1.762851189907,-1.515407538614E+03));
#5069 = CARTESIAN_POINT('',(1.772548976511,-1.519776193892E+03));
#5070 = CARTESIAN_POINT('',(1.78228281862,-1.524144659075E+03));
#5071 = CARTESIAN_POINT('',(1.792053718642,-1.528512922436E+03));
#5072 = CARTESIAN_POINT('',(1.801862703873,-1.532880972049E+03));
#5073 = CARTESIAN_POINT('',(1.811710846223,-1.537248803983E+03));
#5074 = CARTESIAN_POINT('',(1.821599239776,-1.541616411663E+03));
#5075 = CARTESIAN_POINT('',(1.831529008579,-1.545983788718E+03));
#5076 = CARTESIAN_POINT('',(1.841501306427,-1.550350928216E+03));
#5077 = CARTESIAN_POINT('',(1.851517318894,-1.554717822862E+03));
#5078 = CARTESIAN_POINT('',(1.861578264868,-1.559084464945E+03));
#5079 = CARTESIAN_POINT('',(1.87168539834,-1.563450846347E+03));
#5080 = CARTESIAN_POINT('',(1.881840010248,-1.567816958538E+03));
#5081 = CARTESIAN_POINT('',(1.892043430443,-1.572182792572E+03));
#5082 = CARTESIAN_POINT('',(1.902297029771,-1.576548339085E+03));
#5083 = CARTESIAN_POINT('',(1.912602222284,-1.580913588289E+03));
#5084 = CARTESIAN_POINT('',(1.922960467597,-1.585278529971E+03));
#5085 = CARTESIAN_POINT('',(1.933373273394,-1.589643153488E+03));
#5086 = CARTESIAN_POINT('',(1.943842198102,-1.59400744776E+03));
#5087 = CARTESIAN_POINT('',(1.954368853749,-1.598371401271E+03));
#5088 = CARTESIAN_POINT('',(1.964954909016,-1.602735002057E+03));
#5089 = CARTESIAN_POINT('',(1.975602092507,-1.607098237706E+03));
#5090 = CARTESIAN_POINT('',(1.986312196232,-1.611461095345E+03));
#5091 = CARTESIAN_POINT('',(1.997087079411,-1.615823561659E+03));
#5092 = CARTESIAN_POINT('',(2.007928672257,-1.620185622791E+03));
#5093 = CARTESIAN_POINT('',(2.018838981127,-1.624547264674E+03));
#5094 = CARTESIAN_POINT('',(2.029820089943,-1.628908471765E+03));
#5095 = CARTESIAN_POINT('',(2.040874176995,-1.633269231738E+03));
#5096 = CARTESIAN_POINT('',(2.052003475909,-1.63762951792E+03));
#5097 = CARTESIAN_POINT('',(2.063210317399,-1.64198930376E+03));
#5098 = CARTESIAN_POINT('',(2.07449717446,-1.646348577817E+03));
#5099 = CARTESIAN_POINT('',(2.085866614834,-1.650707322299E+03));
#5100 = CARTESIAN_POINT('',(2.097321322612,-1.655065518772E+03));
#5101 = CARTESIAN_POINT('',(2.108864102191,-1.659423146595E+03));
#5102 = CARTESIAN_POINT('',(2.12049788784,-1.663780183298E+03));
#5103 = CARTESIAN_POINT('',(2.132225752739,-1.668136604439E+03));
#5104 = CARTESIAN_POINT('',(2.144050919212,-1.672492383593E+03));
#5105 = CARTESIAN_POINT('',(2.155976769808,-1.676847492309E+03));
#5106 = CARTESIAN_POINT('',(2.168006859449,-1.68120190006E+03));
#5107 = CARTESIAN_POINT('',(2.180144928739,-1.685555574198E+03));
#5108 = CARTESIAN_POINT('',(2.192394918601,-1.6899084799E+03));
#5109 = CARTESIAN_POINT('',(2.204760986391,-1.694260580105E+03));
#5110 = CARTESIAN_POINT('',(2.217247523718,-1.698611835458E+03));
#5111 = CARTESIAN_POINT('',(2.229859176129,-1.702962204216E+03));
#5112 = CARTESIAN_POINT('',(2.242600865149,-1.707311642226E+03));
#5113 = CARTESIAN_POINT('',(2.25547781205,-1.711660102644E+03));
#5114 = CARTESIAN_POINT('',(2.268495567133,-1.716007536534E+03));
#5115 = CARTESIAN_POINT('',(2.281660031913,-1.720353890156E+03));
#5116 = CARTESIAN_POINT('',(2.294977522972,-1.724699114565E+03));
#5117 = CARTESIAN_POINT('',(2.30845464622,-1.729043112744E+03));
#5118 = CARTESIAN_POINT('',(2.322098609274,-1.73338582667E+03));
#5119 = CARTESIAN_POINT('',(2.335917113094,-1.737727186922E+03));
#5120 = CARTESIAN_POINT('',(2.349918415852,-1.742067114749E+03));
#5121 = CARTESIAN_POINT('',(2.364111392163,-1.746405521064E+03));
#5122 = CARTESIAN_POINT('',(2.378505602999,-1.750742306227E+03));
#5123 = CARTESIAN_POINT('',(2.393111374808,-1.755077359513E+03));
#5124 = CARTESIAN_POINT('',(2.407939891884,-1.759410558697E+03));
#5125 = CARTESIAN_POINT('',(2.423003302009,-1.76374176904E+03));
#5126 = CARTESIAN_POINT('',(2.438314847136,-1.768070844051E+03));
#5127 = CARTESIAN_POINT('',(2.453888989126,-1.772397619085E+03));
#5128 = CARTESIAN_POINT('',(2.469741656803,-1.776721931129E+03));
#5129 = CARTESIAN_POINT('',(2.485890158394,-1.781043540147E+03));
#5130 = CARTESIAN_POINT('',(2.502353662902,-1.785362195161E+03));
#5131 = CARTESIAN_POINT('',(2.51915367399,-1.78967767914E+03));
#5132 = CARTESIAN_POINT('',(2.536313972803,-1.793989700568E+03));
#5133 = CARTESIAN_POINT('',(2.553861131488,-1.798297918328E+03));
#5134 = CARTESIAN_POINT('',(2.57182498558,-1.802601929701E+03));
#5135 = CARTESIAN_POINT('',(2.59023926822,-1.806901268571E+03));
#5136 = CARTESIAN_POINT('',(2.609142366179,-1.81119539375E+03));
#5137 = CARTESIAN_POINT('',(2.628578393845,-1.815483698786E+03));
#5138 = CARTESIAN_POINT('',(2.648598163378,-1.819765435226E+03));
#5139 = CARTESIAN_POINT('',(2.669260624272,-1.824039663293E+03));
#5140 = CARTESIAN_POINT('',(2.690635489042,-1.828305331423E+03));
#5141 = CARTESIAN_POINT('',(2.712805075814,-1.832561041185E+03));
#5142 = CARTESIAN_POINT('',(2.735868841021,-1.836805134008E+03));
#5143 = CARTESIAN_POINT('',(2.759947060013,-1.841035314711E+03));
#5144 = CARTESIAN_POINT('',(2.785190301817,-1.845248874826E+03));
#5145 = CARTESIAN_POINT('',(2.811787889384,-1.849442031865E+03));
#5146 = CARTESIAN_POINT('',(2.839984380455,-1.853609567502E+03));
#5147 = CARTESIAN_POINT('',(2.870104137427,-1.857744112717E+03));
#5148 = CARTESIAN_POINT('',(2.902594411732,-1.861834677221E+03));
#5149 = CARTESIAN_POINT('',(2.938086059019,-1.865864056811E+03));
#5150 = CARTESIAN_POINT('',(2.977554285653,-1.869802199829E+03));
#5151 = CARTESIAN_POINT('',(3.022479926126,-1.873598632517E+03));
#5152 = CARTESIAN_POINT('',(3.075747255442,-1.877122756127E+03));
#5153 = CARTESIAN_POINT('',(3.141541118214,-1.880133774601E+03));
#5154 = CARTESIAN_POINT('',(3.230800001196,-1.881490097337E+03));
#5155 = CARTESIAN_POINT('',(3.315972393119,-1.879644880963E+03));
#5156 = CARTESIAN_POINT('',(3.378726688783,-1.876515385093E+03));
#5157 = CARTESIAN_POINT('',(3.430197709699,-1.872920430717E+03));
#5158 = CARTESIAN_POINT('',(3.473885862803,-1.869090521157E+03));
#5159 = CARTESIAN_POINT('',(3.512469709724,-1.865128303755E+03));
#5160 = CARTESIAN_POINT('',(3.54727063333,-1.861082523153E+03));
#5161 = CARTESIAN_POINT('',(3.57920273841,-1.856979122082E+03));
#5162 = CARTESIAN_POINT('',(3.608853209679,-1.852834309572E+03));
#5163 = CARTESIAN_POINT('',(3.636645527653,-1.848658082152E+03));
#5164 = CARTESIAN_POINT('',(3.662887156797,-1.844457400166E+03));
#5165 = CARTESIAN_POINT('',(3.687811745851,-1.840237145114E+03));
#5166 = CARTESIAN_POINT('',(3.711600675238,-1.836000910242E+03));
#5167 = CARTESIAN_POINT('',(3.734398520482,-1.831751323215E+03));
#5168 = CARTESIAN_POINT('',(3.756321710591,-1.827490511176E+03));
#5169 = CARTESIAN_POINT('',(3.777466506632,-1.823220052806E+03));
#5170 = CARTESIAN_POINT('',(3.797912745133,-1.818941284477E+03));
#5171 = CARTESIAN_POINT('',(3.817727886305,-1.81465527769E+03));
#5172 = CARTESIAN_POINT('',(3.83696966422,-1.810362861965E+03));
#5173 = CARTESIAN_POINT('',(3.855687745316,-1.806064725511E+03));
#5174 = CARTESIAN_POINT('',(3.873924755067,-1.801761553389E+03));
#5175 = CARTESIAN_POINT('',(3.891718417413,-1.797453824557E+03));
#5176 = CARTESIAN_POINT('',(3.909101736433,-1.793141990899E+03));
#5177 = CARTESIAN_POINT('',(3.926103953493,-1.78882643831E+03));
#5178 = CARTESIAN_POINT('',(3.942751099749,-1.784507503204E+03));
#5179 = CARTESIAN_POINT('',(3.959066491505,-1.780185474E+03));
#5180 = CARTESIAN_POINT('',(3.975071131889,-1.775860591593E+03));
#5181 = CARTESIAN_POINT('',(3.9907839965,-1.771533064654E+03));
#5182 = CARTESIAN_POINT('',(4.006222052257,-1.7672031427E+03));
#5183 = CARTESIAN_POINT('',(4.021401000053,-1.762870976662E+03));
#5184 = CARTESIAN_POINT('',(4.03633509055,-1.75853672338E+03));
#5185 = CARTESIAN_POINT('',(4.051037378049,-1.754200522671E+03));
#5186 = CARTESIAN_POINT('',(4.06551983946,-1.749862504498E+03));
#5187 = CARTESIAN_POINT('',(4.079793502476,-1.745522787926E+03));
#5188 = CARTESIAN_POINT('',(4.093868548602,-1.741181482158E+03));
#5189 = CARTESIAN_POINT('',(4.1077544039,-1.73683868691E+03));
#5190 = CARTESIAN_POINT('',(4.121459817159,-1.732494492868E+03));
#5191 = CARTESIAN_POINT('',(4.13499292815,-1.728148982072E+03));
#5192 = CARTESIAN_POINT('',(4.148361327556,-1.72380222821E+03));
#5193 = CARTESIAN_POINT('',(4.161572109311,-1.719454297042E+03));
#5194 = CARTESIAN_POINT('',(4.174631918589,-1.715105246179E+03));
#5195 = CARTESIAN_POINT('',(4.187546987659,-1.710755127105E+03));
#5196 = CARTESIAN_POINT('',(4.200323191765,-1.70640397867E+03));
#5197 = CARTESIAN_POINT('',(4.21296600705,-1.70205185231E+03));
#5198 = CARTESIAN_POINT('',(4.225480486036,-1.697698832988E+03));
#5199 = CARTESIAN_POINT('',(4.237871540844,-1.693344949741E+03));
#5200 = CARTESIAN_POINT('',(4.250143770022,-1.688990243388E+03));
#5201 = CARTESIAN_POINT('',(4.262301530291,-1.684634749337E+03));
#5202 = CARTESIAN_POINT('',(4.274348942537,-1.680278502269E+03));
#5203 = CARTESIAN_POINT('',(4.286289913044,-1.675921534961E+03));
#5204 = CARTESIAN_POINT('',(4.29812814852,-1.67156387866E+03));
#5205 = CARTESIAN_POINT('',(4.309867170872,-1.667205563047E+03));
#5206 = CARTESIAN_POINT('',(4.321510330342,-1.662846616296E+03));
#5207 = CARTESIAN_POINT('',(4.333060817551,-1.658487065112E+03));
#5208 = CARTESIAN_POINT('',(4.344521674472,-1.654126934763E+03));
#5209 = CARTESIAN_POINT('',(4.355895804468,-1.649766249114E+03));
#5210 = CARTESIAN_POINT('',(4.367185981494,-1.645405030654E+03));
#5211 = CARTESIAN_POINT('',(4.378394858543,-1.641043300525E+03));
#5212 = CARTESIAN_POINT('',(4.389524975422,-1.636681078544E+03));
#5213 = CARTESIAN_POINT('',(4.400578765918,-1.63231838323E+03));
#5214 = CARTESIAN_POINT('',(4.411558564419,-1.627955231819E+03));
#5215 = CARTESIAN_POINT('',(4.422466612009,-1.623591640295E+03));
#5216 = CARTESIAN_POINT('',(4.433305062219,-1.619227623369E+03));
#5217 = CARTESIAN_POINT('',(4.444075985905,-1.614863194649E+03));
#5218 = CARTESIAN_POINT('',(4.454781377461,-1.610498366078E+03));
#5219 = CARTESIAN_POINT('',(4.465423154175,-1.606133150095E+03));
#5220 = CARTESIAN_POINT('',(4.476003179527,-1.601767551644E+03));
#5221 = CARTESIAN_POINT('',(4.486523185817,-1.597401602089E+03));
#5222 = CARTESIAN_POINT('',(4.496984883776,-1.593035315459E+03));
#5223 = CARTESIAN_POINT('',(4.507389935691,-1.58866870076E+03));
#5224 = CARTESIAN_POINT('',(4.517739944097,-1.584301768058E+03));
#5225 = CARTESIAN_POINT('',(4.52803645867,-1.579934526852E+03));
#5226 = CARTESIAN_POINT('',(4.538280978016,-1.575566986515E+03));
#5227 = CARTESIAN_POINT('',(4.548474952606,-1.571199156178E+03));
#5228 = CARTESIAN_POINT('',(4.558619787199,-1.566831044763E+03));
#5229 = CARTESIAN_POINT('',(4.568716843215,-1.56246266098E+03));
#5230 = CARTESIAN_POINT('',(4.578767440939,-1.558094013326E+03));
#5231 = CARTESIAN_POINT('',(4.588772861606,-1.55372511009E+03));
#5232 = CARTESIAN_POINT('',(4.598734349368,-1.549355959354E+03));
#5233 = CARTESIAN_POINT('',(4.608653113138,-1.544986568995E+03));
#5234 = CARTESIAN_POINT('',(4.618530328347,-1.540616946685E+03));
#5235 = CARTESIAN_POINT('',(4.628367138588,-1.536247099894E+03));
#5236 = CARTESIAN_POINT('',(4.63816465718,-1.531877035892E+03));
#5237 = CARTESIAN_POINT('',(4.647923968651,-1.527506761747E+03));
#5238 = CARTESIAN_POINT('',(4.65764613013,-1.52313628433E+03));
#5239 = CARTESIAN_POINT('',(4.667332172684,-1.518765610314E+03));
#5240 = CARTESIAN_POINT('',(4.676983102576,-1.514394746177E+03));
#5241 = CARTESIAN_POINT('',(4.686599902467,-1.5100236982E+03));
#5242 = CARTESIAN_POINT('',(4.696183532556,-1.50565247247E+03));
#5243 = CARTESIAN_POINT('',(4.705734931669,-1.501281074882E+03));
#5244 = CARTESIAN_POINT('',(4.715255018297,-1.496909511137E+03));
#5245 = CARTESIAN_POINT('',(4.724744691589,-1.492537786745E+03));
#5246 = CARTESIAN_POINT('',(4.734204832297,-1.488165907027E+03));
#5247 = CARTESIAN_POINT('',(4.743636303681,-1.483793877112E+03));
#5248 = CARTESIAN_POINT('',(4.753039952383,-1.479421701939E+03));
#5249 = CARTESIAN_POINT('',(4.762416609252,-1.475049386261E+03));
#5250 = CARTESIAN_POINT('',(4.771767090151,-1.470676934642E+03));
#5251 = CARTESIAN_POINT('',(4.781092196719,-1.466304351459E+03));
#5252 = CARTESIAN_POINT('',(4.790392717111,-1.461931640901E+03));
#5253 = CARTESIAN_POINT('',(4.799669426708,-1.457558806974E+03));
#5254 = CARTESIAN_POINT('',(4.808923088807,-1.453185853496E+03));
#5255 = CARTESIAN_POINT('',(4.818154455276,-1.448812784101E+03));
#5256 = CARTESIAN_POINT('',(4.827364267197,-1.444439602239E+03));
#5257 = CARTESIAN_POINT('',(4.836553255489,-1.440066311174E+03));
#5258 = CARTESIAN_POINT('',(4.845722141498,-1.43569291399E+03));
#5259 = CARTESIAN_POINT('',(4.854871637604,-1.431319413582E+03));
#5260 = CARTESIAN_POINT('',(4.864002447724,-1.426945812684E+03));
#5261 = CARTESIAN_POINT('',(4.873115268113,-1.422572113757E+03));
#5262 = CARTESIAN_POINT('',(4.882210787002,-1.418198319425E+03));
#5263 = CARTESIAN_POINT('',(4.891289688522,-1.413824430842E+03));
#5264 = CARTESIAN_POINT('',(4.900352620527,-1.409450463436E+03));
#5265 = CARTESIAN_POINT('',(4.909400253235,-1.405076418963E+03));
#5266 = CARTESIAN_POINT('',(4.918433247347,-1.400702301035E+03));
#5267 = CARTESIAN_POINT('',(4.927452259452,-1.396328112767E+03));
#5268 = CARTESIAN_POINT('',(4.936457941191,-1.391953857407E+03));
#5269 = CARTESIAN_POINT('',(4.945450940086,-1.38757953817E+03));
#5270 = CARTESIAN_POINT('',(4.954431899918,-1.383205158278E+03));
#5271 = CARTESIAN_POINT('',(4.96340146122,-1.378830720953E+03));
#5272 = CARTESIAN_POINT('',(4.972360261726,-1.374456229417E+03));
#5273 = CARTESIAN_POINT('',(4.981308936838,-1.370081686891E+03));
#5274 = CARTESIAN_POINT('',(4.990248120078,-1.365707096597E+03));
#5275 = CARTESIAN_POINT('',(4.999178443546,-1.361332461757E+03));
#5276 = CARTESIAN_POINT('',(5.00810053837,-1.356957785592E+03));
#5277 = CARTESIAN_POINT('',(5.017015035167,-1.352583071325E+03));
#5278 = CARTESIAN_POINT('',(5.025922564493,-1.348208322176E+03));
#5279 = CARTESIAN_POINT('',(5.034823757305,-1.343833541369E+03));
#5280 = CARTESIAN_POINT('',(5.043719245423,-1.339458732126E+03));
#5281 = CARTESIAN_POINT('',(5.052609661993,-1.335083897669E+03));
#5282 = CARTESIAN_POINT('',(5.061495641965,-1.330709041223E+03));
#5283 = CARTESIAN_POINT('',(5.070377822563,-1.326334166012E+03));
#5284 = CARTESIAN_POINT('',(5.079256843778,-1.321959275261E+03));
#5285 = CARTESIAN_POINT('',(5.088133348857,-1.317584372197E+03));
#5286 = CARTESIAN_POINT('',(5.097007984805,-1.313209460049E+03));
#5287 = CARTESIAN_POINT('',(5.105881402906,-1.308834542047E+03));
#5288 = CARTESIAN_POINT('',(5.114754259239,-1.304459621423E+03));
#5289 = CARTESIAN_POINT('',(5.123627215226,-1.300084701413E+03));
#5290 = CARTESIAN_POINT('',(5.132500938174,-1.295709785254E+03));
#5291 = CARTESIAN_POINT('',(5.141376101849,-1.291334876188E+03));
#5292 = CARTESIAN_POINT('',(5.150253387052,-1.286959977462E+03));
#5293 = CARTESIAN_POINT('',(5.159133482233,-1.28258509232E+03));
#5294 = CARTESIAN_POINT('',(5.168017084046,-1.278210224036E+03));
#5295 = CARTESIAN_POINT('',(5.176904898233,-1.273835375796E+03));
#5296 = CARTESIAN_POINT('',(5.185797639338,-1.269460551146E+03));
#5297 = CARTESIAN_POINT('',(5.194696027454,-1.265085756002E+03));
#5298 = CARTESIAN_POINT('',(5.203600799914,-1.260710993211E+03));
#5299 = CARTESIAN_POINT('',(5.212512704116,-1.256336266428E+03));
#5300 = CARTESIAN_POINT('',(5.221432500104,-1.251961579242E+03));
#5301 = CARTESIAN_POINT('',(5.230360960915,-1.247586935414E+03));
#5302 = CARTESIAN_POINT('',(5.239298873562,-1.243212338811E+03));
#5303 = CARTESIAN_POINT('',(5.248247039892,-1.238837793432E+03));
#5304 = CARTESIAN_POINT('',(5.257206277521,-1.2344633034E+03));
#5305 = CARTESIAN_POINT('',(5.266177420814,-1.230088872965E+03));
#5306 = CARTESIAN_POINT('',(5.275161321902,-1.225714506509E+03));
#5307 = CARTESIAN_POINT('',(5.28415885176,-1.221340208549E+03));
#5308 = CARTESIAN_POINT('',(5.29317090134,-1.216965983735E+03));
#5309 = CARTESIAN_POINT('',(5.302198382763,-1.212591836857E+03));
#5310 = CARTESIAN_POINT('',(5.311242230587,-1.208217772844E+03));
#5311 = CARTESIAN_POINT('',(5.32030340314,-1.203843796773E+03));
#5312 = CARTESIAN_POINT('',(5.329382883938,-1.199469913866E+03));
#5313 = CARTESIAN_POINT('',(5.338481683183,-1.195096129496E+03));
#5314 = CARTESIAN_POINT('',(5.347600839364,-1.190722449193E+03));
#5315 = CARTESIAN_POINT('',(5.356741420934,-1.186348878647E+03));
#5316 = CARTESIAN_POINT('',(5.365904528148,-1.181975423698E+03));
#5317 = CARTESIAN_POINT('',(5.375091294814,-1.177602090414E+03));
#5318 = CARTESIAN_POINT('',(5.384302890912,-1.173228884808E+03));
#5319 = CARTESIAN_POINT('',(5.39354052253,-1.168855813917E+03));
#5320 = CARTESIAN_POINT('',(5.402805442439,-1.164482881813E+03));
#5321 = CARTESIAN_POINT('',(5.412098913336,-1.160110108526E+03));
#5322 = CARTESIAN_POINT('',(5.421422273306,-1.155737499408E+03));
#5323 = CARTESIAN_POINT('',(5.43077690975,-1.151365059841E+03));
#5324 = CARTESIAN_POINT('',(5.440164260254,-1.146992796029E+03));
#5325 = CARTESIAN_POINT('',(5.449585816167,-1.142620714795E+03));
#5326 = CARTESIAN_POINT('',(5.459043125898,-1.13824882366E+03));
#5327 = CARTESIAN_POINT('',(5.468537798707,-1.133877130832E+03));
#5328 = CARTESIAN_POINT('',(5.478071508813,-1.129505645236E+03));
#5329 = CARTESIAN_POINT('',(5.487645999852,-1.125134376525E+03));
#5330 = CARTESIAN_POINT('',(5.497263089726,-1.1207633351E+03));
#5331 = CARTESIAN_POINT('',(5.506924675837,-1.116392532136E+03));
#5332 = CARTESIAN_POINT('',(5.516632740776,-1.112021979598E+03));
#5333 = CARTESIAN_POINT('',(5.526389358476,-1.107651690271E+03));
#5334 = CARTESIAN_POINT('',(5.536196700917,-1.103281677787E+03));
#5335 = CARTESIAN_POINT('',(5.546057045423,-1.098911956649E+03));
#5336 = CARTESIAN_POINT('',(5.555972782637,-1.094542542272E+03));
#5337 = CARTESIAN_POINT('',(5.565946425271,-1.090173451007E+03));
#5338 = CARTESIAN_POINT('',(5.575980617715,-1.08580470019E+03));
#5339 = CARTESIAN_POINT('',(5.586078146632,-1.081436308179E+03));
#5340 = CARTESIAN_POINT('',(5.596241952668,-1.077068294401E+03));
#5341 = CARTESIAN_POINT('',(5.606475143406,-1.072700679405E+03));
#5342 = CARTESIAN_POINT('',(5.616781007726,-1.068333484924E+03));
#5343 = CARTESIAN_POINT('',(5.6271630318,-1.06396673392E+03));
#5344 = CARTESIAN_POINT('',(5.637624916626,-1.05960045073E+03));
#5345 = CARTESIAN_POINT('',(5.648170598405,-1.055234660855E+03));
#5346 = CARTESIAN_POINT('',(5.658804267834,-1.050869392134E+03));
#5347 = CARTESIAN_POINT('',(5.669530404037,-1.046504670796E+03));
#5348 = CARTESIAN_POINT('',(5.680353765386,-1.042140536729E+03));
#5349 = CARTESIAN_POINT('',(5.691279454347,-1.037777030717E+03));
#5350 = CARTESIAN_POINT('',(5.702312963329,-1.033414189129E+03));
#5351 = CARTESIAN_POINT('',(5.713460189508,-1.02905205521E+03));
#5352 = CARTESIAN_POINT('',(5.724727487572,-1.024690676364E+03));
#5353 = CARTESIAN_POINT('',(5.736121719924,-1.020330105205E+03));
#5354 = CARTESIAN_POINT('',(5.747650316986,-1.015970399721E+03));
#5355 = CARTESIAN_POINT('',(5.759321347261,-1.01161162349E+03));
#5356 = CARTESIAN_POINT('',(5.771143596098,-1.007253846873E+03));
#5357 = CARTESIAN_POINT('',(5.783126668397,-1.002897144605E+03));
#5358 = CARTESIAN_POINT('',(5.795281066319,-998.5416072529));
#5359 = CARTESIAN_POINT('',(5.80761832982,-994.1873392797));
#5360 = CARTESIAN_POINT('',(5.820151244932,-989.8344387541));
#5361 = CARTESIAN_POINT('',(5.832893948838,-985.4830280251));
#5362 = CARTESIAN_POINT('',(5.845862170114,-981.1332476128));
#5363 = CARTESIAN_POINT('',(5.859073486282,-976.7852600757));
#5364 = CARTESIAN_POINT('',(5.872547652337,-972.4392510669));
#5365 = CARTESIAN_POINT('',(5.886306999199,-968.0954340684));
#5366 = CARTESIAN_POINT('',(5.900376956651,-963.7540463171));
#5367 = CARTESIAN_POINT('',(5.914786525552,-959.4154011714));
#5368 = CARTESIAN_POINT('',(5.929569296632,-955.0798270847));
#5369 = CARTESIAN_POINT('',(5.944764279484,-950.7477399935));
#5370 = CARTESIAN_POINT('',(5.960417240094,-946.4196548017));
#5371 = CARTESIAN_POINT('',(5.976582629911,-942.0961699926));
#5372 = CARTESIAN_POINT('',(5.99332557435,-937.7781118964));
#5373 = CARTESIAN_POINT('',(6.010725887818,-933.4664080821));
#5374 = CARTESIAN_POINT('',(6.028882209812,-929.1623259185));
#5375 = CARTESIAN_POINT('',(6.047919057886,-924.867576613));
#5376 = CARTESIAN_POINT('',(6.067997380756,-920.5844226514));
#5377 = CARTESIAN_POINT('',(6.089331994613,-916.3161544252));
#5378 = CARTESIAN_POINT('',(6.112214990785,-912.0674147367));
#5379 = CARTESIAN_POINT('',(6.137080658605,-907.846276664));
#5380 = CARTESIAN_POINT('',(6.16453897835,-903.6631982764));
#5381 = CARTESIAN_POINT('',(6.195802222828,-899.5492207625));
#5382 = CARTESIAN_POINT('',(6.232322317774,-895.5264721105));
#5383 = CARTESIAN_POINT('',(6.264394751049,-893.0687841222));
#5384 = CARTESIAN_POINT('',(6.28318530718,-891.9261951685));
#5385 = ( GEOMETRIC_REPRESENTATION_CONTEXT(2) 
PARAMETRIC_REPRESENTATION_CONTEXT() REPRESENTATION_CONTEXT('2D SPACE',''
  ) );
#5386 = FACE_BOUND('',#5387,.T.);
#5387 = EDGE_LOOP('',(#5388));
#5388 = ORIENTED_EDGE('',*,*,#5389,.T.);
#5389 = EDGE_CURVE('',#5390,#5390,#5392,.T.);
#5390 = VERTEX_POINT('',#5391);
#5391 = CARTESIAN_POINT('',(-1.879743365826E+03,-1.36E+03,180.));
#5392 = SURFACE_CURVE('',#5393,(#5774,#6287),.PCURVE_S1.);
#5393 = B_SPLINE_CURVE_WITH_KNOTS('',8,(#5394,#5395,#5396,#5397,#5398,
    #5399,#5400,#5401,#5402,#5403,#5404,#5405,#5406,#5407,#5408,#5409,
    #5410,#5411,#5412,#5413,#5414,#5415,#5416,#5417,#5418,#5419,#5420,
    #5421,#5422,#5423,#5424,#5425,#5426,#5427,#5428,#5429,#5430,#5431,
    #5432,#5433,#5434,#5435,#5436,#5437,#5438,#5439,#5440,#5441,#5442,
    #5443,#5444,#5445,#5446,#5447,#5448,#5449,#5450,#5451,#5452,#5453,
    #5454,#5455,#5456,#5457,#5458,#5459,#5460,#5461,#5462,#5463,#5464,
    #5465,#5466,#5467,#5468,#5469,#5470,#5471,#5472,#5473,#5474,#5475,
    #5476,#5477,#5478,#5479,#5480,#5481,#5482,#5483,#5484,#5485,#5486,
    #5487,#5488,#5489,#5490,#5491,#5492,#5493,#5494,#5495,#5496,#5497,
    #5498,#5499,#5500,#5501,#5502,#5503,#5504,#5505,#5506,#5507,#5508,
    #5509,#5510,#5511,#5512,#5513,#5514,#5515,#5516,#5517,#5518,#5519,
    #5520,#5521,#5522,#5523,#5524,#5525,#5526,#5527,#5528,#5529,#5530,
    #5531,#5532,#5533,#5534,#5535,#5536,#5537,#5538,#5539,#5540,#5541,
    #5542,#5543,#5544,#5545,#5546,#5547,#5548,#5549,#5550,#5551,#5552,
    #5553,#5554,#5555,#5556,#5557,#5558,#5559,#5560,#5561,#5562,#5563,
    #5564,#5565,#5566,#5567,#5568,#5569,#5570,#5571,#5572,#5573,#5574,
    #5575,#5576,#5577,#5578,#5579,#5580,#5581,#5582,#5583,#5584,#5585,
    #5586,#5587,#5588,#5589,#5590,#5591,#5592,#5593,#5594,#5595,#5596,
    #5597,#5598,#5599,#5600,#5601,#5602,#5603,#5604,#5605,#5606,#5607,
    #5608,#5609,#5610,#5611,#5612,#5613,#5614,#5615,#5616,#5617,#5618,
    #5619,#5620,#5621,#5622,#5623,#5624,#5625,#5626,#5627,#5628,#5629,
    #5630,#5631,#5632,#5633,#5634,#5635,#5636,#5637,#5638,#5639,#5640,
    #5641,#5642,#5643,#5644,#5645,#5646,#5647,#5648,#5649,#5650,#5651,
    #5652,#5653,#5654,#5655,#5656,#5657,#5658,#5659,#5660,#5661,#5662,
    #5663,#5664,#5665,#5666,#5667,#5668,#5669,#5670,#5671,#5672,#5673,
    #5674,#5675,#5676,#5677,#5678,#5679,#5680,#5681,#5682,#5683,#5684,
    #5685,#5686,#5687,#5688,#5689,#5690,#5691,#5692,#5693,#5694,#5695,
    #5696,#5697,#5698,#5699,#5700,#5701,#5702,#5703,#5704,#5705,#5706,
    #5707,#5708,#5709,#5710,#5711,#5712,#5713,#5714,#5715,#5716,#5717,
    #5718,#5719,#5720,#5721,#5722,#5723,#5724,#5725,#5726,#5727,#5728,
    #5729,#5730,#5731,#5732,#5733,#5734,#5735,#5736,#5737,#5738,#5739,
    #5740,#5741,#5742,#5743,#5744,#5745,#5746,#5747,#5748,#5749,#5750,
    #5751,#5752,#5753,#5754,#5755,#5756,#5757,#5758,#5759,#5760,#5761,
    #5762,#5763,#5764,#5765,#5766,#5767,#5768,#5769,#5770,#5771,#5772,
    #5773),.UNSPECIFIED.,.T.,.F.,(9,7,7,7,7,7,7,7,7,7,7,7,7,7,7,7,7,7,7,
    7,7,7,7,7,7,7,7,7,7,7,7,7,7,7,7,7,7,7,7,7,7,7,7,7,7,7,7,7,7,7,7,7,7,
    7,9),(0.,4.140998715337E-03,9.322676728568E-03,1.681471342008E-02,
    2.663338390406E-02,3.874669172927E-02,5.983657968342E-02,
    8.777593953583E-02,0.13804080151,0.213809131847,0.301001396522,
    0.435369677158,0.569723932723,0.654784054184,0.777040430043,
    0.824989125597,0.86411487838,0.897144067007,0.923572964745,
    0.937621390384,0.949782130842,0.956758209311,0.962519481995,
    0.966212638106,0.970275109767,0.974464293391,0.977852162791,
    0.980437636503,0.983734695115,0.986756998822,0.992317542282,1.,
    1.008898911739,1.020336736575,1.039108180822,1.06172808423,
    1.105091678441,1.160439109022,1.249084469694,1.349118867745,
    1.564276869269,1.724254998338,1.820704735474,1.908696335854,
    2.025788728778,2.097868907064,2.131709708441,2.158187024862,
    2.17322106627,2.185723260301,2.193339244757,2.199523627518,
    2.20667366787,2.211711905923,2.216932596427),.UNSPECIFIED.);
#5394 = CARTESIAN_POINT('',(-1.879743365826E+03,-1.36E+03,180.));
#5395 = CARTESIAN_POINT('',(-1.87946326795E+03,-1.36E+03,180.64433619756
    ));
#5396 = CARTESIAN_POINT('',(-1.879156836945E+03,-1.360006778267E+03,
    181.26518642162));
#5397 = CARTESIAN_POINT('',(-1.878828286848E+03,-1.360019470092E+03,
    181.86355398822));
#5398 = CARTESIAN_POINT('',(-1.878481209899E+03,-1.360037317588E+03,
    182.44054849887));
#5399 = CARTESIAN_POINT('',(-1.878118583356E+03,-1.360059667927E+03,
    182.997394034));
#5400 = CARTESIAN_POINT('',(-1.877742774731E+03,-1.360085971926E+03,
    183.53543543502));
#5401 = CARTESIAN_POINT('',(-1.877355545422E+03,-1.360115782975E+03,
    184.05614267495));
#5402 = CARTESIAN_POINT('',(-1.876460665737E+03,-1.360190016209E+03,
    185.19298873121));
#5403 = CARTESIAN_POINT('',(-1.875947668578E+03,-1.360236189327E+03,
    185.79964051493));
#5404 = CARTESIAN_POINT('',(-1.875421743961E+03,-1.360286554447E+03,
    186.38381205746));
#5405 = CARTESIAN_POINT('',(-1.874884973259E+03,-1.360340554382E+03,
    186.94760108535));
#5406 = CARTESIAN_POINT('',(-1.874339005272E+03,-1.360397738889E+03,
    187.49277843709));
#5407 = CARTESIAN_POINT('',(-1.873785124276E+03,-1.360457741427E+03,
    188.02091872983));
#5408 = CARTESIAN_POINT('',(-1.873224273821E+03,-1.360520270929E+03,
    188.533446473));
#5409 = CARTESIAN_POINT('',(-1.871837022078E+03,-1.360678833899E+03,
    189.75211309539));
#5410 = CARTESIAN_POINT('',(-1.871004104361E+03,-1.360777330626E+03,
    190.44234609561));
#5411 = CARTESIAN_POINT('',(-1.870160609584E+03,-1.360879859014E+03,
    191.10620349772));
#5412 = CARTESIAN_POINT('',(-1.869308251763E+03,-1.360985873315E+03,
    191.74647940529));
#5413 = CARTESIAN_POINT('',(-1.868448368027E+03,-1.361094940937E+03,
    192.36543747212));
#5414 = CARTESIAN_POINT('',(-1.867581990215E+03,-1.36120671337E+03,
    192.96500490724));
#5415 = CARTESIAN_POINT('',(-1.86670986955E+03,-1.361320916032E+03,
    193.5468398935));
#5416 = CARTESIAN_POINT('',(-1.864682700167E+03,-1.36158990303E+03,
    194.85366410105));
#5417 = CARTESIAN_POINT('',(-1.86352415107E+03,-1.361746242437E+03,
    195.56683223757));
#5418 = CARTESIAN_POINT('',(-1.862358238896E+03,-1.361905834339E+03,
    196.25515308193));
#5419 = CARTESIAN_POINT('',(-1.861186027673E+03,-1.362068281328E+03,
    196.92107654247));
#5420 = CARTESIAN_POINT('',(-1.860008363444E+03,-1.362233262979E+03,
    197.56660442663));
#5421 = CARTESIAN_POINT('',(-1.858825914222E+03,-1.362400516632E+03,
    198.19343510225));
#5422 = CARTESIAN_POINT('',(-1.857639187066E+03,-1.362569829112E+03,
    198.80302551574));
#5423 = CARTESIAN_POINT('',(-1.854979656274E+03,-1.36295223404E+03,
    200.12903516489));
#5424 = CARTESIAN_POINT('',(-1.853504928416E+03,-1.363166293828E+03,
    200.83706786291));
#5425 = CARTESIAN_POINT('',(-1.852025148039E+03,-1.36338286693E+03,
    201.52313487603));
#5426 = CARTESIAN_POINT('',(-1.850540945443E+03,-1.363601681665E+03,
    202.18912632907));
#5427 = CARTESIAN_POINT('',(-1.849052835569E+03,-1.363822513172E+03,
    202.83662106821));
#5428 = CARTESIAN_POINT('',(-1.847561236928E+03,-1.36404517272E+03,
    203.46697435142));
#5429 = CARTESIAN_POINT('',(-1.846066481307E+03,-1.36426950221E+03,
    204.08136281254));
#5430 = CARTESIAN_POINT('',(-1.841961324443E+03,-1.36488861398E+03,
    205.72452841492));
#5431 = CARTESIAN_POINT('',(-1.839345174059E+03,-1.365286496359E+03,
    206.72293509057));
#5432 = CARTESIAN_POINT('',(-1.83672178856E+03,-1.365688303866E+03,
    207.68151816225));
#5433 = CARTESIAN_POINT('',(-1.834092252857E+03,-1.366093499471E+03,
    208.60435841841));
#5434 = CARTESIAN_POINT('',(-1.831457420702E+03,-1.366501654333E+03,
    209.49473935145));
#5435 = CARTESIAN_POINT('',(-1.828817958128E+03,-1.366912418489E+03,
    210.35540611508));
#5436 = CARTESIAN_POINT('',(-1.826174361054E+03,-1.367325508802E+03,
    211.18867086166));
#5437 = CARTESIAN_POINT('',(-1.820019790688E+03,-1.368290720788E+03,
    213.06679336202));
#5438 = CARTESIAN_POINT('',(-1.816506119381E+03,-1.368844398966E+03,
    214.09242970407));
#5439 = CARTESIAN_POINT('',(-1.812986904798E+03,-1.369401170532E+03,
    215.07808211192));
#5440 = CARTESIAN_POINT('',(-1.809462892587E+03,-1.369960598592E+03,
    216.02734676823));
#5441 = CARTESIAN_POINT('',(-1.805934683357E+03,-1.370522325937E+03,
    216.94317812234));
#5442 = CARTESIAN_POINT('',(-1.80240275663E+03,-1.371086055033E+03,
    217.82807772788));
#5443 = CARTESIAN_POINT('',(-1.79886748221E+03,-1.37165153839E+03,
    218.68418404178));
#5444 = CARTESIAN_POINT('',(-1.788963393857E+03,-1.373238695015E+03,
    221.00512475709));
#5445 = CARTESIAN_POINT('',(-1.78258792811E+03,-1.374263791338E+03,
    222.40968677939));
#5446 = CARTESIAN_POINT('',(-1.776204445582E+03,-1.375292629207E+03,
    223.73790878784));
#5447 = CARTESIAN_POINT('',(-1.769814240273E+03,-1.376324306269E+03,
    224.99763576395));
#5448 = CARTESIAN_POINT('',(-1.763418324479E+03,-1.377358101325E+03,
    226.19516033195));
#5449 = CARTESIAN_POINT('',(-1.757017463176E+03,-1.378393436287E+03,
    227.33559939311));
#5450 = CARTESIAN_POINT('',(-1.750612209222E+03,-1.379429838252E+03,
    228.42326845724));
#5451 = CARTESIAN_POINT('',(-1.734541670668E+03,-1.382030204082E+03,
    231.02737914749));
#5452 = CARTESIAN_POINT('',(-1.724871587656E+03,-1.383594981181E+03,
    232.48131290311));
#5453 = CARTESIAN_POINT('',(-1.7151941719E+03,-1.385159889391E+03,
    233.83621870548));
#5454 = CARTESIAN_POINT('',(-1.705510589797E+03,-1.386723904618E+03,
    235.10134022235));
#5455 = CARTESIAN_POINT('',(-1.69582176286E+03,-1.388286198395E+03,
    236.28413712318));
#5456 = CARTESIAN_POINT('',(-1.686128393066E+03,-1.389846096173E+03,
    237.39071829165));
#5457 = CARTESIAN_POINT('',(-1.67643098757E+03,-1.391403037889E+03,
    238.42625012915));
#5458 = CARTESIAN_POINT('',(-1.65556607038E+03,-1.394744311284E+03,
    240.5101285399));
#5459 = CARTESIAN_POINT('',(-1.644397528543E+03,-1.396527505816E+03,
    241.53684984027));
#5460 = CARTESIAN_POINT('',(-1.633224877224E+03,-1.39830541216E+03,
    242.48202914828));
#5461 = CARTESIAN_POINT('',(-1.622048646988E+03,-1.400077430644E+03,
    243.35107229499));
#5462 = CARTESIAN_POINT('',(-1.610869279947E+03,-1.401843053216E+03,
    244.14850612356));
#5463 = CARTESIAN_POINT('',(-1.599687136984E+03,-1.403601842615E+03,
    244.87820580877));
#5464 = CARTESIAN_POINT('',(-1.588502501564E+03,-1.405353420928E+03,
    245.54351561691));
#5465 = CARTESIAN_POINT('',(-1.560075901147E+03,-1.409785121081E+03,
    247.07792592798));
#5466 = CARTESIAN_POINT('',(-1.542830937061E+03,-1.412454854115E+03,
    247.8625166615));
#5467 = CARTESIAN_POINT('',(-1.525581519702E+03,-1.415105444335E+03,
    248.51183785376));
#5468 = CARTESIAN_POINT('',(-1.508328360774E+03,-1.417735906894E+03,
    249.0342124243));
#5469 = CARTESIAN_POINT('',(-1.491072062711E+03,-1.420345415257E+03,
    249.4363908277));
#5470 = CARTESIAN_POINT('',(-1.473813122051E+03,-1.422933265951E+03,
    249.72394299072));
#5471 = CARTESIAN_POINT('',(-1.456551930924E+03,-1.425498861368E+03,
    249.90143640105));
#5472 = CARTESIAN_POINT('',(-1.422027428792E+03,-1.430584260263E+03,
    250.04376024359));
#5473 = CARTESIAN_POINT('',(-1.404764204203E+03,-1.433104055859E+03,
    250.00861205084));
#5474 = CARTESIAN_POINT('',(-1.387499441311E+03,-1.435600566412E+03,
    249.87088428434));
#5475 = CARTESIAN_POINT('',(-1.370233466789E+03,-1.43807335507E+03,
    249.63345865506));
#5476 = CARTESIAN_POINT('',(-1.352966596266E+03,-1.440522051306E+03,
    249.2984961045));
#5477 = CARTESIAN_POINT('',(-1.335699133755E+03,-1.442946345801E+03,
    248.86749030872));
#5478 = CARTESIAN_POINT('',(-1.318431372071E+03,-1.445345990931E+03,
    248.34125034052));
#5479 = CARTESIAN_POINT('',(-1.290231307241E+03,-1.449224310668E+03,
    247.32637814101));
#5480 = CARTESIAN_POINT('',(-1.279299025502E+03,-1.450717860832E+03,
    246.89478682818));
#5481 = CARTESIAN_POINT('',(-1.268366824531E+03,-1.452201411225E+03,
    246.42504849394));
#5482 = CARTESIAN_POINT('',(-1.257434786267E+03,-1.453674925682E+03,
    245.91704712992));
#5483 = CARTESIAN_POINT('',(-1.246502999267E+03,-1.455138378509E+03,
    245.37053421347));
#5484 = CARTESIAN_POINT('',(-1.235571559206E+03,-1.45659175575E+03,
    244.78511209607));
#5485 = CARTESIAN_POINT('',(-1.224640569682E+03,-1.45803505719E+03,
    244.16020734345));
#5486 = CARTESIAN_POINT('',(-1.197999910494E+03,-1.461528288737E+03,
    242.53898461728));
#5487 = CARTESIAN_POINT('',(-1.182290926705E+03,-1.463567486134E+03,
    241.49975228985));
#5488 = CARTESIAN_POINT('',(-1.166583446218E+03,-1.465585950557E+03,
    240.37500120448));
#5489 = CARTESIAN_POINT('',(-1.150877845824E+03,-1.467583802181E+03,
    239.1614654275));
#5490 = CARTESIAN_POINT('',(-1.13517463376E+03,-1.46956123738E+03,
    237.8547578881));
#5491 = CARTESIAN_POINT('',(-1.119474476729E+03,-1.471518570273E+03,
    236.44881910516));
#5492 = CARTESIAN_POINT('',(-1.103778222094E+03,-1.473456268852E+03,
    234.93544409979));
#5493 = CARTESIAN_POINT('',(-1.081932947066E+03,-1.476127699311E+03,
    232.66129658093));
#5494 = CARTESIAN_POINT('',(-1.075779674748E+03,-1.476877371885E+03,
    232.0021677763));
#5495 = CARTESIAN_POINT('',(-1.069627261791E+03,-1.47762419244E+03,
    231.3237997278));
#5496 = CARTESIAN_POINT('',(-1.063475793786E+03,-1.478368215654E+03,
    230.62531918743));
#5497 = CARTESIAN_POINT('',(-1.057325372457E+03,-1.479109504413E+03,
    229.90572809768));
#5498 = CARTESIAN_POINT('',(-1.051176117719E+03,-1.479848132224E+03,
    229.16387073652));
#5499 = CARTESIAN_POINT('',(-1.045028170879E+03,-1.480584186892E+03,
    228.39838311066));
#5500 = CARTESIAN_POINT('',(-1.03386622694E+03,-1.481916377912E+03,
    226.96237196283));
#5501 = CARTESIAN_POINT('',(-1.028851746029E+03,-1.482513337259E+03,
    226.30029383343));
#5502 = CARTESIAN_POINT('',(-1.023838342454E+03,-1.48310871235E+03,
    225.62049693304));
#5503 = CARTESIAN_POINT('',(-1.01882612325E+03,-1.483702569517E+03,
    224.92196523221));
#5504 = CARTESIAN_POINT('',(-1.013815218728E+03,-1.484294984917E+03,
    224.20352778406));
#5505 = CARTESIAN_POINT('',(-1.00880578522E+03,-1.484886047137E+03,
    223.46382260659));
#5506 = CARTESIAN_POINT('',(-1.003798009812E+03,-1.485475861646E+03,
    222.70123437697));
#5507 = CARTESIAN_POINT('',(-994.5662443169,-1.48656152503E+03,
    221.24903338034));
#5508 = CARTESIAN_POINT('',(-990.3417312741,-1.487057692844E+03,
    220.56656812138));
#5509 = CARTESIAN_POINT('',(-986.1187042366,-1.487553141878E+03,
    219.86519427875));
#5510 = CARTESIAN_POINT('',(-981.8973260586,-1.488047962084E+03,
    219.14353887783));
#5511 = CARTESIAN_POINT('',(-977.6778034102,-1.488542257725E+03,
    218.39999054913));
#5512 = CARTESIAN_POINT('',(-973.4603922454,-1.489036151537E+03,
    217.63264036668));
#5513 = CARTESIAN_POINT('',(-969.2454086874,-1.48952979293E+03,
    216.83916406578));
#5514 = CARTESIAN_POINT('',(-961.662817167,-1.490418322143E+03,
    215.35838740867));
#5515 = CARTESIAN_POINT('',(-958.2942341184,-1.4908132267E+03,
    214.68156396));
#5516 = CARTESIAN_POINT('',(-954.9276779722,-1.491208189961E+03,
    213.98458433084));
#5517 = CARTESIAN_POINT('',(-951.5633964162,-1.49160332643E+03,
    213.26566539421));
#5518 = CARTESIAN_POINT('',(-948.2017216656,-1.491998770525E+03,
    212.52266258734));
#5519 = CARTESIAN_POINT('',(-944.8430804898,-1.492394682557E+03,
    211.75298249161));
#5520 = CARTESIAN_POINT('',(-941.4880192779,-1.492791263387E+03,
    210.95336489015));
#5521 = CARTESIAN_POINT('',(-936.3561490157,-1.493400094293E+03,
    209.67607145297));
#5522 = CARTESIAN_POINT('',(-934.5762693072,-1.493611665293E+03,
    209.22305563393));
#5523 = CARTESIAN_POINT('',(-932.7977282224,-1.493823542512E+03,
    208.75966899192));
#5524 = CARTESIAN_POINT('',(-931.0206600939,-1.494035772255E+03,
    208.28515010147));
#5525 = CARTESIAN_POINT('',(-929.2452301203,-1.494248406359E+03,
    207.79862825991));
#5526 = CARTESIAN_POINT('',(-927.4716393538,-1.494461504486E+03,
    207.29908800404));
#5527 = CARTESIAN_POINT('',(-925.7001330811,-1.494675137939E+03,
    206.78531000202));
#5528 = CARTESIAN_POINT('',(-922.3996086065,-1.495074862312E+03,
    205.79741840044));
#5529 = CARTESIAN_POINT('',(-920.8700267919,-1.495260792755E+03,
    205.32726159043));
#5530 = CARTESIAN_POINT('',(-919.3424384988,-1.495447246702E+03,
    204.84433102793));
#5531 = CARTESIAN_POINT('',(-917.817079754,-1.495634290036E+03,
    204.3474887326));
#5532 = CARTESIAN_POINT('',(-916.2942624443,-1.495821997996E+03,
    203.83538257033));
#5533 = CARTESIAN_POINT('',(-914.7743834897,-1.496010458489E+03,
    203.30639296672));
#5534 = CARTESIAN_POINT('',(-913.2579464655,-1.496199779794E+03,
    202.75850764638));
#5535 = CARTESIAN_POINT('',(-910.8780497254,-1.496499290214E+03,
    201.8623658303));
#5536 = CARTESIAN_POINT('',(-910.011858121,-1.49660880167E+03,
    201.52859421022));
#5537 = CARTESIAN_POINT('',(-909.1471539309,-1.496718670007E+03,
    201.18722129228));
#5538 = CARTESIAN_POINT('',(-908.2840903247,-1.496828925605E+03,
    200.83766781395));
#5539 = CARTESIAN_POINT('',(-907.4228567349,-1.496939601699E+03,
    200.47927320841));
#5540 = CARTESIAN_POINT('',(-906.5636847197,-1.497050735977E+03,
    200.11126784755));
#5541 = CARTESIAN_POINT('',(-905.7068579857,-1.497162373285E+03,
    199.73272609257));
#5542 = CARTESIAN_POINT('',(-904.1473325544,-1.49736722782E+03,
    199.02022768026));
#5543 = CARTESIAN_POINT('',(-903.4438097047,-1.49746026308E+03,
    198.69000080082));
#5544 = CARTESIAN_POINT('',(-902.7423337484,-1.497553709514E+03,
    198.35116202912));
#5545 = CARTESIAN_POINT('',(-902.0431434925,-1.497647602433E+03,
    198.00296359014));
#5546 = CARTESIAN_POINT('',(-901.346550732,-1.497741980045E+03,
    197.64453070172));
#5547 = CARTESIAN_POINT('',(-900.6529487795,-1.497836885211E+03,
    197.27482883303));
#5548 = CARTESIAN_POINT('',(-899.9628317272,-1.497932369329E+03,
    196.89259009678));
#5549 = CARTESIAN_POINT('',(-898.8370921859,-1.498090123892E+03,
    196.24202594522));
#5550 = CARTESIAN_POINT('',(-898.4091407018,-1.498150597838E+03,
    195.98790013704));
#5551 = CARTESIAN_POINT('',(-897.9929599217,-1.4982099267E+03,
    195.73377655939));
#5552 = CARTESIAN_POINT('',(-897.5885281101,-1.498268114532E+03,
    195.47965526238));
#5553 = CARTESIAN_POINT('',(-897.1958239812,-1.498325165261E+03,
    195.22553629599));
#5554 = CARTESIAN_POINT('',(-896.8148266989,-1.498381082688E+03,
    194.97141971004));
#5555 = CARTESIAN_POINT('',(-896.4455158769,-1.498435870489E+03,
    194.71730555423));
#5556 = CARTESIAN_POINT('',(-895.6944628566,-1.49854856011E+03,
    194.18367103859));
#5557 = CARTESIAN_POINT('',(-895.3151705518,-1.498606225465E+03,
    193.90415118272));
#5558 = CARTESIAN_POINT('',(-894.9499681361,-1.498662533003E+03,
    193.62463437942));
#5559 = CARTESIAN_POINT('',(-894.5988296228,-1.498717487279E+03,
    193.3451206968));
#5560 = CARTESIAN_POINT('',(-894.2617295661,-1.49877109268E+03,
    193.06561020214));
#5561 = CARTESIAN_POINT('',(-893.9386430615,-1.498823353426E+03,
    192.78610296187));
#5562 = CARTESIAN_POINT('',(-893.6295457456,-1.498874273568E+03,
    192.50659904163));
#5563 = CARTESIAN_POINT('',(-893.0300764292,-1.498974986958E+03,
    191.93888011029));
#5564 = CARTESIAN_POINT('',(-892.7305416826,-1.499026383473E+03,
    191.64115088811));
#5565 = CARTESIAN_POINT('',(-892.436287702,-1.499078090521E+03,
    191.33275859535));
#5566 = CARTESIAN_POINT('',(-892.1481450503,-1.499130121002E+03,
    191.01252089664));
#5567 = CARTESIAN_POINT('',(-891.8673430345,-1.499182457582E+03,
    190.67915865925));
#5568 = CARTESIAN_POINT('',(-891.5955247924,-1.499235053474E+03,
    190.33126839969));
#5569 = CARTESIAN_POINT('',(-891.3348221716,-1.499287835037E+03,
    189.96719752477));
#5570 = CARTESIAN_POINT('',(-890.8885376846,-1.499383467439E+03,
    189.27534195102));
#5571 = CARTESIAN_POINT('',(-890.6983642432,-1.499426235644E+03,
    188.95430499736));
#5572 = CARTESIAN_POINT('',(-890.5189013327,-1.499468989488E+03,
    188.62023756839));
#5573 = CARTESIAN_POINT('',(-890.352273406,-1.499511602735E+03,
    188.27217600934));
#5574 = CARTESIAN_POINT('',(-890.2012620665,-1.499553851811E+03,
    187.90961437033));
#5575 = CARTESIAN_POINT('',(-890.0692283688,-1.499595418292E+03,
    187.53256791618));
#5576 = CARTESIAN_POINT('',(-889.9598380829,-1.499635897767E+03,
    187.14179393574));
#5577 = CARTESIAN_POINT('',(-889.8126241025,-1.499704532024E+03,
    186.43221784705));
#5578 = CARTESIAN_POINT('',(-889.7669970066,-1.499731931641E+03,
    186.13280003594));
#5579 = CARTESIAN_POINT('',(-889.7357231438,-1.499758217813E+03,
    185.830198666));
#5580 = CARTESIAN_POINT('',(-889.7198168396,-1.49978361579E+03,
    185.52024663619));
#5581 = CARTESIAN_POINT('',(-889.7214633589,-1.499807702285E+03,
    185.20575494602));
#5582 = CARTESIAN_POINT('',(-889.7421381058,-1.499829578133E+03,
    184.8965738486));
#5583 = CARTESIAN_POINT('',(-889.7761996369,-1.499848451706E+03,
    184.60989665788));
#5584 = CARTESIAN_POINT('',(-889.859606211,-1.49988247473E+03,
    184.06607830266));
#5585 = CARTESIAN_POINT('',(-889.9224649557,-1.499900017995E+03,
    183.76128305278));
#5586 = CARTESIAN_POINT('',(-890.0014121132,-1.499916036958E+03,
    183.45649351099));
#5587 = CARTESIAN_POINT('',(-890.0964257385,-1.499930533192E+03,
    183.15170976076));
#5588 = CARTESIAN_POINT('',(-890.2074843165,-1.499943508083E+03,
    182.84693188465));
#5589 = CARTESIAN_POINT('',(-890.3345667625,-1.499954962835E+03,
    182.54215996431));
#5590 = CARTESIAN_POINT('',(-890.4776524222,-1.499964898464E+03,
    182.2373940805));
#5591 = CARTESIAN_POINT('',(-890.782533999,-1.499981031699E+03,
    181.6532711948));
#5592 = CARTESIAN_POINT('',(-890.9417770776,-1.49998747181E+03,
    181.37391321919));
#5593 = CARTESIAN_POINT('',(-891.1144347224,-1.49999263678E+03,
    181.09456044827));
#5594 = CARTESIAN_POINT('',(-891.3004916565,-1.499996527123E+03,
    180.81521294463));
#5595 = CARTESIAN_POINT('',(-891.49993291,-1.499999143224E+03,
    180.53587077144));
#5596 = CARTESIAN_POINT('',(-891.712743821,-1.500000485341E+03,
    180.25653399244));
#5597 = CARTESIAN_POINT('',(-891.9389100348,-1.500000553602E+03,
    179.97720267196));
#5598 = CARTESIAN_POINT('',(-892.6190719927,-1.499997129913E+03,
    179.18396319029));
#5599 = CARTESIAN_POINT('',(-893.0776996819,-1.499990736795E+03,
    178.70177337808));
#5600 = CARTESIAN_POINT('',(-893.5496389135,-1.499981072651E+03,
    178.2452793299));
#5601 = CARTESIAN_POINT('',(-894.0318756875,-1.499968692957E+03,
    177.81096041187));
#5602 = CARTESIAN_POINT('',(-894.5221469891,-1.499954034854E+03,
    177.39591496771));
#5603 = CARTESIAN_POINT('',(-895.0189578399,-1.499937414759E+03,
    176.99786729037));
#5604 = CARTESIAN_POINT('',(-895.5213772785,-1.499919078199E+03,
    176.61476841594));
#5605 = CARTESIAN_POINT('',(-896.7304266936,-1.499871738552E+03,
    175.73359490018));
#5606 = CARTESIAN_POINT('',(-897.4409687264,-1.499841368832E+03,
    175.24805136954));
#5607 = CARTESIAN_POINT('',(-898.1586887286,-1.499808607203E+03,
    174.78387180872));
#5608 = CARTESIAN_POINT('',(-898.882219006,-1.499773798207E+03,
    174.33825622057));
#5609 = CARTESIAN_POINT('',(-899.610522591,-1.499737210619E+03,
    173.90898461172));
#5610 = CARTESIAN_POINT('',(-900.3428574236,-1.499699049673E+03,
    173.49430074942));
#5611 = CARTESIAN_POINT('',(-901.0787120697,-1.499659478545E+03,
    173.09271060325));
#5612 = CARTESIAN_POINT('',(-902.6738950008,-1.49957129991E+03,
    172.25143111835));
#5613 = CARTESIAN_POINT('',(-903.5341318243,-1.499522264418E+03,
    171.81587901567));
#5614 = CARTESIAN_POINT('',(-904.397852211,-1.499471725536E+03,
    171.39436120807));
#5615 = CARTESIAN_POINT('',(-905.2645561299,-1.499419841981E+03,
    170.98542785008));
#5616 = CARTESIAN_POINT('',(-906.1338470792,-1.499366741731E+03,
    170.5879020225));
#5617 = CARTESIAN_POINT('',(-907.0054118139,-1.499312530576E+03,
    170.20079302385));
#5618 = CARTESIAN_POINT('',(-907.8790115181,-1.499257295837E+03,
    169.82325847865));
#5619 = CARTESIAN_POINT('',(-909.8797051904,-1.499128895491E+03,
    168.98067179263));
#5620 = CARTESIAN_POINT('',(-911.0079546459,-1.499055113847E+03,
    168.52140584938));
#5621 = CARTESIAN_POINT('',(-912.1388025399,-1.498979923965E+03,
    168.07521702494));
#5622 = CARTESIAN_POINT('',(-913.2719171062,-1.498903450732E+03,
    167.64088867602));
#5623 = CARTESIAN_POINT('',(-914.4070293275,-1.498825796987E+03,
    167.21741412872));
#5624 = CARTESIAN_POINT('',(-915.5439215928,-1.49874704919E+03,
    166.80393661577));
#5625 = CARTESIAN_POINT('',(-916.6824219885,-1.498667280255E+03,
    166.39971901732));
#5626 = CARTESIAN_POINT('',(-919.6932967274,-1.498454064042E+03,
    165.35485734881));
#5627 = CARTESIAN_POINT('',(-921.5681091454,-1.498318997245E+03,
    164.72881917972));
#5628 = CARTESIAN_POINT('',(-923.4462160031,-1.498181629461E+03,
    164.12315142003));
#5629 = CARTESIAN_POINT('',(-925.3271417654,-1.498042170549E+03,
    163.53570985322));
#5630 = CARTESIAN_POINT('',(-927.2105106508,-1.497900789061E+03,
    162.96476590918));
#5631 = CARTESIAN_POINT('',(-929.0960265504,-1.497757624142E+03,
    162.40887571684));
#5632 = CARTESIAN_POINT('',(-930.9834643256,-1.497612790655E+03,
    161.86682322709));
#5633 = CARTESIAN_POINT('',(-935.1491711086,-1.497289964073E+03,
    160.69977668792));
#5634 = CARTESIAN_POINT('',(-937.4281874604,-1.497111263949E+03,
    160.08057520689));
#5635 = CARTESIAN_POINT('',(-939.7093826269,-1.496930456539E+03,
    159.47811856583));
#5636 = CARTESIAN_POINT('',(-941.9924938823,-1.496747679393E+03,
    158.8909438434));
#5637 = CARTESIAN_POINT('',(-944.2773059557,-1.496563046909E+03,
    158.31783162538));
#5638 = CARTESIAN_POINT('',(-946.5636428032,-1.496376656121E+03,
    157.75774030785));
#5639 = CARTESIAN_POINT('',(-948.8513632144,-1.496188589772E+03,
    157.20977099962));
#5640 = CARTESIAN_POINT('',(-955.528482342,-1.49563531038E+03,
    155.64437244172));
#5641 = CARTESIAN_POINT('',(-959.9212148133,-1.495265811922E+03,
    154.65727523802));
#5642 = CARTESIAN_POINT('',(-964.317748627,-1.494890928343E+03,
    153.70629495821));
#5643 = CARTESIAN_POINT('',(-968.7174824505,-1.494511028051E+03,
    152.78740965639));
#5644 = CARTESIAN_POINT('',(-973.1199498487,-1.494126401721E+03,
    151.89744654015));
#5645 = CARTESIAN_POINT('',(-977.524790445,-1.493737286673E+03,
    151.03379718113));
#5646 = CARTESIAN_POINT('',(-981.9317390334,-1.493343875976E+03,
    150.19430958393));
#5647 = CARTESIAN_POINT('',(-991.9679043016,-1.492438921428E+03,
    148.33414458683));
#5648 = CARTESIAN_POINT('',(-997.5982512479,-1.491924783769E+03,
    147.32752411346));
#5649 = CARTESIAN_POINT('',(-1.00323119821E+03,-1.491404258774E+03,
    146.35347371901));
#5650 = CARTESIAN_POINT('',(-1.008866388666E+03,-1.490877611087E+03,
    145.40906444335));
#5651 = CARTESIAN_POINT('',(-1.0145035359E+03,-1.490345056859E+03,
    144.49191541895));
#5652 = CARTESIAN_POINT('',(-1.020142410137E+03,-1.489806777141E+03,
    143.6000334151));
#5653 = CARTESIAN_POINT('',(-1.025782832356E+03,-1.489262924253E+03,
    142.73173558511));
#5654 = CARTESIAN_POINT('',(-1.040460724595E+03,-1.487833867132E+03,
    140.53033503983));
#5655 = CARTESIAN_POINT('',(-1.049500337418E+03,-1.486940150463E+03,
    139.23188216756));
#5656 = CARTESIAN_POINT('',(-1.058542907903E+03,-1.486033017263E+03,
    137.98425855828));
#5657 = CARTESIAN_POINT('',(-1.067587972912E+03,-1.485112875153E+03,
    136.78306644454));
#5658 = CARTESIAN_POINT('',(-1.076635164545E+03,-1.48418005255E+03,
    135.62482976503));
#5659 = CARTESIAN_POINT('',(-1.085684192179E+03,-1.483234822032E+03,
    134.50670729611));
#5660 = CARTESIAN_POINT('',(-1.094734834705E+03,-1.482277410222E+03,
    133.4263686519));
#5661 = CARTESIAN_POINT('',(-1.11400202897E+03,-1.480214061195E+03,
    131.20313377097));
#5662 = CARTESIAN_POINT('',(-1.124218934119E+03,-1.479104850089E+03,
    130.07003886569));
#5663 = CARTESIAN_POINT('',(-1.134437380803E+03,-1.47798065581E+03,
    128.97975333987));
#5664 = CARTESIAN_POINT('',(-1.144657146952E+03,-1.476841707079E+03,
    127.93008304528));
#5665 = CARTESIAN_POINT('',(-1.154878045207E+03,-1.475688197018E+03,
    126.91925971485));
#5666 = CARTESIAN_POINT('',(-1.165099917998E+03,-1.474520291447E+03,
    125.94583638));
#5667 = CARTESIAN_POINT('',(-1.175322634803E+03,-1.473338133378E+03,
    125.00862946428));
#5668 = CARTESIAN_POINT('',(-1.207535106965E+03,-1.469568826394E+03,
    122.16668842113));
#5669 = CARTESIAN_POINT('',(-1.229527417506E+03,-1.466930461001E+03,
    120.38976369972));
#5670 = CARTESIAN_POINT('',(-1.25152198671E+03,-1.464227985277E+03,
    118.76622208128));
#5671 = CARTESIAN_POINT('',(-1.273517949523E+03,-1.461462270947E+03,
    117.29097535171));
#5672 = CARTESIAN_POINT('',(-1.295514549397E+03,-1.458633986777E+03,
    115.96146919389));
#5673 = CARTESIAN_POINT('',(-1.317511125957E+03,-1.455743625721E+03,
    114.77728916186));
#5674 = CARTESIAN_POINT('',(-1.33950710218E+03,-1.452791530261E+03,
    113.73978456953));
#5675 = CARTESIAN_POINT('',(-1.377856013883E+03,-1.447537118137E+03,
    112.1921383352));
#5676 = CARTESIAN_POINT('',(-1.394209361551E+03,-1.445262335988E+03,
    111.61499047387));
#5677 = CARTESIAN_POINT('',(-1.410561803129E+03,-1.442953612066E+03,
    111.12200117059));
#5678 = CARTESIAN_POINT('',(-1.426913083864E+03,-1.440610982936E+03,
    110.71503309184));
#5679 = CARTESIAN_POINT('',(-1.443262918833E+03,-1.43823444259E+03,
    110.39651429353));
#5680 = CARTESIAN_POINT('',(-1.459610992972E+03,-1.435823938345E+03,
    110.169481125));
#5681 = CARTESIAN_POINT('',(-1.475956961375E+03,-1.433379361429E+03,
    110.03768485418));
#5682 = CARTESIAN_POINT('',(-1.502153829125E+03,-1.429406058613E+03,
    109.98656523976));
#5683 = CARTESIAN_POINT('',(-1.512006295403E+03,-1.427899138365E+03,
    110.00365111134));
#5684 = CARTESIAN_POINT('',(-1.521857765174E+03,-1.426379729273E+03,
    110.05807259444));
#5685 = CARTESIAN_POINT('',(-1.531708141374E+03,-1.424847783334E+03,
    110.15097495703));
#5686 = CARTESIAN_POINT('',(-1.541557313298E+03,-1.423303243094E+03,
    110.28363987123));
#5687 = CARTESIAN_POINT('',(-1.551405156324E+03,-1.421746039799E+03,
    110.45750868088));
#5688 = CARTESIAN_POINT('',(-1.5612515315E+03,-1.420176090746E+03,
    110.6742155864));
#5689 = CARTESIAN_POINT('',(-1.580077705166E+03,-1.417149303768E+03,
    111.17412116684));
#5690 = CARTESIAN_POINT('',(-1.589057762906E+03,-1.415694622079E+03,
    111.4498224979));
#5691 = CARTESIAN_POINT('',(-1.598036346897E+03,-1.41422917403E+03,
    111.76415373499));
#5692 = CARTESIAN_POINT('',(-1.607013321224E+03,-1.412752872601E+03,
    112.11870304334));
#5693 = CARTESIAN_POINT('',(-1.6159885248E+03,-1.411265618892E+03,
    112.51524974183));
#5694 = CARTESIAN_POINT('',(-1.624961770164E+03,-1.409767298926E+03,
    112.95580707488));
#5695 = CARTESIAN_POINT('',(-1.633932841674E+03,-1.408257778847E+03,
    113.44268577257));
#5696 = CARTESIAN_POINT('',(-1.654836278365E+03,-1.404713029046E+03,
    114.69170271713));
#5697 = CARTESIAN_POINT('',(-1.666766552741E+03,-1.402669080695E+03,
    115.4916100457));
#5698 = CARTESIAN_POINT('',(-1.678691950377E+03,-1.400604641236E+03,
    116.38465158951));
#5699 = CARTESIAN_POINT('',(-1.690611796191E+03,-1.398519246544E+03,
    117.37841646631));
#5700 = CARTESIAN_POINT('',(-1.702525090917E+03,-1.396412361549E+03,
    118.48202483291));
#5701 = CARTESIAN_POINT('',(-1.714430462864E+03,-1.394283321986E+03,
    119.70697750268));
#5702 = CARTESIAN_POINT('',(-1.726326132426E+03,-1.392131288045E+03,
    121.067827373));
#5703 = CARTESIAN_POINT('',(-1.745525060052E+03,-1.388615300784E+03,
    123.52014029803));
#5704 = CARTESIAN_POINT('',(-1.752835558431E+03,-1.387266463489E+03,
    124.51402651066));
#5705 = CARTESIAN_POINT('',(-1.760140811566E+03,-1.385908158667E+03,
    125.57234317535));
#5706 = CARTESIAN_POINT('',(-1.767440109574E+03,-1.384540039943E+03,
    126.70099275121));
#5707 = CARTESIAN_POINT('',(-1.774732414123E+03,-1.383161723324E+03,
    127.907062233));
#5708 = CARTESIAN_POINT('',(-1.782016292539E+03,-1.381772744005E+03,
    129.1995231421));
#5709 = CARTESIAN_POINT('',(-1.789289871394E+03,-1.380372524016E+03,
    130.58975215714));
#5710 = CARTESIAN_POINT('',(-1.799959376502E+03,-1.378297106378E+03,
    132.80095817766));
#5711 = CARTESIAN_POINT('',(-1.803365276329E+03,-1.377631371373E+03,
    133.53264546088));
#5712 = CARTESIAN_POINT('',(-1.806768009072E+03,-1.376962885406E+03,
    134.29129560781));
#5713 = CARTESIAN_POINT('',(-1.810167231598E+03,-1.376291551084E+03,
    135.0788910594));
#5714 = CARTESIAN_POINT('',(-1.813562502854E+03,-1.375617262352E+03,
    135.89774301775));
#5715 = CARTESIAN_POINT('',(-1.816953273645E+03,-1.374939900023E+03,
    136.7505722714));
#5716 = CARTESIAN_POINT('',(-1.820338865796E+03,-1.374259322511E+03,
    137.64067365122));
#5717 = CARTESIAN_POINT('',(-1.826362627729E+03,-1.373040198969E+03,
    139.30112157911));
#5718 = CARTESIAN_POINT('',(-1.829003044507E+03,-1.37250298928E+03,
    140.05535730478));
#5719 = CARTESIAN_POINT('',(-1.831639331384E+03,-1.371963618457E+03,
    140.8369869171));
#5720 = CARTESIAN_POINT('',(-1.834270991219E+03,-1.371421989216E+03,
    141.6483494858));
#5721 = CARTESIAN_POINT('',(-1.836897355343E+03,-1.370878000158E+03,
    142.49222591858));
#5722 = CARTESIAN_POINT('',(-1.839517565843E+03,-1.370331540677E+03,
    143.37194558946));
#5723 = CARTESIAN_POINT('',(-1.842130531667E+03,-1.369782478091E+03,
    144.29164957768));
#5724 = CARTESIAN_POINT('',(-1.846213567744E+03,-1.368917282996E+03,
    145.8049674184));
#5725 = CARTESIAN_POINT('',(-1.847689466417E+03,-1.368603049108E+03,
    146.36770641562));
#5726 = CARTESIAN_POINT('',(-1.849162274594E+03,-1.368287890022E+03,
    146.94613241802));
#5727 = CARTESIAN_POINT('',(-1.850631669605E+03,-1.367971772322E+03,
    147.54139968302));
#5728 = CARTESIAN_POINT('',(-1.852097245443E+03,-1.367654663916E+03,
    148.15483712168));
#5729 = CARTESIAN_POINT('',(-1.853558503448E+03,-1.367336532312E+03,
    148.78799181059));
#5730 = CARTESIAN_POINT('',(-1.855014834321E+03,-1.367017341248E+03,
    149.44271300595));
#5731 = CARTESIAN_POINT('',(-1.857671831218E+03,-1.366430687416E+03,
    150.68563660012));
#5732 = CARTESIAN_POINT('',(-1.858874167085E+03,-1.366163584152E+03,
    151.26643357122));
#5733 = CARTESIAN_POINT('',(-1.860072112545E+03,-1.365895695205E+03,
    151.86506283874));
#5734 = CARTESIAN_POINT('',(-1.861265139987E+03,-1.365626994342E+03,
    152.48306321682));
#5735 = CARTESIAN_POINT('',(-1.862452549781E+03,-1.36535746607E+03,
    153.12223526273));
#5736 = CARTESIAN_POINT('',(-1.863633452264E+03,-1.365087103769E+03,
    153.78470731126));
#5737 = CARTESIAN_POINT('',(-1.864806724431E+03,-1.364815905092E+03,
    154.4730935665));
#5738 = CARTESIAN_POINT('',(-1.866680101854E+03,-1.364378140472E+03,
    155.6280860104));
#5739 = CARTESIAN_POINT('',(-1.867385865837E+03,-1.364212118607E+03,
    156.0761876758));
#5740 = CARTESIAN_POINT('',(-1.868087893526E+03,-1.364045790003E+03,
    156.53594486663));
#5741 = CARTESIAN_POINT('',(-1.868785780126E+03,-1.363879159141E+03,
    157.00823447559));
#5742 = CARTESIAN_POINT('',(-1.869479015236E+03,-1.363712240667E+03,
    157.49405024305));
#5743 = CARTESIAN_POINT('',(-1.870166971923E+03,-1.363545058972E+03,
    157.99453374131));
#5744 = CARTESIAN_POINT('',(-1.870848885047E+03,-1.363377647304E+03,
    158.51103577477));
#5745 = CARTESIAN_POINT('',(-1.87207186351E+03,-1.363073949305E+03,
    159.47902459803));
#5746 = CARTESIAN_POINT('',(-1.872615226523E+03,-1.362937748244E+03,
    159.92441644736));
#5747 = CARTESIAN_POINT('',(-1.873153443477E+03,-1.362801451769E+03,
    160.38234972655));
#5748 = CARTESIAN_POINT('',(-1.873685896286E+03,-1.362665092849E+03,
    160.85384031345));
#5749 = CARTESIAN_POINT('',(-1.874211784431E+03,-1.36252872887E+03,
    161.34002125865));
#5750 = CARTESIAN_POINT('',(-1.874730109132E+03,-1.362392441877E+03,
    161.84217701259));
#5751 = CARTESIAN_POINT('',(-1.875239637886E+03,-1.362256339057E+03,
    162.36181989021));
#5752 = CARTESIAN_POINT('',(-1.876315963086E+03,-1.36196356648E+03,
    163.52405574622));
#5753 = CARTESIAN_POINT('',(-1.876878321014E+03,-1.361807264089E+03,
    164.17214383378));
#5754 = CARTESIAN_POINT('',(-1.877424563134E+03,-1.361651587575E+03,
    164.84895404316));
#5755 = CARTESIAN_POINT('',(-1.877951661106E+03,-1.361496806365E+03,
    165.55812800706));
#5756 = CARTESIAN_POINT('',(-1.878454887751E+03,-1.361343519653E+03,
    166.30312952409));
#5757 = CARTESIAN_POINT('',(-1.878927705731E+03,-1.361192667146E+03,
    167.08737771853));
#5758 = CARTESIAN_POINT('',(-1.879361743065E+03,-1.361045531175E+03,
    167.91428625931));
#5759 = CARTESIAN_POINT('',(-1.880017305334E+03,-1.360803888637E+03,
    169.4034404834));
#5760 = CARTESIAN_POINT('',(-1.880263815379E+03,-1.360706643031E+03,
    170.0423698932));
#5761 = CARTESIAN_POINT('',(-1.880481368848E+03,-1.360612887081E+03,
    170.70447298823));
#5762 = CARTESIAN_POINT('',(-1.880664904202E+03,-1.360523660463E+03,
    171.38853483532));
#5763 = CARTESIAN_POINT('',(-1.880809194434E+03,-1.360440131658E+03,
    172.09213367597));
#5764 = CARTESIAN_POINT('',(-1.880909505436E+03,-1.360363497294E+03,
    172.81136870653));
#5765 = CARTESIAN_POINT('',(-1.880962615028E+03,-1.36029482748E+03,
    173.54042437125));
#5766 = CARTESIAN_POINT('',(-1.880974216319E+03,-1.360172682117E+03,
    175.02782920507));
#5767 = CARTESIAN_POINT('',(-1.880929212419E+03,-1.360119843246E+03,
    175.7863267439));
#5768 = CARTESIAN_POINT('',(-1.880833045459E+03,-1.360077141684E+03,
    176.53687612576));
#5769 = CARTESIAN_POINT('',(-1.880689044674E+03,-1.360044501227E+03,
    177.27277614647));
#5770 = CARTESIAN_POINT('',(-1.880502370006E+03,-1.360021336023E+03,
    177.98941134079));
#5771 = CARTESIAN_POINT('',(-1.880278826913E+03,-1.360006809673E+03,
    178.68377497683));
#5772 = CARTESIAN_POINT('',(-1.880024113782E+03,-1.36E+03,
    179.35416836183));
#5773 = CARTESIAN_POINT('',(-1.879743365826E+03,-1.36E+03,180.));
#5774 = PCURVE('',#33,#5775);
#5775 = DEFINITIONAL_REPRESENTATION('',(#5776),#6286);
#5776 = B_SPLINE_CURVE_WITH_KNOTS('',3,(#5777,#5778,#5779,#5780,#5781,
    #5782,#5783,#5784,#5785,#5786,#5787,#5788,#5789,#5790,#5791,#5792,
    #5793,#5794,#5795,#5796,#5797,#5798,#5799,#5800,#5801,#5802,#5803,
    #5804,#5805,#5806,#5807,#5808,#5809,#5810,#5811,#5812,#5813,#5814,
    #5815,#5816,#5817,#5818,#5819,#5820,#5821,#5822,#5823,#5824,#5825,
    #5826,#5827,#5828,#5829,#5830,#5831,#5832,#5833,#5834,#5835,#5836,
    #5837,#5838,#5839,#5840,#5841,#5842,#5843,#5844,#5845,#5846,#5847,
    #5848,#5849,#5850,#5851,#5852,#5853,#5854,#5855,#5856,#5857,#5858,
    #5859,#5860,#5861,#5862,#5863,#5864,#5865,#5866,#5867,#5868,#5869,
    #5870,#5871,#5872,#5873,#5874,#5875,#5876,#5877,#5878,#5879,#5880,
    #5881,#5882,#5883,#5884,#5885,#5886,#5887,#5888,#5889,#5890,#5891,
    #5892,#5893,#5894,#5895,#5896,#5897,#5898,#5899,#5900,#5901,#5902,
    #5903,#5904,#5905,#5906,#5907,#5908,#5909,#5910,#5911,#5912,#5913,
    #5914,#5915,#5916,#5917,#5918,#5919,#5920,#5921,#5922,#5923,#5924,
    #5925,#5926,#5927,#5928,#5929,#5930,#5931,#5932,#5933,#5934,#5935,
    #5936,#5937,#5938,#5939,#5940,#5941,#5942,#5943,#5944,#5945,#5946,
    #5947,#5948,#5949,#5950,#5951,#5952,#5953,#5954,#5955,#5956,#5957,
    #5958,#5959,#5960,#5961,#5962,#5963,#5964,#5965,#5966,#5967,#5968,
    #5969,#5970,#5971,#5972,#5973,#5974,#5975,#5976,#5977,#5978,#5979,
    #5980,#5981,#5982,#5983,#5984,#5985,#5986,#5987,#5988,#5989,#5990,
    #5991,#5992,#5993,#5994,#5995,#5996,#5997,#5998,#5999,#6000,#6001,
    #6002,#6003,#6004,#6005,#6006,#6007,#6008,#6009,#6010,#6011,#6012,
    #6013,#6014,#6015,#6016,#6017,#6018,#6019,#6020,#6021,#6022,#6023,
    #6024,#6025,#6026,#6027,#6028,#6029,#6030,#6031,#6032,#6033,#6034,
    #6035,#6036,#6037,#6038,#6039,#6040,#6041,#6042,#6043,#6044,#6045,
    #6046,#6047,#6048,#6049,#6050,#6051,#6052,#6053,#6054,#6055,#6056,
    #6057,#6058,#6059,#6060,#6061,#6062,#6063,#6064,#6065,#6066,#6067,
    #6068,#6069,#6070,#6071,#6072,#6073,#6074,#6075,#6076,#6077,#6078,
    #6079,#6080,#6081,#6082,#6083,#6084,#6085,#6086,#6087,#6088,#6089,
    #6090,#6091,#6092,#6093,#6094,#6095,#6096,#6097,#6098,#6099,#6100,
    #6101,#6102,#6103,#6104,#6105,#6106,#6107,#6108,#6109,#6110,#6111,
    #6112,#6113,#6114,#6115,#6116,#6117,#6118,#6119,#6120,#6121,#6122,
    #6123,#6124,#6125,#6126,#6127,#6128,#6129,#6130,#6131,#6132,#6133,
    #6134,#6135,#6136,#6137,#6138,#6139,#6140,#6141,#6142,#6143,#6144,
    #6145,#6146,#6147,#6148,#6149,#6150,#6151,#6152,#6153,#6154,#6155,
    #6156,#6157,#6158,#6159,#6160,#6161,#6162,#6163,#6164,#6165,#6166,
    #6167,#6168,#6169,#6170,#6171,#6172,#6173,#6174,#6175,#6176,#6177,
    #6178,#6179,#6180,#6181,#6182,#6183,#6184,#6185,#6186,#6187,#6188,
    #6189,#6190,#6191,#6192,#6193,#6194,#6195,#6196,#6197,#6198,#6199,
    #6200,#6201,#6202,#6203,#6204,#6205,#6206,#6207,#6208,#6209,#6210,
    #6211,#6212,#6213,#6214,#6215,#6216,#6217,#6218,#6219,#6220,#6221,
    #6222,#6223,#6224,#6225,#6226,#6227,#6228,#6229,#6230,#6231,#6232,
    #6233,#6234,#6235,#6236,#6237,#6238,#6239,#6240,#6241,#6242,#6243,
    #6244,#6245,#6246,#6247,#6248,#6249,#6250,#6251,#6252,#6253,#6254,
    #6255,#6256,#6257,#6258,#6259,#6260,#6261,#6262,#6263,#6264,#6265,
    #6266,#6267,#6268,#6269,#6270,#6271,#6272,#6273,#6274,#6275,#6276,
    #6277,#6278,#6279,#6280,#6281,#6282,#6283,#6284,#6285),
  .UNSPECIFIED.,.T.,.F.,(4,1,1,1,1,1,1,1,1,1,1,1,1,1,1,1,1,1,1,1,1,1,1,1
    ,1,1,1,1,1,1,1,1,1,1,1,1,1,1,1,1,1,1,1,1,1,1,1,1,1,1,1,1,1,1,1,1,1,1
    ,1,1,1,1,1,1,1,1,1,1,1,1,1,1,1,1,1,1,1,1,1,1,1,1,1,1,1,1,1,1,1,1,1,1
    ,1,1,1,1,1,1,1,1,1,1,1,1,1,1,1,1,1,1,1,1,1,1,1,1,1,1,1,1,1,1,1,1,1,1
    ,1,1,1,1,1,1,1,1,1,1,1,1,1,1,1,1,1,1,1,1,1,1,1,1,1,1,1,1,1,1,1,1,1,1
    ,1,1,1,1,1,1,1,1,1,1,1,1,1,1,1,1,1,1,1,1,1,1,1,1,1,1,1,1,1,1,1,1,1,1
    ,1,1,1,1,1,1,1,1,1,1,1,1,1,1,1,1,1,1,1,1,1,1,1,1,1,1,1,1,1,1,1,1,1,1
    ,1,1,1,1,1,1,1,1,1,1,1,1,1,1,1,1,1,1,1,1,1,1,1,1,1,1,1,1,1,1,1,1,1,1
    ,1,1,1,1,1,1,1,1,1,1,1,1,1,1,1,1,1,1,1,1,1,1,1,1,1,1,1,1,1,1,1,1,1,1
    ,1,1,1,1,1,1,1,1,1,1,1,1,1,1,1,1,1,1,1,1,1,1,1,1,1,1,1,1,1,1,1,1,1,1
    ,1,1,1,1,1,1,1,1,1,1,1,1,1,1,1,1,1,1,1,1,1,1,1,1,1,1,1,1,1,1,1,1,1,1
    ,1,1,1,1,1,1,1,1,1,1,1,1,1,1,1,1,1,1,1,1,1,1,1,1,1,1,1,1,1,1,1,1,1,1
    ,1,1,1,1,1,1,1,1,1,1,1,1,1,1,1,1,1,1,1,1,1,1,1,1,1,1,1,1,1,1,1,1,1,1
    ,1,1,1,1,1,1,1,1,1,1,1,1,1,1,1,1,1,1,1,1,1,1,1,1,1,1,1,1,1,1,1,1,1,1
    ,1,1,1,1,1,1,1,1,1,1,1,1,1,1,1,1,1,1,1,1,1,1,1,1,1,1,1,1,1,1,1,1,1,1
    ,1,1,1,1,1,1,4),(0.,4.381289716258E-03,8.762579432517E-03,
    1.314386914877E-02,1.752515886503E-02,2.190644858129E-02,
    2.628773829755E-02,3.066902801381E-02,3.505031773007E-02,
    3.943160744632E-02,4.381289716258E-02,4.819418687884E-02,
    5.25754765951E-02,5.695676631136E-02,6.133805602762E-02,
    6.571934574387E-02,7.010063546013E-02,7.448192517639E-02,
    7.886321489265E-02,8.324450460891E-02,8.762579432517E-02,
    9.200708404142E-02,9.638837375768E-02,0.100769663474,0.10515095319,
    0.109532242906,0.113913532623,0.118294822339,0.122676112055,
    0.127057401771,0.131438691488,0.135819981204,0.14020127092,
    0.144582560637,0.148963850353,0.153345140069,0.157726429785,
    0.162107719502,0.166489009218,0.170870298934,0.17525158865,
    0.179632878367,0.184014168083,0.188395457799,0.192776747515,
    0.197158037232,0.201539326948,0.205920616664,0.21030190638,
    0.214683196097,0.219064485813,0.223445775529,0.227827065245,
    0.232208354962,0.236589644678,0.240970934394,0.24535222411,
    0.249733513827,0.254114803543,0.258496093259,0.262877382975,
    0.267258672692,0.271639962408,0.276021252124,0.280402541841,
    0.284783831557,0.289165121273,0.293546410989,0.297927700706,
    0.302308990422,0.306690280138,0.311071569854,0.315452859571,
    0.319834149287,0.324215439003,0.328596728719,0.332978018436,
    0.337359308152,0.341740597868,0.346121887584,0.350503177301,
    0.354884467017,0.359265756733,0.363647046449,0.368028336166,
    0.372409625882,0.376790915598,0.381172205314,0.385553495031,
    0.389934784747,0.394316074463,0.39869736418,0.403078653896,
    0.407459943612,0.411841233328,0.416222523045,0.420603812761,
    0.424985102477,0.429366392193,0.43374768191,0.438128971626,
    0.442510261342,0.446891551058,0.451272840775,0.455654130491,
    0.460035420207,0.464416709923,0.46879799964,0.473179289356,
    0.477560579072,0.481941868788,0.486323158505,0.490704448221,
    0.495085737937,0.499467027653,0.50384831737,0.508229607086,
    0.512610896802,0.516992186518,0.521373476235,0.525754765951,
    0.530136055667,0.534517345384,0.5388986351,0.543279924816,
    0.547661214532,0.552042504249,0.556423793965,0.560805083681,
    0.565186373397,0.569567663114,0.57394895283,0.578330242546,
    0.582711532262,0.587092821979,0.591474111695,0.595855401411,
    0.600236691127,0.604617980844,0.60899927056,0.613380560276,
    0.617761849992,0.622143139709,0.626524429425,0.630905719141,
    0.635287008857,0.639668298574,0.64404958829,0.648430878006,
    0.652812167722,0.657193457439,0.661574747155,0.665956036871,
    0.670337326588,0.674718616304,0.67909990602,0.683481195736,
    0.687862485453,0.692243775169,0.696625064885,0.701006354601,
    0.705387644318,0.709768934034,0.71415022375,0.718531513466,
    0.722912803183,0.727294092899,0.731675382615,0.736056672331,
    0.740437962048,0.744819251764,0.74920054148,0.753581831196,
    0.757963120913,0.762344410629,0.766725700345,0.771106990061,
    0.775488279778,0.779869569494,0.78425085921,0.788632148926,
    0.793013438643,0.797394728359,0.801776018075,0.806157307792,
    0.810538597508,0.814919887224,0.81930117694,0.823682466657,
    0.828063756373,0.832445046089,0.836826335805,0.841207625522,
    0.845588915238,0.849970204954,0.85435149467,0.858732784387,
    0.863114074103,0.867495363819,0.871876653535,0.876257943252,
    0.880639232968,0.885020522684,0.8894018124,0.893783102117,
    0.898164391833,0.902545681549,0.906926971265,0.911308260982,
    0.915689550698,0.920070840414,0.924452130131,0.928833419847,
    0.933214709563,0.937595999279,0.941977288996,0.946358578712,
    0.950739868428,0.955121158144,0.959502447861,0.963883737577,
    0.968265027293,0.972646317009,0.977027606726,0.981408896442,
    0.985790186158,0.990171475874,0.994552765591,0.998934055307,
    1.003315345023,1.007696634739,1.012077924456,1.016459214172,
    1.020840503888,1.025221793604,1.029603083321,1.033984373037,
    1.038365662753,1.042746952469,1.047128242186,1.051509531902,
    1.055890821618,1.060272111335,1.064653401051,1.069034690767,
    1.073415980483,1.0777972702,1.082178559916,1.086559849632,
    1.090941139348,1.095322429065,1.099703718781,1.104085008497,
    1.108466298213,1.11284758793,1.117228877646,1.121610167362,
    1.125991457078,1.130372746795,1.134754036511,1.139135326227,
    1.143516615943,1.14789790566,1.152279195376,1.156660485092,
    1.161041774808,1.165423064525,1.169804354241,1.174185643957,
    1.178566933673,1.18294822339,1.187329513106,1.191710802822,
    1.196092092539,1.200473382255,1.204854671971,1.209235961687,
    1.213617251404,1.21799854112,1.222379830836,1.226761120552,
    1.231142410269,1.235523699985,1.239904989701,1.244286279417,
    1.248667569134,1.25304885885,1.257430148566,1.261811438282,
    1.266192727999,1.270574017715,1.274955307431,1.279336597147,
    1.283717886864,1.28809917658,1.292480466296,1.296861756012,
    1.301243045729,1.305624335445,1.310005625161,1.314386914877,
    1.318768204594,1.32314949431,1.327530784026,1.331912073743,
    1.336293363459,1.340674653175,1.345055942891,1.349437232608,
    1.353818522324,1.35819981204,1.362581101756,1.366962391473,
    1.371343681189,1.375724970905,1.380106260621,1.384487550338,
    1.388868840054,1.39325012977,1.397631419486,1.402012709203,
    1.406393998919,1.410775288635,1.415156578351,1.419537868068,
    1.423919157784,1.4283004475,1.432681737216,1.437063026933,
    1.441444316649,1.445825606365,1.450206896081,1.454588185798,
    1.458969475514,1.46335076523,1.467732054947,1.472113344663,
    1.476494634379,1.480875924095,1.485257213812,1.489638503528,
    1.494019793244,1.49840108296,1.502782372677,1.507163662393,
    1.511544952109,1.515926241825,1.520307531542,1.524688821258,
    1.529070110974,1.53345140069,1.537832690407,1.542213980123,
    1.546595269839,1.550976559555,1.555357849272,1.559739138988,
    1.564120428704,1.56850171842,1.572883008137,1.577264297853,
    1.581645587569,1.586026877286,1.590408167002,1.594789456718,
    1.599170746434,1.603552036151,1.607933325867,1.612314615583,
    1.616695905299,1.621077195016,1.625458484732,1.629839774448,
    1.634221064164,1.638602353881,1.642983643597,1.647364933313,
    1.651746223029,1.656127512746,1.660508802462,1.664890092178,
    1.669271381894,1.673652671611,1.678033961327,1.682415251043,
    1.686796540759,1.691177830476,1.695559120192,1.699940409908,
    1.704321699624,1.708702989341,1.713084279057,1.717465568773,
    1.72184685849,1.726228148206,1.730609437922,1.734990727638,
    1.739372017355,1.743753307071,1.748134596787,1.752515886503,
    1.75689717622,1.761278465936,1.765659755652,1.770041045368,
    1.774422335085,1.778803624801,1.783184914517,1.787566204233,
    1.79194749395,1.796328783666,1.800710073382,1.805091363098,
    1.809472652815,1.813853942531,1.818235232247,1.822616521963,
    1.82699781168,1.831379101396,1.835760391112,1.840141680828,
    1.844522970545,1.848904260261,1.853285549977,1.857666839694,
    1.86204812941,1.866429419126,1.870810708842,1.875191998559,
    1.879573288275,1.883954577991,1.888335867707,1.892717157424,
    1.89709844714,1.901479736856,1.905861026572,1.910242316289,
    1.914623606005,1.919004895721,1.923386185437,1.927767475154,
    1.93214876487,1.936530054586,1.940911344302,1.945292634019,
    1.949673923735,1.954055213451,1.958436503167,1.962817792884,
    1.9671990826,1.971580372316,1.975961662032,1.980342951749,
    1.984724241465,1.989105531181,1.993486820898,1.997868110614,
    2.00224940033,2.006630690046,2.011011979763,2.015393269479,
    2.019774559195,2.024155848911,2.028537138628,2.032918428344,
    2.03729971806,2.041681007776,2.046062297493,2.050443587209,
    2.054824876925,2.059206166641,2.063587456358,2.067968746074,
    2.07235003579,2.076731325506,2.081112615223,2.085493904939,
    2.089875194655,2.094256484371,2.098637774088,2.103019063804,
    2.10740035352,2.111781643236,2.116162932953,2.120544222669,
    2.124925512385,2.129306802102,2.133688091818,2.138069381534,
    2.14245067125,2.146831960967,2.151213250683,2.155594540399,
    2.159975830115,2.164357119832,2.168738409548,2.173119699264,
    2.17750098898,2.181882278697,2.186263568413,2.190644858129,
    2.195026147845,2.199407437562,2.203788727278,2.208170016994,
    2.21255130671,2.216932596427),.QUASI_UNIFORM_KNOTS.);
#5777 = CARTESIAN_POINT('',(0.672612991176,0.476319628017));
#5778 = CARTESIAN_POINT('',(0.672638852864,0.477207744701));
#5779 = CARTESIAN_POINT('',(0.672708359963,0.478761446131));
#5780 = CARTESIAN_POINT('',(0.672848643582,0.480597612874));
#5781 = CARTESIAN_POINT('',(0.673002384356,0.482147887821));
#5782 = CARTESIAN_POINT('',(0.673165348144,0.483497273393));
#5783 = CARTESIAN_POINT('',(0.673333967383,0.484702321396));
#5784 = CARTESIAN_POINT('',(0.67350666565,0.48579605162));
#5785 = CARTESIAN_POINT('',(0.673682376317,0.486801257065));
#5786 = CARTESIAN_POINT('',(0.673860418737,0.487733669017));
#5787 = CARTESIAN_POINT('',(0.674040320346,0.488604900079));
#5788 = CARTESIAN_POINT('',(0.674221740986,0.489423706678));
#5789 = CARTESIAN_POINT('',(0.674404428262,0.49019690766));
#5790 = CARTESIAN_POINT('',(0.67458818718,0.490929913043));
#5791 = CARTESIAN_POINT('',(0.674772862942,0.491627101116));
#5792 = CARTESIAN_POINT('',(0.674958338832,0.49229210218));
#5793 = CARTESIAN_POINT('',(0.675144512282,0.492927918302));
#5794 = CARTESIAN_POINT('',(0.675331301704,0.493537098812));
#5795 = CARTESIAN_POINT('',(0.675518638624,0.494121820018));
#5796 = CARTESIAN_POINT('',(0.675706464521,0.494683956585));
#5797 = CARTESIAN_POINT('',(0.675894729553,0.495225139546));
#5798 = CARTESIAN_POINT('',(0.676083392323,0.495746801921));
#5799 = CARTESIAN_POINT('',(0.676272415608,0.496250204038));
#5800 = CARTESIAN_POINT('',(0.676461765443,0.49673646094));
#5801 = CARTESIAN_POINT('',(0.676651414546,0.497206574832));
#5802 = CARTESIAN_POINT('',(0.676841337533,0.497661441309));
#5803 = CARTESIAN_POINT('',(0.677031511778,0.498101867532));
#5804 = CARTESIAN_POINT('',(0.677221916833,0.498528583674));
#5805 = CARTESIAN_POINT('',(0.677412534297,0.498942253314));
#5806 = CARTESIAN_POINT('',(0.677603347612,0.499343481857));
#5807 = CARTESIAN_POINT('',(0.677794341909,0.499732823652));
#5808 = CARTESIAN_POINT('',(0.677985503918,0.50011078812));
#5809 = CARTESIAN_POINT('',(0.678176821681,0.500477844617));
#5810 = CARTESIAN_POINT('',(0.678368285127,0.50083442793));
#5811 = CARTESIAN_POINT('',(0.678559881423,0.50118093391));
#5812 = CARTESIAN_POINT('',(0.678751601459,0.50151773514));
#5813 = CARTESIAN_POINT('',(0.678943436449,0.501845177376));
#5814 = CARTESIAN_POINT('',(0.679135378246,0.502163582856));
#5815 = CARTESIAN_POINT('',(0.679327419202,0.502473252365));
#5816 = CARTESIAN_POINT('',(0.679519552157,0.502774467279));
#5817 = CARTESIAN_POINT('',(0.679711770402,0.503067491317));
#5818 = CARTESIAN_POINT('',(0.679904067647,0.503352572092));
#5819 = CARTESIAN_POINT('',(0.680096437999,0.503629942494));
#5820 = CARTESIAN_POINT('',(0.680288875938,0.503899821914));
#5821 = CARTESIAN_POINT('',(0.680481376295,0.504162417342));
#5822 = CARTESIAN_POINT('',(0.680673934235,0.504417924344));
#5823 = CARTESIAN_POINT('',(0.680866545242,0.504666527954));
#5824 = CARTESIAN_POINT('',(0.681059205094,0.504908403459));
#5825 = CARTESIAN_POINT('',(0.681251909882,0.505143717153));
#5826 = CARTESIAN_POINT('',(0.681444655885,0.505372626864));
#5827 = CARTESIAN_POINT('',(0.68163743997,0.505595282976));
#5828 = CARTESIAN_POINT('',(0.681830257928,0.505811827131));
#5829 = CARTESIAN_POINT('',(0.682023106259,0.506022394831));
#5830 = CARTESIAN_POINT('',(0.682215981964,0.506227115598));
#5831 = CARTESIAN_POINT('',(0.682408882074,0.506426112874));
#5832 = CARTESIAN_POINT('',(0.682601803773,0.506619504535));
#5833 = CARTESIAN_POINT('',(0.682794744353,0.506807403203));
#5834 = CARTESIAN_POINT('',(0.682987701224,0.506989916577));
#5835 = CARTESIAN_POINT('',(0.683180671902,0.507167147726));
#5836 = CARTESIAN_POINT('',(0.683373654007,0.507339195367));
#5837 = CARTESIAN_POINT('',(0.683566645258,0.507506154116));
#5838 = CARTESIAN_POINT('',(0.683759643471,0.507668114721));
#5839 = CARTESIAN_POINT('',(0.68395264655,0.50782516428));
#5840 = CARTESIAN_POINT('',(0.684145652492,0.507977386432));
#5841 = CARTESIAN_POINT('',(0.684338659377,0.508124861549));
#5842 = CARTESIAN_POINT('',(0.684531665367,0.5082676669));
#5843 = CARTESIAN_POINT('',(0.684724668706,0.508405876812));
#5844 = CARTESIAN_POINT('',(0.684917667711,0.508539562815));
#5845 = CARTESIAN_POINT('',(0.685110660783,0.508668793788));
#5846 = CARTESIAN_POINT('',(0.685303646368,0.508793636067));
#5847 = CARTESIAN_POINT('',(0.685496623085,0.50891415366));
#5848 = CARTESIAN_POINT('',(0.685689589143,0.509030407993));
#5849 = CARTESIAN_POINT('',(0.685882543127,0.50914245848));
#5850 = CARTESIAN_POINT('',(0.686075483712,0.509250362478));
#5851 = CARTESIAN_POINT('',(0.686268409601,0.50935417533));
#5852 = CARTESIAN_POINT('',(0.686461319536,0.509453950467));
#5853 = CARTESIAN_POINT('',(0.686654212296,0.509549739481));
#5854 = CARTESIAN_POINT('',(0.686847086697,0.509641592204));
#5855 = CARTESIAN_POINT('',(0.68703994159,0.509729556778));
#5856 = CARTESIAN_POINT('',(0.687232775858,0.509813679728));
#5857 = CARTESIAN_POINT('',(0.687425588417,0.50989400602));
#5858 = CARTESIAN_POINT('',(0.687618378216,0.509970579128));
#5859 = CARTESIAN_POINT('',(0.687811144235,0.510043441086));
#5860 = CARTESIAN_POINT('',(0.688003885483,0.510112632546));
#5861 = CARTESIAN_POINT('',(0.688196600998,0.510178192824));
#5862 = CARTESIAN_POINT('',(0.688389289847,0.510240159954));
#5863 = CARTESIAN_POINT('',(0.688581951126,0.510298570728));
#5864 = CARTESIAN_POINT('',(0.688774583956,0.510353460739));
#5865 = CARTESIAN_POINT('',(0.688967187487,0.510404864422));
#5866 = CARTESIAN_POINT('',(0.689159760891,0.510452815089));
#5867 = CARTESIAN_POINT('',(0.68935230337,0.510497344969));
#5868 = CARTESIAN_POINT('',(0.689544814148,0.510538485232));
#5869 = CARTESIAN_POINT('',(0.689737292473,0.51057626603));
#5870 = CARTESIAN_POINT('',(0.689929737619,0.510610716518));
#5871 = CARTESIAN_POINT('',(0.69012214888,0.510641864887));
#5872 = CARTESIAN_POINT('',(0.690314525576,0.510669738386));
#5873 = CARTESIAN_POINT('',(0.690506867047,0.510694363352));
#5874 = CARTESIAN_POINT('',(0.690699172658,0.510715765227));
#5875 = CARTESIAN_POINT('',(0.690891441792,0.510733968586));
#5876 = CARTESIAN_POINT('',(0.691083673856,0.510748997158));
#5877 = CARTESIAN_POINT('',(0.691275868275,0.510760873844));
#5878 = CARTESIAN_POINT('',(0.691468024498,0.510769620742));
#5879 = CARTESIAN_POINT('',(0.691660141725,0.510775259125));
#5880 = CARTESIAN_POINT('',(0.691852219453,0.510777809515));
#5881 = CARTESIAN_POINT('',(0.69204425714,0.510777291666));
#5882 = CARTESIAN_POINT('',(0.692236254268,0.510773724586));
#5883 = CARTESIAN_POINT('',(0.692428210328,0.510767126544));
#5884 = CARTESIAN_POINT('',(0.692620124823,0.510757515085));
#5885 = CARTESIAN_POINT('',(0.692811997266,0.510744907042));
#5886 = CARTESIAN_POINT('',(0.693003827184,0.51072931854));
#5887 = CARTESIAN_POINT('',(0.693195614113,0.510710765011));
#5888 = CARTESIAN_POINT('',(0.693387357598,0.5106892612));
#5889 = CARTESIAN_POINT('',(0.693579057197,0.510664821171));
#5890 = CARTESIAN_POINT('',(0.693770712478,0.510637458315));
#5891 = CARTESIAN_POINT('',(0.693962323017,0.510607185358));
#5892 = CARTESIAN_POINT('',(0.694153888404,0.510574014361));
#5893 = CARTESIAN_POINT('',(0.694345408234,0.510537956726));
#5894 = CARTESIAN_POINT('',(0.694536882115,0.510499023201));
#5895 = CARTESIAN_POINT('',(0.694728309665,0.51045722388));
#5896 = CARTESIAN_POINT('',(0.694919690508,0.510412568205));
#5897 = CARTESIAN_POINT('',(0.695111024281,0.510365064968));
#5898 = CARTESIAN_POINT('',(0.695302310628,0.510314722308));
#5899 = CARTESIAN_POINT('',(0.695493549204,0.510261547714));
#5900 = CARTESIAN_POINT('',(0.69568473967,0.510205548018));
#5901 = CARTESIAN_POINT('',(0.695875881699,0.510146729397));
#5902 = CARTESIAN_POINT('',(0.696066974972,0.510085097366));
#5903 = CARTESIAN_POINT('',(0.696258019179,0.510020656776));
#5904 = CARTESIAN_POINT('',(0.696449014016,0.509953411806));
#5905 = CARTESIAN_POINT('',(0.696639959193,0.50988336596));
#5906 = CARTESIAN_POINT('',(0.696830854423,0.509810522058));
#5907 = CARTESIAN_POINT('',(0.697021699429,0.509734882228));
#5908 = CARTESIAN_POINT('',(0.697212493955,0.509656447898));
#5909 = CARTESIAN_POINT('',(0.697403237699,0.509575219795));
#5910 = CARTESIAN_POINT('',(0.697593930351,0.509491197942));
#5911 = CARTESIAN_POINT('',(0.69778457167,0.509404381609));
#5912 = CARTESIAN_POINT('',(0.697975161401,0.509314769318));
#5913 = CARTESIAN_POINT('',(0.698165699298,0.509222358829));
#5914 = CARTESIAN_POINT('',(0.698356185119,0.509127147125));
#5915 = CARTESIAN_POINT('',(0.698546618627,0.509029130396));
#5916 = CARTESIAN_POINT('',(0.698736999587,0.50892830402));
#5917 = CARTESIAN_POINT('',(0.698927327771,0.508824662547));
#5918 = CARTESIAN_POINT('',(0.699117602954,0.508718199671));
#5919 = CARTESIAN_POINT('',(0.699307824916,0.508608908211));
#5920 = CARTESIAN_POINT('',(0.699497993439,0.508496780084));
#5921 = CARTESIAN_POINT('',(0.699688108312,0.508381806278));
#5922 = CARTESIAN_POINT('',(0.699878169328,0.508263976822));
#5923 = CARTESIAN_POINT('',(0.700068176283,0.508143280755));
#5924 = CARTESIAN_POINT('',(0.700258128979,0.508019706095));
#5925 = CARTESIAN_POINT('',(0.70044802722,0.5078932398));
#5926 = CARTESIAN_POINT('',(0.700637870819,0.507763867735));
#5927 = CARTESIAN_POINT('',(0.700827659586,0.507631574635));
#5928 = CARTESIAN_POINT('',(0.701017393355,0.50749634405));
#5929 = CARTESIAN_POINT('',(0.701207071672,0.507358158497));
#5930 = CARTESIAN_POINT('',(0.701396694453,0.507216998986));
#5931 = CARTESIAN_POINT('',(0.701586261553,0.507072845227));
#5932 = CARTESIAN_POINT('',(0.701775772836,0.506925675537));
#5933 = CARTESIAN_POINT('',(0.701965228157,0.506775466792));
#5934 = CARTESIAN_POINT('',(0.702154627369,0.50662219436));
#5935 = CARTESIAN_POINT('',(0.702343970319,0.506465832034));
#5936 = CARTESIAN_POINT('',(0.702533256848,0.506306351951));
#5937 = CARTESIAN_POINT('',(0.702722486796,0.506143724518));
#5938 = CARTESIAN_POINT('',(0.702911659994,0.505977918315));
#5939 = CARTESIAN_POINT('',(0.703100776273,0.505808900009));
#5940 = CARTESIAN_POINT('',(0.703289835456,0.505636634245));
#5941 = CARTESIAN_POINT('',(0.703478837365,0.505461083542));
#5942 = CARTESIAN_POINT('',(0.703667781815,0.505282208171));
#5943 = CARTESIAN_POINT('',(0.703856668619,0.505099966029));
#5944 = CARTESIAN_POINT('',(0.704045497586,0.504914312502));
#5945 = CARTESIAN_POINT('',(0.704234268522,0.504725200315));
#5946 = CARTESIAN_POINT('',(0.704422981227,0.504532579369));
#5947 = CARTESIAN_POINT('',(0.704611635501,0.504336396566));
#5948 = CARTESIAN_POINT('',(0.70480023114,0.504136595615));
#5949 = CARTESIAN_POINT('',(0.704988767936,0.503933116826));
#5950 = CARTESIAN_POINT('',(0.70517724568,0.503725896875));
#5951 = CARTESIAN_POINT('',(0.705365664162,0.503514868563));
#5952 = CARTESIAN_POINT('',(0.705554023167,0.503299960534));
#5953 = CARTESIAN_POINT('',(0.705742322483,0.503081096983));
#5954 = CARTESIAN_POINT('',(0.705930561894,0.502858197327));
#5955 = CARTESIAN_POINT('',(0.706118741185,0.502631175854));
#5956 = CARTESIAN_POINT('',(0.706306860136,0.502399941319));
#5957 = CARTESIAN_POINT('',(0.706494918215,0.5021643969));
#5958 = CARTESIAN_POINT('',(0.706682915194,0.501924439005));
#5959 = CARTESIAN_POINT('',(0.706870850747,0.501679957101));
#5960 = CARTESIAN_POINT('',(0.707058724523,0.501430833123));
#5961 = CARTESIAN_POINT('',(0.707246536131,0.501176940852));
#5962 = CARTESIAN_POINT('',(0.707434285144,0.50091814516));
#5963 = CARTESIAN_POINT('',(0.707621971095,0.500654301177));
#5964 = CARTESIAN_POINT('',(0.707809593483,0.500385253329));
#5965 = CARTESIAN_POINT('',(0.707997151767,0.500110834308));
#5966 = CARTESIAN_POINT('',(0.70818464538,0.499830863876));
#5967 = CARTESIAN_POINT('',(0.708372073679,0.499545147743));
#5968 = CARTESIAN_POINT('',(0.708559435773,0.49925347606));
#5969 = CARTESIAN_POINT('',(0.708746731012,0.498955621124));
#5970 = CARTESIAN_POINT('',(0.70893395852,0.498651336028));
#5971 = CARTESIAN_POINT('',(0.709121117302,0.498340352219));
#5972 = CARTESIAN_POINT('',(0.709308206213,0.49802237692));
#5973 = CARTESIAN_POINT('',(0.709495223964,0.497697090047));
#5974 = CARTESIAN_POINT('',(0.709682169105,0.497364140656));
#5975 = CARTESIAN_POINT('',(0.70986904009,0.497023142563));
#5976 = CARTESIAN_POINT('',(0.710055834996,0.49667366995));
#5977 = CARTESIAN_POINT('',(0.710242551351,0.496315251706));
#5978 = CARTESIAN_POINT('',(0.710429187133,0.495947362571));
#5979 = CARTESIAN_POINT('',(0.71061573949,0.495569416863));
#5980 = CARTESIAN_POINT('',(0.710802205006,0.495180757691));
#5981 = CARTESIAN_POINT('',(0.710988579659,0.494780644413));
#5982 = CARTESIAN_POINT('',(0.711174858585,0.494368237359));
#5983 = CARTESIAN_POINT('',(0.71136103686,0.493942576244));
#5984 = CARTESIAN_POINT('',(0.711547105983,0.493502563498));
#5985 = CARTESIAN_POINT('',(0.711733058936,0.493046920604));
#5986 = CARTESIAN_POINT('',(0.711918885985,0.492574156052));
#5987 = CARTESIAN_POINT('',(0.712104574098,0.492082511883));
#5988 = CARTESIAN_POINT('',(0.712290106507,0.491569891982));
#5989 = CARTESIAN_POINT('',(0.712475463376,0.491033757562));
#5990 = CARTESIAN_POINT('',(0.712660616725,0.490470998468));
#5991 = CARTESIAN_POINT('',(0.712845529736,0.489877732123));
#5992 = CARTESIAN_POINT('',(0.713030154517,0.489248984449));
#5993 = CARTESIAN_POINT('',(0.71321440632,0.48857835705));
#5994 = CARTESIAN_POINT('',(0.713398217285,0.487856836642));
#5995 = CARTESIAN_POINT('',(0.713581285026,0.487073147197));
#5996 = CARTESIAN_POINT('',(0.713763828126,0.486205572207));
#5997 = CARTESIAN_POINT('',(0.713943485718,0.485239155473));
#5998 = CARTESIAN_POINT('',(0.71412612304,0.484073876886));
#5999 = CARTESIAN_POINT('',(0.71427367366,0.482869686567));
#6000 = CARTESIAN_POINT('',(0.714380622461,0.481732621407));
#6001 = CARTESIAN_POINT('',(0.714482794283,0.480078512224));
#6002 = CARTESIAN_POINT('',(0.714496165898,0.478023647703));
#6003 = CARTESIAN_POINT('',(0.714435943725,0.476530795207));
#6004 = CARTESIAN_POINT('',(0.714318683627,0.474989814671));
#6005 = CARTESIAN_POINT('',(0.714195577865,0.473890858156));
#6006 = CARTESIAN_POINT('',(0.714065527666,0.472922732111));
#6007 = CARTESIAN_POINT('',(0.713932677019,0.472079474524));
#6008 = CARTESIAN_POINT('',(0.713797637936,0.471315563544));
#6009 = CARTESIAN_POINT('',(0.713661153625,0.470615105261));
#6010 = CARTESIAN_POINT('',(0.713523563315,0.469964160704));
#6011 = CARTESIAN_POINT('',(0.713385121188,0.469353921355));
#6012 = CARTESIAN_POINT('',(0.713245992709,0.468777685242));
#6013 = CARTESIAN_POINT('',(0.713106299488,0.468230461607));
#6014 = CARTESIAN_POINT('',(0.712966131845,0.467708357914));
#6015 = CARTESIAN_POINT('',(0.712825558777,0.467208286817));
#6016 = CARTESIAN_POINT('',(0.712684631886,0.466727740996));
#6017 = CARTESIAN_POINT('',(0.71254339581,0.466264671243));
#6018 = CARTESIAN_POINT('',(0.712401884348,0.465817360549));
#6019 = CARTESIAN_POINT('',(0.712260126267,0.465384363657));
#6020 = CARTESIAN_POINT('',(0.712118145062,0.464964446689));
#6021 = CARTESIAN_POINT('',(0.711975959956,0.464556546346));
#6022 = CARTESIAN_POINT('',(0.711833588644,0.464159744078));
#6023 = CARTESIAN_POINT('',(0.71169104481,0.463773232636));
#6024 = CARTESIAN_POINT('',(0.71154834083,0.463396303343));
#6025 = CARTESIAN_POINT('',(0.711405487481,0.463028329093));
#6026 = CARTESIAN_POINT('',(0.711262494256,0.462668751924));
#6027 = CARTESIAN_POINT('',(0.711119369479,0.462317072605));
#6028 = CARTESIAN_POINT('',(0.710976120421,0.461972842321));
#6029 = CARTESIAN_POINT('',(0.710832753413,0.461635655909));
#6030 = CARTESIAN_POINT('',(0.710689273857,0.461305146018));
#6031 = CARTESIAN_POINT('',(0.71054568657,0.460980978504));
#6032 = CARTESIAN_POINT('',(0.710401997043,0.46066285149));
#6033 = CARTESIAN_POINT('',(0.710258209101,0.460350486183));
#6034 = CARTESIAN_POINT('',(0.71011432652,0.460043627575));
#6035 = CARTESIAN_POINT('',(0.709970352676,0.459742041045));
#6036 = CARTESIAN_POINT('',(0.709826290678,0.459445510377));
#6037 = CARTESIAN_POINT('',(0.709682143362,0.459153835765));
#6038 = CARTESIAN_POINT('',(0.70953791332,0.458866832155));
#6039 = CARTESIAN_POINT('',(0.709393602911,0.458584327786));
#6040 = CARTESIAN_POINT('',(0.709249214286,0.458306162932));
#6041 = CARTESIAN_POINT('',(0.709104749386,0.458032188769));
#6042 = CARTESIAN_POINT('',(0.708960209995,0.457762266457));
#6043 = CARTESIAN_POINT('',(0.708815597607,0.457496265977));
#6044 = CARTESIAN_POINT('',(0.708670913984,0.457234066293));
#6045 = CARTESIAN_POINT('',(0.708526160636,0.456975553837));
#6046 = CARTESIAN_POINT('',(0.708381338806,0.456720621701));
#6047 = CARTESIAN_POINT('',(0.708236449704,0.456469169521));
#6048 = CARTESIAN_POINT('',(0.708091494446,0.456221102876));
#6049 = CARTESIAN_POINT('',(0.707946474082,0.45597633286));
#6050 = CARTESIAN_POINT('',(0.707801389593,0.455734775662));
#6051 = CARTESIAN_POINT('',(0.707656241894,0.455496352192));
#6052 = CARTESIAN_POINT('',(0.707511031839,0.45526098774));
#6053 = CARTESIAN_POINT('',(0.707365760227,0.455028611662));
#6054 = CARTESIAN_POINT('',(0.7072204278,0.454799157095));
#6055 = CARTESIAN_POINT('',(0.707075035249,0.454572560709));
#6056 = CARTESIAN_POINT('',(0.706929583217,0.454348762462));
#6057 = CARTESIAN_POINT('',(0.706784072297,0.4541277054));
#6058 = CARTESIAN_POINT('',(0.70663850304,0.453909335455));
#6059 = CARTESIAN_POINT('',(0.706492875952,0.453693601267));
#6060 = CARTESIAN_POINT('',(0.706347191498,0.453480454026));
#6061 = CARTESIAN_POINT('',(0.706201450101,0.453269847306));
#6062 = CARTESIAN_POINT('',(0.706055652153,0.453061736935));
#6063 = CARTESIAN_POINT('',(0.705909797983,0.452856080804));
#6064 = CARTESIAN_POINT('',(0.705763887987,0.452652838919));
#6065 = CARTESIAN_POINT('',(0.705617922644,0.452451973388));
#6066 = CARTESIAN_POINT('',(0.705471902221,0.452253447804));
#6067 = CARTESIAN_POINT('',(0.705325827014,0.452057227539));
#6068 = CARTESIAN_POINT('',(0.70517969729,0.451863279548));
#6069 = CARTESIAN_POINT('',(0.705033513299,0.451671572319));
#6070 = CARTESIAN_POINT('',(0.704887275277,0.451482075781));
#6071 = CARTESIAN_POINT('',(0.704740983442,0.451294761242));
#6072 = CARTESIAN_POINT('',(0.704594637998,0.451109601312));
#6073 = CARTESIAN_POINT('',(0.704448239132,0.450926569844));
#6074 = CARTESIAN_POINT('',(0.704301787019,0.450745641872));
#6075 = CARTESIAN_POINT('',(0.70415528182,0.450566793557));
#6076 = CARTESIAN_POINT('',(0.704008723682,0.450390002131));
#6077 = CARTESIAN_POINT('',(0.70386211274,0.450215245856));
#6078 = CARTESIAN_POINT('',(0.703715449114,0.450042503968));
#6079 = CARTESIAN_POINT('',(0.703568732916,0.449871756643));
#6080 = CARTESIAN_POINT('',(0.703421964244,0.449702984951));
#6081 = CARTESIAN_POINT('',(0.703275143184,0.449536170824));
#6082 = CARTESIAN_POINT('',(0.703128269811,0.449371297014));
#6083 = CARTESIAN_POINT('',(0.702981344192,0.449208347064));
#6084 = CARTESIAN_POINT('',(0.70283436638,0.449047305272));
#6085 = CARTESIAN_POINT('',(0.702687336424,0.448888156671));
#6086 = CARTESIAN_POINT('',(0.702540254335,0.44873088696));
#6087 = CARTESIAN_POINT('',(0.702393120228,0.448575482627));
#6088 = CARTESIAN_POINT('',(0.702245934173,0.448421930777));
#6089 = CARTESIAN_POINT('',(0.702098696165,0.448270219066));
#6090 = CARTESIAN_POINT('',(0.701951406213,0.448120335777));
#6091 = CARTESIAN_POINT('',(0.701804064317,0.447972269769));
#6092 = CARTESIAN_POINT('',(0.701656670471,0.447826010467));
#6093 = CARTESIAN_POINT('',(0.701509224667,0.447681547842));
#6094 = CARTESIAN_POINT('',(0.70136172689,0.447538872391));
#6095 = CARTESIAN_POINT('',(0.701214177124,0.447397975122));
#6096 = CARTESIAN_POINT('',(0.701066575345,0.447258847538));
#6097 = CARTESIAN_POINT('',(0.700918921527,0.447121481619));
#6098 = CARTESIAN_POINT('',(0.700771215641,0.446985869811));
#6099 = CARTESIAN_POINT('',(0.700623457651,0.446852005011));
#6100 = CARTESIAN_POINT('',(0.700475647519,0.446719880552));
#6101 = CARTESIAN_POINT('',(0.700327785204,0.446589490193));
#6102 = CARTESIAN_POINT('',(0.70017987066,0.446460828108));
#6103 = CARTESIAN_POINT('',(0.700031903837,0.446333888871));
#6104 = CARTESIAN_POINT('',(0.699883884683,0.446208667451));
#6105 = CARTESIAN_POINT('',(0.699735813141,0.446085159197));
#6106 = CARTESIAN_POINT('',(0.699587689152,0.445963359831));
#6107 = CARTESIAN_POINT('',(0.699439512651,0.445843265441));
#6108 = CARTESIAN_POINT('',(0.699291283574,0.445724872469));
#6109 = CARTESIAN_POINT('',(0.699143001849,0.445608177705));
#6110 = CARTESIAN_POINT('',(0.698994667404,0.44549317828));
#6111 = CARTESIAN_POINT('',(0.698846280161,0.445379871659));
#6112 = CARTESIAN_POINT('',(0.698697840043,0.445268255632));
#6113 = CARTESIAN_POINT('',(0.698549346965,0.445158328312));
#6114 = CARTESIAN_POINT('',(0.698400800841,0.445050088123));
#6115 = CARTESIAN_POINT('',(0.698252201583,0.444943533803));
#6116 = CARTESIAN_POINT('',(0.698103549099,0.444838664392));
#6117 = CARTESIAN_POINT('',(0.697954843292,0.444735479227));
#6118 = CARTESIAN_POINT('',(0.697806084066,0.444633977944));
#6119 = CARTESIAN_POINT('',(0.697657271317,0.444534160467));
#6120 = CARTESIAN_POINT('',(0.697508404942,0.444436027007));
#6121 = CARTESIAN_POINT('',(0.697359484834,0.444339578058));
#6122 = CARTESIAN_POINT('',(0.697210510881,0.444244814394));
#6123 = CARTESIAN_POINT('',(0.69706148297,0.444151737065));
#6124 = CARTESIAN_POINT('',(0.696912400984,0.444060347395));
#6125 = CARTESIAN_POINT('',(0.696763264803,0.443970646979));
#6126 = CARTESIAN_POINT('',(0.696614074305,0.44388263768));
#6127 = CARTESIAN_POINT('',(0.696464829363,0.44379632163));
#6128 = CARTESIAN_POINT('',(0.696315529849,0.443711701223));
#6129 = CARTESIAN_POINT('',(0.696166175631,0.443628779117));
#6130 = CARTESIAN_POINT('',(0.696016766573,0.443547558233));
#6131 = CARTESIAN_POINT('',(0.695867302537,0.443468041751));
#6132 = CARTESIAN_POINT('',(0.695717783381,0.443390233113));
#6133 = CARTESIAN_POINT('',(0.695568208961,0.443314136018));
#6134 = CARTESIAN_POINT('',(0.695418579132,0.443239754429));
#6135 = CARTESIAN_POINT('',(0.695268893724,0.443167092556));
#6136 = CARTESIAN_POINT('',(0.695119152658,0.44309615491));
#6137 = CARTESIAN_POINT('',(0.694969355878,0.443026946268));
#6138 = CARTESIAN_POINT('',(0.694819503209,0.442959471611));
#6139 = CARTESIAN_POINT('',(0.694669594503,0.442893736195));
#6140 = CARTESIAN_POINT('',(0.694519629606,0.442829745532));
#6141 = CARTESIAN_POINT('',(0.694369608364,0.442767505396));
#6142 = CARTESIAN_POINT('',(0.694219530619,0.442707021823));
#6143 = CARTESIAN_POINT('',(0.694069396215,0.442648301112));
#6144 = CARTESIAN_POINT('',(0.693919204993,0.442591349828));
#6145 = CARTESIAN_POINT('',(0.693768956792,0.442536174802));
#6146 = CARTESIAN_POINT('',(0.693618651451,0.442482783134));
#6147 = CARTESIAN_POINT('',(0.693468288807,0.442431182196));
#6148 = CARTESIAN_POINT('',(0.693317868694,0.442381379632));
#6149 = CARTESIAN_POINT('',(0.693167390947,0.442333383362));
#6150 = CARTESIAN_POINT('',(0.693016855397,0.442287201583));
#6151 = CARTESIAN_POINT('',(0.692866261874,0.442242842776));
#6152 = CARTESIAN_POINT('',(0.692715610207,0.442200315705));
#6153 = CARTESIAN_POINT('',(0.692564900222,0.442159629422));
#6154 = CARTESIAN_POINT('',(0.692414131744,0.442120793272));
#6155 = CARTESIAN_POINT('',(0.692263304594,0.442083816895));
#6156 = CARTESIAN_POINT('',(0.692112418595,0.44204871023));
#6157 = CARTESIAN_POINT('',(0.691961473563,0.442015483522));
#6158 = CARTESIAN_POINT('',(0.691810469314,0.441984147324));
#6159 = CARTESIAN_POINT('',(0.691659405663,0.441954712506));
#6160 = CARTESIAN_POINT('',(0.691508282421,0.441927190253));
#6161 = CARTESIAN_POINT('',(0.691357099395,0.44190159208));
#6162 = CARTESIAN_POINT('',(0.691205856392,0.441877929831));
#6163 = CARTESIAN_POINT('',(0.691054553216,0.441856215688));
#6164 = CARTESIAN_POINT('',(0.690903189666,0.441836462176));
#6165 = CARTESIAN_POINT('',(0.690751765541,0.441818682173));
#6166 = CARTESIAN_POINT('',(0.690600280634,0.441802888915));
#6167 = CARTESIAN_POINT('',(0.690448734736,0.441789096003));
#6168 = CARTESIAN_POINT('',(0.690297127636,0.441777317412));
#6169 = CARTESIAN_POINT('',(0.690145459118,0.4417675675));
#6170 = CARTESIAN_POINT('',(0.689993728962,0.441759861016));
#6171 = CARTESIAN_POINT('',(0.689841936947,0.441754213109));
#6172 = CARTESIAN_POINT('',(0.689690082839,0.441750639334));
#6173 = CARTESIAN_POINT('',(0.689538166473,0.441749155678));
#6174 = CARTESIAN_POINT('',(0.689386187616,0.441749778544));
#6175 = CARTESIAN_POINT('',(0.689234146038,0.44175252478));
#6176 = CARTESIAN_POINT('',(0.689082041504,0.441757411689));
#6177 = CARTESIAN_POINT('',(0.688929873781,0.441764457042));
#6178 = CARTESIAN_POINT('',(0.688777642632,0.441773679087));
#6179 = CARTESIAN_POINT('',(0.688625347817,0.441785096563));
#6180 = CARTESIAN_POINT('',(0.688472989096,0.441798728714));
#6181 = CARTESIAN_POINT('',(0.688320566226,0.441814595303));
#6182 = CARTESIAN_POINT('',(0.68816807896,0.441832716627));
#6183 = CARTESIAN_POINT('',(0.688015527049,0.441853113535));
#6184 = CARTESIAN_POINT('',(0.687862910241,0.441875807443));
#6185 = CARTESIAN_POINT('',(0.687710228281,0.441900820352));
#6186 = CARTESIAN_POINT('',(0.68755748091,0.441928174869));
#6187 = CARTESIAN_POINT('',(0.687404667865,0.441957894225));
#6188 = CARTESIAN_POINT('',(0.687251788879,0.441990002295));
#6189 = CARTESIAN_POINT('',(0.687098843682,0.44202452362));
#6190 = CARTESIAN_POINT('',(0.686945831997,0.442061483432));
#6191 = CARTESIAN_POINT('',(0.686792753543,0.442100907671));
#6192 = CARTESIAN_POINT('',(0.686639608035,0.442142823016));
#6193 = CARTESIAN_POINT('',(0.686486395184,0.442187256904));
#6194 = CARTESIAN_POINT('',(0.68633311468,0.442234237559));
#6195 = CARTESIAN_POINT('',(0.686179766305,0.442283794027));
#6196 = CARTESIAN_POINT('',(0.68602634974,0.442335956184));
#6197 = CARTESIAN_POINT('',(0.68587286467,0.442390754805));
#6198 = CARTESIAN_POINT('',(0.68571931078,0.442448221584));
#6199 = CARTESIAN_POINT('',(0.685565687751,0.442508389169));
#6200 = CARTESIAN_POINT('',(0.685411995265,0.442571291191));
#6201 = CARTESIAN_POINT('',(0.685258232999,0.442636962308));
#6202 = CARTESIAN_POINT('',(0.685104400629,0.442705438243));
#6203 = CARTESIAN_POINT('',(0.684950497826,0.442776755826));
#6204 = CARTESIAN_POINT('',(0.68479652426,0.442850953046));
#6205 = CARTESIAN_POINT('',(0.684642479593,0.442928069095));
#6206 = CARTESIAN_POINT('',(0.684488363484,0.443008144428));
#6207 = CARTESIAN_POINT('',(0.684334175587,0.443091220815));
#6208 = CARTESIAN_POINT('',(0.68417991555,0.443177341402));
#6209 = CARTESIAN_POINT('',(0.684025583011,0.443266550774));
#6210 = CARTESIAN_POINT('',(0.683871177605,0.44335889502));
#6211 = CARTESIAN_POINT('',(0.683716698957,0.443454421804));
#6212 = CARTESIAN_POINT('',(0.683562146672,0.443553180441));
#6213 = CARTESIAN_POINT('',(0.683407520395,0.443655221939));
#6214 = CARTESIAN_POINT('',(0.683252819576,0.44376059922));
#6215 = CARTESIAN_POINT('',(0.683098044613,0.443869366486));
#6216 = CARTESIAN_POINT('',(0.682943194945,0.443981580515));
#6217 = CARTESIAN_POINT('',(0.682788270021,0.444097300207));
#6218 = CARTESIAN_POINT('',(0.682633269303,0.444216586666));
#6219 = CARTESIAN_POINT('',(0.682478192272,0.444339503315));
#6220 = CARTESIAN_POINT('',(0.682323038419,0.444466116016));
#6221 = CARTESIAN_POINT('',(0.682167807247,0.444596493199));
#6222 = CARTESIAN_POINT('',(0.682012498273,0.444730706009));
#6223 = CARTESIAN_POINT('',(0.68185711102,0.444868828462));
#6224 = CARTESIAN_POINT('',(0.681701645023,0.445010937608));
#6225 = CARTESIAN_POINT('',(0.681546099822,0.445157113715));
#6226 = CARTESIAN_POINT('',(0.681390474961,0.44530744046));
#6227 = CARTESIAN_POINT('',(0.681234769992,0.445462005141));
#6228 = CARTESIAN_POINT('',(0.681078984464,0.445620898899));
#6229 = CARTESIAN_POINT('',(0.68092311793,0.445784216965));
#6230 = CARTESIAN_POINT('',(0.680767169938,0.445952058928));
#6231 = CARTESIAN_POINT('',(0.680611140032,0.446124529018));
#6232 = CARTESIAN_POINT('',(0.68045502775,0.446301736428));
#6233 = CARTESIAN_POINT('',(0.680298832619,0.446483795653));
#6234 = CARTESIAN_POINT('',(0.680142554152,0.446670826874));
#6235 = CARTESIAN_POINT('',(0.679986191848,0.446862956367));
#6236 = CARTESIAN_POINT('',(0.679829745184,0.447060316961));
#6237 = CARTESIAN_POINT('',(0.679673213612,0.447263048534));
#6238 = CARTESIAN_POINT('',(0.679516596557,0.447471298568));
#6239 = CARTESIAN_POINT('',(0.679359893415,0.447685222741));
#6240 = CARTESIAN_POINT('',(0.679203103518,0.447904985618));
#6241 = CARTESIAN_POINT('',(0.679046226243,0.44813076127));
#6242 = CARTESIAN_POINT('',(0.678889263318,0.448362730595));
#6243 = CARTESIAN_POINT('',(0.678732213169,0.448601090377));
#6244 = CARTESIAN_POINT('',(0.678575075032,0.448846048619));
#6245 = CARTESIAN_POINT('',(0.678417848124,0.449097826704));
#6246 = CARTESIAN_POINT('',(0.678260531857,0.449356660331));
#6247 = CARTESIAN_POINT('',(0.678103125772,0.449622800996));
#6248 = CARTESIAN_POINT('',(0.677945629548,0.449896517563));
#6249 = CARTESIAN_POINT('',(0.677788042991,0.450178098061));
#6250 = CARTESIAN_POINT('',(0.677630366024,0.450467851719));
#6251 = CARTESIAN_POINT('',(0.677472598679,0.450766111289));
#6252 = CARTESIAN_POINT('',(0.67731474108,0.45107323571));
#6253 = CARTESIAN_POINT('',(0.67715679343,0.451389613211));
#6254 = CARTESIAN_POINT('',(0.676998756011,0.451715664843));
#6255 = CARTESIAN_POINT('',(0.676840629089,0.452051848842));
#6256 = CARTESIAN_POINT('',(0.676682413176,0.452398664855));
#6257 = CARTESIAN_POINT('',(0.676524107942,0.452756662093));
#6258 = CARTESIAN_POINT('',(0.676365716431,0.453126436242));
#6259 = CARTESIAN_POINT('',(0.676207240045,0.453508648595));
#6260 = CARTESIAN_POINT('',(0.676048680229,0.453904031769));
#6261 = CARTESIAN_POINT('',(0.67589003973,0.45431339815));
#6262 = CARTESIAN_POINT('',(0.675731322252,0.454737654041));
#6263 = CARTESIAN_POINT('',(0.675572532459,0.455177816326));
#6264 = CARTESIAN_POINT('',(0.67541367619,0.455635032586));
#6265 = CARTESIAN_POINT('',(0.675254759434,0.456110610265));
#6266 = CARTESIAN_POINT('',(0.675095795553,0.45660602697));
#6267 = CARTESIAN_POINT('',(0.674936792588,0.457123010491));
#6268 = CARTESIAN_POINT('',(0.674777765813,0.457663555761));
#6269 = CARTESIAN_POINT('',(0.674618736175,0.458229998547));
#6270 = CARTESIAN_POINT('',(0.674459731541,0.458825104668));
#6271 = CARTESIAN_POINT('',(0.674300784628,0.459452209719));
#6272 = CARTESIAN_POINT('',(0.674141946883,0.460115345127));
#6273 = CARTESIAN_POINT('',(0.67398328242,0.460819520779));
#6274 = CARTESIAN_POINT('',(0.673824885975,0.461571034588));
#6275 = CARTESIAN_POINT('',(0.673666902305,0.462377958945));
#6276 = CARTESIAN_POINT('',(0.673509529671,0.46325105538));
#6277 = CARTESIAN_POINT('',(0.673353105122,0.464204912051));
#6278 = CARTESIAN_POINT('',(0.673198157016,0.465260293709));
#6279 = CARTESIAN_POINT('',(0.673045731322,0.466447805555));
#6280 = CARTESIAN_POINT('',(0.672897508557,0.467816178685));
#6281 = CARTESIAN_POINT('',(0.672758687833,0.469443053762));
#6282 = CARTESIAN_POINT('',(0.672637462054,0.47146078097));
#6283 = CARTESIAN_POINT('',(0.672576405639,0.473999219757));
#6284 = CARTESIAN_POINT('',(0.672588993461,0.4756073957));
#6285 = CARTESIAN_POINT('',(0.672612991176,0.476319628017));
#6286 = ( GEOMETRIC_REPRESENTATION_CONTEXT(2) 
PARAMETRIC_REPRESENTATION_CONTEXT() REPRESENTATION_CONTEXT('2D SPACE',''
  ) );
#6287 = PCURVE('',#6288,#6293);
#6288 = CYLINDRICAL_SURFACE('',#6289,70.);
#6289 = AXIS2_PLACEMENT_3D('',#6290,#6291,#6292);
#6290 = CARTESIAN_POINT('',(0.,-1.43E+03,180.));
#6291 = DIRECTION('',(1.,0.,0.));
#6292 = DIRECTION('',(0.,1.,0.));
#6293 = DEFINITIONAL_REPRESENTATION('',(#6294),#6804);
#6294 = B_SPLINE_CURVE_WITH_KNOTS('',3,(#6295,#6296,#6297,#6298,#6299,
    #6300,#6301,#6302,#6303,#6304,#6305,#6306,#6307,#6308,#6309,#6310,
    #6311,#6312,#6313,#6314,#6315,#6316,#6317,#6318,#6319,#6320,#6321,
    #6322,#6323,#6324,#6325,#6326,#6327,#6328,#6329,#6330,#6331,#6332,
    #6333,#6334,#6335,#6336,#6337,#6338,#6339,#6340,#6341,#6342,#6343,
    #6344,#6345,#6346,#6347,#6348,#6349,#6350,#6351,#6352,#6353,#6354,
    #6355,#6356,#6357,#6358,#6359,#6360,#6361,#6362,#6363,#6364,#6365,
    #6366,#6367,#6368,#6369,#6370,#6371,#6372,#6373,#6374,#6375,#6376,
    #6377,#6378,#6379,#6380,#6381,#6382,#6383,#6384,#6385,#6386,#6387,
    #6388,#6389,#6390,#6391,#6392,#6393,#6394,#6395,#6396,#6397,#6398,
    #6399,#6400,#6401,#6402,#6403,#6404,#6405,#6406,#6407,#6408,#6409,
    #6410,#6411,#6412,#6413,#6414,#6415,#6416,#6417,#6418,#6419,#6420,
    #6421,#6422,#6423,#6424,#6425,#6426,#6427,#6428,#6429,#6430,#6431,
    #6432,#6433,#6434,#6435,#6436,#6437,#6438,#6439,#6440,#6441,#6442,
    #6443,#6444,#6445,#6446,#6447,#6448,#6449,#6450,#6451,#6452,#6453,
    #6454,#6455,#6456,#6457,#6458,#6459,#6460,#6461,#6462,#6463,#6464,
    #6465,#6466,#6467,#6468,#6469,#6470,#6471,#6472,#6473,#6474,#6475,
    #6476,#6477,#6478,#6479,#6480,#6481,#6482,#6483,#6484,#6485,#6486,
    #6487,#6488,#6489,#6490,#6491,#6492,#6493,#6494,#6495,#6496,#6497,
    #6498,#6499,#6500,#6501,#6502,#6503,#6504,#6505,#6506,#6507,#6508,
    #6509,#6510,#6511,#6512,#6513,#6514,#6515,#6516,#6517,#6518,#6519,
    #6520,#6521,#6522,#6523,#6524,#6525,#6526,#6527,#6528,#6529,#6530,
    #6531,#6532,#6533,#6534,#6535,#6536,#6537,#6538,#6539,#6540,#6541,
    #6542,#6543,#6544,#6545,#6546,#6547,#6548,#6549,#6550,#6551,#6552,
    #6553,#6554,#6555,#6556,#6557,#6558,#6559,#6560,#6561,#6562,#6563,
    #6564,#6565,#6566,#6567,#6568,#6569,#6570,#6571,#6572,#6573,#6574,
    #6575,#6576,#6577,#6578,#6579,#6580,#6581,#6582,#6583,#6584,#6585,
    #6586,#6587,#6588,#6589,#6590,#6591,#6592,#6593,#6594,#6595,#6596,
    #6597,#6598,#6599,#6600,#6601,#6602,#6603,#6604,#6605,#6606,#6607,
    #6608,#6609,#6610,#6611,#6612,#6613,#6614,#6615,#6616,#6617,#6618,
    #6619,#6620,#6621,#6622,#6623,#6624,#6625,#6626,#6627,#6628,#6629,
    #6630,#6631,#6632,#6633,#6634,#6635,#6636,#6637,#6638,#6639,#6640,
    #6641,#6642,#6643,#6644,#6645,#6646,#6647,#6648,#6649,#6650,#6651,
    #6652,#6653,#6654,#6655,#6656,#6657,#6658,#6659,#6660,#6661,#6662,
    #6663,#6664,#6665,#6666,#6667,#6668,#6669,#6670,#6671,#6672,#6673,
    #6674,#6675,#6676,#6677,#6678,#6679,#6680,#6681,#6682,#6683,#6684,
    #6685,#6686,#6687,#6688,#6689,#6690,#6691,#6692,#6693,#6694,#6695,
    #6696,#6697,#6698,#6699,#6700,#6701,#6702,#6703,#6704,#6705,#6706,
    #6707,#6708,#6709,#6710,#6711,#6712,#6713,#6714,#6715,#6716,#6717,
    #6718,#6719,#6720,#6721,#6722,#6723,#6724,#6725,#6726,#6727,#6728,
    #6729,#6730,#6731,#6732,#6733,#6734,#6735,#6736,#6737,#6738,#6739,
    #6740,#6741,#6742,#6743,#6744,#6745,#6746,#6747,#6748,#6749,#6750,
    #6751,#6752,#6753,#6754,#6755,#6756,#6757,#6758,#6759,#6760,#6761,
    #6762,#6763,#6764,#6765,#6766,#6767,#6768,#6769,#6770,#6771,#6772,
    #6773,#6774,#6775,#6776,#6777,#6778,#6779,#6780,#6781,#6782,#6783,
    #6784,#6785,#6786,#6787,#6788,#6789,#6790,#6791,#6792,#6793,#6794,
    #6795,#6796,#6797,#6798,#6799,#6800,#6801,#6802,#6803),
  .UNSPECIFIED.,.F.,.F.,(4,1,1,1,1,1,1,1,1,1,1,1,1,1,1,1,1,1,1,1,1,1,1,1
    ,1,1,1,1,1,1,1,1,1,1,1,1,1,1,1,1,1,1,1,1,1,1,1,1,1,1,1,1,1,1,1,1,1,1
    ,1,1,1,1,1,1,1,1,1,1,1,1,1,1,1,1,1,1,1,1,1,1,1,1,1,1,1,1,1,1,1,1,1,1
    ,1,1,1,1,1,1,1,1,1,1,1,1,1,1,1,1,1,1,1,1,1,1,1,1,1,1,1,1,1,1,1,1,1,1
    ,1,1,1,1,1,1,1,1,1,1,1,1,1,1,1,1,1,1,1,1,1,1,1,1,1,1,1,1,1,1,1,1,1,1
    ,1,1,1,1,1,1,1,1,1,1,1,1,1,1,1,1,1,1,1,1,1,1,1,1,1,1,1,1,1,1,1,1,1,1
    ,1,1,1,1,1,1,1,1,1,1,1,1,1,1,1,1,1,1,1,1,1,1,1,1,1,1,1,1,1,1,1,1,1,1
    ,1,1,1,1,1,1,1,1,1,1,1,1,1,1,1,1,1,1,1,1,1,1,1,1,1,1,1,1,1,1,1,1,1,1
    ,1,1,1,1,1,1,1,1,1,1,1,1,1,1,1,1,1,1,1,1,1,1,1,1,1,1,1,1,1,1,1,1,1,1
    ,1,1,1,1,1,1,1,1,1,1,1,1,1,1,1,1,1,1,1,1,1,1,1,1,1,1,1,1,1,1,1,1,1,1
    ,1,1,1,1,1,1,1,1,1,1,1,1,1,1,1,1,1,1,1,1,1,1,1,1,1,1,1,1,1,1,1,1,1,1
    ,1,1,1,1,1,1,1,1,1,1,1,1,1,1,1,1,1,1,1,1,1,1,1,1,1,1,1,1,1,1,1,1,1,1
    ,1,1,1,1,1,1,1,1,1,1,1,1,1,1,1,1,1,1,1,1,1,1,1,1,1,1,1,1,1,1,1,1,1,1
    ,1,1,1,1,1,1,1,1,1,1,1,1,1,1,1,1,1,1,1,1,1,1,1,1,1,1,1,1,1,1,1,1,1,1
    ,1,1,1,1,1,1,1,1,1,1,1,1,1,1,1,1,1,1,1,1,1,1,1,1,1,1,1,1,1,1,1,1,1,1
    ,1,1,1,1,1,1,4),(0.,4.381289716258E-03,8.762579432517E-03,
    1.314386914877E-02,1.752515886503E-02,2.190644858129E-02,
    2.628773829755E-02,3.066902801381E-02,3.505031773007E-02,
    3.943160744632E-02,4.381289716258E-02,4.819418687884E-02,
    5.25754765951E-02,5.695676631136E-02,6.133805602762E-02,
    6.571934574387E-02,7.010063546013E-02,7.448192517639E-02,
    7.886321489265E-02,8.324450460891E-02,8.762579432517E-02,
    9.200708404142E-02,9.638837375768E-02,0.100769663474,0.10515095319,
    0.109532242906,0.113913532623,0.118294822339,0.122676112055,
    0.127057401771,0.131438691488,0.135819981204,0.14020127092,
    0.144582560637,0.148963850353,0.153345140069,0.157726429785,
    0.162107719502,0.166489009218,0.170870298934,0.17525158865,
    0.179632878367,0.184014168083,0.188395457799,0.192776747515,
    0.197158037232,0.201539326948,0.205920616664,0.21030190638,
    0.214683196097,0.219064485813,0.223445775529,0.227827065245,
    0.232208354962,0.236589644678,0.240970934394,0.24535222411,
    0.249733513827,0.254114803543,0.258496093259,0.262877382975,
    0.267258672692,0.271639962408,0.276021252124,0.280402541841,
    0.284783831557,0.289165121273,0.293546410989,0.297927700706,
    0.302308990422,0.306690280138,0.311071569854,0.315452859571,
    0.319834149287,0.324215439003,0.328596728719,0.332978018436,
    0.337359308152,0.341740597868,0.346121887584,0.350503177301,
    0.354884467017,0.359265756733,0.363647046449,0.368028336166,
    0.372409625882,0.376790915598,0.381172205314,0.385553495031,
    0.389934784747,0.394316074463,0.39869736418,0.403078653896,
    0.407459943612,0.411841233328,0.416222523045,0.420603812761,
    0.424985102477,0.429366392193,0.43374768191,0.438128971626,
    0.442510261342,0.446891551058,0.451272840775,0.455654130491,
    0.460035420207,0.464416709923,0.46879799964,0.473179289356,
    0.477560579072,0.481941868788,0.486323158505,0.490704448221,
    0.495085737937,0.499467027653,0.50384831737,0.508229607086,
    0.512610896802,0.516992186518,0.521373476235,0.525754765951,
    0.530136055667,0.534517345384,0.5388986351,0.543279924816,
    0.547661214532,0.552042504249,0.556423793965,0.560805083681,
    0.565186373397,0.569567663114,0.57394895283,0.578330242546,
    0.582711532262,0.587092821979,0.591474111695,0.595855401411,
    0.600236691127,0.604617980844,0.60899927056,0.613380560276,
    0.617761849992,0.622143139709,0.626524429425,0.630905719141,
    0.635287008857,0.639668298574,0.64404958829,0.648430878006,
    0.652812167722,0.657193457439,0.661574747155,0.665956036871,
    0.670337326588,0.674718616304,0.67909990602,0.683481195736,
    0.687862485453,0.692243775169,0.696625064885,0.701006354601,
    0.705387644318,0.709768934034,0.71415022375,0.718531513466,
    0.722912803183,0.727294092899,0.731675382615,0.736056672331,
    0.740437962048,0.744819251764,0.74920054148,0.753581831196,
    0.757963120913,0.762344410629,0.766725700345,0.771106990061,
    0.775488279778,0.779869569494,0.78425085921,0.788632148926,
    0.793013438643,0.797394728359,0.801776018075,0.806157307792,
    0.810538597508,0.814919887224,0.81930117694,0.823682466657,
    0.828063756373,0.832445046089,0.836826335805,0.841207625522,
    0.845588915238,0.849970204954,0.85435149467,0.858732784387,
    0.863114074103,0.867495363819,0.871876653535,0.876257943252,
    0.880639232968,0.885020522684,0.8894018124,0.893783102117,
    0.898164391833,0.902545681549,0.906926971265,0.911308260982,
    0.915689550698,0.920070840414,0.924452130131,0.928833419847,
    0.933214709563,0.937595999279,0.941977288996,0.946358578712,
    0.950739868428,0.955121158144,0.959502447861,0.963883737577,
    0.968265027293,0.972646317009,0.977027606726,0.981408896442,
    0.985790186158,0.990171475874,0.994552765591,0.998934055307,
    1.003315345023,1.007696634739,1.012077924456,1.016459214172,
    1.020840503888,1.025221793604,1.029603083321,1.033984373037,
    1.038365662753,1.042746952469,1.047128242186,1.051509531902,
    1.055890821618,1.060272111335,1.064653401051,1.069034690767,
    1.073415980483,1.0777972702,1.082178559916,1.086559849632,
    1.090941139348,1.095322429065,1.099703718781,1.104085008497,
    1.108466298213,1.11284758793,1.117228877646,1.121610167362,
    1.125991457078,1.130372746795,1.134754036511,1.139135326227,
    1.143516615943,1.14789790566,1.152279195376,1.156660485092,
    1.161041774808,1.165423064525,1.169804354241,1.174185643957,
    1.178566933673,1.18294822339,1.187329513106,1.191710802822,
    1.196092092539,1.200473382255,1.204854671971,1.209235961687,
    1.213617251404,1.21799854112,1.222379830836,1.226761120552,
    1.231142410269,1.235523699985,1.239904989701,1.244286279417,
    1.248667569134,1.25304885885,1.257430148566,1.261811438282,
    1.266192727999,1.270574017715,1.274955307431,1.279336597147,
    1.283717886864,1.28809917658,1.292480466296,1.296861756012,
    1.301243045729,1.305624335445,1.310005625161,1.314386914877,
    1.318768204594,1.32314949431,1.327530784026,1.331912073743,
    1.336293363459,1.340674653175,1.345055942891,1.349437232608,
    1.353818522324,1.35819981204,1.362581101756,1.366962391473,
    1.371343681189,1.375724970905,1.380106260621,1.384487550338,
    1.388868840054,1.39325012977,1.397631419486,1.402012709203,
    1.406393998919,1.410775288635,1.415156578351,1.419537868068,
    1.423919157784,1.4283004475,1.432681737216,1.437063026933,
    1.441444316649,1.445825606365,1.450206896081,1.454588185798,
    1.458969475514,1.46335076523,1.467732054947,1.472113344663,
    1.476494634379,1.480875924095,1.485257213812,1.489638503528,
    1.494019793244,1.49840108296,1.502782372677,1.507163662393,
    1.511544952109,1.515926241825,1.520307531542,1.524688821258,
    1.529070110974,1.53345140069,1.537832690407,1.542213980123,
    1.546595269839,1.550976559555,1.555357849272,1.559739138988,
    1.564120428704,1.56850171842,1.572883008137,1.577264297853,
    1.581645587569,1.586026877286,1.590408167002,1.594789456718,
    1.599170746434,1.603552036151,1.607933325867,1.612314615583,
    1.616695905299,1.621077195016,1.625458484732,1.629839774448,
    1.634221064164,1.638602353881,1.642983643597,1.647364933313,
    1.651746223029,1.656127512746,1.660508802462,1.664890092178,
    1.669271381894,1.673652671611,1.678033961327,1.682415251043,
    1.686796540759,1.691177830476,1.695559120192,1.699940409908,
    1.704321699624,1.708702989341,1.713084279057,1.717465568773,
    1.72184685849,1.726228148206,1.730609437922,1.734990727638,
    1.739372017355,1.743753307071,1.748134596787,1.752515886503,
    1.75689717622,1.761278465936,1.765659755652,1.770041045368,
    1.774422335085,1.778803624801,1.783184914517,1.787566204233,
    1.79194749395,1.796328783666,1.800710073382,1.805091363098,
    1.809472652815,1.813853942531,1.818235232247,1.822616521963,
    1.82699781168,1.831379101396,1.835760391112,1.840141680828,
    1.844522970545,1.848904260261,1.853285549977,1.857666839694,
    1.86204812941,1.866429419126,1.870810708842,1.875191998559,
    1.879573288275,1.883954577991,1.888335867707,1.892717157424,
    1.89709844714,1.901479736856,1.905861026572,1.910242316289,
    1.914623606005,1.919004895721,1.923386185437,1.927767475154,
    1.93214876487,1.936530054586,1.940911344302,1.945292634019,
    1.949673923735,1.954055213451,1.958436503167,1.962817792884,
    1.9671990826,1.971580372316,1.975961662032,1.980342951749,
    1.984724241465,1.989105531181,1.993486820898,1.997868110614,
    2.00224940033,2.006630690046,2.011011979763,2.015393269479,
    2.019774559195,2.024155848911,2.028537138628,2.032918428344,
    2.03729971806,2.041681007776,2.046062297493,2.050443587209,
    2.054824876925,2.059206166641,2.063587456358,2.067968746074,
    2.07235003579,2.076731325506,2.081112615223,2.085493904939,
    2.089875194655,2.094256484371,2.098637774088,2.103019063804,
    2.10740035352,2.111781643236,2.116162932953,2.120544222669,
    2.124925512385,2.129306802102,2.133688091818,2.138069381534,
    2.14245067125,2.146831960967,2.151213250683,2.155594540399,
    2.159975830115,2.164357119832,2.168738409548,2.173119699264,
    2.17750098898,2.181882278697,2.186263568413,2.190644858129,
    2.195026147845,2.199407437562,2.203788727278,2.208170016994,
    2.21255130671,2.216932596427),.QUASI_UNIFORM_KNOTS.);
#6295 = CARTESIAN_POINT('',(0.,-1.879743365826E+03));
#6296 = CARTESIAN_POINT('',(2.576459125857E-02,-1.878903633129E+03));
#6297 = CARTESIAN_POINT('',(7.089664628189E-02,-1.876885022799E+03));
#6298 = CARTESIAN_POINT('',(0.124453296505,-1.873182595581E+03));
#6299 = CARTESIAN_POINT('',(0.169961380132,-1.869257204169E+03));
#6300 = CARTESIAN_POINT('',(0.209863558467,-1.865180210529E+03));
#6301 = CARTESIAN_POINT('',(0.245786981369,-1.861016092248E+03));
#6302 = CARTESIAN_POINT('',(0.278674376471,-1.856790969737E+03));
#6303 = CARTESIAN_POINT('',(0.309174895504,-1.85252236883E+03));
#6304 = CARTESIAN_POINT('',(0.337734311976,-1.848221109883E+03));
#6305 = CARTESIAN_POINT('',(0.364680564606,-1.843894492611E+03));
#6306 = CARTESIAN_POINT('',(0.390259933211,-1.839547645684E+03));
#6307 = CARTESIAN_POINT('',(0.414663512134,-1.835184273007E+03));
#6308 = CARTESIAN_POINT('',(0.438042324948,-1.830807188405E+03));
#6309 = CARTESIAN_POINT('',(0.460518113561,-1.826418596302E+03));
#6310 = CARTESIAN_POINT('',(0.482191580899,-1.822020057079E+03));
#6311 = CARTESIAN_POINT('',(0.503145573454,-1.81761299474E+03));
#6312 = CARTESIAN_POINT('',(0.523450250317,-1.813198490934E+03));
#6313 = CARTESIAN_POINT('',(0.543165292227,-1.808777439921E+03));
#6314 = CARTESIAN_POINT('',(0.562341918981,-1.804350599434E+03));
#6315 = CARTESIAN_POINT('',(0.58102454397,-1.799918602561E+03));
#6316 = CARTESIAN_POINT('',(0.599252092276,-1.795481949634E+03));
#6317 = CARTESIAN_POINT('',(0.617058658079,-1.791041097615E+03));
#6318 = CARTESIAN_POINT('',(0.634474275269,-1.786596472965E+03));
#6319 = CARTESIAN_POINT('',(0.651525911342,-1.78214838423E+03));
#6320 = CARTESIAN_POINT('',(0.668237562123,-1.777697128759E+03));
#6321 = CARTESIAN_POINT('',(0.684630786284,-1.773242967926E+03));
#6322 = CARTESIAN_POINT('',(0.700725021831,-1.768786136819E+03));
#6323 = CARTESIAN_POINT('',(0.716537880412,-1.764326844192E+03));
#6324 = CARTESIAN_POINT('',(0.732085383849,-1.759865274502E+03));
#6325 = CARTESIAN_POINT('',(0.747382164217,-1.755401589406E+03));
#6326 = CARTESIAN_POINT('',(0.762441637075,-1.750935927827E+03));
#6327 = CARTESIAN_POINT('',(0.777276133129,-1.746468411074E+03));
#6328 = CARTESIAN_POINT('',(0.791897069649,-1.741999128126E+03));
#6329 = CARTESIAN_POINT('',(0.806314715383,-1.737528242807E+03));
#6330 = CARTESIAN_POINT('',(0.820538786484,-1.733055841372E+03));
#6331 = CARTESIAN_POINT('',(0.834578267257,-1.72858201098E+03));
#6332 = CARTESIAN_POINT('',(0.848441510571,-1.724106831533E+03));
#6333 = CARTESIAN_POINT('',(0.862136292803,-1.719630378216E+03));
#6334 = CARTESIAN_POINT('',(0.875669871072,-1.715152721131E+03));
#6335 = CARTESIAN_POINT('',(0.889049031277,-1.710673925673E+03));
#6336 = CARTESIAN_POINT('',(0.902280131175,-1.706194052667E+03));
#6337 = CARTESIAN_POINT('',(0.915369138388,-1.701713158552E+03));
#6338 = CARTESIAN_POINT('',(0.928321664248,-1.697231295524E+03));
#6339 = CARTESIAN_POINT('',(0.941142994,-1.692748511666E+03));
#6340 = CARTESIAN_POINT('',(0.953838113828,-1.688264851078E+03));
#6341 = CARTESIAN_POINT('',(0.966411735291,-1.683780353936E+03));
#6342 = CARTESIAN_POINT('',(0.978868316733,-1.679295056773E+03));
#6343 = CARTESIAN_POINT('',(0.991212084845,-1.674808991878E+03));
#6344 = CARTESIAN_POINT('',(1.003447045665,-1.670322189932E+03));
#6345 = CARTESIAN_POINT('',(1.015577025935,-1.66583467055E+03));
#6346 = CARTESIAN_POINT('',(1.027605584811,-1.661346480856E+03));
#6347 = CARTESIAN_POINT('',(1.039536141262,-1.656857653661E+03));
#6348 = CARTESIAN_POINT('',(1.051371972158,-1.652368212362E+03));
#6349 = CARTESIAN_POINT('',(1.063116195245,-1.647878181557E+03));
#6350 = CARTESIAN_POINT('',(1.074771787006,-1.643387584231E+03));
#6351 = CARTESIAN_POINT('',(1.086341590123,-1.638896442544E+03));
#6352 = CARTESIAN_POINT('',(1.097828322759,-1.634404777644E+03));
#6353 = CARTESIAN_POINT('',(1.109234586462,-1.629912609741E+03));
#6354 = CARTESIAN_POINT('',(1.120562873622,-1.625419958114E+03));
#6355 = CARTESIAN_POINT('',(1.131815574289,-1.620926841124E+03));
#6356 = CARTESIAN_POINT('',(1.14299498249,-1.616433276239E+03));
#6357 = CARTESIAN_POINT('',(1.154103302047,-1.611939280038E+03));
#6358 = CARTESIAN_POINT('',(1.165142651971,-1.60744486823E+03));
#6359 = CARTESIAN_POINT('',(1.17611507146,-1.602950055661E+03));
#6360 = CARTESIAN_POINT('',(1.187022524527,-1.598454856334E+03));
#6361 = CARTESIAN_POINT('',(1.197866904358,-1.5939592834E+03));
#6362 = CARTESIAN_POINT('',(1.208650037206,-1.589463349225E+03));
#6363 = CARTESIAN_POINT('',(1.219373686674,-1.584967065186E+03));
#6364 = CARTESIAN_POINT('',(1.230039555345,-1.580470442487E+03));
#6365 = CARTESIAN_POINT('',(1.240649295224,-1.575973489147E+03));
#6366 = CARTESIAN_POINT('',(1.251204479012,-1.571476223516E+03));
#6367 = CARTESIAN_POINT('',(1.261706646034,-1.56697865597E+03));
#6368 = CARTESIAN_POINT('',(1.272157289512,-1.562480795522E+03));
#6369 = CARTESIAN_POINT('',(1.282557855651,-1.557982651274E+03));
#6370 = CARTESIAN_POINT('',(1.292909746947,-1.553484232027E+03));
#6371 = CARTESIAN_POINT('',(1.303214324194,-1.548985546393E+03));
#6372 = CARTESIAN_POINT('',(1.313472908681,-1.544486602763E+03));
#6373 = CARTESIAN_POINT('',(1.323686784187,-1.539987409316E+03));
#6374 = CARTESIAN_POINT('',(1.333857198889,-1.535487974024E+03));
#6375 = CARTESIAN_POINT('',(1.343985367153,-1.530988304647E+03));
#6376 = CARTESIAN_POINT('',(1.354072471242,-1.526488408736E+03));
#6377 = CARTESIAN_POINT('',(1.364119662922,-1.521988293636E+03));
#6378 = CARTESIAN_POINT('',(1.374128064986,-1.517487966487E+03));
#6379 = CARTESIAN_POINT('',(1.384098772701,-1.512987434222E+03));
#6380 = CARTESIAN_POINT('',(1.39403285518,-1.508486703568E+03));
#6381 = CARTESIAN_POINT('',(1.403931356685,-1.503985781052E+03));
#6382 = CARTESIAN_POINT('',(1.413795297863,-1.499484672995E+03));
#6383 = CARTESIAN_POINT('',(1.423625676931,-1.494983385518E+03));
#6384 = CARTESIAN_POINT('',(1.433423470802,-1.490481924538E+03));
#6385 = CARTESIAN_POINT('',(1.443189636154,-1.485980295774E+03));
#6386 = CARTESIAN_POINT('',(1.452925110467,-1.481478504742E+03));
#6387 = CARTESIAN_POINT('',(1.462630812998,-1.47697655676E+03));
#6388 = CARTESIAN_POINT('',(1.472307645731,-1.472474456947E+03));
#6389 = CARTESIAN_POINT('',(1.481956494281,-1.467972210223E+03));
#6390 = CARTESIAN_POINT('',(1.491578228763,-1.463469821309E+03));
#6391 = CARTESIAN_POINT('',(1.501173704631,-1.458967294728E+03));
#6392 = CARTESIAN_POINT('',(1.510743763481,-1.454464634809E+03));
#6393 = CARTESIAN_POINT('',(1.520289233827,-1.449961845682E+03));
#6394 = CARTESIAN_POINT('',(1.529810931849,-1.445458931279E+03));
#6395 = CARTESIAN_POINT('',(1.539309662109,-1.44095589534E+03));
#6396 = CARTESIAN_POINT('',(1.548786218232,-1.436452741404E+03));
#6397 = CARTESIAN_POINT('',(1.558241370547,-1.431949479069E+03));
#6398 = CARTESIAN_POINT('',(1.567675893469,-1.427446111263E+03));
#6399 = CARTESIAN_POINT('',(1.577090549542,-1.422942642125E+03));
#6400 = CARTESIAN_POINT('',(1.586486093341,-1.418439075443E+03));
#6401 = CARTESIAN_POINT('',(1.595863271217,-1.413935415075E+03));
#6402 = CARTESIAN_POINT('',(1.605222822125,-1.409431664837E+03));
#6403 = CARTESIAN_POINT('',(1.614565478156,-1.404927828529E+03));
#6404 = CARTESIAN_POINT('',(1.623891965126,-1.400423909932E+03));
#6405 = CARTESIAN_POINT('',(1.633203003143,-1.395919912805E+03));
#6406 = CARTESIAN_POINT('',(1.642499307159,-1.391415840887E+03));
#6407 = CARTESIAN_POINT('',(1.651781587527,-1.386911697898E+03));
#6408 = CARTESIAN_POINT('',(1.661050550537,-1.382407487534E+03));
#6409 = CARTESIAN_POINT('',(1.670306898955,-1.377903213473E+03));
#6410 = CARTESIAN_POINT('',(1.679551332557,-1.373398879371E+03));
#6411 = CARTESIAN_POINT('',(1.688784548654,-1.368894488863E+03));
#6412 = CARTESIAN_POINT('',(1.698007242622,-1.364390045562E+03));
#6413 = CARTESIAN_POINT('',(1.707220108428,-1.359885553062E+03));
#6414 = CARTESIAN_POINT('',(1.716423839152,-1.355381014933E+03));
#6415 = CARTESIAN_POINT('',(1.725619127516,-1.350876434726E+03));
#6416 = CARTESIAN_POINT('',(1.734806666416,-1.346371815971E+03));
#6417 = CARTESIAN_POINT('',(1.743987149451,-1.341867162176E+03));
#6418 = CARTESIAN_POINT('',(1.753161271461,-1.337362476828E+03));
#6419 = CARTESIAN_POINT('',(1.762329729071,-1.332857763394E+03));
#6420 = CARTESIAN_POINT('',(1.771493221241,-1.32835302532E+03));
#6421 = CARTESIAN_POINT('',(1.780652449822,-1.323848266032E+03));
#6422 = CARTESIAN_POINT('',(1.789808120126,-1.319343488935E+03));
#6423 = CARTESIAN_POINT('',(1.798960941489,-1.314838697417E+03));
#6424 = CARTESIAN_POINT('',(1.808111627911,-1.310333894826E+03));
#6425 = CARTESIAN_POINT('',(1.817260898443,-1.305829084578E+03));
#6426 = CARTESIAN_POINT('',(1.826409478607,-1.30132426974E+03));
#6427 = CARTESIAN_POINT('',(1.835558097991,-1.296819454583E+03));
#6428 = CARTESIAN_POINT('',(1.844707492286,-1.292314643838E+03));
#6429 = CARTESIAN_POINT('',(1.853858407885,-1.287809840755E+03));
#6430 = CARTESIAN_POINT('',(1.863011598703,-1.28330504908E+03));
#6431 = CARTESIAN_POINT('',(1.872167827896,-1.278800272522E+03));
#6432 = CARTESIAN_POINT('',(1.881327868318,-1.274295514902E+03));
#6433 = CARTESIAN_POINT('',(1.890492503349,-1.269790780109E+03));
#6434 = CARTESIAN_POINT('',(1.899662527664,-1.265286072118E+03));
#6435 = CARTESIAN_POINT('',(1.908838748064,-1.260781394984E+03));
#6436 = CARTESIAN_POINT('',(1.918021984341,-1.256276752846E+03));
#6437 = CARTESIAN_POINT('',(1.927213070178,-1.251772149928E+03));
#6438 = CARTESIAN_POINT('',(1.936412854101,-1.24726759054E+03));
#6439 = CARTESIAN_POINT('',(1.945622200465,-1.242763079079E+03));
#6440 = CARTESIAN_POINT('',(1.954841990494,-1.238258620035E+03));
#6441 = CARTESIAN_POINT('',(1.964073123368,-1.233754217987E+03));
#6442 = CARTESIAN_POINT('',(1.973316517361,-1.229249877608E+03));
#6443 = CARTESIAN_POINT('',(1.982573111014,-1.224745603671E+03));
#6444 = CARTESIAN_POINT('',(1.991843864451,-1.220241401024E+03));
#6445 = CARTESIAN_POINT('',(2.001129760401,-1.215737274719E+03));
#6446 = CARTESIAN_POINT('',(2.010431806584,-1.211233229507E+03));
#6447 = CARTESIAN_POINT('',(2.019751022515,-1.206729277147E+03));
#6448 = CARTESIAN_POINT('',(2.029088472463,-1.20222542087E+03));
#6449 = CARTESIAN_POINT('',(2.038445246672,-1.197721665595E+03));
#6450 = CARTESIAN_POINT('',(2.047822466447,-1.193218016235E+03));
#6451 = CARTESIAN_POINT('',(2.057221285084,-1.188714478152E+03));
#6452 = CARTESIAN_POINT('',(2.066642890086,-1.184211057048E+03));
#6453 = CARTESIAN_POINT('',(2.076088505223,-1.179707759001E+03));
#6454 = CARTESIAN_POINT('',(2.085559392822,-1.175204590464E+03));
#6455 = CARTESIAN_POINT('',(2.095056856195,-1.170701558273E+03));
#6456 = CARTESIAN_POINT('',(2.104582242251,-1.166198669662E+03));
#6457 = CARTESIAN_POINT('',(2.114136944281,-1.161695932264E+03));
#6458 = CARTESIAN_POINT('',(2.123722404948,-1.157193354126E+03));
#6459 = CARTESIAN_POINT('',(2.133340119496,-1.15269094372E+03));
#6460 = CARTESIAN_POINT('',(2.142991639187,-1.14818870995E+03));
#6461 = CARTESIAN_POINT('',(2.152678575012,-1.14368666217E+03));
#6462 = CARTESIAN_POINT('',(2.162402601685,-1.139184810194E+03));
#6463 = CARTESIAN_POINT('',(2.172165461957,-1.134683164308E+03));
#6464 = CARTESIAN_POINT('',(2.181968971292,-1.130181735293E+03));
#6465 = CARTESIAN_POINT('',(2.191815022931,-1.125680534436E+03));
#6466 = CARTESIAN_POINT('',(2.201705593398,-1.121179573551E+03));
#6467 = CARTESIAN_POINT('',(2.211642748489,-1.116678864997E+03));
#6468 = CARTESIAN_POINT('',(2.221628649802,-1.112178421702E+03));
#6469 = CARTESIAN_POINT('',(2.231665561851,-1.10767825719E+03));
#6470 = CARTESIAN_POINT('',(2.241755859847,-1.103178385599E+03));
#6471 = CARTESIAN_POINT('',(2.251902038188,-1.098678821716E+03));
#6472 = CARTESIAN_POINT('',(2.262106719751,-1.094179581017E+03));
#6473 = CARTESIAN_POINT('',(2.272372666029,-1.089680679649E+03));
#6474 = CARTESIAN_POINT('',(2.282702788261,-1.085182134664E+03));
#6475 = CARTESIAN_POINT('',(2.293100142759,-1.080683971439E+03));
#6476 = CARTESIAN_POINT('',(2.303567977596,-1.076186208825E+03));
#6477 = CARTESIAN_POINT('',(2.314109728094,-1.071688869134E+03));
#6478 = CARTESIAN_POINT('',(2.324729036112,-1.067191976181E+03));
#6479 = CARTESIAN_POINT('',(2.335429767422,-1.062695555911E+03));
#6480 = CARTESIAN_POINT('',(2.346216033027,-1.058199636346E+03));
#6481 = CARTESIAN_POINT('',(2.357092212943,-1.053704247737E+03));
#6482 = CARTESIAN_POINT('',(2.368062983121,-1.049209422652E+03));
#6483 = CARTESIAN_POINT('',(2.379133344982,-1.044715196206E+03));
#6484 = CARTESIAN_POINT('',(2.390308659527,-1.040221605865E+03));
#6485 = CARTESIAN_POINT('',(2.401594679227,-1.035728692881E+03));
#6486 = CARTESIAN_POINT('',(2.412997586669,-1.031236506515E+03));
#6487 = CARTESIAN_POINT('',(2.424524068981,-1.026745092725E+03));
#6488 = CARTESIAN_POINT('',(2.436181348239,-1.022254505433E+03));
#6489 = CARTESIAN_POINT('',(2.447977252803,-1.017764804413E+03));
#6490 = CARTESIAN_POINT('',(2.459920290438,-1.013276056384E+03));
#6491 = CARTESIAN_POINT('',(2.472019736482,-1.008788335183E+03));
#6492 = CARTESIAN_POINT('',(2.48428573485,-1.004301722848E+03));
#6493 = CARTESIAN_POINT('',(2.496729424084,-999.8163084548));
#6494 = CARTESIAN_POINT('',(2.509363059034,-995.3321956357));
#6495 = CARTESIAN_POINT('',(2.522200170109,-990.8495075944));
#6496 = CARTESIAN_POINT('',(2.535255831176,-986.3683639598));
#6497 = CARTESIAN_POINT('',(2.548546820446,-981.8889128517));
#6498 = CARTESIAN_POINT('',(2.562091934144,-977.4113258111));
#6499 = CARTESIAN_POINT('',(2.575912345624,-972.9358007354));
#6500 = CARTESIAN_POINT('',(2.590032040823,-968.4625695686));
#6501 = CARTESIAN_POINT('',(2.604478447129,-963.9918825365));
#6502 = CARTESIAN_POINT('',(2.619282871408,-959.5240958472));
#6503 = CARTESIAN_POINT('',(2.634481815074,-955.0595548496));
#6504 = CARTESIAN_POINT('',(2.65011784646,-950.5987007795));
#6505 = CARTESIAN_POINT('',(2.66624113499,-946.1420923594));
#6506 = CARTESIAN_POINT('',(2.682911515826,-941.6904269477));
#6507 = CARTESIAN_POINT('',(2.70020150926,-937.2445388686));
#6508 = CARTESIAN_POINT('',(2.718199987062,-932.8055417404));
#6509 = CARTESIAN_POINT('',(2.737017977355,-928.3748741274));
#6510 = CARTESIAN_POINT('',(2.756797859231,-923.9543994932));
#6511 = CARTESIAN_POINT('',(2.77772281467,-919.5470850616));
#6512 = CARTESIAN_POINT('',(2.800051612244,-915.1558551373));
#6513 = CARTESIAN_POINT('',(2.824106909261,-910.7897014911));
#6514 = CARTESIAN_POINT('',(2.850516508502,-906.4463377532));
#6515 = CARTESIAN_POINT('',(2.879697531415,-902.1857289488));
#6516 = CARTESIAN_POINT('',(2.914579025416,-897.8784070494));
#6517 = CARTESIAN_POINT('',(2.95030972548,-894.4344228657));
#6518 = CARTESIAN_POINT('',(2.983841975081,-891.9751623414));
#6519 = CARTESIAN_POINT('',(3.032323015354,-889.7063686344));
#6520 = CARTESIAN_POINT('',(3.092137243299,-889.6743801763));
#6521 = CARTESIAN_POINT('',(3.135463586565,-891.3689651574));
#6522 = CARTESIAN_POINT('',(3.180187554432,-894.4721780669));
#6523 = CARTESIAN_POINT('',(3.212124489306,-897.6555416276));
#6524 = CARTESIAN_POINT('',(3.24031496465,-900.9907372798));
#6525 = CARTESIAN_POINT('',(3.264931539836,-904.3766982924));
#6526 = CARTESIAN_POINT('',(3.287293865365,-907.8048625773));
#6527 = CARTESIAN_POINT('',(3.307861324112,-911.25919504));
#6528 = CARTESIAN_POINT('',(3.327036702589,-914.7333172894));
#6529 = CARTESIAN_POINT('',(3.345074068033,-918.2222104584));
#6530 = CARTESIAN_POINT('',(3.362166550367,-921.7227385316));
#6531 = CARTESIAN_POINT('',(3.378457791529,-925.2326015517));
#6532 = CARTESIAN_POINT('',(3.394059712661,-928.7501140132));
#6533 = CARTESIAN_POINT('',(3.40906099858,-932.2740014014));
#6534 = CARTESIAN_POINT('',(3.423533622824,-935.8033354638));
#6535 = CARTESIAN_POINT('',(3.437536346289,-939.3372951572));
#6536 = CARTESIAN_POINT('',(3.451118382002,-942.8752795234));
#6537 = CARTESIAN_POINT('',(3.46432112444,-946.4167735726));
#6538 = CARTESIAN_POINT('',(3.477179898215,-949.9613625554));
#6539 = CARTESIAN_POINT('',(3.489725135395,-953.5087131854));
#6540 = CARTESIAN_POINT('',(3.501983108812,-957.0585097665));
#6541 = CARTESIAN_POINT('',(3.51397691194,-960.6105198242));
#6542 = CARTESIAN_POINT('',(3.525726812462,-964.1645295976));
#6543 = CARTESIAN_POINT('',(3.537250745248,-967.7203534383));
#6544 = CARTESIAN_POINT('',(3.548564668819,-971.2778277854));
#6545 = CARTESIAN_POINT('',(3.559682864938,-974.8368099029));
#6546 = CARTESIAN_POINT('',(3.57061817776,-978.3971760456));
#6547 = CARTESIAN_POINT('',(3.581382208497,-981.9588196219));
#6548 = CARTESIAN_POINT('',(3.591985484301,-985.5216518326));
#6549 = CARTESIAN_POINT('',(3.602437586814,-989.0855937185));
#6550 = CARTESIAN_POINT('',(3.612747170866,-992.6505455258));
#6551 = CARTESIAN_POINT('',(3.622922245921,-996.2164452597));
#6552 = CARTESIAN_POINT('',(3.63297014374,-999.7832290241));
#6553 = CARTESIAN_POINT('',(3.642897618662,-1.003350839962E+03));
#6554 = CARTESIAN_POINT('',(3.652710903693,-1.006919225383E+03));
#6555 = CARTESIAN_POINT('',(3.662415767631,-1.010488337128E+03));
#6556 = CARTESIAN_POINT('',(3.672017562387,-1.014058131102E+03));
#6557 = CARTESIAN_POINT('',(3.681521264736,-1.01762856711E+03));
#6558 = CARTESIAN_POINT('',(3.690931512332,-1.021199608565E+03));
#6559 = CARTESIAN_POINT('',(3.700252636179,-1.024771222562E+03));
#6560 = CARTESIAN_POINT('',(3.709488686545,-1.028343378786E+03));
#6561 = CARTESIAN_POINT('',(3.718643467536,-1.031916052822E+03));
#6562 = CARTESIAN_POINT('',(3.727720526214,-1.03548921257E+03));
#6563 = CARTESIAN_POINT('',(3.736723202436,-1.039062831184E+03));
#6564 = CARTESIAN_POINT('',(3.745654651261,-1.04263688743E+03));
#6565 = CARTESIAN_POINT('',(3.754517843973,-1.046211360112E+03));
#6566 = CARTESIAN_POINT('',(3.763315586095,-1.049786229481E+03));
#6567 = CARTESIAN_POINT('',(3.77205052926,-1.053361476785E+03));
#6568 = CARTESIAN_POINT('',(3.78072518326,-1.056937084318E+03));
#6569 = CARTESIAN_POINT('',(3.789341926664,-1.060513035349E+03));
#6570 = CARTESIAN_POINT('',(3.797903016581,-1.064089314079E+03));
#6571 = CARTESIAN_POINT('',(3.80641059748,-1.067665905606E+03));
#6572 = CARTESIAN_POINT('',(3.814866709224,-1.071242795882E+03));
#6573 = CARTESIAN_POINT('',(3.823273294358,-1.074819971688E+03));
#6574 = CARTESIAN_POINT('',(3.831632204746,-1.078397420599E+03));
#6575 = CARTESIAN_POINT('',(3.839945207623,-1.081975130957E+03));
#6576 = CARTESIAN_POINT('',(3.848213991129,-1.085553091849E+03));
#6577 = CARTESIAN_POINT('',(3.856440169416,-1.089131293084E+03));
#6578 = CARTESIAN_POINT('',(3.864625287324,-1.092709725158E+03));
#6579 = CARTESIAN_POINT('',(3.872770824924,-1.096288379295E+03));
#6580 = CARTESIAN_POINT('',(3.88087820112,-1.099867247195E+03));
#6581 = CARTESIAN_POINT('',(3.888948779605,-1.103446321885E+03));
#6582 = CARTESIAN_POINT('',(3.896983865117,-1.107025594463E+03));
#6583 = CARTESIAN_POINT('',(3.904984704326,-1.110605053712E+03));
#6584 = CARTESIAN_POINT('',(3.912952507156,-1.114184693486E+03));
#6585 = CARTESIAN_POINT('',(3.920888435177,-1.11776450664E+03));
#6586 = CARTESIAN_POINT('',(3.928793607893,-1.12134448661E+03));
#6587 = CARTESIAN_POINT('',(3.936669104115,-1.124924626976E+03));
#6588 = CARTESIAN_POINT('',(3.944515964456,-1.128504921573E+03));
#6589 = CARTESIAN_POINT('',(3.952335193344,-1.132085364452E+03));
#6590 = CARTESIAN_POINT('',(3.960127760994,-1.13566594988E+03));
#6591 = CARTESIAN_POINT('',(3.967894605233,-1.139246672332E+03));
#6592 = CARTESIAN_POINT('',(3.975636633207,-1.142827526491E+03));
#6593 = CARTESIAN_POINT('',(3.98335472299,-1.146408507234E+03));
#6594 = CARTESIAN_POINT('',(3.991049725079,-1.149989609634E+03));
#6595 = CARTESIAN_POINT('',(3.998722463805,-1.15357082895E+03));
#6596 = CARTESIAN_POINT('',(4.006373738658,-1.157152160629E+03));
#6597 = CARTESIAN_POINT('',(4.01400432552,-1.160733600294E+03));
#6598 = CARTESIAN_POINT('',(4.021614977842,-1.164315143749E+03));
#6599 = CARTESIAN_POINT('',(4.029206427742,-1.167896786964E+03));
#6600 = CARTESIAN_POINT('',(4.036779387057,-1.171478526088E+03));
#6601 = CARTESIAN_POINT('',(4.044334548291,-1.175060357419E+03));
#6602 = CARTESIAN_POINT('',(4.051872585697,-1.178642277468E+03));
#6603 = CARTESIAN_POINT('',(4.059394155652,-1.182224282716E+03));
#6604 = CARTESIAN_POINT('',(4.06689989945,-1.185806370525E+03));
#6605 = CARTESIAN_POINT('',(4.074390436791,-1.189388535649E+03));
#6606 = CARTESIAN_POINT('',(4.081866373908,-1.192970773835E+03));
#6607 = CARTESIAN_POINT('',(4.089328306039,-1.196553082585E+03));
#6608 = CARTESIAN_POINT('',(4.09677681355,-1.200135458987E+03));
#6609 = CARTESIAN_POINT('',(4.10421246379,-1.203717900299E+03));
#6610 = CARTESIAN_POINT('',(4.111635811373,-1.207300403789E+03));
#6611 = CARTESIAN_POINT('',(4.119047398844,-1.210882966776E+03));
#6612 = CARTESIAN_POINT('',(4.126447757217,-1.214465586618E+03));
#6613 = CARTESIAN_POINT('',(4.133837406503,-1.218048260715E+03));
#6614 = CARTESIAN_POINT('',(4.141216856221,-1.221630986505E+03));
#6615 = CARTESIAN_POINT('',(4.148586605878,-1.225213761466E+03));
#6616 = CARTESIAN_POINT('',(4.155947145436,-1.228796583112E+03));
#6617 = CARTESIAN_POINT('',(4.163298955753,-1.232379448995E+03));
#6618 = CARTESIAN_POINT('',(4.170642509006,-1.235962356702E+03));
#6619 = CARTESIAN_POINT('',(4.177978269102,-1.239545303855E+03));
#6620 = CARTESIAN_POINT('',(4.185306692063,-1.243128288112E+03));
#6621 = CARTESIAN_POINT('',(4.192628226404,-1.246711307165E+03));
#6622 = CARTESIAN_POINT('',(4.199943313487,-1.250294358736E+03));
#6623 = CARTESIAN_POINT('',(4.207252387874,-1.253877440582E+03));
#6624 = CARTESIAN_POINT('',(4.214555877652,-1.257460550492E+03));
#6625 = CARTESIAN_POINT('',(4.221854204755,-1.261043686286E+03));
#6626 = CARTESIAN_POINT('',(4.229147785274,-1.264626845815E+03));
#6627 = CARTESIAN_POINT('',(4.236437029751,-1.26821002696E+03));
#6628 = CARTESIAN_POINT('',(4.243722343469,-1.271793227632E+03));
#6629 = CARTESIAN_POINT('',(4.251004126725,-1.275376445771E+03));
#6630 = CARTESIAN_POINT('',(4.258282775104,-1.278959679348E+03));
#6631 = CARTESIAN_POINT('',(4.265558679733,-1.28254292636E+03));
#6632 = CARTESIAN_POINT('',(4.272832227538,-1.286126184833E+03));
#6633 = CARTESIAN_POINT('',(4.280103801483,-1.289709452824E+03));
#6634 = CARTESIAN_POINT('',(4.287373780813,-1.293292728412E+03));
#6635 = CARTESIAN_POINT('',(4.294642541281,-1.296876009708E+03));
#6636 = CARTESIAN_POINT('',(4.301910455377,-1.300459294849E+03));
#6637 = CARTESIAN_POINT('',(4.309177892542,-1.304042581995E+03));
#6638 = CARTESIAN_POINT('',(4.316445219386,-1.307625869338E+03));
#6639 = CARTESIAN_POINT('',(4.323712799896,-1.311209155092E+03));
#6640 = CARTESIAN_POINT('',(4.33098099564,-1.314792437498E+03));
#6641 = CARTESIAN_POINT('',(4.338250165967,-1.318375714824E+03));
#6642 = CARTESIAN_POINT('',(4.345520668204,-1.321958985363E+03));
#6643 = CARTESIAN_POINT('',(4.352792857845,-1.325542247431E+03));
#6644 = CARTESIAN_POINT('',(4.360067088746,-1.329125499372E+03));
#6645 = CARTESIAN_POINT('',(4.367343713304,-1.332708739554E+03));
#6646 = CARTESIAN_POINT('',(4.374623082644,-1.336291966369E+03));
#6647 = CARTESIAN_POINT('',(4.381905546797,-1.339875178235E+03));
#6648 = CARTESIAN_POINT('',(4.389191454878,-1.343458373594E+03));
#6649 = CARTESIAN_POINT('',(4.396481155266,-1.347041550913E+03));
#6650 = CARTESIAN_POINT('',(4.403774995751,-1.350624708676E+03));
#6651 = CARTESIAN_POINT('',(4.411073323813,-1.354207845431E+03));
#6652 = CARTESIAN_POINT('',(4.418376486379,-1.357790959589E+03));
#6653 = CARTESIAN_POINT('',(4.425684831553,-1.361374050194E+03));
#6654 = CARTESIAN_POINT('',(4.432998702943,-1.364957114044E+03));
#6655 = CARTESIAN_POINT('',(4.440318443075,-1.36854014729E+03));
#6656 = CARTESIAN_POINT('',(4.44764440069,-1.37212314895E+03));
#6657 = CARTESIAN_POINT('',(4.45497692348,-1.375706117238E+03));
#6658 = CARTESIAN_POINT('',(4.462316360237,-1.379289050548E+03));
#6659 = CARTESIAN_POINT('',(4.469663060491,-1.382871947191E+03));
#6660 = CARTESIAN_POINT('',(4.477017374816,-1.386454805463E+03));
#6661 = CARTESIAN_POINT('',(4.484379654961,-1.390037623629E+03));
#6662 = CARTESIAN_POINT('',(4.491750254031,-1.393620399926E+03));
#6663 = CARTESIAN_POINT('',(4.499129526654,-1.397203132561E+03));
#6664 = CARTESIAN_POINT('',(4.506517829153,-1.400785819715E+03));
#6665 = CARTESIAN_POINT('',(4.51391551972,-1.40436845954E+03));
#6666 = CARTESIAN_POINT('',(4.52132295859,-1.407951050157E+03));
#6667 = CARTESIAN_POINT('',(4.528740508221,-1.411533589662E+03));
#6668 = CARTESIAN_POINT('',(4.536168533469,-1.415116076121E+03));
#6669 = CARTESIAN_POINT('',(4.543607401773,-1.418698507571E+03));
#6670 = CARTESIAN_POINT('',(4.551057483341,-1.422280882022E+03));
#6671 = CARTESIAN_POINT('',(4.558519151332,-1.425863197455E+03));
#6672 = CARTESIAN_POINT('',(4.565992782052,-1.429445451823E+03));
#6673 = CARTESIAN_POINT('',(4.573478755144,-1.433027643049E+03));
#6674 = CARTESIAN_POINT('',(4.580977453788,-1.43660976903E+03));
#6675 = CARTESIAN_POINT('',(4.588489264902,-1.440191827633E+03));
#6676 = CARTESIAN_POINT('',(4.596014579349,-1.443773816697E+03));
#6677 = CARTESIAN_POINT('',(4.603553792145,-1.447355734033E+03));
#6678 = CARTESIAN_POINT('',(4.611107302679,-1.450937577424E+03));
#6679 = CARTESIAN_POINT('',(4.618675514931,-1.454519344625E+03));
#6680 = CARTESIAN_POINT('',(4.626258837699,-1.458101033361E+03));
#6681 = CARTESIAN_POINT('',(4.633857684833,-1.461682641331E+03));
#6682 = CARTESIAN_POINT('',(4.641472475475,-1.465264166206E+03));
#6683 = CARTESIAN_POINT('',(4.649103634302,-1.468845605626E+03));
#6684 = CARTESIAN_POINT('',(4.656751591781,-1.472426957206E+03));
#6685 = CARTESIAN_POINT('',(4.66441678443,-1.476008218531E+03));
#6686 = CARTESIAN_POINT('',(4.672099655089,-1.479589387161E+03));
#6687 = CARTESIAN_POINT('',(4.679800653184,-1.483170460623E+03));
#6688 = CARTESIAN_POINT('',(4.687520235065,-1.486751436432E+03));
#6689 = CARTESIAN_POINT('',(4.695258864105,-1.490332312008E+03));
#6690 = CARTESIAN_POINT('',(4.703017011735,-1.493913085006E+03));
#6691 = CARTESIAN_POINT('',(4.71079515328,-1.497493751249E+03));
#6692 = CARTESIAN_POINT('',(4.718593775564,-1.501074308105E+03));
#6693 = CARTESIAN_POINT('',(4.726413373483,-1.504654752729E+03));
#6694 = CARTESIAN_POINT('',(4.734254450665,-1.50823508221E+03));
#6695 = CARTESIAN_POINT('',(4.742117519756,-1.511815293532E+03));
#6696 = CARTESIAN_POINT('',(4.750003102809,-1.515395383582E+03));
#6697 = CARTESIAN_POINT('',(4.757911731677,-1.518975349149E+03));
#6698 = CARTESIAN_POINT('',(4.765843948411,-1.522555186925E+03));
#6699 = CARTESIAN_POINT('',(4.773800305693,-1.526134893502E+03));
#6700 = CARTESIAN_POINT('',(4.781781367268,-1.529714465374E+03));
#6701 = CARTESIAN_POINT('',(4.78978770841,-1.533293898935E+03));
#6702 = CARTESIAN_POINT('',(4.797819916401,-1.536873190479E+03));
#6703 = CARTESIAN_POINT('',(4.805878591031,-1.540452336202E+03));
#6704 = CARTESIAN_POINT('',(4.813964345125,-1.544031332195E+03));
#6705 = CARTESIAN_POINT('',(4.822077805092,-1.547610174452E+03));
#6706 = CARTESIAN_POINT('',(4.830219611495,-1.551188858863E+03));
#6707 = CARTESIAN_POINT('',(4.838390419647,-1.554767381216E+03));
#6708 = CARTESIAN_POINT('',(4.846590900244,-1.558345737198E+03));
#6709 = CARTESIAN_POINT('',(4.85482174,-1.561923922385E+03));
#6710 = CARTESIAN_POINT('',(4.86308364239,-1.565501932275E+03));
#6711 = CARTESIAN_POINT('',(4.871377328111,-1.56907976217E+03));
#6712 = CARTESIAN_POINT('',(4.879703536769,-1.572657407601E+03));
#6713 = CARTESIAN_POINT('',(4.888063021945,-1.576234861754E+03));
#6714 = CARTESIAN_POINT('',(4.896456561822,-1.579812119903E+03));
#6715 = CARTESIAN_POINT('',(4.904884954679,-1.583389176901E+03));
#6716 = CARTESIAN_POINT('',(4.913349020207,-1.58696602739E+03));
#6717 = CARTESIAN_POINT('',(4.921849600337,-1.590542665738E+03));
#6718 = CARTESIAN_POINT('',(4.930387560264,-1.594119086057E+03));
#6719 = CARTESIAN_POINT('',(4.9389637895,-1.597695282195E+03));
#6720 = CARTESIAN_POINT('',(4.947579202997,-1.601271247733E+03));
#6721 = CARTESIAN_POINT('',(4.956234742337,-1.604846975986E+03));
#6722 = CARTESIAN_POINT('',(4.964931377002,-1.608422459995E+03));
#6723 = CARTESIAN_POINT('',(4.973670105712,-1.611997692531E+03));
#6724 = CARTESIAN_POINT('',(4.982451957859,-1.615572666086E+03));
#6725 = CARTESIAN_POINT('',(4.991277995007,-1.619147372873E+03));
#6726 = CARTESIAN_POINT('',(5.000149312509,-1.622721804821E+03));
#6727 = CARTESIAN_POINT('',(5.009067041177,-1.62629595357E+03));
#6728 = CARTESIAN_POINT('',(5.018032349148,-1.629869810487E+03));
#6729 = CARTESIAN_POINT('',(5.027046443515,-1.633443366564E+03));
#6730 = CARTESIAN_POINT('',(5.036110573305,-1.637016612798E+03));
#6731 = CARTESIAN_POINT('',(5.045226027942,-1.640589538753E+03));
#6732 = CARTESIAN_POINT('',(5.054394153049,-1.644162137893E+03));
#6733 = CARTESIAN_POINT('',(5.063616285794,-1.64773438123E+03));
#6734 = CARTESIAN_POINT('',(5.072893869155,-1.651306261306E+03));
#6735 = CARTESIAN_POINT('',(5.082228398787,-1.654877769819E+03));
#6736 = CARTESIAN_POINT('',(5.091621425095,-1.658448897378E+03));
#6737 = CARTESIAN_POINT('',(5.10107455651,-1.662019633553E+03));
#6738 = CARTESIAN_POINT('',(5.110589462791,-1.665589966843E+03));
#6739 = CARTESIAN_POINT('',(5.12016787866,-1.66915988467E+03));
#6740 = CARTESIAN_POINT('',(5.129811607706,-1.672729373357E+03));
#6741 = CARTESIAN_POINT('',(5.139522526611,-1.676298418115E+03));
#6742 = CARTESIAN_POINT('',(5.149302589699,-1.679867003022E+03));
#6743 = CARTESIAN_POINT('',(5.159153833836,-1.683435111003E+03));
#6744 = CARTESIAN_POINT('',(5.16907838373,-1.687002723809E+03));
#6745 = CARTESIAN_POINT('',(5.179078457647,-1.690569821994E+03));
#6746 = CARTESIAN_POINT('',(5.189156373599,-1.694136384887E+03));
#6747 = CARTESIAN_POINT('',(5.199314556056,-1.697702390571E+03));
#6748 = CARTESIAN_POINT('',(5.209555543232,-1.701267815847E+03));
#6749 = CARTESIAN_POINT('',(5.219881995025,-1.704832636204E+03));
#6750 = CARTESIAN_POINT('',(5.230296701673,-1.708396825785E+03));
#6751 = CARTESIAN_POINT('',(5.240802593219,-1.711960357349E+03));
#6752 = CARTESIAN_POINT('',(5.251402749879,-1.715523202226E+03));
#6753 = CARTESIAN_POINT('',(5.26210041341,-1.719085330275E+03));
#6754 = CARTESIAN_POINT('',(5.272898999614,-1.722646709835E+03));
#6755 = CARTESIAN_POINT('',(5.283802112044,-1.726207307652E+03));
#6756 = CARTESIAN_POINT('',(5.294813557264,-1.729767088878E+03));
#6757 = CARTESIAN_POINT('',(5.305937360999,-1.733326016807E+03));
#6758 = CARTESIAN_POINT('',(5.317177788407,-1.736884053506E+03));
#6759 = CARTESIAN_POINT('',(5.328539357141,-1.740441157133E+03));
#6760 = CARTESIAN_POINT('',(5.340026689241,-1.743997229548E+03));
#6761 = CARTESIAN_POINT('',(5.351644945573,-1.747552244081E+03));
#6762 = CARTESIAN_POINT('',(5.363399560516,-1.751106151964E+03));
#6763 = CARTESIAN_POINT('',(5.375296330086,-1.754658900878E+03));
#6764 = CARTESIAN_POINT('',(5.38734143079,-1.758210429706E+03));
#6765 = CARTESIAN_POINT('',(5.39954146296,-1.761760669614E+03));
#6766 = CARTESIAN_POINT('',(5.411903493964,-1.765309543393E+03));
#6767 = CARTESIAN_POINT('',(5.42443510869,-1.768856965222E+03));
#6768 = CARTESIAN_POINT('',(5.437144466485,-1.772402840262E+03));
#6769 = CARTESIAN_POINT('',(5.450040366351,-1.775947064238E+03));
#6770 = CARTESIAN_POINT('',(5.46313232169,-1.779489522906E+03));
#6771 = CARTESIAN_POINT('',(5.476430647386,-1.783030091609E+03));
#6772 = CARTESIAN_POINT('',(5.489946558575,-1.78656863415E+03));
#6773 = CARTESIAN_POINT('',(5.503692295003,-1.790105003724E+03));
#6774 = CARTESIAN_POINT('',(5.517681232485,-1.793639035646E+03));
#6775 = CARTESIAN_POINT('',(5.531928140495,-1.797170570061E+03));
#6776 = CARTESIAN_POINT('',(5.546448984774,-1.800699355863E+03));
#6777 = CARTESIAN_POINT('',(5.561261598653,-1.804225160499E+03));
#6778 = CARTESIAN_POINT('',(5.576385799493,-1.807747729509E+03));
#6779 = CARTESIAN_POINT('',(5.591843594603,-1.811266755293E+03));
#6780 = CARTESIAN_POINT('',(5.607659592282,-1.814781880827E+03));
#6781 = CARTESIAN_POINT('',(5.623861474567,-1.81829269489E+03));
#6782 = CARTESIAN_POINT('',(5.640480563249,-1.82179872137E+03));
#6783 = CARTESIAN_POINT('',(5.65755267103,-1.82529943418E+03));
#6784 = CARTESIAN_POINT('',(5.675118237457,-1.828794089202E+03));
#6785 = CARTESIAN_POINT('',(5.693224889878,-1.832281991645E+03));
#6786 = CARTESIAN_POINT('',(5.711927650846,-1.835762203892E+03));
#6787 = CARTESIAN_POINT('',(5.731291088996,-1.839233560316E+03));
#6788 = CARTESIAN_POINT('',(5.751391855411,-1.84269461316E+03));
#6789 = CARTESIAN_POINT('',(5.772322728239,-1.846143639864E+03));
#6790 = CARTESIAN_POINT('',(5.794195986519,-1.849578290271E+03));
#6791 = CARTESIAN_POINT('',(5.817151663734,-1.852995644336E+03));
#6792 = CARTESIAN_POINT('',(5.841366166766,-1.856391714356E+03));
#6793 = CARTESIAN_POINT('',(5.867066055566,-1.859760864614E+03));
#6794 = CARTESIAN_POINT('',(5.894554447504,-1.863095471657E+03));
#6795 = CARTESIAN_POINT('',(5.924242867406,-1.866383659743E+03));
#6796 = CARTESIAN_POINT('',(5.95671868139,-1.86960743692E+03));
#6797 = CARTESIAN_POINT('',(5.992848664901,-1.872734242593E+03));
#6798 = CARTESIAN_POINT('',(6.034017570992,-1.875711923965E+03));
#6799 = CARTESIAN_POINT('',(6.082424776594,-1.87840024489E+03));
#6800 = CARTESIAN_POINT('',(6.141840266185,-1.880575462181E+03));
#6801 = CARTESIAN_POINT('',(6.215844540876,-1.881235283297E+03));
#6802 = CARTESIAN_POINT('',(6.262537706362,-1.880490652727E+03));
#6803 = CARTESIAN_POINT('',(6.28318530718,-1.879743365826E+03));
#6804 = ( GEOMETRIC_REPRESENTATION_CONTEXT(2) 
PARAMETRIC_REPRESENTATION_CONTEXT() REPRESENTATION_CONTEXT('2D SPACE',''
  ) );
#6805 = FACE_BOUND('',#6806,.T.);
#6806 = EDGE_LOOP('',(#6807));
#6807 = ORIENTED_EDGE('',*,*,#6808,.T.);
#6808 = EDGE_CURVE('',#6809,#6809,#6811,.T.);
#6809 = VERTEX_POINT('',#6810);
#6810 = CARTESIAN_POINT('',(1.879743365826E+03,-1.36E+03,180.));
#6811 = SURFACE_CURVE('',#6812,(#7172,#7641),.PCURVE_S1.);
#6812 = B_SPLINE_CURVE_WITH_KNOTS('',8,(#6813,#6814,#6815,#6816,#6817,
    #6818,#6819,#6820,#6821,#6822,#6823,#6824,#6825,#6826,#6827,#6828,
    #6829,#6830,#6831,#6832,#6833,#6834,#6835,#6836,#6837,#6838,#6839,
    #6840,#6841,#6842,#6843,#6844,#6845,#6846,#6847,#6848,#6849,#6850,
    #6851,#6852,#6853,#6854,#6855,#6856,#6857,#6858,#6859,#6860,#6861,
    #6862,#6863,#6864,#6865,#6866,#6867,#6868,#6869,#6870,#6871,#6872,
    #6873,#6874,#6875,#6876,#6877,#6878,#6879,#6880,#6881,#6882,#6883,
    #6884,#6885,#6886,#6887,#6888,#6889,#6890,#6891,#6892,#6893,#6894,
    #6895,#6896,#6897,#6898,#6899,#6900,#6901,#6902,#6903,#6904,#6905,
    #6906,#6907,#6908,#6909,#6910,#6911,#6912,#6913,#6914,#6915,#6916,
    #6917,#6918,#6919,#6920,#6921,#6922,#6923,#6924,#6925,#6926,#6927,
    #6928,#6929,#6930,#6931,#6932,#6933,#6934,#6935,#6936,#6937,#6938,
    #6939,#6940,#6941,#6942,#6943,#6944,#6945,#6946,#6947,#6948,#6949,
    #6950,#6951,#6952,#6953,#6954,#6955,#6956,#6957,#6958,#6959,#6960,
    #6961,#6962,#6963,#6964,#6965,#6966,#6967,#6968,#6969,#6970,#6971,
    #6972,#6973,#6974,#6975,#6976,#6977,#6978,#6979,#6980,#6981,#6982,
    #6983,#6984,#6985,#6986,#6987,#6988,#6989,#6990,#6991,#6992,#6993,
    #6994,#6995,#6996,#6997,#6998,#6999,#7000,#7001,#7002,#7003,#7004,
    #7005,#7006,#7007,#7008,#7009,#7010,#7011,#7012,#7013,#7014,#7015,
    #7016,#7017,#7018,#7019,#7020,#7021,#7022,#7023,#7024,#7025,#7026,
    #7027,#7028,#7029,#7030,#7031,#7032,#7033,#7034,#7035,#7036,#7037,
    #7038,#7039,#7040,#7041,#7042,#7043,#7044,#7045,#7046,#7047,#7048,
    #7049,#7050,#7051,#7052,#7053,#7054,#7055,#7056,#7057,#7058,#7059,
    #7060,#7061,#7062,#7063,#7064,#7065,#7066,#7067,#7068,#7069,#7070,
    #7071,#7072,#7073,#7074,#7075,#7076,#7077,#7078,#7079,#7080,#7081,
    #7082,#7083,#7084,#7085,#7086,#7087,#7088,#7089,#7090,#7091,#7092,
    #7093,#7094,#7095,#7096,#7097,#7098,#7099,#7100,#7101,#7102,#7103,
    #7104,#7105,#7106,#7107,#7108,#7109,#7110,#7111,#7112,#7113,#7114,
    #7115,#7116,#7117,#7118,#7119,#7120,#7121,#7122,#7123,#7124,#7125,
    #7126,#7127,#7128,#7129,#7130,#7131,#7132,#7133,#7134,#7135,#7136,
    #7137,#7138,#7139,#7140,#7141,#7142,#7143,#7144,#7145,#7146,#7147,
    #7148,#7149,#7150,#7151,#7152,#7153,#7154,#7155,#7156,#7157,#7158,
    #7159,#7160,#7161,#7162,#7163,#7164,#7165,#7166,#7167,#7168,#7169,
    #7170,#7171),.UNSPECIFIED.,.T.,.F.,(9,7,7,7,7,7,7,7,7,7,7,7,7,7,7,7,
    7,7,7,7,7,7,7,7,7,7,7,7,7,7,7,7,7,7,7,7,7,7,7,7,7,7,7,7,7,7,7,7,7,7,
    7,9),(0.,4.259809454384E-03,7.244347115607E-03,1.402270140007E-02,
    1.992674587903E-02,2.858315815112E-02,3.963349295004E-02,
    5.408123434578E-02,7.851065855606E-02,0.112332969006,0.173309941387,
    0.26867441124,0.427279021206,0.592522281357,0.691974555222,
    0.814533740667,0.861705497278,0.901508557731,0.934812055025,
    0.962076444882,0.976579359987,0.989253609105,1.,1.004934772174,
    1.009869544352,1.014581738238,1.018410430803,1.021362069993,
    1.02487486352,1.027810753907,1.030746644352,1.037168776399,
    1.045879082345,1.05639783215,1.069206673545,1.091574702117,
    1.120368976509,1.188689752784,1.289705098982,1.410908903092,
    1.617671557436,1.719220443359,1.802540710692,1.852939624549,
    1.889805631858,1.909336406712,1.92529087276,1.934224528361,
    1.941832963546,1.946490711428,1.950339544504,1.953797850222),
  .UNSPECIFIED.);
#6813 = CARTESIAN_POINT('',(1.879743365826E+03,-1.36E+03,180.));
#6814 = CARTESIAN_POINT('',(1.880022012973E+03,-1.36E+03,179.35900105516
    ));
#6815 = CARTESIAN_POINT('',(1.880274935185E+03,-1.360006708145E+03,
    178.69398661763));
#6816 = CARTESIAN_POINT('',(1.88049721264E+03,-1.360021004624E+03,
    178.00538466513));
#6817 = CARTESIAN_POINT('',(1.88068330486E+03,-1.360043792478E+03,
    177.29476728635));
#6818 = CARTESIAN_POINT('',(1.880827520641E+03,-1.360075895512E+03,
    176.56503411012));
#6819 = CARTESIAN_POINT('',(1.88092477347E+03,-1.360117894765E+03,
    175.82069142087));
#6820 = CARTESIAN_POINT('',(1.880971746377E+03,-1.360169875539E+03,
    175.06830034805));
#6821 = CARTESIAN_POINT('',(1.880966378811E+03,-1.360273922293E+03,
    173.79090354932));
#6822 = CARTESIAN_POINT('',(1.880939559224E+03,-1.360321320713E+03,
    173.26505260133));
#6823 = CARTESIAN_POINT('',(1.88088814633E+03,-1.360372996635E+03,
    172.74273946335));
#6824 = CARTESIAN_POINT('',(1.880812964845E+03,-1.360428592756E+03,
    172.22648352884));
#6825 = CARTESIAN_POINT('',(1.880715396053E+03,-1.360487690237E+03,
    171.71828473223));
#6826 = CARTESIAN_POINT('',(1.880597164092E+03,-1.360549842722E+03,
    171.21969508318));
#6827 = CARTESIAN_POINT('',(1.880460161748E+03,-1.360614604159E+03,
    170.73187579708));
#6828 = CARTESIAN_POINT('',(1.879956907251E+03,-1.36083359599E+03,
    169.17403369742));
#6829 = CARTESIAN_POINT('',(1.879521647547E+03,-1.360996462715E+03,
    168.15536793816));
#6830 = CARTESIAN_POINT('',(1.879020343566E+03,-1.361166661457E+03,
    167.19718892809));
#6831 = CARTESIAN_POINT('',(1.878469515991E+03,-1.361341427432E+03,
    166.29565379139));
#6832 = CARTESIAN_POINT('',(1.877881848416E+03,-1.361518775511E+03,
    165.44613527572));
#6833 = CARTESIAN_POINT('',(1.877266257409E+03,-1.361697491138E+03,
    164.6431506969));
#6834 = CARTESIAN_POINT('',(1.876627810868E+03,-1.361877137911E+03,
    163.88042849836));
#6835 = CARTESIAN_POINT('',(1.875392808648E+03,-1.36221563174E+03,
    162.51549232194));
#6836 = CARTESIAN_POINT('',(1.874803169868E+03,-1.362373707413E+03,
    161.90714113872));
#6837 = CARTESIAN_POINT('',(1.874201389564E+03,-1.362532057573E+03,
    161.32269239014));
#6838 = CARTESIAN_POINT('',(1.873589435974E+03,-1.36269050815E+03,
    160.75976688777));
#6839 = CARTESIAN_POINT('',(1.872968858113E+03,-1.362848930302E+03,
    160.21639267656));
#6840 = CARTESIAN_POINT('',(1.872340857208E+03,-1.363007239467E+03,
    159.69085077497));
#6841 = CARTESIAN_POINT('',(1.871706311312E+03,-1.363165394974E+03,
    159.18162149725));
#6842 = CARTESIAN_POINT('',(1.870126725857E+03,-1.363555062188E+03,
    157.96255054491));
#6843 = CARTESIAN_POINT('',(1.869175227317E+03,-1.363786305109E+03,
    157.27015267804));
#6844 = CARTESIAN_POINT('',(1.868213524459E+03,-1.364017055291E+03,
    156.60592538019));
#6845 = CARTESIAN_POINT('',(1.867243276147E+03,-1.364247251321E+03,
    155.9668082538));
#6846 = CARTESIAN_POINT('',(1.866265772939E+03,-1.364476852245E+03,
    155.35033787215));
#6847 = CARTESIAN_POINT('',(1.865282008659E+03,-1.364705841399E+03,
    154.75443349729));
#6848 = CARTESIAN_POINT('',(1.864292704937E+03,-1.364934227675E+03,
    154.17732293918));
#6849 = CARTESIAN_POINT('',(1.862029006543E+03,-1.365452869729E+03,
    152.90270517374));
#6850 = CARTESIAN_POINT('',(1.860751665695E+03,-1.365742714909E+03,
    152.2161721441));
#6851 = CARTESIAN_POINT('',(1.859467549036E+03,-1.366031611014E+03,
    151.55466733368));
#6852 = CARTESIAN_POINT('',(1.858177610956E+03,-1.366319576976E+03,
    150.91576020548));
#6853 = CARTESIAN_POINT('',(1.856882613797E+03,-1.366606632068E+03,
    150.29745945446));
#6854 = CARTESIAN_POINT('',(1.855583162489E+03,-1.366892800441E+03,
    149.6980758474));
#6855 = CARTESIAN_POINT('',(1.854279719939E+03,-1.367178113098E+03,
    149.11616109525));
#6856 = CARTESIAN_POINT('',(1.851263665405E+03,-1.367834575034E+03,
    147.81078780959));
#6857 = CARTESIAN_POINT('',(1.849548580478E+03,-1.368205119838E+03,
    147.09886856082));
#6858 = CARTESIAN_POINT('',(1.847828218735E+03,-1.36857431401E+03,
    146.41186843288));
#6859 = CARTESIAN_POINT('',(1.84610325851E+03,-1.368942211031E+03,
    145.74756775199));
#6860 = CARTESIAN_POINT('',(1.844374250772E+03,-1.369308857669E+03,
    145.10412404817));
#6861 = CARTESIAN_POINT('',(1.842641640476E+03,-1.369674298647E+03,
    144.47996406376));
#6862 = CARTESIAN_POINT('',(1.840905777194E+03,-1.370038578925E+03,
    143.87372993571));
#6863 = CARTESIAN_POINT('',(1.836226733995E+03,-1.371015818516E+03,
    142.28744246754));
#6864 = CARTESIAN_POINT('',(1.833278150814E+03,-1.371626676592E+03,
    141.33854158886));
#6865 = CARTESIAN_POINT('',(1.830322542023E+03,-1.372234532096E+03,
    140.43176839278));
#6866 = CARTESIAN_POINT('',(1.827360956388E+03,-1.37283953907E+03,
    139.56281870803));
#6867 = CARTESIAN_POINT('',(1.824394220253E+03,-1.373441825275E+03,
    138.72822709545));
#6868 = CARTESIAN_POINT('',(1.821422978722E+03,-1.37404150604E+03,
    137.92509757856));
#6869 = CARTESIAN_POINT('',(1.818447712547E+03,-1.374638689843E+03,
    137.15099278521));
#6870 = CARTESIAN_POINT('',(1.811344427108E+03,-1.376056973499E+03,
    135.36931343671));
#6871 = CARTESIAN_POINT('',(1.807213202489E+03,-1.376875848528E+03,
    134.38645475196));
#6872 = CARTESIAN_POINT('',(1.803076122388E+03,-1.37769036963E+03,
    133.44965036277));
#6873 = CARTESIAN_POINT('',(1.798934002618E+03,-1.378500733321E+03,
    132.55461814827));
#6874 = CARTESIAN_POINT('',(1.794787496242E+03,-1.379307102777E+03,
    131.69786246505));
#6875 = CARTESIAN_POINT('',(1.790637120606E+03,-1.380109621674E+03,
    130.87643782568));
#6876 = CARTESIAN_POINT('',(1.7864832697E+03,-1.380908420398E+03,
    130.08784069228));
#6877 = CARTESIAN_POINT('',(1.774831654064E+03,-1.383137263294E+03,
    127.96341192433));
#6878 = CARTESIAN_POINT('',(1.767326973921E+03,-1.384559163887E+03,
    126.69659592826));
#6879 = CARTESIAN_POINT('',(1.759814012096E+03,-1.385970020447E+03,
    125.51670299492));
#6880 = CARTESIAN_POINT('',(1.752294143808E+03,-1.387370319065E+03,
    124.41461616788));
#6881 = CARTESIAN_POINT('',(1.744768440729E+03,-1.388760453355E+03,
    123.38304910501));
#6882 = CARTESIAN_POINT('',(1.737237706038E+03,-1.390140752527E+03,
    122.41610907944));
#6883 = CARTESIAN_POINT('',(1.729702512083E+03,-1.391511510257E+03,
    121.50884380473));
#6884 = CARTESIAN_POINT('',(1.710372190181E+03,-1.395002282329E+03,
    119.32489593615));
#6885 = CARTESIAN_POINT('',(1.698571555394E+03,-1.397108814087E+03,
    118.12846857747));
#6886 = CARTESIAN_POINT('',(1.686763032671E+03,-1.399193563074E+03,
    117.05171133427));
#6887 = CARTESIAN_POINT('',(1.67494795262E+03,-1.401257206526E+03,
    116.08305012314));
#6888 = CARTESIAN_POINT('',(1.663127360773E+03,-1.403300283634E+03,
    115.21322100303));
#6889 = CARTESIAN_POINT('',(1.651302043846E+03,-1.405323234297E+03,
    114.43472056827));
#6890 = CARTESIAN_POINT('',(1.639472557583E+03,-1.407326437798E+03,
    113.7412517866));
#6891 = CARTESIAN_POINT('',(1.607958752884E+03,-1.412609554222E+03,
    112.10670180344));
#6892 = CARTESIAN_POINT('',(1.588268216106E+03,-1.41585509176E+03,
    111.30640284213));
#6893 = CARTESIAN_POINT('',(1.568569582754E+03,-1.419048318713E+03,
    110.70205972693));
#6894 = CARTESIAN_POINT('',(1.548864422866E+03,-1.422190171151E+03,
    110.27645263326));
#6895 = CARTESIAN_POINT('',(1.529153989056E+03,-1.425281327959E+03,
    110.01605113663));
#6896 = CARTESIAN_POINT('',(1.509439230961E+03,-1.428322273416E+03,
    109.9102108022));
#6897 = CARTESIAN_POINT('',(1.489720812894E+03,-1.43131336365E+03,
    109.95030694828));
#6898 = CARTESIAN_POINT('',(1.449451941692E+03,-1.437319454532E+03,
    110.31605477834));
#6899 = CARTESIAN_POINT('',(1.428901485515E+03,-1.44033017447E+03,
    110.65358482411));
#6900 = CARTESIAN_POINT('',(1.408348377296E+03,-1.443287265473E+03,
    111.1341998271));
#6901 = CARTESIAN_POINT('',(1.387793209879E+03,-1.446190821499E+03,
    111.75204975561));
#6902 = CARTESIAN_POINT('',(1.367236538695E+03,-1.449040814173E+03,
    112.50280414033));
#6903 = CARTESIAN_POINT('',(1.34667888048E+03,-1.451837111666E+03,
    113.38345363434));
#6904 = CARTESIAN_POINT('',(1.326120714161E+03,-1.454579480112E+03,
    114.39232081202));
#6905 = CARTESIAN_POINT('',(1.293189436471E+03,-1.458885409839E+03,
    116.21349120087));
#6906 = CARTESIAN_POINT('',(1.280816391651E+03,-1.460483583889E+03,
    116.94412866837));
#6907 = CARTESIAN_POINT('',(1.268443455476E+03,-1.462062017181E+03,
    117.72110864396));
#6908 = CARTESIAN_POINT('',(1.256070744618E+03,-1.463620615638E+03,
    118.54459470054));
#6909 = CARTESIAN_POINT('',(1.243698386847E+03,-1.465159267468E+03,
    119.41496175747));
#6910 = CARTESIAN_POINT('',(1.231326521984E+03,-1.466677841013E+03,
    120.33282662084));
#6911 = CARTESIAN_POINT('',(1.218955303502E+03,-1.468176180837E+03,
    121.29910014048));
#6912 = CARTESIAN_POINT('',(1.191340337569E+03,-1.471475406045E+03,
    123.56707190899));
#6913 = CARTESIAN_POINT('',(1.176097098209E+03,-1.473265690766E+03,
    124.89453538033));
#6914 = CARTESIAN_POINT('',(1.160855426216E+03,-1.475024619579E+03,
    126.29984962525));
#6915 = CARTESIAN_POINT('',(1.145615683537E+03,-1.476751775218E+03,
    127.78628487241));
#6916 = CARTESIAN_POINT('',(1.130378359469E+03,-1.478446646329E+03,
    129.35816936788));
#6917 = CARTESIAN_POINT('',(1.115144096591E+03,-1.480108586677E+03,
    131.0214090624));
#6918 = CARTESIAN_POINT('',(1.099913712656E+03,-1.481736779661E+03,
    132.78394380496));
#6919 = CARTESIAN_POINT('',(1.078828204363E+03,-1.483943301269E+03,
    135.37919157538));
#6920 = CARTESIAN_POINT('',(1.072968852404E+03,-1.484551366716E+03,
    136.11697245049));
#6921 = CARTESIAN_POINT('',(1.067110313853E+03,-1.48515419305E+03,
    136.87195206089));
#6922 = CARTESIAN_POINT('',(1.061252666275E+03,-1.485751705338E+03,
    137.64491656133));
#6923 = CARTESIAN_POINT('',(1.055396001272E+03,-1.486343819005E+03,
    138.43676040532));
#6924 = CARTESIAN_POINT('',(1.049540426218E+03,-1.486930437603E+03,
    139.2485137915));
#6925 = CARTESIAN_POINT('',(1.043686066911E+03,-1.487511449416E+03,
    140.08138425533));
#6926 = CARTESIAN_POINT('',(1.032894371321E+03,-1.488572132925E+03,
    141.65861419696));
#6927 = CARTESIAN_POINT('',(1.027956650832E+03,-1.489053456478E+03,
    142.39647615979));
#6928 = CARTESIAN_POINT('',(1.023019993776E+03,-1.48953061509E+03,
    143.15126289661));
#6929 = CARTESIAN_POINT('',(1.018084504929E+03,-1.49000351868E+03,
    143.92396404461));
#6930 = CARTESIAN_POINT('',(1.013150310964E+03,-1.490472064185E+03,
    144.71571095781));
#6931 = CARTESIAN_POINT('',(1.008217563592E+03,-1.490936132156E+03,
    145.52781801072));
#6932 = CARTESIAN_POINT('',(1.003286444613E+03,-1.491395581264E+03,
    146.36184852404));
#6933 = CARTESIAN_POINT('',(994.232816969,-1.492230657492E+03,
    147.93748004891));
#6934 = CARTESIAN_POINT('',(990.10977088105,-1.492607719569E+03,
    148.67193245274));
#6935 = CARTESIAN_POINT('',(985.98815293302,-1.492981327707E+03,
    149.42418123149));
#6936 = CARTESIAN_POINT('',(981.86811638982,-1.493351366531E+03,
    150.19550987609));
#6937 = CARTESIAN_POINT('',(977.74985439126,-1.493717700155E+03,
    150.98741908618));
#6938 = CARTESIAN_POINT('',(973.63360492797,-1.49408016766E+03,
    151.80168051071));
#6939 = CARTESIAN_POINT('',(969.51966049747,-1.494438574259E+03,
    152.64044105399));
#6940 = CARTESIAN_POINT('',(962.04263360027,-1.495082562672E+03,
    154.21537891774));
#6941 = CARTESIAN_POINT('',(958.67870978748,-1.495369561502E+03,
    154.94256889657));
#6942 = CARTESIAN_POINT('',(955.31678960248,-1.495653537514E+03,
    155.68950132802));
#6943 = CARTESIAN_POINT('',(951.95711644024,-1.495934332232E+03,
    156.45792507162));
#6944 = CARTESIAN_POINT('',(948.60001572649,-1.496211752325E+03,
    157.24994005614));
#6945 = CARTESIAN_POINT('',(945.2459047129,-1.496485562255E+03,
    158.06808276996));
#6946 = CARTESIAN_POINT('',(941.89531663437,-1.496755465977E+03,
    158.91553653359));
#6947 = CARTESIAN_POINT('',(936.76890635908,-1.497162346473E+03,
    160.26528859886));
#6948 = CARTESIAN_POINT('',(934.99006924168,-1.49730240865E+03,
    160.74347466901));
#6949 = CARTESIAN_POINT('',(933.21254774213,-1.497441191797E+03,
    161.23181842282));
#6950 = CARTESIAN_POINT('',(931.43647266982,-1.497578626427E+03,
    161.73106147066));
#6951 = CARTESIAN_POINT('',(929.66200452009,-1.497714632118E+03,
    162.24205091992));
#6952 = CARTESIAN_POINT('',(927.88933822959,-1.497849114483E+03,
    162.76577328629));
#6953 = CARTESIAN_POINT('',(926.11871111881,-1.497981960124E+03,
    163.30341066776));
#6954 = CARTESIAN_POINT('',(922.80508070338,-1.498227572545E+03,
    164.33969910234));
#6955 = CARTESIAN_POINT('',(921.26156065152,-1.498340756483E+03,
    164.83470789367));
#6956 = CARTESIAN_POINT('',(919.7200242068,-1.498452489882E+03,
    165.34242760822));
#6957 = CARTESIAN_POINT('',(918.18070561912,-1.498562663576E+03,
    165.86398997392));
#6958 = CARTESIAN_POINT('',(916.64391405095,-1.498671144964E+03,
    166.40073868229));
#6959 = CARTESIAN_POINT('',(915.11004266077,-1.498777773149E+03,
    166.95428233489));
#6960 = CARTESIAN_POINT('',(913.57958990947,-1.498882347454E+03,
    167.52661829855));
#6961 = CARTESIAN_POINT('',(910.75899999829,-1.499071302437E+03,
    168.62387685506));
#6962 = CARTESIAN_POINT('',(909.46786616067,-1.499156325284E+03,
    169.14271265495));
#6963 = CARTESIAN_POINT('',(908.18008017239,-1.499239517099E+03,
    169.67857671652));
#6964 = CARTESIAN_POINT('',(906.89612712007,-1.499320679909E+03,
    170.23344863498));
#6965 = CARTESIAN_POINT('',(905.61671771997,-1.499399564311E+03,
    170.80969734378));
#6966 = CARTESIAN_POINT('',(904.34285963269,-1.499475839491E+03,
    171.41038535151));
#6967 = CARTESIAN_POINT('',(903.07589097537,-1.499549078348E+03,
    172.03942347973));
#6968 = CARTESIAN_POINT('',(901.24006668793,-1.499650559173E+03,
    173.00761419991));
#6969 = CARTESIAN_POINT('',(900.67798547827,-1.499680954464E+03,
    173.31230333607));
#6970 = CARTESIAN_POINT('',(900.13155654002,-1.499709812335E+03,
    173.61699743552));
#6971 = CARTESIAN_POINT('',(899.60079057373,-1.499737135316E+03,
    173.92169639792));
#6972 = CARTESIAN_POINT('',(899.08569888447,-1.499762925748E+03,
    174.22640012301));
#6973 = CARTESIAN_POINT('',(898.5862933819,-1.499787185778E+03,
    174.53110851054));
#6974 = CARTESIAN_POINT('',(898.10258658025,-1.499809917364E+03,
    174.83582146035));
#6975 = CARTESIAN_POINT('',(897.16659661608,-1.499852327177E+03,
    175.44525628437));
#6976 = CARTESIAN_POINT('',(896.71431339061,-1.499872005409E+03,
    175.7499781711));
#6977 = CARTESIAN_POINT('',(896.27775503387,-1.499890158732E+03,
    176.0547044312));
#6978 = CARTESIAN_POINT('',(895.856935174,-1.499906788729E+03,
    176.35943496383));
#6979 = CARTESIAN_POINT('',(895.45186795527,-1.499921896796E+03,
    176.66416966851));
#6980 = CARTESIAN_POINT('',(895.06256803813,-1.499935484147E+03,
    176.96890844515));
#6981 = CARTESIAN_POINT('',(894.68905059915,-1.499947551808E+03,
    177.27365119406));
#6982 = CARTESIAN_POINT('',(893.98974665648,-1.499968173644E+03,
    177.86939912598));
#6983 = CARTESIAN_POINT('',(893.65212270943,-1.499977169801E+03,
    178.16930095938));
#6984 = CARTESIAN_POINT('',(893.31885247454,-1.499984975533E+03,
    178.47909839868));
#6985 = CARTESIAN_POINT('',(892.99058110438,-1.499991448553E+03,
    178.79984893756));
#6986 = CARTESIAN_POINT('',(892.6682463393,-1.499996408728E+03,
    179.13274198155));
#6987 = CARTESIAN_POINT('',(892.3530945185,-1.49999963413E+03,
    179.47913154967));
#6988 = CARTESIAN_POINT('',(892.04674835696,-1.500000844615E+03,
    179.84066687845));
#6989 = CARTESIAN_POINT('',(891.51143209206,-1.499998689093E+03,
    180.52758680825));
#6990 = CARTESIAN_POINT('',(891.27907982516,-1.499996139924E+03,
    180.84658448291));
#6991 = CARTESIAN_POINT('',(891.05520978787,-1.499991808463E+03,
    181.17818164574));
#6992 = CARTESIAN_POINT('',(890.84140597624,-1.499985441913E+03,
    181.52371905909));
#6993 = CARTESIAN_POINT('',(890.63994885986,-1.499976737978E+03,
    181.88432567952));
#6994 = CARTESIAN_POINT('',(890.45381639984,-1.499965344883E+03,
    182.26091891156));
#6995 = CARTESIAN_POINT('',(890.28664524756,-1.499950868284E+03,
    182.65416298808));
#6996 = CARTESIAN_POINT('',(890.03152995139,-1.499919040403E+03,
    183.3805274447));
#6997 = CARTESIAN_POINT('',(889.93409874963,-1.499903093618E+03,
    183.70709834992));
#6998 = CARTESIAN_POINT('',(889.85264746632,-1.499884909543E+03,
    184.04304647497));
#6999 = CARTESIAN_POINT('',(889.78946301268,-1.499864380354E+03,
    184.3869700443));
#7000 = CARTESIAN_POINT('',(889.74656194324,-1.499841459985E+03,
    184.73699826263));
#7001 = CARTESIAN_POINT('',(889.72537460751,-1.499816200009E+03,
    185.09071132698));
#7002 = CARTESIAN_POINT('',(889.72636463045,-1.499788793287E+03,
    185.44503968216));
#7003 = CARTESIAN_POINT('',(889.77513059616,-1.499724902385E+03,
    186.21400000613));
#7004 = CARTESIAN_POINT('',(889.83176687392,-1.499687682E+03,
    186.62730137096));
#7005 = CARTESIAN_POINT('',(889.91711885883,-1.499648480552E+03,
    187.0310349763));
#7006 = CARTESIAN_POINT('',(890.02787016238,-1.499607835887E+03,
    187.42228667251));
#7007 = CARTESIAN_POINT('',(890.16018452021,-1.499566231401E+03,
    187.79948351826));
#7008 = CARTESIAN_POINT('',(890.31041214916,-1.499524059125E+03,
    188.16200931434));
#7009 = CARTESIAN_POINT('',(890.4754235837,-1.499481601784E+03,
    188.51002968679));
#7010 = CARTESIAN_POINT('',(890.80117020524,-1.499403428131E+03,
    189.12378808249));
#7011 = CARTESIAN_POINT('',(890.96323171696,-1.49936653201E+03,
    189.40321465238));
#7012 = CARTESIAN_POINT('',(891.13907222959,-1.499328327185E+03,
    189.68264212214));
#7013 = CARTESIAN_POINT('',(891.328712202,-1.499288810826E+03,
    189.96207041937));
#7014 = CARTESIAN_POINT('',(891.53217249633,-1.499247979957E+03,
    190.24149946886));
#7015 = CARTESIAN_POINT('',(891.74947437788,-1.499205831452E+03,
    190.52092919265));
#7016 = CARTESIAN_POINT('',(891.98063951521,-1.499162362037E+03,
    190.80035951002));
#7017 = CARTESIAN_POINT('',(892.47074044979,-1.499072774539E+03,
    191.35922117045));
#7018 = CARTESIAN_POINT('',(892.72967630092,-1.499026656447E+03,
    191.63865253066));
#7019 = CARTESIAN_POINT('',(893.00251960628,-1.498979210591E+03,
    191.91808434422));
#7020 = CARTESIAN_POINT('',(893.28929292239,-1.498930433385E+03,
    192.19751653595));
#7021 = CARTESIAN_POINT('',(893.59001928948,-1.498880321086E+03,
    192.47694902935));
#7022 = CARTESIAN_POINT('',(893.90472223148,-1.498828869789E+03,
    192.75638174662));
#7023 = CARTESIAN_POINT('',(894.23342575602,-1.49877607543E+03,
    193.03581460863));
#7024 = CARTESIAN_POINT('',(895.32585818572,-1.498603501301E+03,
    193.92649484968));
#7025 = CARTESIAN_POINT('',(896.09208881394,-1.49848661258E+03,
    194.49650379256));
#7026 = CARTESIAN_POINT('',(896.87030025541,-1.498371002542E+03,
    195.03425760001));
#7027 = CARTESIAN_POINT('',(897.65772025154,-1.498256552624E+03,
    195.54467596155));
#7028 = CARTESIAN_POINT('',(898.45228046827,-1.498143151984E+03,
    196.03172238253));
#7029 = CARTESIAN_POINT('',(899.25266537976,-1.498030700562E+03,
    196.4982999122));
#7030 = CARTESIAN_POINT('',(900.05806667391,-1.497919080317E+03,
    196.94692120398));
#7031 = CARTESIAN_POINT('',(901.96696550172,-1.497657704942E+03,
    197.96669560222));
#7032 = CARTESIAN_POINT('',(903.07362987981,-1.497508641691E+03,
    198.52413093349));
#7033 = CARTESIAN_POINT('',(904.18652423099,-1.497360741503E+03,
    199.05692148916));
#7034 = CARTESIAN_POINT('',(905.30449353298,-1.497213862126E+03,
    199.56831564109));
#7035 = CARTESIAN_POINT('',(906.42666104723,-1.49706788866E+03,
    200.06086965569));
#7036 = CARTESIAN_POINT('',(907.5523948359,-1.496922725313E+03,
    200.53659348033));
#7037 = CARTESIAN_POINT('',(908.68125379875,-1.496778283259E+03,
    200.99717238873));
#7038 = CARTESIAN_POINT('',(911.17966138817,-1.496460813266E+03,
    201.98366818281));
#7039 = CARTESIAN_POINT('',(912.55034907501,-1.496288098492E+03,
    202.50322941361));
#7040 = CARTESIAN_POINT('',(913.92440323166,-1.496116202216E+03,
    203.0051703096));
#7041 = CARTESIAN_POINT('',(915.30133782699,-1.495945027018E+03,
    203.4913418296));
#7042 = CARTESIAN_POINT('',(916.68076859329,-1.495774493482E+03,
    203.96323858254));
#7043 = CARTESIAN_POINT('',(918.06239265426,-1.495604533373E+03,
    204.42211139013));
#7044 = CARTESIAN_POINT('',(919.44597971317,-1.495435086641E+03,
    204.86901610841));
#7045 = CARTESIAN_POINT('',(922.51836205445,-1.49506031795E+03,
    205.83561621242));
#7046 = CARTESIAN_POINT('',(924.20797458448,-1.494855223206E+03,
    206.34996019917));
#7047 = CARTESIAN_POINT('',(925.89985548869,-1.49465071894E+03,
    206.8495445458));
#7048 = CARTESIAN_POINT('',(927.59372846416,-1.49444672984E+03,
    207.33567818811));
#7049 = CARTESIAN_POINT('',(929.28936757466,-1.494243192819E+03,
    207.80945116351));
#7050 = CARTESIAN_POINT('',(930.98658843814,-1.494040053195E+03,
    208.27179433313));
#7051 = CARTESIAN_POINT('',(932.68524357292,-1.493837262656E+03,
    208.72351093445));
#7052 = CARTESIAN_POINT('',(937.35387625635,-1.493281178017E+03,
    209.93681283892));
#7053 = CARTESIAN_POINT('',(940.32649956516,-1.492928516355E+03,
    210.67805004936));
#7054 = CARTESIAN_POINT('',(943.30244711748,-1.492576562368E+03,
    211.39276576042));
#7055 = CARTESIAN_POINT('',(946.28122989222,-1.492225145372E+03,
    212.08375982213));
#7056 = CARTESIAN_POINT('',(949.26246290537,-1.491874127967E+03,
    212.75327732088));
#7057 = CARTESIAN_POINT('',(952.24584399481,-1.491523394296E+03,
    213.40318475015));
#7058 = CARTESIAN_POINT('',(955.23114482629,-1.49117284498E+03,
    214.03504484238));
#7059 = CARTESIAN_POINT('',(962.06342407094,-1.490371253358E+03,
    215.44209910519));
#7060 = CARTESIAN_POINT('',(965.91149641501,-1.489920280747E+03,
    216.20630691407));
#7061 = CARTESIAN_POINT('',(969.76201616253,-1.489469289861E+03,
    216.94568926495));
#7062 = CARTESIAN_POINT('',(973.61466527073,-1.489018138051E+03,
    217.66248177131));
#7063 = CARTESIAN_POINT('',(977.469186341,-1.488566707988E+03,
    218.3585213167));
#7064 = CARTESIAN_POINT('',(981.32537159924,-1.488114899834E+03,
    219.0353593013));
#7065 = CARTESIAN_POINT('',(985.18305736836,-1.487662627274E+03,
    219.69431844708));
#7066 = CARTESIAN_POINT('',(998.19859327698,-1.486135413003E+03,
    221.86038482128));
#7067 = CARTESIAN_POINT('',(1.007362636211E+03,-1.485057986329E+03,
    223.29001579282));
#7068 = CARTESIAN_POINT('',(1.016532534671E+03,-1.483976515032E+03,
    224.64079140628));
#7069 = CARTESIAN_POINT('',(1.025707120615E+03,-1.482890368163E+03,
    225.92243763564));
#7070 = CARTESIAN_POINT('',(1.034885514005E+03,-1.481799063386E+03,
    227.14243797053));
#7071 = CARTESIAN_POINT('',(1.044067092118E+03,-1.480702236231E+03,
    228.30645005156));
#7072 = CARTESIAN_POINT('',(1.053251429778E+03,-1.479599585302E+03,
    229.41907062279));
#7073 = CARTESIAN_POINT('',(1.076021466438E+03,-1.476851554034E+03,
    232.05860649276));
#7074 = CARTESIAN_POINT('',(1.089609834655E+03,-1.475199004369E+03,
    233.52895004114));
#7075 = CARTESIAN_POINT('',(1.103202282476E+03,-1.473532430621E+03,
    234.90708272476));
#7076 = CARTESIAN_POINT('',(1.116797994509E+03,-1.471851345304E+03,
    236.20098580975));
#7077 = CARTESIAN_POINT('',(1.130396335625E+03,-1.470155397132E+03,
    237.41670480441));
#7078 = CARTESIAN_POINT('',(1.143996827738E+03,-1.468444337733E+03,
    238.55879010099));
#7079 = CARTESIAN_POINT('',(1.157599121988E+03,-1.466717983722E+03,
    239.63080504491));
#7080 = CARTESIAN_POINT('',(1.187525661727E+03,-1.462886316038E+03,
    241.84101452888));
#7081 = CARTESIAN_POINT('',(1.203850469212E+03,-1.460774236046E+03,
    242.94960843551));
#7082 = CARTESIAN_POINT('',(1.220176909739E+03,-1.458639746314E+03,
    243.9660612242));
#7083 = CARTESIAN_POINT('',(1.23650455881E+03,-1.456482754471E+03,
    244.89351628638));
#7084 = CARTESIAN_POINT('',(1.252833050132E+03,-1.454303249593E+03,
    245.73405120898));
#7085 = CARTESIAN_POINT('',(1.269162066922E+03,-1.452101282686E+03,
    246.48893500249));
#7086 = CARTESIAN_POINT('',(1.285491338339E+03,-1.449876958689E+03,
    247.15873169932));
#7087 = CARTESIAN_POINT('',(1.329676930651E+03,-1.443798053986E+03,
    248.74078546585));
#7088 = CARTESIAN_POINT('',(1.357532904758E+03,-1.439901112412E+03,
    249.49041670788));
#7089 = CARTESIAN_POINT('',(1.38538764827E+03,-1.435940329168E+03,
    249.9920871906));
#7090 = CARTESIAN_POINT('',(1.413240035565E+03,-1.431916907115E+03,
    250.2403140198));
#7091 = CARTESIAN_POINT('',(1.441088711269E+03,-1.427832452393E+03,
    250.22545583672));
#7092 = CARTESIAN_POINT('',(1.468932088422E+03,-1.423689043564E+03,
    249.93301402486));
#7093 = CARTESIAN_POINT('',(1.496768349304E+03,-1.419489296498E+03,
    249.34299661746));
#7094 = CARTESIAN_POINT('',(1.538262402298E+03,-1.413148151463E+03,
    247.97485175784));
#7095 = CARTESIAN_POINT('',(1.551927016614E+03,-1.411046841795E+03,
    247.44523032295));
#7096 = CARTESIAN_POINT('',(1.565589067497E+03,-1.408933230514E+03,
    246.83306833484));
#7097 = CARTESIAN_POINT('',(1.579248223819E+03,-1.406807800966E+03,
    246.1342515886));
#7098 = CARTESIAN_POINT('',(1.592904058958E+03,-1.404671115825E+03,
    245.34394410312));
#7099 = CARTESIAN_POINT('',(1.606556047368E+03,-1.4025238321E+03,
    244.4564300069));
#7100 = CARTESIAN_POINT('',(1.620203557637E+03,-1.400366729775E+03,
    243.46479790208));
#7101 = CARTESIAN_POINT('',(1.645039249858E+03,-1.396423607904E+03,
    241.45409204054));
#7102 = CARTESIAN_POINT('',(1.656228996096E+03,-1.394640506759E+03,
    240.47190801746));
#7103 = CARTESIAN_POINT('',(1.667414756669E+03,-1.392851978668E+03,
    239.4089339802));
#7104 = CARTESIAN_POINT('',(1.678596020822E+03,-1.391058641799E+03,
    238.25950812297));
#7105 = CARTESIAN_POINT('',(1.68977207738E+03,-1.389261238494E+03,
    237.01692741326));
#7106 = CARTESIAN_POINT('',(1.700941991916E+03,-1.387460678093E+03,
    235.67299888437));
#7107 = CARTESIAN_POINT('',(1.712104583572E+03,-1.385658082047E+03,
    234.2175656796));
#7108 = CARTESIAN_POINT('',(1.730005045593E+03,-1.382764253104E+03,
    231.68063543612));
#7109 = CARTESIAN_POINT('',(1.736748418881E+03,-1.381673382048E+03,
    230.67862399729));
#7110 = CARTESIAN_POINT('',(1.743488166482E+03,-1.380582651141E+03,
    229.62770602686));
#7111 = CARTESIAN_POINT('',(1.750223865163E+03,-1.379492445971E+03,
    228.52434899925));
#7112 = CARTESIAN_POINT('',(1.756954947899E+03,-1.378403231946E+03,
    227.36437589915));
#7113 = CARTESIAN_POINT('',(1.763680691664E+03,-1.377315569918E+03,
    226.14280976526));
#7114 = CARTESIAN_POINT('',(1.770400189394E+03,-1.376230151028E+03,
    224.85351845556));
#7115 = CARTESIAN_POINT('',(1.782022081538E+03,-1.374356202652E+03,
    222.48990034924));
#7116 = CARTESIAN_POINT('',(1.786927781388E+03,-1.373566234961E+03,
    221.45083776275));
#7117 = CARTESIAN_POINT('',(1.791829020919E+03,-1.372778306666E+03,
    220.36807768192));
#7118 = CARTESIAN_POINT('',(1.796725239247E+03,-1.371992835301E+03,
    219.2379033384));
#7119 = CARTESIAN_POINT('',(1.801615665038E+03,-1.37121033376E+03,
    218.05590965931));
#7120 = CARTESIAN_POINT('',(1.806499278714E+03,-1.370431444339E+03,
    216.81667864629));
#7121 = CARTESIAN_POINT('',(1.811374775447E+03,-1.369656972836E+03,
    215.51345304326));
#7122 = CARTESIAN_POINT('',(1.818818128153E+03,-1.368480644953E+03,
    213.40758540107));
#7123 = CARTESIAN_POINT('',(1.821393016536E+03,-1.368074828017E+03,
    212.65772856681));
#7124 = CARTESIAN_POINT('',(1.823964839494E+03,-1.367670729989E+03,
    211.88590243102));
#7125 = CARTESIAN_POINT('',(1.826533273715E+03,-1.367268542339E+03,
    211.09052103251));
#7126 = CARTESIAN_POINT('',(1.829097908715E+03,-1.366868493253E+03,
    210.26974668334));
#7127 = CARTESIAN_POINT('',(1.831658237381E+03,-1.366470854569E+03,
    209.42142765261));
#7128 = CARTESIAN_POINT('',(1.834213637348E+03,-1.366075955306E+03,
    208.54297551448));
#7129 = CARTESIAN_POINT('',(1.838846151918E+03,-1.365364194707E+03,
    206.88624057312));
#7130 = CARTESIAN_POINT('',(1.84092507429E+03,-1.365046298372E+03,
    206.11910247538));
#7131 = CARTESIAN_POINT('',(1.842999739179E+03,-1.364730735228E+03,
    205.32790484838));
#7132 = CARTESIAN_POINT('',(1.845069632657E+03,-1.36441777082E+03,
    204.51057877546));
#7133 = CARTESIAN_POINT('',(1.847134064845E+03,-1.364107734472E+03,
    203.66467261567));
#7134 = CARTESIAN_POINT('',(1.849192151515E+03,-1.363801030482E+03,
    202.78725830795));
#7135 = CARTESIAN_POINT('',(1.851242768284E+03,-1.363498165647E+03,
    201.87469901903));
#7136 = CARTESIAN_POINT('',(1.854427674944E+03,-1.363032750317E+03,
    200.38871970015));
#7137 = CARTESIAN_POINT('',(1.855568058218E+03,-1.362867109269E+03,
    199.84279482899));
#7138 = CARTESIAN_POINT('',(1.856705346695E+03,-1.362703005686E+03,
    199.28348011813));
#7139 = CARTESIAN_POINT('',(1.857839221835E+03,-1.362540577739E+03,
    198.70980924839));
#7140 = CARTESIAN_POINT('',(1.858969285627E+03,-1.362379989611E+03,
    198.12067737571));
#7141 = CARTESIAN_POINT('',(1.860095051768E+03,-1.362221436014E+03,
    197.51480609804));
#7142 = CARTESIAN_POINT('',(1.861215928929E+03,-1.362065150714E+03,
    196.89067706512));
#7143 = CARTESIAN_POINT('',(1.863281010243E+03,-1.361780499028E+03,
    195.69770368028));
#7144 = CARTESIAN_POINT('',(1.864226676174E+03,-1.361651441351E+03,
    195.13443941459));
#7145 = CARTESIAN_POINT('',(1.865167792461E+03,-1.361524420504E+03,
    194.55541713609));
#7146 = CARTESIAN_POINT('',(1.866103813068E+03,-1.361399647215E+03,
    193.95929614736));
#7147 = CARTESIAN_POINT('',(1.867034018095E+03,-1.361277381618E+03,
    193.34452474134));
#7148 = CARTESIAN_POINT('',(1.867957495956E+03,-1.361157941124E+03,
    192.70928481279));
#7149 = CARTESIAN_POINT('',(1.868873101203E+03,-1.361041718887E+03,
    192.05136121134));
#7150 = CARTESIAN_POINT('',(1.870334155124E+03,-1.360860358195E+03,
    190.94941823512));
#7151 = CARTESIAN_POINT('',(1.870885394903E+03,-1.360792895227E+03,
    190.52143615077));
#7152 = CARTESIAN_POINT('',(1.871432757895E+03,-1.360726950748E+03,
    190.08322888879));
#7153 = CARTESIAN_POINT('',(1.871975829005E+03,-1.360662661874E+03,
    189.63405884664));
#7154 = CARTESIAN_POINT('',(1.872514089561E+03,-1.360600191818E+03,
    189.17310390243));
#7155 = CARTESIAN_POINT('',(1.873046907331E+03,-1.360539733692E+03,
    188.69943363427));
#7156 = CARTESIAN_POINT('',(1.873573517231E+03,-1.360481517823E+03,
    188.21196337714));
#7157 = CARTESIAN_POINT('',(1.874522233887E+03,-1.360379806172E+03,
    187.29405326262));
#7158 = CARTESIAN_POINT('',(1.874946530614E+03,-1.360335517945E+03,
    186.86848514154));
#7159 = CARTESIAN_POINT('',(1.875365393228E+03,-1.360293114544E+03,
    186.43187366205));
#7160 = CARTESIAN_POINT('',(1.875778179702E+03,-1.360252782426E+03,
    185.98339206847));
#7161 = CARTESIAN_POINT('',(1.87618407315E+03,-1.360214745639E+03,
    185.52215072343));
#7162 = CARTESIAN_POINT('',(1.876582069139E+03,-1.360179270038E+03,
    185.0471744679));
#7163 = CARTESIAN_POINT('',(1.876970948892E+03,-1.360146672128E+03,
    184.55735496051));
#7164 = CARTESIAN_POINT('',(1.877689116153E+03,-1.360090979017E+03,
    183.59669235431));
#7165 = CARTESIAN_POINT('',(1.878020287042E+03,-1.360067267579E+03,
    183.12918026957));
#7166 = CARTESIAN_POINT('',(1.878341771679E+03,-1.360046470586E+03,
    182.6477282289));
#7167 = CARTESIAN_POINT('',(1.87865222238E+03,-1.360028919084E+03,
    182.15134320973));
#7168 = CARTESIAN_POINT('',(1.878949907188E+03,-1.360015007952E+03,
    181.63912624915));
#7169 = CARTESIAN_POINT('',(1.879232712551E+03,-1.360005195175E+03,
    181.11027559702));
#7170 = CARTESIAN_POINT('',(1.879498149855E+03,-1.36E+03,180.56409398333
    ));
#7171 = CARTESIAN_POINT('',(1.879743365826E+03,-1.36E+03,180.));
#7172 = PCURVE('',#33,#7173);
#7173 = DEFINITIONAL_REPRESENTATION('',(#7174),#7640);
#7174 = B_SPLINE_CURVE_WITH_KNOTS('',3,(#7175,#7176,#7177,#7178,#7179,
    #7180,#7181,#7182,#7183,#7184,#7185,#7186,#7187,#7188,#7189,#7190,
    #7191,#7192,#7193,#7194,#7195,#7196,#7197,#7198,#7199,#7200,#7201,
    #7202,#7203,#7204,#7205,#7206,#7207,#7208,#7209,#7210,#7211,#7212,
    #7213,#7214,#7215,#7216,#7217,#7218,#7219,#7220,#7221,#7222,#7223,
    #7224,#7225,#7226,#7227,#7228,#7229,#7230,#7231,#7232,#7233,#7234,
    #7235,#7236,#7237,#7238,#7239,#7240,#7241,#7242,#7243,#7244,#7245,
    #7246,#7247,#7248,#7249,#7250,#7251,#7252,#7253,#7254,#7255,#7256,
    #7257,#7258,#7259,#7260,#7261,#7262,#7263,#7264,#7265,#7266,#7267,
    #7268,#7269,#7270,#7271,#7272,#7273,#7274,#7275,#7276,#7277,#7278,
    #7279,#7280,#7281,#7282,#7283,#7284,#7285,#7286,#7287,#7288,#7289,
    #7290,#7291,#7292,#7293,#7294,#7295,#7296,#7297,#7298,#7299,#7300,
    #7301,#7302,#7303,#7304,#7305,#7306,#7307,#7308,#7309,#7310,#7311,
    #7312,#7313,#7314,#7315,#7316,#7317,#7318,#7319,#7320,#7321,#7322,
    #7323,#7324,#7325,#7326,#7327,#7328,#7329,#7330,#7331,#7332,#7333,
    #7334,#7335,#7336,#7337,#7338,#7339,#7340,#7341,#7342,#7343,#7344,
    #7345,#7346,#7347,#7348,#7349,#7350,#7351,#7352,#7353,#7354,#7355,
    #7356,#7357,#7358,#7359,#7360,#7361,#7362,#7363,#7364,#7365,#7366,
    #7367,#7368,#7369,#7370,#7371,#7372,#7373,#7374,#7375,#7376,#7377,
    #7378,#7379,#7380,#7381,#7382,#7383,#7384,#7385,#7386,#7387,#7388,
    #7389,#7390,#7391,#7392,#7393,#7394,#7395,#7396,#7397,#7398,#7399,
    #7400,#7401,#7402,#7403,#7404,#7405,#7406,#7407,#7408,#7409,#7410,
    #7411,#7412,#7413,#7414,#7415,#7416,#7417,#7418,#7419,#7420,#7421,
    #7422,#7423,#7424,#7425,#7426,#7427,#7428,#7429,#7430,#7431,#7432,
    #7433,#7434,#7435,#7436,#7437,#7438,#7439,#7440,#7441,#7442,#7443,
    #7444,#7445,#7446,#7447,#7448,#7449,#7450,#7451,#7452,#7453,#7454,
    #7455,#7456,#7457,#7458,#7459,#7460,#7461,#7462,#7463,#7464,#7465,
    #7466,#7467,#7468,#7469,#7470,#7471,#7472,#7473,#7474,#7475,#7476,
    #7477,#7478,#7479,#7480,#7481,#7482,#7483,#7484,#7485,#7486,#7487,
    #7488,#7489,#7490,#7491,#7492,#7493,#7494,#7495,#7496,#7497,#7498,
    #7499,#7500,#7501,#7502,#7503,#7504,#7505,#7506,#7507,#7508,#7509,
    #7510,#7511,#7512,#7513,#7514,#7515,#7516,#7517,#7518,#7519,#7520,
    #7521,#7522,#7523,#7524,#7525,#7526,#7527,#7528,#7529,#7530,#7531,
    #7532,#7533,#7534,#7535,#7536,#7537,#7538,#7539,#7540,#7541,#7542,
    #7543,#7544,#7545,#7546,#7547,#7548,#7549,#7550,#7551,#7552,#7553,
    #7554,#7555,#7556,#7557,#7558,#7559,#7560,#7561,#7562,#7563,#7564,
    #7565,#7566,#7567,#7568,#7569,#7570,#7571,#7572,#7573,#7574,#7575,
    #7576,#7577,#7578,#7579,#7580,#7581,#7582,#7583,#7584,#7585,#7586,
    #7587,#7588,#7589,#7590,#7591,#7592,#7593,#7594,#7595,#7596,#7597,
    #7598,#7599,#7600,#7601,#7602,#7603,#7604,#7605,#7606,#7607,#7608,
    #7609,#7610,#7611,#7612,#7613,#7614,#7615,#7616,#7617,#7618,#7619,
    #7620,#7621,#7622,#7623,#7624,#7625,#7626,#7627,#7628,#7629,#7630,
    #7631,#7632,#7633,#7634,#7635,#7636,#7637,#7638,#7639),
  .UNSPECIFIED.,.T.,.F.,(4,1,1,1,1,1,1,1,1,1,1,1,1,1,1,1,1,1,1,1,1,1,1,1
    ,1,1,1,1,1,1,1,1,1,1,1,1,1,1,1,1,1,1,1,1,1,1,1,1,1,1,1,1,1,1,1,1,1,1
    ,1,1,1,1,1,1,1,1,1,1,1,1,1,1,1,1,1,1,1,1,1,1,1,1,1,1,1,1,1,1,1,1,1,1
    ,1,1,1,1,1,1,1,1,1,1,1,1,1,1,1,1,1,1,1,1,1,1,1,1,1,1,1,1,1,1,1,1,1,1
    ,1,1,1,1,1,1,1,1,1,1,1,1,1,1,1,1,1,1,1,1,1,1,1,1,1,1,1,1,1,1,1,1,1,1
    ,1,1,1,1,1,1,1,1,1,1,1,1,1,1,1,1,1,1,1,1,1,1,1,1,1,1,1,1,1,1,1,1,1,1
    ,1,1,1,1,1,1,1,1,1,1,1,1,1,1,1,1,1,1,1,1,1,1,1,1,1,1,1,1,1,1,1,1,1,1
    ,1,1,1,1,1,1,1,1,1,1,1,1,1,1,1,1,1,1,1,1,1,1,1,1,1,1,1,1,1,1,1,1,1,1
    ,1,1,1,1,1,1,1,1,1,1,1,1,1,1,1,1,1,1,1,1,1,1,1,1,1,1,1,1,1,1,1,1,1,1
    ,1,1,1,1,1,1,1,1,1,1,1,1,1,1,1,1,1,1,1,1,1,1,1,1,1,1,1,1,1,1,1,1,1,1
    ,1,1,1,1,1,1,1,1,1,1,1,1,1,1,1,1,1,1,1,1,1,1,1,1,1,1,1,1,1,1,1,1,1,1
    ,1,1,1,1,1,1,1,1,1,1,1,1,1,1,1,1,1,1,1,1,1,1,1,1,1,1,1,1,1,1,1,1,1,1
    ,1,1,1,1,1,1,1,1,1,1,1,1,1,1,1,1,1,1,1,1,1,1,1,1,1,1,1,1,1,1,1,1,1,1
    ,1,1,1,1,1,1,1,1,1,1,1,1,1,1,1,1,1,1,1,1,1,1,1,1,1,1,1,1,1,1,4),(0.,
    4.228999675806E-03,8.457999351611E-03,1.268699902742E-02,
    1.691599870322E-02,2.114499837903E-02,2.537399805483E-02,
    2.960299773064E-02,3.383199740645E-02,3.806099708225E-02,
    4.228999675806E-02,4.651899643386E-02,5.074799610967E-02,
    5.497699578547E-02,5.920599546128E-02,6.343499513708E-02,
    6.766399481289E-02,7.18929944887E-02,7.61219941645E-02,
    8.035099384031E-02,8.457999351611E-02,8.880899319192E-02,
    9.303799286772E-02,9.726699254353E-02,0.101495992219,0.105724991895,
    0.109953991571,0.114182991247,0.118411990923,0.122640990598,
    0.126869990274,0.13109898995,0.135327989626,0.139556989302,
    0.143785988977,0.148014988653,0.152243988329,0.156472988005,
    0.160701987681,0.164930987356,0.169159987032,0.173388986708,
    0.177617986384,0.18184698606,0.186075985735,0.190304985411,
    0.194533985087,0.198762984763,0.202991984439,0.207220984114,
    0.21144998379,0.215678983466,0.219907983142,0.224136982818,
    0.228365982494,0.232594982169,0.236823981845,0.241052981521,
    0.245281981197,0.249510980873,0.253739980548,0.257968980224,
    0.2621979799,0.266426979576,0.270655979252,0.274884978927,
    0.279113978603,0.283342978279,0.287571977955,0.291800977631,
    0.296029977306,0.300258976982,0.304487976658,0.308716976334,
    0.31294597601,0.317174975685,0.321403975361,0.325632975037,
    0.329861974713,0.334090974389,0.338319974064,0.34254897374,
    0.346777973416,0.351006973092,0.355235972768,0.359464972443,
    0.363693972119,0.367922971795,0.372151971471,0.376380971147,
    0.380609970823,0.384838970498,0.389067970174,0.39329696985,
    0.397525969526,0.401754969202,0.405983968877,0.410212968553,
    0.414441968229,0.418670967905,0.422899967581,0.427128967256,
    0.431357966932,0.435586966608,0.439815966284,0.44404496596,
    0.448273965635,0.452502965311,0.456731964987,0.460960964663,
    0.465189964339,0.469418964014,0.47364796369,0.477876963366,
    0.482105963042,0.486334962718,0.490563962393,0.494792962069,
    0.499021961745,0.503250961421,0.507479961097,0.511708960772,
    0.515937960448,0.520166960124,0.5243959598,0.528624959476,
    0.532853959152,0.537082958827,0.541311958503,0.545540958179,
    0.549769957855,0.553998957531,0.558227957206,0.562456956882,
    0.566685956558,0.570914956234,0.57514395591,0.579372955585,
    0.583601955261,0.587830954937,0.592059954613,0.596288954289,
    0.600517953964,0.60474695364,0.608975953316,0.613204952992,
    0.617433952668,0.621662952343,0.625891952019,0.630120951695,
    0.634349951371,0.638578951047,0.642807950722,0.647036950398,
    0.651265950074,0.65549494975,0.659723949426,0.663952949101,
    0.668181948777,0.672410948453,0.676639948129,0.680868947805,
    0.685097947481,0.689326947156,0.693555946832,0.697784946508,
    0.702013946184,0.70624294586,0.710471945535,0.714700945211,
    0.718929944887,0.723158944563,0.727387944239,0.731616943914,
    0.73584594359,0.740074943266,0.744303942942,0.748532942618,
    0.752761942293,0.756990941969,0.761219941645,0.765448941321,
    0.769677940997,0.773906940672,0.778135940348,0.782364940024,
    0.7865939397,0.790822939376,0.795051939051,0.799280938727,
    0.803509938403,0.807738938079,0.811967937755,0.81619693743,
    0.820425937106,0.824654936782,0.828883936458,0.833112936134,
    0.83734193581,0.841570935485,0.845799935161,0.850028934837,
    0.854257934513,0.858486934189,0.862715933864,0.86694493354,
    0.871173933216,0.875402932892,0.879631932568,0.883860932243,
    0.888089931919,0.892318931595,0.896547931271,0.900776930947,
    0.905005930622,0.909234930298,0.913463929974,0.91769292965,
    0.921921929326,0.926150929001,0.930379928677,0.934608928353,
    0.938837928029,0.943066927705,0.94729592738,0.951524927056,
    0.955753926732,0.959982926408,0.964211926084,0.968440925759,
    0.972669925435,0.976898925111,0.981127924787,0.985356924463,
    0.989585924139,0.993814923814,0.99804392349,1.002272923166,
    1.006501922842,1.010730922518,1.014959922193,1.019188921869,
    1.023417921545,1.027646921221,1.031875920897,1.036104920572,
    1.040333920248,1.044562919924,1.0487919196,1.053020919276,
    1.057249918951,1.061478918627,1.065707918303,1.069936917979,
    1.074165917655,1.07839491733,1.082623917006,1.086852916682,
    1.091081916358,1.095310916034,1.099539915709,1.103768915385,
    1.107997915061,1.112226914737,1.116455914413,1.120684914089,
    1.124913913764,1.12914291344,1.133371913116,1.137600912792,
    1.141829912468,1.146058912143,1.150287911819,1.154516911495,
    1.158745911171,1.162974910847,1.167203910522,1.171432910198,
    1.175661909874,1.17989090955,1.184119909226,1.188348908901,
    1.192577908577,1.196806908253,1.201035907929,1.205264907605,
    1.20949390728,1.213722906956,1.217951906632,1.222180906308,
    1.226409905984,1.230638905659,1.234867905335,1.239096905011,
    1.243325904687,1.247554904363,1.251783904038,1.256012903714,
    1.26024190339,1.264470903066,1.268699902742,1.272928902418,
    1.277157902093,1.281386901769,1.285615901445,1.289844901121,
    1.294073900797,1.298302900472,1.302531900148,1.306760899824,
    1.3109898995,1.315218899176,1.319447898851,1.323676898527,
    1.327905898203,1.332134897879,1.336363897555,1.34059289723,
    1.344821896906,1.349050896582,1.353279896258,1.357508895934,
    1.361737895609,1.365966895285,1.370195894961,1.374424894637,
    1.378653894313,1.382882893988,1.387111893664,1.39134089334,
    1.395569893016,1.399798892692,1.404027892367,1.408256892043,
    1.412485891719,1.416714891395,1.420943891071,1.425172890747,
    1.429401890422,1.433630890098,1.437859889774,1.44208888945,
    1.446317889126,1.450546888801,1.454775888477,1.459004888153,
    1.463233887829,1.467462887505,1.47169188718,1.475920886856,
    1.480149886532,1.484378886208,1.488607885884,1.492836885559,
    1.497065885235,1.501294884911,1.505523884587,1.509752884263,
    1.513981883938,1.518210883614,1.52243988329,1.526668882966,
    1.530897882642,1.535126882317,1.539355881993,1.543584881669,
    1.547813881345,1.552042881021,1.556271880696,1.560500880372,
    1.564729880048,1.568958879724,1.5731878794,1.577416879076,
    1.581645878751,1.585874878427,1.590103878103,1.594332877779,
    1.598561877455,1.60279087713,1.607019876806,1.611248876482,
    1.615477876158,1.619706875834,1.623935875509,1.628164875185,
    1.632393874861,1.636622874537,1.640851874213,1.645080873888,
    1.649309873564,1.65353887324,1.657767872916,1.661996872592,
    1.666225872267,1.670454871943,1.674683871619,1.678912871295,
    1.683141870971,1.687370870646,1.691599870322,1.695828869998,
    1.700057869674,1.70428686935,1.708515869025,1.712744868701,
    1.716973868377,1.721202868053,1.725431867729,1.729660867405,
    1.73388986708,1.738118866756,1.742347866432,1.746576866108,
    1.750805865784,1.755034865459,1.759263865135,1.763492864811,
    1.767721864487,1.771950864163,1.776179863838,1.780408863514,
    1.78463786319,1.788866862866,1.793095862542,1.797324862217,
    1.801553861893,1.805782861569,1.810011861245,1.814240860921,
    1.818469860596,1.822698860272,1.826927859948,1.831156859624,
    1.8353858593,1.839614858975,1.843843858651,1.848072858327,
    1.852301858003,1.856530857679,1.860759857354,1.86498885703,
    1.869217856706,1.873446856382,1.877675856058,1.881904855734,
    1.886133855409,1.890362855085,1.894591854761,1.898820854437,
    1.903049854113,1.907278853788,1.911507853464,1.91573685314,
    1.919965852816,1.924194852492,1.928423852167,1.932652851843,
    1.936881851519,1.941110851195,1.945339850871,1.949568850546,
    1.953797850222),.QUASI_UNIFORM_KNOTS.);
#7175 = CARTESIAN_POINT('',(0.827387008824,0.476319628017));
#7176 = CARTESIAN_POINT('',(0.827416810951,0.475453227924));
#7177 = CARTESIAN_POINT('',(0.827424179037,0.473549711329));
#7178 = CARTESIAN_POINT('',(0.827326762217,0.470657093913));
#7179 = CARTESIAN_POINT('',(0.827170900052,0.46854086725));
#7180 = CARTESIAN_POINT('',(0.827000371949,0.466828521604));
#7181 = CARTESIAN_POINT('',(0.826821891267,0.465397664488));
#7182 = CARTESIAN_POINT('',(0.826639977872,0.464153603134));
#7183 = CARTESIAN_POINT('',(0.826456023769,0.463048137765));
#7184 = CARTESIAN_POINT('',(0.826270897218,0.462048673065));
#7185 = CARTESIAN_POINT('',(0.826085055666,0.461134055083));
#7186 = CARTESIAN_POINT('',(0.825898768953,0.460289086771));
#7187 = CARTESIAN_POINT('',(0.825712213629,0.459502716643));
#7188 = CARTESIAN_POINT('',(0.825525504948,0.458766538624));
#7189 = CARTESIAN_POINT('',(0.825338719479,0.458074007467));
#7190 = CARTESIAN_POINT('',(0.825151912847,0.45741992182));
#7191 = CARTESIAN_POINT('',(0.824965123088,0.456800058116));
#7192 = CARTESIAN_POINT('',(0.824778378443,0.456210939755));
#7193 = CARTESIAN_POINT('',(0.824591701007,0.455649666822));
#7194 = CARTESIAN_POINT('',(0.824405106573,0.455113784479));
#7195 = CARTESIAN_POINT('',(0.824218602524,0.454601184073));
#7196 = CARTESIAN_POINT('',(0.824032201418,0.454110067824));
#7197 = CARTESIAN_POINT('',(0.823845908797,0.453638860027));
#7198 = CARTESIAN_POINT('',(0.823659729486,0.453186182492));
#7199 = CARTESIAN_POINT('',(0.823473667402,0.452750820511));
#7200 = CARTESIAN_POINT('',(0.823287725541,0.452331696085));
#7201 = CARTESIAN_POINT('',(0.823101905843,0.451927846494));
#7202 = CARTESIAN_POINT('',(0.822916209414,0.451538407847));
#7203 = CARTESIAN_POINT('',(0.82273063554,0.451162599067));
#7204 = CARTESIAN_POINT('',(0.822545187113,0.450799720956));
#7205 = CARTESIAN_POINT('',(0.822359863599,0.450449132292));
#7206 = CARTESIAN_POINT('',(0.822174664695,0.450110249241));
#7207 = CARTESIAN_POINT('',(0.821989590075,0.449782537932));
#7208 = CARTESIAN_POINT('',(0.821804639418,0.449465508621));
#7209 = CARTESIAN_POINT('',(0.821619812362,0.449158710583));
#7210 = CARTESIAN_POINT('',(0.821435108484,0.448861727787));
#7211 = CARTESIAN_POINT('',(0.821250527281,0.448574175171));
#7212 = CARTESIAN_POINT('',(0.821066068149,0.448295695434));
#7213 = CARTESIAN_POINT('',(0.820881730365,0.44802595624));
#7214 = CARTESIAN_POINT('',(0.820697513089,0.447764647792));
#7215 = CARTESIAN_POINT('',(0.820513415306,0.447511480632));
#7216 = CARTESIAN_POINT('',(0.820329435974,0.447266183954));
#7217 = CARTESIAN_POINT('',(0.820145573425,0.44702850322));
#7218 = CARTESIAN_POINT('',(0.819961827572,0.446798201537));
#7219 = CARTESIAN_POINT('',(0.819778198569,0.446575056339));
#7220 = CARTESIAN_POINT('',(0.819594685102,0.446358856266));
#7221 = CARTESIAN_POINT('',(0.819411286328,0.446149402535));
#7222 = CARTESIAN_POINT('',(0.819228001342,0.445946507341));
#7223 = CARTESIAN_POINT('',(0.819044829312,0.445749993157));
#7224 = CARTESIAN_POINT('',(0.818861769435,0.445559691913));
#7225 = CARTESIAN_POINT('',(0.818678820938,0.4453754443));
#7226 = CARTESIAN_POINT('',(0.818495983072,0.445197099127));
#7227 = CARTESIAN_POINT('',(0.818313255108,0.445024512746));
#7228 = CARTESIAN_POINT('',(0.818130636331,0.444857548523));
#7229 = CARTESIAN_POINT('',(0.817948126037,0.444696076367));
#7230 = CARTESIAN_POINT('',(0.817765723526,0.444539972289));
#7231 = CARTESIAN_POINT('',(0.817583428104,0.444389118012));
#7232 = CARTESIAN_POINT('',(0.817401239076,0.4442434006));
#7233 = CARTESIAN_POINT('',(0.817219155742,0.444102712132));
#7234 = CARTESIAN_POINT('',(0.8170371774,0.443966949388));
#7235 = CARTESIAN_POINT('',(0.816855303337,0.443836013569));
#7236 = CARTESIAN_POINT('',(0.816673532829,0.443709810035));
#7237 = CARTESIAN_POINT('',(0.816491865144,0.443588248066));
#7238 = CARTESIAN_POINT('',(0.816310299523,0.443471240634));
#7239 = CARTESIAN_POINT('',(0.816128835237,0.443358704235));
#7240 = CARTESIAN_POINT('',(0.81594747136,0.443250558591));
#7241 = CARTESIAN_POINT('',(0.815766208261,0.443146727267));
#7242 = CARTESIAN_POINT('',(0.815585045198,0.443047136126));
#7243 = CARTESIAN_POINT('',(0.815403981548,0.442951713909));
#7244 = CARTESIAN_POINT('',(0.815223016683,0.442860392022));
#7245 = CARTESIAN_POINT('',(0.815042150005,0.442773104418));
#7246 = CARTESIAN_POINT('',(0.81486138093,0.442689787469));
#7247 = CARTESIAN_POINT('',(0.814680708897,0.44261037985));
#7248 = CARTESIAN_POINT('',(0.814500133358,0.442534822425));
#7249 = CARTESIAN_POINT('',(0.814319653781,0.442463058149));
#7250 = CARTESIAN_POINT('',(0.814139269649,0.442395031966));
#7251 = CARTESIAN_POINT('',(0.813958980458,0.44233069072));
#7252 = CARTESIAN_POINT('',(0.813778785716,0.442269983071));
#7253 = CARTESIAN_POINT('',(0.813598684941,0.442212859412));
#7254 = CARTESIAN_POINT('',(0.813418677663,0.442159271796));
#7255 = CARTESIAN_POINT('',(0.81323876342,0.442109173866));
#7256 = CARTESIAN_POINT('',(0.813058941759,0.442062520787));
#7257 = CARTESIAN_POINT('',(0.812879212236,0.442019269182));
#7258 = CARTESIAN_POINT('',(0.812699574412,0.441979377079));
#7259 = CARTESIAN_POINT('',(0.812520027856,0.441942803851));
#7260 = CARTESIAN_POINT('',(0.812340572142,0.441909510167));
#7261 = CARTESIAN_POINT('',(0.812161206851,0.441879457939));
#7262 = CARTESIAN_POINT('',(0.811981931566,0.441852610281));
#7263 = CARTESIAN_POINT('',(0.811802745876,0.441828931461));
#7264 = CARTESIAN_POINT('',(0.811623649373,0.441808386862));
#7265 = CARTESIAN_POINT('',(0.811444641652,0.441790942942));
#7266 = CARTESIAN_POINT('',(0.811265722311,0.441776567198));
#7267 = CARTESIAN_POINT('',(0.811086890951,0.441765228128));
#7268 = CARTESIAN_POINT('',(0.810908147172,0.441756895203));
#7269 = CARTESIAN_POINT('',(0.81072949058,0.44175153883));
#7270 = CARTESIAN_POINT('',(0.810550920778,0.441749130326));
#7271 = CARTESIAN_POINT('',(0.810372437372,0.441749641888));
#7272 = CARTESIAN_POINT('',(0.810194039968,0.441753046569));
#7273 = CARTESIAN_POINT('',(0.81001572817,0.44175931825));
#7274 = CARTESIAN_POINT('',(0.809837501587,0.441768431618));
#7275 = CARTESIAN_POINT('',(0.809659359818,0.441780362148));
#7276 = CARTESIAN_POINT('',(0.809481302486,0.441795086073));
#7277 = CARTESIAN_POINT('',(0.809303329129,0.441812580389));
#7278 = CARTESIAN_POINT('',(0.809125439588,0.441832822774));
#7279 = CARTESIAN_POINT('',(0.808947633816,0.441855791572));
#7280 = CARTESIAN_POINT('',(0.80876991139,0.441881465872));
#7281 = CARTESIAN_POINT('',(0.808592271994,0.441909825409));
#7282 = CARTESIAN_POINT('',(0.808414715295,0.441940850578));
#7283 = CARTESIAN_POINT('',(0.808237240969,0.441974522409));
#7284 = CARTESIAN_POINT('',(0.8080598487,0.442010822558));
#7285 = CARTESIAN_POINT('',(0.807882538178,0.442049733293));
#7286 = CARTESIAN_POINT('',(0.807705309095,0.442091237481));
#7287 = CARTESIAN_POINT('',(0.807528161154,0.44213531858));
#7288 = CARTESIAN_POINT('',(0.807351094058,0.442181960625));
#7289 = CARTESIAN_POINT('',(0.807174107519,0.442231148218));
#7290 = CARTESIAN_POINT('',(0.806997201251,0.442282866523));
#7291 = CARTESIAN_POINT('',(0.806820374976,0.442337101254));
#7292 = CARTESIAN_POINT('',(0.806643628418,0.442393838664));
#7293 = CARTESIAN_POINT('',(0.806466961306,0.442453065545));
#7294 = CARTESIAN_POINT('',(0.806290373373,0.442514769216));
#7295 = CARTESIAN_POINT('',(0.806113864359,0.442578937516));
#7296 = CARTESIAN_POINT('',(0.805937434003,0.442645558803));
#7297 = CARTESIAN_POINT('',(0.805761082053,0.442714621944));
#7298 = CARTESIAN_POINT('',(0.805584808257,0.442786116315));
#7299 = CARTESIAN_POINT('',(0.80540861237,0.442860031794));
#7300 = CARTESIAN_POINT('',(0.805232494147,0.442936358759));
#7301 = CARTESIAN_POINT('',(0.805056453349,0.443015088087));
#7302 = CARTESIAN_POINT('',(0.80488048974,0.443096211147));
#7303 = CARTESIAN_POINT('',(0.804704603087,0.443179719803));
#7304 = CARTESIAN_POINT('',(0.80452879316,0.443265606414));
#7305 = CARTESIAN_POINT('',(0.804353059733,0.443353863829));
#7306 = CARTESIAN_POINT('',(0.804177402583,0.443444485388));
#7307 = CARTESIAN_POINT('',(0.804001821488,0.443537464927));
#7308 = CARTESIAN_POINT('',(0.803826316233,0.443632796775));
#7309 = CARTESIAN_POINT('',(0.803650886603,0.443730475756));
#7310 = CARTESIAN_POINT('',(0.803475532385,0.443830497194));
#7311 = CARTESIAN_POINT('',(0.803300253372,0.443932856912));
#7312 = CARTESIAN_POINT('',(0.803125049358,0.444037551238));
#7313 = CARTESIAN_POINT('',(0.802949920141,0.444144577008));
#7314 = CARTESIAN_POINT('',(0.802774865518,0.444253931568));
#7315 = CARTESIAN_POINT('',(0.802599885297,0.444365612784));
#7316 = CARTESIAN_POINT('',(0.80242497927,0.444479619044));
#7317 = CARTESIAN_POINT('',(0.802250147289,0.444595949245));
#7318 = CARTESIAN_POINT('',(0.802075389269,0.444714602781));
#7319 = CARTESIAN_POINT('',(0.801900705012,0.444835579644));
#7320 = CARTESIAN_POINT('',(0.801726094361,0.44495888037));
#7321 = CARTESIAN_POINT('',(0.801551557153,0.445084506062));
#7322 = CARTESIAN_POINT('',(0.801377093235,0.445212458397));
#7323 = CARTESIAN_POINT('',(0.801202702462,0.445342739633));
#7324 = CARTESIAN_POINT('',(0.801028384691,0.445475352621));
#7325 = CARTESIAN_POINT('',(0.800854139789,0.445610300819));
#7326 = CARTESIAN_POINT('',(0.800679967629,0.445747588302));
#7327 = CARTESIAN_POINT('',(0.800505868088,0.44588721978));
#7328 = CARTESIAN_POINT('',(0.800331841053,0.446029200614));
#7329 = CARTESIAN_POINT('',(0.800157886416,0.446173536829));
#7330 = CARTESIAN_POINT('',(0.799984004074,0.446320235138));
#7331 = CARTESIAN_POINT('',(0.799810193936,0.44646930296));
#7332 = CARTESIAN_POINT('',(0.799636455912,0.446620748439));
#7333 = CARTESIAN_POINT('',(0.799462789925,0.446774580468));
#7334 = CARTESIAN_POINT('',(0.799289195899,0.446930808713));
#7335 = CARTESIAN_POINT('',(0.799115673772,0.44708944364));
#7336 = CARTESIAN_POINT('',(0.798942223485,0.447250496533));
#7337 = CARTESIAN_POINT('',(0.798768844989,0.447413979533));
#7338 = CARTESIAN_POINT('',(0.79859553824,0.447579905659));
#7339 = CARTESIAN_POINT('',(0.798422303216,0.44774828883));
#7340 = CARTESIAN_POINT('',(0.798249139849,0.44791914395));
#7341 = CARTESIAN_POINT('',(0.798076048376,0.448092486649));
#7342 = CARTESIAN_POINT('',(0.797903028753,0.448268333839));
#7343 = CARTESIAN_POINT('',(0.797730080954,0.448446703495));
#7344 = CARTESIAN_POINT('',(0.797557204973,0.448627614702));
#7345 = CARTESIAN_POINT('',(0.797384400821,0.4488110877));
#7346 = CARTESIAN_POINT('',(0.797211668527,0.448997143928));
#7347 = CARTESIAN_POINT('',(0.797039008139,0.449185806084));
#7348 = CARTESIAN_POINT('',(0.796866419725,0.449377098176));
#7349 = CARTESIAN_POINT('',(0.796693903374,0.44957104559));
#7350 = CARTESIAN_POINT('',(0.796521459193,0.449767675156));
#7351 = CARTESIAN_POINT('',(0.796349087313,0.449967015215));
#7352 = CARTESIAN_POINT('',(0.796176787884,0.450169095703));
#7353 = CARTESIAN_POINT('',(0.796004561081,0.450373948228));
#7354 = CARTESIAN_POINT('',(0.795832407101,0.450581606159));
#7355 = CARTESIAN_POINT('',(0.795660326166,0.450792104725));
#7356 = CARTESIAN_POINT('',(0.795488318523,0.451005481109));
#7357 = CARTESIAN_POINT('',(0.795316384444,0.451221774567));
#7358 = CARTESIAN_POINT('',(0.795144524231,0.451441026541));
#7359 = CARTESIAN_POINT('',(0.794972738211,0.451663280789));
#7360 = CARTESIAN_POINT('',(0.794801026743,0.451888583525));
#7361 = CARTESIAN_POINT('',(0.794629390215,0.452116983567));
#7362 = CARTESIAN_POINT('',(0.79445782905,0.452348532507));
#7363 = CARTESIAN_POINT('',(0.794286343702,0.452583284883));
#7364 = CARTESIAN_POINT('',(0.794114934663,0.452821298376));
#7365 = CARTESIAN_POINT('',(0.793943602463,0.453062634019));
#7366 = CARTESIAN_POINT('',(0.793772347672,0.453307356429));
#7367 = CARTESIAN_POINT('',(0.793601170896,0.453555534059));
#7368 = CARTESIAN_POINT('',(0.793430072805,0.453807239444));
#7369 = CARTESIAN_POINT('',(0.793259054059,0.454062549594));
#7370 = CARTESIAN_POINT('',(0.79308811567,0.45432154584));
#7371 = CARTESIAN_POINT('',(0.792917258489,0.454584314847));
#7372 = CARTESIAN_POINT('',(0.792746483456,0.454850948798));
#7373 = CARTESIAN_POINT('',(0.792575791607,0.455121545759));
#7374 = CARTESIAN_POINT('',(0.792405184073,0.455396210155));
#7375 = CARTESIAN_POINT('',(0.79223466209,0.455675053304));
#7376 = CARTESIAN_POINT('',(0.792064227004,0.455958194029));
#7377 = CARTESIAN_POINT('',(0.791893880278,0.456245759339));
#7378 = CARTESIAN_POINT('',(0.791723623496,0.456537885194));
#7379 = CARTESIAN_POINT('',(0.791553458394,0.456834717313));
#7380 = CARTESIAN_POINT('',(0.79138338679,0.457136412154));
#7381 = CARTESIAN_POINT('',(0.791213410912,0.457443137568));
#7382 = CARTESIAN_POINT('',(0.791043532962,0.457755074546));
#7383 = CARTESIAN_POINT('',(0.790873755365,0.458072418533));
#7384 = CARTESIAN_POINT('',(0.790704080837,0.458395380672));
#7385 = CARTESIAN_POINT('',(0.790534512391,0.45872418954));
#7386 = CARTESIAN_POINT('',(0.790365053365,0.459059093201));
#7387 = CARTESIAN_POINT('',(0.790195707442,0.459400361631));
#7388 = CARTESIAN_POINT('',(0.79002647871,0.459748289429));
#7389 = CARTESIAN_POINT('',(0.789857371612,0.460103199124));
#7390 = CARTESIAN_POINT('',(0.789688391293,0.460465443925));
#7391 = CARTESIAN_POINT('',(0.789519543643,0.460835412606));
#7392 = CARTESIAN_POINT('',(0.789350834688,0.461213535695));
#7393 = CARTESIAN_POINT('',(0.789182271593,0.461600289823));
#7394 = CARTESIAN_POINT('',(0.789013862541,0.461996205473));
#7395 = CARTESIAN_POINT('',(0.788845616872,0.462401875739));
#7396 = CARTESIAN_POINT('',(0.788677545341,0.462817966878));
#7397 = CARTESIAN_POINT('',(0.788509659824,0.463245232979));
#7398 = CARTESIAN_POINT('',(0.788341975305,0.463684527749));
#7399 = CARTESIAN_POINT('',(0.788174508497,0.4641368298));
#7400 = CARTESIAN_POINT('',(0.788007278012,0.464603269356));
#7401 = CARTESIAN_POINT('',(0.787840307363,0.465085156225));
#7402 = CARTESIAN_POINT('',(0.787673624935,0.465584025113));
#7403 = CARTESIAN_POINT('',(0.787507265189,0.466101693916));
#7404 = CARTESIAN_POINT('',(0.787341269364,0.466640346057));
#7405 = CARTESIAN_POINT('',(0.787175691338,0.467202627464));
#7406 = CARTESIAN_POINT('',(0.787010598282,0.467791809394));
#7407 = CARTESIAN_POINT('',(0.786846077945,0.468412012033));
#7408 = CARTESIAN_POINT('',(0.786682253397,0.469068495626));
#7409 = CARTESIAN_POINT('',(0.786519279743,0.469768342731));
#7410 = CARTESIAN_POINT('',(0.786357418428,0.470520827187));
#7411 = CARTESIAN_POINT('',(0.786196950106,0.471340620512));
#7412 = CARTESIAN_POINT('',(0.786038809688,0.472244176018));
#7413 = CARTESIAN_POINT('',(0.785882691539,0.473280558577));
#7414 = CARTESIAN_POINT('',(0.785754690738,0.474314072585));
#7415 = CARTESIAN_POINT('',(0.785655179129,0.475314817353));
#7416 = CARTESIAN_POINT('',(0.78556942523,0.476474929694));
#7417 = CARTESIAN_POINT('',(0.785499693485,0.478079701267));
#7418 = CARTESIAN_POINT('',(0.785524000227,0.480199432244));
#7419 = CARTESIAN_POINT('',(0.785612803293,0.481680256052));
#7420 = CARTESIAN_POINT('',(0.785775142098,0.483343513729));
#7421 = CARTESIAN_POINT('',(0.785954995123,0.484617345519));
#7422 = CARTESIAN_POINT('',(0.786136243823,0.485685806057));
#7423 = CARTESIAN_POINT('',(0.786320056007,0.486616933389));
#7424 = CARTESIAN_POINT('',(0.786504885682,0.487451508138));
#7425 = CARTESIAN_POINT('',(0.786690544788,0.488212764231));
#7426 = CARTESIAN_POINT('',(0.786876750973,0.488916240812));
#7427 = CARTESIAN_POINT('',(0.787063383448,0.489572618711));
#7428 = CARTESIAN_POINT('',(0.787250345254,0.490189654672));
#7429 = CARTESIAN_POINT('',(0.787437575956,0.49077317693));
#7430 = CARTESIAN_POINT('',(0.787625030727,0.491327689393));
#7431 = CARTESIAN_POINT('',(0.78781267774,0.49185675745));
#7432 = CARTESIAN_POINT('',(0.788000492587,0.492363256061));
#7433 = CARTESIAN_POINT('',(0.788188455948,0.492849541761));
#7434 = CARTESIAN_POINT('',(0.788376553858,0.493317577827));
#7435 = CARTESIAN_POINT('',(0.788564775776,0.493769018303));
#7436 = CARTESIAN_POINT('',(0.788753110868,0.49420526511));
#7437 = CARTESIAN_POINT('',(0.78894155226,0.494627527617));
#7438 = CARTESIAN_POINT('',(0.789130093451,0.495036851249));
#7439 = CARTESIAN_POINT('',(0.789318729189,0.495434148839));
#7440 = CARTESIAN_POINT('',(0.789507455033,0.495820222357));
#7441 = CARTESIAN_POINT('',(0.789696267888,0.496195781799));
#7442 = CARTESIAN_POINT('',(0.789885164036,0.496561456056));
#7443 = CARTESIAN_POINT('',(0.79007414057,0.496917807271));
#7444 = CARTESIAN_POINT('',(0.790263195653,0.49726534115));
#7445 = CARTESIAN_POINT('',(0.79045232736,0.497604512535));
#7446 = CARTESIAN_POINT('',(0.790641533985,0.497935732621));
#7447 = CARTESIAN_POINT('',(0.790830813951,0.498259374368));
#7448 = CARTESIAN_POINT('',(0.791020165832,0.498575777252));
#7449 = CARTESIAN_POINT('',(0.791209588344,0.498885251223));
#7450 = CARTESIAN_POINT('',(0.791399080342,0.499188080088));
#7451 = CARTESIAN_POINT('',(0.79158864082,0.499484524391));
#7452 = CARTESIAN_POINT('',(0.791778268908,0.499774823908));
#7453 = CARTESIAN_POINT('',(0.791967963872,0.500059199801));
#7454 = CARTESIAN_POINT('',(0.792157725108,0.500337856513));
#7455 = CARTESIAN_POINT('',(0.792347552159,0.500610983449));
#7456 = CARTESIAN_POINT('',(0.792537444643,0.500878756333));
#7457 = CARTESIAN_POINT('',(0.792727402511,0.501141338782));
#7458 = CARTESIAN_POINT('',(0.792917425099,0.50139888205));
#7459 = CARTESIAN_POINT('',(0.793107511058,0.50165152623));
#7460 = CARTESIAN_POINT('',(0.793297660319,0.501899403599));
#7461 = CARTESIAN_POINT('',(0.793487872487,0.502142637294));
#7462 = CARTESIAN_POINT('',(0.793678147262,0.502381342565));
#7463 = CARTESIAN_POINT('',(0.793868484329,0.502615627267));
#7464 = CARTESIAN_POINT('',(0.794058883388,0.502845592468));
#7465 = CARTESIAN_POINT('',(0.794249344147,0.503071332963));
#7466 = CARTESIAN_POINT('',(0.794439866323,0.503292937737));
#7467 = CARTESIAN_POINT('',(0.794630449644,0.503510490393));
#7468 = CARTESIAN_POINT('',(0.794821093846,0.503724069532));
#7469 = CARTESIAN_POINT('',(0.795011798679,0.503933749098));
#7470 = CARTESIAN_POINT('',(0.795202563901,0.504139598696));
#7471 = CARTESIAN_POINT('',(0.795393389283,0.504341683879));
#7472 = CARTESIAN_POINT('',(0.795584274607,0.504540066408));
#7473 = CARTESIAN_POINT('',(0.795775219665,0.50473480449));
#7474 = CARTESIAN_POINT('',(0.795966224263,0.504925953003));
#7475 = CARTESIAN_POINT('',(0.796157288217,0.505113563698));
#7476 = CARTESIAN_POINT('',(0.796348411357,0.50529768538));
#7477 = CARTESIAN_POINT('',(0.796539593524,0.505478364086));
#7478 = CARTESIAN_POINT('',(0.796730834571,0.50565564324));
#7479 = CARTESIAN_POINT('',(0.796922134367,0.505829563801));
#7480 = CARTESIAN_POINT('',(0.797113492773,0.506000164376));
#7481 = CARTESIAN_POINT('',(0.79730490975,0.506167481418));
#7482 = CARTESIAN_POINT('',(0.797496384939,0.506331549006));
#7483 = CARTESIAN_POINT('',(0.797687917976,0.506492399233));
#7484 = CARTESIAN_POINT('',(0.797879508754,0.506650062502));
#7485 = CARTESIAN_POINT('',(0.798071157094,0.506804567354));
#7486 = CARTESIAN_POINT('',(0.798262862828,0.506955940625));
#7487 = CARTESIAN_POINT('',(0.798454625783,0.507104207499));
#7488 = CARTESIAN_POINT('',(0.798646445779,0.50724939159));
#7489 = CARTESIAN_POINT('',(0.798838322635,0.507391515008));
#7490 = CARTESIAN_POINT('',(0.799030256164,0.507530598423));
#7491 = CARTESIAN_POINT('',(0.799222246176,0.507666661124));
#7492 = CARTESIAN_POINT('',(0.799414292477,0.507799721081));
#7493 = CARTESIAN_POINT('',(0.799606394871,0.507929794989));
#7494 = CARTESIAN_POINT('',(0.799798553157,0.508056898323));
#7495 = CARTESIAN_POINT('',(0.799990767129,0.508181045382));
#7496 = CARTESIAN_POINT('',(0.800183036582,0.508302249331));
#7497 = CARTESIAN_POINT('',(0.800375361303,0.508420522241));
#7498 = CARTESIAN_POINT('',(0.800567741079,0.508535875124));
#7499 = CARTESIAN_POINT('',(0.800760175691,0.508648317971));
#7500 = CARTESIAN_POINT('',(0.800952664919,0.508757859778));
#7501 = CARTESIAN_POINT('',(0.801145208539,0.50886450858));
#7502 = CARTESIAN_POINT('',(0.801337806322,0.508968271477));
#7503 = CARTESIAN_POINT('',(0.801530458039,0.509069154658));
#7504 = CARTESIAN_POINT('',(0.801723163455,0.509167163427));
#7505 = CARTESIAN_POINT('',(0.801915922333,0.509262302222));
#7506 = CARTESIAN_POINT('',(0.802108734432,0.50935457464));
#7507 = CARTESIAN_POINT('',(0.802301599508,0.509443983452));
#7508 = CARTESIAN_POINT('',(0.802494517317,0.509530530628));
#7509 = CARTESIAN_POINT('',(0.802687487589,0.50961421734));
#7510 = CARTESIAN_POINT('',(0.802880510146,0.509695044034));
#7511 = CARTESIAN_POINT('',(0.803073584286,0.509773010162));
#7512 = CARTESIAN_POINT('',(0.80326670977,0.509848114643));
#7513 = CARTESIAN_POINT('',(0.803459886347,0.509920355655));
#7514 = CARTESIAN_POINT('',(0.803653113754,0.509989730638));
#7515 = CARTESIAN_POINT('',(0.803846391718,0.510056236313));
#7516 = CARTESIAN_POINT('',(0.804039719957,0.510119868681));
#7517 = CARTESIAN_POINT('',(0.804233098176,0.510180623041));
#7518 = CARTESIAN_POINT('',(0.804426526069,0.510238493986));
#7519 = CARTESIAN_POINT('',(0.804620003319,0.510293475415));
#7520 = CARTESIAN_POINT('',(0.8048135296,0.510345560537));
#7521 = CARTESIAN_POINT('',(0.805007104571,0.510394741872));
#7522 = CARTESIAN_POINT('',(0.805200727882,0.510441011252));
#7523 = CARTESIAN_POINT('',(0.805394399172,0.510484359829));
#7524 = CARTESIAN_POINT('',(0.805588118066,0.510524778069));
#7525 = CARTESIAN_POINT('',(0.80578188418,0.510562255755));
#7526 = CARTESIAN_POINT('',(0.805975697116,0.510596781985));
#7527 = CARTESIAN_POINT('',(0.806169556465,0.510628345169));
#7528 = CARTESIAN_POINT('',(0.806363461805,0.51065693303));
#7529 = CARTESIAN_POINT('',(0.806557412703,0.510682532594));
#7530 = CARTESIAN_POINT('',(0.806751408713,0.51070513019));
#7531 = CARTESIAN_POINT('',(0.806945449375,0.510724711445));
#7532 = CARTESIAN_POINT('',(0.807139534218,0.510741261272));
#7533 = CARTESIAN_POINT('',(0.807333662756,0.510754763869));
#7534 = CARTESIAN_POINT('',(0.807527834492,0.510765202707));
#7535 = CARTESIAN_POINT('',(0.807722048915,0.510772560523));
#7536 = CARTESIAN_POINT('',(0.807916305498,0.510776819307));
#7537 = CARTESIAN_POINT('',(0.808110603702,0.510777960293));
#7538 = CARTESIAN_POINT('',(0.808304942975,0.510775963948));
#7539 = CARTESIAN_POINT('',(0.808499322747,0.510770809955));
#7540 = CARTESIAN_POINT('',(0.808693742438,0.5107624772));
#7541 = CARTESIAN_POINT('',(0.808888201448,0.51075094376));
#7542 = CARTESIAN_POINT('',(0.809082699165,0.510736186882));
#7543 = CARTESIAN_POINT('',(0.809277234961,0.510718182966));
#7544 = CARTESIAN_POINT('',(0.80947180819,0.510696907546));
#7545 = CARTESIAN_POINT('',(0.809666418193,0.510672335272));
#7546 = CARTESIAN_POINT('',(0.809861064292,0.510644439885));
#7547 = CARTESIAN_POINT('',(0.810055745792,0.510613194193));
#7548 = CARTESIAN_POINT('',(0.810250461982,0.51057857005));
#7549 = CARTESIAN_POINT('',(0.810445212132,0.510540538325));
#7550 = CARTESIAN_POINT('',(0.810639995494,0.510499068877));
#7551 = CARTESIAN_POINT('',(0.8108348113,0.510454130524));
#7552 = CARTESIAN_POINT('',(0.811029658766,0.510405691011));
#7553 = CARTESIAN_POINT('',(0.811224537086,0.510353716976));
#7554 = CARTESIAN_POINT('',(0.811419445433,0.510298173916));
#7555 = CARTESIAN_POINT('',(0.81161438296,0.510239026147));
#7556 = CARTESIAN_POINT('',(0.811809348799,0.510176236767));
#7557 = CARTESIAN_POINT('',(0.812004342064,0.510109767609));
#7558 = CARTESIAN_POINT('',(0.812199361825,0.510039579206));
#7559 = CARTESIAN_POINT('',(0.812394407209,0.50996563071));
#7560 = CARTESIAN_POINT('',(0.812589476675,0.509887880119));
#7561 = CARTESIAN_POINT('',(0.812784569272,0.509806283734));
#7562 = CARTESIAN_POINT('',(0.812979683941,0.50972079638));
#7563 = CARTESIAN_POINT('',(0.813174819598,0.509631371315));
#7564 = CARTESIAN_POINT('',(0.813369975107,0.509537960161));
#7565 = CARTESIAN_POINT('',(0.813565149289,0.509440512842));
#7566 = CARTESIAN_POINT('',(0.813760340914,0.509338977504));
#7567 = CARTESIAN_POINT('',(0.813955548706,0.509233300443));
#7568 = CARTESIAN_POINT('',(0.814150771337,0.509123426021));
#7569 = CARTESIAN_POINT('',(0.814346007429,0.509009296583));
#7570 = CARTESIAN_POINT('',(0.814541255547,0.50889085236));
#7571 = CARTESIAN_POINT('',(0.814736514206,0.508768031375));
#7572 = CARTESIAN_POINT('',(0.814931781861,0.508640769332));
#7573 = CARTESIAN_POINT('',(0.815127056909,0.508508999509));
#7574 = CARTESIAN_POINT('',(0.815322337688,0.508372652631));
#7575 = CARTESIAN_POINT('',(0.815517622472,0.508231656738));
#7576 = CARTESIAN_POINT('',(0.815712909471,0.50808593705));
#7577 = CARTESIAN_POINT('',(0.815908196827,0.507935415809));
#7578 = CARTESIAN_POINT('',(0.816103482613,0.50778001212));
#7579 = CARTESIAN_POINT('',(0.81629876483,0.507619641777));
#7580 = CARTESIAN_POINT('',(0.816494041399,0.507454217076));
#7581 = CARTESIAN_POINT('',(0.816689310175,0.507283646604));
#7582 = CARTESIAN_POINT('',(0.816884568891,0.507107835075));
#7583 = CARTESIAN_POINT('',(0.817079815335,0.506926682929));
#7584 = CARTESIAN_POINT('',(0.817275046114,0.506740087213));
#7585 = CARTESIAN_POINT('',(0.817470258938,0.506547939243));
#7586 = CARTESIAN_POINT('',(0.817665451223,0.506350125494));
#7587 = CARTESIAN_POINT('',(0.81786062025,0.506146527163));
#7588 = CARTESIAN_POINT('',(0.818055763113,0.505937019866));
#7589 = CARTESIAN_POINT('',(0.818250876726,0.50572147325));
#7590 = CARTESIAN_POINT('',(0.818445957809,0.505499750582));
#7591 = CARTESIAN_POINT('',(0.818641002883,0.505271708296));
#7592 = CARTESIAN_POINT('',(0.818836008262,0.505037195496));
#7593 = CARTESIAN_POINT('',(0.81903097004,0.504796053412));
#7594 = CARTESIAN_POINT('',(0.81922588408,0.504548114808));
#7595 = CARTESIAN_POINT('',(0.819420746007,0.504293203316));
#7596 = CARTESIAN_POINT('',(0.819615551191,0.504031132713));
#7597 = CARTESIAN_POINT('',(0.81981029473,0.50376170611));
#7598 = CARTESIAN_POINT('',(0.820004971441,0.503484715052));
#7599 = CARTESIAN_POINT('',(0.820199575835,0.503199938524));
#7600 = CARTESIAN_POINT('',(0.820394102109,0.502907141806));
#7601 = CARTESIAN_POINT('',(0.820588544081,0.5026060753));
#7602 = CARTESIAN_POINT('',(0.820782895322,0.502296472867));
#7603 = CARTESIAN_POINT('',(0.820977148557,0.501978051232));
#7604 = CARTESIAN_POINT('',(0.821171294917,0.501650509379));
#7605 = CARTESIAN_POINT('',(0.821365326942,0.501313521624));
#7606 = CARTESIAN_POINT('',(0.821559235841,0.500966739756));
#7607 = CARTESIAN_POINT('',(0.821753012085,0.500609789316));
#7608 = CARTESIAN_POINT('',(0.821946645171,0.500242266996));
#7609 = CARTESIAN_POINT('',(0.822140123605,0.499863737264));
#7610 = CARTESIAN_POINT('',(0.822333434813,0.499473728537));
#7611 = CARTESIAN_POINT('',(0.822526565038,0.499071728699));
#7612 = CARTESIAN_POINT('',(0.822719499282,0.498657179695));
#7613 = CARTESIAN_POINT('',(0.822912221005,0.498229471697));
#7614 = CARTESIAN_POINT('',(0.823104712617,0.497787934343));
#7615 = CARTESIAN_POINT('',(0.823296952928,0.497331833776));
#7616 = CARTESIAN_POINT('',(0.823488917576,0.496860361265));
#7617 = CARTESIAN_POINT('',(0.823680583483,0.496372609042));
#7618 = CARTESIAN_POINT('',(0.823871922227,0.495867570451));
#7619 = CARTESIAN_POINT('',(0.824062901234,0.495344118297));
#7620 = CARTESIAN_POINT('',(0.824253482799,0.494800983831));
#7621 = CARTESIAN_POINT('',(0.824443623694,0.494236728372));
#7622 = CARTESIAN_POINT('',(0.8246332738,0.493649710013));
#7623 = CARTESIAN_POINT('',(0.824822377024,0.49303803186));
#7624 = CARTESIAN_POINT('',(0.825010862318,0.492399508784));
#7625 = CARTESIAN_POINT('',(0.825198648469,0.491731570798));
#7626 = CARTESIAN_POINT('',(0.825385636309,0.491031178135));
#7627 = CARTESIAN_POINT('',(0.82557170214,0.49029469693));
#7628 = CARTESIAN_POINT('',(0.825756693904,0.489517702203));
#7629 = CARTESIAN_POINT('',(0.825940411878,0.488694758204));
#7630 = CARTESIAN_POINT('',(0.826122609154,0.48781896113));
#7631 = CARTESIAN_POINT('',(0.826302939419,0.486881499867));
#7632 = CARTESIAN_POINT('',(0.826480928848,0.485870656341));
#7633 = CARTESIAN_POINT('',(0.826655902685,0.484770485161));
#7634 = CARTESIAN_POINT('',(0.826826768829,0.483558070877));
#7635 = CARTESIAN_POINT('',(0.826991967001,0.482199853724));
#7636 = CARTESIAN_POINT('',(0.82714787009,0.480638536886));
#7637 = CARTESIAN_POINT('',(0.827290252746,0.478787773968));
#7638 = CARTESIAN_POINT('',(0.827360786026,0.477218072455));
#7639 = CARTESIAN_POINT('',(0.827387008824,0.476319628017));
#7640 = ( GEOMETRIC_REPRESENTATION_CONTEXT(2) 
PARAMETRIC_REPRESENTATION_CONTEXT() REPRESENTATION_CONTEXT('2D SPACE',''
  ) );
#7641 = PCURVE('',#7642,#7647);
#7642 = CYLINDRICAL_SURFACE('',#7643,70.);
#7643 = AXIS2_PLACEMENT_3D('',#7644,#7645,#7646);
#7644 = CARTESIAN_POINT('',(0.,-1.43E+03,180.));
#7645 = DIRECTION('',(-1.,-0.,-0.));
#7646 = DIRECTION('',(0.,1.,0.));
#7647 = DEFINITIONAL_REPRESENTATION('',(#7648),#8114);
#7648 = B_SPLINE_CURVE_WITH_KNOTS('',3,(#7649,#7650,#7651,#7652,#7653,
    #7654,#7655,#7656,#7657,#7658,#7659,#7660,#7661,#7662,#7663,#7664,
    #7665,#7666,#7667,#7668,#7669,#7670,#7671,#7672,#7673,#7674,#7675,
    #7676,#7677,#7678,#7679,#7680,#7681,#7682,#7683,#7684,#7685,#7686,
    #7687,#7688,#7689,#7690,#7691,#7692,#7693,#7694,#7695,#7696,#7697,
    #7698,#7699,#7700,#7701,#7702,#7703,#7704,#7705,#7706,#7707,#7708,
    #7709,#7710,#7711,#7712,#7713,#7714,#7715,#7716,#7717,#7718,#7719,
    #7720,#7721,#7722,#7723,#7724,#7725,#7726,#7727,#7728,#7729,#7730,
    #7731,#7732,#7733,#7734,#7735,#7736,#7737,#7738,#7739,#7740,#7741,
    #7742,#7743,#7744,#7745,#7746,#7747,#7748,#7749,#7750,#7751,#7752,
    #7753,#7754,#7755,#7756,#7757,#7758,#7759,#7760,#7761,#7762,#7763,
    #7764,#7765,#7766,#7767,#7768,#7769,#7770,#7771,#7772,#7773,#7774,
    #7775,#7776,#7777,#7778,#7779,#7780,#7781,#7782,#7783,#7784,#7785,
    #7786,#7787,#7788,#7789,#7790,#7791,#7792,#7793,#7794,#7795,#7796,
    #7797,#7798,#7799,#7800,#7801,#7802,#7803,#7804,#7805,#7806,#7807,
    #7808,#7809,#7810,#7811,#7812,#7813,#7814,#7815,#7816,#7817,#7818,
    #7819,#7820,#7821,#7822,#7823,#7824,#7825,#7826,#7827,#7828,#7829,
    #7830,#7831,#7832,#7833,#7834,#7835,#7836,#7837,#7838,#7839,#7840,
    #7841,#7842,#7843,#7844,#7845,#7846,#7847,#7848,#7849,#7850,#7851,
    #7852,#7853,#7854,#7855,#7856,#7857,#7858,#7859,#7860,#7861,#7862,
    #7863,#7864,#7865,#7866,#7867,#7868,#7869,#7870,#7871,#7872,#7873,
    #7874,#7875,#7876,#7877,#7878,#7879,#7880,#7881,#7882,#7883,#7884,
    #7885,#7886,#7887,#7888,#7889,#7890,#7891,#7892,#7893,#7894,#7895,
    #7896,#7897,#7898,#7899,#7900,#7901,#7902,#7903,#7904,#7905,#7906,
    #7907,#7908,#7909,#7910,#7911,#7912,#7913,#7914,#7915,#7916,#7917,
    #7918,#7919,#7920,#7921,#7922,#7923,#7924,#7925,#7926,#7927,#7928,
    #7929,#7930,#7931,#7932,#7933,#7934,#7935,#7936,#7937,#7938,#7939,
    #7940,#7941,#7942,#7943,#7944,#7945,#7946,#7947,#7948,#7949,#7950,
    #7951,#7952,#7953,#7954,#7955,#7956,#7957,#7958,#7959,#7960,#7961,
    #7962,#7963,#7964,#7965,#7966,#7967,#7968,#7969,#7970,#7971,#7972,
    #7973,#7974,#7975,#7976,#7977,#7978,#7979,#7980,#7981,#7982,#7983,
    #7984,#7985,#7986,#7987,#7988,#7989,#7990,#7991,#7992,#7993,#7994,
    #7995,#7996,#7997,#7998,#7999,#8000,#8001,#8002,#8003,#8004,#8005,
    #8006,#8007,#8008,#8009,#8010,#8011,#8012,#8013,#8014,#8015,#8016,
    #8017,#8018,#8019,#8020,#8021,#8022,#8023,#8024,#8025,#8026,#8027,
    #8028,#8029,#8030,#8031,#8032,#8033,#8034,#8035,#8036,#8037,#8038,
    #8039,#8040,#8041,#8042,#8043,#8044,#8045,#8046,#8047,#8048,#8049,
    #8050,#8051,#8052,#8053,#8054,#8055,#8056,#8057,#8058,#8059,#8060,
    #8061,#8062,#8063,#8064,#8065,#8066,#8067,#8068,#8069,#8070,#8071,
    #8072,#8073,#8074,#8075,#8076,#8077,#8078,#8079,#8080,#8081,#8082,
    #8083,#8084,#8085,#8086,#8087,#8088,#8089,#8090,#8091,#8092,#8093,
    #8094,#8095,#8096,#8097,#8098,#8099,#8100,#8101,#8102,#8103,#8104,
    #8105,#8106,#8107,#8108,#8109,#8110,#8111,#8112,#8113),
  .UNSPECIFIED.,.F.,.F.,(4,1,1,1,1,1,1,1,1,1,1,1,1,1,1,1,1,1,1,1,1,1,1,1
    ,1,1,1,1,1,1,1,1,1,1,1,1,1,1,1,1,1,1,1,1,1,1,1,1,1,1,1,1,1,1,1,1,1,1
    ,1,1,1,1,1,1,1,1,1,1,1,1,1,1,1,1,1,1,1,1,1,1,1,1,1,1,1,1,1,1,1,1,1,1
    ,1,1,1,1,1,1,1,1,1,1,1,1,1,1,1,1,1,1,1,1,1,1,1,1,1,1,1,1,1,1,1,1,1,1
    ,1,1,1,1,1,1,1,1,1,1,1,1,1,1,1,1,1,1,1,1,1,1,1,1,1,1,1,1,1,1,1,1,1,1
    ,1,1,1,1,1,1,1,1,1,1,1,1,1,1,1,1,1,1,1,1,1,1,1,1,1,1,1,1,1,1,1,1,1,1
    ,1,1,1,1,1,1,1,1,1,1,1,1,1,1,1,1,1,1,1,1,1,1,1,1,1,1,1,1,1,1,1,1,1,1
    ,1,1,1,1,1,1,1,1,1,1,1,1,1,1,1,1,1,1,1,1,1,1,1,1,1,1,1,1,1,1,1,1,1,1
    ,1,1,1,1,1,1,1,1,1,1,1,1,1,1,1,1,1,1,1,1,1,1,1,1,1,1,1,1,1,1,1,1,1,1
    ,1,1,1,1,1,1,1,1,1,1,1,1,1,1,1,1,1,1,1,1,1,1,1,1,1,1,1,1,1,1,1,1,1,1
    ,1,1,1,1,1,1,1,1,1,1,1,1,1,1,1,1,1,1,1,1,1,1,1,1,1,1,1,1,1,1,1,1,1,1
    ,1,1,1,1,1,1,1,1,1,1,1,1,1,1,1,1,1,1,1,1,1,1,1,1,1,1,1,1,1,1,1,1,1,1
    ,1,1,1,1,1,1,1,1,1,1,1,1,1,1,1,1,1,1,1,1,1,1,1,1,1,1,1,1,1,1,1,1,1,1
    ,1,1,1,1,1,1,1,1,1,1,1,1,1,1,1,1,1,1,1,1,1,1,1,1,1,1,1,1,1,1,4),(0.,
    4.228999675806E-03,8.457999351611E-03,1.268699902742E-02,
    1.691599870322E-02,2.114499837903E-02,2.537399805483E-02,
    2.960299773064E-02,3.383199740645E-02,3.806099708225E-02,
    4.228999675806E-02,4.651899643386E-02,5.074799610967E-02,
    5.497699578547E-02,5.920599546128E-02,6.343499513708E-02,
    6.766399481289E-02,7.18929944887E-02,7.61219941645E-02,
    8.035099384031E-02,8.457999351611E-02,8.880899319192E-02,
    9.303799286772E-02,9.726699254353E-02,0.101495992219,0.105724991895,
    0.109953991571,0.114182991247,0.118411990923,0.122640990598,
    0.126869990274,0.13109898995,0.135327989626,0.139556989302,
    0.143785988977,0.148014988653,0.152243988329,0.156472988005,
    0.160701987681,0.164930987356,0.169159987032,0.173388986708,
    0.177617986384,0.18184698606,0.186075985735,0.190304985411,
    0.194533985087,0.198762984763,0.202991984439,0.207220984114,
    0.21144998379,0.215678983466,0.219907983142,0.224136982818,
    0.228365982494,0.232594982169,0.236823981845,0.241052981521,
    0.245281981197,0.249510980873,0.253739980548,0.257968980224,
    0.2621979799,0.266426979576,0.270655979252,0.274884978927,
    0.279113978603,0.283342978279,0.287571977955,0.291800977631,
    0.296029977306,0.300258976982,0.304487976658,0.308716976334,
    0.31294597601,0.317174975685,0.321403975361,0.325632975037,
    0.329861974713,0.334090974389,0.338319974064,0.34254897374,
    0.346777973416,0.351006973092,0.355235972768,0.359464972443,
    0.363693972119,0.367922971795,0.372151971471,0.376380971147,
    0.380609970823,0.384838970498,0.389067970174,0.39329696985,
    0.397525969526,0.401754969202,0.405983968877,0.410212968553,
    0.414441968229,0.418670967905,0.422899967581,0.427128967256,
    0.431357966932,0.435586966608,0.439815966284,0.44404496596,
    0.448273965635,0.452502965311,0.456731964987,0.460960964663,
    0.465189964339,0.469418964014,0.47364796369,0.477876963366,
    0.482105963042,0.486334962718,0.490563962393,0.494792962069,
    0.499021961745,0.503250961421,0.507479961097,0.511708960772,
    0.515937960448,0.520166960124,0.5243959598,0.528624959476,
    0.532853959152,0.537082958827,0.541311958503,0.545540958179,
    0.549769957855,0.553998957531,0.558227957206,0.562456956882,
    0.566685956558,0.570914956234,0.57514395591,0.579372955585,
    0.583601955261,0.587830954937,0.592059954613,0.596288954289,
    0.600517953964,0.60474695364,0.608975953316,0.613204952992,
    0.617433952668,0.621662952343,0.625891952019,0.630120951695,
    0.634349951371,0.638578951047,0.642807950722,0.647036950398,
    0.651265950074,0.65549494975,0.659723949426,0.663952949101,
    0.668181948777,0.672410948453,0.676639948129,0.680868947805,
    0.685097947481,0.689326947156,0.693555946832,0.697784946508,
    0.702013946184,0.70624294586,0.710471945535,0.714700945211,
    0.718929944887,0.723158944563,0.727387944239,0.731616943914,
    0.73584594359,0.740074943266,0.744303942942,0.748532942618,
    0.752761942293,0.756990941969,0.761219941645,0.765448941321,
    0.769677940997,0.773906940672,0.778135940348,0.782364940024,
    0.7865939397,0.790822939376,0.795051939051,0.799280938727,
    0.803509938403,0.807738938079,0.811967937755,0.81619693743,
    0.820425937106,0.824654936782,0.828883936458,0.833112936134,
    0.83734193581,0.841570935485,0.845799935161,0.850028934837,
    0.854257934513,0.858486934189,0.862715933864,0.86694493354,
    0.871173933216,0.875402932892,0.879631932568,0.883860932243,
    0.888089931919,0.892318931595,0.896547931271,0.900776930947,
    0.905005930622,0.909234930298,0.913463929974,0.91769292965,
    0.921921929326,0.926150929001,0.930379928677,0.934608928353,
    0.938837928029,0.943066927705,0.94729592738,0.951524927056,
    0.955753926732,0.959982926408,0.964211926084,0.968440925759,
    0.972669925435,0.976898925111,0.981127924787,0.985356924463,
    0.989585924139,0.993814923814,0.99804392349,1.002272923166,
    1.006501922842,1.010730922518,1.014959922193,1.019188921869,
    1.023417921545,1.027646921221,1.031875920897,1.036104920572,
    1.040333920248,1.044562919924,1.0487919196,1.053020919276,
    1.057249918951,1.061478918627,1.065707918303,1.069936917979,
    1.074165917655,1.07839491733,1.082623917006,1.086852916682,
    1.091081916358,1.095310916034,1.099539915709,1.103768915385,
    1.107997915061,1.112226914737,1.116455914413,1.120684914089,
    1.124913913764,1.12914291344,1.133371913116,1.137600912792,
    1.141829912468,1.146058912143,1.150287911819,1.154516911495,
    1.158745911171,1.162974910847,1.167203910522,1.171432910198,
    1.175661909874,1.17989090955,1.184119909226,1.188348908901,
    1.192577908577,1.196806908253,1.201035907929,1.205264907605,
    1.20949390728,1.213722906956,1.217951906632,1.222180906308,
    1.226409905984,1.230638905659,1.234867905335,1.239096905011,
    1.243325904687,1.247554904363,1.251783904038,1.256012903714,
    1.26024190339,1.264470903066,1.268699902742,1.272928902418,
    1.277157902093,1.281386901769,1.285615901445,1.289844901121,
    1.294073900797,1.298302900472,1.302531900148,1.306760899824,
    1.3109898995,1.315218899176,1.319447898851,1.323676898527,
    1.327905898203,1.332134897879,1.336363897555,1.34059289723,
    1.344821896906,1.349050896582,1.353279896258,1.357508895934,
    1.361737895609,1.365966895285,1.370195894961,1.374424894637,
    1.378653894313,1.382882893988,1.387111893664,1.39134089334,
    1.395569893016,1.399798892692,1.404027892367,1.408256892043,
    1.412485891719,1.416714891395,1.420943891071,1.425172890747,
    1.429401890422,1.433630890098,1.437859889774,1.44208888945,
    1.446317889126,1.450546888801,1.454775888477,1.459004888153,
    1.463233887829,1.467462887505,1.47169188718,1.475920886856,
    1.480149886532,1.484378886208,1.488607885884,1.492836885559,
    1.497065885235,1.501294884911,1.505523884587,1.509752884263,
    1.513981883938,1.518210883614,1.52243988329,1.526668882966,
    1.530897882642,1.535126882317,1.539355881993,1.543584881669,
    1.547813881345,1.552042881021,1.556271880696,1.560500880372,
    1.564729880048,1.568958879724,1.5731878794,1.577416879076,
    1.581645878751,1.585874878427,1.590103878103,1.594332877779,
    1.598561877455,1.60279087713,1.607019876806,1.611248876482,
    1.615477876158,1.619706875834,1.623935875509,1.628164875185,
    1.632393874861,1.636622874537,1.640851874213,1.645080873888,
    1.649309873564,1.65353887324,1.657767872916,1.661996872592,
    1.666225872267,1.670454871943,1.674683871619,1.678912871295,
    1.683141870971,1.687370870646,1.691599870322,1.695828869998,
    1.700057869674,1.70428686935,1.708515869025,1.712744868701,
    1.716973868377,1.721202868053,1.725431867729,1.729660867405,
    1.73388986708,1.738118866756,1.742347866432,1.746576866108,
    1.750805865784,1.755034865459,1.759263865135,1.763492864811,
    1.767721864487,1.771950864163,1.776179863838,1.780408863514,
    1.78463786319,1.788866862866,1.793095862542,1.797324862217,
    1.801553861893,1.805782861569,1.810011861245,1.814240860921,
    1.818469860596,1.822698860272,1.826927859948,1.831156859624,
    1.8353858593,1.839614858975,1.843843858651,1.848072858327,
    1.852301858003,1.856530857679,1.860759857354,1.86498885703,
    1.869217856706,1.873446856382,1.877675856058,1.881904855734,
    1.886133855409,1.890362855085,1.894591854761,1.898820854437,
    1.903049854113,1.907278853788,1.911507853464,1.91573685314,
    1.919965852816,1.924194852492,1.928423852167,1.932652851843,
    1.936881851519,1.941110851195,1.945339850871,1.949568850546,
    1.953797850222),.QUASI_UNIFORM_KNOTS.);
#7649 = CARTESIAN_POINT('',(-6.28318530718,-1.879743365826E+03));
#7650 = CARTESIAN_POINT('',(-6.258086647703,-1.880666324584E+03));
#7651 = CARTESIAN_POINT('',(-6.202795235476,-1.881376965285E+03));
#7652 = CARTESIAN_POINT('',(-6.118299628824,-1.8799933307E+03));
#7653 = CARTESIAN_POINT('',(-6.055672374,-1.877059054452E+03));
#7654 = CARTESIAN_POINT('',(-6.004379640963,-1.873673573447E+03));
#7655 = CARTESIAN_POINT('',(-5.960943359669,-1.870024303231E+03));
#7656 = CARTESIAN_POINT('',(-5.92267681548,-1.866241017642E+03));
#7657 = CARTESIAN_POINT('',(-5.888214043329,-1.862369209244E+03));
#7658 = CARTESIAN_POINT('',(-5.856633281339,-1.858438002483E+03));
#7659 = CARTESIAN_POINT('',(-5.827338362228,-1.854463914152E+03));
#7660 = CARTESIAN_POINT('',(-5.799901811628,-1.85045748509E+03));
#7661 = CARTESIAN_POINT('',(-5.774013883983,-1.846425944641E+03));
#7662 = CARTESIAN_POINT('',(-5.749439628766,-1.842374366373E+03));
#7663 = CARTESIAN_POINT('',(-5.72599662055,-1.838306407016E+03));
#7664 = CARTESIAN_POINT('',(-5.703540376609,-1.834224858859E+03));
#7665 = CARTESIAN_POINT('',(-5.68195389273,-1.830131830776E+03));
#7666 = CARTESIAN_POINT('',(-5.661141166228,-1.826028992267E+03));
#7667 = CARTESIAN_POINT('',(-5.641022395434,-1.821917705698E+03));
#7668 = CARTESIAN_POINT('',(-5.621530215782,-1.817799060364E+03));
#7669 = CARTESIAN_POINT('',(-5.602606817226,-1.813673852557E+03));
#7670 = CARTESIAN_POINT('',(-5.584203255772,-1.80954290685E+03));
#7671 = CARTESIAN_POINT('',(-5.566276646071,-1.80540682237E+03));
#7672 = CARTESIAN_POINT('',(-5.548789610148,-1.801266124212E+03));
#7673 = CARTESIAN_POINT('',(-5.531709309111,-1.797121268942E+03));
#7674 = CARTESIAN_POINT('',(-5.515006687203,-1.792972651893E+03));
#7675 = CARTESIAN_POINT('',(-5.498655863048,-1.788820610445E+03));
#7676 = CARTESIAN_POINT('',(-5.482633669968,-1.784665433742E+03));
#7677 = CARTESIAN_POINT('',(-5.466919177654,-1.780507344675E+03));
#7678 = CARTESIAN_POINT('',(-5.451493818383,-1.776346624964E+03));
#7679 = CARTESIAN_POINT('',(-5.436340520221,-1.772183460397E+03));
#7680 = CARTESIAN_POINT('',(-5.421443792432,-1.768018025046E+03));
#7681 = CARTESIAN_POINT('',(-5.406789511066,-1.763850477696E+03));
#7682 = CARTESIAN_POINT('',(-5.392364757191,-1.759680964095E+03));
#7683 = CARTESIAN_POINT('',(-5.378157673789,-1.75550961745E+03));
#7684 = CARTESIAN_POINT('',(-5.364157345022,-1.751336559236E+03));
#7685 = CARTESIAN_POINT('',(-5.35035369225,-1.747161899779E+03));
#7686 = CARTESIAN_POINT('',(-5.336737384462,-1.742985738816E+03));
#7687 = CARTESIAN_POINT('',(-5.323299760228,-1.738808165884E+03));
#7688 = CARTESIAN_POINT('',(-5.310032760518,-1.734629260986E+03));
#7689 = CARTESIAN_POINT('',(-5.29692886616,-1.730449093976E+03));
#7690 = CARTESIAN_POINT('',(-5.283981056474,-1.726267728491E+03));
#7691 = CARTESIAN_POINT('',(-5.271182722608,-1.722085208721E+03));
#7692 = CARTESIAN_POINT('',(-5.258527780621,-1.71790161008E+03));
#7693 = CARTESIAN_POINT('',(-5.246010537369,-1.713717009309E+03));
#7694 = CARTESIAN_POINT('',(-5.233625544038,-1.709531445728E+03));
#7695 = CARTESIAN_POINT('',(-5.221367701102,-1.705344965718E+03));
#7696 = CARTESIAN_POINT('',(-5.209232195967,-1.701157610926E+03));
#7697 = CARTESIAN_POINT('',(-5.197214488848,-1.696969421533E+03));
#7698 = CARTESIAN_POINT('',(-5.185310288769,-1.692780435482E+03));
#7699 = CARTESIAN_POINT('',(-5.173515534925,-1.688590688773E+03));
#7700 = CARTESIAN_POINT('',(-5.161826379041,-1.684400215468E+03));
#7701 = CARTESIAN_POINT('',(-5.150239169605,-1.680209047761E+03));
#7702 = CARTESIAN_POINT('',(-5.138750437527,-1.676017216029E+03));
#7703 = CARTESIAN_POINT('',(-5.127356883109,-1.671824748878E+03));
#7704 = CARTESIAN_POINT('',(-5.116055364174,-1.667631673189E+03));
#7705 = CARTESIAN_POINT('',(-5.104842885225,-1.663438014152E+03));
#7706 = CARTESIAN_POINT('',(-5.093716587522,-1.659243795307E+03));
#7707 = CARTESIAN_POINT('',(-5.082673739981,-1.655049038576E+03));
#7708 = CARTESIAN_POINT('',(-5.071711730807,-1.650853764292E+03));
#7709 = CARTESIAN_POINT('',(-5.060828059815,-1.646657991235E+03));
#7710 = CARTESIAN_POINT('',(-5.050020331273,-1.642461736626E+03));
#7711 = CARTESIAN_POINT('',(-5.039286247628,-1.638265016263E+03));
#7712 = CARTESIAN_POINT('',(-5.028623602549,-1.63406784415E+03));
#7713 = CARTESIAN_POINT('',(-5.018030278925,-1.629870233954E+03));
#7714 = CARTESIAN_POINT('',(-5.007504230642,-1.62567219367E+03));
#7715 = CARTESIAN_POINT('',(-4.997043563601,-1.621473760367E+03));
#7716 = CARTESIAN_POINT('',(-4.986646391969,-1.617274944477E+03));
#7717 = CARTESIAN_POINT('',(-4.976310905733,-1.613075758276E+03));
#7718 = CARTESIAN_POINT('',(-4.966035359794,-1.608876213149E+03));
#7719 = CARTESIAN_POINT('',(-4.955818072204,-1.60467632033E+03));
#7720 = CARTESIAN_POINT('',(-4.945657420251,-1.600476090705E+03));
#7721 = CARTESIAN_POINT('',(-4.935551837407,-1.596275534874E+03));
#7722 = CARTESIAN_POINT('',(-4.925499810299,-1.59207466314E+03));
#7723 = CARTESIAN_POINT('',(-4.915499875925,-1.587873485515E+03));
#7724 = CARTESIAN_POINT('',(-4.905550619023,-1.583672011726E+03));
#7725 = CARTESIAN_POINT('',(-4.89565066961,-1.579470251215E+03));
#7726 = CARTESIAN_POINT('',(-4.885798700673,-1.575268213144E+03));
#7727 = CARTESIAN_POINT('',(-4.875993425996,-1.571065906397E+03));
#7728 = CARTESIAN_POINT('',(-4.866233598115,-1.566863339586E+03));
#7729 = CARTESIAN_POINT('',(-4.8565180064,-1.56266052105E+03));
#7730 = CARTESIAN_POINT('',(-4.84684547524,-1.558457458859E+03));
#7731 = CARTESIAN_POINT('',(-4.837214862331,-1.554254160817E+03));
#7732 = CARTESIAN_POINT('',(-4.827625057071,-1.550050634462E+03));
#7733 = CARTESIAN_POINT('',(-4.818074979023,-1.545846887072E+03));
#7734 = CARTESIAN_POINT('',(-4.80856357648,-1.541642925663E+03));
#7735 = CARTESIAN_POINT('',(-4.799089825093,-1.537438756993E+03));
#7736 = CARTESIAN_POINT('',(-4.789652726578,-1.533234387564E+03));
#7737 = CARTESIAN_POINT('',(-4.780251307479,-1.529029823622E+03));
#7738 = CARTESIAN_POINT('',(-4.770884618006,-1.52482507116E+03));
#7739 = CARTESIAN_POINT('',(-4.761551730921,-1.52062013592E+03));
#7740 = CARTESIAN_POINT('',(-4.752251740475,-1.516415023393E+03));
#7741 = CARTESIAN_POINT('',(-4.742983761409,-1.512209738821E+03));
#7742 = CARTESIAN_POINT('',(-4.733746927989,-1.508004287198E+03));
#7743 = CARTESIAN_POINT('',(-4.724540393089,-1.503798673272E+03));
#7744 = CARTESIAN_POINT('',(-4.715363327321,-1.499592901545E+03));
#7745 = CARTESIAN_POINT('',(-4.706214918192,-1.495386976277E+03));
#7746 = CARTESIAN_POINT('',(-4.697094369319,-1.491180901482E+03));
#7747 = CARTESIAN_POINT('',(-4.688000899631,-1.486974680928E+03));
#7748 = CARTESIAN_POINT('',(-4.678933742741,-1.482768318173E+03));
#7749 = CARTESIAN_POINT('',(-4.669892145863,-1.478561816401E+03));
#7750 = CARTESIAN_POINT('',(-4.660875370529,-1.474355179067E+03));
#7751 = CARTESIAN_POINT('',(-4.651882686754,-1.470148407474E+03));
#7752 = CARTESIAN_POINT('',(-4.64291339173,-1.465941509827E+03));
#7753 = CARTESIAN_POINT('',(-4.63396679961,-1.461734496813E+03));
#7754 = CARTESIAN_POINT('',(-4.625042216355,-1.457527370016E+03));
#7755 = CARTESIAN_POINT('',(-4.61613896371,-1.453320133418E+03));
#7756 = CARTESIAN_POINT('',(-4.607256372098,-1.449112790326E+03));
#7757 = CARTESIAN_POINT('',(-4.598393781846,-1.444905344197E+03));
#7758 = CARTESIAN_POINT('',(-4.589550542202,-1.440697798414E+03));
#7759 = CARTESIAN_POINT('',(-4.580726010957,-1.436490156348E+03));
#7760 = CARTESIAN_POINT('',(-4.571919553925,-1.43228242134E+03));
#7761 = CARTESIAN_POINT('',(-4.563130544481,-1.428074596705E+03));
#7762 = CARTESIAN_POINT('',(-4.554358363094,-1.423866685732E+03));
#7763 = CARTESIAN_POINT('',(-4.545602396879,-1.419658691685E+03));
#7764 = CARTESIAN_POINT('',(-4.536862039156,-1.415450617799E+03));
#7765 = CARTESIAN_POINT('',(-4.528136689024,-1.411242467285E+03));
#7766 = CARTESIAN_POINT('',(-4.519425750936,-1.407034243324E+03));
#7767 = CARTESIAN_POINT('',(-4.510728634286,-1.402825949074E+03));
#7768 = CARTESIAN_POINT('',(-4.502044753008,-1.398617587662E+03));
#7769 = CARTESIAN_POINT('',(-4.493373525171,-1.394409162191E+03));
#7770 = CARTESIAN_POINT('',(-4.484714372589,-1.390200675736E+03));
#7771 = CARTESIAN_POINT('',(-4.476066720432,-1.385992131345E+03));
#7772 = CARTESIAN_POINT('',(-4.467429996839,-1.381783532039E+03));
#7773 = CARTESIAN_POINT('',(-4.458803632542,-1.37757488081E+03));
#7774 = CARTESIAN_POINT('',(-4.45018706048,-1.373366180627E+03));
#7775 = CARTESIAN_POINT('',(-4.441579715429,-1.369157434428E+03));
#7776 = CARTESIAN_POINT('',(-4.432981033624,-1.364948645126E+03));
#7777 = CARTESIAN_POINT('',(-4.424390452383,-1.360739815607E+03));
#7778 = CARTESIAN_POINT('',(-4.415807409734,-1.356530948728E+03));
#7779 = CARTESIAN_POINT('',(-4.407231344037,-1.352322047321E+03));
#7780 = CARTESIAN_POINT('',(-4.39866169361,-1.348113114191E+03));
#7781 = CARTESIAN_POINT('',(-4.390097896347,-1.343904152115E+03));
#7782 = CARTESIAN_POINT('',(-4.381539389337,-1.339695163845E+03));
#7783 = CARTESIAN_POINT('',(-4.372985608479,-1.335486152106E+03));
#7784 = CARTESIAN_POINT('',(-4.364435988095,-1.331277119596E+03));
#7785 = CARTESIAN_POINT('',(-4.355889960534,-1.327068068987E+03));
#7786 = CARTESIAN_POINT('',(-4.347346955774,-1.322859002923E+03));
#7787 = CARTESIAN_POINT('',(-4.338806401032,-1.318649924029E+03));
#7788 = CARTESIAN_POINT('',(-4.330267720297,-1.314440834881E+03));
#7789 = CARTESIAN_POINT('',(-4.321730334145,-1.310231738121E+03));
#7790 = CARTESIAN_POINT('',(-4.313193658443,-1.30602263601E+03));
#7791 = CARTESIAN_POINT('',(-4.304657107203,-1.301813532124E+03));
#7792 = CARTESIAN_POINT('',(-4.296120092321,-1.297604431421E+03));
#7793 = CARTESIAN_POINT('',(-4.287582015072,-1.293395336154E+03));
#7794 = CARTESIAN_POINT('',(-4.279042272367,-1.289186249352E+03));
#7795 = CARTESIAN_POINT('',(-4.270500254531,-1.284977173912E+03));
#7796 = CARTESIAN_POINT('',(-4.26195534528,-1.280768112844E+03));
#7797 = CARTESIAN_POINT('',(-4.253406921086,-1.276559069207E+03));
#7798 = CARTESIAN_POINT('',(-4.244854350685,-1.272350046124E+03));
#7799 = CARTESIAN_POINT('',(-4.236296994518,-1.268141046782E+03));
#7800 = CARTESIAN_POINT('',(-4.227734204156,-1.263932074431E+03));
#7801 = CARTESIAN_POINT('',(-4.219165321703,-1.259723132385E+03));
#7802 = CARTESIAN_POINT('',(-4.210589679175,-1.255514224027E+03));
#7803 = CARTESIAN_POINT('',(-4.20200659784,-1.251305352804E+03));
#7804 = CARTESIAN_POINT('',(-4.193415387546,-1.247096522233E+03));
#7805 = CARTESIAN_POINT('',(-4.184815346,-1.242887735899E+03));
#7806 = CARTESIAN_POINT('',(-4.176205758033,-1.238678997458E+03));
#7807 = CARTESIAN_POINT('',(-4.167585894816,-1.23447031064E+03));
#7808 = CARTESIAN_POINT('',(-4.158955013056,-1.230261679246E+03));
#7809 = CARTESIAN_POINT('',(-4.150312354145,-1.226053107154E+03));
#7810 = CARTESIAN_POINT('',(-4.141657143271,-1.221844598314E+03));
#7811 = CARTESIAN_POINT('',(-4.132988588551,-1.217636156778E+03));
#7812 = CARTESIAN_POINT('',(-4.124305879846,-1.213427786585E+03));
#7813 = CARTESIAN_POINT('',(-4.11560818863,-1.209219492205E+03));
#7814 = CARTESIAN_POINT('',(-4.106894663703,-1.205011276892E+03));
#7815 = CARTESIAN_POINT('',(-4.098164446828,-1.200803151161E+03));
#7816 = CARTESIAN_POINT('',(-4.089416642976,-1.196595118548E+03));
#7817 = CARTESIAN_POINT('',(-4.080650333689,-1.192387182967E+03));
#7818 = CARTESIAN_POINT('',(-4.07186457555,-1.1881793486E+03));
#7819 = CARTESIAN_POINT('',(-4.063058398844,-1.183971619929E+03));
#7820 = CARTESIAN_POINT('',(-4.05423080603,-1.179764001735E+03));
#7821 = CARTESIAN_POINT('',(-4.045380770128,-1.175556499103E+03));
#7822 = CARTESIAN_POINT('',(-4.036507232994,-1.171349117432E+03));
#7823 = CARTESIAN_POINT('',(-4.027609103465,-1.167141862435E+03));
#7824 = CARTESIAN_POINT('',(-4.018685255394,-1.162934740151E+03));
#7825 = CARTESIAN_POINT('',(-4.009734525542,-1.158727756949E+03));
#7826 = CARTESIAN_POINT('',(-4.000755711333,-1.154520919537E+03));
#7827 = CARTESIAN_POINT('',(-3.991747568453,-1.15031423497E+03));
#7828 = CARTESIAN_POINT('',(-3.982708808278,-1.146107710658E+03));
#7829 = CARTESIAN_POINT('',(-3.973638095124,-1.141901354378E+03));
#7830 = CARTESIAN_POINT('',(-3.964534043292,-1.137695174278E+03));
#7831 = CARTESIAN_POINT('',(-3.955395213886,-1.133489178897E+03));
#7832 = CARTESIAN_POINT('',(-3.9462201114,-1.129283377167E+03));
#7833 = CARTESIAN_POINT('',(-3.937007180017,-1.125077778435E+03));
#7834 = CARTESIAN_POINT('',(-3.927754799628,-1.120872392467E+03));
#7835 = CARTESIAN_POINT('',(-3.918461281503,-1.116667229473E+03));
#7836 = CARTESIAN_POINT('',(-3.909124863617,-1.112462300114E+03));
#7837 = CARTESIAN_POINT('',(-3.899743705562,-1.108257615527E+03));
#7838 = CARTESIAN_POINT('',(-3.890315883034,-1.104053187338E+03));
#7839 = CARTESIAN_POINT('',(-3.880839381807,-1.099849027683E+03));
#7840 = CARTESIAN_POINT('',(-3.871312091273,-1.095645149254E+03));
#7841 = CARTESIAN_POINT('',(-3.861731797068,-1.091441565213E+03));
#7842 = CARTESIAN_POINT('',(-3.85209617431,-1.087238289653E+03));
#7843 = CARTESIAN_POINT('',(-3.842402775521,-1.083035335982E+03));
#7844 = CARTESIAN_POINT('',(-3.832649040218,-1.078832725609E+03));
#7845 = CARTESIAN_POINT('',(-3.822832257943,-1.074630475359E+03));
#7846 = CARTESIAN_POINT('',(-3.812949567773,-1.070428603606E+03));
#7847 = CARTESIAN_POINT('',(-3.80299794721,-1.066227130246E+03));
#7848 = CARTESIAN_POINT('',(-3.792974198683,-1.062026076776E+03));
#7849 = CARTESIAN_POINT('',(-3.782874934286,-1.057825466362E+03));
#7850 = CARTESIAN_POINT('',(-3.772696558459,-1.053625323907E+03));
#7851 = CARTESIAN_POINT('',(-3.762435248703,-1.049425676177E+03));
#7852 = CARTESIAN_POINT('',(-3.752086933857,-1.045226551766E+03));
#7853 = CARTESIAN_POINT('',(-3.741647271317,-1.041027981691E+03));
#7854 = CARTESIAN_POINT('',(-3.731111617775,-1.036829997694E+03));
#7855 = CARTESIAN_POINT('',(-3.720475014889,-1.032632640043E+03));
#7856 = CARTESIAN_POINT('',(-3.709732133206,-1.028435946692E+03));
#7857 = CARTESIAN_POINT('',(-3.698877239329,-1.024239959237E+03));
#7858 = CARTESIAN_POINT('',(-3.687904159787,-1.020044724348E+03));
#7859 = CARTESIAN_POINT('',(-3.676806230988,-1.015850293695E+03));
#7860 = CARTESIAN_POINT('',(-3.665576240999,-1.011656724393E+03));
#7861 = CARTESIAN_POINT('',(-3.654206360521,-1.007464079211E+03));
#7862 = CARTESIAN_POINT('',(-3.64268806579,-1.003272427544E+03));
#7863 = CARTESIAN_POINT('',(-3.631012043188,-999.0818438934));
#7864 = CARTESIAN_POINT('',(-3.619168112002,-994.8924158768));
#7865 = CARTESIAN_POINT('',(-3.607145086704,-990.7042447613));
#7866 = CARTESIAN_POINT('',(-3.59493059221,-986.5174295301));
#7867 = CARTESIAN_POINT('',(-3.582510948175,-982.3320910705));
#7868 = CARTESIAN_POINT('',(-3.569870944671,-978.1483679687));
#7869 = CARTESIAN_POINT('',(-3.556993590809,-973.9664188803));
#7870 = CARTESIAN_POINT('',(-3.543859812774,-969.7864273189));
#7871 = CARTESIAN_POINT('',(-3.530448029721,-965.6085925073));
#7872 = CARTESIAN_POINT('',(-3.516733825972,-961.4331764597));
#7873 = CARTESIAN_POINT('',(-3.502689213385,-957.2604667153));
#7874 = CARTESIAN_POINT('',(-3.488281861079,-953.09077677));
#7875 = CARTESIAN_POINT('',(-3.473474306824,-948.9245159352));
#7876 = CARTESIAN_POINT('',(-3.458222644345,-944.7621823242));
#7877 = CARTESIAN_POINT('',(-3.442474844427,-940.6043842967));
#7878 = CARTESIAN_POINT('',(-3.426168377114,-936.4518463249));
#7879 = CARTESIAN_POINT('',(-3.40922742778,-932.3055391951));
#7880 = CARTESIAN_POINT('',(-3.391558183393,-928.1666734108));
#7881 = CARTESIAN_POINT('',(-3.373042379798,-924.0368466333));
#7882 = CARTESIAN_POINT('',(-3.353528892469,-919.9183649887));
#7883 = CARTESIAN_POINT('',(-3.332813967085,-915.8140655162));
#7884 = CARTESIAN_POINT('',(-3.310630542849,-911.7290908097));
#7885 = CARTESIAN_POINT('',(-3.286555420596,-907.6682888561));
#7886 = CARTESIAN_POINT('',(-3.260113529231,-903.6523445335));
#7887 = CARTESIAN_POINT('',(-3.229885279688,-899.6667809015));
#7888 = CARTESIAN_POINT('',(-3.199820511421,-896.3725252505));
#7889 = CARTESIAN_POINT('',(-3.170755255941,-893.7831345474));
#7890 = CARTESIAN_POINT('',(-3.137083597953,-891.5089236766));
#7891 = CARTESIAN_POINT('',(-3.090515351044,-889.5646195653));
#7892 = CARTESIAN_POINT('',(-3.028781849944,-889.8556677776));
#7893 = CARTESIAN_POINT('',(-2.985395404829,-891.8215046422));
#7894 = CARTESIAN_POINT('',(-2.936312651114,-895.5633331909));
#7895 = CARTESIAN_POINT('',(-2.898346502039,-899.7880806809));
#7896 = CARTESIAN_POINT('',(-2.866241772105,-904.0742394626));
#7897 = CARTESIAN_POINT('',(-2.838022546702,-908.4406986374));
#7898 = CARTESIAN_POINT('',(-2.812518466081,-912.8437693203));
#7899 = CARTESIAN_POINT('',(-2.78906038538,-917.2755566952));
#7900 = CARTESIAN_POINT('',(-2.76720225505,-921.726953388));
#7901 = CARTESIAN_POINT('',(-2.746637541807,-926.1935024423));
#7902 = CARTESIAN_POINT('',(-2.727143978671,-930.6717456337));
#7903 = CARTESIAN_POINT('',(-2.708554681765,-935.1593921555));
#7904 = CARTESIAN_POINT('',(-2.690740812614,-939.6547202556));
#7905 = CARTESIAN_POINT('',(-2.673600447536,-944.1564584707));
#7906 = CARTESIAN_POINT('',(-2.657051456229,-948.6636137853));
#7907 = CARTESIAN_POINT('',(-2.641026558697,-953.1753903367));
#7908 = CARTESIAN_POINT('',(-2.625469709185,-957.6911779945));
#7909 = CARTESIAN_POINT('',(-2.610333692081,-962.2104933213));
#7910 = CARTESIAN_POINT('',(-2.595578519121,-966.7328810015));
#7911 = CARTESIAN_POINT('',(-2.581169666426,-971.2580089516));
#7912 = CARTESIAN_POINT('',(-2.567077291572,-975.7855769764));
#7913 = CARTESIAN_POINT('',(-2.553275323101,-980.3153335583));
#7914 = CARTESIAN_POINT('',(-2.539740841375,-984.8470623209));
#7915 = CARTESIAN_POINT('',(-2.526453528599,-989.3805921876));
#7916 = CARTESIAN_POINT('',(-2.513395383943,-993.9157481706));
#7917 = CARTESIAN_POINT('',(-2.500550292349,-998.4523841604));
#7918 = CARTESIAN_POINT('',(-2.487903725874,-1.002990387698E+03));
#7919 = CARTESIAN_POINT('',(-2.475442599696,-1.007529651173E+03));
#7920 = CARTESIAN_POINT('',(-2.463155061473,-1.012070078198E+03));
#7921 = CARTESIAN_POINT('',(-2.451030337958,-1.01661158077E+03));
#7922 = CARTESIAN_POINT('',(-2.439058599325,-1.021154079077E+03));
#7923 = CARTESIAN_POINT('',(-2.427230846211,-1.02569750074E+03));
#7924 = CARTESIAN_POINT('',(-2.415538813306,-1.030241780333E+03));
#7925 = CARTESIAN_POINT('',(-2.403974887022,-1.034786858925E+03));
#7926 = CARTESIAN_POINT('',(-2.392532034526,-1.039332683696E+03));
#7927 = CARTESIAN_POINT('',(-2.381203742012,-1.043879207624E+03));
#7928 = CARTESIAN_POINT('',(-2.369983961084,-1.04842638908E+03));
#7929 = CARTESIAN_POINT('',(-2.358867060513,-1.052974192003E+03));
#7930 = CARTESIAN_POINT('',(-2.347847788881,-1.057522584057E+03));
#7931 = CARTESIAN_POINT('',(-2.336921224896,-1.06207154248E+03));
#7932 = CARTESIAN_POINT('',(-2.326082801194,-1.066621031382E+03));
#7933 = CARTESIAN_POINT('',(-2.315328274046,-1.071170999844E+03));
#7934 = CARTESIAN_POINT('',(-2.304653590162,-1.075721428935E+03));
#7935 = CARTESIAN_POINT('',(-2.294054954653,-1.080272293034E+03));
#7936 = CARTESIAN_POINT('',(-2.283528787206,-1.084823569938E+03));
#7937 = CARTESIAN_POINT('',(-2.273071710389,-1.089375238064E+03));
#7938 = CARTESIAN_POINT('',(-2.262680531654,-1.093927277114E+03));
#7939 = CARTESIAN_POINT('',(-2.252352229093,-1.098479667829E+03));
#7940 = CARTESIAN_POINT('',(-2.242083938038,-1.103032391987E+03));
#7941 = CARTESIAN_POINT('',(-2.231872939086,-1.107585432345E+03));
#7942 = CARTESIAN_POINT('',(-2.221716647217,-1.112138772599E+03));
#7943 = CARTESIAN_POINT('',(-2.211612601922,-1.11669239735E+03));
#7944 = CARTESIAN_POINT('',(-2.201558458219,-1.121246292064E+03));
#7945 = CARTESIAN_POINT('',(-2.191551978458,-1.125800443045E+03));
#7946 = CARTESIAN_POINT('',(-2.181591024834,-1.130354837405E+03));
#7947 = CARTESIAN_POINT('',(-2.171673552509,-1.13490946304E+03));
#7948 = CARTESIAN_POINT('',(-2.161797603307,-1.139464308602E+03));
#7949 = CARTESIAN_POINT('',(-2.151961299891,-1.144019363481E+03));
#7950 = CARTESIAN_POINT('',(-2.142162840416,-1.148574617778E+03));
#7951 = CARTESIAN_POINT('',(-2.13240049355,-1.153130062303E+03));
#7952 = CARTESIAN_POINT('',(-2.122672594024,-1.157685688506E+03));
#7953 = CARTESIAN_POINT('',(-2.11297753804,-1.162241488651E+03));
#7954 = CARTESIAN_POINT('',(-2.10331378088,-1.166797455086E+03));
#7955 = CARTESIAN_POINT('',(-2.093679827942,-1.171353582904E+03));
#7956 = CARTESIAN_POINT('',(-2.084074251986,-1.175909859935E+03));
#7957 = CARTESIAN_POINT('',(-2.07449567443,-1.180466274142E+03));
#7958 = CARTESIAN_POINT('',(-2.064942749323,-1.185022819986E+03));
#7959 = CARTESIAN_POINT('',(-2.05541417707,-1.189579490415E+03));
#7960 = CARTESIAN_POINT('',(-2.045908697554,-1.194136279006E+03));
#7961 = CARTESIAN_POINT('',(-2.036425088954,-1.198693179381E+03));
#7962 = CARTESIAN_POINT('',(-2.026962165213,-1.203250185359E+03));
#7963 = CARTESIAN_POINT('',(-2.017518774033,-1.207807290909E+03));
#7964 = CARTESIAN_POINT('',(-2.008093794883,-1.212364490157E+03));
#7965 = CARTESIAN_POINT('',(-1.998686137143,-1.216921777379E+03));
#7966 = CARTESIAN_POINT('',(-1.989294738359,-1.221479146995E+03));
#7967 = CARTESIAN_POINT('',(-1.979918562586,-1.22603659357E+03));
#7968 = CARTESIAN_POINT('',(-1.970556598835,-1.230594111808E+03));
#7969 = CARTESIAN_POINT('',(-1.961207859603,-1.235151696549E+03));
#7970 = CARTESIAN_POINT('',(-1.951871379479,-1.239709342765E+03));
#7971 = CARTESIAN_POINT('',(-1.942546213833,-1.24426704556E+03));
#7972 = CARTESIAN_POINT('',(-1.933231437566,-1.248824800165E+03));
#7973 = CARTESIAN_POINT('',(-1.923926143934,-1.253382601936E+03));
#7974 = CARTESIAN_POINT('',(-1.914629443416,-1.257940446355E+03));
#7975 = CARTESIAN_POINT('',(-1.90534046265,-1.262498329022E+03));
#7976 = CARTESIAN_POINT('',(-1.896058343407,-1.267056245657E+03));
#7977 = CARTESIAN_POINT('',(-1.886782241615,-1.2716141921E+03));
#7978 = CARTESIAN_POINT('',(-1.87751132642,-1.276172164304E+03));
#7979 = CARTESIAN_POINT('',(-1.868244779292,-1.280730158336E+03));
#7980 = CARTESIAN_POINT('',(-1.858981793126,-1.285288170387E+03));
#7981 = CARTESIAN_POINT('',(-1.849721571516,-1.289846196715E+03));
#7982 = CARTESIAN_POINT('',(-1.840463327522,-1.294404233849E+03));
#7983 = CARTESIAN_POINT('',(-1.831206284451,-1.298962277827E+03));
#7984 = CARTESIAN_POINT('',(-1.821949669237,-1.303520327036E+03));
#7985 = CARTESIAN_POINT('',(-1.812692741431,-1.308078367762E+03));
#7986 = CARTESIAN_POINT('',(-1.803434745124,-1.312636397328E+03));
#7987 = CARTESIAN_POINT('',(-1.794174930943,-1.317194413E+03));
#7988 = CARTESIAN_POINT('',(-1.784912555417,-1.321752411978E+03));
#7989 = CARTESIAN_POINT('',(-1.775646880314,-1.326310391398E+03));
#7990 = CARTESIAN_POINT('',(-1.76637717201,-1.330868348333E+03));
#7991 = CARTESIAN_POINT('',(-1.757102700865,-1.335426279787E+03));
#7992 = CARTESIAN_POINT('',(-1.747822740618,-1.339984182702E+03));
#7993 = CARTESIAN_POINT('',(-1.73853656779,-1.344542053954E+03));
#7994 = CARTESIAN_POINT('',(-1.729243461097,-1.349099890352E+03));
#7995 = CARTESIAN_POINT('',(-1.719942700872,-1.353657688642E+03));
#7996 = CARTESIAN_POINT('',(-1.710633568492,-1.3582154455E+03));
#7997 = CARTESIAN_POINT('',(-1.701315345817,-1.362773157539E+03));
#7998 = CARTESIAN_POINT('',(-1.691987314624,-1.367330821303E+03));
#7999 = CARTESIAN_POINT('',(-1.68264875605,-1.371888433273E+03));
#8000 = CARTESIAN_POINT('',(-1.673298950032,-1.37644598986E+03));
#8001 = CARTESIAN_POINT('',(-1.663937174758,-1.38100348741E+03));
#8002 = CARTESIAN_POINT('',(-1.654562706099,-1.385560922201E+03));
#8003 = CARTESIAN_POINT('',(-1.645174817059,-1.390118290445E+03));
#8004 = CARTESIAN_POINT('',(-1.635772777207,-1.394675588288E+03));
#8005 = CARTESIAN_POINT('',(-1.62635585211,-1.399232811805E+03));
#8006 = CARTESIAN_POINT('',(-1.616923302763,-1.403789957008E+03));
#8007 = CARTESIAN_POINT('',(-1.607474385009,-1.40834701984E+03));
#8008 = CARTESIAN_POINT('',(-1.598008348952,-1.412903996176E+03));
#8009 = CARTESIAN_POINT('',(-1.588524438358,-1.417460881826E+03));
#8010 = CARTESIAN_POINT('',(-1.579021890051,-1.422017672531E+03));
#8011 = CARTESIAN_POINT('',(-1.569499933295,-1.426574363965E+03));
#8012 = CARTESIAN_POINT('',(-1.559957789159,-1.431130951736E+03));
#8013 = CARTESIAN_POINT('',(-1.550394669873,-1.435687431382E+03));
#8014 = CARTESIAN_POINT('',(-1.540809778164,-1.440243798377E+03));
#8015 = CARTESIAN_POINT('',(-1.531202306579,-1.444800048126E+03));
#8016 = CARTESIAN_POINT('',(-1.52157143678,-1.449356175968E+03));
#8017 = CARTESIAN_POINT('',(-1.511916338829,-1.453912177174E+03));
#8018 = CARTESIAN_POINT('',(-1.502236170441,-1.45846804695E+03));
#8019 = CARTESIAN_POINT('',(-1.492530076216,-1.463023780433E+03));
#8020 = CARTESIAN_POINT('',(-1.482797186847,-1.467579372696E+03));
#8021 = CARTESIAN_POINT('',(-1.473036618292,-1.472134818744E+03));
#8022 = CARTESIAN_POINT('',(-1.46324747092,-1.476690113516E+03));
#8023 = CARTESIAN_POINT('',(-1.453428828625,-1.481245251884E+03));
#8024 = CARTESIAN_POINT('',(-1.443579757896,-1.485800228657E+03));
#8025 = CARTESIAN_POINT('',(-1.433699306856,-1.490355038576E+03));
#8026 = CARTESIAN_POINT('',(-1.423786504255,-1.494909676317E+03));
#8027 = CARTESIAN_POINT('',(-1.41384035842,-1.499464136492E+03));
#8028 = CARTESIAN_POINT('',(-1.403859856162,-1.504018413645E+03));
#8029 = CARTESIAN_POINT('',(-1.393843961599,-1.508572502266E+03));
#8030 = CARTESIAN_POINT('',(-1.383791615057,-1.513126396745E+03));
#8031 = CARTESIAN_POINT('',(-1.37370173142,-1.517680091541E+03));
#8032 = CARTESIAN_POINT('',(-1.363573200254,-1.522233580544E+03));
#8033 = CARTESIAN_POINT('',(-1.35340487901,-1.52678685948E+03));
#8034 = CARTESIAN_POINT('',(-1.343195629568,-1.531339908966E+03));
#8035 = CARTESIAN_POINT('',(-1.332944251017,-1.535892723899E+03));
#8036 = CARTESIAN_POINT('',(-1.322649514179,-1.540445297236E+03));
#8037 = CARTESIAN_POINT('',(-1.312310155758,-1.544997621858E+03));
#8038 = CARTESIAN_POINT('',(-1.301924877639,-1.549549690062E+03));
#8039 = CARTESIAN_POINT('',(-1.291492344683,-1.554101493698E+03));
#8040 = CARTESIAN_POINT('',(-1.281011182783,-1.558653024126E+03));
#8041 = CARTESIAN_POINT('',(-1.270479976705,-1.563204272223E+03));
#8042 = CARTESIAN_POINT('',(-1.259897267831,-1.567755228376E+03));
#8043 = CARTESIAN_POINT('',(-1.249261551749,-1.572305882482E+03));
#8044 = CARTESIAN_POINT('',(-1.238571275697,-1.576856223938E+03));
#8045 = CARTESIAN_POINT('',(-1.227824835841,-1.581406241641E+03));
#8046 = CARTESIAN_POINT('',(-1.217020574371,-1.585955923982E+03));
#8047 = CARTESIAN_POINT('',(-1.206156776394,-1.590505258841E+03));
#8048 = CARTESIAN_POINT('',(-1.195231666619,-1.595054233581E+03));
#8049 = CARTESIAN_POINT('',(-1.184243405799,-1.599602835042E+03));
#8050 = CARTESIAN_POINT('',(-1.173190086921,-1.604151049536E+03));
#8051 = CARTESIAN_POINT('',(-1.16206973111,-1.608698862837E+03));
#8052 = CARTESIAN_POINT('',(-1.150880283253,-1.613246260175E+03));
#8053 = CARTESIAN_POINT('',(-1.139619607224,-1.617793226242E+03));
#8054 = CARTESIAN_POINT('',(-1.128285481014,-1.622339745112E+03));
#8055 = CARTESIAN_POINT('',(-1.116875590539,-1.626885800517E+03));
#8056 = CARTESIAN_POINT('',(-1.105387526571,-1.631431374752E+03));
#8057 = CARTESIAN_POINT('',(-1.093818768055,-1.635976452731E+03));
#8058 = CARTESIAN_POINT('',(-1.082166747923,-1.640520993446E+03));
#8059 = CARTESIAN_POINT('',(-1.070428711024,-1.64506498308E+03));
#8060 = CARTESIAN_POINT('',(-1.058601786883,-1.649608402708E+03));
#8061 = CARTESIAN_POINT('',(-1.04668297192,-1.654151232004E+03));
#8062 = CARTESIAN_POINT('',(-1.034669122533,-1.658693448205E+03));
#8063 = CARTESIAN_POINT('',(-1.022556944151,-1.663235026338E+03));
#8064 = CARTESIAN_POINT('',(-1.010342980141,-1.667775939111E+03));
#8065 = CARTESIAN_POINT('',(-0.998023599413,-1.672316156884E+03));
#8066 = CARTESIAN_POINT('',(-0.98559498291,-1.676855647615E+03));
#8067 = CARTESIAN_POINT('',(-0.973053108741,-1.681394376802E+03));
#8068 = CARTESIAN_POINT('',(-0.960393735836,-1.685932307429E+03));
#8069 = CARTESIAN_POINT('',(-0.947612385904,-1.690469399894E+03));
#8070 = CARTESIAN_POINT('',(-0.934704323466,-1.695005611939E+03));
#8071 = CARTESIAN_POINT('',(-0.921664533728,-1.699540898562E+03));
#8072 = CARTESIAN_POINT('',(-0.908487697876,-1.704075211948E+03));
#8073 = CARTESIAN_POINT('',(-0.895168165811,-1.708608501296E+03));
#8074 = CARTESIAN_POINT('',(-0.881699924637,-1.713140712962E+03));
#8075 = CARTESIAN_POINT('',(-0.868076567226,-1.717671789389E+03));
#8076 = CARTESIAN_POINT('',(-0.854291242636,-1.722201672488E+03));
#8077 = CARTESIAN_POINT('',(-0.840336654027,-1.726730290327E+03));
#8078 = CARTESIAN_POINT('',(-0.826205061689,-1.731257540125E+03));
#8079 = CARTESIAN_POINT('',(-0.811888009905,-1.735783358946E+03));
#8080 = CARTESIAN_POINT('',(-0.797376457738,-1.740307660486E+03));
#8081 = CARTESIAN_POINT('',(-0.782660659711,-1.74483034973E+03));
#8082 = CARTESIAN_POINT('',(-0.767730097567,-1.749351318448E+03));
#8083 = CARTESIAN_POINT('',(-0.752573384399,-1.753870445718E+03));
#8084 = CARTESIAN_POINT('',(-0.737178157832,-1.758387597098E+03));
#8085 = CARTESIAN_POINT('',(-0.721530955038,-1.762902623688E+03));
#8086 = CARTESIAN_POINT('',(-0.705617060937,-1.767415362326E+03));
#8087 = CARTESIAN_POINT('',(-0.689420348835,-1.771925630589E+03));
#8088 = CARTESIAN_POINT('',(-0.672923021033,-1.776433240529E+03));
#8089 = CARTESIAN_POINT('',(-0.656105574587,-1.780937941639E+03));
#8090 = CARTESIAN_POINT('',(-0.638946466174,-1.785439433911E+03));
#8091 = CARTESIAN_POINT('',(-0.62142133676,-1.789937476416E+03));
#8092 = CARTESIAN_POINT('',(-0.603503144578,-1.794431736419E+03));
#8093 = CARTESIAN_POINT('',(-0.585161518357,-1.798921823098E+03));
#8094 = CARTESIAN_POINT('',(-0.566362170556,-1.803407271403E+03));
#8095 = CARTESIAN_POINT('',(-0.547066086753,-1.80788754164E+03));
#8096 = CARTESIAN_POINT('',(-0.527228588554,-1.812361998172E+03));
#8097 = CARTESIAN_POINT('',(-0.506797831411,-1.816829945427E+03));
#8098 = CARTESIAN_POINT('',(-0.485713976542,-1.821290433919E+03));
#8099 = CARTESIAN_POINT('',(-0.463906325068,-1.825742397218E+03));
#8100 = CARTESIAN_POINT('',(-0.441290972924,-1.830184500119E+03));
#8101 = CARTESIAN_POINT('',(-0.417767284631,-1.834615025762E+03));
#8102 = CARTESIAN_POINT('',(-0.393212224635,-1.839031846287E+03));
#8103 = CARTESIAN_POINT('',(-0.367474181387,-1.843432049256E+03));
#8104 = CARTESIAN_POINT('',(-0.340359665595,-1.847812080788E+03));
#8105 = CARTESIAN_POINT('',(-0.311621022845,-1.852166689898E+03));
#8106 = CARTESIAN_POINT('',(-0.280927434236,-1.856488580301E+03));
#8107 = CARTESIAN_POINT('',(-0.247827107689,-1.86076712858E+03));
#8108 = CARTESIAN_POINT('',(-0.211667757748,-1.86498426954E+03));
#8109 = CARTESIAN_POINT('',(-0.171491285348,-1.869114406619E+03));
#8110 = CARTESIAN_POINT('',(-0.125649505929,-1.873091930939E+03));
#8111 = CARTESIAN_POINT('',(-7.166168867404E-02,-1.876846071759E+03));
#8112 = CARTESIAN_POINT('',(-2.606399165041E-02,-1.878892499718E+03));
#8113 = CARTESIAN_POINT('',(0.,-1.879743365826E+03));
#8114 = ( GEOMETRIC_REPRESENTATION_CONTEXT(2) 
PARAMETRIC_REPRESENTATION_CONTEXT() REPRESENTATION_CONTEXT('2D SPACE',''
  ) );
#8115 = ADVANCED_FACE('',(#8116),#7642,.T.);
#8116 = FACE_BOUND('',#8117,.F.);
#8117 = EDGE_LOOP('',(#8118,#8119,#8142,#8169));
#8118 = ORIENTED_EDGE('',*,*,#6808,.T.);
#8119 = ORIENTED_EDGE('',*,*,#8120,.T.);
#8120 = EDGE_CURVE('',#6809,#8121,#8123,.T.);
#8121 = VERTEX_POINT('',#8122);
#8122 = CARTESIAN_POINT('',(3.2E+03,-1.36E+03,180.));
#8123 = SEAM_CURVE('',#8124,(#8128,#8135),.PCURVE_S1.);
#8124 = LINE('',#8125,#8126);
#8125 = CARTESIAN_POINT('',(0.,-1.36E+03,180.));
#8126 = VECTOR('',#8127,1.);
#8127 = DIRECTION('',(1.,0.,0.));
#8128 = PCURVE('',#7642,#8129);
#8129 = DEFINITIONAL_REPRESENTATION('',(#8130),#8134);
#8130 = LINE('',#8131,#8132);
#8131 = CARTESIAN_POINT('',(-0.,0.));
#8132 = VECTOR('',#8133,1.);
#8133 = DIRECTION('',(-0.,-1.));
#8134 = ( GEOMETRIC_REPRESENTATION_CONTEXT(2) 
PARAMETRIC_REPRESENTATION_CONTEXT() REPRESENTATION_CONTEXT('2D SPACE',''
  ) );
#8135 = PCURVE('',#7642,#8136);
#8136 = DEFINITIONAL_REPRESENTATION('',(#8137),#8141);
#8137 = LINE('',#8138,#8139);
#8138 = CARTESIAN_POINT('',(-6.28318530718,0.));
#8139 = VECTOR('',#8140,1.);
#8140 = DIRECTION('',(-0.,-1.));
#8141 = ( GEOMETRIC_REPRESENTATION_CONTEXT(2) 
PARAMETRIC_REPRESENTATION_CONTEXT() REPRESENTATION_CONTEXT('2D SPACE',''
  ) );
#8142 = ORIENTED_EDGE('',*,*,#8143,.T.);
#8143 = EDGE_CURVE('',#8121,#8121,#8144,.T.);
#8144 = SURFACE_CURVE('',#8145,(#8150,#8157),.PCURVE_S1.);
#8145 = CIRCLE('',#8146,70.);
#8146 = AXIS2_PLACEMENT_3D('',#8147,#8148,#8149);
#8147 = CARTESIAN_POINT('',(3.2E+03,-1.43E+03,180.));
#8148 = DIRECTION('',(1.,0.,0.));
#8149 = DIRECTION('',(0.,1.,0.));
#8150 = PCURVE('',#7642,#8151);
#8151 = DEFINITIONAL_REPRESENTATION('',(#8152),#8156);
#8152 = LINE('',#8153,#8154);
#8153 = CARTESIAN_POINT('',(-0.,-3.2E+03));
#8154 = VECTOR('',#8155,1.);
#8155 = DIRECTION('',(-1.,0.));
#8156 = ( GEOMETRIC_REPRESENTATION_CONTEXT(2) 
PARAMETRIC_REPRESENTATION_CONTEXT() REPRESENTATION_CONTEXT('2D SPACE',''
  ) );
#8157 = PCURVE('',#8158,#8163);
#8158 = PLANE('',#8159);
#8159 = AXIS2_PLACEMENT_3D('',#8160,#8161,#8162);
#8160 = CARTESIAN_POINT('',(3.2E+03,-1.43E+03,180.));
#8161 = DIRECTION('',(1.,0.,0.));
#8162 = DIRECTION('',(-0.,0.,1.));
#8163 = DEFINITIONAL_REPRESENTATION('',(#8164),#8168);
#8164 = CIRCLE('',#8165,70.);
#8165 = AXIS2_PLACEMENT_2D('',#8166,#8167);
#8166 = CARTESIAN_POINT('',(0.,0.));
#8167 = DIRECTION('',(0.,-1.));
#8168 = ( GEOMETRIC_REPRESENTATION_CONTEXT(2) 
PARAMETRIC_REPRESENTATION_CONTEXT() REPRESENTATION_CONTEXT('2D SPACE',''
  ) );
#8169 = ORIENTED_EDGE('',*,*,#8120,.F.);
#8170 = ADVANCED_FACE('',(#8171),#8158,.T.);
#8171 = FACE_BOUND('',#8172,.T.);
#8172 = EDGE_LOOP('',(#8173));
#8173 = ORIENTED_EDGE('',*,*,#8143,.T.);
#8174 = ADVANCED_FACE('',(#8175),#6288,.T.);
#8175 = FACE_BOUND('',#8176,.T.);
#8176 = EDGE_LOOP('',(#8177,#8178,#8201,#8228));
#8177 = ORIENTED_EDGE('',*,*,#5389,.F.);
#8178 = ORIENTED_EDGE('',*,*,#8179,.T.);
#8179 = EDGE_CURVE('',#5390,#8180,#8182,.T.);
#8180 = VERTEX_POINT('',#8181);
#8181 = CARTESIAN_POINT('',(-3.2E+03,-1.36E+03,180.));
#8182 = SEAM_CURVE('',#8183,(#8187,#8194),.PCURVE_S1.);
#8183 = LINE('',#8184,#8185);
#8184 = CARTESIAN_POINT('',(0.,-1.36E+03,180.));
#8185 = VECTOR('',#8186,1.);
#8186 = DIRECTION('',(-1.,-0.,-0.));
#8187 = PCURVE('',#6288,#8188);
#8188 = DEFINITIONAL_REPRESENTATION('',(#8189),#8193);
#8189 = LINE('',#8190,#8191);
#8190 = CARTESIAN_POINT('',(0.,0.));
#8191 = VECTOR('',#8192,1.);
#8192 = DIRECTION('',(0.,-1.));
#8193 = ( GEOMETRIC_REPRESENTATION_CONTEXT(2) 
PARAMETRIC_REPRESENTATION_CONTEXT() REPRESENTATION_CONTEXT('2D SPACE',''
  ) );
#8194 = PCURVE('',#6288,#8195);
#8195 = DEFINITIONAL_REPRESENTATION('',(#8196),#8200);
#8196 = LINE('',#8197,#8198);
#8197 = CARTESIAN_POINT('',(6.28318530718,0.));
#8198 = VECTOR('',#8199,1.);
#8199 = DIRECTION('',(0.,-1.));
#8200 = ( GEOMETRIC_REPRESENTATION_CONTEXT(2) 
PARAMETRIC_REPRESENTATION_CONTEXT() REPRESENTATION_CONTEXT('2D SPACE',''
  ) );
#8201 = ORIENTED_EDGE('',*,*,#8202,.T.);
#8202 = EDGE_CURVE('',#8180,#8180,#8203,.T.);
#8203 = SURFACE_CURVE('',#8204,(#8209,#8216),.PCURVE_S1.);
#8204 = CIRCLE('',#8205,70.);
#8205 = AXIS2_PLACEMENT_3D('',#8206,#8207,#8208);
#8206 = CARTESIAN_POINT('',(-3.2E+03,-1.43E+03,180.));
#8207 = DIRECTION('',(1.,0.,0.));
#8208 = DIRECTION('',(0.,1.,0.));
#8209 = PCURVE('',#6288,#8210);
#8210 = DEFINITIONAL_REPRESENTATION('',(#8211),#8215);
#8211 = LINE('',#8212,#8213);
#8212 = CARTESIAN_POINT('',(0.,-3.2E+03));
#8213 = VECTOR('',#8214,1.);
#8214 = DIRECTION('',(1.,0.));
#8215 = ( GEOMETRIC_REPRESENTATION_CONTEXT(2) 
PARAMETRIC_REPRESENTATION_CONTEXT() REPRESENTATION_CONTEXT('2D SPACE',''
  ) );
#8216 = PCURVE('',#8217,#8222);
#8217 = PLANE('',#8218);
#8218 = AXIS2_PLACEMENT_3D('',#8219,#8220,#8221);
#8219 = CARTESIAN_POINT('',(-3.2E+03,-1.43E+03,180.));
#8220 = DIRECTION('',(1.,0.,0.));
#8221 = DIRECTION('',(-0.,0.,1.));
#8222 = DEFINITIONAL_REPRESENTATION('',(#8223),#8227);
#8223 = CIRCLE('',#8224,70.);
#8224 = AXIS2_PLACEMENT_2D('',#8225,#8226);
#8225 = CARTESIAN_POINT('',(0.,0.));
#8226 = DIRECTION('',(0.,-1.));
#8227 = ( GEOMETRIC_REPRESENTATION_CONTEXT(2) 
PARAMETRIC_REPRESENTATION_CONTEXT() REPRESENTATION_CONTEXT('2D SPACE',''
  ) );
#8228 = ORIENTED_EDGE('',*,*,#8179,.F.);
#8229 = ADVANCED_FACE('',(#8230),#8217,.F.);
#8230 = FACE_BOUND('',#8231,.F.);
#8231 = EDGE_LOOP('',(#8232));
#8232 = ORIENTED_EDGE('',*,*,#8202,.T.);
#8233 = ADVANCED_FACE('',(#8234),#4913,.T.);
#8234 = FACE_BOUND('',#8235,.T.);
#8235 = EDGE_LOOP('',(#8236,#8237,#8260,#8287));
#8236 = ORIENTED_EDGE('',*,*,#4079,.F.);
#8237 = ORIENTED_EDGE('',*,*,#8238,.T.);
#8238 = EDGE_CURVE('',#4080,#8239,#8241,.T.);
#8239 = VERTEX_POINT('',#8240);
#8240 = CARTESIAN_POINT('',(-3.2E+03,1.5E+03,180.));
#8241 = SEAM_CURVE('',#8242,(#8246,#8253),.PCURVE_S1.);
#8242 = LINE('',#8243,#8244);
#8243 = CARTESIAN_POINT('',(0.,1.5E+03,180.));
#8244 = VECTOR('',#8245,1.);
#8245 = DIRECTION('',(-1.,-0.,-0.));
#8246 = PCURVE('',#4913,#8247);
#8247 = DEFINITIONAL_REPRESENTATION('',(#8248),#8252);
#8248 = LINE('',#8249,#8250);
#8249 = CARTESIAN_POINT('',(0.,0.));
#8250 = VECTOR('',#8251,1.);
#8251 = DIRECTION('',(0.,-1.));
#8252 = ( GEOMETRIC_REPRESENTATION_CONTEXT(2) 
PARAMETRIC_REPRESENTATION_CONTEXT() REPRESENTATION_CONTEXT('2D SPACE',''
  ) );
#8253 = PCURVE('',#4913,#8254);
#8254 = DEFINITIONAL_REPRESENTATION('',(#8255),#8259);
#8255 = LINE('',#8256,#8257);
#8256 = CARTESIAN_POINT('',(6.28318530718,0.));
#8257 = VECTOR('',#8258,1.);
#8258 = DIRECTION('',(0.,-1.));
#8259 = ( GEOMETRIC_REPRESENTATION_CONTEXT(2) 
PARAMETRIC_REPRESENTATION_CONTEXT() REPRESENTATION_CONTEXT('2D SPACE',''
  ) );
#8260 = ORIENTED_EDGE('',*,*,#8261,.T.);
#8261 = EDGE_CURVE('',#8239,#8239,#8262,.T.);
#8262 = SURFACE_CURVE('',#8263,(#8268,#8275),.PCURVE_S1.);
#8263 = CIRCLE('',#8264,70.);
#8264 = AXIS2_PLACEMENT_3D('',#8265,#8266,#8267);
#8265 = CARTESIAN_POINT('',(-3.2E+03,1.43E+03,180.));
#8266 = DIRECTION('',(1.,0.,0.));
#8267 = DIRECTION('',(0.,1.,0.));
#8268 = PCURVE('',#4913,#8269);
#8269 = DEFINITIONAL_REPRESENTATION('',(#8270),#8274);
#8270 = LINE('',#8271,#8272);
#8271 = CARTESIAN_POINT('',(0.,-3.2E+03));
#8272 = VECTOR('',#8273,1.);
#8273 = DIRECTION('',(1.,0.));
#8274 = ( GEOMETRIC_REPRESENTATION_CONTEXT(2) 
PARAMETRIC_REPRESENTATION_CONTEXT() REPRESENTATION_CONTEXT('2D SPACE',''
  ) );
#8275 = PCURVE('',#8276,#8281);
#8276 = PLANE('',#8277);
#8277 = AXIS2_PLACEMENT_3D('',#8278,#8279,#8280);
#8278 = CARTESIAN_POINT('',(-3.2E+03,1.43E+03,180.));
#8279 = DIRECTION('',(1.,0.,0.));
#8280 = DIRECTION('',(-0.,0.,1.));
#8281 = DEFINITIONAL_REPRESENTATION('',(#8282),#8286);
#8282 = CIRCLE('',#8283,70.);
#8283 = AXIS2_PLACEMENT_2D('',#8284,#8285);
#8284 = CARTESIAN_POINT('',(0.,0.));
#8285 = DIRECTION('',(0.,-1.));
#8286 = ( GEOMETRIC_REPRESENTATION_CONTEXT(2) 
PARAMETRIC_REPRESENTATION_CONTEXT() REPRESENTATION_CONTEXT('2D SPACE',''
  ) );
#8287 = ORIENTED_EDGE('',*,*,#8238,.F.);
#8288 = ADVANCED_FACE('',(#8289),#8276,.F.);
#8289 = FACE_BOUND('',#8290,.F.);
#8290 = EDGE_LOOP('',(#8291));
#8291 = ORIENTED_EDGE('',*,*,#8261,.T.);
#8292 = ADVANCED_FACE('',(#8293),#3581,.T.);
#8293 = FACE_BOUND('',#8294,.F.);
#8294 = EDGE_LOOP('',(#8295,#8296,#8319,#8346));
#8295 = ORIENTED_EDGE('',*,*,#2718,.T.);
#8296 = ORIENTED_EDGE('',*,*,#8297,.T.);
#8297 = EDGE_CURVE('',#2719,#8298,#8300,.T.);
#8298 = VERTEX_POINT('',#8299);
#8299 = CARTESIAN_POINT('',(3.2E+03,1.5E+03,180.));
#8300 = SEAM_CURVE('',#8301,(#8305,#8312),.PCURVE_S1.);
#8301 = LINE('',#8302,#8303);
#8302 = CARTESIAN_POINT('',(0.,1.5E+03,180.));
#8303 = VECTOR('',#8304,1.);
#8304 = DIRECTION('',(1.,0.,0.));
#8305 = PCURVE('',#3581,#8306);
#8306 = DEFINITIONAL_REPRESENTATION('',(#8307),#8311);
#8307 = LINE('',#8308,#8309);
#8308 = CARTESIAN_POINT('',(-0.,0.));
#8309 = VECTOR('',#8310,1.);
#8310 = DIRECTION('',(-0.,-1.));
#8311 = ( GEOMETRIC_REPRESENTATION_CONTEXT(2) 
PARAMETRIC_REPRESENTATION_CONTEXT() REPRESENTATION_CONTEXT('2D SPACE',''
  ) );
#8312 = PCURVE('',#3581,#8313);
#8313 = DEFINITIONAL_REPRESENTATION('',(#8314),#8318);
#8314 = LINE('',#8315,#8316);
#8315 = CARTESIAN_POINT('',(-6.28318530718,0.));
#8316 = VECTOR('',#8317,1.);
#8317 = DIRECTION('',(-0.,-1.));
#8318 = ( GEOMETRIC_REPRESENTATION_CONTEXT(2) 
PARAMETRIC_REPRESENTATION_CONTEXT() REPRESENTATION_CONTEXT('2D SPACE',''
  ) );
#8319 = ORIENTED_EDGE('',*,*,#8320,.T.);
#8320 = EDGE_CURVE('',#8298,#8298,#8321,.T.);
#8321 = SURFACE_CURVE('',#8322,(#8327,#8334),.PCURVE_S1.);
#8322 = CIRCLE('',#8323,70.);
#8323 = AXIS2_PLACEMENT_3D('',#8324,#8325,#8326);
#8324 = CARTESIAN_POINT('',(3.2E+03,1.43E+03,180.));
#8325 = DIRECTION('',(1.,0.,0.));
#8326 = DIRECTION('',(0.,1.,0.));
#8327 = PCURVE('',#3581,#8328);
#8328 = DEFINITIONAL_REPRESENTATION('',(#8329),#8333);
#8329 = LINE('',#8330,#8331);
#8330 = CARTESIAN_POINT('',(-0.,-3.2E+03));
#8331 = VECTOR('',#8332,1.);
#8332 = DIRECTION('',(-1.,0.));
#8333 = ( GEOMETRIC_REPRESENTATION_CONTEXT(2) 
PARAMETRIC_REPRESENTATION_CONTEXT() REPRESENTATION_CONTEXT('2D SPACE',''
  ) );
#8334 = PCURVE('',#8335,#8340);
#8335 = PLANE('',#8336);
#8336 = AXIS2_PLACEMENT_3D('',#8337,#8338,#8339);
#8337 = CARTESIAN_POINT('',(3.2E+03,1.43E+03,180.));
#8338 = DIRECTION('',(1.,0.,0.));
#8339 = DIRECTION('',(-0.,0.,1.));
#8340 = DEFINITIONAL_REPRESENTATION('',(#8341),#8345);
#8341 = CIRCLE('',#8342,70.);
#8342 = AXIS2_PLACEMENT_2D('',#8343,#8344);
#8343 = CARTESIAN_POINT('',(0.,0.));
#8344 = DIRECTION('',(0.,-1.));
#8345 = ( GEOMETRIC_REPRESENTATION_CONTEXT(2) 
PARAMETRIC_REPRESENTATION_CONTEXT() REPRESENTATION_CONTEXT('2D SPACE',''
  ) );
#8346 = ORIENTED_EDGE('',*,*,#8297,.F.);
#8347 = ADVANCED_FACE('',(#8348),#8335,.T.);
#8348 = FACE_BOUND('',#8349,.T.);
#8349 = EDGE_LOOP('',(#8350));
#8350 = ORIENTED_EDGE('',*,*,#8320,.T.);
#8351 = ADVANCED_FACE('',(#8352),#2415,.F.);
#8352 = FACE_BOUND('',#8353,.F.);
#8353 = EDGE_LOOP('',(#8354,#8377,#8378));
#8354 = ORIENTED_EDGE('',*,*,#8355,.F.);
#8355 = EDGE_CURVE('',#2123,#8356,#8358,.T.);
#8356 = VERTEX_POINT('',#8357);
#8357 = CARTESIAN_POINT('',(2.875E+03,950.,815.));
#8358 = SURFACE_CURVE('',#8359,(#8363,#8370),.PCURVE_S1.);
#8359 = LINE('',#8360,#8361);
#8360 = CARTESIAN_POINT('',(-2.65E+03,950.,815.));
#8361 = VECTOR('',#8362,1.);
#8362 = DIRECTION('',(1.,0.,0.));
#8363 = PCURVE('',#2415,#8364);
#8364 = DEFINITIONAL_REPRESENTATION('',(#8365),#8369);
#8365 = LINE('',#8366,#8367);
#8366 = CARTESIAN_POINT('',(0.,1.975E+03));
#8367 = VECTOR('',#8368,1.);
#8368 = DIRECTION('',(1.,0.));
#8369 = ( GEOMETRIC_REPRESENTATION_CONTEXT(2) 
PARAMETRIC_REPRESENTATION_CONTEXT() REPRESENTATION_CONTEXT('2D SPACE',''
  ) );
#8370 = PCURVE('',#1960,#8371);
#8371 = DEFINITIONAL_REPRESENTATION('',(#8372),#8376);
#8372 = LINE('',#8373,#8374);
#8373 = CARTESIAN_POINT('',(-1.570796326795,0.));
#8374 = VECTOR('',#8375,1.);
#8375 = DIRECTION('',(-0.,1.));
#8376 = ( GEOMETRIC_REPRESENTATION_CONTEXT(2) 
PARAMETRIC_REPRESENTATION_CONTEXT() REPRESENTATION_CONTEXT('2D SPACE',''
  ) );
#8377 = ORIENTED_EDGE('',*,*,#2373,.T.);
#8378 = ORIENTED_EDGE('',*,*,#8379,.T.);
#8379 = EDGE_CURVE('',#2374,#8356,#8380,.T.);
#8380 = SURFACE_CURVE('',#8381,(#8385,#8392),.PCURVE_S1.);
#8381 = LINE('',#8382,#8383);
#8382 = CARTESIAN_POINT('',(2.875E+03,-1.025E+03,815.));
#8383 = VECTOR('',#8384,1.);
#8384 = DIRECTION('',(0.,1.,0.));
#8385 = PCURVE('',#2415,#8386);
#8386 = DEFINITIONAL_REPRESENTATION('',(#8387),#8391);
#8387 = LINE('',#8388,#8389);
#8388 = CARTESIAN_POINT('',(5.525E+03,0.));
#8389 = VECTOR('',#8390,1.);
#8390 = DIRECTION('',(0.,1.));
#8391 = ( GEOMETRIC_REPRESENTATION_CONTEXT(2) 
PARAMETRIC_REPRESENTATION_CONTEXT() REPRESENTATION_CONTEXT('2D SPACE',''
  ) );
#8392 = PCURVE('',#439,#8393);
#8393 = DEFINITIONAL_REPRESENTATION('',(#8394),#8398);
#8394 = LINE('',#8395,#8396);
#8395 = CARTESIAN_POINT('',(1.570796326795,0.));
#8396 = VECTOR('',#8397,1.);
#8397 = DIRECTION('',(0.,1.));
#8398 = ( GEOMETRIC_REPRESENTATION_CONTEXT(2) 
PARAMETRIC_REPRESENTATION_CONTEXT() REPRESENTATION_CONTEXT('2D SPACE',''
  ) );
#8399 = ADVANCED_FACE('',(#8400),#2087,.F.);
#8400 = FACE_BOUND('',#8401,.F.);
#8401 = EDGE_LOOP('',(#8402,#8403));
#8402 = ORIENTED_EDGE('',*,*,#2048,.F.);
#8403 = ORIENTED_EDGE('',*,*,#8404,.F.);
#8404 = EDGE_CURVE('',#1793,#2049,#8405,.T.);
#8405 = SURFACE_CURVE('',#8406,(#8410,#8416),.PCURVE_S1.);
#8406 = LINE('',#8407,#8408);
#8407 = CARTESIAN_POINT('',(-2.65E+03,1.013442887702E+03,850.));
#8408 = VECTOR('',#8409,1.);
#8409 = DIRECTION('',(1.,0.,0.));
#8410 = PCURVE('',#2087,#8411);
#8411 = DEFINITIONAL_REPRESENTATION('',(#8412),#8415);
#8412 = B_SPLINE_CURVE_WITH_KNOTS('',1,(#8413,#8414),.UNSPECIFIED.,.F.,
  .F.,(2,2),(74.9999994,5.5250000006E+03),.PIECEWISE_BEZIER_KNOTS.);
#8413 = CARTESIAN_POINT('',(5.58953440843E+03,1.14559879118E+03));
#8414 = CARTESIAN_POINT('',(141.05059011699,1.017052711251E+03));
#8415 = ( GEOMETRIC_REPRESENTATION_CONTEXT(2) 
PARAMETRIC_REPRESENTATION_CONTEXT() REPRESENTATION_CONTEXT('2D SPACE',''
  ) );
#8416 = PCURVE('',#1960,#8417);
#8417 = DEFINITIONAL_REPRESENTATION('',(#8418),#8421);
#8418 = B_SPLINE_CURVE_WITH_KNOTS('',1,(#8419,#8420),.UNSPECIFIED.,.F.,
  .F.,(2,2),(74.9999994,5.5250000006E+03),.PIECEWISE_BEZIER_KNOTS.);
#8419 = CARTESIAN_POINT('',(-0.562536244544,74.9999994));
#8420 = CARTESIAN_POINT('',(-0.562536244544,5.5250000006E+03));
#8421 = ( GEOMETRIC_REPRESENTATION_CONTEXT(2) 
PARAMETRIC_REPRESENTATION_CONTEXT() REPRESENTATION_CONTEXT('2D SPACE',''
  ) );
#8422 = ADVANCED_FACE('',(#8423),#1960,.T.);
#8423 = FACE_BOUND('',#8424,.F.);
#8424 = EDGE_LOOP('',(#8425,#8456,#8477,#8478,#8479,#8480,#8481,#8510));
#8425 = ORIENTED_EDGE('',*,*,#8426,.F.);
#8426 = EDGE_CURVE('',#8427,#8429,#8431,.T.);
#8427 = VERTEX_POINT('',#8428);
#8428 = CARTESIAN_POINT('',(-2.575E+03,950.,815.));
#8429 = VERTEX_POINT('',#8430);
#8430 = CARTESIAN_POINT('',(-2.575E+03,1.025E+03,890.));
#8431 = SURFACE_CURVE('',#8432,(#8437,#8444),.PCURVE_S1.);
#8432 = CIRCLE('',#8433,75.);
#8433 = AXIS2_PLACEMENT_3D('',#8434,#8435,#8436);
#8434 = CARTESIAN_POINT('',(-2.575E+03,950.,890.));
#8435 = DIRECTION('',(1.,6.123233995737E-17,-0.));
#8436 = DIRECTION('',(-6.123233995737E-17,1.,0.));
#8437 = PCURVE('',#1960,#8438);
#8438 = DEFINITIONAL_REPRESENTATION('',(#8439),#8443);
#8439 = LINE('',#8440,#8441);
#8440 = CARTESIAN_POINT('',(-6.28318530718,75.));
#8441 = VECTOR('',#8442,1.);
#8442 = DIRECTION('',(1.,-0.));
#8443 = ( GEOMETRIC_REPRESENTATION_CONTEXT(2) 
PARAMETRIC_REPRESENTATION_CONTEXT() REPRESENTATION_CONTEXT('2D SPACE',''
  ) );
#8444 = PCURVE('',#8445,#8450);
#8445 = SPHERICAL_SURFACE('',#8446,75.);
#8446 = AXIS2_PLACEMENT_3D('',#8447,#8448,#8449);
#8447 = CARTESIAN_POINT('',(-2.575E+03,950.,890.));
#8448 = DIRECTION('',(0.,0.,1.));
#8449 = DIRECTION('',(-1.,0.,0.));
#8450 = DEFINITIONAL_REPRESENTATION('',(#8451),#8455);
#8451 = LINE('',#8452,#8453);
#8452 = CARTESIAN_POINT('',(-1.570796326795,-6.28318530718));
#8453 = VECTOR('',#8454,1.);
#8454 = DIRECTION('',(-0.,1.));
#8455 = ( GEOMETRIC_REPRESENTATION_CONTEXT(2) 
PARAMETRIC_REPRESENTATION_CONTEXT() REPRESENTATION_CONTEXT('2D SPACE',''
  ) );
#8456 = ORIENTED_EDGE('',*,*,#8457,.T.);
#8457 = EDGE_CURVE('',#8427,#1747,#8458,.T.);
#8458 = SURFACE_CURVE('',#8459,(#8463,#8470),.PCURVE_S1.);
#8459 = LINE('',#8460,#8461);
#8460 = CARTESIAN_POINT('',(-2.65E+03,950.,815.));
#8461 = VECTOR('',#8462,1.);
#8462 = DIRECTION('',(1.,0.,0.));
#8463 = PCURVE('',#1960,#8464);
#8464 = DEFINITIONAL_REPRESENTATION('',(#8465),#8469);
#8465 = LINE('',#8466,#8467);
#8466 = CARTESIAN_POINT('',(-1.570796326795,0.));
#8467 = VECTOR('',#8468,1.);
#8468 = DIRECTION('',(-0.,1.));
#8469 = ( GEOMETRIC_REPRESENTATION_CONTEXT(2) 
PARAMETRIC_REPRESENTATION_CONTEXT() REPRESENTATION_CONTEXT('2D SPACE',''
  ) );
#8470 = PCURVE('',#1774,#8471);
#8471 = DEFINITIONAL_REPRESENTATION('',(#8472),#8476);
#8472 = LINE('',#8473,#8474);
#8473 = CARTESIAN_POINT('',(0.,1.975E+03));
#8474 = VECTOR('',#8475,1.);
#8475 = DIRECTION('',(1.,0.));
#8476 = ( GEOMETRIC_REPRESENTATION_CONTEXT(2) 
PARAMETRIC_REPRESENTATION_CONTEXT() REPRESENTATION_CONTEXT('2D SPACE',''
  ) );
#8477 = ORIENTED_EDGE('',*,*,#1792,.T.);
#8478 = ORIENTED_EDGE('',*,*,#8404,.T.);
#8479 = ORIENTED_EDGE('',*,*,#2122,.T.);
#8480 = ORIENTED_EDGE('',*,*,#8355,.T.);
#8481 = ORIENTED_EDGE('',*,*,#8482,.T.);
#8482 = EDGE_CURVE('',#8356,#8483,#8485,.T.);
#8483 = VERTEX_POINT('',#8484);
#8484 = CARTESIAN_POINT('',(2.875E+03,1.025E+03,890.));
#8485 = SURFACE_CURVE('',#8486,(#8491,#8498),.PCURVE_S1.);
#8486 = CIRCLE('',#8487,75.);
#8487 = AXIS2_PLACEMENT_3D('',#8488,#8489,#8490);
#8488 = CARTESIAN_POINT('',(2.875E+03,950.,890.));
#8489 = DIRECTION('',(1.,-6.123233995737E-17,0.));
#8490 = DIRECTION('',(6.123233995737E-17,1.,0.));
#8491 = PCURVE('',#1960,#8492);
#8492 = DEFINITIONAL_REPRESENTATION('',(#8493),#8497);
#8493 = LINE('',#8494,#8495);
#8494 = CARTESIAN_POINT('',(-6.28318530718,5.525E+03));
#8495 = VECTOR('',#8496,1.);
#8496 = DIRECTION('',(1.,-0.));
#8497 = ( GEOMETRIC_REPRESENTATION_CONTEXT(2) 
PARAMETRIC_REPRESENTATION_CONTEXT() REPRESENTATION_CONTEXT('2D SPACE',''
  ) );
#8498 = PCURVE('',#8499,#8504);
#8499 = SPHERICAL_SURFACE('',#8500,75.);
#8500 = AXIS2_PLACEMENT_3D('',#8501,#8502,#8503);
#8501 = CARTESIAN_POINT('',(2.875E+03,950.,890.));
#8502 = DIRECTION('',(0.,0.,1.));
#8503 = DIRECTION('',(1.,0.,-0.));
#8504 = DEFINITIONAL_REPRESENTATION('',(#8505),#8509);
#8505 = LINE('',#8506,#8507);
#8506 = CARTESIAN_POINT('',(1.570796326795,-6.28318530718));
#8507 = VECTOR('',#8508,1.);
#8508 = DIRECTION('',(0.,1.));
#8509 = ( GEOMETRIC_REPRESENTATION_CONTEXT(2) 
PARAMETRIC_REPRESENTATION_CONTEXT() REPRESENTATION_CONTEXT('2D SPACE',''
  ) );
#8510 = ORIENTED_EDGE('',*,*,#8511,.F.);
#8511 = EDGE_CURVE('',#8429,#8483,#8512,.T.);
#8512 = SURFACE_CURVE('',#8513,(#8517,#8524),.PCURVE_S1.);
#8513 = LINE('',#8514,#8515);
#8514 = CARTESIAN_POINT('',(-2.65E+03,1.025E+03,890.));
#8515 = VECTOR('',#8516,1.);
#8516 = DIRECTION('',(1.,0.,0.));
#8517 = PCURVE('',#1960,#8518);
#8518 = DEFINITIONAL_REPRESENTATION('',(#8519),#8523);
#8519 = LINE('',#8520,#8521);
#8520 = CARTESIAN_POINT('',(-0.,0.));
#8521 = VECTOR('',#8522,1.);
#8522 = DIRECTION('',(-0.,1.));
#8523 = ( GEOMETRIC_REPRESENTATION_CONTEXT(2) 
PARAMETRIC_REPRESENTATION_CONTEXT() REPRESENTATION_CONTEXT('2D SPACE',''
  ) );
#8524 = PCURVE('',#8525,#8530);
#8525 = PLANE('',#8526);
#8526 = AXIS2_PLACEMENT_3D('',#8527,#8528,#8529);
#8527 = CARTESIAN_POINT('',(-2.65E+03,1.025E+03,815.));
#8528 = DIRECTION('',(0.,1.,0.));
#8529 = DIRECTION('',(0.,0.,1.));
#8530 = DEFINITIONAL_REPRESENTATION('',(#8531),#8535);
#8531 = LINE('',#8532,#8533);
#8532 = CARTESIAN_POINT('',(75.,0.));
#8533 = VECTOR('',#8534,1.);
#8534 = DIRECTION('',(0.,1.));
#8535 = ( GEOMETRIC_REPRESENTATION_CONTEXT(2) 
PARAMETRIC_REPRESENTATION_CONTEXT() REPRESENTATION_CONTEXT('2D SPACE',''
  ) );
#8536 = ADVANCED_FACE('',(#8537),#8499,.T.);
#8537 = FACE_BOUND('',#8538,.T.);
#8538 = EDGE_LOOP('',(#8539,#8563,#8564));
#8539 = ORIENTED_EDGE('',*,*,#8540,.F.);
#8540 = EDGE_CURVE('',#8356,#8541,#8543,.T.);
#8541 = VERTEX_POINT('',#8542);
#8542 = CARTESIAN_POINT('',(2.95E+03,950.,890.));
#8543 = SURFACE_CURVE('',#8544,(#8549,#8556),.PCURVE_S1.);
#8544 = CIRCLE('',#8545,75.);
#8545 = AXIS2_PLACEMENT_3D('',#8546,#8547,#8548);
#8546 = CARTESIAN_POINT('',(2.875E+03,950.,890.));
#8547 = DIRECTION('',(0.,-1.,0.));
#8548 = DIRECTION('',(1.,0.,0.));
#8549 = PCURVE('',#8499,#8550);
#8550 = DEFINITIONAL_REPRESENTATION('',(#8551),#8555);
#8551 = LINE('',#8552,#8553);
#8552 = CARTESIAN_POINT('',(0.,-6.28318530718));
#8553 = VECTOR('',#8554,1.);
#8554 = DIRECTION('',(0.,1.));
#8555 = ( GEOMETRIC_REPRESENTATION_CONTEXT(2) 
PARAMETRIC_REPRESENTATION_CONTEXT() REPRESENTATION_CONTEXT('2D SPACE',''
  ) );
#8556 = PCURVE('',#439,#8557);
#8557 = DEFINITIONAL_REPRESENTATION('',(#8558),#8562);
#8558 = LINE('',#8559,#8560);
#8559 = CARTESIAN_POINT('',(6.28318530718,1.975E+03));
#8560 = VECTOR('',#8561,1.);
#8561 = DIRECTION('',(-1.,-0.));
#8562 = ( GEOMETRIC_REPRESENTATION_CONTEXT(2) 
PARAMETRIC_REPRESENTATION_CONTEXT() REPRESENTATION_CONTEXT('2D SPACE',''
  ) );
#8563 = ORIENTED_EDGE('',*,*,#8482,.T.);
#8564 = ORIENTED_EDGE('',*,*,#8565,.F.);
#8565 = EDGE_CURVE('',#8541,#8483,#8566,.T.);
#8566 = SURFACE_CURVE('',#8567,(#8572,#8579),.PCURVE_S1.);
#8567 = CIRCLE('',#8568,75.);
#8568 = AXIS2_PLACEMENT_3D('',#8569,#8570,#8571);
#8569 = CARTESIAN_POINT('',(2.875E+03,950.,890.));
#8570 = DIRECTION('',(0.,0.,1.));
#8571 = DIRECTION('',(1.,0.,-0.));
#8572 = PCURVE('',#8499,#8573);
#8573 = DEFINITIONAL_REPRESENTATION('',(#8574),#8578);
#8574 = LINE('',#8575,#8576);
#8575 = CARTESIAN_POINT('',(0.,0.));
#8576 = VECTOR('',#8577,1.);
#8577 = DIRECTION('',(1.,0.));
#8578 = ( GEOMETRIC_REPRESENTATION_CONTEXT(2) 
PARAMETRIC_REPRESENTATION_CONTEXT() REPRESENTATION_CONTEXT('2D SPACE',''
  ) );
#8579 = PCURVE('',#8580,#8585);
#8580 = CYLINDRICAL_SURFACE('',#8581,75.);
#8581 = AXIS2_PLACEMENT_3D('',#8582,#8583,#8584);
#8582 = CARTESIAN_POINT('',(2.875E+03,950.,815.));
#8583 = DIRECTION('',(0.,0.,1.));
#8584 = DIRECTION('',(1.,0.,-0.));
#8585 = DEFINITIONAL_REPRESENTATION('',(#8586),#8590);
#8586 = LINE('',#8587,#8588);
#8587 = CARTESIAN_POINT('',(0.,75.));
#8588 = VECTOR('',#8589,1.);
#8589 = DIRECTION('',(1.,0.));
#8590 = ( GEOMETRIC_REPRESENTATION_CONTEXT(2) 
PARAMETRIC_REPRESENTATION_CONTEXT() REPRESENTATION_CONTEXT('2D SPACE',''
  ) );
#8591 = ADVANCED_FACE('',(#8592),#8580,.T.);
#8592 = FACE_BOUND('',#8593,.T.);
#8593 = EDGE_LOOP('',(#8594,#8622,#8623,#8646));
#8594 = ORIENTED_EDGE('',*,*,#8595,.F.);
#8595 = EDGE_CURVE('',#8541,#8596,#8598,.T.);
#8596 = VERTEX_POINT('',#8597);
#8597 = CARTESIAN_POINT('',(2.95E+03,950.,910.));
#8598 = SURFACE_CURVE('',#8599,(#8603,#8610),.PCURVE_S1.);
#8599 = LINE('',#8600,#8601);
#8600 = CARTESIAN_POINT('',(2.95E+03,950.,815.));
#8601 = VECTOR('',#8602,1.);
#8602 = DIRECTION('',(0.,0.,1.));
#8603 = PCURVE('',#8580,#8604);
#8604 = DEFINITIONAL_REPRESENTATION('',(#8605),#8609);
#8605 = LINE('',#8606,#8607);
#8606 = CARTESIAN_POINT('',(0.,0.));
#8607 = VECTOR('',#8608,1.);
#8608 = DIRECTION('',(0.,1.));
#8609 = ( GEOMETRIC_REPRESENTATION_CONTEXT(2) 
PARAMETRIC_REPRESENTATION_CONTEXT() REPRESENTATION_CONTEXT('2D SPACE',''
  ) );
#8610 = PCURVE('',#8611,#8616);
#8611 = PLANE('',#8612);
#8612 = AXIS2_PLACEMENT_3D('',#8613,#8614,#8615);
#8613 = CARTESIAN_POINT('',(2.95E+03,-1.025E+03,815.));
#8614 = DIRECTION('',(1.,0.,0.));
#8615 = DIRECTION('',(0.,0.,1.));
#8616 = DEFINITIONAL_REPRESENTATION('',(#8617),#8621);
#8617 = LINE('',#8618,#8619);
#8618 = CARTESIAN_POINT('',(0.,-1.975E+03));
#8619 = VECTOR('',#8620,1.);
#8620 = DIRECTION('',(1.,0.));
#8621 = ( GEOMETRIC_REPRESENTATION_CONTEXT(2) 
PARAMETRIC_REPRESENTATION_CONTEXT() REPRESENTATION_CONTEXT('2D SPACE',''
  ) );
#8622 = ORIENTED_EDGE('',*,*,#8565,.T.);
#8623 = ORIENTED_EDGE('',*,*,#8624,.T.);
#8624 = EDGE_CURVE('',#8483,#8625,#8627,.T.);
#8625 = VERTEX_POINT('',#8626);
#8626 = CARTESIAN_POINT('',(2.875E+03,1.025E+03,910.));
#8627 = SURFACE_CURVE('',#8628,(#8632,#8639),.PCURVE_S1.);
#8628 = LINE('',#8629,#8630);
#8629 = CARTESIAN_POINT('',(2.875E+03,1.025E+03,815.));
#8630 = VECTOR('',#8631,1.);
#8631 = DIRECTION('',(0.,0.,1.));
#8632 = PCURVE('',#8580,#8633);
#8633 = DEFINITIONAL_REPRESENTATION('',(#8634),#8638);
#8634 = LINE('',#8635,#8636);
#8635 = CARTESIAN_POINT('',(1.570796326795,0.));
#8636 = VECTOR('',#8637,1.);
#8637 = DIRECTION('',(0.,1.));
#8638 = ( GEOMETRIC_REPRESENTATION_CONTEXT(2) 
PARAMETRIC_REPRESENTATION_CONTEXT() REPRESENTATION_CONTEXT('2D SPACE',''
  ) );
#8639 = PCURVE('',#8525,#8640);
#8640 = DEFINITIONAL_REPRESENTATION('',(#8641),#8645);
#8641 = LINE('',#8642,#8643);
#8642 = CARTESIAN_POINT('',(0.,5.525E+03));
#8643 = VECTOR('',#8644,1.);
#8644 = DIRECTION('',(1.,0.));
#8645 = ( GEOMETRIC_REPRESENTATION_CONTEXT(2) 
PARAMETRIC_REPRESENTATION_CONTEXT() REPRESENTATION_CONTEXT('2D SPACE',''
  ) );
#8646 = ORIENTED_EDGE('',*,*,#8647,.T.);
#8647 = EDGE_CURVE('',#8625,#8596,#8648,.T.);
#8648 = SURFACE_CURVE('',#8649,(#8654,#8661),.PCURVE_S1.);
#8649 = CIRCLE('',#8650,75.);
#8650 = AXIS2_PLACEMENT_3D('',#8651,#8652,#8653);
#8651 = CARTESIAN_POINT('',(2.875E+03,950.,910.));
#8652 = DIRECTION('',(0.,0.,-1.));
#8653 = DIRECTION('',(1.,0.,0.));
#8654 = PCURVE('',#8580,#8655);
#8655 = DEFINITIONAL_REPRESENTATION('',(#8656),#8660);
#8656 = LINE('',#8657,#8658);
#8657 = CARTESIAN_POINT('',(6.28318530718,95.));
#8658 = VECTOR('',#8659,1.);
#8659 = DIRECTION('',(-1.,-0.));
#8660 = ( GEOMETRIC_REPRESENTATION_CONTEXT(2) 
PARAMETRIC_REPRESENTATION_CONTEXT() REPRESENTATION_CONTEXT('2D SPACE',''
  ) );
#8661 = PCURVE('',#8662,#8667);
#8662 = SPHERICAL_SURFACE('',#8663,75.);
#8663 = AXIS2_PLACEMENT_3D('',#8664,#8665,#8666);
#8664 = CARTESIAN_POINT('',(2.875E+03,950.,910.));
#8665 = DIRECTION('',(-0.,-1.,-0.));
#8666 = DIRECTION('',(1.,-0.,0.));
#8667 = DEFINITIONAL_REPRESENTATION('',(#8668),#8672);
#8668 = LINE('',#8669,#8670);
#8669 = CARTESIAN_POINT('',(0.,-6.28318530718));
#8670 = VECTOR('',#8671,1.);
#8671 = DIRECTION('',(0.,1.));
#8672 = ( GEOMETRIC_REPRESENTATION_CONTEXT(2) 
PARAMETRIC_REPRESENTATION_CONTEXT() REPRESENTATION_CONTEXT('2D SPACE',''
  ) );
#8673 = ADVANCED_FACE('',(#8674),#8662,.T.);
#8674 = FACE_BOUND('',#8675,.T.);
#8675 = EDGE_LOOP('',(#8676,#8677,#8706));
#8676 = ORIENTED_EDGE('',*,*,#8647,.F.);
#8677 = ORIENTED_EDGE('',*,*,#8678,.T.);
#8678 = EDGE_CURVE('',#8625,#8679,#8681,.T.);
#8679 = VERTEX_POINT('',#8680);
#8680 = CARTESIAN_POINT('',(2.875E+03,950.,985.));
#8681 = SURFACE_CURVE('',#8682,(#8687,#8694),.PCURVE_S1.);
#8682 = CIRCLE('',#8683,75.);
#8683 = AXIS2_PLACEMENT_3D('',#8684,#8685,#8686);
#8684 = CARTESIAN_POINT('',(2.875E+03,950.,910.));
#8685 = DIRECTION('',(1.,0.,-6.123233995737E-17));
#8686 = DIRECTION('',(6.123233995737E-17,0.,1.));
#8687 = PCURVE('',#8662,#8688);
#8688 = DEFINITIONAL_REPRESENTATION('',(#8689),#8693);
#8689 = LINE('',#8690,#8691);
#8690 = CARTESIAN_POINT('',(1.570796326795,-6.28318530718));
#8691 = VECTOR('',#8692,1.);
#8692 = DIRECTION('',(0.,1.));
#8693 = ( GEOMETRIC_REPRESENTATION_CONTEXT(2) 
PARAMETRIC_REPRESENTATION_CONTEXT() REPRESENTATION_CONTEXT('2D SPACE',''
  ) );
#8694 = PCURVE('',#8695,#8700);
#8695 = CYLINDRICAL_SURFACE('',#8696,75.);
#8696 = AXIS2_PLACEMENT_3D('',#8697,#8698,#8699);
#8697 = CARTESIAN_POINT('',(-2.65E+03,950.,910.));
#8698 = DIRECTION('',(1.,0.,0.));
#8699 = DIRECTION('',(-0.,1.,0.));
#8700 = DEFINITIONAL_REPRESENTATION('',(#8701),#8705);
#8701 = LINE('',#8702,#8703);
#8702 = CARTESIAN_POINT('',(-4.712388980385,5.525E+03));
#8703 = VECTOR('',#8704,1.);
#8704 = DIRECTION('',(1.,0.));
#8705 = ( GEOMETRIC_REPRESENTATION_CONTEXT(2) 
PARAMETRIC_REPRESENTATION_CONTEXT() REPRESENTATION_CONTEXT('2D SPACE',''
  ) );
#8706 = ORIENTED_EDGE('',*,*,#8707,.F.);
#8707 = EDGE_CURVE('',#8596,#8679,#8708,.T.);
#8708 = SURFACE_CURVE('',#8709,(#8714,#8721),.PCURVE_S1.);
#8709 = CIRCLE('',#8710,75.);
#8710 = AXIS2_PLACEMENT_3D('',#8711,#8712,#8713);
#8711 = CARTESIAN_POINT('',(2.875E+03,950.,910.));
#8712 = DIRECTION('',(-0.,-1.,0.));
#8713 = DIRECTION('',(1.,-0.,0.));
#8714 = PCURVE('',#8662,#8715);
#8715 = DEFINITIONAL_REPRESENTATION('',(#8716),#8720);
#8716 = LINE('',#8717,#8718);
#8717 = CARTESIAN_POINT('',(0.,0.));
#8718 = VECTOR('',#8719,1.);
#8719 = DIRECTION('',(1.,0.));
#8720 = ( GEOMETRIC_REPRESENTATION_CONTEXT(2) 
PARAMETRIC_REPRESENTATION_CONTEXT() REPRESENTATION_CONTEXT('2D SPACE',''
  ) );
#8721 = PCURVE('',#8722,#8727);
#8722 = CYLINDRICAL_SURFACE('',#8723,75.);
#8723 = AXIS2_PLACEMENT_3D('',#8724,#8725,#8726);
#8724 = CARTESIAN_POINT('',(2.875E+03,-1.025E+03,910.));
#8725 = DIRECTION('',(0.,1.,0.));
#8726 = DIRECTION('',(1.,0.,-0.));
#8727 = DEFINITIONAL_REPRESENTATION('',(#8728),#8732);
#8728 = LINE('',#8729,#8730);
#8729 = CARTESIAN_POINT('',(-0.,1.975E+03));
#8730 = VECTOR('',#8731,1.);
#8731 = DIRECTION('',(-1.,0.));
#8732 = ( GEOMETRIC_REPRESENTATION_CONTEXT(2) 
PARAMETRIC_REPRESENTATION_CONTEXT() REPRESENTATION_CONTEXT('2D SPACE',''
  ) );
#8733 = ADVANCED_FACE('',(#8734),#8722,.T.);
#8734 = FACE_BOUND('',#8735,.F.);
#8735 = EDGE_LOOP('',(#8736,#8767,#8795,#8823,#8844,#8845));
#8736 = ORIENTED_EDGE('',*,*,#8737,.F.);
#8737 = EDGE_CURVE('',#8738,#8740,#8742,.T.);
#8738 = VERTEX_POINT('',#8739);
#8739 = CARTESIAN_POINT('',(2.875E+03,-950.,985.));
#8740 = VERTEX_POINT('',#8741);
#8741 = CARTESIAN_POINT('',(2.95E+03,-950.,910.));
#8742 = SURFACE_CURVE('',#8743,(#8748,#8755),.PCURVE_S1.);
#8743 = CIRCLE('',#8744,75.);
#8744 = AXIS2_PLACEMENT_3D('',#8745,#8746,#8747);
#8745 = CARTESIAN_POINT('',(2.875E+03,-950.,910.));
#8746 = DIRECTION('',(-0.,1.,0.));
#8747 = DIRECTION('',(1.,0.,0.));
#8748 = PCURVE('',#8722,#8749);
#8749 = DEFINITIONAL_REPRESENTATION('',(#8750),#8754);
#8750 = LINE('',#8751,#8752);
#8751 = CARTESIAN_POINT('',(-6.28318530718,75.));
#8752 = VECTOR('',#8753,1.);
#8753 = DIRECTION('',(1.,-0.));
#8754 = ( GEOMETRIC_REPRESENTATION_CONTEXT(2) 
PARAMETRIC_REPRESENTATION_CONTEXT() REPRESENTATION_CONTEXT('2D SPACE',''
  ) );
#8755 = PCURVE('',#8756,#8761);
#8756 = SPHERICAL_SURFACE('',#8757,75.);
#8757 = AXIS2_PLACEMENT_3D('',#8758,#8759,#8760);
#8758 = CARTESIAN_POINT('',(2.875E+03,-950.,910.));
#8759 = DIRECTION('',(-0.,-0.,-1.));
#8760 = DIRECTION('',(1.,0.,0.));
#8761 = DEFINITIONAL_REPRESENTATION('',(#8762),#8766);
#8762 = LINE('',#8763,#8764);
#8763 = CARTESIAN_POINT('',(0.,-6.28318530718));
#8764 = VECTOR('',#8765,1.);
#8765 = DIRECTION('',(0.,1.));
#8766 = ( GEOMETRIC_REPRESENTATION_CONTEXT(2) 
PARAMETRIC_REPRESENTATION_CONTEXT() REPRESENTATION_CONTEXT('2D SPACE',''
  ) );
#8767 = ORIENTED_EDGE('',*,*,#8768,.T.);
#8768 = EDGE_CURVE('',#8738,#8769,#8771,.T.);
#8769 = VERTEX_POINT('',#8770);
#8770 = CARTESIAN_POINT('',(2.875E+03,-293.,985.));
#8771 = SURFACE_CURVE('',#8772,(#8776,#8783),.PCURVE_S1.);
#8772 = LINE('',#8773,#8774);
#8773 = CARTESIAN_POINT('',(2.875E+03,-1.025E+03,985.));
#8774 = VECTOR('',#8775,1.);
#8775 = DIRECTION('',(0.,1.,0.));
#8776 = PCURVE('',#8722,#8777);
#8777 = DEFINITIONAL_REPRESENTATION('',(#8778),#8782);
#8778 = LINE('',#8779,#8780);
#8779 = CARTESIAN_POINT('',(-1.570796326795,0.));
#8780 = VECTOR('',#8781,1.);
#8781 = DIRECTION('',(-0.,1.));
#8782 = ( GEOMETRIC_REPRESENTATION_CONTEXT(2) 
PARAMETRIC_REPRESENTATION_CONTEXT() REPRESENTATION_CONTEXT('2D SPACE',''
  ) );
#8783 = PCURVE('',#8784,#8789);
#8784 = PLANE('',#8785);
#8785 = AXIS2_PLACEMENT_3D('',#8786,#8787,#8788);
#8786 = CARTESIAN_POINT('',(-2.65E+03,-1.025E+03,985.));
#8787 = DIRECTION('',(0.,0.,1.));
#8788 = DIRECTION('',(1.,0.,0.));
#8789 = DEFINITIONAL_REPRESENTATION('',(#8790),#8794);
#8790 = LINE('',#8791,#8792);
#8791 = CARTESIAN_POINT('',(5.525E+03,0.));
#8792 = VECTOR('',#8793,1.);
#8793 = DIRECTION('',(0.,1.));
#8794 = ( GEOMETRIC_REPRESENTATION_CONTEXT(2) 
PARAMETRIC_REPRESENTATION_CONTEXT() REPRESENTATION_CONTEXT('2D SPACE',''
  ) );
#8795 = ORIENTED_EDGE('',*,*,#8796,.T.);
#8796 = EDGE_CURVE('',#8769,#8797,#8799,.T.);
#8797 = VERTEX_POINT('',#8798);
#8798 = CARTESIAN_POINT('',(2.875E+03,293.,985.));
#8799 = SURFACE_CURVE('',#8800,(#8804,#8811),.PCURVE_S1.);
#8800 = LINE('',#8801,#8802);
#8801 = CARTESIAN_POINT('',(2.875E+03,-1.025E+03,985.));
#8802 = VECTOR('',#8803,1.);
#8803 = DIRECTION('',(0.,1.,0.));
#8804 = PCURVE('',#8722,#8805);
#8805 = DEFINITIONAL_REPRESENTATION('',(#8806),#8810);
#8806 = LINE('',#8807,#8808);
#8807 = CARTESIAN_POINT('',(-1.570796326795,0.));
#8808 = VECTOR('',#8809,1.);
#8809 = DIRECTION('',(-0.,1.));
#8810 = ( GEOMETRIC_REPRESENTATION_CONTEXT(2) 
PARAMETRIC_REPRESENTATION_CONTEXT() REPRESENTATION_CONTEXT('2D SPACE',''
  ) );
#8811 = PCURVE('',#8812,#8817);
#8812 = PLANE('',#8813);
#8813 = AXIS2_PLACEMENT_3D('',#8814,#8815,#8816);
#8814 = CARTESIAN_POINT('',(2.025E+03,-325.,985.));
#8815 = DIRECTION('',(0.,0.,1.));
#8816 = DIRECTION('',(1.,0.,0.));
#8817 = DEFINITIONAL_REPRESENTATION('',(#8818),#8822);
#8818 = LINE('',#8819,#8820);
#8819 = CARTESIAN_POINT('',(850.,-700.));
#8820 = VECTOR('',#8821,1.);
#8821 = DIRECTION('',(0.,1.));
#8822 = ( GEOMETRIC_REPRESENTATION_CONTEXT(2) 
PARAMETRIC_REPRESENTATION_CONTEXT() REPRESENTATION_CONTEXT('2D SPACE',''
  ) );
#8823 = ORIENTED_EDGE('',*,*,#8824,.T.);
#8824 = EDGE_CURVE('',#8797,#8679,#8825,.T.);
#8825 = SURFACE_CURVE('',#8826,(#8830,#8837),.PCURVE_S1.);
#8826 = LINE('',#8827,#8828);
#8827 = CARTESIAN_POINT('',(2.875E+03,-1.025E+03,985.));
#8828 = VECTOR('',#8829,1.);
#8829 = DIRECTION('',(0.,1.,0.));
#8830 = PCURVE('',#8722,#8831);
#8831 = DEFINITIONAL_REPRESENTATION('',(#8832),#8836);
#8832 = LINE('',#8833,#8834);
#8833 = CARTESIAN_POINT('',(-1.570796326795,0.));
#8834 = VECTOR('',#8835,1.);
#8835 = DIRECTION('',(-0.,1.));
#8836 = ( GEOMETRIC_REPRESENTATION_CONTEXT(2) 
PARAMETRIC_REPRESENTATION_CONTEXT() REPRESENTATION_CONTEXT('2D SPACE',''
  ) );
#8837 = PCURVE('',#8784,#8838);
#8838 = DEFINITIONAL_REPRESENTATION('',(#8839),#8843);
#8839 = LINE('',#8840,#8841);
#8840 = CARTESIAN_POINT('',(5.525E+03,0.));
#8841 = VECTOR('',#8842,1.);
#8842 = DIRECTION('',(0.,1.));
#8843 = ( GEOMETRIC_REPRESENTATION_CONTEXT(2) 
PARAMETRIC_REPRESENTATION_CONTEXT() REPRESENTATION_CONTEXT('2D SPACE',''
  ) );
#8844 = ORIENTED_EDGE('',*,*,#8707,.F.);
#8845 = ORIENTED_EDGE('',*,*,#8846,.F.);
#8846 = EDGE_CURVE('',#8740,#8596,#8847,.T.);
#8847 = SURFACE_CURVE('',#8848,(#8852,#8859),.PCURVE_S1.);
#8848 = LINE('',#8849,#8850);
#8849 = CARTESIAN_POINT('',(2.95E+03,-1.025E+03,910.));
#8850 = VECTOR('',#8851,1.);
#8851 = DIRECTION('',(0.,1.,0.));
#8852 = PCURVE('',#8722,#8853);
#8853 = DEFINITIONAL_REPRESENTATION('',(#8854),#8858);
#8854 = LINE('',#8855,#8856);
#8855 = CARTESIAN_POINT('',(-0.,0.));
#8856 = VECTOR('',#8857,1.);
#8857 = DIRECTION('',(-0.,1.));
#8858 = ( GEOMETRIC_REPRESENTATION_CONTEXT(2) 
PARAMETRIC_REPRESENTATION_CONTEXT() REPRESENTATION_CONTEXT('2D SPACE',''
  ) );
#8859 = PCURVE('',#8611,#8860);
#8860 = DEFINITIONAL_REPRESENTATION('',(#8861),#8865);
#8861 = LINE('',#8862,#8863);
#8862 = CARTESIAN_POINT('',(95.,0.));
#8863 = VECTOR('',#8864,1.);
#8864 = DIRECTION('',(0.,-1.));
#8865 = ( GEOMETRIC_REPRESENTATION_CONTEXT(2) 
PARAMETRIC_REPRESENTATION_CONTEXT() REPRESENTATION_CONTEXT('2D SPACE',''
  ) );
#8866 = ADVANCED_FACE('',(#8867),#8812,.F.);
#8867 = FACE_BOUND('',#8868,.F.);
#8868 = EDGE_LOOP('',(#8869,#8870,#8898,#8926));
#8869 = ORIENTED_EDGE('',*,*,#8796,.F.);
#8870 = ORIENTED_EDGE('',*,*,#8871,.T.);
#8871 = EDGE_CURVE('',#8769,#8872,#8874,.T.);
#8872 = VERTEX_POINT('',#8873);
#8873 = CARTESIAN_POINT('',(2.943E+03,-293.,985.));
#8874 = SURFACE_CURVE('',#8875,(#8879,#8886),.PCURVE_S1.);
#8875 = LINE('',#8876,#8877);
#8876 = CARTESIAN_POINT('',(2.025E+03,-293.,985.));
#8877 = VECTOR('',#8878,1.);
#8878 = DIRECTION('',(1.,0.,0.));
#8879 = PCURVE('',#8812,#8880);
#8880 = DEFINITIONAL_REPRESENTATION('',(#8881),#8885);
#8881 = LINE('',#8882,#8883);
#8882 = CARTESIAN_POINT('',(0.,32.));
#8883 = VECTOR('',#8884,1.);
#8884 = DIRECTION('',(1.,0.));
#8885 = ( GEOMETRIC_REPRESENTATION_CONTEXT(2) 
PARAMETRIC_REPRESENTATION_CONTEXT() REPRESENTATION_CONTEXT('2D SPACE',''
  ) );
#8886 = PCURVE('',#8887,#8892);
#8887 = CYLINDRICAL_SURFACE('',#8888,32.);
#8888 = AXIS2_PLACEMENT_3D('',#8889,#8890,#8891);
#8889 = CARTESIAN_POINT('',(2.025E+03,-293.,1.017E+03));
#8890 = DIRECTION('',(1.,0.,0.));
#8891 = DIRECTION('',(0.,-1.,0.));
#8892 = DEFINITIONAL_REPRESENTATION('',(#8893),#8897);
#8893 = LINE('',#8894,#8895);
#8894 = CARTESIAN_POINT('',(1.570796326795,0.));
#8895 = VECTOR('',#8896,1.);
#8896 = DIRECTION('',(0.,1.));
#8897 = ( GEOMETRIC_REPRESENTATION_CONTEXT(2) 
PARAMETRIC_REPRESENTATION_CONTEXT() REPRESENTATION_CONTEXT('2D SPACE',''
  ) );
#8898 = ORIENTED_EDGE('',*,*,#8899,.T.);
#8899 = EDGE_CURVE('',#8872,#8900,#8902,.T.);
#8900 = VERTEX_POINT('',#8901);
#8901 = CARTESIAN_POINT('',(2.943E+03,293.,985.));
#8902 = SURFACE_CURVE('',#8903,(#8907,#8914),.PCURVE_S1.);
#8903 = LINE('',#8904,#8905);
#8904 = CARTESIAN_POINT('',(2.943E+03,-325.,985.));
#8905 = VECTOR('',#8906,1.);
#8906 = DIRECTION('',(0.,1.,0.));
#8907 = PCURVE('',#8812,#8908);
#8908 = DEFINITIONAL_REPRESENTATION('',(#8909),#8913);
#8909 = LINE('',#8910,#8911);
#8910 = CARTESIAN_POINT('',(918.,0.));
#8911 = VECTOR('',#8912,1.);
#8912 = DIRECTION('',(0.,1.));
#8913 = ( GEOMETRIC_REPRESENTATION_CONTEXT(2) 
PARAMETRIC_REPRESENTATION_CONTEXT() REPRESENTATION_CONTEXT('2D SPACE',''
  ) );
#8914 = PCURVE('',#8915,#8920);
#8915 = CYLINDRICAL_SURFACE('',#8916,32.);
#8916 = AXIS2_PLACEMENT_3D('',#8917,#8918,#8919);
#8917 = CARTESIAN_POINT('',(2.943E+03,-325.,1.017E+03));
#8918 = DIRECTION('',(0.,1.,0.));
#8919 = DIRECTION('',(1.,0.,-0.));
#8920 = DEFINITIONAL_REPRESENTATION('',(#8921),#8925);
#8921 = LINE('',#8922,#8923);
#8922 = CARTESIAN_POINT('',(1.570796326795,0.));
#8923 = VECTOR('',#8924,1.);
#8924 = DIRECTION('',(0.,1.));
#8925 = ( GEOMETRIC_REPRESENTATION_CONTEXT(2) 
PARAMETRIC_REPRESENTATION_CONTEXT() REPRESENTATION_CONTEXT('2D SPACE',''
  ) );
#8926 = ORIENTED_EDGE('',*,*,#8927,.F.);
#8927 = EDGE_CURVE('',#8797,#8900,#8928,.T.);
#8928 = SURFACE_CURVE('',#8929,(#8933,#8940),.PCURVE_S1.);
#8929 = LINE('',#8930,#8931);
#8930 = CARTESIAN_POINT('',(2.025E+03,293.,985.));
#8931 = VECTOR('',#8932,1.);
#8932 = DIRECTION('',(1.,0.,0.));
#8933 = PCURVE('',#8812,#8934);
#8934 = DEFINITIONAL_REPRESENTATION('',(#8935),#8939);
#8935 = LINE('',#8936,#8937);
#8936 = CARTESIAN_POINT('',(0.,618.));
#8937 = VECTOR('',#8938,1.);
#8938 = DIRECTION('',(1.,0.));
#8939 = ( GEOMETRIC_REPRESENTATION_CONTEXT(2) 
PARAMETRIC_REPRESENTATION_CONTEXT() REPRESENTATION_CONTEXT('2D SPACE',''
  ) );
#8940 = PCURVE('',#8941,#8946);
#8941 = CYLINDRICAL_SURFACE('',#8942,32.);
#8942 = AXIS2_PLACEMENT_3D('',#8943,#8944,#8945);
#8943 = CARTESIAN_POINT('',(2.025E+03,293.,1.017E+03));
#8944 = DIRECTION('',(1.,0.,0.));
#8945 = DIRECTION('',(-0.,1.,0.));
#8946 = DEFINITIONAL_REPRESENTATION('',(#8947),#8951);
#8947 = LINE('',#8948,#8949);
#8948 = CARTESIAN_POINT('',(-1.570796326795,0.));
#8949 = VECTOR('',#8950,1.);
#8950 = DIRECTION('',(-0.,1.));
#8951 = ( GEOMETRIC_REPRESENTATION_CONTEXT(2) 
PARAMETRIC_REPRESENTATION_CONTEXT() REPRESENTATION_CONTEXT('2D SPACE',''
  ) );
#8952 = ADVANCED_FACE('',(#8953),#8887,.T.);
#8953 = FACE_BOUND('',#8954,.T.);
#8954 = EDGE_LOOP('',(#8955,#8986,#9007,#9008,#9037));
#8955 = ORIENTED_EDGE('',*,*,#8956,.F.);
#8956 = EDGE_CURVE('',#8957,#8959,#8961,.T.);
#8957 = VERTEX_POINT('',#8958);
#8958 = CARTESIAN_POINT('',(2.057E+03,-293.,985.));
#8959 = VERTEX_POINT('',#8960);
#8960 = CARTESIAN_POINT('',(2.057E+03,-325.,1.017E+03));
#8961 = SURFACE_CURVE('',#8962,(#8967,#8974),.PCURVE_S1.);
#8962 = CIRCLE('',#8963,32.);
#8963 = AXIS2_PLACEMENT_3D('',#8964,#8965,#8966);
#8964 = CARTESIAN_POINT('',(2.057E+03,-293.,1.017E+03));
#8965 = DIRECTION('',(-1.,6.123233995737E-17,0.));
#8966 = DIRECTION('',(-6.123233995737E-17,-1.,0.));
#8967 = PCURVE('',#8887,#8968);
#8968 = DEFINITIONAL_REPRESENTATION('',(#8969),#8973);
#8969 = LINE('',#8970,#8971);
#8970 = CARTESIAN_POINT('',(6.28318530718,32.));
#8971 = VECTOR('',#8972,1.);
#8972 = DIRECTION('',(-1.,-0.));
#8973 = ( GEOMETRIC_REPRESENTATION_CONTEXT(2) 
PARAMETRIC_REPRESENTATION_CONTEXT() REPRESENTATION_CONTEXT('2D SPACE',''
  ) );
#8974 = PCURVE('',#8975,#8980);
#8975 = SPHERICAL_SURFACE('',#8976,32.);
#8976 = AXIS2_PLACEMENT_3D('',#8977,#8978,#8979);
#8977 = CARTESIAN_POINT('',(2.057E+03,-293.,1.017E+03));
#8978 = DIRECTION('',(0.,0.,1.));
#8979 = DIRECTION('',(-1.,0.,0.));
#8980 = DEFINITIONAL_REPRESENTATION('',(#8981),#8985);
#8981 = LINE('',#8982,#8983);
#8982 = CARTESIAN_POINT('',(1.570796326795,-6.28318530718));
#8983 = VECTOR('',#8984,1.);
#8984 = DIRECTION('',(0.,1.));
#8985 = ( GEOMETRIC_REPRESENTATION_CONTEXT(2) 
PARAMETRIC_REPRESENTATION_CONTEXT() REPRESENTATION_CONTEXT('2D SPACE',''
  ) );
#8986 = ORIENTED_EDGE('',*,*,#8987,.T.);
#8987 = EDGE_CURVE('',#8957,#8769,#8988,.T.);
#8988 = SURFACE_CURVE('',#8989,(#8993,#9000),.PCURVE_S1.);
#8989 = LINE('',#8990,#8991);
#8990 = CARTESIAN_POINT('',(2.025E+03,-293.,985.));
#8991 = VECTOR('',#8992,1.);
#8992 = DIRECTION('',(1.,0.,0.));
#8993 = PCURVE('',#8887,#8994);
#8994 = DEFINITIONAL_REPRESENTATION('',(#8995),#8999);
#8995 = LINE('',#8996,#8997);
#8996 = CARTESIAN_POINT('',(1.570796326795,0.));
#8997 = VECTOR('',#8998,1.);
#8998 = DIRECTION('',(0.,1.));
#8999 = ( GEOMETRIC_REPRESENTATION_CONTEXT(2) 
PARAMETRIC_REPRESENTATION_CONTEXT() REPRESENTATION_CONTEXT('2D SPACE',''
  ) );
#9000 = PCURVE('',#8784,#9001);
#9001 = DEFINITIONAL_REPRESENTATION('',(#9002),#9006);
#9002 = LINE('',#9003,#9004);
#9003 = CARTESIAN_POINT('',(4.675E+03,732.));
#9004 = VECTOR('',#9005,1.);
#9005 = DIRECTION('',(1.,0.));
#9006 = ( GEOMETRIC_REPRESENTATION_CONTEXT(2) 
PARAMETRIC_REPRESENTATION_CONTEXT() REPRESENTATION_CONTEXT('2D SPACE',''
  ) );
#9007 = ORIENTED_EDGE('',*,*,#8871,.T.);
#9008 = ORIENTED_EDGE('',*,*,#9009,.T.);
#9009 = EDGE_CURVE('',#8872,#9010,#9012,.T.);
#9010 = VERTEX_POINT('',#9011);
#9011 = CARTESIAN_POINT('',(2.943E+03,-325.,1.017E+03));
#9012 = SURFACE_CURVE('',#9013,(#9018,#9025),.PCURVE_S1.);
#9013 = CIRCLE('',#9014,32.);
#9014 = AXIS2_PLACEMENT_3D('',#9015,#9016,#9017);
#9015 = CARTESIAN_POINT('',(2.943E+03,-293.,1.017E+03));
#9016 = DIRECTION('',(-1.,-6.123233995737E-17,0.));
#9017 = DIRECTION('',(6.123233995737E-17,-1.,-0.));
#9018 = PCURVE('',#8887,#9019);
#9019 = DEFINITIONAL_REPRESENTATION('',(#9020),#9024);
#9020 = LINE('',#9021,#9022);
#9021 = CARTESIAN_POINT('',(6.28318530718,918.));
#9022 = VECTOR('',#9023,1.);
#9023 = DIRECTION('',(-1.,-0.));
#9024 = ( GEOMETRIC_REPRESENTATION_CONTEXT(2) 
PARAMETRIC_REPRESENTATION_CONTEXT() REPRESENTATION_CONTEXT('2D SPACE',''
  ) );
#9025 = PCURVE('',#9026,#9031);
#9026 = SPHERICAL_SURFACE('',#9027,32.);
#9027 = AXIS2_PLACEMENT_3D('',#9028,#9029,#9030);
#9028 = CARTESIAN_POINT('',(2.943E+03,-293.,1.017E+03));
#9029 = DIRECTION('',(0.,0.,1.));
#9030 = DIRECTION('',(1.,0.,-0.));
#9031 = DEFINITIONAL_REPRESENTATION('',(#9032),#9036);
#9032 = LINE('',#9033,#9034);
#9033 = CARTESIAN_POINT('',(-1.570796326795,-6.28318530718));
#9034 = VECTOR('',#9035,1.);
#9035 = DIRECTION('',(-0.,1.));
#9036 = ( GEOMETRIC_REPRESENTATION_CONTEXT(2) 
PARAMETRIC_REPRESENTATION_CONTEXT() REPRESENTATION_CONTEXT('2D SPACE',''
  ) );
#9037 = ORIENTED_EDGE('',*,*,#9038,.F.);
#9038 = EDGE_CURVE('',#8959,#9010,#9039,.T.);
#9039 = SURFACE_CURVE('',#9040,(#9044,#9051),.PCURVE_S1.);
#9040 = LINE('',#9041,#9042);
#9041 = CARTESIAN_POINT('',(2.025E+03,-325.,1.017E+03));
#9042 = VECTOR('',#9043,1.);
#9043 = DIRECTION('',(1.,0.,0.));
#9044 = PCURVE('',#8887,#9045);
#9045 = DEFINITIONAL_REPRESENTATION('',(#9046),#9050);
#9046 = LINE('',#9047,#9048);
#9047 = CARTESIAN_POINT('',(0.,0.));
#9048 = VECTOR('',#9049,1.);
#9049 = DIRECTION('',(0.,1.));
#9050 = ( GEOMETRIC_REPRESENTATION_CONTEXT(2) 
PARAMETRIC_REPRESENTATION_CONTEXT() REPRESENTATION_CONTEXT('2D SPACE',''
  ) );
#9051 = PCURVE('',#9052,#9057);
#9052 = PLANE('',#9053);
#9053 = AXIS2_PLACEMENT_3D('',#9054,#9055,#9056);
#9054 = CARTESIAN_POINT('',(2.025E+03,-325.,985.));
#9055 = DIRECTION('',(0.,1.,0.));
#9056 = DIRECTION('',(0.,0.,1.));
#9057 = DEFINITIONAL_REPRESENTATION('',(#9058),#9062);
#9058 = LINE('',#9059,#9060);
#9059 = CARTESIAN_POINT('',(32.,0.));
#9060 = VECTOR('',#9061,1.);
#9061 = DIRECTION('',(0.,1.));
#9062 = ( GEOMETRIC_REPRESENTATION_CONTEXT(2) 
PARAMETRIC_REPRESENTATION_CONTEXT() REPRESENTATION_CONTEXT('2D SPACE',''
  ) );
#9063 = ADVANCED_FACE('',(#9064),#9026,.T.);
#9064 = FACE_BOUND('',#9065,.F.);
#9065 = EDGE_LOOP('',(#9066,#9090,#9091));
#9066 = ORIENTED_EDGE('',*,*,#9067,.F.);
#9067 = EDGE_CURVE('',#8872,#9068,#9070,.T.);
#9068 = VERTEX_POINT('',#9069);
#9069 = CARTESIAN_POINT('',(2.975E+03,-293.,1.017E+03));
#9070 = SURFACE_CURVE('',#9071,(#9076,#9083),.PCURVE_S1.);
#9071 = CIRCLE('',#9072,32.);
#9072 = AXIS2_PLACEMENT_3D('',#9073,#9074,#9075);
#9073 = CARTESIAN_POINT('',(2.943E+03,-293.,1.017E+03));
#9074 = DIRECTION('',(0.,-1.,0.));
#9075 = DIRECTION('',(1.,0.,0.));
#9076 = PCURVE('',#9026,#9077);
#9077 = DEFINITIONAL_REPRESENTATION('',(#9078),#9082);
#9078 = LINE('',#9079,#9080);
#9079 = CARTESIAN_POINT('',(-0.,-6.28318530718));
#9080 = VECTOR('',#9081,1.);
#9081 = DIRECTION('',(-0.,1.));
#9082 = ( GEOMETRIC_REPRESENTATION_CONTEXT(2) 
PARAMETRIC_REPRESENTATION_CONTEXT() REPRESENTATION_CONTEXT('2D SPACE',''
  ) );
#9083 = PCURVE('',#8915,#9084);
#9084 = DEFINITIONAL_REPRESENTATION('',(#9085),#9089);
#9085 = LINE('',#9086,#9087);
#9086 = CARTESIAN_POINT('',(6.28318530718,32.));
#9087 = VECTOR('',#9088,1.);
#9088 = DIRECTION('',(-1.,-0.));
#9089 = ( GEOMETRIC_REPRESENTATION_CONTEXT(2) 
PARAMETRIC_REPRESENTATION_CONTEXT() REPRESENTATION_CONTEXT('2D SPACE',''
  ) );
#9090 = ORIENTED_EDGE('',*,*,#9009,.T.);
#9091 = ORIENTED_EDGE('',*,*,#9092,.F.);
#9092 = EDGE_CURVE('',#9068,#9010,#9093,.T.);
#9093 = SURFACE_CURVE('',#9094,(#9099,#9106),.PCURVE_S1.);
#9094 = CIRCLE('',#9095,32.);
#9095 = AXIS2_PLACEMENT_3D('',#9096,#9097,#9098);
#9096 = CARTESIAN_POINT('',(2.943E+03,-293.,1.017E+03));
#9097 = DIRECTION('',(0.,-0.,-1.));
#9098 = DIRECTION('',(1.,0.,-0.));
#9099 = PCURVE('',#9026,#9100);
#9100 = DEFINITIONAL_REPRESENTATION('',(#9101),#9105);
#9101 = LINE('',#9102,#9103);
#9102 = CARTESIAN_POINT('',(-0.,0.));
#9103 = VECTOR('',#9104,1.);
#9104 = DIRECTION('',(-1.,0.));
#9105 = ( GEOMETRIC_REPRESENTATION_CONTEXT(2) 
PARAMETRIC_REPRESENTATION_CONTEXT() REPRESENTATION_CONTEXT('2D SPACE',''
  ) );
#9106 = PCURVE('',#9107,#9112);
#9107 = CYLINDRICAL_SURFACE('',#9108,32.);
#9108 = AXIS2_PLACEMENT_3D('',#9109,#9110,#9111);
#9109 = CARTESIAN_POINT('',(2.943E+03,-293.,985.));
#9110 = DIRECTION('',(0.,0.,1.));
#9111 = DIRECTION('',(1.,0.,-0.));
#9112 = DEFINITIONAL_REPRESENTATION('',(#9113),#9117);
#9113 = LINE('',#9114,#9115);
#9114 = CARTESIAN_POINT('',(-0.,32.));
#9115 = VECTOR('',#9116,1.);
#9116 = DIRECTION('',(-1.,0.));
#9117 = ( GEOMETRIC_REPRESENTATION_CONTEXT(2) 
PARAMETRIC_REPRESENTATION_CONTEXT() REPRESENTATION_CONTEXT('2D SPACE',''
  ) );
#9118 = ADVANCED_FACE('',(#9119),#9107,.T.);
#9119 = FACE_BOUND('',#9120,.F.);
#9120 = EDGE_LOOP('',(#9121,#9149,#9150,#9173));
#9121 = ORIENTED_EDGE('',*,*,#9122,.F.);
#9122 = EDGE_CURVE('',#9068,#9123,#9125,.T.);
#9123 = VERTEX_POINT('',#9124);
#9124 = CARTESIAN_POINT('',(2.975E+03,-293.,1.043E+03));
#9125 = SURFACE_CURVE('',#9126,(#9130,#9137),.PCURVE_S1.);
#9126 = LINE('',#9127,#9128);
#9127 = CARTESIAN_POINT('',(2.975E+03,-293.,985.));
#9128 = VECTOR('',#9129,1.);
#9129 = DIRECTION('',(0.,0.,1.));
#9130 = PCURVE('',#9107,#9131);
#9131 = DEFINITIONAL_REPRESENTATION('',(#9132),#9136);
#9132 = LINE('',#9133,#9134);
#9133 = CARTESIAN_POINT('',(-0.,0.));
#9134 = VECTOR('',#9135,1.);
#9135 = DIRECTION('',(-0.,1.));
#9136 = ( GEOMETRIC_REPRESENTATION_CONTEXT(2) 
PARAMETRIC_REPRESENTATION_CONTEXT() REPRESENTATION_CONTEXT('2D SPACE',''
  ) );
#9137 = PCURVE('',#9138,#9143);
#9138 = PLANE('',#9139);
#9139 = AXIS2_PLACEMENT_3D('',#9140,#9141,#9142);
#9140 = CARTESIAN_POINT('',(2.975E+03,-325.,985.));
#9141 = DIRECTION('',(1.,0.,0.));
#9142 = DIRECTION('',(0.,0.,1.));
#9143 = DEFINITIONAL_REPRESENTATION('',(#9144),#9148);
#9144 = LINE('',#9145,#9146);
#9145 = CARTESIAN_POINT('',(0.,-32.));
#9146 = VECTOR('',#9147,1.);
#9147 = DIRECTION('',(1.,0.));
#9148 = ( GEOMETRIC_REPRESENTATION_CONTEXT(2) 
PARAMETRIC_REPRESENTATION_CONTEXT() REPRESENTATION_CONTEXT('2D SPACE',''
  ) );
#9149 = ORIENTED_EDGE('',*,*,#9092,.T.);
#9150 = ORIENTED_EDGE('',*,*,#9151,.T.);
#9151 = EDGE_CURVE('',#9010,#9152,#9154,.T.);
#9152 = VERTEX_POINT('',#9153);
#9153 = CARTESIAN_POINT('',(2.943E+03,-325.,1.043E+03));
#9154 = SURFACE_CURVE('',#9155,(#9159,#9166),.PCURVE_S1.);
#9155 = LINE('',#9156,#9157);
#9156 = CARTESIAN_POINT('',(2.943E+03,-325.,985.));
#9157 = VECTOR('',#9158,1.);
#9158 = DIRECTION('',(0.,0.,1.));
#9159 = PCURVE('',#9107,#9160);
#9160 = DEFINITIONAL_REPRESENTATION('',(#9161),#9165);
#9161 = LINE('',#9162,#9163);
#9162 = CARTESIAN_POINT('',(-1.570796326795,0.));
#9163 = VECTOR('',#9164,1.);
#9164 = DIRECTION('',(-0.,1.));
#9165 = ( GEOMETRIC_REPRESENTATION_CONTEXT(2) 
PARAMETRIC_REPRESENTATION_CONTEXT() REPRESENTATION_CONTEXT('2D SPACE',''
  ) );
#9166 = PCURVE('',#9052,#9167);
#9167 = DEFINITIONAL_REPRESENTATION('',(#9168),#9172);
#9168 = LINE('',#9169,#9170);
#9169 = CARTESIAN_POINT('',(0.,918.));
#9170 = VECTOR('',#9171,1.);
#9171 = DIRECTION('',(1.,0.));
#9172 = ( GEOMETRIC_REPRESENTATION_CONTEXT(2) 
PARAMETRIC_REPRESENTATION_CONTEXT() REPRESENTATION_CONTEXT('2D SPACE',''
  ) );
#9173 = ORIENTED_EDGE('',*,*,#9174,.F.);
#9174 = EDGE_CURVE('',#9123,#9152,#9175,.T.);
#9175 = SURFACE_CURVE('',#9176,(#9181,#9188),.PCURVE_S1.);
#9176 = CIRCLE('',#9177,32.);
#9177 = AXIS2_PLACEMENT_3D('',#9178,#9179,#9180);
#9178 = CARTESIAN_POINT('',(2.943E+03,-293.,1.043E+03));
#9179 = DIRECTION('',(0.,0.,-1.));
#9180 = DIRECTION('',(1.,0.,0.));
#9181 = PCURVE('',#9107,#9182);
#9182 = DEFINITIONAL_REPRESENTATION('',(#9183),#9187);
#9183 = LINE('',#9184,#9185);
#9184 = CARTESIAN_POINT('',(-0.,58.));
#9185 = VECTOR('',#9186,1.);
#9186 = DIRECTION('',(-1.,0.));
#9187 = ( GEOMETRIC_REPRESENTATION_CONTEXT(2) 
PARAMETRIC_REPRESENTATION_CONTEXT() REPRESENTATION_CONTEXT('2D SPACE',''
  ) );
#9188 = PCURVE('',#9189,#9194);
#9189 = SPHERICAL_SURFACE('',#9190,32.);
#9190 = AXIS2_PLACEMENT_3D('',#9191,#9192,#9193);
#9191 = CARTESIAN_POINT('',(2.943E+03,-293.,1.043E+03));
#9192 = DIRECTION('',(-0.,-0.,-1.));
#9193 = DIRECTION('',(1.,0.,0.));
#9194 = DEFINITIONAL_REPRESENTATION('',(#9195),#9199);
#9195 = LINE('',#9196,#9197);
#9196 = CARTESIAN_POINT('',(0.,0.));
#9197 = VECTOR('',#9198,1.);
#9198 = DIRECTION('',(1.,0.));
#9199 = ( GEOMETRIC_REPRESENTATION_CONTEXT(2) 
PARAMETRIC_REPRESENTATION_CONTEXT() REPRESENTATION_CONTEXT('2D SPACE',''
  ) );
#9200 = ADVANCED_FACE('',(#9201),#9189,.T.);
#9201 = FACE_BOUND('',#9202,.T.);
#9202 = EDGE_LOOP('',(#9203,#9232,#9259));
#9203 = ORIENTED_EDGE('',*,*,#9204,.F.);
#9204 = EDGE_CURVE('',#9205,#9123,#9207,.T.);
#9205 = VERTEX_POINT('',#9206);
#9206 = CARTESIAN_POINT('',(2.943E+03,-293.,1.075E+03));
#9207 = SURFACE_CURVE('',#9208,(#9213,#9220),.PCURVE_S1.);
#9208 = CIRCLE('',#9209,32.);
#9209 = AXIS2_PLACEMENT_3D('',#9210,#9211,#9212);
#9210 = CARTESIAN_POINT('',(2.943E+03,-293.,1.043E+03));
#9211 = DIRECTION('',(-0.,1.,0.));
#9212 = DIRECTION('',(1.,0.,0.));
#9213 = PCURVE('',#9189,#9214);
#9214 = DEFINITIONAL_REPRESENTATION('',(#9215),#9219);
#9215 = LINE('',#9216,#9217);
#9216 = CARTESIAN_POINT('',(0.,-6.28318530718));
#9217 = VECTOR('',#9218,1.);
#9218 = DIRECTION('',(0.,1.));
#9219 = ( GEOMETRIC_REPRESENTATION_CONTEXT(2) 
PARAMETRIC_REPRESENTATION_CONTEXT() REPRESENTATION_CONTEXT('2D SPACE',''
  ) );
#9220 = PCURVE('',#9221,#9226);
#9221 = CYLINDRICAL_SURFACE('',#9222,32.);
#9222 = AXIS2_PLACEMENT_3D('',#9223,#9224,#9225);
#9223 = CARTESIAN_POINT('',(2.943E+03,-325.,1.043E+03));
#9224 = DIRECTION('',(0.,1.,0.));
#9225 = DIRECTION('',(1.,0.,-0.));
#9226 = DEFINITIONAL_REPRESENTATION('',(#9227),#9231);
#9227 = LINE('',#9228,#9229);
#9228 = CARTESIAN_POINT('',(-6.28318530718,32.));
#9229 = VECTOR('',#9230,1.);
#9230 = DIRECTION('',(1.,-0.));
#9231 = ( GEOMETRIC_REPRESENTATION_CONTEXT(2) 
PARAMETRIC_REPRESENTATION_CONTEXT() REPRESENTATION_CONTEXT('2D SPACE',''
  ) );
#9232 = ORIENTED_EDGE('',*,*,#9233,.T.);
#9233 = EDGE_CURVE('',#9205,#9152,#9234,.T.);
#9234 = SURFACE_CURVE('',#9235,(#9240,#9247),.PCURVE_S1.);
#9235 = CIRCLE('',#9236,32.);
#9236 = AXIS2_PLACEMENT_3D('',#9237,#9238,#9239);
#9237 = CARTESIAN_POINT('',(2.943E+03,-293.,1.043E+03));
#9238 = DIRECTION('',(1.,6.123233995737E-17,0.));
#9239 = DIRECTION('',(6.123233995737E-17,-1.,0.));
#9240 = PCURVE('',#9189,#9241);
#9241 = DEFINITIONAL_REPRESENTATION('',(#9242),#9246);
#9242 = LINE('',#9243,#9244);
#9243 = CARTESIAN_POINT('',(1.570796326795,-6.28318530718));
#9244 = VECTOR('',#9245,1.);
#9245 = DIRECTION('',(0.,1.));
#9246 = ( GEOMETRIC_REPRESENTATION_CONTEXT(2) 
PARAMETRIC_REPRESENTATION_CONTEXT() REPRESENTATION_CONTEXT('2D SPACE',''
  ) );
#9247 = PCURVE('',#9248,#9253);
#9248 = CYLINDRICAL_SURFACE('',#9249,32.);
#9249 = AXIS2_PLACEMENT_3D('',#9250,#9251,#9252);
#9250 = CARTESIAN_POINT('',(2.025E+03,-293.,1.043E+03));
#9251 = DIRECTION('',(1.,0.,0.));
#9252 = DIRECTION('',(0.,-1.,0.));
#9253 = DEFINITIONAL_REPRESENTATION('',(#9254),#9258);
#9254 = LINE('',#9255,#9256);
#9255 = CARTESIAN_POINT('',(-6.28318530718,918.));
#9256 = VECTOR('',#9257,1.);
#9257 = DIRECTION('',(1.,-0.));
#9258 = ( GEOMETRIC_REPRESENTATION_CONTEXT(2) 
PARAMETRIC_REPRESENTATION_CONTEXT() REPRESENTATION_CONTEXT('2D SPACE',''
  ) );
#9259 = ORIENTED_EDGE('',*,*,#9174,.F.);
#9260 = ADVANCED_FACE('',(#9261),#9248,.T.);
#9261 = FACE_BOUND('',#9262,.F.);
#9262 = EDGE_LOOP('',(#9263,#9294,#9320,#9321));
#9263 = ORIENTED_EDGE('',*,*,#9264,.F.);
#9264 = EDGE_CURVE('',#9265,#9267,#9269,.T.);
#9265 = VERTEX_POINT('',#9266);
#9266 = CARTESIAN_POINT('',(2.057E+03,-293.,1.075E+03));
#9267 = VERTEX_POINT('',#9268);
#9268 = CARTESIAN_POINT('',(2.057E+03,-325.,1.043E+03));
#9269 = SURFACE_CURVE('',#9270,(#9275,#9282),.PCURVE_S1.);
#9270 = CIRCLE('',#9271,32.);
#9271 = AXIS2_PLACEMENT_3D('',#9272,#9273,#9274);
#9272 = CARTESIAN_POINT('',(2.057E+03,-293.,1.043E+03));
#9273 = DIRECTION('',(1.,-6.123233995737E-17,0.));
#9274 = DIRECTION('',(-6.123233995737E-17,-1.,0.));
#9275 = PCURVE('',#9248,#9276);
#9276 = DEFINITIONAL_REPRESENTATION('',(#9277),#9281);
#9277 = LINE('',#9278,#9279);
#9278 = CARTESIAN_POINT('',(-6.28318530718,32.));
#9279 = VECTOR('',#9280,1.);
#9280 = DIRECTION('',(1.,-0.));
#9281 = ( GEOMETRIC_REPRESENTATION_CONTEXT(2) 
PARAMETRIC_REPRESENTATION_CONTEXT() REPRESENTATION_CONTEXT('2D SPACE',''
  ) );
#9282 = PCURVE('',#9283,#9288);
#9283 = SPHERICAL_SURFACE('',#9284,32.);
#9284 = AXIS2_PLACEMENT_3D('',#9285,#9286,#9287);
#9285 = CARTESIAN_POINT('',(2.057E+03,-293.,1.043E+03));
#9286 = DIRECTION('',(-0.,-0.,-1.));
#9287 = DIRECTION('',(-1.,0.,0.));
#9288 = DEFINITIONAL_REPRESENTATION('',(#9289),#9293);
#9289 = LINE('',#9290,#9291);
#9290 = CARTESIAN_POINT('',(-1.570796326795,-6.28318530718));
#9291 = VECTOR('',#9292,1.);
#9292 = DIRECTION('',(-0.,1.));
#9293 = ( GEOMETRIC_REPRESENTATION_CONTEXT(2) 
PARAMETRIC_REPRESENTATION_CONTEXT() REPRESENTATION_CONTEXT('2D SPACE',''
  ) );
#9294 = ORIENTED_EDGE('',*,*,#9295,.T.);
#9295 = EDGE_CURVE('',#9265,#9205,#9296,.T.);
#9296 = SURFACE_CURVE('',#9297,(#9301,#9308),.PCURVE_S1.);
#9297 = LINE('',#9298,#9299);
#9298 = CARTESIAN_POINT('',(2.025E+03,-293.,1.075E+03));
#9299 = VECTOR('',#9300,1.);
#9300 = DIRECTION('',(1.,0.,0.));
#9301 = PCURVE('',#9248,#9302);
#9302 = DEFINITIONAL_REPRESENTATION('',(#9303),#9307);
#9303 = LINE('',#9304,#9305);
#9304 = CARTESIAN_POINT('',(-1.570796326795,0.));
#9305 = VECTOR('',#9306,1.);
#9306 = DIRECTION('',(-0.,1.));
#9307 = ( GEOMETRIC_REPRESENTATION_CONTEXT(2) 
PARAMETRIC_REPRESENTATION_CONTEXT() REPRESENTATION_CONTEXT('2D SPACE',''
  ) );
#9308 = PCURVE('',#9309,#9314);
#9309 = PLANE('',#9310);
#9310 = AXIS2_PLACEMENT_3D('',#9311,#9312,#9313);
#9311 = CARTESIAN_POINT('',(2.025E+03,-325.,1.075E+03));
#9312 = DIRECTION('',(0.,0.,1.));
#9313 = DIRECTION('',(1.,0.,0.));
#9314 = DEFINITIONAL_REPRESENTATION('',(#9315),#9319);
#9315 = LINE('',#9316,#9317);
#9316 = CARTESIAN_POINT('',(0.,32.));
#9317 = VECTOR('',#9318,1.);
#9318 = DIRECTION('',(1.,0.));
#9319 = ( GEOMETRIC_REPRESENTATION_CONTEXT(2) 
PARAMETRIC_REPRESENTATION_CONTEXT() REPRESENTATION_CONTEXT('2D SPACE',''
  ) );
#9320 = ORIENTED_EDGE('',*,*,#9233,.T.);
#9321 = ORIENTED_EDGE('',*,*,#9322,.F.);
#9322 = EDGE_CURVE('',#9267,#9152,#9323,.T.);
#9323 = SURFACE_CURVE('',#9324,(#9328,#9335),.PCURVE_S1.);
#9324 = LINE('',#9325,#9326);
#9325 = CARTESIAN_POINT('',(2.025E+03,-325.,1.043E+03));
#9326 = VECTOR('',#9327,1.);
#9327 = DIRECTION('',(1.,0.,0.));
#9328 = PCURVE('',#9248,#9329);
#9329 = DEFINITIONAL_REPRESENTATION('',(#9330),#9334);
#9330 = LINE('',#9331,#9332);
#9331 = CARTESIAN_POINT('',(-0.,0.));
#9332 = VECTOR('',#9333,1.);
#9333 = DIRECTION('',(-0.,1.));
#9334 = ( GEOMETRIC_REPRESENTATION_CONTEXT(2) 
PARAMETRIC_REPRESENTATION_CONTEXT() REPRESENTATION_CONTEXT('2D SPACE',''
  ) );
#9335 = PCURVE('',#9052,#9336);
#9336 = DEFINITIONAL_REPRESENTATION('',(#9337),#9341);
#9337 = LINE('',#9338,#9339);
#9338 = CARTESIAN_POINT('',(58.,0.));
#9339 = VECTOR('',#9340,1.);
#9340 = DIRECTION('',(0.,1.));
#9341 = ( GEOMETRIC_REPRESENTATION_CONTEXT(2) 
PARAMETRIC_REPRESENTATION_CONTEXT() REPRESENTATION_CONTEXT('2D SPACE',''
  ) );
#9342 = ADVANCED_FACE('',(#9343),#9309,.T.);
#9343 = FACE_BOUND('',#9344,.T.);
#9344 = EDGE_LOOP('',(#9345,#9373,#9374,#9397));
#9345 = ORIENTED_EDGE('',*,*,#9346,.F.);
#9346 = EDGE_CURVE('',#9265,#9347,#9349,.T.);
#9347 = VERTEX_POINT('',#9348);
#9348 = CARTESIAN_POINT('',(2.057E+03,293.,1.075E+03));
#9349 = SURFACE_CURVE('',#9350,(#9354,#9361),.PCURVE_S1.);
#9350 = LINE('',#9351,#9352);
#9351 = CARTESIAN_POINT('',(2.057E+03,-325.,1.075E+03));
#9352 = VECTOR('',#9353,1.);
#9353 = DIRECTION('',(0.,1.,0.));
#9354 = PCURVE('',#9309,#9355);
#9355 = DEFINITIONAL_REPRESENTATION('',(#9356),#9360);
#9356 = LINE('',#9357,#9358);
#9357 = CARTESIAN_POINT('',(32.,0.));
#9358 = VECTOR('',#9359,1.);
#9359 = DIRECTION('',(0.,1.));
#9360 = ( GEOMETRIC_REPRESENTATION_CONTEXT(2) 
PARAMETRIC_REPRESENTATION_CONTEXT() REPRESENTATION_CONTEXT('2D SPACE',''
  ) );
#9361 = PCURVE('',#9362,#9367);
#9362 = CYLINDRICAL_SURFACE('',#9363,32.);
#9363 = AXIS2_PLACEMENT_3D('',#9364,#9365,#9366);
#9364 = CARTESIAN_POINT('',(2.057E+03,-325.,1.043E+03));
#9365 = DIRECTION('',(0.,1.,0.));
#9366 = DIRECTION('',(-1.,0.,0.));
#9367 = DEFINITIONAL_REPRESENTATION('',(#9368),#9372);
#9368 = LINE('',#9369,#9370);
#9369 = CARTESIAN_POINT('',(1.570796326795,0.));
#9370 = VECTOR('',#9371,1.);
#9371 = DIRECTION('',(0.,1.));
#9372 = ( GEOMETRIC_REPRESENTATION_CONTEXT(2) 
PARAMETRIC_REPRESENTATION_CONTEXT() REPRESENTATION_CONTEXT('2D SPACE',''
  ) );
#9373 = ORIENTED_EDGE('',*,*,#9295,.T.);
#9374 = ORIENTED_EDGE('',*,*,#9375,.T.);
#9375 = EDGE_CURVE('',#9205,#9376,#9378,.T.);
#9376 = VERTEX_POINT('',#9377);
#9377 = CARTESIAN_POINT('',(2.943E+03,293.,1.075E+03));
#9378 = SURFACE_CURVE('',#9379,(#9383,#9390),.PCURVE_S1.);
#9379 = LINE('',#9380,#9381);
#9380 = CARTESIAN_POINT('',(2.943E+03,-325.,1.075E+03));
#9381 = VECTOR('',#9382,1.);
#9382 = DIRECTION('',(0.,1.,0.));
#9383 = PCURVE('',#9309,#9384);
#9384 = DEFINITIONAL_REPRESENTATION('',(#9385),#9389);
#9385 = LINE('',#9386,#9387);
#9386 = CARTESIAN_POINT('',(918.,0.));
#9387 = VECTOR('',#9388,1.);
#9388 = DIRECTION('',(0.,1.));
#9389 = ( GEOMETRIC_REPRESENTATION_CONTEXT(2) 
PARAMETRIC_REPRESENTATION_CONTEXT() REPRESENTATION_CONTEXT('2D SPACE',''
  ) );
#9390 = PCURVE('',#9221,#9391);
#9391 = DEFINITIONAL_REPRESENTATION('',(#9392),#9396);
#9392 = LINE('',#9393,#9394);
#9393 = CARTESIAN_POINT('',(-1.570796326795,0.));
#9394 = VECTOR('',#9395,1.);
#9395 = DIRECTION('',(-0.,1.));
#9396 = ( GEOMETRIC_REPRESENTATION_CONTEXT(2) 
PARAMETRIC_REPRESENTATION_CONTEXT() REPRESENTATION_CONTEXT('2D SPACE',''
  ) );
#9397 = ORIENTED_EDGE('',*,*,#9398,.F.);
#9398 = EDGE_CURVE('',#9347,#9376,#9399,.T.);
#9399 = SURFACE_CURVE('',#9400,(#9404,#9411),.PCURVE_S1.);
#9400 = LINE('',#9401,#9402);
#9401 = CARTESIAN_POINT('',(2.025E+03,293.,1.075E+03));
#9402 = VECTOR('',#9403,1.);
#9403 = DIRECTION('',(1.,0.,0.));
#9404 = PCURVE('',#9309,#9405);
#9405 = DEFINITIONAL_REPRESENTATION('',(#9406),#9410);
#9406 = LINE('',#9407,#9408);
#9407 = CARTESIAN_POINT('',(0.,618.));
#9408 = VECTOR('',#9409,1.);
#9409 = DIRECTION('',(1.,0.));
#9410 = ( GEOMETRIC_REPRESENTATION_CONTEXT(2) 
PARAMETRIC_REPRESENTATION_CONTEXT() REPRESENTATION_CONTEXT('2D SPACE',''
  ) );
#9411 = PCURVE('',#9412,#9417);
#9412 = CYLINDRICAL_SURFACE('',#9413,32.);
#9413 = AXIS2_PLACEMENT_3D('',#9414,#9415,#9416);
#9414 = CARTESIAN_POINT('',(2.025E+03,293.,1.043E+03));
#9415 = DIRECTION('',(1.,0.,0.));
#9416 = DIRECTION('',(-0.,1.,0.));
#9417 = DEFINITIONAL_REPRESENTATION('',(#9418),#9422);
#9418 = LINE('',#9419,#9420);
#9419 = CARTESIAN_POINT('',(1.570796326795,0.));
#9420 = VECTOR('',#9421,1.);
#9421 = DIRECTION('',(0.,1.));
#9422 = ( GEOMETRIC_REPRESENTATION_CONTEXT(2) 
PARAMETRIC_REPRESENTATION_CONTEXT() REPRESENTATION_CONTEXT('2D SPACE',''
  ) );
#9423 = ADVANCED_FACE('',(#9424),#9412,.T.);
#9424 = FACE_BOUND('',#9425,.T.);
#9425 = EDGE_LOOP('',(#9426,#9455,#9456,#9485));
#9426 = ORIENTED_EDGE('',*,*,#9427,.T.);
#9427 = EDGE_CURVE('',#9428,#9347,#9430,.T.);
#9428 = VERTEX_POINT('',#9429);
#9429 = CARTESIAN_POINT('',(2.057E+03,325.,1.043E+03));
#9430 = SURFACE_CURVE('',#9431,(#9436,#9443),.PCURVE_S1.);
#9431 = CIRCLE('',#9432,32.);
#9432 = AXIS2_PLACEMENT_3D('',#9433,#9434,#9435);
#9433 = CARTESIAN_POINT('',(2.057E+03,293.,1.043E+03));
#9434 = DIRECTION('',(1.,0.,1.167434911886E-16));
#9435 = DIRECTION('',(-1.167434911886E-16,0.,1.));
#9436 = PCURVE('',#9412,#9437);
#9437 = DEFINITIONAL_REPRESENTATION('',(#9438),#9442);
#9438 = LINE('',#9439,#9440);
#9439 = CARTESIAN_POINT('',(-4.712388980385,32.));
#9440 = VECTOR('',#9441,1.);
#9441 = DIRECTION('',(1.,0.));
#9442 = ( GEOMETRIC_REPRESENTATION_CONTEXT(2) 
PARAMETRIC_REPRESENTATION_CONTEXT() REPRESENTATION_CONTEXT('2D SPACE',''
  ) );
#9443 = PCURVE('',#9444,#9449);
#9444 = SPHERICAL_SURFACE('',#9445,32.);
#9445 = AXIS2_PLACEMENT_3D('',#9446,#9447,#9448);
#9446 = CARTESIAN_POINT('',(2.057E+03,293.,1.043E+03));
#9447 = DIRECTION('',(-0.,-1.,-0.));
#9448 = DIRECTION('',(-1.,0.,-5.551115123126E-17));
#9449 = DEFINITIONAL_REPRESENTATION('',(#9450),#9454);
#9450 = LINE('',#9451,#9452);
#9451 = CARTESIAN_POINT('',(-1.570796326795,-6.28318530718));
#9452 = VECTOR('',#9453,1.);
#9453 = DIRECTION('',(-0.,1.));
#9454 = ( GEOMETRIC_REPRESENTATION_CONTEXT(2) 
PARAMETRIC_REPRESENTATION_CONTEXT() REPRESENTATION_CONTEXT('2D SPACE',''
  ) );
#9455 = ORIENTED_EDGE('',*,*,#9398,.T.);
#9456 = ORIENTED_EDGE('',*,*,#9457,.F.);
#9457 = EDGE_CURVE('',#9458,#9376,#9460,.T.);
#9458 = VERTEX_POINT('',#9459);
#9459 = CARTESIAN_POINT('',(2.943E+03,325.,1.043E+03));
#9460 = SURFACE_CURVE('',#9461,(#9466,#9473),.PCURVE_S1.);
#9461 = CIRCLE('',#9462,32.);
#9462 = AXIS2_PLACEMENT_3D('',#9463,#9464,#9465);
#9463 = CARTESIAN_POINT('',(2.943E+03,293.,1.043E+03));
#9464 = DIRECTION('',(1.,0.,-1.167434911886E-16));
#9465 = DIRECTION('',(1.167434911886E-16,0.,1.));
#9466 = PCURVE('',#9412,#9467);
#9467 = DEFINITIONAL_REPRESENTATION('',(#9468),#9472);
#9468 = LINE('',#9469,#9470);
#9469 = CARTESIAN_POINT('',(-4.712388980385,918.));
#9470 = VECTOR('',#9471,1.);
#9471 = DIRECTION('',(1.,0.));
#9472 = ( GEOMETRIC_REPRESENTATION_CONTEXT(2) 
PARAMETRIC_REPRESENTATION_CONTEXT() REPRESENTATION_CONTEXT('2D SPACE',''
  ) );
#9473 = PCURVE('',#9474,#9479);
#9474 = SPHERICAL_SURFACE('',#9475,32.);
#9475 = AXIS2_PLACEMENT_3D('',#9476,#9477,#9478);
#9476 = CARTESIAN_POINT('',(2.943E+03,293.,1.043E+03));
#9477 = DIRECTION('',(-0.,-1.,-0.));
#9478 = DIRECTION('',(1.,0.,-5.551115123126E-17));
#9479 = DEFINITIONAL_REPRESENTATION('',(#9480),#9484);
#9480 = LINE('',#9481,#9482);
#9481 = CARTESIAN_POINT('',(1.570796326795,-6.28318530718));
#9482 = VECTOR('',#9483,1.);
#9483 = DIRECTION('',(0.,1.));
#9484 = ( GEOMETRIC_REPRESENTATION_CONTEXT(2) 
PARAMETRIC_REPRESENTATION_CONTEXT() REPRESENTATION_CONTEXT('2D SPACE',''
  ) );
#9485 = ORIENTED_EDGE('',*,*,#9486,.F.);
#9486 = EDGE_CURVE('',#9428,#9458,#9487,.T.);
#9487 = SURFACE_CURVE('',#9488,(#9492,#9499),.PCURVE_S1.);
#9488 = LINE('',#9489,#9490);
#9489 = CARTESIAN_POINT('',(2.025E+03,325.,1.043E+03));
#9490 = VECTOR('',#9491,1.);
#9491 = DIRECTION('',(1.,0.,0.));
#9492 = PCURVE('',#9412,#9493);
#9493 = DEFINITIONAL_REPRESENTATION('',(#9494),#9498);
#9494 = LINE('',#9495,#9496);
#9495 = CARTESIAN_POINT('',(0.,0.));
#9496 = VECTOR('',#9497,1.);
#9497 = DIRECTION('',(0.,1.));
#9498 = ( GEOMETRIC_REPRESENTATION_CONTEXT(2) 
PARAMETRIC_REPRESENTATION_CONTEXT() REPRESENTATION_CONTEXT('2D SPACE',''
  ) );
#9499 = PCURVE('',#9500,#9505);
#9500 = PLANE('',#9501);
#9501 = AXIS2_PLACEMENT_3D('',#9502,#9503,#9504);
#9502 = CARTESIAN_POINT('',(2.025E+03,325.,985.));
#9503 = DIRECTION('',(0.,1.,0.));
#9504 = DIRECTION('',(0.,0.,1.));
#9505 = DEFINITIONAL_REPRESENTATION('',(#9506),#9510);
#9506 = LINE('',#9507,#9508);
#9507 = CARTESIAN_POINT('',(58.,0.));
#9508 = VECTOR('',#9509,1.);
#9509 = DIRECTION('',(0.,1.));
#9510 = ( GEOMETRIC_REPRESENTATION_CONTEXT(2) 
PARAMETRIC_REPRESENTATION_CONTEXT() REPRESENTATION_CONTEXT('2D SPACE',''
  ) );
#9511 = ADVANCED_FACE('',(#9512),#9474,.T.);
#9512 = FACE_BOUND('',#9513,.T.);
#9513 = EDGE_LOOP('',(#9514,#9543,#9544));
#9514 = ORIENTED_EDGE('',*,*,#9515,.F.);
#9515 = EDGE_CURVE('',#9458,#9516,#9518,.T.);
#9516 = VERTEX_POINT('',#9517);
#9517 = CARTESIAN_POINT('',(2.975E+03,293.,1.043E+03));
#9518 = SURFACE_CURVE('',#9519,(#9524,#9531),.PCURVE_S1.);
#9519 = CIRCLE('',#9520,32.);
#9520 = AXIS2_PLACEMENT_3D('',#9521,#9522,#9523);
#9521 = CARTESIAN_POINT('',(2.943E+03,293.,1.043E+03));
#9522 = DIRECTION('',(-5.551115123126E-17,0.,-1.));
#9523 = DIRECTION('',(1.,0.,-5.551115123126E-17));
#9524 = PCURVE('',#9474,#9525);
#9525 = DEFINITIONAL_REPRESENTATION('',(#9526),#9530);
#9526 = LINE('',#9527,#9528);
#9527 = CARTESIAN_POINT('',(0.,-6.28318530718));
#9528 = VECTOR('',#9529,1.);
#9529 = DIRECTION('',(0.,1.));
#9530 = ( GEOMETRIC_REPRESENTATION_CONTEXT(2) 
PARAMETRIC_REPRESENTATION_CONTEXT() REPRESENTATION_CONTEXT('2D SPACE',''
  ) );
#9531 = PCURVE('',#9532,#9537);
#9532 = CYLINDRICAL_SURFACE('',#9533,32.);
#9533 = AXIS2_PLACEMENT_3D('',#9534,#9535,#9536);
#9534 = CARTESIAN_POINT('',(2.943E+03,293.,985.));
#9535 = DIRECTION('',(0.,0.,1.));
#9536 = DIRECTION('',(1.,0.,-0.));
#9537 = DEFINITIONAL_REPRESENTATION('',(#9538),#9542);
#9538 = LINE('',#9539,#9540);
#9539 = CARTESIAN_POINT('',(6.28318530718,58.));
#9540 = VECTOR('',#9541,1.);
#9541 = DIRECTION('',(-1.,-0.));
#9542 = ( GEOMETRIC_REPRESENTATION_CONTEXT(2) 
PARAMETRIC_REPRESENTATION_CONTEXT() REPRESENTATION_CONTEXT('2D SPACE',''
  ) );
#9543 = ORIENTED_EDGE('',*,*,#9457,.T.);
#9544 = ORIENTED_EDGE('',*,*,#9545,.F.);
#9545 = EDGE_CURVE('',#9516,#9376,#9546,.T.);
#9546 = SURFACE_CURVE('',#9547,(#9552,#9559),.PCURVE_S1.);
#9547 = CIRCLE('',#9548,32.);
#9548 = AXIS2_PLACEMENT_3D('',#9549,#9550,#9551);
#9549 = CARTESIAN_POINT('',(2.943E+03,293.,1.043E+03));
#9550 = DIRECTION('',(0.,-1.,-0.));
#9551 = DIRECTION('',(1.,0.,-5.551115123126E-17));
#9552 = PCURVE('',#9474,#9553);
#9553 = DEFINITIONAL_REPRESENTATION('',(#9554),#9558);
#9554 = LINE('',#9555,#9556);
#9555 = CARTESIAN_POINT('',(0.,0.));
#9556 = VECTOR('',#9557,1.);
#9557 = DIRECTION('',(1.,0.));
#9558 = ( GEOMETRIC_REPRESENTATION_CONTEXT(2) 
PARAMETRIC_REPRESENTATION_CONTEXT() REPRESENTATION_CONTEXT('2D SPACE',''
  ) );
#9559 = PCURVE('',#9221,#9560);
#9560 = DEFINITIONAL_REPRESENTATION('',(#9561),#9565);
#9561 = LINE('',#9562,#9563);
#9562 = CARTESIAN_POINT('',(-0.,618.));
#9563 = VECTOR('',#9564,1.);
#9564 = DIRECTION('',(-1.,0.));
#9565 = ( GEOMETRIC_REPRESENTATION_CONTEXT(2) 
PARAMETRIC_REPRESENTATION_CONTEXT() REPRESENTATION_CONTEXT('2D SPACE',''
  ) );
#9566 = ADVANCED_FACE('',(#9567),#9532,.T.);
#9567 = FACE_BOUND('',#9568,.T.);
#9568 = EDGE_LOOP('',(#9569,#9592,#9621,#9642));
#9569 = ORIENTED_EDGE('',*,*,#9570,.F.);
#9570 = EDGE_CURVE('',#9571,#9516,#9573,.T.);
#9571 = VERTEX_POINT('',#9572);
#9572 = CARTESIAN_POINT('',(2.975E+03,293.,1.017E+03));
#9573 = SURFACE_CURVE('',#9574,(#9578,#9585),.PCURVE_S1.);
#9574 = LINE('',#9575,#9576);
#9575 = CARTESIAN_POINT('',(2.975E+03,293.,985.));
#9576 = VECTOR('',#9577,1.);
#9577 = DIRECTION('',(0.,0.,1.));
#9578 = PCURVE('',#9532,#9579);
#9579 = DEFINITIONAL_REPRESENTATION('',(#9580),#9584);
#9580 = LINE('',#9581,#9582);
#9581 = CARTESIAN_POINT('',(0.,0.));
#9582 = VECTOR('',#9583,1.);
#9583 = DIRECTION('',(0.,1.));
#9584 = ( GEOMETRIC_REPRESENTATION_CONTEXT(2) 
PARAMETRIC_REPRESENTATION_CONTEXT() REPRESENTATION_CONTEXT('2D SPACE',''
  ) );
#9585 = PCURVE('',#9138,#9586);
#9586 = DEFINITIONAL_REPRESENTATION('',(#9587),#9591);
#9587 = LINE('',#9588,#9589);
#9588 = CARTESIAN_POINT('',(0.,-618.));
#9589 = VECTOR('',#9590,1.);
#9590 = DIRECTION('',(1.,0.));
#9591 = ( GEOMETRIC_REPRESENTATION_CONTEXT(2) 
PARAMETRIC_REPRESENTATION_CONTEXT() REPRESENTATION_CONTEXT('2D SPACE',''
  ) );
#9592 = ORIENTED_EDGE('',*,*,#9593,.T.);
#9593 = EDGE_CURVE('',#9571,#9594,#9596,.T.);
#9594 = VERTEX_POINT('',#9595);
#9595 = CARTESIAN_POINT('',(2.943E+03,325.,1.017E+03));
#9596 = SURFACE_CURVE('',#9597,(#9602,#9609),.PCURVE_S1.);
#9597 = CIRCLE('',#9598,32.);
#9598 = AXIS2_PLACEMENT_3D('',#9599,#9600,#9601);
#9599 = CARTESIAN_POINT('',(2.943E+03,293.,1.017E+03));
#9600 = DIRECTION('',(0.,0.,1.));
#9601 = DIRECTION('',(1.,0.,-0.));
#9602 = PCURVE('',#9532,#9603);
#9603 = DEFINITIONAL_REPRESENTATION('',(#9604),#9608);
#9604 = LINE('',#9605,#9606);
#9605 = CARTESIAN_POINT('',(0.,32.));
#9606 = VECTOR('',#9607,1.);
#9607 = DIRECTION('',(1.,0.));
#9608 = ( GEOMETRIC_REPRESENTATION_CONTEXT(2) 
PARAMETRIC_REPRESENTATION_CONTEXT() REPRESENTATION_CONTEXT('2D SPACE',''
  ) );
#9609 = PCURVE('',#9610,#9615);
#9610 = SPHERICAL_SURFACE('',#9611,32.);
#9611 = AXIS2_PLACEMENT_3D('',#9612,#9613,#9614);
#9612 = CARTESIAN_POINT('',(2.943E+03,293.,1.017E+03));
#9613 = DIRECTION('',(0.,0.,1.));
#9614 = DIRECTION('',(1.,0.,-0.));
#9615 = DEFINITIONAL_REPRESENTATION('',(#9616),#9620);
#9616 = LINE('',#9617,#9618);
#9617 = CARTESIAN_POINT('',(0.,0.));
#9618 = VECTOR('',#9619,1.);
#9619 = DIRECTION('',(1.,0.));
#9620 = ( GEOMETRIC_REPRESENTATION_CONTEXT(2) 
PARAMETRIC_REPRESENTATION_CONTEXT() REPRESENTATION_CONTEXT('2D SPACE',''
  ) );
#9621 = ORIENTED_EDGE('',*,*,#9622,.T.);
#9622 = EDGE_CURVE('',#9594,#9458,#9623,.T.);
#9623 = SURFACE_CURVE('',#9624,(#9628,#9635),.PCURVE_S1.);
#9624 = LINE('',#9625,#9626);
#9625 = CARTESIAN_POINT('',(2.943E+03,325.,985.));
#9626 = VECTOR('',#9627,1.);
#9627 = DIRECTION('',(0.,0.,1.));
#9628 = PCURVE('',#9532,#9629);
#9629 = DEFINITIONAL_REPRESENTATION('',(#9630),#9634);
#9630 = LINE('',#9631,#9632);
#9631 = CARTESIAN_POINT('',(1.570796326795,0.));
#9632 = VECTOR('',#9633,1.);
#9633 = DIRECTION('',(0.,1.));
#9634 = ( GEOMETRIC_REPRESENTATION_CONTEXT(2) 
PARAMETRIC_REPRESENTATION_CONTEXT() REPRESENTATION_CONTEXT('2D SPACE',''
  ) );
#9635 = PCURVE('',#9500,#9636);
#9636 = DEFINITIONAL_REPRESENTATION('',(#9637),#9641);
#9637 = LINE('',#9638,#9639);
#9638 = CARTESIAN_POINT('',(0.,918.));
#9639 = VECTOR('',#9640,1.);
#9640 = DIRECTION('',(1.,0.));
#9641 = ( GEOMETRIC_REPRESENTATION_CONTEXT(2) 
PARAMETRIC_REPRESENTATION_CONTEXT() REPRESENTATION_CONTEXT('2D SPACE',''
  ) );
#9642 = ORIENTED_EDGE('',*,*,#9515,.T.);
#9643 = ADVANCED_FACE('',(#9644),#9610,.T.);
#9644 = FACE_BOUND('',#9645,.T.);
#9645 = EDGE_LOOP('',(#9646,#9668,#9690));
#9646 = ORIENTED_EDGE('',*,*,#9647,.F.);
#9647 = EDGE_CURVE('',#8900,#9571,#9648,.T.);
#9648 = SURFACE_CURVE('',#9649,(#9654,#9661),.PCURVE_S1.);
#9649 = CIRCLE('',#9650,32.);
#9650 = AXIS2_PLACEMENT_3D('',#9651,#9652,#9653);
#9651 = CARTESIAN_POINT('',(2.943E+03,293.,1.017E+03));
#9652 = DIRECTION('',(0.,-1.,0.));
#9653 = DIRECTION('',(1.,0.,0.));
#9654 = PCURVE('',#9610,#9655);
#9655 = DEFINITIONAL_REPRESENTATION('',(#9656),#9660);
#9656 = LINE('',#9657,#9658);
#9657 = CARTESIAN_POINT('',(0.,-6.28318530718));
#9658 = VECTOR('',#9659,1.);
#9659 = DIRECTION('',(0.,1.));
#9660 = ( GEOMETRIC_REPRESENTATION_CONTEXT(2) 
PARAMETRIC_REPRESENTATION_CONTEXT() REPRESENTATION_CONTEXT('2D SPACE',''
  ) );
#9661 = PCURVE('',#8915,#9662);
#9662 = DEFINITIONAL_REPRESENTATION('',(#9663),#9667);
#9663 = LINE('',#9664,#9665);
#9664 = CARTESIAN_POINT('',(6.28318530718,618.));
#9665 = VECTOR('',#9666,1.);
#9666 = DIRECTION('',(-1.,-0.));
#9667 = ( GEOMETRIC_REPRESENTATION_CONTEXT(2) 
PARAMETRIC_REPRESENTATION_CONTEXT() REPRESENTATION_CONTEXT('2D SPACE',''
  ) );
#9668 = ORIENTED_EDGE('',*,*,#9669,.T.);
#9669 = EDGE_CURVE('',#8900,#9594,#9670,.T.);
#9670 = SURFACE_CURVE('',#9671,(#9676,#9683),.PCURVE_S1.);
#9671 = CIRCLE('',#9672,32.);
#9672 = AXIS2_PLACEMENT_3D('',#9673,#9674,#9675);
#9673 = CARTESIAN_POINT('',(2.943E+03,293.,1.017E+03));
#9674 = DIRECTION('',(1.,-6.123233995737E-17,0.));
#9675 = DIRECTION('',(6.123233995737E-17,1.,0.));
#9676 = PCURVE('',#9610,#9677);
#9677 = DEFINITIONAL_REPRESENTATION('',(#9678),#9682);
#9678 = LINE('',#9679,#9680);
#9679 = CARTESIAN_POINT('',(1.570796326795,-6.28318530718));
#9680 = VECTOR('',#9681,1.);
#9681 = DIRECTION('',(0.,1.));
#9682 = ( GEOMETRIC_REPRESENTATION_CONTEXT(2) 
PARAMETRIC_REPRESENTATION_CONTEXT() REPRESENTATION_CONTEXT('2D SPACE',''
  ) );
#9683 = PCURVE('',#8941,#9684);
#9684 = DEFINITIONAL_REPRESENTATION('',(#9685),#9689);
#9685 = LINE('',#9686,#9687);
#9686 = CARTESIAN_POINT('',(-6.28318530718,918.));
#9687 = VECTOR('',#9688,1.);
#9688 = DIRECTION('',(1.,-0.));
#9689 = ( GEOMETRIC_REPRESENTATION_CONTEXT(2) 
PARAMETRIC_REPRESENTATION_CONTEXT() REPRESENTATION_CONTEXT('2D SPACE',''
  ) );
#9690 = ORIENTED_EDGE('',*,*,#9593,.F.);
#9691 = ADVANCED_FACE('',(#9692),#9500,.T.);
#9692 = FACE_BOUND('',#9693,.T.);
#9693 = EDGE_LOOP('',(#9694,#9722,#9723,#9724));
#9694 = ORIENTED_EDGE('',*,*,#9695,.T.);
#9695 = EDGE_CURVE('',#9696,#9428,#9698,.T.);
#9696 = VERTEX_POINT('',#9697);
#9697 = CARTESIAN_POINT('',(2.057E+03,325.,1.017E+03));
#9698 = SURFACE_CURVE('',#9699,(#9703,#9710),.PCURVE_S1.);
#9699 = LINE('',#9700,#9701);
#9700 = CARTESIAN_POINT('',(2.057E+03,325.,985.));
#9701 = VECTOR('',#9702,1.);
#9702 = DIRECTION('',(0.,0.,1.));
#9703 = PCURVE('',#9500,#9704);
#9704 = DEFINITIONAL_REPRESENTATION('',(#9705),#9709);
#9705 = LINE('',#9706,#9707);
#9706 = CARTESIAN_POINT('',(0.,32.));
#9707 = VECTOR('',#9708,1.);
#9708 = DIRECTION('',(1.,0.));
#9709 = ( GEOMETRIC_REPRESENTATION_CONTEXT(2) 
PARAMETRIC_REPRESENTATION_CONTEXT() REPRESENTATION_CONTEXT('2D SPACE',''
  ) );
#9710 = PCURVE('',#9711,#9716);
#9711 = CYLINDRICAL_SURFACE('',#9712,32.);
#9712 = AXIS2_PLACEMENT_3D('',#9713,#9714,#9715);
#9713 = CARTESIAN_POINT('',(2.057E+03,293.,985.));
#9714 = DIRECTION('',(0.,0.,1.));
#9715 = DIRECTION('',(-1.,-0.,0.));
#9716 = DEFINITIONAL_REPRESENTATION('',(#9717),#9721);
#9717 = LINE('',#9718,#9719);
#9718 = CARTESIAN_POINT('',(-1.570796326795,0.));
#9719 = VECTOR('',#9720,1.);
#9720 = DIRECTION('',(-0.,1.));
#9721 = ( GEOMETRIC_REPRESENTATION_CONTEXT(2) 
PARAMETRIC_REPRESENTATION_CONTEXT() REPRESENTATION_CONTEXT('2D SPACE',''
  ) );
#9722 = ORIENTED_EDGE('',*,*,#9486,.T.);
#9723 = ORIENTED_EDGE('',*,*,#9622,.F.);
#9724 = ORIENTED_EDGE('',*,*,#9725,.F.);
#9725 = EDGE_CURVE('',#9696,#9594,#9726,.T.);
#9726 = SURFACE_CURVE('',#9727,(#9731,#9738),.PCURVE_S1.);
#9727 = LINE('',#9728,#9729);
#9728 = CARTESIAN_POINT('',(2.025E+03,325.,1.017E+03));
#9729 = VECTOR('',#9730,1.);
#9730 = DIRECTION('',(1.,0.,0.));
#9731 = PCURVE('',#9500,#9732);
#9732 = DEFINITIONAL_REPRESENTATION('',(#9733),#9737);
#9733 = LINE('',#9734,#9735);
#9734 = CARTESIAN_POINT('',(32.,0.));
#9735 = VECTOR('',#9736,1.);
#9736 = DIRECTION('',(0.,1.));
#9737 = ( GEOMETRIC_REPRESENTATION_CONTEXT(2) 
PARAMETRIC_REPRESENTATION_CONTEXT() REPRESENTATION_CONTEXT('2D SPACE',''
  ) );
#9738 = PCURVE('',#8941,#9739);
#9739 = DEFINITIONAL_REPRESENTATION('',(#9740),#9744);
#9740 = LINE('',#9741,#9742);
#9741 = CARTESIAN_POINT('',(-0.,0.));
#9742 = VECTOR('',#9743,1.);
#9743 = DIRECTION('',(-0.,1.));
#9744 = ( GEOMETRIC_REPRESENTATION_CONTEXT(2) 
PARAMETRIC_REPRESENTATION_CONTEXT() REPRESENTATION_CONTEXT('2D SPACE',''
  ) );
#9745 = ADVANCED_FACE('',(#9746),#9711,.T.);
#9746 = FACE_BOUND('',#9747,.F.);
#9747 = EDGE_LOOP('',(#9748,#9778,#9805,#9806));
#9748 = ORIENTED_EDGE('',*,*,#9749,.F.);
#9749 = EDGE_CURVE('',#9750,#9752,#9754,.T.);
#9750 = VERTEX_POINT('',#9751);
#9751 = CARTESIAN_POINT('',(2.025E+03,293.,1.017E+03));
#9752 = VERTEX_POINT('',#9753);
#9753 = CARTESIAN_POINT('',(2.025E+03,293.,1.043E+03));
#9754 = SURFACE_CURVE('',#9755,(#9759,#9766),.PCURVE_S1.);
#9755 = LINE('',#9756,#9757);
#9756 = CARTESIAN_POINT('',(2.025E+03,293.,985.));
#9757 = VECTOR('',#9758,1.);
#9758 = DIRECTION('',(0.,0.,1.));
#9759 = PCURVE('',#9711,#9760);
#9760 = DEFINITIONAL_REPRESENTATION('',(#9761),#9765);
#9761 = LINE('',#9762,#9763);
#9762 = CARTESIAN_POINT('',(-0.,0.));
#9763 = VECTOR('',#9764,1.);
#9764 = DIRECTION('',(-0.,1.));
#9765 = ( GEOMETRIC_REPRESENTATION_CONTEXT(2) 
PARAMETRIC_REPRESENTATION_CONTEXT() REPRESENTATION_CONTEXT('2D SPACE',''
  ) );
#9766 = PCURVE('',#9767,#9772);
#9767 = PLANE('',#9768);
#9768 = AXIS2_PLACEMENT_3D('',#9769,#9770,#9771);
#9769 = CARTESIAN_POINT('',(2.025E+03,-325.,985.));
#9770 = DIRECTION('',(1.,0.,0.));
#9771 = DIRECTION('',(0.,0.,1.));
#9772 = DEFINITIONAL_REPRESENTATION('',(#9773),#9777);
#9773 = LINE('',#9774,#9775);
#9774 = CARTESIAN_POINT('',(0.,-618.));
#9775 = VECTOR('',#9776,1.);
#9776 = DIRECTION('',(1.,0.));
#9777 = ( GEOMETRIC_REPRESENTATION_CONTEXT(2) 
PARAMETRIC_REPRESENTATION_CONTEXT() REPRESENTATION_CONTEXT('2D SPACE',''
  ) );
#9778 = ORIENTED_EDGE('',*,*,#9779,.T.);
#9779 = EDGE_CURVE('',#9750,#9696,#9780,.T.);
#9780 = SURFACE_CURVE('',#9781,(#9786,#9793),.PCURVE_S1.);
#9781 = CIRCLE('',#9782,32.);
#9782 = AXIS2_PLACEMENT_3D('',#9783,#9784,#9785);
#9783 = CARTESIAN_POINT('',(2.057E+03,293.,1.017E+03));
#9784 = DIRECTION('',(-0.,0.,-1.));
#9785 = DIRECTION('',(-1.,0.,0.));
#9786 = PCURVE('',#9711,#9787);
#9787 = DEFINITIONAL_REPRESENTATION('',(#9788),#9792);
#9788 = LINE('',#9789,#9790);
#9789 = CARTESIAN_POINT('',(-0.,32.));
#9790 = VECTOR('',#9791,1.);
#9791 = DIRECTION('',(-1.,0.));
#9792 = ( GEOMETRIC_REPRESENTATION_CONTEXT(2) 
PARAMETRIC_REPRESENTATION_CONTEXT() REPRESENTATION_CONTEXT('2D SPACE',''
  ) );
#9793 = PCURVE('',#9794,#9799);
#9794 = SPHERICAL_SURFACE('',#9795,32.);
#9795 = AXIS2_PLACEMENT_3D('',#9796,#9797,#9798);
#9796 = CARTESIAN_POINT('',(2.057E+03,293.,1.017E+03));
#9797 = DIRECTION('',(0.,0.,1.));
#9798 = DIRECTION('',(-1.,0.,0.));
#9799 = DEFINITIONAL_REPRESENTATION('',(#9800),#9804);
#9800 = LINE('',#9801,#9802);
#9801 = CARTESIAN_POINT('',(-0.,0.));
#9802 = VECTOR('',#9803,1.);
#9803 = DIRECTION('',(-1.,0.));
#9804 = ( GEOMETRIC_REPRESENTATION_CONTEXT(2) 
PARAMETRIC_REPRESENTATION_CONTEXT() REPRESENTATION_CONTEXT('2D SPACE',''
  ) );
#9805 = ORIENTED_EDGE('',*,*,#9695,.T.);
#9806 = ORIENTED_EDGE('',*,*,#9807,.T.);
#9807 = EDGE_CURVE('',#9428,#9752,#9808,.T.);
#9808 = SURFACE_CURVE('',#9809,(#9814,#9821),.PCURVE_S1.);
#9809 = CIRCLE('',#9810,32.);
#9810 = AXIS2_PLACEMENT_3D('',#9811,#9812,#9813);
#9811 = CARTESIAN_POINT('',(2.057E+03,293.,1.043E+03));
#9812 = DIRECTION('',(-5.551115123126E-17,0.,1.));
#9813 = DIRECTION('',(-1.,0.,-5.551115123126E-17));
#9814 = PCURVE('',#9711,#9815);
#9815 = DEFINITIONAL_REPRESENTATION('',(#9816),#9820);
#9816 = LINE('',#9817,#9818);
#9817 = CARTESIAN_POINT('',(-6.28318530718,58.));
#9818 = VECTOR('',#9819,1.);
#9819 = DIRECTION('',(1.,-0.));
#9820 = ( GEOMETRIC_REPRESENTATION_CONTEXT(2) 
PARAMETRIC_REPRESENTATION_CONTEXT() REPRESENTATION_CONTEXT('2D SPACE',''
  ) );
#9821 = PCURVE('',#9444,#9822);
#9822 = DEFINITIONAL_REPRESENTATION('',(#9823),#9827);
#9823 = LINE('',#9824,#9825);
#9824 = CARTESIAN_POINT('',(-0.,-6.28318530718));
#9825 = VECTOR('',#9826,1.);
#9826 = DIRECTION('',(-0.,1.));
#9827 = ( GEOMETRIC_REPRESENTATION_CONTEXT(2) 
PARAMETRIC_REPRESENTATION_CONTEXT() REPRESENTATION_CONTEXT('2D SPACE',''
  ) );
#9828 = ADVANCED_FACE('',(#9829),#9794,.T.);
#9829 = FACE_BOUND('',#9830,.F.);
#9830 = EDGE_LOOP('',(#9831,#9860,#9882));
#9831 = ORIENTED_EDGE('',*,*,#9832,.F.);
#9832 = EDGE_CURVE('',#9833,#9750,#9835,.T.);
#9833 = VERTEX_POINT('',#9834);
#9834 = CARTESIAN_POINT('',(2.057E+03,293.,985.));
#9835 = SURFACE_CURVE('',#9836,(#9841,#9848),.PCURVE_S1.);
#9836 = CIRCLE('',#9837,32.);
#9837 = AXIS2_PLACEMENT_3D('',#9838,#9839,#9840);
#9838 = CARTESIAN_POINT('',(2.057E+03,293.,1.017E+03));
#9839 = DIRECTION('',(0.,1.,-0.));
#9840 = DIRECTION('',(-1.,0.,0.));
#9841 = PCURVE('',#9794,#9842);
#9842 = DEFINITIONAL_REPRESENTATION('',(#9843),#9847);
#9843 = LINE('',#9844,#9845);
#9844 = CARTESIAN_POINT('',(-0.,-6.28318530718));
#9845 = VECTOR('',#9846,1.);
#9846 = DIRECTION('',(-0.,1.));
#9847 = ( GEOMETRIC_REPRESENTATION_CONTEXT(2) 
PARAMETRIC_REPRESENTATION_CONTEXT() REPRESENTATION_CONTEXT('2D SPACE',''
  ) );
#9848 = PCURVE('',#9849,#9854);
#9849 = CYLINDRICAL_SURFACE('',#9850,32.);
#9850 = AXIS2_PLACEMENT_3D('',#9851,#9852,#9853);
#9851 = CARTESIAN_POINT('',(2.057E+03,-325.,1.017E+03));
#9852 = DIRECTION('',(0.,1.,0.));
#9853 = DIRECTION('',(-1.,0.,0.));
#9854 = DEFINITIONAL_REPRESENTATION('',(#9855),#9859);
#9855 = LINE('',#9856,#9857);
#9856 = CARTESIAN_POINT('',(-6.28318530718,618.));
#9857 = VECTOR('',#9858,1.);
#9858 = DIRECTION('',(1.,-0.));
#9859 = ( GEOMETRIC_REPRESENTATION_CONTEXT(2) 
PARAMETRIC_REPRESENTATION_CONTEXT() REPRESENTATION_CONTEXT('2D SPACE',''
  ) );
#9860 = ORIENTED_EDGE('',*,*,#9861,.T.);
#9861 = EDGE_CURVE('',#9833,#9696,#9862,.T.);
#9862 = SURFACE_CURVE('',#9863,(#9868,#9875),.PCURVE_S1.);
#9863 = CIRCLE('',#9864,32.);
#9864 = AXIS2_PLACEMENT_3D('',#9865,#9866,#9867);
#9865 = CARTESIAN_POINT('',(2.057E+03,293.,1.017E+03));
#9866 = DIRECTION('',(1.,6.123233995737E-17,-0.));
#9867 = DIRECTION('',(-6.123233995737E-17,1.,0.));
#9868 = PCURVE('',#9794,#9869);
#9869 = DEFINITIONAL_REPRESENTATION('',(#9870),#9874);
#9870 = LINE('',#9871,#9872);
#9871 = CARTESIAN_POINT('',(-1.570796326795,-6.28318530718));
#9872 = VECTOR('',#9873,1.);
#9873 = DIRECTION('',(-0.,1.));
#9874 = ( GEOMETRIC_REPRESENTATION_CONTEXT(2) 
PARAMETRIC_REPRESENTATION_CONTEXT() REPRESENTATION_CONTEXT('2D SPACE',''
  ) );
#9875 = PCURVE('',#8941,#9876);
#9876 = DEFINITIONAL_REPRESENTATION('',(#9877),#9881);
#9877 = LINE('',#9878,#9879);
#9878 = CARTESIAN_POINT('',(-6.28318530718,32.));
#9879 = VECTOR('',#9880,1.);
#9880 = DIRECTION('',(1.,-0.));
#9881 = ( GEOMETRIC_REPRESENTATION_CONTEXT(2) 
PARAMETRIC_REPRESENTATION_CONTEXT() REPRESENTATION_CONTEXT('2D SPACE',''
  ) );
#9882 = ORIENTED_EDGE('',*,*,#9779,.F.);
#9883 = ADVANCED_FACE('',(#9884),#9849,.T.);
#9884 = FACE_BOUND('',#9885,.F.);
#9885 = EDGE_LOOP('',(#9886,#9910,#9931,#9932));
#9886 = ORIENTED_EDGE('',*,*,#9887,.F.);
#9887 = EDGE_CURVE('',#8957,#9888,#9890,.T.);
#9888 = VERTEX_POINT('',#9889);
#9889 = CARTESIAN_POINT('',(2.025E+03,-293.,1.017E+03));
#9890 = SURFACE_CURVE('',#9891,(#9896,#9903),.PCURVE_S1.);
#9891 = CIRCLE('',#9892,32.);
#9892 = AXIS2_PLACEMENT_3D('',#9893,#9894,#9895);
#9893 = CARTESIAN_POINT('',(2.057E+03,-293.,1.017E+03));
#9894 = DIRECTION('',(0.,1.,-0.));
#9895 = DIRECTION('',(-1.,0.,0.));
#9896 = PCURVE('',#9849,#9897);
#9897 = DEFINITIONAL_REPRESENTATION('',(#9898),#9902);
#9898 = LINE('',#9899,#9900);
#9899 = CARTESIAN_POINT('',(-6.28318530718,32.));
#9900 = VECTOR('',#9901,1.);
#9901 = DIRECTION('',(1.,-0.));
#9902 = ( GEOMETRIC_REPRESENTATION_CONTEXT(2) 
PARAMETRIC_REPRESENTATION_CONTEXT() REPRESENTATION_CONTEXT('2D SPACE',''
  ) );
#9903 = PCURVE('',#8975,#9904);
#9904 = DEFINITIONAL_REPRESENTATION('',(#9905),#9909);
#9905 = LINE('',#9906,#9907);
#9906 = CARTESIAN_POINT('',(0.,-6.28318530718));
#9907 = VECTOR('',#9908,1.);
#9908 = DIRECTION('',(0.,1.));
#9909 = ( GEOMETRIC_REPRESENTATION_CONTEXT(2) 
PARAMETRIC_REPRESENTATION_CONTEXT() REPRESENTATION_CONTEXT('2D SPACE',''
  ) );
#9910 = ORIENTED_EDGE('',*,*,#9911,.T.);
#9911 = EDGE_CURVE('',#8957,#9833,#9912,.T.);
#9912 = SURFACE_CURVE('',#9913,(#9917,#9924),.PCURVE_S1.);
#9913 = LINE('',#9914,#9915);
#9914 = CARTESIAN_POINT('',(2.057E+03,-325.,985.));
#9915 = VECTOR('',#9916,1.);
#9916 = DIRECTION('',(0.,1.,0.));
#9917 = PCURVE('',#9849,#9918);
#9918 = DEFINITIONAL_REPRESENTATION('',(#9919),#9923);
#9919 = LINE('',#9920,#9921);
#9920 = CARTESIAN_POINT('',(-1.570796326795,0.));
#9921 = VECTOR('',#9922,1.);
#9922 = DIRECTION('',(-0.,1.));
#9923 = ( GEOMETRIC_REPRESENTATION_CONTEXT(2) 
PARAMETRIC_REPRESENTATION_CONTEXT() REPRESENTATION_CONTEXT('2D SPACE',''
  ) );
#9924 = PCURVE('',#8784,#9925);
#9925 = DEFINITIONAL_REPRESENTATION('',(#9926),#9930);
#9926 = LINE('',#9927,#9928);
#9927 = CARTESIAN_POINT('',(4.707E+03,700.));
#9928 = VECTOR('',#9929,1.);
#9929 = DIRECTION('',(0.,1.));
#9930 = ( GEOMETRIC_REPRESENTATION_CONTEXT(2) 
PARAMETRIC_REPRESENTATION_CONTEXT() REPRESENTATION_CONTEXT('2D SPACE',''
  ) );
#9931 = ORIENTED_EDGE('',*,*,#9832,.T.);
#9932 = ORIENTED_EDGE('',*,*,#9933,.F.);
#9933 = EDGE_CURVE('',#9888,#9750,#9934,.T.);
#9934 = SURFACE_CURVE('',#9935,(#9939,#9946),.PCURVE_S1.);
#9935 = LINE('',#9936,#9937);
#9936 = CARTESIAN_POINT('',(2.025E+03,-325.,1.017E+03));
#9937 = VECTOR('',#9938,1.);
#9938 = DIRECTION('',(0.,1.,0.));
#9939 = PCURVE('',#9849,#9940);
#9940 = DEFINITIONAL_REPRESENTATION('',(#9941),#9945);
#9941 = LINE('',#9942,#9943);
#9942 = CARTESIAN_POINT('',(-0.,0.));
#9943 = VECTOR('',#9944,1.);
#9944 = DIRECTION('',(-0.,1.));
#9945 = ( GEOMETRIC_REPRESENTATION_CONTEXT(2) 
PARAMETRIC_REPRESENTATION_CONTEXT() REPRESENTATION_CONTEXT('2D SPACE',''
  ) );
#9946 = PCURVE('',#9767,#9947);
#9947 = DEFINITIONAL_REPRESENTATION('',(#9948),#9952);
#9948 = LINE('',#9949,#9950);
#9949 = CARTESIAN_POINT('',(32.,0.));
#9950 = VECTOR('',#9951,1.);
#9951 = DIRECTION('',(0.,-1.));
#9952 = ( GEOMETRIC_REPRESENTATION_CONTEXT(2) 
PARAMETRIC_REPRESENTATION_CONTEXT() REPRESENTATION_CONTEXT('2D SPACE',''
  ) );
#9953 = ADVANCED_FACE('',(#9954),#9767,.F.);
#9954 = FACE_BOUND('',#9955,.F.);
#9955 = EDGE_LOOP('',(#9956,#9984,#9985,#9986));
#9956 = ORIENTED_EDGE('',*,*,#9957,.F.);
#9957 = EDGE_CURVE('',#9888,#9958,#9960,.T.);
#9958 = VERTEX_POINT('',#9959);
#9959 = CARTESIAN_POINT('',(2.025E+03,-293.,1.043E+03));
#9960 = SURFACE_CURVE('',#9961,(#9965,#9972),.PCURVE_S1.);
#9961 = LINE('',#9962,#9963);
#9962 = CARTESIAN_POINT('',(2.025E+03,-293.,985.));
#9963 = VECTOR('',#9964,1.);
#9964 = DIRECTION('',(0.,0.,1.));
#9965 = PCURVE('',#9767,#9966);
#9966 = DEFINITIONAL_REPRESENTATION('',(#9967),#9971);
#9967 = LINE('',#9968,#9969);
#9968 = CARTESIAN_POINT('',(0.,-32.));
#9969 = VECTOR('',#9970,1.);
#9970 = DIRECTION('',(1.,0.));
#9971 = ( GEOMETRIC_REPRESENTATION_CONTEXT(2) 
PARAMETRIC_REPRESENTATION_CONTEXT() REPRESENTATION_CONTEXT('2D SPACE',''
  ) );
#9972 = PCURVE('',#9973,#9978);
#9973 = CYLINDRICAL_SURFACE('',#9974,32.);
#9974 = AXIS2_PLACEMENT_3D('',#9975,#9976,#9977);
#9975 = CARTESIAN_POINT('',(2.057E+03,-293.,985.));
#9976 = DIRECTION('',(0.,0.,1.));
#9977 = DIRECTION('',(-1.,-0.,0.));
#9978 = DEFINITIONAL_REPRESENTATION('',(#9979),#9983);
#9979 = LINE('',#9980,#9981);
#9980 = CARTESIAN_POINT('',(0.,0.));
#9981 = VECTOR('',#9982,1.);
#9982 = DIRECTION('',(0.,1.));
#9983 = ( GEOMETRIC_REPRESENTATION_CONTEXT(2) 
PARAMETRIC_REPRESENTATION_CONTEXT() REPRESENTATION_CONTEXT('2D SPACE',''
  ) );
#9984 = ORIENTED_EDGE('',*,*,#9933,.T.);
#9985 = ORIENTED_EDGE('',*,*,#9749,.T.);
#9986 = ORIENTED_EDGE('',*,*,#9987,.F.);
#9987 = EDGE_CURVE('',#9958,#9752,#9988,.T.);
#9988 = SURFACE_CURVE('',#9989,(#9993,#10000),.PCURVE_S1.);
#9989 = LINE('',#9990,#9991);
#9990 = CARTESIAN_POINT('',(2.025E+03,-325.,1.043E+03));
#9991 = VECTOR('',#9992,1.);
#9992 = DIRECTION('',(0.,1.,0.));
#9993 = PCURVE('',#9767,#9994);
#9994 = DEFINITIONAL_REPRESENTATION('',(#9995),#9999);
#9995 = LINE('',#9996,#9997);
#9996 = CARTESIAN_POINT('',(58.,0.));
#9997 = VECTOR('',#9998,1.);
#9998 = DIRECTION('',(0.,-1.));
#9999 = ( GEOMETRIC_REPRESENTATION_CONTEXT(2) 
PARAMETRIC_REPRESENTATION_CONTEXT() REPRESENTATION_CONTEXT('2D SPACE',''
  ) );
#10000 = PCURVE('',#9362,#10001);
#10001 = DEFINITIONAL_REPRESENTATION('',(#10002),#10006);
#10002 = LINE('',#10003,#10004);
#10003 = CARTESIAN_POINT('',(0.,0.));
#10004 = VECTOR('',#10005,1.);
#10005 = DIRECTION('',(0.,1.));
#10006 = ( GEOMETRIC_REPRESENTATION_CONTEXT(2) 
PARAMETRIC_REPRESENTATION_CONTEXT() REPRESENTATION_CONTEXT('2D SPACE',''
  ) );
#10007 = ADVANCED_FACE('',(#10008),#9973,.T.);
#10008 = FACE_BOUND('',#10009,.T.);
#10009 = EDGE_LOOP('',(#10010,#10011,#10033,#10054));
#10010 = ORIENTED_EDGE('',*,*,#9957,.F.);
#10011 = ORIENTED_EDGE('',*,*,#10012,.T.);
#10012 = EDGE_CURVE('',#9888,#8959,#10013,.T.);
#10013 = SURFACE_CURVE('',#10014,(#10019,#10026),.PCURVE_S1.);
#10014 = CIRCLE('',#10015,32.);
#10015 = AXIS2_PLACEMENT_3D('',#10016,#10017,#10018);
#10016 = CARTESIAN_POINT('',(2.057E+03,-293.,1.017E+03));
#10017 = DIRECTION('',(0.,0.,1.));
#10018 = DIRECTION('',(-1.,0.,0.));
#10019 = PCURVE('',#9973,#10020);
#10020 = DEFINITIONAL_REPRESENTATION('',(#10021),#10025);
#10021 = LINE('',#10022,#10023);
#10022 = CARTESIAN_POINT('',(0.,32.));
#10023 = VECTOR('',#10024,1.);
#10024 = DIRECTION('',(1.,0.));
#10025 = ( GEOMETRIC_REPRESENTATION_CONTEXT(2) 
PARAMETRIC_REPRESENTATION_CONTEXT() REPRESENTATION_CONTEXT('2D SPACE',''
  ) );
#10026 = PCURVE('',#8975,#10027);
#10027 = DEFINITIONAL_REPRESENTATION('',(#10028),#10032);
#10028 = LINE('',#10029,#10030);
#10029 = CARTESIAN_POINT('',(0.,0.));
#10030 = VECTOR('',#10031,1.);
#10031 = DIRECTION('',(1.,0.));
#10032 = ( GEOMETRIC_REPRESENTATION_CONTEXT(2) 
PARAMETRIC_REPRESENTATION_CONTEXT() REPRESENTATION_CONTEXT('2D SPACE',''
  ) );
#10033 = ORIENTED_EDGE('',*,*,#10034,.T.);
#10034 = EDGE_CURVE('',#8959,#9267,#10035,.T.);
#10035 = SURFACE_CURVE('',#10036,(#10040,#10047),.PCURVE_S1.);
#10036 = LINE('',#10037,#10038);
#10037 = CARTESIAN_POINT('',(2.057E+03,-325.,985.));
#10038 = VECTOR('',#10039,1.);
#10039 = DIRECTION('',(0.,0.,1.));
#10040 = PCURVE('',#9973,#10041);
#10041 = DEFINITIONAL_REPRESENTATION('',(#10042),#10046);
#10042 = LINE('',#10043,#10044);
#10043 = CARTESIAN_POINT('',(1.570796326795,0.));
#10044 = VECTOR('',#10045,1.);
#10045 = DIRECTION('',(0.,1.));
#10046 = ( GEOMETRIC_REPRESENTATION_CONTEXT(2) 
PARAMETRIC_REPRESENTATION_CONTEXT() REPRESENTATION_CONTEXT('2D SPACE',''
  ) );
#10047 = PCURVE('',#9052,#10048);
#10048 = DEFINITIONAL_REPRESENTATION('',(#10049),#10053);
#10049 = LINE('',#10050,#10051);
#10050 = CARTESIAN_POINT('',(0.,32.));
#10051 = VECTOR('',#10052,1.);
#10052 = DIRECTION('',(1.,0.));
#10053 = ( GEOMETRIC_REPRESENTATION_CONTEXT(2) 
PARAMETRIC_REPRESENTATION_CONTEXT() REPRESENTATION_CONTEXT('2D SPACE',''
  ) );
#10054 = ORIENTED_EDGE('',*,*,#10055,.F.);
#10055 = EDGE_CURVE('',#9958,#9267,#10056,.T.);
#10056 = SURFACE_CURVE('',#10057,(#10062,#10069),.PCURVE_S1.);
#10057 = CIRCLE('',#10058,32.);
#10058 = AXIS2_PLACEMENT_3D('',#10059,#10060,#10061);
#10059 = CARTESIAN_POINT('',(2.057E+03,-293.,1.043E+03));
#10060 = DIRECTION('',(0.,0.,1.));
#10061 = DIRECTION('',(-1.,0.,0.));
#10062 = PCURVE('',#9973,#10063);
#10063 = DEFINITIONAL_REPRESENTATION('',(#10064),#10068);
#10064 = LINE('',#10065,#10066);
#10065 = CARTESIAN_POINT('',(0.,58.));
#10066 = VECTOR('',#10067,1.);
#10067 = DIRECTION('',(1.,0.));
#10068 = ( GEOMETRIC_REPRESENTATION_CONTEXT(2) 
PARAMETRIC_REPRESENTATION_CONTEXT() REPRESENTATION_CONTEXT('2D SPACE',''
  ) );
#10069 = PCURVE('',#9283,#10070);
#10070 = DEFINITIONAL_REPRESENTATION('',(#10071),#10075);
#10071 = LINE('',#10072,#10073);
#10072 = CARTESIAN_POINT('',(-0.,0.));
#10073 = VECTOR('',#10074,1.);
#10074 = DIRECTION('',(-1.,0.));
#10075 = ( GEOMETRIC_REPRESENTATION_CONTEXT(2) 
PARAMETRIC_REPRESENTATION_CONTEXT() REPRESENTATION_CONTEXT('2D SPACE',''
  ) );
#10076 = ADVANCED_FACE('',(#10077),#9444,.T.);
#10077 = FACE_BOUND('',#10078,.F.);
#10078 = EDGE_LOOP('',(#10079,#10080,#10081));
#10079 = ORIENTED_EDGE('',*,*,#9807,.F.);
#10080 = ORIENTED_EDGE('',*,*,#9427,.T.);
#10081 = ORIENTED_EDGE('',*,*,#10082,.F.);
#10082 = EDGE_CURVE('',#9752,#9347,#10083,.T.);
#10083 = SURFACE_CURVE('',#10084,(#10089,#10096),.PCURVE_S1.);
#10084 = CIRCLE('',#10085,32.);
#10085 = AXIS2_PLACEMENT_3D('',#10086,#10087,#10088);
#10086 = CARTESIAN_POINT('',(2.057E+03,293.,1.043E+03));
#10087 = DIRECTION('',(0.,1.,0.));
#10088 = DIRECTION('',(-1.,0.,-5.551115123126E-17));
#10089 = PCURVE('',#9444,#10090);
#10090 = DEFINITIONAL_REPRESENTATION('',(#10091),#10095);
#10091 = LINE('',#10092,#10093);
#10092 = CARTESIAN_POINT('',(-0.,0.));
#10093 = VECTOR('',#10094,1.);
#10094 = DIRECTION('',(-1.,0.));
#10095 = ( GEOMETRIC_REPRESENTATION_CONTEXT(2) 
PARAMETRIC_REPRESENTATION_CONTEXT() REPRESENTATION_CONTEXT('2D SPACE',''
  ) );
#10096 = PCURVE('',#9362,#10097);
#10097 = DEFINITIONAL_REPRESENTATION('',(#10098),#10102);
#10098 = LINE('',#10099,#10100);
#10099 = CARTESIAN_POINT('',(0.,618.));
#10100 = VECTOR('',#10101,1.);
#10101 = DIRECTION('',(1.,0.));
#10102 = ( GEOMETRIC_REPRESENTATION_CONTEXT(2) 
PARAMETRIC_REPRESENTATION_CONTEXT() REPRESENTATION_CONTEXT('2D SPACE',''
  ) );
#10103 = ADVANCED_FACE('',(#10104),#9362,.T.);
#10104 = FACE_BOUND('',#10105,.T.);
#10105 = EDGE_LOOP('',(#10106,#10128,#10129,#10130));
#10106 = ORIENTED_EDGE('',*,*,#10107,.F.);
#10107 = EDGE_CURVE('',#9265,#9958,#10108,.T.);
#10108 = SURFACE_CURVE('',#10109,(#10114,#10121),.PCURVE_S1.);
#10109 = CIRCLE('',#10110,32.);
#10110 = AXIS2_PLACEMENT_3D('',#10111,#10112,#10113);
#10111 = CARTESIAN_POINT('',(2.057E+03,-293.,1.043E+03));
#10112 = DIRECTION('',(0.,-1.,0.));
#10113 = DIRECTION('',(-1.,0.,0.));
#10114 = PCURVE('',#9362,#10115);
#10115 = DEFINITIONAL_REPRESENTATION('',(#10116),#10120);
#10116 = LINE('',#10117,#10118);
#10117 = CARTESIAN_POINT('',(6.28318530718,32.));
#10118 = VECTOR('',#10119,1.);
#10119 = DIRECTION('',(-1.,-0.));
#10120 = ( GEOMETRIC_REPRESENTATION_CONTEXT(2) 
PARAMETRIC_REPRESENTATION_CONTEXT() REPRESENTATION_CONTEXT('2D SPACE',''
  ) );
#10121 = PCURVE('',#9283,#10122);
#10122 = DEFINITIONAL_REPRESENTATION('',(#10123),#10127);
#10123 = LINE('',#10124,#10125);
#10124 = CARTESIAN_POINT('',(-0.,-6.28318530718));
#10125 = VECTOR('',#10126,1.);
#10126 = DIRECTION('',(-0.,1.));
#10127 = ( GEOMETRIC_REPRESENTATION_CONTEXT(2) 
PARAMETRIC_REPRESENTATION_CONTEXT() REPRESENTATION_CONTEXT('2D SPACE',''
  ) );
#10128 = ORIENTED_EDGE('',*,*,#9346,.T.);
#10129 = ORIENTED_EDGE('',*,*,#10082,.F.);
#10130 = ORIENTED_EDGE('',*,*,#9987,.F.);
#10131 = ADVANCED_FACE('',(#10132),#9283,.T.);
#10132 = FACE_BOUND('',#10133,.F.);
#10133 = EDGE_LOOP('',(#10134,#10135,#10136));
#10134 = ORIENTED_EDGE('',*,*,#10107,.F.);
#10135 = ORIENTED_EDGE('',*,*,#9264,.T.);
#10136 = ORIENTED_EDGE('',*,*,#10055,.F.);
#10137 = ADVANCED_FACE('',(#10138),#9221,.T.);
#10138 = FACE_BOUND('',#10139,.F.);
#10139 = EDGE_LOOP('',(#10140,#10141,#10142,#10143));
#10140 = ORIENTED_EDGE('',*,*,#9204,.F.);
#10141 = ORIENTED_EDGE('',*,*,#9375,.T.);
#10142 = ORIENTED_EDGE('',*,*,#9545,.F.);
#10143 = ORIENTED_EDGE('',*,*,#10144,.F.);
#10144 = EDGE_CURVE('',#9123,#9516,#10145,.T.);
#10145 = SURFACE_CURVE('',#10146,(#10150,#10157),.PCURVE_S1.);
#10146 = LINE('',#10147,#10148);
#10147 = CARTESIAN_POINT('',(2.975E+03,-325.,1.043E+03));
#10148 = VECTOR('',#10149,1.);
#10149 = DIRECTION('',(0.,1.,0.));
#10150 = PCURVE('',#9221,#10151);
#10151 = DEFINITIONAL_REPRESENTATION('',(#10152),#10156);
#10152 = LINE('',#10153,#10154);
#10153 = CARTESIAN_POINT('',(-0.,0.));
#10154 = VECTOR('',#10155,1.);
#10155 = DIRECTION('',(-0.,1.));
#10156 = ( GEOMETRIC_REPRESENTATION_CONTEXT(2) 
PARAMETRIC_REPRESENTATION_CONTEXT() REPRESENTATION_CONTEXT('2D SPACE',''
  ) );
#10157 = PCURVE('',#9138,#10158);
#10158 = DEFINITIONAL_REPRESENTATION('',(#10159),#10163);
#10159 = LINE('',#10160,#10161);
#10160 = CARTESIAN_POINT('',(58.,0.));
#10161 = VECTOR('',#10162,1.);
#10162 = DIRECTION('',(0.,-1.));
#10163 = ( GEOMETRIC_REPRESENTATION_CONTEXT(2) 
PARAMETRIC_REPRESENTATION_CONTEXT() REPRESENTATION_CONTEXT('2D SPACE',''
  ) );
#10164 = ADVANCED_FACE('',(#10165),#9138,.T.);
#10165 = FACE_BOUND('',#10166,.T.);
#10166 = EDGE_LOOP('',(#10167,#10168,#10189,#10190));
#10167 = ORIENTED_EDGE('',*,*,#9122,.F.);
#10168 = ORIENTED_EDGE('',*,*,#10169,.T.);
#10169 = EDGE_CURVE('',#9068,#9571,#10170,.T.);
#10170 = SURFACE_CURVE('',#10171,(#10175,#10182),.PCURVE_S1.);
#10171 = LINE('',#10172,#10173);
#10172 = CARTESIAN_POINT('',(2.975E+03,-325.,1.017E+03));
#10173 = VECTOR('',#10174,1.);
#10174 = DIRECTION('',(0.,1.,0.));
#10175 = PCURVE('',#9138,#10176);
#10176 = DEFINITIONAL_REPRESENTATION('',(#10177),#10181);
#10177 = LINE('',#10178,#10179);
#10178 = CARTESIAN_POINT('',(32.,0.));
#10179 = VECTOR('',#10180,1.);
#10180 = DIRECTION('',(0.,-1.));
#10181 = ( GEOMETRIC_REPRESENTATION_CONTEXT(2) 
PARAMETRIC_REPRESENTATION_CONTEXT() REPRESENTATION_CONTEXT('2D SPACE',''
  ) );
#10182 = PCURVE('',#8915,#10183);
#10183 = DEFINITIONAL_REPRESENTATION('',(#10184),#10188);
#10184 = LINE('',#10185,#10186);
#10185 = CARTESIAN_POINT('',(0.,0.));
#10186 = VECTOR('',#10187,1.);
#10187 = DIRECTION('',(0.,1.));
#10188 = ( GEOMETRIC_REPRESENTATION_CONTEXT(2) 
PARAMETRIC_REPRESENTATION_CONTEXT() REPRESENTATION_CONTEXT('2D SPACE',''
  ) );
#10189 = ORIENTED_EDGE('',*,*,#9570,.T.);
#10190 = ORIENTED_EDGE('',*,*,#10144,.F.);
#10191 = ADVANCED_FACE('',(#10192),#9052,.F.);
#10192 = FACE_BOUND('',#10193,.F.);
#10193 = EDGE_LOOP('',(#10194,#10195,#10196,#10197));
#10194 = ORIENTED_EDGE('',*,*,#10034,.T.);
#10195 = ORIENTED_EDGE('',*,*,#9322,.T.);
#10196 = ORIENTED_EDGE('',*,*,#9151,.F.);
#10197 = ORIENTED_EDGE('',*,*,#9038,.F.);
#10198 = ADVANCED_FACE('',(#10199),#8975,.T.);
#10199 = FACE_BOUND('',#10200,.T.);
#10200 = EDGE_LOOP('',(#10201,#10202,#10203));
#10201 = ORIENTED_EDGE('',*,*,#9887,.F.);
#10202 = ORIENTED_EDGE('',*,*,#8956,.T.);
#10203 = ORIENTED_EDGE('',*,*,#10012,.F.);
#10204 = ADVANCED_FACE('',(#10205),#8915,.T.);
#10205 = FACE_BOUND('',#10206,.T.);
#10206 = EDGE_LOOP('',(#10207,#10208,#10209,#10210));
#10207 = ORIENTED_EDGE('',*,*,#9067,.F.);
#10208 = ORIENTED_EDGE('',*,*,#8899,.T.);
#10209 = ORIENTED_EDGE('',*,*,#9647,.T.);
#10210 = ORIENTED_EDGE('',*,*,#10169,.F.);
#10211 = ADVANCED_FACE('',(#10212),#8941,.T.);
#10212 = FACE_BOUND('',#10213,.F.);
#10213 = EDGE_LOOP('',(#10214,#10215,#10236,#10237,#10238));
#10214 = ORIENTED_EDGE('',*,*,#9861,.F.);
#10215 = ORIENTED_EDGE('',*,*,#10216,.T.);
#10216 = EDGE_CURVE('',#9833,#8797,#10217,.T.);
#10217 = SURFACE_CURVE('',#10218,(#10222,#10229),.PCURVE_S1.);
#10218 = LINE('',#10219,#10220);
#10219 = CARTESIAN_POINT('',(2.025E+03,293.,985.));
#10220 = VECTOR('',#10221,1.);
#10221 = DIRECTION('',(1.,0.,0.));
#10222 = PCURVE('',#8941,#10223);
#10223 = DEFINITIONAL_REPRESENTATION('',(#10224),#10228);
#10224 = LINE('',#10225,#10226);
#10225 = CARTESIAN_POINT('',(-1.570796326795,0.));
#10226 = VECTOR('',#10227,1.);
#10227 = DIRECTION('',(-0.,1.));
#10228 = ( GEOMETRIC_REPRESENTATION_CONTEXT(2) 
PARAMETRIC_REPRESENTATION_CONTEXT() REPRESENTATION_CONTEXT('2D SPACE',''
  ) );
#10229 = PCURVE('',#8784,#10230);
#10230 = DEFINITIONAL_REPRESENTATION('',(#10231),#10235);
#10231 = LINE('',#10232,#10233);
#10232 = CARTESIAN_POINT('',(4.675E+03,1.318E+03));
#10233 = VECTOR('',#10234,1.);
#10234 = DIRECTION('',(1.,0.));
#10235 = ( GEOMETRIC_REPRESENTATION_CONTEXT(2) 
PARAMETRIC_REPRESENTATION_CONTEXT() REPRESENTATION_CONTEXT('2D SPACE',''
  ) );
#10236 = ORIENTED_EDGE('',*,*,#8927,.T.);
#10237 = ORIENTED_EDGE('',*,*,#9669,.T.);
#10238 = ORIENTED_EDGE('',*,*,#9725,.F.);
#10239 = ADVANCED_FACE('',(#10240),#8784,.T.);
#10240 = FACE_BOUND('',#10241,.T.);
#10241 = EDGE_LOOP('',(#10242,#10272,#10298,#10299,#10300,#10301,#10302,
    #10303,#10326,#10349,#10377,#10405));
#10242 = ORIENTED_EDGE('',*,*,#10243,.F.);
#10243 = EDGE_CURVE('',#10244,#10246,#10248,.T.);
#10244 = VERTEX_POINT('',#10245);
#10245 = CARTESIAN_POINT('',(-2.575E+03,-950.,985.));
#10246 = VERTEX_POINT('',#10247);
#10247 = CARTESIAN_POINT('',(-2.575E+03,-328.,985.));
#10248 = SURFACE_CURVE('',#10249,(#10253,#10260),.PCURVE_S1.);
#10249 = LINE('',#10250,#10251);
#10250 = CARTESIAN_POINT('',(-2.575E+03,-1.025E+03,985.));
#10251 = VECTOR('',#10252,1.);
#10252 = DIRECTION('',(0.,1.,0.));
#10253 = PCURVE('',#8784,#10254);
#10254 = DEFINITIONAL_REPRESENTATION('',(#10255),#10259);
#10255 = LINE('',#10256,#10257);
#10256 = CARTESIAN_POINT('',(75.,0.));
#10257 = VECTOR('',#10258,1.);
#10258 = DIRECTION('',(0.,1.));
#10259 = ( GEOMETRIC_REPRESENTATION_CONTEXT(2) 
PARAMETRIC_REPRESENTATION_CONTEXT() REPRESENTATION_CONTEXT('2D SPACE',''
  ) );
#10260 = PCURVE('',#10261,#10266);
#10261 = CYLINDRICAL_SURFACE('',#10262,75.);
#10262 = AXIS2_PLACEMENT_3D('',#10263,#10264,#10265);
#10263 = CARTESIAN_POINT('',(-2.575E+03,-1.025E+03,910.));
#10264 = DIRECTION('',(0.,1.,0.));
#10265 = DIRECTION('',(-1.,0.,0.));
#10266 = DEFINITIONAL_REPRESENTATION('',(#10267),#10271);
#10267 = LINE('',#10268,#10269);
#10268 = CARTESIAN_POINT('',(1.570796326795,0.));
#10269 = VECTOR('',#10270,1.);
#10270 = DIRECTION('',(0.,1.));
#10271 = ( GEOMETRIC_REPRESENTATION_CONTEXT(2) 
PARAMETRIC_REPRESENTATION_CONTEXT() REPRESENTATION_CONTEXT('2D SPACE',''
  ) );
#10272 = ORIENTED_EDGE('',*,*,#10273,.T.);
#10273 = EDGE_CURVE('',#10244,#8738,#10274,.T.);
#10274 = SURFACE_CURVE('',#10275,(#10279,#10286),.PCURVE_S1.);
#10275 = LINE('',#10276,#10277);
#10276 = CARTESIAN_POINT('',(-2.65E+03,-950.,985.));
#10277 = VECTOR('',#10278,1.);
#10278 = DIRECTION('',(1.,0.,0.));
#10279 = PCURVE('',#8784,#10280);
#10280 = DEFINITIONAL_REPRESENTATION('',(#10281),#10285);
#10281 = LINE('',#10282,#10283);
#10282 = CARTESIAN_POINT('',(0.,75.));
#10283 = VECTOR('',#10284,1.);
#10284 = DIRECTION('',(1.,0.));
#10285 = ( GEOMETRIC_REPRESENTATION_CONTEXT(2) 
PARAMETRIC_REPRESENTATION_CONTEXT() REPRESENTATION_CONTEXT('2D SPACE',''
  ) );
#10286 = PCURVE('',#10287,#10292);
#10287 = CYLINDRICAL_SURFACE('',#10288,75.);
#10288 = AXIS2_PLACEMENT_3D('',#10289,#10290,#10291);
#10289 = CARTESIAN_POINT('',(-2.65E+03,-950.,910.));
#10290 = DIRECTION('',(1.,0.,0.));
#10291 = DIRECTION('',(0.,-1.,0.));
#10292 = DEFINITIONAL_REPRESENTATION('',(#10293),#10297);
#10293 = LINE('',#10294,#10295);
#10294 = CARTESIAN_POINT('',(-1.570796326795,0.));
#10295 = VECTOR('',#10296,1.);
#10296 = DIRECTION('',(-0.,1.));
#10297 = ( GEOMETRIC_REPRESENTATION_CONTEXT(2) 
PARAMETRIC_REPRESENTATION_CONTEXT() REPRESENTATION_CONTEXT('2D SPACE',''
  ) );
#10298 = ORIENTED_EDGE('',*,*,#8768,.T.);
#10299 = ORIENTED_EDGE('',*,*,#8987,.F.);
#10300 = ORIENTED_EDGE('',*,*,#9911,.T.);
#10301 = ORIENTED_EDGE('',*,*,#10216,.T.);
#10302 = ORIENTED_EDGE('',*,*,#8824,.T.);
#10303 = ORIENTED_EDGE('',*,*,#10304,.F.);
#10304 = EDGE_CURVE('',#10305,#8679,#10307,.T.);
#10305 = VERTEX_POINT('',#10306);
#10306 = CARTESIAN_POINT('',(-2.575E+03,950.,985.));
#10307 = SURFACE_CURVE('',#10308,(#10312,#10319),.PCURVE_S1.);
#10308 = LINE('',#10309,#10310);
#10309 = CARTESIAN_POINT('',(-2.65E+03,950.,985.));
#10310 = VECTOR('',#10311,1.);
#10311 = DIRECTION('',(1.,0.,0.));
#10312 = PCURVE('',#8784,#10313);
#10313 = DEFINITIONAL_REPRESENTATION('',(#10314),#10318);
#10314 = LINE('',#10315,#10316);
#10315 = CARTESIAN_POINT('',(0.,1.975E+03));
#10316 = VECTOR('',#10317,1.);
#10317 = DIRECTION('',(1.,0.));
#10318 = ( GEOMETRIC_REPRESENTATION_CONTEXT(2) 
PARAMETRIC_REPRESENTATION_CONTEXT() REPRESENTATION_CONTEXT('2D SPACE',''
  ) );
#10319 = PCURVE('',#8695,#10320);
#10320 = DEFINITIONAL_REPRESENTATION('',(#10321),#10325);
#10321 = LINE('',#10322,#10323);
#10322 = CARTESIAN_POINT('',(1.570796326795,0.));
#10323 = VECTOR('',#10324,1.);
#10324 = DIRECTION('',(0.,1.));
#10325 = ( GEOMETRIC_REPRESENTATION_CONTEXT(2) 
PARAMETRIC_REPRESENTATION_CONTEXT() REPRESENTATION_CONTEXT('2D SPACE',''
  ) );
#10326 = ORIENTED_EDGE('',*,*,#10327,.F.);
#10327 = EDGE_CURVE('',#10328,#10305,#10330,.T.);
#10328 = VERTEX_POINT('',#10329);
#10329 = CARTESIAN_POINT('',(-2.575E+03,328.,985.));
#10330 = SURFACE_CURVE('',#10331,(#10335,#10342),.PCURVE_S1.);
#10331 = LINE('',#10332,#10333);
#10332 = CARTESIAN_POINT('',(-2.575E+03,-1.025E+03,985.));
#10333 = VECTOR('',#10334,1.);
#10334 = DIRECTION('',(0.,1.,0.));
#10335 = PCURVE('',#8784,#10336);
#10336 = DEFINITIONAL_REPRESENTATION('',(#10337),#10341);
#10337 = LINE('',#10338,#10339);
#10338 = CARTESIAN_POINT('',(75.,0.));
#10339 = VECTOR('',#10340,1.);
#10340 = DIRECTION('',(0.,1.));
#10341 = ( GEOMETRIC_REPRESENTATION_CONTEXT(2) 
PARAMETRIC_REPRESENTATION_CONTEXT() REPRESENTATION_CONTEXT('2D SPACE',''
  ) );
#10342 = PCURVE('',#10261,#10343);
#10343 = DEFINITIONAL_REPRESENTATION('',(#10344),#10348);
#10344 = LINE('',#10345,#10346);
#10345 = CARTESIAN_POINT('',(1.570796326795,0.));
#10346 = VECTOR('',#10347,1.);
#10347 = DIRECTION('',(0.,1.));
#10348 = ( GEOMETRIC_REPRESENTATION_CONTEXT(2) 
PARAMETRIC_REPRESENTATION_CONTEXT() REPRESENTATION_CONTEXT('2D SPACE',''
  ) );
#10349 = ORIENTED_EDGE('',*,*,#10350,.T.);
#10350 = EDGE_CURVE('',#10328,#10351,#10353,.T.);
#10351 = VERTEX_POINT('',#10352);
#10352 = CARTESIAN_POINT('',(-1.907E+03,328.,985.));
#10353 = SURFACE_CURVE('',#10354,(#10358,#10365),.PCURVE_S1.);
#10354 = LINE('',#10355,#10356);
#10355 = CARTESIAN_POINT('',(-2.925E+03,328.,985.));
#10356 = VECTOR('',#10357,1.);
#10357 = DIRECTION('',(1.,0.,0.));
#10358 = PCURVE('',#8784,#10359);
#10359 = DEFINITIONAL_REPRESENTATION('',(#10360),#10364);
#10360 = LINE('',#10361,#10362);
#10361 = CARTESIAN_POINT('',(-275.,1.353E+03));
#10362 = VECTOR('',#10363,1.);
#10363 = DIRECTION('',(1.,0.));
#10364 = ( GEOMETRIC_REPRESENTATION_CONTEXT(2) 
PARAMETRIC_REPRESENTATION_CONTEXT() REPRESENTATION_CONTEXT('2D SPACE',''
  ) );
#10365 = PCURVE('',#10366,#10371);
#10366 = CYLINDRICAL_SURFACE('',#10367,32.);
#10367 = AXIS2_PLACEMENT_3D('',#10368,#10369,#10370);
#10368 = CARTESIAN_POINT('',(-2.925E+03,328.,1.017E+03));
#10369 = DIRECTION('',(1.,0.,0.));
#10370 = DIRECTION('',(-0.,1.,0.));
#10371 = DEFINITIONAL_REPRESENTATION('',(#10372),#10376);
#10372 = LINE('',#10373,#10374);
#10373 = CARTESIAN_POINT('',(-1.570796326795,0.));
#10374 = VECTOR('',#10375,1.);
#10375 = DIRECTION('',(-0.,1.));
#10376 = ( GEOMETRIC_REPRESENTATION_CONTEXT(2) 
PARAMETRIC_REPRESENTATION_CONTEXT() REPRESENTATION_CONTEXT('2D SPACE',''
  ) );
#10377 = ORIENTED_EDGE('',*,*,#10378,.F.);
#10378 = EDGE_CURVE('',#10379,#10351,#10381,.T.);
#10379 = VERTEX_POINT('',#10380);
#10380 = CARTESIAN_POINT('',(-1.907E+03,-328.,985.));
#10381 = SURFACE_CURVE('',#10382,(#10386,#10393),.PCURVE_S1.);
#10382 = LINE('',#10383,#10384);
#10383 = CARTESIAN_POINT('',(-1.907E+03,-360.,985.));
#10384 = VECTOR('',#10385,1.);
#10385 = DIRECTION('',(0.,1.,0.));
#10386 = PCURVE('',#8784,#10387);
#10387 = DEFINITIONAL_REPRESENTATION('',(#10388),#10392);
#10388 = LINE('',#10389,#10390);
#10389 = CARTESIAN_POINT('',(743.,665.));
#10390 = VECTOR('',#10391,1.);
#10391 = DIRECTION('',(0.,1.));
#10392 = ( GEOMETRIC_REPRESENTATION_CONTEXT(2) 
PARAMETRIC_REPRESENTATION_CONTEXT() REPRESENTATION_CONTEXT('2D SPACE',''
  ) );
#10393 = PCURVE('',#10394,#10399);
#10394 = CYLINDRICAL_SURFACE('',#10395,32.);
#10395 = AXIS2_PLACEMENT_3D('',#10396,#10397,#10398);
#10396 = CARTESIAN_POINT('',(-1.907E+03,-360.,1.017E+03));
#10397 = DIRECTION('',(0.,1.,0.));
#10398 = DIRECTION('',(1.,0.,-0.));
#10399 = DEFINITIONAL_REPRESENTATION('',(#10400),#10404);
#10400 = LINE('',#10401,#10402);
#10401 = CARTESIAN_POINT('',(1.570796326795,0.));
#10402 = VECTOR('',#10403,1.);
#10403 = DIRECTION('',(0.,1.));
#10404 = ( GEOMETRIC_REPRESENTATION_CONTEXT(2) 
PARAMETRIC_REPRESENTATION_CONTEXT() REPRESENTATION_CONTEXT('2D SPACE',''
  ) );
#10405 = ORIENTED_EDGE('',*,*,#10406,.F.);
#10406 = EDGE_CURVE('',#10246,#10379,#10407,.T.);
#10407 = SURFACE_CURVE('',#10408,(#10412,#10419),.PCURVE_S1.);
#10408 = LINE('',#10409,#10410);
#10409 = CARTESIAN_POINT('',(-2.925E+03,-328.,985.));
#10410 = VECTOR('',#10411,1.);
#10411 = DIRECTION('',(1.,0.,0.));
#10412 = PCURVE('',#8784,#10413);
#10413 = DEFINITIONAL_REPRESENTATION('',(#10414),#10418);
#10414 = LINE('',#10415,#10416);
#10415 = CARTESIAN_POINT('',(-275.,697.));
#10416 = VECTOR('',#10417,1.);
#10417 = DIRECTION('',(1.,0.));
#10418 = ( GEOMETRIC_REPRESENTATION_CONTEXT(2) 
PARAMETRIC_REPRESENTATION_CONTEXT() REPRESENTATION_CONTEXT('2D SPACE',''
  ) );
#10419 = PCURVE('',#10420,#10425);
#10420 = CYLINDRICAL_SURFACE('',#10421,32.);
#10421 = AXIS2_PLACEMENT_3D('',#10422,#10423,#10424);
#10422 = CARTESIAN_POINT('',(-2.925E+03,-328.,1.017E+03));
#10423 = DIRECTION('',(1.,0.,0.));
#10424 = DIRECTION('',(0.,-1.,0.));
#10425 = DEFINITIONAL_REPRESENTATION('',(#10426),#10430);
#10426 = LINE('',#10427,#10428);
#10427 = CARTESIAN_POINT('',(1.570796326795,0.));
#10428 = VECTOR('',#10429,1.);
#10429 = DIRECTION('',(0.,1.));
#10430 = ( GEOMETRIC_REPRESENTATION_CONTEXT(2) 
PARAMETRIC_REPRESENTATION_CONTEXT() REPRESENTATION_CONTEXT('2D SPACE',''
  ) );
#10431 = ADVANCED_FACE('',(#10432),#10287,.T.);
#10432 = FACE_BOUND('',#10433,.F.);
#10433 = EDGE_LOOP('',(#10434,#10463,#10464,#10488));
#10434 = ORIENTED_EDGE('',*,*,#10435,.F.);
#10435 = EDGE_CURVE('',#10244,#10436,#10438,.T.);
#10436 = VERTEX_POINT('',#10437);
#10437 = CARTESIAN_POINT('',(-2.575E+03,-1.025E+03,910.));
#10438 = SURFACE_CURVE('',#10439,(#10444,#10451),.PCURVE_S1.);
#10439 = CIRCLE('',#10440,75.);
#10440 = AXIS2_PLACEMENT_3D('',#10441,#10442,#10443);
#10441 = CARTESIAN_POINT('',(-2.575E+03,-950.,910.));
#10442 = DIRECTION('',(1.,-6.123233995737E-17,0.));
#10443 = DIRECTION('',(-6.123233995737E-17,-1.,0.));
#10444 = PCURVE('',#10287,#10445);
#10445 = DEFINITIONAL_REPRESENTATION('',(#10446),#10450);
#10446 = LINE('',#10447,#10448);
#10447 = CARTESIAN_POINT('',(-6.28318530718,75.));
#10448 = VECTOR('',#10449,1.);
#10449 = DIRECTION('',(1.,-0.));
#10450 = ( GEOMETRIC_REPRESENTATION_CONTEXT(2) 
PARAMETRIC_REPRESENTATION_CONTEXT() REPRESENTATION_CONTEXT('2D SPACE',''
  ) );
#10451 = PCURVE('',#10452,#10457);
#10452 = SPHERICAL_SURFACE('',#10453,75.);
#10453 = AXIS2_PLACEMENT_3D('',#10454,#10455,#10456);
#10454 = CARTESIAN_POINT('',(-2.575E+03,-950.,910.));
#10455 = DIRECTION('',(-0.,-0.,-1.));
#10456 = DIRECTION('',(-1.,0.,0.));
#10457 = DEFINITIONAL_REPRESENTATION('',(#10458),#10462);
#10458 = LINE('',#10459,#10460);
#10459 = CARTESIAN_POINT('',(-1.570796326795,-6.28318530718));
#10460 = VECTOR('',#10461,1.);
#10461 = DIRECTION('',(-0.,1.));
#10462 = ( GEOMETRIC_REPRESENTATION_CONTEXT(2) 
PARAMETRIC_REPRESENTATION_CONTEXT() REPRESENTATION_CONTEXT('2D SPACE',''
  ) );
#10463 = ORIENTED_EDGE('',*,*,#10273,.T.);
#10464 = ORIENTED_EDGE('',*,*,#10465,.T.);
#10465 = EDGE_CURVE('',#8738,#10466,#10468,.T.);
#10466 = VERTEX_POINT('',#10467);
#10467 = CARTESIAN_POINT('',(2.875E+03,-1.025E+03,910.));
#10468 = SURFACE_CURVE('',#10469,(#10474,#10481),.PCURVE_S1.);
#10469 = CIRCLE('',#10470,75.);
#10470 = AXIS2_PLACEMENT_3D('',#10471,#10472,#10473);
#10471 = CARTESIAN_POINT('',(2.875E+03,-950.,910.));
#10472 = DIRECTION('',(1.,6.123233995737E-17,0.));
#10473 = DIRECTION('',(6.123233995737E-17,-1.,0.));
#10474 = PCURVE('',#10287,#10475);
#10475 = DEFINITIONAL_REPRESENTATION('',(#10476),#10480);
#10476 = LINE('',#10477,#10478);
#10477 = CARTESIAN_POINT('',(-6.28318530718,5.525E+03));
#10478 = VECTOR('',#10479,1.);
#10479 = DIRECTION('',(1.,-0.));
#10480 = ( GEOMETRIC_REPRESENTATION_CONTEXT(2) 
PARAMETRIC_REPRESENTATION_CONTEXT() REPRESENTATION_CONTEXT('2D SPACE',''
  ) );
#10481 = PCURVE('',#8756,#10482);
#10482 = DEFINITIONAL_REPRESENTATION('',(#10483),#10487);
#10483 = LINE('',#10484,#10485);
#10484 = CARTESIAN_POINT('',(1.570796326795,-6.28318530718));
#10485 = VECTOR('',#10486,1.);
#10486 = DIRECTION('',(0.,1.));
#10487 = ( GEOMETRIC_REPRESENTATION_CONTEXT(2) 
PARAMETRIC_REPRESENTATION_CONTEXT() REPRESENTATION_CONTEXT('2D SPACE',''
  ) );
#10488 = ORIENTED_EDGE('',*,*,#10489,.F.);
#10489 = EDGE_CURVE('',#10436,#10466,#10490,.T.);
#10490 = SURFACE_CURVE('',#10491,(#10495,#10502),.PCURVE_S1.);
#10491 = LINE('',#10492,#10493);
#10492 = CARTESIAN_POINT('',(-2.65E+03,-1.025E+03,910.));
#10493 = VECTOR('',#10494,1.);
#10494 = DIRECTION('',(1.,0.,0.));
#10495 = PCURVE('',#10287,#10496);
#10496 = DEFINITIONAL_REPRESENTATION('',(#10497),#10501);
#10497 = LINE('',#10498,#10499);
#10498 = CARTESIAN_POINT('',(-0.,0.));
#10499 = VECTOR('',#10500,1.);
#10500 = DIRECTION('',(-0.,1.));
#10501 = ( GEOMETRIC_REPRESENTATION_CONTEXT(2) 
PARAMETRIC_REPRESENTATION_CONTEXT() REPRESENTATION_CONTEXT('2D SPACE',''
  ) );
#10502 = PCURVE('',#10503,#10508);
#10503 = PLANE('',#10504);
#10504 = AXIS2_PLACEMENT_3D('',#10505,#10506,#10507);
#10505 = CARTESIAN_POINT('',(-2.65E+03,-1.025E+03,815.));
#10506 = DIRECTION('',(0.,1.,0.));
#10507 = DIRECTION('',(0.,0.,1.));
#10508 = DEFINITIONAL_REPRESENTATION('',(#10509),#10513);
#10509 = LINE('',#10510,#10511);
#10510 = CARTESIAN_POINT('',(95.,0.));
#10511 = VECTOR('',#10512,1.);
#10512 = DIRECTION('',(0.,1.));
#10513 = ( GEOMETRIC_REPRESENTATION_CONTEXT(2) 
PARAMETRIC_REPRESENTATION_CONTEXT() REPRESENTATION_CONTEXT('2D SPACE',''
  ) );
#10514 = ADVANCED_FACE('',(#10515),#10503,.F.);
#10515 = FACE_BOUND('',#10516,.F.);
#10516 = EDGE_LOOP('',(#10517,#10545,#10546,#10574));
#10517 = ORIENTED_EDGE('',*,*,#10518,.T.);
#10518 = EDGE_CURVE('',#10519,#10436,#10521,.T.);
#10519 = VERTEX_POINT('',#10520);
#10520 = CARTESIAN_POINT('',(-2.575E+03,-1.025E+03,890.));
#10521 = SURFACE_CURVE('',#10522,(#10526,#10533),.PCURVE_S1.);
#10522 = LINE('',#10523,#10524);
#10523 = CARTESIAN_POINT('',(-2.575E+03,-1.025E+03,815.));
#10524 = VECTOR('',#10525,1.);
#10525 = DIRECTION('',(0.,0.,1.));
#10526 = PCURVE('',#10503,#10527);
#10527 = DEFINITIONAL_REPRESENTATION('',(#10528),#10532);
#10528 = LINE('',#10529,#10530);
#10529 = CARTESIAN_POINT('',(0.,75.));
#10530 = VECTOR('',#10531,1.);
#10531 = DIRECTION('',(1.,0.));
#10532 = ( GEOMETRIC_REPRESENTATION_CONTEXT(2) 
PARAMETRIC_REPRESENTATION_CONTEXT() REPRESENTATION_CONTEXT('2D SPACE',''
  ) );
#10533 = PCURVE('',#10534,#10539);
#10534 = CYLINDRICAL_SURFACE('',#10535,75.);
#10535 = AXIS2_PLACEMENT_3D('',#10536,#10537,#10538);
#10536 = CARTESIAN_POINT('',(-2.575E+03,-950.,815.));
#10537 = DIRECTION('',(0.,0.,1.));
#10538 = DIRECTION('',(-1.,-0.,0.));
#10539 = DEFINITIONAL_REPRESENTATION('',(#10540),#10544);
#10540 = LINE('',#10541,#10542);
#10541 = CARTESIAN_POINT('',(1.570796326795,0.));
#10542 = VECTOR('',#10543,1.);
#10543 = DIRECTION('',(0.,1.));
#10544 = ( GEOMETRIC_REPRESENTATION_CONTEXT(2) 
PARAMETRIC_REPRESENTATION_CONTEXT() REPRESENTATION_CONTEXT('2D SPACE',''
  ) );
#10545 = ORIENTED_EDGE('',*,*,#10489,.T.);
#10546 = ORIENTED_EDGE('',*,*,#10547,.F.);
#10547 = EDGE_CURVE('',#10548,#10466,#10550,.T.);
#10548 = VERTEX_POINT('',#10549);
#10549 = CARTESIAN_POINT('',(2.875E+03,-1.025E+03,890.));
#10550 = SURFACE_CURVE('',#10551,(#10555,#10562),.PCURVE_S1.);
#10551 = LINE('',#10552,#10553);
#10552 = CARTESIAN_POINT('',(2.875E+03,-1.025E+03,815.));
#10553 = VECTOR('',#10554,1.);
#10554 = DIRECTION('',(0.,0.,1.));
#10555 = PCURVE('',#10503,#10556);
#10556 = DEFINITIONAL_REPRESENTATION('',(#10557),#10561);
#10557 = LINE('',#10558,#10559);
#10558 = CARTESIAN_POINT('',(0.,5.525E+03));
#10559 = VECTOR('',#10560,1.);
#10560 = DIRECTION('',(1.,0.));
#10561 = ( GEOMETRIC_REPRESENTATION_CONTEXT(2) 
PARAMETRIC_REPRESENTATION_CONTEXT() REPRESENTATION_CONTEXT('2D SPACE',''
  ) );
#10562 = PCURVE('',#10563,#10568);
#10563 = CYLINDRICAL_SURFACE('',#10564,75.);
#10564 = AXIS2_PLACEMENT_3D('',#10565,#10566,#10567);
#10565 = CARTESIAN_POINT('',(2.875E+03,-950.,815.));
#10566 = DIRECTION('',(0.,0.,1.));
#10567 = DIRECTION('',(1.,0.,-0.));
#10568 = DEFINITIONAL_REPRESENTATION('',(#10569),#10573);
#10569 = LINE('',#10570,#10571);
#10570 = CARTESIAN_POINT('',(-1.570796326795,0.));
#10571 = VECTOR('',#10572,1.);
#10572 = DIRECTION('',(-0.,1.));
#10573 = ( GEOMETRIC_REPRESENTATION_CONTEXT(2) 
PARAMETRIC_REPRESENTATION_CONTEXT() REPRESENTATION_CONTEXT('2D SPACE',''
  ) );
#10574 = ORIENTED_EDGE('',*,*,#10575,.F.);
#10575 = EDGE_CURVE('',#10519,#10548,#10576,.T.);
#10576 = SURFACE_CURVE('',#10577,(#10581,#10588),.PCURVE_S1.);
#10577 = LINE('',#10578,#10579);
#10578 = CARTESIAN_POINT('',(-2.65E+03,-1.025E+03,890.));
#10579 = VECTOR('',#10580,1.);
#10580 = DIRECTION('',(1.,0.,0.));
#10581 = PCURVE('',#10503,#10582);
#10582 = DEFINITIONAL_REPRESENTATION('',(#10583),#10587);
#10583 = LINE('',#10584,#10585);
#10584 = CARTESIAN_POINT('',(75.,0.));
#10585 = VECTOR('',#10586,1.);
#10586 = DIRECTION('',(0.,1.));
#10587 = ( GEOMETRIC_REPRESENTATION_CONTEXT(2) 
PARAMETRIC_REPRESENTATION_CONTEXT() REPRESENTATION_CONTEXT('2D SPACE',''
  ) );
#10588 = PCURVE('',#748,#10589);
#10589 = DEFINITIONAL_REPRESENTATION('',(#10590),#10594);
#10590 = LINE('',#10591,#10592);
#10591 = CARTESIAN_POINT('',(0.,0.));
#10592 = VECTOR('',#10593,1.);
#10593 = DIRECTION('',(0.,1.));
#10594 = ( GEOMETRIC_REPRESENTATION_CONTEXT(2) 
PARAMETRIC_REPRESENTATION_CONTEXT() REPRESENTATION_CONTEXT('2D SPACE',''
  ) );
#10595 = ADVANCED_FACE('',(#10596),#10563,.T.);
#10596 = FACE_BOUND('',#10597,.F.);
#10597 = EDGE_LOOP('',(#10598,#10621,#10648,#10649));
#10598 = ORIENTED_EDGE('',*,*,#10599,.F.);
#10599 = EDGE_CURVE('',#10600,#8740,#10602,.T.);
#10600 = VERTEX_POINT('',#10601);
#10601 = CARTESIAN_POINT('',(2.95E+03,-950.,890.));
#10602 = SURFACE_CURVE('',#10603,(#10607,#10614),.PCURVE_S1.);
#10603 = LINE('',#10604,#10605);
#10604 = CARTESIAN_POINT('',(2.95E+03,-950.,815.));
#10605 = VECTOR('',#10606,1.);
#10606 = DIRECTION('',(0.,0.,1.));
#10607 = PCURVE('',#10563,#10608);
#10608 = DEFINITIONAL_REPRESENTATION('',(#10609),#10613);
#10609 = LINE('',#10610,#10611);
#10610 = CARTESIAN_POINT('',(-0.,0.));
#10611 = VECTOR('',#10612,1.);
#10612 = DIRECTION('',(-0.,1.));
#10613 = ( GEOMETRIC_REPRESENTATION_CONTEXT(2) 
PARAMETRIC_REPRESENTATION_CONTEXT() REPRESENTATION_CONTEXT('2D SPACE',''
  ) );
#10614 = PCURVE('',#8611,#10615);
#10615 = DEFINITIONAL_REPRESENTATION('',(#10616),#10620);
#10616 = LINE('',#10617,#10618);
#10617 = CARTESIAN_POINT('',(0.,-75.));
#10618 = VECTOR('',#10619,1.);
#10619 = DIRECTION('',(1.,0.));
#10620 = ( GEOMETRIC_REPRESENTATION_CONTEXT(2) 
PARAMETRIC_REPRESENTATION_CONTEXT() REPRESENTATION_CONTEXT('2D SPACE',''
  ) );
#10621 = ORIENTED_EDGE('',*,*,#10622,.T.);
#10622 = EDGE_CURVE('',#10600,#10548,#10623,.T.);
#10623 = SURFACE_CURVE('',#10624,(#10629,#10636),.PCURVE_S1.);
#10624 = CIRCLE('',#10625,75.);
#10625 = AXIS2_PLACEMENT_3D('',#10626,#10627,#10628);
#10626 = CARTESIAN_POINT('',(2.875E+03,-950.,890.));
#10627 = DIRECTION('',(0.,-0.,-1.));
#10628 = DIRECTION('',(1.,0.,-0.));
#10629 = PCURVE('',#10563,#10630);
#10630 = DEFINITIONAL_REPRESENTATION('',(#10631),#10635);
#10631 = LINE('',#10632,#10633);
#10632 = CARTESIAN_POINT('',(-0.,75.));
#10633 = VECTOR('',#10634,1.);
#10634 = DIRECTION('',(-1.,0.));
#10635 = ( GEOMETRIC_REPRESENTATION_CONTEXT(2) 
PARAMETRIC_REPRESENTATION_CONTEXT() REPRESENTATION_CONTEXT('2D SPACE',''
  ) );
#10636 = PCURVE('',#10637,#10642);
#10637 = SPHERICAL_SURFACE('',#10638,75.);
#10638 = AXIS2_PLACEMENT_3D('',#10639,#10640,#10641);
#10639 = CARTESIAN_POINT('',(2.875E+03,-950.,890.));
#10640 = DIRECTION('',(0.,0.,1.));
#10641 = DIRECTION('',(1.,0.,-0.));
#10642 = DEFINITIONAL_REPRESENTATION('',(#10643),#10647);
#10643 = LINE('',#10644,#10645);
#10644 = CARTESIAN_POINT('',(-0.,0.));
#10645 = VECTOR('',#10646,1.);
#10646 = DIRECTION('',(-1.,0.));
#10647 = ( GEOMETRIC_REPRESENTATION_CONTEXT(2) 
PARAMETRIC_REPRESENTATION_CONTEXT() REPRESENTATION_CONTEXT('2D SPACE',''
  ) );
#10648 = ORIENTED_EDGE('',*,*,#10547,.T.);
#10649 = ORIENTED_EDGE('',*,*,#10650,.F.);
#10650 = EDGE_CURVE('',#8740,#10466,#10651,.T.);
#10651 = SURFACE_CURVE('',#10652,(#10657,#10664),.PCURVE_S1.);
#10652 = CIRCLE('',#10653,75.);
#10653 = AXIS2_PLACEMENT_3D('',#10654,#10655,#10656);
#10654 = CARTESIAN_POINT('',(2.875E+03,-950.,910.));
#10655 = DIRECTION('',(0.,0.,-1.));
#10656 = DIRECTION('',(1.,0.,0.));
#10657 = PCURVE('',#10563,#10658);
#10658 = DEFINITIONAL_REPRESENTATION('',(#10659),#10663);
#10659 = LINE('',#10660,#10661);
#10660 = CARTESIAN_POINT('',(-0.,95.));
#10661 = VECTOR('',#10662,1.);
#10662 = DIRECTION('',(-1.,0.));
#10663 = ( GEOMETRIC_REPRESENTATION_CONTEXT(2) 
PARAMETRIC_REPRESENTATION_CONTEXT() REPRESENTATION_CONTEXT('2D SPACE',''
  ) );
#10664 = PCURVE('',#8756,#10665);
#10665 = DEFINITIONAL_REPRESENTATION('',(#10666),#10670);
#10666 = LINE('',#10667,#10668);
#10667 = CARTESIAN_POINT('',(0.,0.));
#10668 = VECTOR('',#10669,1.);
#10669 = DIRECTION('',(1.,0.));
#10670 = ( GEOMETRIC_REPRESENTATION_CONTEXT(2) 
PARAMETRIC_REPRESENTATION_CONTEXT() REPRESENTATION_CONTEXT('2D SPACE',''
  ) );
#10671 = ADVANCED_FACE('',(#10672),#10637,.T.);
#10672 = FACE_BOUND('',#10673,.F.);
#10673 = EDGE_LOOP('',(#10674,#10698,#10720));
#10674 = ORIENTED_EDGE('',*,*,#10675,.F.);
#10675 = EDGE_CURVE('',#10676,#10600,#10678,.T.);
#10676 = VERTEX_POINT('',#10677);
#10677 = CARTESIAN_POINT('',(2.875E+03,-950.,815.));
#10678 = SURFACE_CURVE('',#10679,(#10684,#10691),.PCURVE_S1.);
#10679 = CIRCLE('',#10680,75.);
#10680 = AXIS2_PLACEMENT_3D('',#10681,#10682,#10683);
#10681 = CARTESIAN_POINT('',(2.875E+03,-950.,890.));
#10682 = DIRECTION('',(0.,-1.,0.));
#10683 = DIRECTION('',(1.,0.,0.));
#10684 = PCURVE('',#10637,#10685);
#10685 = DEFINITIONAL_REPRESENTATION('',(#10686),#10690);
#10686 = LINE('',#10687,#10688);
#10687 = CARTESIAN_POINT('',(-0.,-6.28318530718));
#10688 = VECTOR('',#10689,1.);
#10689 = DIRECTION('',(-0.,1.));
#10690 = ( GEOMETRIC_REPRESENTATION_CONTEXT(2) 
PARAMETRIC_REPRESENTATION_CONTEXT() REPRESENTATION_CONTEXT('2D SPACE',''
  ) );
#10691 = PCURVE('',#439,#10692);
#10692 = DEFINITIONAL_REPRESENTATION('',(#10693),#10697);
#10693 = LINE('',#10694,#10695);
#10694 = CARTESIAN_POINT('',(6.28318530718,75.));
#10695 = VECTOR('',#10696,1.);
#10696 = DIRECTION('',(-1.,-0.));
#10697 = ( GEOMETRIC_REPRESENTATION_CONTEXT(2) 
PARAMETRIC_REPRESENTATION_CONTEXT() REPRESENTATION_CONTEXT('2D SPACE',''
  ) );
#10698 = ORIENTED_EDGE('',*,*,#10699,.T.);
#10699 = EDGE_CURVE('',#10676,#10548,#10700,.T.);
#10700 = SURFACE_CURVE('',#10701,(#10706,#10713),.PCURVE_S1.);
#10701 = CIRCLE('',#10702,75.);
#10702 = AXIS2_PLACEMENT_3D('',#10703,#10704,#10705);
#10703 = CARTESIAN_POINT('',(2.875E+03,-950.,890.));
#10704 = DIRECTION('',(-1.,-6.123233995737E-17,0.));
#10705 = DIRECTION('',(6.123233995737E-17,-1.,-0.));
#10706 = PCURVE('',#10637,#10707);
#10707 = DEFINITIONAL_REPRESENTATION('',(#10708),#10712);
#10708 = LINE('',#10709,#10710);
#10709 = CARTESIAN_POINT('',(-1.570796326795,-6.28318530718));
#10710 = VECTOR('',#10711,1.);
#10711 = DIRECTION('',(-0.,1.));
#10712 = ( GEOMETRIC_REPRESENTATION_CONTEXT(2) 
PARAMETRIC_REPRESENTATION_CONTEXT() REPRESENTATION_CONTEXT('2D SPACE',''
  ) );
#10713 = PCURVE('',#748,#10714);
#10714 = DEFINITIONAL_REPRESENTATION('',(#10715),#10719);
#10715 = LINE('',#10716,#10717);
#10716 = CARTESIAN_POINT('',(6.28318530718,5.525E+03));
#10717 = VECTOR('',#10718,1.);
#10718 = DIRECTION('',(-1.,-0.));
#10719 = ( GEOMETRIC_REPRESENTATION_CONTEXT(2) 
PARAMETRIC_REPRESENTATION_CONTEXT() REPRESENTATION_CONTEXT('2D SPACE',''
  ) );
#10720 = ORIENTED_EDGE('',*,*,#10622,.F.);
#10721 = ADVANCED_FACE('',(#10722),#10534,.T.);
#10722 = FACE_BOUND('',#10723,.T.);
#10723 = EDGE_LOOP('',(#10724,#10754,#10781,#10782));
#10724 = ORIENTED_EDGE('',*,*,#10725,.F.);
#10725 = EDGE_CURVE('',#10726,#10728,#10730,.T.);
#10726 = VERTEX_POINT('',#10727);
#10727 = CARTESIAN_POINT('',(-2.65E+03,-950.,890.));
#10728 = VERTEX_POINT('',#10729);
#10729 = CARTESIAN_POINT('',(-2.65E+03,-950.,910.));
#10730 = SURFACE_CURVE('',#10731,(#10735,#10742),.PCURVE_S1.);
#10731 = LINE('',#10732,#10733);
#10732 = CARTESIAN_POINT('',(-2.65E+03,-950.,815.));
#10733 = VECTOR('',#10734,1.);
#10734 = DIRECTION('',(0.,0.,1.));
#10735 = PCURVE('',#10534,#10736);
#10736 = DEFINITIONAL_REPRESENTATION('',(#10737),#10741);
#10737 = LINE('',#10738,#10739);
#10738 = CARTESIAN_POINT('',(0.,0.));
#10739 = VECTOR('',#10740,1.);
#10740 = DIRECTION('',(0.,1.));
#10741 = ( GEOMETRIC_REPRESENTATION_CONTEXT(2) 
PARAMETRIC_REPRESENTATION_CONTEXT() REPRESENTATION_CONTEXT('2D SPACE',''
  ) );
#10742 = PCURVE('',#10743,#10748);
#10743 = PLANE('',#10744);
#10744 = AXIS2_PLACEMENT_3D('',#10745,#10746,#10747);
#10745 = CARTESIAN_POINT('',(-2.65E+03,-1.025E+03,815.));
#10746 = DIRECTION('',(1.,0.,0.));
#10747 = DIRECTION('',(0.,0.,1.));
#10748 = DEFINITIONAL_REPRESENTATION('',(#10749),#10753);
#10749 = LINE('',#10750,#10751);
#10750 = CARTESIAN_POINT('',(0.,-75.));
#10751 = VECTOR('',#10752,1.);
#10752 = DIRECTION('',(1.,0.));
#10753 = ( GEOMETRIC_REPRESENTATION_CONTEXT(2) 
PARAMETRIC_REPRESENTATION_CONTEXT() REPRESENTATION_CONTEXT('2D SPACE',''
  ) );
#10754 = ORIENTED_EDGE('',*,*,#10755,.T.);
#10755 = EDGE_CURVE('',#10726,#10519,#10756,.T.);
#10756 = SURFACE_CURVE('',#10757,(#10762,#10769),.PCURVE_S1.);
#10757 = CIRCLE('',#10758,75.);
#10758 = AXIS2_PLACEMENT_3D('',#10759,#10760,#10761);
#10759 = CARTESIAN_POINT('',(-2.575E+03,-950.,890.));
#10760 = DIRECTION('',(0.,0.,1.));
#10761 = DIRECTION('',(-1.,0.,0.));
#10762 = PCURVE('',#10534,#10763);
#10763 = DEFINITIONAL_REPRESENTATION('',(#10764),#10768);
#10764 = LINE('',#10765,#10766);
#10765 = CARTESIAN_POINT('',(0.,75.));
#10766 = VECTOR('',#10767,1.);
#10767 = DIRECTION('',(1.,0.));
#10768 = ( GEOMETRIC_REPRESENTATION_CONTEXT(2) 
PARAMETRIC_REPRESENTATION_CONTEXT() REPRESENTATION_CONTEXT('2D SPACE',''
  ) );
#10769 = PCURVE('',#10770,#10775);
#10770 = SPHERICAL_SURFACE('',#10771,75.);
#10771 = AXIS2_PLACEMENT_3D('',#10772,#10773,#10774);
#10772 = CARTESIAN_POINT('',(-2.575E+03,-950.,890.));
#10773 = DIRECTION('',(0.,0.,1.));
#10774 = DIRECTION('',(-1.,0.,0.));
#10775 = DEFINITIONAL_REPRESENTATION('',(#10776),#10780);
#10776 = LINE('',#10777,#10778);
#10777 = CARTESIAN_POINT('',(0.,0.));
#10778 = VECTOR('',#10779,1.);
#10779 = DIRECTION('',(1.,0.));
#10780 = ( GEOMETRIC_REPRESENTATION_CONTEXT(2) 
PARAMETRIC_REPRESENTATION_CONTEXT() REPRESENTATION_CONTEXT('2D SPACE',''
  ) );
#10781 = ORIENTED_EDGE('',*,*,#10518,.T.);
#10782 = ORIENTED_EDGE('',*,*,#10783,.F.);
#10783 = EDGE_CURVE('',#10728,#10436,#10784,.T.);
#10784 = SURFACE_CURVE('',#10785,(#10790,#10797),.PCURVE_S1.);
#10785 = CIRCLE('',#10786,75.);
#10786 = AXIS2_PLACEMENT_3D('',#10787,#10788,#10789);
#10787 = CARTESIAN_POINT('',(-2.575E+03,-950.,910.));
#10788 = DIRECTION('',(0.,0.,1.));
#10789 = DIRECTION('',(-1.,0.,0.));
#10790 = PCURVE('',#10534,#10791);
#10791 = DEFINITIONAL_REPRESENTATION('',(#10792),#10796);
#10792 = LINE('',#10793,#10794);
#10793 = CARTESIAN_POINT('',(0.,95.));
#10794 = VECTOR('',#10795,1.);
#10795 = DIRECTION('',(1.,0.));
#10796 = ( GEOMETRIC_REPRESENTATION_CONTEXT(2) 
PARAMETRIC_REPRESENTATION_CONTEXT() REPRESENTATION_CONTEXT('2D SPACE',''
  ) );
#10797 = PCURVE('',#10452,#10798);
#10798 = DEFINITIONAL_REPRESENTATION('',(#10799),#10803);
#10799 = LINE('',#10800,#10801);
#10800 = CARTESIAN_POINT('',(-0.,0.));
#10801 = VECTOR('',#10802,1.);
#10802 = DIRECTION('',(-1.,0.));
#10803 = ( GEOMETRIC_REPRESENTATION_CONTEXT(2) 
PARAMETRIC_REPRESENTATION_CONTEXT() REPRESENTATION_CONTEXT('2D SPACE',''
  ) );
#10804 = ADVANCED_FACE('',(#10805),#10770,.T.);
#10805 = FACE_BOUND('',#10806,.T.);
#10806 = EDGE_LOOP('',(#10807,#10831,#10853));
#10807 = ORIENTED_EDGE('',*,*,#10808,.F.);
#10808 = EDGE_CURVE('',#10809,#10726,#10811,.T.);
#10809 = VERTEX_POINT('',#10810);
#10810 = CARTESIAN_POINT('',(-2.575E+03,-950.,815.));
#10811 = SURFACE_CURVE('',#10812,(#10817,#10824),.PCURVE_S1.);
#10812 = CIRCLE('',#10813,75.);
#10813 = AXIS2_PLACEMENT_3D('',#10814,#10815,#10816);
#10814 = CARTESIAN_POINT('',(-2.575E+03,-950.,890.));
#10815 = DIRECTION('',(0.,1.,-0.));
#10816 = DIRECTION('',(-1.,0.,0.));
#10817 = PCURVE('',#10770,#10818);
#10818 = DEFINITIONAL_REPRESENTATION('',(#10819),#10823);
#10819 = LINE('',#10820,#10821);
#10820 = CARTESIAN_POINT('',(0.,-6.28318530718));
#10821 = VECTOR('',#10822,1.);
#10822 = DIRECTION('',(0.,1.));
#10823 = ( GEOMETRIC_REPRESENTATION_CONTEXT(2) 
PARAMETRIC_REPRESENTATION_CONTEXT() REPRESENTATION_CONTEXT('2D SPACE',''
  ) );
#10824 = PCURVE('',#1375,#10825);
#10825 = DEFINITIONAL_REPRESENTATION('',(#10826),#10830);
#10826 = LINE('',#10827,#10828);
#10827 = CARTESIAN_POINT('',(-6.28318530718,75.));
#10828 = VECTOR('',#10829,1.);
#10829 = DIRECTION('',(1.,-0.));
#10830 = ( GEOMETRIC_REPRESENTATION_CONTEXT(2) 
PARAMETRIC_REPRESENTATION_CONTEXT() REPRESENTATION_CONTEXT('2D SPACE',''
  ) );
#10831 = ORIENTED_EDGE('',*,*,#10832,.T.);
#10832 = EDGE_CURVE('',#10809,#10519,#10833,.T.);
#10833 = SURFACE_CURVE('',#10834,(#10839,#10846),.PCURVE_S1.);
#10834 = CIRCLE('',#10835,75.);
#10835 = AXIS2_PLACEMENT_3D('',#10836,#10837,#10838);
#10836 = CARTESIAN_POINT('',(-2.575E+03,-950.,890.));
#10837 = DIRECTION('',(-1.,6.123233995737E-17,0.));
#10838 = DIRECTION('',(-6.123233995737E-17,-1.,0.));
#10839 = PCURVE('',#10770,#10840);
#10840 = DEFINITIONAL_REPRESENTATION('',(#10841),#10845);
#10841 = LINE('',#10842,#10843);
#10842 = CARTESIAN_POINT('',(1.570796326795,-6.28318530718));
#10843 = VECTOR('',#10844,1.);
#10844 = DIRECTION('',(0.,1.));
#10845 = ( GEOMETRIC_REPRESENTATION_CONTEXT(2) 
PARAMETRIC_REPRESENTATION_CONTEXT() REPRESENTATION_CONTEXT('2D SPACE',''
  ) );
#10846 = PCURVE('',#748,#10847);
#10847 = DEFINITIONAL_REPRESENTATION('',(#10848),#10852);
#10848 = LINE('',#10849,#10850);
#10849 = CARTESIAN_POINT('',(6.28318530718,75.));
#10850 = VECTOR('',#10851,1.);
#10851 = DIRECTION('',(-1.,-0.));
#10852 = ( GEOMETRIC_REPRESENTATION_CONTEXT(2) 
PARAMETRIC_REPRESENTATION_CONTEXT() REPRESENTATION_CONTEXT('2D SPACE',''
  ) );
#10853 = ORIENTED_EDGE('',*,*,#10755,.F.);
#10854 = ADVANCED_FACE('',(#10855),#10743,.F.);
#10855 = FACE_BOUND('',#10856,.F.);
#10856 = EDGE_LOOP('',(#10857,#10858,#10881,#10909));
#10857 = ORIENTED_EDGE('',*,*,#10725,.F.);
#10858 = ORIENTED_EDGE('',*,*,#10859,.T.);
#10859 = EDGE_CURVE('',#10726,#10860,#10862,.T.);
#10860 = VERTEX_POINT('',#10861);
#10861 = CARTESIAN_POINT('',(-2.65E+03,950.,890.));
#10862 = SURFACE_CURVE('',#10863,(#10867,#10874),.PCURVE_S1.);
#10863 = LINE('',#10864,#10865);
#10864 = CARTESIAN_POINT('',(-2.65E+03,-1.025E+03,890.));
#10865 = VECTOR('',#10866,1.);
#10866 = DIRECTION('',(0.,1.,0.));
#10867 = PCURVE('',#10743,#10868);
#10868 = DEFINITIONAL_REPRESENTATION('',(#10869),#10873);
#10869 = LINE('',#10870,#10871);
#10870 = CARTESIAN_POINT('',(75.,0.));
#10871 = VECTOR('',#10872,1.);
#10872 = DIRECTION('',(0.,-1.));
#10873 = ( GEOMETRIC_REPRESENTATION_CONTEXT(2) 
PARAMETRIC_REPRESENTATION_CONTEXT() REPRESENTATION_CONTEXT('2D SPACE',''
  ) );
#10874 = PCURVE('',#1375,#10875);
#10875 = DEFINITIONAL_REPRESENTATION('',(#10876),#10880);
#10876 = LINE('',#10877,#10878);
#10877 = CARTESIAN_POINT('',(-0.,0.));
#10878 = VECTOR('',#10879,1.);
#10879 = DIRECTION('',(-0.,1.));
#10880 = ( GEOMETRIC_REPRESENTATION_CONTEXT(2) 
PARAMETRIC_REPRESENTATION_CONTEXT() REPRESENTATION_CONTEXT('2D SPACE',''
  ) );
#10881 = ORIENTED_EDGE('',*,*,#10882,.T.);
#10882 = EDGE_CURVE('',#10860,#10883,#10885,.T.);
#10883 = VERTEX_POINT('',#10884);
#10884 = CARTESIAN_POINT('',(-2.65E+03,950.,910.));
#10885 = SURFACE_CURVE('',#10886,(#10890,#10897),.PCURVE_S1.);
#10886 = LINE('',#10887,#10888);
#10887 = CARTESIAN_POINT('',(-2.65E+03,950.,815.));
#10888 = VECTOR('',#10889,1.);
#10889 = DIRECTION('',(0.,0.,1.));
#10890 = PCURVE('',#10743,#10891);
#10891 = DEFINITIONAL_REPRESENTATION('',(#10892),#10896);
#10892 = LINE('',#10893,#10894);
#10893 = CARTESIAN_POINT('',(0.,-1.975E+03));
#10894 = VECTOR('',#10895,1.);
#10895 = DIRECTION('',(1.,0.));
#10896 = ( GEOMETRIC_REPRESENTATION_CONTEXT(2) 
PARAMETRIC_REPRESENTATION_CONTEXT() REPRESENTATION_CONTEXT('2D SPACE',''
  ) );
#10897 = PCURVE('',#10898,#10903);
#10898 = CYLINDRICAL_SURFACE('',#10899,75.);
#10899 = AXIS2_PLACEMENT_3D('',#10900,#10901,#10902);
#10900 = CARTESIAN_POINT('',(-2.575E+03,950.,815.));
#10901 = DIRECTION('',(0.,0.,1.));
#10902 = DIRECTION('',(-1.,-0.,0.));
#10903 = DEFINITIONAL_REPRESENTATION('',(#10904),#10908);
#10904 = LINE('',#10905,#10906);
#10905 = CARTESIAN_POINT('',(-0.,0.));
#10906 = VECTOR('',#10907,1.);
#10907 = DIRECTION('',(-0.,1.));
#10908 = ( GEOMETRIC_REPRESENTATION_CONTEXT(2) 
PARAMETRIC_REPRESENTATION_CONTEXT() REPRESENTATION_CONTEXT('2D SPACE',''
  ) );
#10909 = ORIENTED_EDGE('',*,*,#10910,.F.);
#10910 = EDGE_CURVE('',#10728,#10883,#10911,.T.);
#10911 = SURFACE_CURVE('',#10912,(#10916,#10923),.PCURVE_S1.);
#10912 = LINE('',#10913,#10914);
#10913 = CARTESIAN_POINT('',(-2.65E+03,-1.025E+03,910.));
#10914 = VECTOR('',#10915,1.);
#10915 = DIRECTION('',(0.,1.,0.));
#10916 = PCURVE('',#10743,#10917);
#10917 = DEFINITIONAL_REPRESENTATION('',(#10918),#10922);
#10918 = LINE('',#10919,#10920);
#10919 = CARTESIAN_POINT('',(95.,0.));
#10920 = VECTOR('',#10921,1.);
#10921 = DIRECTION('',(0.,-1.));
#10922 = ( GEOMETRIC_REPRESENTATION_CONTEXT(2) 
PARAMETRIC_REPRESENTATION_CONTEXT() REPRESENTATION_CONTEXT('2D SPACE',''
  ) );
#10923 = PCURVE('',#10261,#10924);
#10924 = DEFINITIONAL_REPRESENTATION('',(#10925),#10929);
#10925 = LINE('',#10926,#10927);
#10926 = CARTESIAN_POINT('',(0.,0.));
#10927 = VECTOR('',#10928,1.);
#10928 = DIRECTION('',(0.,1.));
#10929 = ( GEOMETRIC_REPRESENTATION_CONTEXT(2) 
PARAMETRIC_REPRESENTATION_CONTEXT() REPRESENTATION_CONTEXT('2D SPACE',''
  ) );
#10930 = ADVANCED_FACE('',(#10931),#10898,.T.);
#10931 = FACE_BOUND('',#10932,.F.);
#10932 = EDGE_LOOP('',(#10933,#10934,#10956,#10979));
#10933 = ORIENTED_EDGE('',*,*,#10882,.F.);
#10934 = ORIENTED_EDGE('',*,*,#10935,.T.);
#10935 = EDGE_CURVE('',#10860,#8429,#10936,.T.);
#10936 = SURFACE_CURVE('',#10937,(#10942,#10949),.PCURVE_S1.);
#10937 = CIRCLE('',#10938,75.);
#10938 = AXIS2_PLACEMENT_3D('',#10939,#10940,#10941);
#10939 = CARTESIAN_POINT('',(-2.575E+03,950.,890.));
#10940 = DIRECTION('',(-0.,0.,-1.));
#10941 = DIRECTION('',(-1.,0.,0.));
#10942 = PCURVE('',#10898,#10943);
#10943 = DEFINITIONAL_REPRESENTATION('',(#10944),#10948);
#10944 = LINE('',#10945,#10946);
#10945 = CARTESIAN_POINT('',(-0.,75.));
#10946 = VECTOR('',#10947,1.);
#10947 = DIRECTION('',(-1.,0.));
#10948 = ( GEOMETRIC_REPRESENTATION_CONTEXT(2) 
PARAMETRIC_REPRESENTATION_CONTEXT() REPRESENTATION_CONTEXT('2D SPACE',''
  ) );
#10949 = PCURVE('',#8445,#10950);
#10950 = DEFINITIONAL_REPRESENTATION('',(#10951),#10955);
#10951 = LINE('',#10952,#10953);
#10952 = CARTESIAN_POINT('',(-0.,0.));
#10953 = VECTOR('',#10954,1.);
#10954 = DIRECTION('',(-1.,0.));
#10955 = ( GEOMETRIC_REPRESENTATION_CONTEXT(2) 
PARAMETRIC_REPRESENTATION_CONTEXT() REPRESENTATION_CONTEXT('2D SPACE',''
  ) );
#10956 = ORIENTED_EDGE('',*,*,#10957,.T.);
#10957 = EDGE_CURVE('',#8429,#10958,#10960,.T.);
#10958 = VERTEX_POINT('',#10959);
#10959 = CARTESIAN_POINT('',(-2.575E+03,1.025E+03,910.));
#10960 = SURFACE_CURVE('',#10961,(#10965,#10972),.PCURVE_S1.);
#10961 = LINE('',#10962,#10963);
#10962 = CARTESIAN_POINT('',(-2.575E+03,1.025E+03,815.));
#10963 = VECTOR('',#10964,1.);
#10964 = DIRECTION('',(0.,0.,1.));
#10965 = PCURVE('',#10898,#10966);
#10966 = DEFINITIONAL_REPRESENTATION('',(#10967),#10971);
#10967 = LINE('',#10968,#10969);
#10968 = CARTESIAN_POINT('',(-1.570796326795,0.));
#10969 = VECTOR('',#10970,1.);
#10970 = DIRECTION('',(-0.,1.));
#10971 = ( GEOMETRIC_REPRESENTATION_CONTEXT(2) 
PARAMETRIC_REPRESENTATION_CONTEXT() REPRESENTATION_CONTEXT('2D SPACE',''
  ) );
#10972 = PCURVE('',#8525,#10973);
#10973 = DEFINITIONAL_REPRESENTATION('',(#10974),#10978);
#10974 = LINE('',#10975,#10976);
#10975 = CARTESIAN_POINT('',(0.,75.));
#10976 = VECTOR('',#10977,1.);
#10977 = DIRECTION('',(1.,0.));
#10978 = ( GEOMETRIC_REPRESENTATION_CONTEXT(2) 
PARAMETRIC_REPRESENTATION_CONTEXT() REPRESENTATION_CONTEXT('2D SPACE',''
  ) );
#10979 = ORIENTED_EDGE('',*,*,#10980,.T.);
#10980 = EDGE_CURVE('',#10958,#10883,#10981,.T.);
#10981 = SURFACE_CURVE('',#10982,(#10987,#10994),.PCURVE_S1.);
#10982 = CIRCLE('',#10983,75.);
#10983 = AXIS2_PLACEMENT_3D('',#10984,#10985,#10986);
#10984 = CARTESIAN_POINT('',(-2.575E+03,950.,910.));
#10985 = DIRECTION('',(0.,0.,1.));
#10986 = DIRECTION('',(-1.,0.,0.));
#10987 = PCURVE('',#10898,#10988);
#10988 = DEFINITIONAL_REPRESENTATION('',(#10989),#10993);
#10989 = LINE('',#10990,#10991);
#10990 = CARTESIAN_POINT('',(-6.28318530718,95.));
#10991 = VECTOR('',#10992,1.);
#10992 = DIRECTION('',(1.,-0.));
#10993 = ( GEOMETRIC_REPRESENTATION_CONTEXT(2) 
PARAMETRIC_REPRESENTATION_CONTEXT() REPRESENTATION_CONTEXT('2D SPACE',''
  ) );
#10994 = PCURVE('',#10995,#11000);
#10995 = SPHERICAL_SURFACE('',#10996,75.);
#10996 = AXIS2_PLACEMENT_3D('',#10997,#10998,#10999);
#10997 = CARTESIAN_POINT('',(-2.575E+03,950.,910.));
#10998 = DIRECTION('',(-0.,-1.,-0.));
#10999 = DIRECTION('',(-1.,0.,0.));
#11000 = DEFINITIONAL_REPRESENTATION('',(#11001),#11005);
#11001 = LINE('',#11002,#11003);
#11002 = CARTESIAN_POINT('',(-0.,-6.28318530718));
#11003 = VECTOR('',#11004,1.);
#11004 = DIRECTION('',(-0.,1.));
#11005 = ( GEOMETRIC_REPRESENTATION_CONTEXT(2) 
PARAMETRIC_REPRESENTATION_CONTEXT() REPRESENTATION_CONTEXT('2D SPACE',''
  ) );
#11006 = ADVANCED_FACE('',(#11007),#10995,.T.);
#11007 = FACE_BOUND('',#11008,.F.);
#11008 = EDGE_LOOP('',(#11009,#11010,#11032));
#11009 = ORIENTED_EDGE('',*,*,#10980,.F.);
#11010 = ORIENTED_EDGE('',*,*,#11011,.T.);
#11011 = EDGE_CURVE('',#10958,#10305,#11012,.T.);
#11012 = SURFACE_CURVE('',#11013,(#11018,#11025),.PCURVE_S1.);
#11013 = CIRCLE('',#11014,75.);
#11014 = AXIS2_PLACEMENT_3D('',#11015,#11016,#11017);
#11015 = CARTESIAN_POINT('',(-2.575E+03,950.,910.));
#11016 = DIRECTION('',(1.,0.,6.123233995737E-17));
#11017 = DIRECTION('',(-6.123233995737E-17,0.,1.));
#11018 = PCURVE('',#10995,#11019);
#11019 = DEFINITIONAL_REPRESENTATION('',(#11020),#11024);
#11020 = LINE('',#11021,#11022);
#11021 = CARTESIAN_POINT('',(-1.570796326795,-6.28318530718));
#11022 = VECTOR('',#11023,1.);
#11023 = DIRECTION('',(-0.,1.));
#11024 = ( GEOMETRIC_REPRESENTATION_CONTEXT(2) 
PARAMETRIC_REPRESENTATION_CONTEXT() REPRESENTATION_CONTEXT('2D SPACE',''
  ) );
#11025 = PCURVE('',#8695,#11026);
#11026 = DEFINITIONAL_REPRESENTATION('',(#11027),#11031);
#11027 = LINE('',#11028,#11029);
#11028 = CARTESIAN_POINT('',(-4.712388980385,75.));
#11029 = VECTOR('',#11030,1.);
#11030 = DIRECTION('',(1.,0.));
#11031 = ( GEOMETRIC_REPRESENTATION_CONTEXT(2) 
PARAMETRIC_REPRESENTATION_CONTEXT() REPRESENTATION_CONTEXT('2D SPACE',''
  ) );
#11032 = ORIENTED_EDGE('',*,*,#11033,.F.);
#11033 = EDGE_CURVE('',#10883,#10305,#11034,.T.);
#11034 = SURFACE_CURVE('',#11035,(#11040,#11047),.PCURVE_S1.);
#11035 = CIRCLE('',#11036,75.);
#11036 = AXIS2_PLACEMENT_3D('',#11037,#11038,#11039);
#11037 = CARTESIAN_POINT('',(-2.575E+03,950.,910.));
#11038 = DIRECTION('',(0.,1.,0.));
#11039 = DIRECTION('',(-1.,0.,0.));
#11040 = PCURVE('',#10995,#11041);
#11041 = DEFINITIONAL_REPRESENTATION('',(#11042),#11046);
#11042 = LINE('',#11043,#11044);
#11043 = CARTESIAN_POINT('',(-0.,0.));
#11044 = VECTOR('',#11045,1.);
#11045 = DIRECTION('',(-1.,0.));
#11046 = ( GEOMETRIC_REPRESENTATION_CONTEXT(2) 
PARAMETRIC_REPRESENTATION_CONTEXT() REPRESENTATION_CONTEXT('2D SPACE',''
  ) );
#11047 = PCURVE('',#10261,#11048);
#11048 = DEFINITIONAL_REPRESENTATION('',(#11049),#11053);
#11049 = LINE('',#11050,#11051);
#11050 = CARTESIAN_POINT('',(0.,1.975E+03));
#11051 = VECTOR('',#11052,1.);
#11052 = DIRECTION('',(1.,0.));
#11053 = ( GEOMETRIC_REPRESENTATION_CONTEXT(2) 
PARAMETRIC_REPRESENTATION_CONTEXT() REPRESENTATION_CONTEXT('2D SPACE',''
  ) );
#11054 = ADVANCED_FACE('',(#11055),#10452,.T.);
#11055 = FACE_BOUND('',#11056,.F.);
#11056 = EDGE_LOOP('',(#11057,#11079,#11080));
#11057 = ORIENTED_EDGE('',*,*,#11058,.F.);
#11058 = EDGE_CURVE('',#10244,#10728,#11059,.T.);
#11059 = SURFACE_CURVE('',#11060,(#11065,#11072),.PCURVE_S1.);
#11060 = CIRCLE('',#11061,75.);
#11061 = AXIS2_PLACEMENT_3D('',#11062,#11063,#11064);
#11062 = CARTESIAN_POINT('',(-2.575E+03,-950.,910.));
#11063 = DIRECTION('',(0.,-1.,0.));
#11064 = DIRECTION('',(-1.,0.,0.));
#11065 = PCURVE('',#10452,#11066);
#11066 = DEFINITIONAL_REPRESENTATION('',(#11067),#11071);
#11067 = LINE('',#11068,#11069);
#11068 = CARTESIAN_POINT('',(-0.,-6.28318530718));
#11069 = VECTOR('',#11070,1.);
#11070 = DIRECTION('',(-0.,1.));
#11071 = ( GEOMETRIC_REPRESENTATION_CONTEXT(2) 
PARAMETRIC_REPRESENTATION_CONTEXT() REPRESENTATION_CONTEXT('2D SPACE',''
  ) );
#11072 = PCURVE('',#10261,#11073);
#11073 = DEFINITIONAL_REPRESENTATION('',(#11074),#11078);
#11074 = LINE('',#11075,#11076);
#11075 = CARTESIAN_POINT('',(6.28318530718,75.));
#11076 = VECTOR('',#11077,1.);
#11077 = DIRECTION('',(-1.,-0.));
#11078 = ( GEOMETRIC_REPRESENTATION_CONTEXT(2) 
PARAMETRIC_REPRESENTATION_CONTEXT() REPRESENTATION_CONTEXT('2D SPACE',''
  ) );
#11079 = ORIENTED_EDGE('',*,*,#10435,.T.);
#11080 = ORIENTED_EDGE('',*,*,#10783,.F.);
#11081 = ADVANCED_FACE('',(#11082),#10366,.T.);
#11082 = FACE_BOUND('',#11083,.F.);
#11083 = EDGE_LOOP('',(#11084,#11115,#11141,#11142,#11171));
#11084 = ORIENTED_EDGE('',*,*,#11085,.F.);
#11085 = EDGE_CURVE('',#11086,#11088,#11090,.T.);
#11086 = VERTEX_POINT('',#11087);
#11087 = CARTESIAN_POINT('',(-2.893E+03,328.,985.));
#11088 = VERTEX_POINT('',#11089);
#11089 = CARTESIAN_POINT('',(-2.893E+03,360.,1.017E+03));
#11090 = SURFACE_CURVE('',#11091,(#11096,#11103),.PCURVE_S1.);
#11091 = CIRCLE('',#11092,32.);
#11092 = AXIS2_PLACEMENT_3D('',#11093,#11094,#11095);
#11093 = CARTESIAN_POINT('',(-2.893E+03,328.,1.017E+03));
#11094 = DIRECTION('',(1.,6.123233995737E-17,-0.));
#11095 = DIRECTION('',(-6.123233995737E-17,1.,0.));
#11096 = PCURVE('',#10366,#11097);
#11097 = DEFINITIONAL_REPRESENTATION('',(#11098),#11102);
#11098 = LINE('',#11099,#11100);
#11099 = CARTESIAN_POINT('',(-6.28318530718,32.));
#11100 = VECTOR('',#11101,1.);
#11101 = DIRECTION('',(1.,-0.));
#11102 = ( GEOMETRIC_REPRESENTATION_CONTEXT(2) 
PARAMETRIC_REPRESENTATION_CONTEXT() REPRESENTATION_CONTEXT('2D SPACE',''
  ) );
#11103 = PCURVE('',#11104,#11109);
#11104 = SPHERICAL_SURFACE('',#11105,32.);
#11105 = AXIS2_PLACEMENT_3D('',#11106,#11107,#11108);
#11106 = CARTESIAN_POINT('',(-2.893E+03,328.,1.017E+03));
#11107 = DIRECTION('',(0.,0.,1.));
#11108 = DIRECTION('',(-1.,0.,0.));
#11109 = DEFINITIONAL_REPRESENTATION('',(#11110),#11114);
#11110 = LINE('',#11111,#11112);
#11111 = CARTESIAN_POINT('',(-1.570796326795,-6.28318530718));
#11112 = VECTOR('',#11113,1.);
#11113 = DIRECTION('',(-0.,1.));
#11114 = ( GEOMETRIC_REPRESENTATION_CONTEXT(2) 
PARAMETRIC_REPRESENTATION_CONTEXT() REPRESENTATION_CONTEXT('2D SPACE',''
  ) );
#11115 = ORIENTED_EDGE('',*,*,#11116,.T.);
#11116 = EDGE_CURVE('',#11086,#10328,#11117,.T.);
#11117 = SURFACE_CURVE('',#11118,(#11122,#11129),.PCURVE_S1.);
#11118 = LINE('',#11119,#11120);
#11119 = CARTESIAN_POINT('',(-2.925E+03,328.,985.));
#11120 = VECTOR('',#11121,1.);
#11121 = DIRECTION('',(1.,0.,0.));
#11122 = PCURVE('',#10366,#11123);
#11123 = DEFINITIONAL_REPRESENTATION('',(#11124),#11128);
#11124 = LINE('',#11125,#11126);
#11125 = CARTESIAN_POINT('',(-1.570796326795,0.));
#11126 = VECTOR('',#11127,1.);
#11127 = DIRECTION('',(-0.,1.));
#11128 = ( GEOMETRIC_REPRESENTATION_CONTEXT(2) 
PARAMETRIC_REPRESENTATION_CONTEXT() REPRESENTATION_CONTEXT('2D SPACE',''
  ) );
#11129 = PCURVE('',#11130,#11135);
#11130 = PLANE('',#11131);
#11131 = AXIS2_PLACEMENT_3D('',#11132,#11133,#11134);
#11132 = CARTESIAN_POINT('',(-2.925E+03,-360.,985.));
#11133 = DIRECTION('',(0.,0.,1.));
#11134 = DIRECTION('',(1.,0.,0.));
#11135 = DEFINITIONAL_REPRESENTATION('',(#11136),#11140);
#11136 = LINE('',#11137,#11138);
#11137 = CARTESIAN_POINT('',(0.,688.));
#11138 = VECTOR('',#11139,1.);
#11139 = DIRECTION('',(1.,0.));
#11140 = ( GEOMETRIC_REPRESENTATION_CONTEXT(2) 
PARAMETRIC_REPRESENTATION_CONTEXT() REPRESENTATION_CONTEXT('2D SPACE',''
  ) );
#11141 = ORIENTED_EDGE('',*,*,#10350,.T.);
#11142 = ORIENTED_EDGE('',*,*,#11143,.T.);
#11143 = EDGE_CURVE('',#10351,#11144,#11146,.T.);
#11144 = VERTEX_POINT('',#11145);
#11145 = CARTESIAN_POINT('',(-1.907E+03,360.,1.017E+03));
#11146 = SURFACE_CURVE('',#11147,(#11152,#11159),.PCURVE_S1.);
#11147 = CIRCLE('',#11148,32.);
#11148 = AXIS2_PLACEMENT_3D('',#11149,#11150,#11151);
#11149 = CARTESIAN_POINT('',(-1.907E+03,328.,1.017E+03));
#11150 = DIRECTION('',(1.,-6.123233995737E-17,0.));
#11151 = DIRECTION('',(6.123233995737E-17,1.,0.));
#11152 = PCURVE('',#10366,#11153);
#11153 = DEFINITIONAL_REPRESENTATION('',(#11154),#11158);
#11154 = LINE('',#11155,#11156);
#11155 = CARTESIAN_POINT('',(-6.28318530718,1.018E+03));
#11156 = VECTOR('',#11157,1.);
#11157 = DIRECTION('',(1.,-0.));
#11158 = ( GEOMETRIC_REPRESENTATION_CONTEXT(2) 
PARAMETRIC_REPRESENTATION_CONTEXT() REPRESENTATION_CONTEXT('2D SPACE',''
  ) );
#11159 = PCURVE('',#11160,#11165);
#11160 = SPHERICAL_SURFACE('',#11161,32.);
#11161 = AXIS2_PLACEMENT_3D('',#11162,#11163,#11164);
#11162 = CARTESIAN_POINT('',(-1.907E+03,328.,1.017E+03));
#11163 = DIRECTION('',(0.,0.,1.));
#11164 = DIRECTION('',(1.,0.,-0.));
#11165 = DEFINITIONAL_REPRESENTATION('',(#11166),#11170);
#11166 = LINE('',#11167,#11168);
#11167 = CARTESIAN_POINT('',(1.570796326795,-6.28318530718));
#11168 = VECTOR('',#11169,1.);
#11169 = DIRECTION('',(0.,1.));
#11170 = ( GEOMETRIC_REPRESENTATION_CONTEXT(2) 
PARAMETRIC_REPRESENTATION_CONTEXT() REPRESENTATION_CONTEXT('2D SPACE',''
  ) );
#11171 = ORIENTED_EDGE('',*,*,#11172,.F.);
#11172 = EDGE_CURVE('',#11088,#11144,#11173,.T.);
#11173 = SURFACE_CURVE('',#11174,(#11178,#11185),.PCURVE_S1.);
#11174 = LINE('',#11175,#11176);
#11175 = CARTESIAN_POINT('',(-2.925E+03,360.,1.017E+03));
#11176 = VECTOR('',#11177,1.);
#11177 = DIRECTION('',(1.,0.,0.));
#11178 = PCURVE('',#10366,#11179);
#11179 = DEFINITIONAL_REPRESENTATION('',(#11180),#11184);
#11180 = LINE('',#11181,#11182);
#11181 = CARTESIAN_POINT('',(-0.,0.));
#11182 = VECTOR('',#11183,1.);
#11183 = DIRECTION('',(-0.,1.));
#11184 = ( GEOMETRIC_REPRESENTATION_CONTEXT(2) 
PARAMETRIC_REPRESENTATION_CONTEXT() REPRESENTATION_CONTEXT('2D SPACE',''
  ) );
#11185 = PCURVE('',#11186,#11191);
#11186 = PLANE('',#11187);
#11187 = AXIS2_PLACEMENT_3D('',#11188,#11189,#11190);
#11188 = CARTESIAN_POINT('',(-2.925E+03,360.,985.));
#11189 = DIRECTION('',(0.,1.,0.));
#11190 = DIRECTION('',(0.,0.,1.));
#11191 = DEFINITIONAL_REPRESENTATION('',(#11192),#11196);
#11192 = LINE('',#11193,#11194);
#11193 = CARTESIAN_POINT('',(32.,0.));
#11194 = VECTOR('',#11195,1.);
#11195 = DIRECTION('',(0.,1.));
#11196 = ( GEOMETRIC_REPRESENTATION_CONTEXT(2) 
PARAMETRIC_REPRESENTATION_CONTEXT() REPRESENTATION_CONTEXT('2D SPACE',''
  ) );
#11197 = ADVANCED_FACE('',(#11198),#11160,.T.);
#11198 = FACE_BOUND('',#11199,.T.);
#11199 = EDGE_LOOP('',(#11200,#11224,#11225));
#11200 = ORIENTED_EDGE('',*,*,#11201,.F.);
#11201 = EDGE_CURVE('',#10351,#11202,#11204,.T.);
#11202 = VERTEX_POINT('',#11203);
#11203 = CARTESIAN_POINT('',(-1.875E+03,328.,1.017E+03));
#11204 = SURFACE_CURVE('',#11205,(#11210,#11217),.PCURVE_S1.);
#11205 = CIRCLE('',#11206,32.);
#11206 = AXIS2_PLACEMENT_3D('',#11207,#11208,#11209);
#11207 = CARTESIAN_POINT('',(-1.907E+03,328.,1.017E+03));
#11208 = DIRECTION('',(0.,-1.,0.));
#11209 = DIRECTION('',(1.,0.,0.));
#11210 = PCURVE('',#11160,#11211);
#11211 = DEFINITIONAL_REPRESENTATION('',(#11212),#11216);
#11212 = LINE('',#11213,#11214);
#11213 = CARTESIAN_POINT('',(0.,-6.28318530718));
#11214 = VECTOR('',#11215,1.);
#11215 = DIRECTION('',(0.,1.));
#11216 = ( GEOMETRIC_REPRESENTATION_CONTEXT(2) 
PARAMETRIC_REPRESENTATION_CONTEXT() REPRESENTATION_CONTEXT('2D SPACE',''
  ) );
#11217 = PCURVE('',#10394,#11218);
#11218 = DEFINITIONAL_REPRESENTATION('',(#11219),#11223);
#11219 = LINE('',#11220,#11221);
#11220 = CARTESIAN_POINT('',(6.28318530718,688.));
#11221 = VECTOR('',#11222,1.);
#11222 = DIRECTION('',(-1.,-0.));
#11223 = ( GEOMETRIC_REPRESENTATION_CONTEXT(2) 
PARAMETRIC_REPRESENTATION_CONTEXT() REPRESENTATION_CONTEXT('2D SPACE',''
  ) );
#11224 = ORIENTED_EDGE('',*,*,#11143,.T.);
#11225 = ORIENTED_EDGE('',*,*,#11226,.F.);
#11226 = EDGE_CURVE('',#11202,#11144,#11227,.T.);
#11227 = SURFACE_CURVE('',#11228,(#11233,#11240),.PCURVE_S1.);
#11228 = CIRCLE('',#11229,32.);
#11229 = AXIS2_PLACEMENT_3D('',#11230,#11231,#11232);
#11230 = CARTESIAN_POINT('',(-1.907E+03,328.,1.017E+03));
#11231 = DIRECTION('',(0.,0.,1.));
#11232 = DIRECTION('',(1.,0.,-0.));
#11233 = PCURVE('',#11160,#11234);
#11234 = DEFINITIONAL_REPRESENTATION('',(#11235),#11239);
#11235 = LINE('',#11236,#11237);
#11236 = CARTESIAN_POINT('',(0.,0.));
#11237 = VECTOR('',#11238,1.);
#11238 = DIRECTION('',(1.,0.));
#11239 = ( GEOMETRIC_REPRESENTATION_CONTEXT(2) 
PARAMETRIC_REPRESENTATION_CONTEXT() REPRESENTATION_CONTEXT('2D SPACE',''
  ) );
#11240 = PCURVE('',#11241,#11246);
#11241 = CYLINDRICAL_SURFACE('',#11242,32.);
#11242 = AXIS2_PLACEMENT_3D('',#11243,#11244,#11245);
#11243 = CARTESIAN_POINT('',(-1.907E+03,328.,985.));
#11244 = DIRECTION('',(0.,0.,1.));
#11245 = DIRECTION('',(1.,0.,-0.));
#11246 = DEFINITIONAL_REPRESENTATION('',(#11247),#11251);
#11247 = LINE('',#11248,#11249);
#11248 = CARTESIAN_POINT('',(0.,32.));
#11249 = VECTOR('',#11250,1.);
#11250 = DIRECTION('',(1.,0.));
#11251 = ( GEOMETRIC_REPRESENTATION_CONTEXT(2) 
PARAMETRIC_REPRESENTATION_CONTEXT() REPRESENTATION_CONTEXT('2D SPACE',''
  ) );
#11252 = ADVANCED_FACE('',(#11253),#11241,.T.);
#11253 = FACE_BOUND('',#11254,.T.);
#11254 = EDGE_LOOP('',(#11255,#11283,#11284,#11307));
#11255 = ORIENTED_EDGE('',*,*,#11256,.F.);
#11256 = EDGE_CURVE('',#11202,#11257,#11259,.T.);
#11257 = VERTEX_POINT('',#11258);
#11258 = CARTESIAN_POINT('',(-1.875E+03,328.,1.043E+03));
#11259 = SURFACE_CURVE('',#11260,(#11264,#11271),.PCURVE_S1.);
#11260 = LINE('',#11261,#11262);
#11261 = CARTESIAN_POINT('',(-1.875E+03,328.,985.));
#11262 = VECTOR('',#11263,1.);
#11263 = DIRECTION('',(0.,0.,1.));
#11264 = PCURVE('',#11241,#11265);
#11265 = DEFINITIONAL_REPRESENTATION('',(#11266),#11270);
#11266 = LINE('',#11267,#11268);
#11267 = CARTESIAN_POINT('',(0.,0.));
#11268 = VECTOR('',#11269,1.);
#11269 = DIRECTION('',(0.,1.));
#11270 = ( GEOMETRIC_REPRESENTATION_CONTEXT(2) 
PARAMETRIC_REPRESENTATION_CONTEXT() REPRESENTATION_CONTEXT('2D SPACE',''
  ) );
#11271 = PCURVE('',#11272,#11277);
#11272 = PLANE('',#11273);
#11273 = AXIS2_PLACEMENT_3D('',#11274,#11275,#11276);
#11274 = CARTESIAN_POINT('',(-1.875E+03,-360.,985.));
#11275 = DIRECTION('',(1.,0.,0.));
#11276 = DIRECTION('',(0.,0.,1.));
#11277 = DEFINITIONAL_REPRESENTATION('',(#11278),#11282);
#11278 = LINE('',#11279,#11280);
#11279 = CARTESIAN_POINT('',(0.,-688.));
#11280 = VECTOR('',#11281,1.);
#11281 = DIRECTION('',(1.,0.));
#11282 = ( GEOMETRIC_REPRESENTATION_CONTEXT(2) 
PARAMETRIC_REPRESENTATION_CONTEXT() REPRESENTATION_CONTEXT('2D SPACE',''
  ) );
#11283 = ORIENTED_EDGE('',*,*,#11226,.T.);
#11284 = ORIENTED_EDGE('',*,*,#11285,.T.);
#11285 = EDGE_CURVE('',#11144,#11286,#11288,.T.);
#11286 = VERTEX_POINT('',#11287);
#11287 = CARTESIAN_POINT('',(-1.907E+03,360.,1.043E+03));
#11288 = SURFACE_CURVE('',#11289,(#11293,#11300),.PCURVE_S1.);
#11289 = LINE('',#11290,#11291);
#11290 = CARTESIAN_POINT('',(-1.907E+03,360.,985.));
#11291 = VECTOR('',#11292,1.);
#11292 = DIRECTION('',(0.,0.,1.));
#11293 = PCURVE('',#11241,#11294);
#11294 = DEFINITIONAL_REPRESENTATION('',(#11295),#11299);
#11295 = LINE('',#11296,#11297);
#11296 = CARTESIAN_POINT('',(1.570796326795,0.));
#11297 = VECTOR('',#11298,1.);
#11298 = DIRECTION('',(0.,1.));
#11299 = ( GEOMETRIC_REPRESENTATION_CONTEXT(2) 
PARAMETRIC_REPRESENTATION_CONTEXT() REPRESENTATION_CONTEXT('2D SPACE',''
  ) );
#11300 = PCURVE('',#11186,#11301);
#11301 = DEFINITIONAL_REPRESENTATION('',(#11302),#11306);
#11302 = LINE('',#11303,#11304);
#11303 = CARTESIAN_POINT('',(0.,1.018E+03));
#11304 = VECTOR('',#11305,1.);
#11305 = DIRECTION('',(1.,0.));
#11306 = ( GEOMETRIC_REPRESENTATION_CONTEXT(2) 
PARAMETRIC_REPRESENTATION_CONTEXT() REPRESENTATION_CONTEXT('2D SPACE',''
  ) );
#11307 = ORIENTED_EDGE('',*,*,#11308,.T.);
#11308 = EDGE_CURVE('',#11286,#11257,#11309,.T.);
#11309 = SURFACE_CURVE('',#11310,(#11315,#11322),.PCURVE_S1.);
#11310 = CIRCLE('',#11311,32.);
#11311 = AXIS2_PLACEMENT_3D('',#11312,#11313,#11314);
#11312 = CARTESIAN_POINT('',(-1.907E+03,328.,1.043E+03));
#11313 = DIRECTION('',(-5.551115123126E-17,0.,-1.));
#11314 = DIRECTION('',(1.,0.,-5.551115123126E-17));
#11315 = PCURVE('',#11241,#11316);
#11316 = DEFINITIONAL_REPRESENTATION('',(#11317),#11321);
#11317 = LINE('',#11318,#11319);
#11318 = CARTESIAN_POINT('',(6.28318530718,58.));
#11319 = VECTOR('',#11320,1.);
#11320 = DIRECTION('',(-1.,-0.));
#11321 = ( GEOMETRIC_REPRESENTATION_CONTEXT(2) 
PARAMETRIC_REPRESENTATION_CONTEXT() REPRESENTATION_CONTEXT('2D SPACE',''
  ) );
#11322 = PCURVE('',#11323,#11328);
#11323 = SPHERICAL_SURFACE('',#11324,32.);
#11324 = AXIS2_PLACEMENT_3D('',#11325,#11326,#11327);
#11325 = CARTESIAN_POINT('',(-1.907E+03,328.,1.043E+03));
#11326 = DIRECTION('',(-0.,-1.,-0.));
#11327 = DIRECTION('',(1.,0.,-5.551115123126E-17));
#11328 = DEFINITIONAL_REPRESENTATION('',(#11329),#11333);
#11329 = LINE('',#11330,#11331);
#11330 = CARTESIAN_POINT('',(0.,-6.28318530718));
#11331 = VECTOR('',#11332,1.);
#11332 = DIRECTION('',(0.,1.));
#11333 = ( GEOMETRIC_REPRESENTATION_CONTEXT(2) 
PARAMETRIC_REPRESENTATION_CONTEXT() REPRESENTATION_CONTEXT('2D SPACE',''
  ) );
#11334 = ADVANCED_FACE('',(#11335),#11323,.T.);
#11335 = FACE_BOUND('',#11336,.T.);
#11336 = EDGE_LOOP('',(#11337,#11338,#11367));
#11337 = ORIENTED_EDGE('',*,*,#11308,.F.);
#11338 = ORIENTED_EDGE('',*,*,#11339,.T.);
#11339 = EDGE_CURVE('',#11286,#11340,#11342,.T.);
#11340 = VERTEX_POINT('',#11341);
#11341 = CARTESIAN_POINT('',(-1.907E+03,328.,1.075E+03));
#11342 = SURFACE_CURVE('',#11343,(#11348,#11355),.PCURVE_S1.);
#11343 = CIRCLE('',#11344,32.);
#11344 = AXIS2_PLACEMENT_3D('',#11345,#11346,#11347);
#11345 = CARTESIAN_POINT('',(-1.907E+03,328.,1.043E+03));
#11346 = DIRECTION('',(1.,0.,-1.167434911886E-16));
#11347 = DIRECTION('',(1.167434911886E-16,0.,1.));
#11348 = PCURVE('',#11323,#11349);
#11349 = DEFINITIONAL_REPRESENTATION('',(#11350),#11354);
#11350 = LINE('',#11351,#11352);
#11351 = CARTESIAN_POINT('',(1.570796326795,-6.28318530718));
#11352 = VECTOR('',#11353,1.);
#11353 = DIRECTION('',(0.,1.));
#11354 = ( GEOMETRIC_REPRESENTATION_CONTEXT(2) 
PARAMETRIC_REPRESENTATION_CONTEXT() REPRESENTATION_CONTEXT('2D SPACE',''
  ) );
#11355 = PCURVE('',#11356,#11361);
#11356 = CYLINDRICAL_SURFACE('',#11357,32.);
#11357 = AXIS2_PLACEMENT_3D('',#11358,#11359,#11360);
#11358 = CARTESIAN_POINT('',(-2.925E+03,328.,1.043E+03));
#11359 = DIRECTION('',(1.,0.,0.));
#11360 = DIRECTION('',(-0.,1.,0.));
#11361 = DEFINITIONAL_REPRESENTATION('',(#11362),#11366);
#11362 = LINE('',#11363,#11364);
#11363 = CARTESIAN_POINT('',(-4.712388980385,1.018E+03));
#11364 = VECTOR('',#11365,1.);
#11365 = DIRECTION('',(1.,0.));
#11366 = ( GEOMETRIC_REPRESENTATION_CONTEXT(2) 
PARAMETRIC_REPRESENTATION_CONTEXT() REPRESENTATION_CONTEXT('2D SPACE',''
  ) );
#11367 = ORIENTED_EDGE('',*,*,#11368,.F.);
#11368 = EDGE_CURVE('',#11257,#11340,#11369,.T.);
#11369 = SURFACE_CURVE('',#11370,(#11375,#11382),.PCURVE_S1.);
#11370 = CIRCLE('',#11371,32.);
#11371 = AXIS2_PLACEMENT_3D('',#11372,#11373,#11374);
#11372 = CARTESIAN_POINT('',(-1.907E+03,328.,1.043E+03));
#11373 = DIRECTION('',(0.,-1.,-0.));
#11374 = DIRECTION('',(1.,0.,-5.551115123126E-17));
#11375 = PCURVE('',#11323,#11376);
#11376 = DEFINITIONAL_REPRESENTATION('',(#11377),#11381);
#11377 = LINE('',#11378,#11379);
#11378 = CARTESIAN_POINT('',(0.,0.));
#11379 = VECTOR('',#11380,1.);
#11380 = DIRECTION('',(1.,0.));
#11381 = ( GEOMETRIC_REPRESENTATION_CONTEXT(2) 
PARAMETRIC_REPRESENTATION_CONTEXT() REPRESENTATION_CONTEXT('2D SPACE',''
  ) );
#11382 = PCURVE('',#11383,#11388);
#11383 = CYLINDRICAL_SURFACE('',#11384,32.);
#11384 = AXIS2_PLACEMENT_3D('',#11385,#11386,#11387);
#11385 = CARTESIAN_POINT('',(-1.907E+03,-360.,1.043E+03));
#11386 = DIRECTION('',(0.,1.,0.));
#11387 = DIRECTION('',(1.,0.,-0.));
#11388 = DEFINITIONAL_REPRESENTATION('',(#11389),#11393);
#11389 = LINE('',#11390,#11391);
#11390 = CARTESIAN_POINT('',(-0.,688.));
#11391 = VECTOR('',#11392,1.);
#11392 = DIRECTION('',(-1.,0.));
#11393 = ( GEOMETRIC_REPRESENTATION_CONTEXT(2) 
PARAMETRIC_REPRESENTATION_CONTEXT() REPRESENTATION_CONTEXT('2D SPACE',''
  ) );
#11394 = ADVANCED_FACE('',(#11395),#11383,.T.);
#11395 = FACE_BOUND('',#11396,.F.);
#11396 = EDGE_LOOP('',(#11397,#11428,#11454,#11455));
#11397 = ORIENTED_EDGE('',*,*,#11398,.F.);
#11398 = EDGE_CURVE('',#11399,#11401,#11403,.T.);
#11399 = VERTEX_POINT('',#11400);
#11400 = CARTESIAN_POINT('',(-1.907E+03,-328.,1.075E+03));
#11401 = VERTEX_POINT('',#11402);
#11402 = CARTESIAN_POINT('',(-1.875E+03,-328.,1.043E+03));
#11403 = SURFACE_CURVE('',#11404,(#11409,#11416),.PCURVE_S1.);
#11404 = CIRCLE('',#11405,32.);
#11405 = AXIS2_PLACEMENT_3D('',#11406,#11407,#11408);
#11406 = CARTESIAN_POINT('',(-1.907E+03,-328.,1.043E+03));
#11407 = DIRECTION('',(-0.,1.,0.));
#11408 = DIRECTION('',(1.,0.,0.));
#11409 = PCURVE('',#11383,#11410);
#11410 = DEFINITIONAL_REPRESENTATION('',(#11411),#11415);
#11411 = LINE('',#11412,#11413);
#11412 = CARTESIAN_POINT('',(-6.28318530718,32.));
#11413 = VECTOR('',#11414,1.);
#11414 = DIRECTION('',(1.,-0.));
#11415 = ( GEOMETRIC_REPRESENTATION_CONTEXT(2) 
PARAMETRIC_REPRESENTATION_CONTEXT() REPRESENTATION_CONTEXT('2D SPACE',''
  ) );
#11416 = PCURVE('',#11417,#11422);
#11417 = SPHERICAL_SURFACE('',#11418,32.);
#11418 = AXIS2_PLACEMENT_3D('',#11419,#11420,#11421);
#11419 = CARTESIAN_POINT('',(-1.907E+03,-328.,1.043E+03));
#11420 = DIRECTION('',(-0.,-0.,-1.));
#11421 = DIRECTION('',(1.,0.,0.));
#11422 = DEFINITIONAL_REPRESENTATION('',(#11423),#11427);
#11423 = LINE('',#11424,#11425);
#11424 = CARTESIAN_POINT('',(0.,-6.28318530718));
#11425 = VECTOR('',#11426,1.);
#11426 = DIRECTION('',(0.,1.));
#11427 = ( GEOMETRIC_REPRESENTATION_CONTEXT(2) 
PARAMETRIC_REPRESENTATION_CONTEXT() REPRESENTATION_CONTEXT('2D SPACE',''
  ) );
#11428 = ORIENTED_EDGE('',*,*,#11429,.T.);
#11429 = EDGE_CURVE('',#11399,#11340,#11430,.T.);
#11430 = SURFACE_CURVE('',#11431,(#11435,#11442),.PCURVE_S1.);
#11431 = LINE('',#11432,#11433);
#11432 = CARTESIAN_POINT('',(-1.907E+03,-360.,1.075E+03));
#11433 = VECTOR('',#11434,1.);
#11434 = DIRECTION('',(0.,1.,0.));
#11435 = PCURVE('',#11383,#11436);
#11436 = DEFINITIONAL_REPRESENTATION('',(#11437),#11441);
#11437 = LINE('',#11438,#11439);
#11438 = CARTESIAN_POINT('',(-1.570796326795,0.));
#11439 = VECTOR('',#11440,1.);
#11440 = DIRECTION('',(-0.,1.));
#11441 = ( GEOMETRIC_REPRESENTATION_CONTEXT(2) 
PARAMETRIC_REPRESENTATION_CONTEXT() REPRESENTATION_CONTEXT('2D SPACE',''
  ) );
#11442 = PCURVE('',#11443,#11448);
#11443 = PLANE('',#11444);
#11444 = AXIS2_PLACEMENT_3D('',#11445,#11446,#11447);
#11445 = CARTESIAN_POINT('',(-2.925E+03,-360.,1.075E+03));
#11446 = DIRECTION('',(0.,0.,1.));
#11447 = DIRECTION('',(1.,0.,0.));
#11448 = DEFINITIONAL_REPRESENTATION('',(#11449),#11453);
#11449 = LINE('',#11450,#11451);
#11450 = CARTESIAN_POINT('',(1.018E+03,0.));
#11451 = VECTOR('',#11452,1.);
#11452 = DIRECTION('',(0.,1.));
#11453 = ( GEOMETRIC_REPRESENTATION_CONTEXT(2) 
PARAMETRIC_REPRESENTATION_CONTEXT() REPRESENTATION_CONTEXT('2D SPACE',''
  ) );
#11454 = ORIENTED_EDGE('',*,*,#11368,.F.);
#11455 = ORIENTED_EDGE('',*,*,#11456,.F.);
#11456 = EDGE_CURVE('',#11401,#11257,#11457,.T.);
#11457 = SURFACE_CURVE('',#11458,(#11462,#11469),.PCURVE_S1.);
#11458 = LINE('',#11459,#11460);
#11459 = CARTESIAN_POINT('',(-1.875E+03,-360.,1.043E+03));
#11460 = VECTOR('',#11461,1.);
#11461 = DIRECTION('',(0.,1.,0.));
#11462 = PCURVE('',#11383,#11463);
#11463 = DEFINITIONAL_REPRESENTATION('',(#11464),#11468);
#11464 = LINE('',#11465,#11466);
#11465 = CARTESIAN_POINT('',(-0.,0.));
#11466 = VECTOR('',#11467,1.);
#11467 = DIRECTION('',(-0.,1.));
#11468 = ( GEOMETRIC_REPRESENTATION_CONTEXT(2) 
PARAMETRIC_REPRESENTATION_CONTEXT() REPRESENTATION_CONTEXT('2D SPACE',''
  ) );
#11469 = PCURVE('',#11272,#11470);
#11470 = DEFINITIONAL_REPRESENTATION('',(#11471),#11475);
#11471 = LINE('',#11472,#11473);
#11472 = CARTESIAN_POINT('',(58.,0.));
#11473 = VECTOR('',#11474,1.);
#11474 = DIRECTION('',(0.,-1.));
#11475 = ( GEOMETRIC_REPRESENTATION_CONTEXT(2) 
PARAMETRIC_REPRESENTATION_CONTEXT() REPRESENTATION_CONTEXT('2D SPACE',''
  ) );
#11476 = ADVANCED_FACE('',(#11477),#11443,.T.);
#11477 = FACE_BOUND('',#11478,.T.);
#11478 = EDGE_LOOP('',(#11479,#11509,#11535,#11536));
#11479 = ORIENTED_EDGE('',*,*,#11480,.F.);
#11480 = EDGE_CURVE('',#11481,#11483,#11485,.T.);
#11481 = VERTEX_POINT('',#11482);
#11482 = CARTESIAN_POINT('',(-2.893E+03,-328.,1.075E+03));
#11483 = VERTEX_POINT('',#11484);
#11484 = CARTESIAN_POINT('',(-2.893E+03,328.,1.075E+03));
#11485 = SURFACE_CURVE('',#11486,(#11490,#11497),.PCURVE_S1.);
#11486 = LINE('',#11487,#11488);
#11487 = CARTESIAN_POINT('',(-2.893E+03,-360.,1.075E+03));
#11488 = VECTOR('',#11489,1.);
#11489 = DIRECTION('',(0.,1.,0.));
#11490 = PCURVE('',#11443,#11491);
#11491 = DEFINITIONAL_REPRESENTATION('',(#11492),#11496);
#11492 = LINE('',#11493,#11494);
#11493 = CARTESIAN_POINT('',(32.,0.));
#11494 = VECTOR('',#11495,1.);
#11495 = DIRECTION('',(0.,1.));
#11496 = ( GEOMETRIC_REPRESENTATION_CONTEXT(2) 
PARAMETRIC_REPRESENTATION_CONTEXT() REPRESENTATION_CONTEXT('2D SPACE',''
  ) );
#11497 = PCURVE('',#11498,#11503);
#11498 = CYLINDRICAL_SURFACE('',#11499,32.);
#11499 = AXIS2_PLACEMENT_3D('',#11500,#11501,#11502);
#11500 = CARTESIAN_POINT('',(-2.893E+03,-360.,1.043E+03));
#11501 = DIRECTION('',(0.,1.,0.));
#11502 = DIRECTION('',(-1.,0.,0.));
#11503 = DEFINITIONAL_REPRESENTATION('',(#11504),#11508);
#11504 = LINE('',#11505,#11506);
#11505 = CARTESIAN_POINT('',(1.570796326795,0.));
#11506 = VECTOR('',#11507,1.);
#11507 = DIRECTION('',(0.,1.));
#11508 = ( GEOMETRIC_REPRESENTATION_CONTEXT(2) 
PARAMETRIC_REPRESENTATION_CONTEXT() REPRESENTATION_CONTEXT('2D SPACE',''
  ) );
#11509 = ORIENTED_EDGE('',*,*,#11510,.T.);
#11510 = EDGE_CURVE('',#11481,#11399,#11511,.T.);
#11511 = SURFACE_CURVE('',#11512,(#11516,#11523),.PCURVE_S1.);
#11512 = LINE('',#11513,#11514);
#11513 = CARTESIAN_POINT('',(-2.925E+03,-328.,1.075E+03));
#11514 = VECTOR('',#11515,1.);
#11515 = DIRECTION('',(1.,0.,0.));
#11516 = PCURVE('',#11443,#11517);
#11517 = DEFINITIONAL_REPRESENTATION('',(#11518),#11522);
#11518 = LINE('',#11519,#11520);
#11519 = CARTESIAN_POINT('',(0.,32.));
#11520 = VECTOR('',#11521,1.);
#11521 = DIRECTION('',(1.,0.));
#11522 = ( GEOMETRIC_REPRESENTATION_CONTEXT(2) 
PARAMETRIC_REPRESENTATION_CONTEXT() REPRESENTATION_CONTEXT('2D SPACE',''
  ) );
#11523 = PCURVE('',#11524,#11529);
#11524 = CYLINDRICAL_SURFACE('',#11525,32.);
#11525 = AXIS2_PLACEMENT_3D('',#11526,#11527,#11528);
#11526 = CARTESIAN_POINT('',(-2.925E+03,-328.,1.043E+03));
#11527 = DIRECTION('',(1.,0.,0.));
#11528 = DIRECTION('',(0.,-1.,0.));
#11529 = DEFINITIONAL_REPRESENTATION('',(#11530),#11534);
#11530 = LINE('',#11531,#11532);
#11531 = CARTESIAN_POINT('',(-1.570796326795,0.));
#11532 = VECTOR('',#11533,1.);
#11533 = DIRECTION('',(-0.,1.));
#11534 = ( GEOMETRIC_REPRESENTATION_CONTEXT(2) 
PARAMETRIC_REPRESENTATION_CONTEXT() REPRESENTATION_CONTEXT('2D SPACE',''
  ) );
#11535 = ORIENTED_EDGE('',*,*,#11429,.T.);
#11536 = ORIENTED_EDGE('',*,*,#11537,.F.);
#11537 = EDGE_CURVE('',#11483,#11340,#11538,.T.);
#11538 = SURFACE_CURVE('',#11539,(#11543,#11550),.PCURVE_S1.);
#11539 = LINE('',#11540,#11541);
#11540 = CARTESIAN_POINT('',(-2.925E+03,328.,1.075E+03));
#11541 = VECTOR('',#11542,1.);
#11542 = DIRECTION('',(1.,0.,0.));
#11543 = PCURVE('',#11443,#11544);
#11544 = DEFINITIONAL_REPRESENTATION('',(#11545),#11549);
#11545 = LINE('',#11546,#11547);
#11546 = CARTESIAN_POINT('',(0.,688.));
#11547 = VECTOR('',#11548,1.);
#11548 = DIRECTION('',(1.,0.));
#11549 = ( GEOMETRIC_REPRESENTATION_CONTEXT(2) 
PARAMETRIC_REPRESENTATION_CONTEXT() REPRESENTATION_CONTEXT('2D SPACE',''
  ) );
#11550 = PCURVE('',#11356,#11551);
#11551 = DEFINITIONAL_REPRESENTATION('',(#11552),#11556);
#11552 = LINE('',#11553,#11554);
#11553 = CARTESIAN_POINT('',(1.570796326795,0.));
#11554 = VECTOR('',#11555,1.);
#11555 = DIRECTION('',(0.,1.));
#11556 = ( GEOMETRIC_REPRESENTATION_CONTEXT(2) 
PARAMETRIC_REPRESENTATION_CONTEXT() REPRESENTATION_CONTEXT('2D SPACE',''
  ) );
#11557 = ADVANCED_FACE('',(#11558),#11524,.T.);
#11558 = FACE_BOUND('',#11559,.F.);
#11559 = EDGE_LOOP('',(#11560,#11589,#11590,#11614));
#11560 = ORIENTED_EDGE('',*,*,#11561,.F.);
#11561 = EDGE_CURVE('',#11481,#11562,#11564,.T.);
#11562 = VERTEX_POINT('',#11563);
#11563 = CARTESIAN_POINT('',(-2.893E+03,-360.,1.043E+03));
#11564 = SURFACE_CURVE('',#11565,(#11570,#11577),.PCURVE_S1.);
#11565 = CIRCLE('',#11566,32.);
#11566 = AXIS2_PLACEMENT_3D('',#11567,#11568,#11569);
#11567 = CARTESIAN_POINT('',(-2.893E+03,-328.,1.043E+03));
#11568 = DIRECTION('',(1.,-6.123233995737E-17,0.));
#11569 = DIRECTION('',(-6.123233995737E-17,-1.,0.));
#11570 = PCURVE('',#11524,#11571);
#11571 = DEFINITIONAL_REPRESENTATION('',(#11572),#11576);
#11572 = LINE('',#11573,#11574);
#11573 = CARTESIAN_POINT('',(-6.28318530718,32.));
#11574 = VECTOR('',#11575,1.);
#11575 = DIRECTION('',(1.,-0.));
#11576 = ( GEOMETRIC_REPRESENTATION_CONTEXT(2) 
PARAMETRIC_REPRESENTATION_CONTEXT() REPRESENTATION_CONTEXT('2D SPACE',''
  ) );
#11577 = PCURVE('',#11578,#11583);
#11578 = SPHERICAL_SURFACE('',#11579,32.);
#11579 = AXIS2_PLACEMENT_3D('',#11580,#11581,#11582);
#11580 = CARTESIAN_POINT('',(-2.893E+03,-328.,1.043E+03));
#11581 = DIRECTION('',(-0.,-0.,-1.));
#11582 = DIRECTION('',(-1.,0.,0.));
#11583 = DEFINITIONAL_REPRESENTATION('',(#11584),#11588);
#11584 = LINE('',#11585,#11586);
#11585 = CARTESIAN_POINT('',(-1.570796326795,-6.28318530718));
#11586 = VECTOR('',#11587,1.);
#11587 = DIRECTION('',(-0.,1.));
#11588 = ( GEOMETRIC_REPRESENTATION_CONTEXT(2) 
PARAMETRIC_REPRESENTATION_CONTEXT() REPRESENTATION_CONTEXT('2D SPACE',''
  ) );
#11589 = ORIENTED_EDGE('',*,*,#11510,.T.);
#11590 = ORIENTED_EDGE('',*,*,#11591,.T.);
#11591 = EDGE_CURVE('',#11399,#11592,#11594,.T.);
#11592 = VERTEX_POINT('',#11593);
#11593 = CARTESIAN_POINT('',(-1.907E+03,-360.,1.043E+03));
#11594 = SURFACE_CURVE('',#11595,(#11600,#11607),.PCURVE_S1.);
#11595 = CIRCLE('',#11596,32.);
#11596 = AXIS2_PLACEMENT_3D('',#11597,#11598,#11599);
#11597 = CARTESIAN_POINT('',(-1.907E+03,-328.,1.043E+03));
#11598 = DIRECTION('',(1.,6.123233995737E-17,0.));
#11599 = DIRECTION('',(6.123233995737E-17,-1.,0.));
#11600 = PCURVE('',#11524,#11601);
#11601 = DEFINITIONAL_REPRESENTATION('',(#11602),#11606);
#11602 = LINE('',#11603,#11604);
#11603 = CARTESIAN_POINT('',(-6.28318530718,1.018E+03));
#11604 = VECTOR('',#11605,1.);
#11605 = DIRECTION('',(1.,-0.));
#11606 = ( GEOMETRIC_REPRESENTATION_CONTEXT(2) 
PARAMETRIC_REPRESENTATION_CONTEXT() REPRESENTATION_CONTEXT('2D SPACE',''
  ) );
#11607 = PCURVE('',#11417,#11608);
#11608 = DEFINITIONAL_REPRESENTATION('',(#11609),#11613);
#11609 = LINE('',#11610,#11611);
#11610 = CARTESIAN_POINT('',(1.570796326795,-6.28318530718));
#11611 = VECTOR('',#11612,1.);
#11612 = DIRECTION('',(0.,1.));
#11613 = ( GEOMETRIC_REPRESENTATION_CONTEXT(2) 
PARAMETRIC_REPRESENTATION_CONTEXT() REPRESENTATION_CONTEXT('2D SPACE',''
  ) );
#11614 = ORIENTED_EDGE('',*,*,#11615,.F.);
#11615 = EDGE_CURVE('',#11562,#11592,#11616,.T.);
#11616 = SURFACE_CURVE('',#11617,(#11621,#11628),.PCURVE_S1.);
#11617 = LINE('',#11618,#11619);
#11618 = CARTESIAN_POINT('',(-2.925E+03,-360.,1.043E+03));
#11619 = VECTOR('',#11620,1.);
#11620 = DIRECTION('',(1.,0.,0.));
#11621 = PCURVE('',#11524,#11622);
#11622 = DEFINITIONAL_REPRESENTATION('',(#11623),#11627);
#11623 = LINE('',#11624,#11625);
#11624 = CARTESIAN_POINT('',(-0.,0.));
#11625 = VECTOR('',#11626,1.);
#11626 = DIRECTION('',(-0.,1.));
#11627 = ( GEOMETRIC_REPRESENTATION_CONTEXT(2) 
PARAMETRIC_REPRESENTATION_CONTEXT() REPRESENTATION_CONTEXT('2D SPACE',''
  ) );
#11628 = PCURVE('',#11629,#11634);
#11629 = PLANE('',#11630);
#11630 = AXIS2_PLACEMENT_3D('',#11631,#11632,#11633);
#11631 = CARTESIAN_POINT('',(-2.925E+03,-360.,985.));
#11632 = DIRECTION('',(0.,1.,0.));
#11633 = DIRECTION('',(0.,0.,1.));
#11634 = DEFINITIONAL_REPRESENTATION('',(#11635),#11639);
#11635 = LINE('',#11636,#11637);
#11636 = CARTESIAN_POINT('',(58.,0.));
#11637 = VECTOR('',#11638,1.);
#11638 = DIRECTION('',(0.,1.));
#11639 = ( GEOMETRIC_REPRESENTATION_CONTEXT(2) 
PARAMETRIC_REPRESENTATION_CONTEXT() REPRESENTATION_CONTEXT('2D SPACE',''
  ) );
#11640 = ADVANCED_FACE('',(#11641),#11629,.F.);
#11641 = FACE_BOUND('',#11642,.F.);
#11642 = EDGE_LOOP('',(#11643,#11671,#11672,#11700));
#11643 = ORIENTED_EDGE('',*,*,#11644,.T.);
#11644 = EDGE_CURVE('',#11645,#11562,#11647,.T.);
#11645 = VERTEX_POINT('',#11646);
#11646 = CARTESIAN_POINT('',(-2.893E+03,-360.,1.017E+03));
#11647 = SURFACE_CURVE('',#11648,(#11652,#11659),.PCURVE_S1.);
#11648 = LINE('',#11649,#11650);
#11649 = CARTESIAN_POINT('',(-2.893E+03,-360.,985.));
#11650 = VECTOR('',#11651,1.);
#11651 = DIRECTION('',(0.,0.,1.));
#11652 = PCURVE('',#11629,#11653);
#11653 = DEFINITIONAL_REPRESENTATION('',(#11654),#11658);
#11654 = LINE('',#11655,#11656);
#11655 = CARTESIAN_POINT('',(0.,32.));
#11656 = VECTOR('',#11657,1.);
#11657 = DIRECTION('',(1.,0.));
#11658 = ( GEOMETRIC_REPRESENTATION_CONTEXT(2) 
PARAMETRIC_REPRESENTATION_CONTEXT() REPRESENTATION_CONTEXT('2D SPACE',''
  ) );
#11659 = PCURVE('',#11660,#11665);
#11660 = CYLINDRICAL_SURFACE('',#11661,32.);
#11661 = AXIS2_PLACEMENT_3D('',#11662,#11663,#11664);
#11662 = CARTESIAN_POINT('',(-2.893E+03,-328.,985.));
#11663 = DIRECTION('',(0.,0.,1.));
#11664 = DIRECTION('',(-1.,-0.,0.));
#11665 = DEFINITIONAL_REPRESENTATION('',(#11666),#11670);
#11666 = LINE('',#11667,#11668);
#11667 = CARTESIAN_POINT('',(1.570796326795,0.));
#11668 = VECTOR('',#11669,1.);
#11669 = DIRECTION('',(0.,1.));
#11670 = ( GEOMETRIC_REPRESENTATION_CONTEXT(2) 
PARAMETRIC_REPRESENTATION_CONTEXT() REPRESENTATION_CONTEXT('2D SPACE',''
  ) );
#11671 = ORIENTED_EDGE('',*,*,#11615,.T.);
#11672 = ORIENTED_EDGE('',*,*,#11673,.F.);
#11673 = EDGE_CURVE('',#11674,#11592,#11676,.T.);
#11674 = VERTEX_POINT('',#11675);
#11675 = CARTESIAN_POINT('',(-1.907E+03,-360.,1.017E+03));
#11676 = SURFACE_CURVE('',#11677,(#11681,#11688),.PCURVE_S1.);
#11677 = LINE('',#11678,#11679);
#11678 = CARTESIAN_POINT('',(-1.907E+03,-360.,985.));
#11679 = VECTOR('',#11680,1.);
#11680 = DIRECTION('',(0.,0.,1.));
#11681 = PCURVE('',#11629,#11682);
#11682 = DEFINITIONAL_REPRESENTATION('',(#11683),#11687);
#11683 = LINE('',#11684,#11685);
#11684 = CARTESIAN_POINT('',(0.,1.018E+03));
#11685 = VECTOR('',#11686,1.);
#11686 = DIRECTION('',(1.,0.));
#11687 = ( GEOMETRIC_REPRESENTATION_CONTEXT(2) 
PARAMETRIC_REPRESENTATION_CONTEXT() REPRESENTATION_CONTEXT('2D SPACE',''
  ) );
#11688 = PCURVE('',#11689,#11694);
#11689 = CYLINDRICAL_SURFACE('',#11690,32.);
#11690 = AXIS2_PLACEMENT_3D('',#11691,#11692,#11693);
#11691 = CARTESIAN_POINT('',(-1.907E+03,-328.,985.));
#11692 = DIRECTION('',(0.,0.,1.));
#11693 = DIRECTION('',(1.,0.,-0.));
#11694 = DEFINITIONAL_REPRESENTATION('',(#11695),#11699);
#11695 = LINE('',#11696,#11697);
#11696 = CARTESIAN_POINT('',(-1.570796326795,0.));
#11697 = VECTOR('',#11698,1.);
#11698 = DIRECTION('',(-0.,1.));
#11699 = ( GEOMETRIC_REPRESENTATION_CONTEXT(2) 
PARAMETRIC_REPRESENTATION_CONTEXT() REPRESENTATION_CONTEXT('2D SPACE',''
  ) );
#11700 = ORIENTED_EDGE('',*,*,#11701,.F.);
#11701 = EDGE_CURVE('',#11645,#11674,#11702,.T.);
#11702 = SURFACE_CURVE('',#11703,(#11707,#11714),.PCURVE_S1.);
#11703 = LINE('',#11704,#11705);
#11704 = CARTESIAN_POINT('',(-2.925E+03,-360.,1.017E+03));
#11705 = VECTOR('',#11706,1.);
#11706 = DIRECTION('',(1.,0.,0.));
#11707 = PCURVE('',#11629,#11708);
#11708 = DEFINITIONAL_REPRESENTATION('',(#11709),#11713);
#11709 = LINE('',#11710,#11711);
#11710 = CARTESIAN_POINT('',(32.,0.));
#11711 = VECTOR('',#11712,1.);
#11712 = DIRECTION('',(0.,1.));
#11713 = ( GEOMETRIC_REPRESENTATION_CONTEXT(2) 
PARAMETRIC_REPRESENTATION_CONTEXT() REPRESENTATION_CONTEXT('2D SPACE',''
  ) );
#11714 = PCURVE('',#10420,#11715);
#11715 = DEFINITIONAL_REPRESENTATION('',(#11716),#11720);
#11716 = LINE('',#11717,#11718);
#11717 = CARTESIAN_POINT('',(0.,0.));
#11718 = VECTOR('',#11719,1.);
#11719 = DIRECTION('',(0.,1.));
#11720 = ( GEOMETRIC_REPRESENTATION_CONTEXT(2) 
PARAMETRIC_REPRESENTATION_CONTEXT() REPRESENTATION_CONTEXT('2D SPACE',''
  ) );
#11721 = ADVANCED_FACE('',(#11722),#11689,.T.);
#11722 = FACE_BOUND('',#11723,.F.);
#11723 = EDGE_LOOP('',(#11724,#11747,#11774,#11775));
#11724 = ORIENTED_EDGE('',*,*,#11725,.F.);
#11725 = EDGE_CURVE('',#11726,#11401,#11728,.T.);
#11726 = VERTEX_POINT('',#11727);
#11727 = CARTESIAN_POINT('',(-1.875E+03,-328.,1.017E+03));
#11728 = SURFACE_CURVE('',#11729,(#11733,#11740),.PCURVE_S1.);
#11729 = LINE('',#11730,#11731);
#11730 = CARTESIAN_POINT('',(-1.875E+03,-328.,985.));
#11731 = VECTOR('',#11732,1.);
#11732 = DIRECTION('',(0.,0.,1.));
#11733 = PCURVE('',#11689,#11734);
#11734 = DEFINITIONAL_REPRESENTATION('',(#11735),#11739);
#11735 = LINE('',#11736,#11737);
#11736 = CARTESIAN_POINT('',(-0.,0.));
#11737 = VECTOR('',#11738,1.);
#11738 = DIRECTION('',(-0.,1.));
#11739 = ( GEOMETRIC_REPRESENTATION_CONTEXT(2) 
PARAMETRIC_REPRESENTATION_CONTEXT() REPRESENTATION_CONTEXT('2D SPACE',''
  ) );
#11740 = PCURVE('',#11272,#11741);
#11741 = DEFINITIONAL_REPRESENTATION('',(#11742),#11746);
#11742 = LINE('',#11743,#11744);
#11743 = CARTESIAN_POINT('',(0.,-32.));
#11744 = VECTOR('',#11745,1.);
#11745 = DIRECTION('',(1.,0.));
#11746 = ( GEOMETRIC_REPRESENTATION_CONTEXT(2) 
PARAMETRIC_REPRESENTATION_CONTEXT() REPRESENTATION_CONTEXT('2D SPACE',''
  ) );
#11747 = ORIENTED_EDGE('',*,*,#11748,.T.);
#11748 = EDGE_CURVE('',#11726,#11674,#11749,.T.);
#11749 = SURFACE_CURVE('',#11750,(#11755,#11762),.PCURVE_S1.);
#11750 = CIRCLE('',#11751,32.);
#11751 = AXIS2_PLACEMENT_3D('',#11752,#11753,#11754);
#11752 = CARTESIAN_POINT('',(-1.907E+03,-328.,1.017E+03));
#11753 = DIRECTION('',(0.,-0.,-1.));
#11754 = DIRECTION('',(1.,0.,-0.));
#11755 = PCURVE('',#11689,#11756);
#11756 = DEFINITIONAL_REPRESENTATION('',(#11757),#11761);
#11757 = LINE('',#11758,#11759);
#11758 = CARTESIAN_POINT('',(-0.,32.));
#11759 = VECTOR('',#11760,1.);
#11760 = DIRECTION('',(-1.,0.));
#11761 = ( GEOMETRIC_REPRESENTATION_CONTEXT(2) 
PARAMETRIC_REPRESENTATION_CONTEXT() REPRESENTATION_CONTEXT('2D SPACE',''
  ) );
#11762 = PCURVE('',#11763,#11768);
#11763 = SPHERICAL_SURFACE('',#11764,32.);
#11764 = AXIS2_PLACEMENT_3D('',#11765,#11766,#11767);
#11765 = CARTESIAN_POINT('',(-1.907E+03,-328.,1.017E+03));
#11766 = DIRECTION('',(0.,0.,1.));
#11767 = DIRECTION('',(1.,0.,-0.));
#11768 = DEFINITIONAL_REPRESENTATION('',(#11769),#11773);
#11769 = LINE('',#11770,#11771);
#11770 = CARTESIAN_POINT('',(-0.,0.));
#11771 = VECTOR('',#11772,1.);
#11772 = DIRECTION('',(-1.,0.));
#11773 = ( GEOMETRIC_REPRESENTATION_CONTEXT(2) 
PARAMETRIC_REPRESENTATION_CONTEXT() REPRESENTATION_CONTEXT('2D SPACE',''
  ) );
#11774 = ORIENTED_EDGE('',*,*,#11673,.T.);
#11775 = ORIENTED_EDGE('',*,*,#11776,.F.);
#11776 = EDGE_CURVE('',#11401,#11592,#11777,.T.);
#11777 = SURFACE_CURVE('',#11778,(#11783,#11790),.PCURVE_S1.);
#11778 = CIRCLE('',#11779,32.);
#11779 = AXIS2_PLACEMENT_3D('',#11780,#11781,#11782);
#11780 = CARTESIAN_POINT('',(-1.907E+03,-328.,1.043E+03));
#11781 = DIRECTION('',(0.,0.,-1.));
#11782 = DIRECTION('',(1.,0.,0.));
#11783 = PCURVE('',#11689,#11784);
#11784 = DEFINITIONAL_REPRESENTATION('',(#11785),#11789);
#11785 = LINE('',#11786,#11787);
#11786 = CARTESIAN_POINT('',(-0.,58.));
#11787 = VECTOR('',#11788,1.);
#11788 = DIRECTION('',(-1.,0.));
#11789 = ( GEOMETRIC_REPRESENTATION_CONTEXT(2) 
PARAMETRIC_REPRESENTATION_CONTEXT() REPRESENTATION_CONTEXT('2D SPACE',''
  ) );
#11790 = PCURVE('',#11417,#11791);
#11791 = DEFINITIONAL_REPRESENTATION('',(#11792),#11796);
#11792 = LINE('',#11793,#11794);
#11793 = CARTESIAN_POINT('',(0.,0.));
#11794 = VECTOR('',#11795,1.);
#11795 = DIRECTION('',(1.,0.));
#11796 = ( GEOMETRIC_REPRESENTATION_CONTEXT(2) 
PARAMETRIC_REPRESENTATION_CONTEXT() REPRESENTATION_CONTEXT('2D SPACE',''
  ) );
#11797 = ADVANCED_FACE('',(#11798),#11763,.T.);
#11798 = FACE_BOUND('',#11799,.F.);
#11799 = EDGE_LOOP('',(#11800,#11822,#11844));
#11800 = ORIENTED_EDGE('',*,*,#11801,.F.);
#11801 = EDGE_CURVE('',#10379,#11726,#11802,.T.);
#11802 = SURFACE_CURVE('',#11803,(#11808,#11815),.PCURVE_S1.);
#11803 = CIRCLE('',#11804,32.);
#11804 = AXIS2_PLACEMENT_3D('',#11805,#11806,#11807);
#11805 = CARTESIAN_POINT('',(-1.907E+03,-328.,1.017E+03));
#11806 = DIRECTION('',(0.,-1.,0.));
#11807 = DIRECTION('',(1.,0.,0.));
#11808 = PCURVE('',#11763,#11809);
#11809 = DEFINITIONAL_REPRESENTATION('',(#11810),#11814);
#11810 = LINE('',#11811,#11812);
#11811 = CARTESIAN_POINT('',(-0.,-6.28318530718));
#11812 = VECTOR('',#11813,1.);
#11813 = DIRECTION('',(-0.,1.));
#11814 = ( GEOMETRIC_REPRESENTATION_CONTEXT(2) 
PARAMETRIC_REPRESENTATION_CONTEXT() REPRESENTATION_CONTEXT('2D SPACE',''
  ) );
#11815 = PCURVE('',#10394,#11816);
#11816 = DEFINITIONAL_REPRESENTATION('',(#11817),#11821);
#11817 = LINE('',#11818,#11819);
#11818 = CARTESIAN_POINT('',(6.28318530718,32.));
#11819 = VECTOR('',#11820,1.);
#11820 = DIRECTION('',(-1.,-0.));
#11821 = ( GEOMETRIC_REPRESENTATION_CONTEXT(2) 
PARAMETRIC_REPRESENTATION_CONTEXT() REPRESENTATION_CONTEXT('2D SPACE',''
  ) );
#11822 = ORIENTED_EDGE('',*,*,#11823,.T.);
#11823 = EDGE_CURVE('',#10379,#11674,#11824,.T.);
#11824 = SURFACE_CURVE('',#11825,(#11830,#11837),.PCURVE_S1.);
#11825 = CIRCLE('',#11826,32.);
#11826 = AXIS2_PLACEMENT_3D('',#11827,#11828,#11829);
#11827 = CARTESIAN_POINT('',(-1.907E+03,-328.,1.017E+03));
#11828 = DIRECTION('',(-1.,-6.123233995737E-17,0.));
#11829 = DIRECTION('',(6.123233995737E-17,-1.,-0.));
#11830 = PCURVE('',#11763,#11831);
#11831 = DEFINITIONAL_REPRESENTATION('',(#11832),#11836);
#11832 = LINE('',#11833,#11834);
#11833 = CARTESIAN_POINT('',(-1.570796326795,-6.28318530718));
#11834 = VECTOR('',#11835,1.);
#11835 = DIRECTION('',(-0.,1.));
#11836 = ( GEOMETRIC_REPRESENTATION_CONTEXT(2) 
PARAMETRIC_REPRESENTATION_CONTEXT() REPRESENTATION_CONTEXT('2D SPACE',''
  ) );
#11837 = PCURVE('',#10420,#11838);
#11838 = DEFINITIONAL_REPRESENTATION('',(#11839),#11843);
#11839 = LINE('',#11840,#11841);
#11840 = CARTESIAN_POINT('',(6.28318530718,1.018E+03));
#11841 = VECTOR('',#11842,1.);
#11842 = DIRECTION('',(-1.,-0.));
#11843 = ( GEOMETRIC_REPRESENTATION_CONTEXT(2) 
PARAMETRIC_REPRESENTATION_CONTEXT() REPRESENTATION_CONTEXT('2D SPACE',''
  ) );
#11844 = ORIENTED_EDGE('',*,*,#11748,.F.);
#11845 = ADVANCED_FACE('',(#11846),#11660,.T.);
#11846 = FACE_BOUND('',#11847,.T.);
#11847 = EDGE_LOOP('',(#11848,#11878,#11905,#11906));
#11848 = ORIENTED_EDGE('',*,*,#11849,.F.);
#11849 = EDGE_CURVE('',#11850,#11852,#11854,.T.);
#11850 = VERTEX_POINT('',#11851);
#11851 = CARTESIAN_POINT('',(-2.925E+03,-328.,1.017E+03));
#11852 = VERTEX_POINT('',#11853);
#11853 = CARTESIAN_POINT('',(-2.925E+03,-328.,1.043E+03));
#11854 = SURFACE_CURVE('',#11855,(#11859,#11866),.PCURVE_S1.);
#11855 = LINE('',#11856,#11857);
#11856 = CARTESIAN_POINT('',(-2.925E+03,-328.,985.));
#11857 = VECTOR('',#11858,1.);
#11858 = DIRECTION('',(0.,0.,1.));
#11859 = PCURVE('',#11660,#11860);
#11860 = DEFINITIONAL_REPRESENTATION('',(#11861),#11865);
#11861 = LINE('',#11862,#11863);
#11862 = CARTESIAN_POINT('',(0.,0.));
#11863 = VECTOR('',#11864,1.);
#11864 = DIRECTION('',(0.,1.));
#11865 = ( GEOMETRIC_REPRESENTATION_CONTEXT(2) 
PARAMETRIC_REPRESENTATION_CONTEXT() REPRESENTATION_CONTEXT('2D SPACE',''
  ) );
#11866 = PCURVE('',#11867,#11872);
#11867 = PLANE('',#11868);
#11868 = AXIS2_PLACEMENT_3D('',#11869,#11870,#11871);
#11869 = CARTESIAN_POINT('',(-2.925E+03,-360.,985.));
#11870 = DIRECTION('',(1.,0.,0.));
#11871 = DIRECTION('',(0.,0.,1.));
#11872 = DEFINITIONAL_REPRESENTATION('',(#11873),#11877);
#11873 = LINE('',#11874,#11875);
#11874 = CARTESIAN_POINT('',(0.,-32.));
#11875 = VECTOR('',#11876,1.);
#11876 = DIRECTION('',(1.,0.));
#11877 = ( GEOMETRIC_REPRESENTATION_CONTEXT(2) 
PARAMETRIC_REPRESENTATION_CONTEXT() REPRESENTATION_CONTEXT('2D SPACE',''
  ) );
#11878 = ORIENTED_EDGE('',*,*,#11879,.T.);
#11879 = EDGE_CURVE('',#11850,#11645,#11880,.T.);
#11880 = SURFACE_CURVE('',#11881,(#11886,#11893),.PCURVE_S1.);
#11881 = CIRCLE('',#11882,32.);
#11882 = AXIS2_PLACEMENT_3D('',#11883,#11884,#11885);
#11883 = CARTESIAN_POINT('',(-2.893E+03,-328.,1.017E+03));
#11884 = DIRECTION('',(0.,0.,1.));
#11885 = DIRECTION('',(-1.,0.,0.));
#11886 = PCURVE('',#11660,#11887);
#11887 = DEFINITIONAL_REPRESENTATION('',(#11888),#11892);
#11888 = LINE('',#11889,#11890);
#11889 = CARTESIAN_POINT('',(0.,32.));
#11890 = VECTOR('',#11891,1.);
#11891 = DIRECTION('',(1.,0.));
#11892 = ( GEOMETRIC_REPRESENTATION_CONTEXT(2) 
PARAMETRIC_REPRESENTATION_CONTEXT() REPRESENTATION_CONTEXT('2D SPACE',''
  ) );
#11893 = PCURVE('',#11894,#11899);
#11894 = SPHERICAL_SURFACE('',#11895,32.);
#11895 = AXIS2_PLACEMENT_3D('',#11896,#11897,#11898);
#11896 = CARTESIAN_POINT('',(-2.893E+03,-328.,1.017E+03));
#11897 = DIRECTION('',(0.,0.,1.));
#11898 = DIRECTION('',(-1.,0.,0.));
#11899 = DEFINITIONAL_REPRESENTATION('',(#11900),#11904);
#11900 = LINE('',#11901,#11902);
#11901 = CARTESIAN_POINT('',(0.,0.));
#11902 = VECTOR('',#11903,1.);
#11903 = DIRECTION('',(1.,0.));
#11904 = ( GEOMETRIC_REPRESENTATION_CONTEXT(2) 
PARAMETRIC_REPRESENTATION_CONTEXT() REPRESENTATION_CONTEXT('2D SPACE',''
  ) );
#11905 = ORIENTED_EDGE('',*,*,#11644,.T.);
#11906 = ORIENTED_EDGE('',*,*,#11907,.F.);
#11907 = EDGE_CURVE('',#11852,#11562,#11908,.T.);
#11908 = SURFACE_CURVE('',#11909,(#11914,#11921),.PCURVE_S1.);
#11909 = CIRCLE('',#11910,32.);
#11910 = AXIS2_PLACEMENT_3D('',#11911,#11912,#11913);
#11911 = CARTESIAN_POINT('',(-2.893E+03,-328.,1.043E+03));
#11912 = DIRECTION('',(0.,0.,1.));
#11913 = DIRECTION('',(-1.,0.,0.));
#11914 = PCURVE('',#11660,#11915);
#11915 = DEFINITIONAL_REPRESENTATION('',(#11916),#11920);
#11916 = LINE('',#11917,#11918);
#11917 = CARTESIAN_POINT('',(0.,58.));
#11918 = VECTOR('',#11919,1.);
#11919 = DIRECTION('',(1.,0.));
#11920 = ( GEOMETRIC_REPRESENTATION_CONTEXT(2) 
PARAMETRIC_REPRESENTATION_CONTEXT() REPRESENTATION_CONTEXT('2D SPACE',''
  ) );
#11921 = PCURVE('',#11578,#11922);
#11922 = DEFINITIONAL_REPRESENTATION('',(#11923),#11927);
#11923 = LINE('',#11924,#11925);
#11924 = CARTESIAN_POINT('',(-0.,0.));
#11925 = VECTOR('',#11926,1.);
#11926 = DIRECTION('',(-1.,0.));
#11927 = ( GEOMETRIC_REPRESENTATION_CONTEXT(2) 
PARAMETRIC_REPRESENTATION_CONTEXT() REPRESENTATION_CONTEXT('2D SPACE',''
  ) );
#11928 = ADVANCED_FACE('',(#11929),#11894,.T.);
#11929 = FACE_BOUND('',#11930,.T.);
#11930 = EDGE_LOOP('',(#11931,#11960,#11982));
#11931 = ORIENTED_EDGE('',*,*,#11932,.F.);
#11932 = EDGE_CURVE('',#11933,#11850,#11935,.T.);
#11933 = VERTEX_POINT('',#11934);
#11934 = CARTESIAN_POINT('',(-2.893E+03,-328.,985.));
#11935 = SURFACE_CURVE('',#11936,(#11941,#11948),.PCURVE_S1.);
#11936 = CIRCLE('',#11937,32.);
#11937 = AXIS2_PLACEMENT_3D('',#11938,#11939,#11940);
#11938 = CARTESIAN_POINT('',(-2.893E+03,-328.,1.017E+03));
#11939 = DIRECTION('',(0.,1.,-0.));
#11940 = DIRECTION('',(-1.,0.,0.));
#11941 = PCURVE('',#11894,#11942);
#11942 = DEFINITIONAL_REPRESENTATION('',(#11943),#11947);
#11943 = LINE('',#11944,#11945);
#11944 = CARTESIAN_POINT('',(0.,-6.28318530718));
#11945 = VECTOR('',#11946,1.);
#11946 = DIRECTION('',(0.,1.));
#11947 = ( GEOMETRIC_REPRESENTATION_CONTEXT(2) 
PARAMETRIC_REPRESENTATION_CONTEXT() REPRESENTATION_CONTEXT('2D SPACE',''
  ) );
#11948 = PCURVE('',#11949,#11954);
#11949 = CYLINDRICAL_SURFACE('',#11950,32.);
#11950 = AXIS2_PLACEMENT_3D('',#11951,#11952,#11953);
#11951 = CARTESIAN_POINT('',(-2.893E+03,-360.,1.017E+03));
#11952 = DIRECTION('',(0.,1.,0.));
#11953 = DIRECTION('',(-1.,0.,0.));
#11954 = DEFINITIONAL_REPRESENTATION('',(#11955),#11959);
#11955 = LINE('',#11956,#11957);
#11956 = CARTESIAN_POINT('',(-6.28318530718,32.));
#11957 = VECTOR('',#11958,1.);
#11958 = DIRECTION('',(1.,-0.));
#11959 = ( GEOMETRIC_REPRESENTATION_CONTEXT(2) 
PARAMETRIC_REPRESENTATION_CONTEXT() REPRESENTATION_CONTEXT('2D SPACE',''
  ) );
#11960 = ORIENTED_EDGE('',*,*,#11961,.T.);
#11961 = EDGE_CURVE('',#11933,#11645,#11962,.T.);
#11962 = SURFACE_CURVE('',#11963,(#11968,#11975),.PCURVE_S1.);
#11963 = CIRCLE('',#11964,32.);
#11964 = AXIS2_PLACEMENT_3D('',#11965,#11966,#11967);
#11965 = CARTESIAN_POINT('',(-2.893E+03,-328.,1.017E+03));
#11966 = DIRECTION('',(-1.,6.123233995737E-17,0.));
#11967 = DIRECTION('',(-6.123233995737E-17,-1.,0.));
#11968 = PCURVE('',#11894,#11969);
#11969 = DEFINITIONAL_REPRESENTATION('',(#11970),#11974);
#11970 = LINE('',#11971,#11972);
#11971 = CARTESIAN_POINT('',(1.570796326795,-6.28318530718));
#11972 = VECTOR('',#11973,1.);
#11973 = DIRECTION('',(0.,1.));
#11974 = ( GEOMETRIC_REPRESENTATION_CONTEXT(2) 
PARAMETRIC_REPRESENTATION_CONTEXT() REPRESENTATION_CONTEXT('2D SPACE',''
  ) );
#11975 = PCURVE('',#10420,#11976);
#11976 = DEFINITIONAL_REPRESENTATION('',(#11977),#11981);
#11977 = LINE('',#11978,#11979);
#11978 = CARTESIAN_POINT('',(6.28318530718,32.));
#11979 = VECTOR('',#11980,1.);
#11980 = DIRECTION('',(-1.,-0.));
#11981 = ( GEOMETRIC_REPRESENTATION_CONTEXT(2) 
PARAMETRIC_REPRESENTATION_CONTEXT() REPRESENTATION_CONTEXT('2D SPACE',''
  ) );
#11982 = ORIENTED_EDGE('',*,*,#11879,.F.);
#11983 = ADVANCED_FACE('',(#11984),#11949,.T.);
#11984 = FACE_BOUND('',#11985,.F.);
#11985 = EDGE_LOOP('',(#11986,#11987,#12008,#12032));
#11986 = ORIENTED_EDGE('',*,*,#11932,.F.);
#11987 = ORIENTED_EDGE('',*,*,#11988,.T.);
#11988 = EDGE_CURVE('',#11933,#11086,#11989,.T.);
#11989 = SURFACE_CURVE('',#11990,(#11994,#12001),.PCURVE_S1.);
#11990 = LINE('',#11991,#11992);
#11991 = CARTESIAN_POINT('',(-2.893E+03,-360.,985.));
#11992 = VECTOR('',#11993,1.);
#11993 = DIRECTION('',(0.,1.,0.));
#11994 = PCURVE('',#11949,#11995);
#11995 = DEFINITIONAL_REPRESENTATION('',(#11996),#12000);
#11996 = LINE('',#11997,#11998);
#11997 = CARTESIAN_POINT('',(-1.570796326795,0.));
#11998 = VECTOR('',#11999,1.);
#11999 = DIRECTION('',(-0.,1.));
#12000 = ( GEOMETRIC_REPRESENTATION_CONTEXT(2) 
PARAMETRIC_REPRESENTATION_CONTEXT() REPRESENTATION_CONTEXT('2D SPACE',''
  ) );
#12001 = PCURVE('',#11130,#12002);
#12002 = DEFINITIONAL_REPRESENTATION('',(#12003),#12007);
#12003 = LINE('',#12004,#12005);
#12004 = CARTESIAN_POINT('',(32.,0.));
#12005 = VECTOR('',#12006,1.);
#12006 = DIRECTION('',(0.,1.));
#12007 = ( GEOMETRIC_REPRESENTATION_CONTEXT(2) 
PARAMETRIC_REPRESENTATION_CONTEXT() REPRESENTATION_CONTEXT('2D SPACE',''
  ) );
#12008 = ORIENTED_EDGE('',*,*,#12009,.T.);
#12009 = EDGE_CURVE('',#11086,#12010,#12012,.T.);
#12010 = VERTEX_POINT('',#12011);
#12011 = CARTESIAN_POINT('',(-2.925E+03,328.,1.017E+03));
#12012 = SURFACE_CURVE('',#12013,(#12018,#12025),.PCURVE_S1.);
#12013 = CIRCLE('',#12014,32.);
#12014 = AXIS2_PLACEMENT_3D('',#12015,#12016,#12017);
#12015 = CARTESIAN_POINT('',(-2.893E+03,328.,1.017E+03));
#12016 = DIRECTION('',(0.,1.,-0.));
#12017 = DIRECTION('',(-1.,0.,0.));
#12018 = PCURVE('',#11949,#12019);
#12019 = DEFINITIONAL_REPRESENTATION('',(#12020),#12024);
#12020 = LINE('',#12021,#12022);
#12021 = CARTESIAN_POINT('',(-6.28318530718,688.));
#12022 = VECTOR('',#12023,1.);
#12023 = DIRECTION('',(1.,-0.));
#12024 = ( GEOMETRIC_REPRESENTATION_CONTEXT(2) 
PARAMETRIC_REPRESENTATION_CONTEXT() REPRESENTATION_CONTEXT('2D SPACE',''
  ) );
#12025 = PCURVE('',#11104,#12026);
#12026 = DEFINITIONAL_REPRESENTATION('',(#12027),#12031);
#12027 = LINE('',#12028,#12029);
#12028 = CARTESIAN_POINT('',(-0.,-6.28318530718));
#12029 = VECTOR('',#12030,1.);
#12030 = DIRECTION('',(-0.,1.));
#12031 = ( GEOMETRIC_REPRESENTATION_CONTEXT(2) 
PARAMETRIC_REPRESENTATION_CONTEXT() REPRESENTATION_CONTEXT('2D SPACE',''
  ) );
#12032 = ORIENTED_EDGE('',*,*,#12033,.F.);
#12033 = EDGE_CURVE('',#11850,#12010,#12034,.T.);
#12034 = SURFACE_CURVE('',#12035,(#12039,#12046),.PCURVE_S1.);
#12035 = LINE('',#12036,#12037);
#12036 = CARTESIAN_POINT('',(-2.925E+03,-360.,1.017E+03));
#12037 = VECTOR('',#12038,1.);
#12038 = DIRECTION('',(0.,1.,0.));
#12039 = PCURVE('',#11949,#12040);
#12040 = DEFINITIONAL_REPRESENTATION('',(#12041),#12045);
#12041 = LINE('',#12042,#12043);
#12042 = CARTESIAN_POINT('',(-0.,0.));
#12043 = VECTOR('',#12044,1.);
#12044 = DIRECTION('',(-0.,1.));
#12045 = ( GEOMETRIC_REPRESENTATION_CONTEXT(2) 
PARAMETRIC_REPRESENTATION_CONTEXT() REPRESENTATION_CONTEXT('2D SPACE',''
  ) );
#12046 = PCURVE('',#11867,#12047);
#12047 = DEFINITIONAL_REPRESENTATION('',(#12048),#12052);
#12048 = LINE('',#12049,#12050);
#12049 = CARTESIAN_POINT('',(32.,0.));
#12050 = VECTOR('',#12051,1.);
#12051 = DIRECTION('',(0.,-1.));
#12052 = ( GEOMETRIC_REPRESENTATION_CONTEXT(2) 
PARAMETRIC_REPRESENTATION_CONTEXT() REPRESENTATION_CONTEXT('2D SPACE',''
  ) );
#12053 = ADVANCED_FACE('',(#12054),#11867,.F.);
#12054 = FACE_BOUND('',#12055,.F.);
#12055 = EDGE_LOOP('',(#12056,#12057,#12058,#12086));
#12056 = ORIENTED_EDGE('',*,*,#11849,.F.);
#12057 = ORIENTED_EDGE('',*,*,#12033,.T.);
#12058 = ORIENTED_EDGE('',*,*,#12059,.T.);
#12059 = EDGE_CURVE('',#12010,#12060,#12062,.T.);
#12060 = VERTEX_POINT('',#12061);
#12061 = CARTESIAN_POINT('',(-2.925E+03,328.,1.043E+03));
#12062 = SURFACE_CURVE('',#12063,(#12067,#12074),.PCURVE_S1.);
#12063 = LINE('',#12064,#12065);
#12064 = CARTESIAN_POINT('',(-2.925E+03,328.,985.));
#12065 = VECTOR('',#12066,1.);
#12066 = DIRECTION('',(0.,0.,1.));
#12067 = PCURVE('',#11867,#12068);
#12068 = DEFINITIONAL_REPRESENTATION('',(#12069),#12073);
#12069 = LINE('',#12070,#12071);
#12070 = CARTESIAN_POINT('',(0.,-688.));
#12071 = VECTOR('',#12072,1.);
#12072 = DIRECTION('',(1.,0.));
#12073 = ( GEOMETRIC_REPRESENTATION_CONTEXT(2) 
PARAMETRIC_REPRESENTATION_CONTEXT() REPRESENTATION_CONTEXT('2D SPACE',''
  ) );
#12074 = PCURVE('',#12075,#12080);
#12075 = CYLINDRICAL_SURFACE('',#12076,32.);
#12076 = AXIS2_PLACEMENT_3D('',#12077,#12078,#12079);
#12077 = CARTESIAN_POINT('',(-2.893E+03,328.,985.));
#12078 = DIRECTION('',(0.,0.,1.));
#12079 = DIRECTION('',(-1.,-0.,0.));
#12080 = DEFINITIONAL_REPRESENTATION('',(#12081),#12085);
#12081 = LINE('',#12082,#12083);
#12082 = CARTESIAN_POINT('',(-0.,0.));
#12083 = VECTOR('',#12084,1.);
#12084 = DIRECTION('',(-0.,1.));
#12085 = ( GEOMETRIC_REPRESENTATION_CONTEXT(2) 
PARAMETRIC_REPRESENTATION_CONTEXT() REPRESENTATION_CONTEXT('2D SPACE',''
  ) );
#12086 = ORIENTED_EDGE('',*,*,#12087,.F.);
#12087 = EDGE_CURVE('',#11852,#12060,#12088,.T.);
#12088 = SURFACE_CURVE('',#12089,(#12093,#12100),.PCURVE_S1.);
#12089 = LINE('',#12090,#12091);
#12090 = CARTESIAN_POINT('',(-2.925E+03,-360.,1.043E+03));
#12091 = VECTOR('',#12092,1.);
#12092 = DIRECTION('',(0.,1.,0.));
#12093 = PCURVE('',#11867,#12094);
#12094 = DEFINITIONAL_REPRESENTATION('',(#12095),#12099);
#12095 = LINE('',#12096,#12097);
#12096 = CARTESIAN_POINT('',(58.,0.));
#12097 = VECTOR('',#12098,1.);
#12098 = DIRECTION('',(0.,-1.));
#12099 = ( GEOMETRIC_REPRESENTATION_CONTEXT(2) 
PARAMETRIC_REPRESENTATION_CONTEXT() REPRESENTATION_CONTEXT('2D SPACE',''
  ) );
#12100 = PCURVE('',#11498,#12101);
#12101 = DEFINITIONAL_REPRESENTATION('',(#12102),#12106);
#12102 = LINE('',#12103,#12104);
#12103 = CARTESIAN_POINT('',(0.,0.));
#12104 = VECTOR('',#12105,1.);
#12105 = DIRECTION('',(0.,1.));
#12106 = ( GEOMETRIC_REPRESENTATION_CONTEXT(2) 
PARAMETRIC_REPRESENTATION_CONTEXT() REPRESENTATION_CONTEXT('2D SPACE',''
  ) );
#12107 = ADVANCED_FACE('',(#12108),#12075,.T.);
#12108 = FACE_BOUND('',#12109,.F.);
#12109 = EDGE_LOOP('',(#12110,#12111,#12133,#12156));
#12110 = ORIENTED_EDGE('',*,*,#12059,.F.);
#12111 = ORIENTED_EDGE('',*,*,#12112,.T.);
#12112 = EDGE_CURVE('',#12010,#11088,#12113,.T.);
#12113 = SURFACE_CURVE('',#12114,(#12119,#12126),.PCURVE_S1.);
#12114 = CIRCLE('',#12115,32.);
#12115 = AXIS2_PLACEMENT_3D('',#12116,#12117,#12118);
#12116 = CARTESIAN_POINT('',(-2.893E+03,328.,1.017E+03));
#12117 = DIRECTION('',(-0.,0.,-1.));
#12118 = DIRECTION('',(-1.,0.,0.));
#12119 = PCURVE('',#12075,#12120);
#12120 = DEFINITIONAL_REPRESENTATION('',(#12121),#12125);
#12121 = LINE('',#12122,#12123);
#12122 = CARTESIAN_POINT('',(-0.,32.));
#12123 = VECTOR('',#12124,1.);
#12124 = DIRECTION('',(-1.,0.));
#12125 = ( GEOMETRIC_REPRESENTATION_CONTEXT(2) 
PARAMETRIC_REPRESENTATION_CONTEXT() REPRESENTATION_CONTEXT('2D SPACE',''
  ) );
#12126 = PCURVE('',#11104,#12127);
#12127 = DEFINITIONAL_REPRESENTATION('',(#12128),#12132);
#12128 = LINE('',#12129,#12130);
#12129 = CARTESIAN_POINT('',(-0.,0.));
#12130 = VECTOR('',#12131,1.);
#12131 = DIRECTION('',(-1.,0.));
#12132 = ( GEOMETRIC_REPRESENTATION_CONTEXT(2) 
PARAMETRIC_REPRESENTATION_CONTEXT() REPRESENTATION_CONTEXT('2D SPACE',''
  ) );
#12133 = ORIENTED_EDGE('',*,*,#12134,.T.);
#12134 = EDGE_CURVE('',#11088,#12135,#12137,.T.);
#12135 = VERTEX_POINT('',#12136);
#12136 = CARTESIAN_POINT('',(-2.893E+03,360.,1.043E+03));
#12137 = SURFACE_CURVE('',#12138,(#12142,#12149),.PCURVE_S1.);
#12138 = LINE('',#12139,#12140);
#12139 = CARTESIAN_POINT('',(-2.893E+03,360.,985.));
#12140 = VECTOR('',#12141,1.);
#12141 = DIRECTION('',(0.,0.,1.));
#12142 = PCURVE('',#12075,#12143);
#12143 = DEFINITIONAL_REPRESENTATION('',(#12144),#12148);
#12144 = LINE('',#12145,#12146);
#12145 = CARTESIAN_POINT('',(-1.570796326795,0.));
#12146 = VECTOR('',#12147,1.);
#12147 = DIRECTION('',(-0.,1.));
#12148 = ( GEOMETRIC_REPRESENTATION_CONTEXT(2) 
PARAMETRIC_REPRESENTATION_CONTEXT() REPRESENTATION_CONTEXT('2D SPACE',''
  ) );
#12149 = PCURVE('',#11186,#12150);
#12150 = DEFINITIONAL_REPRESENTATION('',(#12151),#12155);
#12151 = LINE('',#12152,#12153);
#12152 = CARTESIAN_POINT('',(0.,32.));
#12153 = VECTOR('',#12154,1.);
#12154 = DIRECTION('',(1.,0.));
#12155 = ( GEOMETRIC_REPRESENTATION_CONTEXT(2) 
PARAMETRIC_REPRESENTATION_CONTEXT() REPRESENTATION_CONTEXT('2D SPACE',''
  ) );
#12156 = ORIENTED_EDGE('',*,*,#12157,.T.);
#12157 = EDGE_CURVE('',#12135,#12060,#12158,.T.);
#12158 = SURFACE_CURVE('',#12159,(#12164,#12171),.PCURVE_S1.);
#12159 = CIRCLE('',#12160,32.);
#12160 = AXIS2_PLACEMENT_3D('',#12161,#12162,#12163);
#12161 = CARTESIAN_POINT('',(-2.893E+03,328.,1.043E+03));
#12162 = DIRECTION('',(-5.551115123126E-17,0.,1.));
#12163 = DIRECTION('',(-1.,0.,-5.551115123126E-17));
#12164 = PCURVE('',#12075,#12165);
#12165 = DEFINITIONAL_REPRESENTATION('',(#12166),#12170);
#12166 = LINE('',#12167,#12168);
#12167 = CARTESIAN_POINT('',(-6.28318530718,58.));
#12168 = VECTOR('',#12169,1.);
#12169 = DIRECTION('',(1.,-0.));
#12170 = ( GEOMETRIC_REPRESENTATION_CONTEXT(2) 
PARAMETRIC_REPRESENTATION_CONTEXT() REPRESENTATION_CONTEXT('2D SPACE',''
  ) );
#12171 = PCURVE('',#12172,#12177);
#12172 = SPHERICAL_SURFACE('',#12173,32.);
#12173 = AXIS2_PLACEMENT_3D('',#12174,#12175,#12176);
#12174 = CARTESIAN_POINT('',(-2.893E+03,328.,1.043E+03));
#12175 = DIRECTION('',(-0.,-1.,-0.));
#12176 = DIRECTION('',(-1.,0.,-5.551115123126E-17));
#12177 = DEFINITIONAL_REPRESENTATION('',(#12178),#12182);
#12178 = LINE('',#12179,#12180);
#12179 = CARTESIAN_POINT('',(-0.,-6.28318530718));
#12180 = VECTOR('',#12181,1.);
#12181 = DIRECTION('',(-0.,1.));
#12182 = ( GEOMETRIC_REPRESENTATION_CONTEXT(2) 
PARAMETRIC_REPRESENTATION_CONTEXT() REPRESENTATION_CONTEXT('2D SPACE',''
  ) );
#12183 = ADVANCED_FACE('',(#12184),#12172,.T.);
#12184 = FACE_BOUND('',#12185,.F.);
#12185 = EDGE_LOOP('',(#12186,#12187,#12209));
#12186 = ORIENTED_EDGE('',*,*,#12157,.F.);
#12187 = ORIENTED_EDGE('',*,*,#12188,.T.);
#12188 = EDGE_CURVE('',#12135,#11483,#12189,.T.);
#12189 = SURFACE_CURVE('',#12190,(#12195,#12202),.PCURVE_S1.);
#12190 = CIRCLE('',#12191,32.);
#12191 = AXIS2_PLACEMENT_3D('',#12192,#12193,#12194);
#12192 = CARTESIAN_POINT('',(-2.893E+03,328.,1.043E+03));
#12193 = DIRECTION('',(1.,0.,1.167434911886E-16));
#12194 = DIRECTION('',(-1.167434911886E-16,0.,1.));
#12195 = PCURVE('',#12172,#12196);
#12196 = DEFINITIONAL_REPRESENTATION('',(#12197),#12201);
#12197 = LINE('',#12198,#12199);
#12198 = CARTESIAN_POINT('',(-1.570796326795,-6.28318530718));
#12199 = VECTOR('',#12200,1.);
#12200 = DIRECTION('',(-0.,1.));
#12201 = ( GEOMETRIC_REPRESENTATION_CONTEXT(2) 
PARAMETRIC_REPRESENTATION_CONTEXT() REPRESENTATION_CONTEXT('2D SPACE',''
  ) );
#12202 = PCURVE('',#11356,#12203);
#12203 = DEFINITIONAL_REPRESENTATION('',(#12204),#12208);
#12204 = LINE('',#12205,#12206);
#12205 = CARTESIAN_POINT('',(-4.712388980385,32.));
#12206 = VECTOR('',#12207,1.);
#12207 = DIRECTION('',(1.,0.));
#12208 = ( GEOMETRIC_REPRESENTATION_CONTEXT(2) 
PARAMETRIC_REPRESENTATION_CONTEXT() REPRESENTATION_CONTEXT('2D SPACE',''
  ) );
#12209 = ORIENTED_EDGE('',*,*,#12210,.F.);
#12210 = EDGE_CURVE('',#12060,#11483,#12211,.T.);
#12211 = SURFACE_CURVE('',#12212,(#12217,#12224),.PCURVE_S1.);
#12212 = CIRCLE('',#12213,32.);
#12213 = AXIS2_PLACEMENT_3D('',#12214,#12215,#12216);
#12214 = CARTESIAN_POINT('',(-2.893E+03,328.,1.043E+03));
#12215 = DIRECTION('',(0.,1.,0.));
#12216 = DIRECTION('',(-1.,0.,-5.551115123126E-17));
#12217 = PCURVE('',#12172,#12218);
#12218 = DEFINITIONAL_REPRESENTATION('',(#12219),#12223);
#12219 = LINE('',#12220,#12221);
#12220 = CARTESIAN_POINT('',(-0.,0.));
#12221 = VECTOR('',#12222,1.);
#12222 = DIRECTION('',(-1.,0.));
#12223 = ( GEOMETRIC_REPRESENTATION_CONTEXT(2) 
PARAMETRIC_REPRESENTATION_CONTEXT() REPRESENTATION_CONTEXT('2D SPACE',''
  ) );
#12224 = PCURVE('',#11498,#12225);
#12225 = DEFINITIONAL_REPRESENTATION('',(#12226),#12230);
#12226 = LINE('',#12227,#12228);
#12227 = CARTESIAN_POINT('',(0.,688.));
#12228 = VECTOR('',#12229,1.);
#12229 = DIRECTION('',(1.,0.));
#12230 = ( GEOMETRIC_REPRESENTATION_CONTEXT(2) 
PARAMETRIC_REPRESENTATION_CONTEXT() REPRESENTATION_CONTEXT('2D SPACE',''
  ) );
#12231 = ADVANCED_FACE('',(#12232),#11578,.T.);
#12232 = FACE_BOUND('',#12233,.F.);
#12233 = EDGE_LOOP('',(#12234,#12256,#12257));
#12234 = ORIENTED_EDGE('',*,*,#12235,.F.);
#12235 = EDGE_CURVE('',#11481,#11852,#12236,.T.);
#12236 = SURFACE_CURVE('',#12237,(#12242,#12249),.PCURVE_S1.);
#12237 = CIRCLE('',#12238,32.);
#12238 = AXIS2_PLACEMENT_3D('',#12239,#12240,#12241);
#12239 = CARTESIAN_POINT('',(-2.893E+03,-328.,1.043E+03));
#12240 = DIRECTION('',(0.,-1.,0.));
#12241 = DIRECTION('',(-1.,0.,0.));
#12242 = PCURVE('',#11578,#12243);
#12243 = DEFINITIONAL_REPRESENTATION('',(#12244),#12248);
#12244 = LINE('',#12245,#12246);
#12245 = CARTESIAN_POINT('',(-0.,-6.28318530718));
#12246 = VECTOR('',#12247,1.);
#12247 = DIRECTION('',(-0.,1.));
#12248 = ( GEOMETRIC_REPRESENTATION_CONTEXT(2) 
PARAMETRIC_REPRESENTATION_CONTEXT() REPRESENTATION_CONTEXT('2D SPACE',''
  ) );
#12249 = PCURVE('',#11498,#12250);
#12250 = DEFINITIONAL_REPRESENTATION('',(#12251),#12255);
#12251 = LINE('',#12252,#12253);
#12252 = CARTESIAN_POINT('',(6.28318530718,32.));
#12253 = VECTOR('',#12254,1.);
#12254 = DIRECTION('',(-1.,-0.));
#12255 = ( GEOMETRIC_REPRESENTATION_CONTEXT(2) 
PARAMETRIC_REPRESENTATION_CONTEXT() REPRESENTATION_CONTEXT('2D SPACE',''
  ) );
#12256 = ORIENTED_EDGE('',*,*,#11561,.T.);
#12257 = ORIENTED_EDGE('',*,*,#11907,.F.);
#12258 = ADVANCED_FACE('',(#12259),#11498,.T.);
#12259 = FACE_BOUND('',#12260,.T.);
#12260 = EDGE_LOOP('',(#12261,#12262,#12263,#12264));
#12261 = ORIENTED_EDGE('',*,*,#12235,.F.);
#12262 = ORIENTED_EDGE('',*,*,#11480,.T.);
#12263 = ORIENTED_EDGE('',*,*,#12210,.F.);
#12264 = ORIENTED_EDGE('',*,*,#12087,.F.);
#12265 = ADVANCED_FACE('',(#12266),#11417,.T.);
#12266 = FACE_BOUND('',#12267,.T.);
#12267 = EDGE_LOOP('',(#12268,#12269,#12270));
#12268 = ORIENTED_EDGE('',*,*,#11398,.F.);
#12269 = ORIENTED_EDGE('',*,*,#11591,.T.);
#12270 = ORIENTED_EDGE('',*,*,#11776,.F.);
#12271 = ADVANCED_FACE('',(#12272),#11356,.T.);
#12272 = FACE_BOUND('',#12273,.T.);
#12273 = EDGE_LOOP('',(#12274,#12275,#12276,#12277));
#12274 = ORIENTED_EDGE('',*,*,#12188,.T.);
#12275 = ORIENTED_EDGE('',*,*,#11537,.T.);
#12276 = ORIENTED_EDGE('',*,*,#11339,.F.);
#12277 = ORIENTED_EDGE('',*,*,#12278,.F.);
#12278 = EDGE_CURVE('',#12135,#11286,#12279,.T.);
#12279 = SURFACE_CURVE('',#12280,(#12284,#12291),.PCURVE_S1.);
#12280 = LINE('',#12281,#12282);
#12281 = CARTESIAN_POINT('',(-2.925E+03,360.,1.043E+03));
#12282 = VECTOR('',#12283,1.);
#12283 = DIRECTION('',(1.,0.,0.));
#12284 = PCURVE('',#11356,#12285);
#12285 = DEFINITIONAL_REPRESENTATION('',(#12286),#12290);
#12286 = LINE('',#12287,#12288);
#12287 = CARTESIAN_POINT('',(0.,0.));
#12288 = VECTOR('',#12289,1.);
#12289 = DIRECTION('',(0.,1.));
#12290 = ( GEOMETRIC_REPRESENTATION_CONTEXT(2) 
PARAMETRIC_REPRESENTATION_CONTEXT() REPRESENTATION_CONTEXT('2D SPACE',''
  ) );
#12291 = PCURVE('',#11186,#12292);
#12292 = DEFINITIONAL_REPRESENTATION('',(#12293),#12297);
#12293 = LINE('',#12294,#12295);
#12294 = CARTESIAN_POINT('',(58.,0.));
#12295 = VECTOR('',#12296,1.);
#12296 = DIRECTION('',(0.,1.));
#12297 = ( GEOMETRIC_REPRESENTATION_CONTEXT(2) 
PARAMETRIC_REPRESENTATION_CONTEXT() REPRESENTATION_CONTEXT('2D SPACE',''
  ) );
#12298 = ADVANCED_FACE('',(#12299),#11272,.T.);
#12299 = FACE_BOUND('',#12300,.T.);
#12300 = EDGE_LOOP('',(#12301,#12302,#12323,#12324));
#12301 = ORIENTED_EDGE('',*,*,#11725,.F.);
#12302 = ORIENTED_EDGE('',*,*,#12303,.T.);
#12303 = EDGE_CURVE('',#11726,#11202,#12304,.T.);
#12304 = SURFACE_CURVE('',#12305,(#12309,#12316),.PCURVE_S1.);
#12305 = LINE('',#12306,#12307);
#12306 = CARTESIAN_POINT('',(-1.875E+03,-360.,1.017E+03));
#12307 = VECTOR('',#12308,1.);
#12308 = DIRECTION('',(0.,1.,0.));
#12309 = PCURVE('',#11272,#12310);
#12310 = DEFINITIONAL_REPRESENTATION('',(#12311),#12315);
#12311 = LINE('',#12312,#12313);
#12312 = CARTESIAN_POINT('',(32.,0.));
#12313 = VECTOR('',#12314,1.);
#12314 = DIRECTION('',(0.,-1.));
#12315 = ( GEOMETRIC_REPRESENTATION_CONTEXT(2) 
PARAMETRIC_REPRESENTATION_CONTEXT() REPRESENTATION_CONTEXT('2D SPACE',''
  ) );
#12316 = PCURVE('',#10394,#12317);
#12317 = DEFINITIONAL_REPRESENTATION('',(#12318),#12322);
#12318 = LINE('',#12319,#12320);
#12319 = CARTESIAN_POINT('',(0.,0.));
#12320 = VECTOR('',#12321,1.);
#12321 = DIRECTION('',(0.,1.));
#12322 = ( GEOMETRIC_REPRESENTATION_CONTEXT(2) 
PARAMETRIC_REPRESENTATION_CONTEXT() REPRESENTATION_CONTEXT('2D SPACE',''
  ) );
#12323 = ORIENTED_EDGE('',*,*,#11256,.T.);
#12324 = ORIENTED_EDGE('',*,*,#11456,.F.);
#12325 = ADVANCED_FACE('',(#12326),#11186,.T.);
#12326 = FACE_BOUND('',#12327,.T.);
#12327 = EDGE_LOOP('',(#12328,#12329,#12330,#12331));
#12328 = ORIENTED_EDGE('',*,*,#12134,.T.);
#12329 = ORIENTED_EDGE('',*,*,#12278,.T.);
#12330 = ORIENTED_EDGE('',*,*,#11285,.F.);
#12331 = ORIENTED_EDGE('',*,*,#11172,.F.);
#12332 = ADVANCED_FACE('',(#12333),#11130,.F.);
#12333 = FACE_BOUND('',#12334,.F.);
#12334 = EDGE_LOOP('',(#12335,#12336,#12357,#12378));
#12335 = ORIENTED_EDGE('',*,*,#11988,.F.);
#12336 = ORIENTED_EDGE('',*,*,#12337,.T.);
#12337 = EDGE_CURVE('',#11933,#10246,#12338,.T.);
#12338 = SURFACE_CURVE('',#12339,(#12343,#12350),.PCURVE_S1.);
#12339 = LINE('',#12340,#12341);
#12340 = CARTESIAN_POINT('',(-2.925E+03,-328.,985.));
#12341 = VECTOR('',#12342,1.);
#12342 = DIRECTION('',(1.,0.,0.));
#12343 = PCURVE('',#11130,#12344);
#12344 = DEFINITIONAL_REPRESENTATION('',(#12345),#12349);
#12345 = LINE('',#12346,#12347);
#12346 = CARTESIAN_POINT('',(0.,32.));
#12347 = VECTOR('',#12348,1.);
#12348 = DIRECTION('',(1.,0.));
#12349 = ( GEOMETRIC_REPRESENTATION_CONTEXT(2) 
PARAMETRIC_REPRESENTATION_CONTEXT() REPRESENTATION_CONTEXT('2D SPACE',''
  ) );
#12350 = PCURVE('',#10420,#12351);
#12351 = DEFINITIONAL_REPRESENTATION('',(#12352),#12356);
#12352 = LINE('',#12353,#12354);
#12353 = CARTESIAN_POINT('',(1.570796326795,0.));
#12354 = VECTOR('',#12355,1.);
#12355 = DIRECTION('',(0.,1.));
#12356 = ( GEOMETRIC_REPRESENTATION_CONTEXT(2) 
PARAMETRIC_REPRESENTATION_CONTEXT() REPRESENTATION_CONTEXT('2D SPACE',''
  ) );
#12357 = ORIENTED_EDGE('',*,*,#12358,.T.);
#12358 = EDGE_CURVE('',#10246,#10328,#12359,.T.);
#12359 = SURFACE_CURVE('',#12360,(#12364,#12371),.PCURVE_S1.);
#12360 = LINE('',#12361,#12362);
#12361 = CARTESIAN_POINT('',(-2.575E+03,-1.025E+03,985.));
#12362 = VECTOR('',#12363,1.);
#12363 = DIRECTION('',(0.,1.,0.));
#12364 = PCURVE('',#11130,#12365);
#12365 = DEFINITIONAL_REPRESENTATION('',(#12366),#12370);
#12366 = LINE('',#12367,#12368);
#12367 = CARTESIAN_POINT('',(350.,-665.));
#12368 = VECTOR('',#12369,1.);
#12369 = DIRECTION('',(0.,1.));
#12370 = ( GEOMETRIC_REPRESENTATION_CONTEXT(2) 
PARAMETRIC_REPRESENTATION_CONTEXT() REPRESENTATION_CONTEXT('2D SPACE',''
  ) );
#12371 = PCURVE('',#10261,#12372);
#12372 = DEFINITIONAL_REPRESENTATION('',(#12373),#12377);
#12373 = LINE('',#12374,#12375);
#12374 = CARTESIAN_POINT('',(1.570796326795,0.));
#12375 = VECTOR('',#12376,1.);
#12376 = DIRECTION('',(0.,1.));
#12377 = ( GEOMETRIC_REPRESENTATION_CONTEXT(2) 
PARAMETRIC_REPRESENTATION_CONTEXT() REPRESENTATION_CONTEXT('2D SPACE',''
  ) );
#12378 = ORIENTED_EDGE('',*,*,#11116,.F.);
#12379 = ADVANCED_FACE('',(#12380),#11104,.T.);
#12380 = FACE_BOUND('',#12381,.F.);
#12381 = EDGE_LOOP('',(#12382,#12383,#12384));
#12382 = ORIENTED_EDGE('',*,*,#12009,.F.);
#12383 = ORIENTED_EDGE('',*,*,#11085,.T.);
#12384 = ORIENTED_EDGE('',*,*,#12112,.F.);
#12385 = ADVANCED_FACE('',(#12386),#10394,.T.);
#12386 = FACE_BOUND('',#12387,.T.);
#12387 = EDGE_LOOP('',(#12388,#12389,#12390,#12391));
#12388 = ORIENTED_EDGE('',*,*,#11801,.F.);
#12389 = ORIENTED_EDGE('',*,*,#10378,.T.);
#12390 = ORIENTED_EDGE('',*,*,#11201,.T.);
#12391 = ORIENTED_EDGE('',*,*,#12303,.F.);
#12392 = ADVANCED_FACE('',(#12393),#10420,.T.);
#12393 = FACE_BOUND('',#12394,.T.);
#12394 = EDGE_LOOP('',(#12395,#12396,#12397,#12398,#12399));
#12395 = ORIENTED_EDGE('',*,*,#11961,.F.);
#12396 = ORIENTED_EDGE('',*,*,#12337,.T.);
#12397 = ORIENTED_EDGE('',*,*,#10406,.T.);
#12398 = ORIENTED_EDGE('',*,*,#11823,.T.);
#12399 = ORIENTED_EDGE('',*,*,#11701,.F.);
#12400 = ADVANCED_FACE('',(#12401),#10261,.T.);
#12401 = FACE_BOUND('',#12402,.T.);
#12402 = EDGE_LOOP('',(#12403,#12404,#12405,#12406,#12407,#12408));
#12403 = ORIENTED_EDGE('',*,*,#11058,.F.);
#12404 = ORIENTED_EDGE('',*,*,#10243,.T.);
#12405 = ORIENTED_EDGE('',*,*,#12358,.T.);
#12406 = ORIENTED_EDGE('',*,*,#10327,.T.);
#12407 = ORIENTED_EDGE('',*,*,#11033,.F.);
#12408 = ORIENTED_EDGE('',*,*,#10910,.F.);
#12409 = ADVANCED_FACE('',(#12410),#8756,.T.);
#12410 = FACE_BOUND('',#12411,.T.);
#12411 = EDGE_LOOP('',(#12412,#12413,#12414));
#12412 = ORIENTED_EDGE('',*,*,#8737,.F.);
#12413 = ORIENTED_EDGE('',*,*,#10465,.T.);
#12414 = ORIENTED_EDGE('',*,*,#10650,.F.);
#12415 = ADVANCED_FACE('',(#12416),#8695,.T.);
#12416 = FACE_BOUND('',#12417,.T.);
#12417 = EDGE_LOOP('',(#12418,#12419,#12420,#12421));
#12418 = ORIENTED_EDGE('',*,*,#11011,.T.);
#12419 = ORIENTED_EDGE('',*,*,#10304,.T.);
#12420 = ORIENTED_EDGE('',*,*,#8678,.F.);
#12421 = ORIENTED_EDGE('',*,*,#12422,.F.);
#12422 = EDGE_CURVE('',#10958,#8625,#12423,.T.);
#12423 = SURFACE_CURVE('',#12424,(#12428,#12435),.PCURVE_S1.);
#12424 = LINE('',#12425,#12426);
#12425 = CARTESIAN_POINT('',(-2.65E+03,1.025E+03,910.));
#12426 = VECTOR('',#12427,1.);
#12427 = DIRECTION('',(1.,0.,0.));
#12428 = PCURVE('',#8695,#12429);
#12429 = DEFINITIONAL_REPRESENTATION('',(#12430),#12434);
#12430 = LINE('',#12431,#12432);
#12431 = CARTESIAN_POINT('',(0.,0.));
#12432 = VECTOR('',#12433,1.);
#12433 = DIRECTION('',(0.,1.));
#12434 = ( GEOMETRIC_REPRESENTATION_CONTEXT(2) 
PARAMETRIC_REPRESENTATION_CONTEXT() REPRESENTATION_CONTEXT('2D SPACE',''
  ) );
#12435 = PCURVE('',#8525,#12436);
#12436 = DEFINITIONAL_REPRESENTATION('',(#12437),#12441);
#12437 = LINE('',#12438,#12439);
#12438 = CARTESIAN_POINT('',(95.,0.));
#12439 = VECTOR('',#12440,1.);
#12440 = DIRECTION('',(0.,1.));
#12441 = ( GEOMETRIC_REPRESENTATION_CONTEXT(2) 
PARAMETRIC_REPRESENTATION_CONTEXT() REPRESENTATION_CONTEXT('2D SPACE',''
  ) );
#12442 = ADVANCED_FACE('',(#12443),#8611,.T.);
#12443 = FACE_BOUND('',#12444,.T.);
#12444 = EDGE_LOOP('',(#12445,#12446,#12467,#12468));
#12445 = ORIENTED_EDGE('',*,*,#10599,.F.);
#12446 = ORIENTED_EDGE('',*,*,#12447,.T.);
#12447 = EDGE_CURVE('',#10600,#8541,#12448,.T.);
#12448 = SURFACE_CURVE('',#12449,(#12453,#12460),.PCURVE_S1.);
#12449 = LINE('',#12450,#12451);
#12450 = CARTESIAN_POINT('',(2.95E+03,-1.025E+03,890.));
#12451 = VECTOR('',#12452,1.);
#12452 = DIRECTION('',(0.,1.,0.));
#12453 = PCURVE('',#8611,#12454);
#12454 = DEFINITIONAL_REPRESENTATION('',(#12455),#12459);
#12455 = LINE('',#12456,#12457);
#12456 = CARTESIAN_POINT('',(75.,0.));
#12457 = VECTOR('',#12458,1.);
#12458 = DIRECTION('',(0.,-1.));
#12459 = ( GEOMETRIC_REPRESENTATION_CONTEXT(2) 
PARAMETRIC_REPRESENTATION_CONTEXT() REPRESENTATION_CONTEXT('2D SPACE',''
  ) );
#12460 = PCURVE('',#439,#12461);
#12461 = DEFINITIONAL_REPRESENTATION('',(#12462),#12466);
#12462 = LINE('',#12463,#12464);
#12463 = CARTESIAN_POINT('',(0.,0.));
#12464 = VECTOR('',#12465,1.);
#12465 = DIRECTION('',(0.,1.));
#12466 = ( GEOMETRIC_REPRESENTATION_CONTEXT(2) 
PARAMETRIC_REPRESENTATION_CONTEXT() REPRESENTATION_CONTEXT('2D SPACE',''
  ) );
#12467 = ORIENTED_EDGE('',*,*,#8595,.T.);
#12468 = ORIENTED_EDGE('',*,*,#8846,.F.);
#12469 = ADVANCED_FACE('',(#12470),#8525,.T.);
#12470 = FACE_BOUND('',#12471,.T.);
#12471 = EDGE_LOOP('',(#12472,#12473,#12474,#12475));
#12472 = ORIENTED_EDGE('',*,*,#10957,.T.);
#12473 = ORIENTED_EDGE('',*,*,#12422,.T.);
#12474 = ORIENTED_EDGE('',*,*,#8624,.F.);
#12475 = ORIENTED_EDGE('',*,*,#8511,.F.);
#12476 = ADVANCED_FACE('',(#12477),#8445,.T.);
#12477 = FACE_BOUND('',#12478,.F.);
#12478 = EDGE_LOOP('',(#12479,#12501,#12502));
#12479 = ORIENTED_EDGE('',*,*,#12480,.F.);
#12480 = EDGE_CURVE('',#8427,#10860,#12481,.T.);
#12481 = SURFACE_CURVE('',#12482,(#12487,#12494),.PCURVE_S1.);
#12482 = CIRCLE('',#12483,75.);
#12483 = AXIS2_PLACEMENT_3D('',#12484,#12485,#12486);
#12484 = CARTESIAN_POINT('',(-2.575E+03,950.,890.));
#12485 = DIRECTION('',(0.,1.,-0.));
#12486 = DIRECTION('',(-1.,0.,0.));
#12487 = PCURVE('',#8445,#12488);
#12488 = DEFINITIONAL_REPRESENTATION('',(#12489),#12493);
#12489 = LINE('',#12490,#12491);
#12490 = CARTESIAN_POINT('',(-0.,-6.28318530718));
#12491 = VECTOR('',#12492,1.);
#12492 = DIRECTION('',(-0.,1.));
#12493 = ( GEOMETRIC_REPRESENTATION_CONTEXT(2) 
PARAMETRIC_REPRESENTATION_CONTEXT() REPRESENTATION_CONTEXT('2D SPACE',''
  ) );
#12494 = PCURVE('',#1375,#12495);
#12495 = DEFINITIONAL_REPRESENTATION('',(#12496),#12500);
#12496 = LINE('',#12497,#12498);
#12497 = CARTESIAN_POINT('',(-6.28318530718,1.975E+03));
#12498 = VECTOR('',#12499,1.);
#12499 = DIRECTION('',(1.,-0.));
#12500 = ( GEOMETRIC_REPRESENTATION_CONTEXT(2) 
PARAMETRIC_REPRESENTATION_CONTEXT() REPRESENTATION_CONTEXT('2D SPACE',''
  ) );
#12501 = ORIENTED_EDGE('',*,*,#8426,.T.);
#12502 = ORIENTED_EDGE('',*,*,#10935,.F.);
#12503 = ADVANCED_FACE('',(#12504),#1774,.F.);
#12504 = FACE_BOUND('',#12505,.F.);
#12505 = EDGE_LOOP('',(#12506,#12527,#12528));
#12506 = ORIENTED_EDGE('',*,*,#12507,.F.);
#12507 = EDGE_CURVE('',#1538,#8427,#12508,.T.);
#12508 = SURFACE_CURVE('',#12509,(#12513,#12520),.PCURVE_S1.);
#12509 = LINE('',#12510,#12511);
#12510 = CARTESIAN_POINT('',(-2.575E+03,-1.025E+03,815.));
#12511 = VECTOR('',#12512,1.);
#12512 = DIRECTION('',(0.,1.,0.));
#12513 = PCURVE('',#1774,#12514);
#12514 = DEFINITIONAL_REPRESENTATION('',(#12515),#12519);
#12515 = LINE('',#12516,#12517);
#12516 = CARTESIAN_POINT('',(75.,0.));
#12517 = VECTOR('',#12518,1.);
#12518 = DIRECTION('',(0.,1.));
#12519 = ( GEOMETRIC_REPRESENTATION_CONTEXT(2) 
PARAMETRIC_REPRESENTATION_CONTEXT() REPRESENTATION_CONTEXT('2D SPACE',''
  ) );
#12520 = PCURVE('',#1375,#12521);
#12521 = DEFINITIONAL_REPRESENTATION('',(#12522),#12526);
#12522 = LINE('',#12523,#12524);
#12523 = CARTESIAN_POINT('',(-1.570796326795,0.));
#12524 = VECTOR('',#12525,1.);
#12525 = DIRECTION('',(-0.,1.));
#12526 = ( GEOMETRIC_REPRESENTATION_CONTEXT(2) 
PARAMETRIC_REPRESENTATION_CONTEXT() REPRESENTATION_CONTEXT('2D SPACE',''
  ) );
#12527 = ORIENTED_EDGE('',*,*,#1746,.T.);
#12528 = ORIENTED_EDGE('',*,*,#8457,.F.);
#12529 = ADVANCED_FACE('',(#12530),#1502,.F.);
#12530 = FACE_BOUND('',#12531,.F.);
#12531 = EDGE_LOOP('',(#12532,#12533));
#12532 = ORIENTED_EDGE('',*,*,#1463,.F.);
#12533 = ORIENTED_EDGE('',*,*,#12534,.F.);
#12534 = EDGE_CURVE('',#1208,#1464,#12535,.T.);
#12535 = SURFACE_CURVE('',#12536,(#12540,#12546),.PCURVE_S1.);
#12536 = LINE('',#12537,#12538);
#12537 = CARTESIAN_POINT('',(-2.638442887702E+03,-1.025E+03,850.));
#12538 = VECTOR('',#12539,1.);
#12539 = DIRECTION('',(0.,1.,0.));
#12540 = PCURVE('',#1502,#12541);
#12541 = DEFINITIONAL_REPRESENTATION('',(#12542),#12545);
#12542 = B_SPLINE_CURVE_WITH_KNOTS('',1,(#12543,#12544),.UNSPECIFIED.,
  .F.,.F.,(2,2),(74.9999994,1.9750000006E+03),.PIECEWISE_BEZIER_KNOTS.);
#12543 = CARTESIAN_POINT('',(5.699270267161E+03,-815.8014782339));
#12544 = CARTESIAN_POINT('',(5.654456037443E+03,1.083669945446E+03));
#12545 = ( GEOMETRIC_REPRESENTATION_CONTEXT(2) 
PARAMETRIC_REPRESENTATION_CONTEXT() REPRESENTATION_CONTEXT('2D SPACE',''
  ) );
#12546 = PCURVE('',#1375,#12547);
#12547 = DEFINITIONAL_REPRESENTATION('',(#12548),#12551);
#12548 = B_SPLINE_CURVE_WITH_KNOTS('',1,(#12549,#12550),.UNSPECIFIED.,
  .F.,.F.,(2,2),(74.9999994,1.9750000006E+03),.PIECEWISE_BEZIER_KNOTS.);
#12549 = CARTESIAN_POINT('',(-0.562536244544,74.9999994));
#12550 = CARTESIAN_POINT('',(-0.562536244544,1.9750000006E+03));
#12551 = ( GEOMETRIC_REPRESENTATION_CONTEXT(2) 
PARAMETRIC_REPRESENTATION_CONTEXT() REPRESENTATION_CONTEXT('2D SPACE',''
  ) );
#12552 = ADVANCED_FACE('',(#12553),#1375,.T.);
#12553 = FACE_BOUND('',#12554,.F.);
#12554 = EDGE_LOOP('',(#12555,#12556,#12577,#12578,#12579,#12580,#12581,
    #12582));
#12555 = ORIENTED_EDGE('',*,*,#10808,.F.);
#12556 = ORIENTED_EDGE('',*,*,#12557,.T.);
#12557 = EDGE_CURVE('',#10809,#1162,#12558,.T.);
#12558 = SURFACE_CURVE('',#12559,(#12563,#12570),.PCURVE_S1.);
#12559 = LINE('',#12560,#12561);
#12560 = CARTESIAN_POINT('',(-2.575E+03,-1.025E+03,815.));
#12561 = VECTOR('',#12562,1.);
#12562 = DIRECTION('',(0.,1.,0.));
#12563 = PCURVE('',#1375,#12564);
#12564 = DEFINITIONAL_REPRESENTATION('',(#12565),#12569);
#12565 = LINE('',#12566,#12567);
#12566 = CARTESIAN_POINT('',(-1.570796326795,0.));
#12567 = VECTOR('',#12568,1.);
#12568 = DIRECTION('',(-0.,1.));
#12569 = ( GEOMETRIC_REPRESENTATION_CONTEXT(2) 
PARAMETRIC_REPRESENTATION_CONTEXT() REPRESENTATION_CONTEXT('2D SPACE',''
  ) );
#12570 = PCURVE('',#1189,#12571);
#12571 = DEFINITIONAL_REPRESENTATION('',(#12572),#12576);
#12572 = LINE('',#12573,#12574);
#12573 = CARTESIAN_POINT('',(75.,0.));
#12574 = VECTOR('',#12575,1.);
#12575 = DIRECTION('',(0.,1.));
#12576 = ( GEOMETRIC_REPRESENTATION_CONTEXT(2) 
PARAMETRIC_REPRESENTATION_CONTEXT() REPRESENTATION_CONTEXT('2D SPACE',''
  ) );
#12577 = ORIENTED_EDGE('',*,*,#1207,.T.);
#12578 = ORIENTED_EDGE('',*,*,#12534,.T.);
#12579 = ORIENTED_EDGE('',*,*,#1537,.T.);
#12580 = ORIENTED_EDGE('',*,*,#12507,.T.);
#12581 = ORIENTED_EDGE('',*,*,#12480,.T.);
#12582 = ORIENTED_EDGE('',*,*,#10859,.F.);
#12583 = ADVANCED_FACE('',(#12584),#1189,.F.);
#12584 = FACE_BOUND('',#12585,.F.);
#12585 = EDGE_LOOP('',(#12586,#12587,#12608));
#12586 = ORIENTED_EDGE('',*,*,#12557,.F.);
#12587 = ORIENTED_EDGE('',*,*,#12588,.T.);
#12588 = EDGE_CURVE('',#10809,#911,#12589,.T.);
#12589 = SURFACE_CURVE('',#12590,(#12594,#12601),.PCURVE_S1.);
#12590 = LINE('',#12591,#12592);
#12591 = CARTESIAN_POINT('',(-2.65E+03,-950.,815.));
#12592 = VECTOR('',#12593,1.);
#12593 = DIRECTION('',(1.,0.,0.));
#12594 = PCURVE('',#1189,#12595);
#12595 = DEFINITIONAL_REPRESENTATION('',(#12596),#12600);
#12596 = LINE('',#12597,#12598);
#12597 = CARTESIAN_POINT('',(0.,75.));
#12598 = VECTOR('',#12599,1.);
#12599 = DIRECTION('',(1.,0.));
#12600 = ( GEOMETRIC_REPRESENTATION_CONTEXT(2) 
PARAMETRIC_REPRESENTATION_CONTEXT() REPRESENTATION_CONTEXT('2D SPACE',''
  ) );
#12601 = PCURVE('',#748,#12602);
#12602 = DEFINITIONAL_REPRESENTATION('',(#12603),#12607);
#12603 = LINE('',#12604,#12605);
#12604 = CARTESIAN_POINT('',(1.570796326795,0.));
#12605 = VECTOR('',#12606,1.);
#12606 = DIRECTION('',(0.,1.));
#12607 = ( GEOMETRIC_REPRESENTATION_CONTEXT(2) 
PARAMETRIC_REPRESENTATION_CONTEXT() REPRESENTATION_CONTEXT('2D SPACE',''
  ) );
#12608 = ORIENTED_EDGE('',*,*,#1161,.T.);
#12609 = ADVANCED_FACE('',(#12610),#875,.F.);
#12610 = FACE_BOUND('',#12611,.F.);
#12611 = EDGE_LOOP('',(#12612,#12631));
#12612 = ORIENTED_EDGE('',*,*,#12613,.T.);
#12613 = EDGE_CURVE('',#837,#581,#12614,.T.);
#12614 = SURFACE_CURVE('',#12615,(#12619,#12625),.PCURVE_S1.);
#12615 = LINE('',#12616,#12617);
#12616 = CARTESIAN_POINT('',(-2.65E+03,-1.013442887702E+03,850.));
#12617 = VECTOR('',#12618,1.);
#12618 = DIRECTION('',(1.,0.,0.));
#12619 = PCURVE('',#875,#12620);
#12620 = DEFINITIONAL_REPRESENTATION('',(#12621),#12624);
#12621 = B_SPLINE_CURVE_WITH_KNOTS('',1,(#12622,#12623),.UNSPECIFIED.,
  .F.,.F.,(2,2),(74.9999994,5.5250000006E+03),.PIECEWISE_BEZIER_KNOTS.);
#12622 = CARTESIAN_POINT('',(5.637341421427E+03,-880.7231072471));
#12623 = CARTESIAN_POINT('',(188.85760311403,-1.009269187176E+03));
#12624 = ( GEOMETRIC_REPRESENTATION_CONTEXT(2) 
PARAMETRIC_REPRESENTATION_CONTEXT() REPRESENTATION_CONTEXT('2D SPACE',''
  ) );
#12625 = PCURVE('',#748,#12626);
#12626 = DEFINITIONAL_REPRESENTATION('',(#12627),#12630);
#12627 = B_SPLINE_CURVE_WITH_KNOTS('',1,(#12628,#12629),.UNSPECIFIED.,
  .F.,.F.,(2,2),(74.9999994,5.5250000006E+03),.PIECEWISE_BEZIER_KNOTS.);
#12628 = CARTESIAN_POINT('',(0.562536244544,74.9999994));
#12629 = CARTESIAN_POINT('',(0.562536244544,5.5250000006E+03));
#12630 = ( GEOMETRIC_REPRESENTATION_CONTEXT(2) 
PARAMETRIC_REPRESENTATION_CONTEXT() REPRESENTATION_CONTEXT('2D SPACE',''
  ) );
#12631 = ORIENTED_EDGE('',*,*,#836,.F.);
#12632 = ADVANCED_FACE('',(#12633),#748,.T.);
#12633 = FACE_BOUND('',#12634,.T.);
#12634 = EDGE_LOOP('',(#12635,#12636,#12637,#12638,#12639,#12640,#12661,
    #12662));
#12635 = ORIENTED_EDGE('',*,*,#10832,.F.);
#12636 = ORIENTED_EDGE('',*,*,#12588,.T.);
#12637 = ORIENTED_EDGE('',*,*,#910,.F.);
#12638 = ORIENTED_EDGE('',*,*,#12613,.T.);
#12639 = ORIENTED_EDGE('',*,*,#580,.F.);
#12640 = ORIENTED_EDGE('',*,*,#12641,.T.);
#12641 = EDGE_CURVE('',#514,#10676,#12642,.T.);
#12642 = SURFACE_CURVE('',#12643,(#12647,#12654),.PCURVE_S1.);
#12643 = LINE('',#12644,#12645);
#12644 = CARTESIAN_POINT('',(-2.65E+03,-950.,815.));
#12645 = VECTOR('',#12646,1.);
#12646 = DIRECTION('',(1.,0.,0.));
#12647 = PCURVE('',#748,#12648);
#12648 = DEFINITIONAL_REPRESENTATION('',(#12649),#12653);
#12649 = LINE('',#12650,#12651);
#12650 = CARTESIAN_POINT('',(1.570796326795,0.));
#12651 = VECTOR('',#12652,1.);
#12652 = DIRECTION('',(0.,1.));
#12653 = ( GEOMETRIC_REPRESENTATION_CONTEXT(2) 
PARAMETRIC_REPRESENTATION_CONTEXT() REPRESENTATION_CONTEXT('2D SPACE',''
  ) );
#12654 = PCURVE('',#555,#12655);
#12655 = DEFINITIONAL_REPRESENTATION('',(#12656),#12660);
#12656 = LINE('',#12657,#12658);
#12657 = CARTESIAN_POINT('',(0.,75.));
#12658 = VECTOR('',#12659,1.);
#12659 = DIRECTION('',(1.,0.));
#12660 = ( GEOMETRIC_REPRESENTATION_CONTEXT(2) 
PARAMETRIC_REPRESENTATION_CONTEXT() REPRESENTATION_CONTEXT('2D SPACE',''
  ) );
#12661 = ORIENTED_EDGE('',*,*,#10699,.T.);
#12662 = ORIENTED_EDGE('',*,*,#10575,.F.);
#12663 = ADVANCED_FACE('',(#12664),#555,.F.);
#12664 = FACE_BOUND('',#12665,.F.);
#12665 = EDGE_LOOP('',(#12666,#12667,#12668));
#12666 = ORIENTED_EDGE('',*,*,#513,.T.);
#12667 = ORIENTED_EDGE('',*,*,#12641,.T.);
#12668 = ORIENTED_EDGE('',*,*,#12669,.T.);
#12669 = EDGE_CURVE('',#10676,#300,#12670,.T.);
#12670 = SURFACE_CURVE('',#12671,(#12675,#12682),.PCURVE_S1.);
#12671 = LINE('',#12672,#12673);
#12672 = CARTESIAN_POINT('',(2.875E+03,-1.025E+03,815.));
#12673 = VECTOR('',#12674,1.);
#12674 = DIRECTION('',(0.,1.,0.));
#12675 = PCURVE('',#555,#12676);
#12676 = DEFINITIONAL_REPRESENTATION('',(#12677),#12681);
#12677 = LINE('',#12678,#12679);
#12678 = CARTESIAN_POINT('',(5.525E+03,0.));
#12679 = VECTOR('',#12680,1.);
#12680 = DIRECTION('',(0.,1.));
#12681 = ( GEOMETRIC_REPRESENTATION_CONTEXT(2) 
PARAMETRIC_REPRESENTATION_CONTEXT() REPRESENTATION_CONTEXT('2D SPACE',''
  ) );
#12682 = PCURVE('',#439,#12683);
#12683 = DEFINITIONAL_REPRESENTATION('',(#12684),#12688);
#12684 = LINE('',#12685,#12686);
#12685 = CARTESIAN_POINT('',(1.570796326795,0.));
#12686 = VECTOR('',#12687,1.);
#12687 = DIRECTION('',(0.,1.));
#12688 = ( GEOMETRIC_REPRESENTATION_CONTEXT(2) 
PARAMETRIC_REPRESENTATION_CONTEXT() REPRESENTATION_CONTEXT('2D SPACE',''
  ) );
#12689 = ADVANCED_FACE('',(#12690),#439,.T.);
#12690 = FACE_BOUND('',#12691,.T.);
#12691 = EDGE_LOOP('',(#12692,#12693,#12694,#12695,#12714,#12715,#12716,
    #12717));
#12692 = ORIENTED_EDGE('',*,*,#10675,.F.);
#12693 = ORIENTED_EDGE('',*,*,#12669,.T.);
#12694 = ORIENTED_EDGE('',*,*,#299,.F.);
#12695 = ORIENTED_EDGE('',*,*,#12696,.T.);
#12696 = EDGE_CURVE('',#226,#2441,#12697,.T.);
#12697 = SURFACE_CURVE('',#12698,(#12702,#12708),.PCURVE_S1.);
#12698 = LINE('',#12699,#12700);
#12699 = CARTESIAN_POINT('',(2.938442887702E+03,-1.025E+03,850.));
#12700 = VECTOR('',#12701,1.);
#12701 = DIRECTION('',(0.,1.,0.));
#12702 = PCURVE('',#439,#12703);
#12703 = DEFINITIONAL_REPRESENTATION('',(#12704),#12707);
#12704 = B_SPLINE_CURVE_WITH_KNOTS('',1,(#12705,#12706),.UNSPECIFIED.,
  .F.,.F.,(2,2),(74.9999994,1.9750000006E+03),.PIECEWISE_BEZIER_KNOTS.);
#12705 = CARTESIAN_POINT('',(0.562536244544,74.9999994));
#12706 = CARTESIAN_POINT('',(0.562536244544,1.9750000006E+03));
#12707 = ( GEOMETRIC_REPRESENTATION_CONTEXT(2) 
PARAMETRIC_REPRESENTATION_CONTEXT() REPRESENTATION_CONTEXT('2D SPACE',''
  ) );
#12708 = PCURVE('',#264,#12709);
#12709 = DEFINITIONAL_REPRESENTATION('',(#12710),#12713);
#12710 = B_SPLINE_CURVE_WITH_KNOTS('',1,(#12711,#12712),.UNSPECIFIED.,
  .F.,.F.,(2,2),(74.9999994,1.9750000006E+03),.PIECEWISE_BEZIER_KNOTS.);
#12711 = CARTESIAN_POINT('',(123.9359741008,-947.3403414412));
#12712 = CARTESIAN_POINT('',(79.121744382509,952.13108223822));
#12713 = ( GEOMETRIC_REPRESENTATION_CONTEXT(2) 
PARAMETRIC_REPRESENTATION_CONTEXT() REPRESENTATION_CONTEXT('2D SPACE',''
  ) );
#12714 = ORIENTED_EDGE('',*,*,#2440,.F.);
#12715 = ORIENTED_EDGE('',*,*,#8379,.T.);
#12716 = ORIENTED_EDGE('',*,*,#8540,.T.);
#12717 = ORIENTED_EDGE('',*,*,#12447,.F.);
#12718 = ADVANCED_FACE('',(#12719),#264,.F.);
#12719 = FACE_BOUND('',#12720,.F.);
#12720 = EDGE_LOOP('',(#12721,#12722,#12723));
#12721 = ORIENTED_EDGE('',*,*,#2649,.F.);
#12722 = ORIENTED_EDGE('',*,*,#225,.F.);
#12723 = ORIENTED_EDGE('',*,*,#12696,.T.);
#12724 = ADVANCED_FACE('',(#12725),#189,.T.);
#12725 = FACE_BOUND('',#12726,.T.);
#12726 = EDGE_LOOP('',(#12727));
#12727 = ORIENTED_EDGE('',*,*,#152,.F.);
#12728 = ( GEOMETRIC_REPRESENTATION_CONTEXT(3) 
GLOBAL_UNCERTAINTY_ASSIGNED_CONTEXT((#12732)) 
GLOBAL_UNIT_ASSIGNED_CONTEXT((#12729,#12730,#12731)) 
REPRESENTATION_CONTEXT('Context #1',
  '3D Context with UNIT and UNCERTAINTY') );
#12729 = ( LENGTH_UNIT() NAMED_UNIT(*) SI_UNIT(.MILLI.,.METRE.) );
#12730 = ( NAMED_UNIT(*) PLANE_ANGLE_UNIT() SI_UNIT($,.RADIAN.) );
#12731 = ( NAMED_UNIT(*) SI_UNIT($,.STERADIAN.) SOLID_ANGLE_UNIT() );
#12732 = UNCERTAINTY_MEASURE_WITH_UNIT(LENGTH_MEASURE(5.E-07),#12729,
  'distance_accuracy_value','confusion accuracy');
#12733 = PRODUCT_RELATED_PRODUCT_CATEGORY('part',$,(#7));
ENDSEC;
END-ISO-10303-21;
